job_name	json_path	group	backbone	sequence_id	chainA_length	chainB_length	rap_sasa_burial_fraction	rap_atom_buried_fraction	ligand_confidence	overall_confidence	final_score
RAPCID_backbone_rapcid_backbone_71_model_3_seq3_plusRAP	/scratch/a2149a01/RAPCID_2610_output/af3_plusRAP_inputs/RAPCID_backbone_rapcid_backbone_71_model_3_seq3_plusRAP.json	backbone_long	RAPCID_backbone_rapcid_backbone_71_model_3	3	37	43	0.6386977992454641	0.5535714285714286	0.4017	0.2841	0.5857374223588716
RAPCID_backbone_rapcid_backbone_71_model_3_seq3_plusRAP	/scratch/a2149a01/RAPCID_2610_output/af3_plusRAP_inputs/RAPCID_backbone_rapcid_backbone_71_model_3_seq3_plusRAP.json	backbone_denovo	RAPCID_backbone_rapcid_backbone_71_model_3	3	37	43	0.3057752123930748	0.21818181818181817	0.4017	0.2841	0.29096374456678264
RAPCID_backbone_rapcid_backbone_129_model_1_seq4_plusRAP	/scratch/a2149a01/RAPCID_2610_output/af3_plusRAP_inputs/RAPCID_backbone_rapcid_backbone_129_model_1_seq4_plusRAP.json	backbone_long	RAPCID_backbone_rapcid_backbone_129_model_1	4	32	51	0.5939459595292287	0.4909090909090909	0.4579	0.3214	0.5407518434043146
RAPCID_backbone_rapcid_backbone_129_model_1_seq6_plusRAP	/scratch/a2149a01/RAPCID_2610_output/af3_plusRAP_inputs/RAPCID_backbone_rapcid_backbone_129_model_1_seq6_plusRAP.json	backbone_long	RAPCID_backbone_rapcid_backbone_129_model_1	6	32	51	0.5939459595292287	0.4909090909090909	0.4575	0.3085	0.5400668434043145
RAPCID_backbone_rapcid_backbone_216_model_0_seq8_plusRAP	/scratch/a2149a01/RAPCID_2610_output/af3_plusRAP_inputs/RAPCID_backbone_rapcid_backbone_216_model_0_seq8_plusRAP.json	backbone	RAPCID_backbone_rapcid_backbone_216_model_0	8	38	36	0.551374988816449	0.43859649122807015	0.4296	0.3627	0.4966406455521974
RAPCID_backbone_rapcid_backbone_216_model_0_seq6_plusRAP	/scratch/a2149a01/RAPCID_2610_output/af3_plusRAP_inputs/RAPCID_backbone_rapcid_backbone_216_model_0_seq6_plusRAP.json	backbone	RAPCID_backbone_rapcid_backbone_216_model_0	6	38	36	0.551374988816449	0.43859649122807015	0.4186	0.3703	0.4959206455521974
RAPCID_backbone_rapcid_backbone_209_model_5_seq2_plusRAP	/scratch/a2149a01/RAPCID_2610_output/af3_plusRAP_inputs/RAPCID_backbone_rapcid_backbone_209_model_5_seq2_plusRAP.json	backbone_long	RAPCID_backbone_rapcid_backbone_209_model_5	2	38	49	0.55096212812606	0.48214285714285715	0.4578	0.3304	0.5307686719424413
RAPCID_backbone_rapcid_backbone_209_model_5_seq1_plusRAP	/scratch/a2149a01/RAPCID_2610_output/af3_plusRAP_inputs/RAPCID_backbone_rapcid_backbone_209_model_5_seq1_plusRAP.json	backbone_long	RAPCID_backbone_rapcid_backbone_209_model_5	1	38	49	0.55096212812606	0.48214285714285715	0.4464	0.3215	0.5291836719424412
RAPCID_backbone_rapcid_backbone_172_model_3_seq8_plusRAP	/scratch/a2149a01/RAPCID_2610_output/af3_plusRAP_inputs/RAPCID_backbone_rapcid_backbone_172_model_3_seq8_plusRAP.json	backbone	RAPCID_backbone_rapcid_backbone_172_model_3	8	37	34	0.5467652812174351	0.4074074074074074	0.486	0.4305	0.4957990061774754
RAPCID_backbone_rapcid_backbone_172_model_3_seq8_plusRAP	/scratch/a2149a01/RAPCID_2610_output/af3_plusRAP_inputs/RAPCID_backbone_rapcid_backbone_172_model_3_seq8_plusRAP.json	backbone_long	RAPCID_backbone_rapcid_backbone_172_model_3	8	37	34	0.3222855870709941	0.16666666666666666	0.486	0.4305	0.3012646252930584
RAPCID_backbone_rapcid_backbone_209_model_2_seq5_plusRAP	/scratch/a2149a01/RAPCID_2610_output/af3_plusRAP_inputs/RAPCID_backbone_rapcid_backbone_209_model_2_seq5_plusRAP.json	backbone_long	RAPCID_backbone_rapcid_backbone_209_model_2	5	38	49	0.53921507076199	0.4107142857142857	0.4635	0.4245	0.5073447977159115
RAPCID_backbone_rapcid_backbone_209_model_2_seq7_plusRAP	/scratch/a2149a01/RAPCID_2610_output/af3_plusRAP_inputs/RAPCID_backbone_rapcid_backbone_209_model_2_seq7_plusRAP.json	backbone_long	RAPCID_backbone_rapcid_backbone_209_model_2	7	38	49	0.53921507076199	0.4107142857142857	0.4196	0.4054	0.5019997977159114
RAPCID_backbone_rapcid_backbone_167_model_6_seq6_plusRAP	/scratch/a2149a01/RAPCID_2610_output/af3_plusRAP_inputs/RAPCID_backbone_rapcid_backbone_167_model_6_seq6_plusRAP.json	backbone_long	RAPCID_backbone_rapcid_backbone_167_model_6	6	45	30	0.5391556719109029	0.3333333333333333	0.346	0.3248	0.44346005235990626
RAPCID_backbone_rapcid_backbone_167_model_6_seq7_plusRAP	/scratch/a2149a01/RAPCID_2610_output/af3_plusRAP_inputs/RAPCID_backbone_rapcid_backbone_167_model_6_seq7_plusRAP.json	backbone_long	RAPCID_backbone_rapcid_backbone_167_model_6	7	45	30	0.5391556719109029	0.3333333333333333	0.3435	0.3373	0.4438350523599063
RAPCID_backbone_rapcid_backbone_125_model_6_seq2_plusRAP	/scratch/a2149a01/RAPCID_2610_output/af3_plusRAP_inputs/RAPCID_backbone_rapcid_backbone_125_model_6_seq2_plusRAP.json	backbone_long	RAPCID_backbone_rapcid_backbone_125_model_6	2	45	37	0.5264982246388685	0.43859649122807015	0.3712	0.3427	0.47305054611673064
RAPCID_backbone_rapcid_backbone_125_model_6_seq8_plusRAP	/scratch/a2149a01/RAPCID_2610_output/af3_plusRAP_inputs/RAPCID_backbone_rapcid_backbone_125_model_6_seq8_plusRAP.json	backbone_long	RAPCID_backbone_rapcid_backbone_125_model_6	8	45	37	0.5264982246388685	0.43859649122807015	0.3695	0.3392	0.4727055461167306
RAPCID_backbone_rapcid_backbone_149_model_0_seq3_plusRAP	/scratch/a2149a01/RAPCID_2610_output/af3_plusRAP_inputs/RAPCID_backbone_rapcid_backbone_149_model_0_seq3_plusRAP.json	backbone_long	RAPCID_backbone_rapcid_backbone_149_model_0	3	33	48	0.5235984222531354	0.36363636363636365	0.4044	0.2848	0.4589861587007796
RAPCID_backbone_rapcid_backbone_149_model_0_seq1_plusRAP	/scratch/a2149a01/RAPCID_2610_output/af3_plusRAP_inputs/RAPCID_backbone_rapcid_backbone_149_model_0_seq1_plusRAP.json	backbone_long	RAPCID_backbone_rapcid_backbone_149_model_0	1	33	48	0.5235984222531354	0.36363636363636365	0.3916	0.3355	0.46024115870077964
RAPCID_backbone_rapcid_backbone_88_model_2_seq6_plusRAP	/scratch/a2149a01/RAPCID_2610_output/af3_plusRAP_inputs/RAPCID_backbone_rapcid_backbone_88_model_2_seq6_plusRAP.json	backbone_long	RAPCID_backbone_rapcid_backbone_88_model_2	6	44	33	0.520908289940206	0.41818181818181815	0.3995	0.2971	0.4659814072407694
RAPCID_backbone_rapcid_backbone_88_model_2_seq1_plusRAP	/scratch/a2149a01/RAPCID_2610_output/af3_plusRAP_inputs/RAPCID_backbone_rapcid_backbone_88_model_2_seq1_plusRAP.json	backbone_long	RAPCID_backbone_rapcid_backbone_88_model_2	1	44	33	0.520908289940206	0.41818181818181815	0.3831	0.3195	0.46546140724076945
RAPCID_backbone_rapcid_backbone_124_model_1_seq7_plusRAP	/scratch/a2149a01/RAPCID_2610_output/af3_plusRAP_inputs/RAPCID_backbone_rapcid_backbone_124_model_1_seq7_plusRAP.json	backbone_denovo	RAPCID_backbone_rapcid_backbone_124_model_1	7	61	47	0.518180280884962	0.4	0.5481	0.4904	0.5014000152871219
RAPCID_backbone_rapcid_backbone_124_model_1_seq6_plusRAP	/scratch/a2149a01/RAPCID_2610_output/af3_plusRAP_inputs/RAPCID_backbone_rapcid_backbone_124_model_1_seq6_plusRAP.json	backbone_denovo	RAPCID_backbone_rapcid_backbone_124_model_1	6	61	47	0.518180280884962	0.4	0.5421	0.5045	0.5015050152871219
RAPCID_backbone_rapcid_backbone_231_model_1_seq8_plusRAP	/scratch/a2149a01/RAPCID_2610_output/af3_plusRAP_inputs/RAPCID_backbone_rapcid_backbone_231_model_1_seq8_plusRAP.json	backbone_long	RAPCID_backbone_rapcid_backbone_231_model_1	8	45	47	0.5161278388374319	0.3333333333333333	0.4238	0.2805	0.43310697192128883
RAPCID_backbone_rapcid_backbone_231_model_1_seq5_plusRAP	/scratch/a2149a01/RAPCID_2610_output/af3_plusRAP_inputs/RAPCID_backbone_rapcid_backbone_231_model_1_seq5_plusRAP.json	backbone_long	RAPCID_backbone_rapcid_backbone_231_model_1	5	45	47	0.5161278388374319	0.3333333333333333	0.4176	0.2865	0.4327869719212888
RAPCID_backbone_rapcid_backbone_29_model_1_seq4_plusRAP	/scratch/a2149a01/RAPCID_2610_output/af3_plusRAP_inputs/RAPCID_backbone_rapcid_backbone_29_model_1_seq4_plusRAP.json	backbone_long	RAPCID_backbone_rapcid_backbone_29_model_1	4	48	48	0.5121979456718719	0.4727272727272727	0.3871	0.3049	0.49151478262304943
RAPCID_backbone_rapcid_backbone_29_model_1_seq7_plusRAP	/scratch/a2149a01/RAPCID_2610_output/af3_plusRAP_inputs/RAPCID_backbone_rapcid_backbone_29_model_1_seq7_plusRAP.json	backbone_long	RAPCID_backbone_rapcid_backbone_29_model_1	7	48	48	0.5121979456718719	0.4727272727272727	0.3831	0.3491	0.4933247826230494
RAPCID_backbone_rapcid_backbone_92_model_6_seq3_plusRAP	/scratch/a2149a01/RAPCID_2610_output/af3_plusRAP_inputs/RAPCID_backbone_rapcid_backbone_92_model_6_seq3_plusRAP.json	backbone_long	RAPCID_backbone_rapcid_backbone_92_model_6	3	33	48	0.5062730179041472	0.34545454545454546	0.4462	0.3808	0.44451316108716926
RAPCID_backbone_rapcid_backbone_92_model_6_seq1_plusRAP	/scratch/a2149a01/RAPCID_2610_output/af3_plusRAP_inputs/RAPCID_backbone_rapcid_backbone_92_model_6_seq1_plusRAP.json	backbone_long	RAPCID_backbone_rapcid_backbone_92_model_6	1	33	48	0.5062730179041472	0.34545454545454546	0.4371	0.385	0.4438131610871693
RAPCID_backbone_rapcid_backbone_132_model_2_seq5_plusRAP	/scratch/a2149a01/RAPCID_2610_output/af3_plusRAP_inputs/RAPCID_backbone_rapcid_backbone_132_model_2_seq5_plusRAP.json	backbone	RAPCID_backbone_rapcid_backbone_132_model_2	5	22	26	0.5020891428278194	0.38596491228070173	0.3743	0.375	0.4397224534538053
RAPCID_backbone_rapcid_backbone_132_model_2_seq8_plusRAP	/scratch/a2149a01/RAPCID_2610_output/af3_plusRAP_inputs/RAPCID_backbone_rapcid_backbone_132_model_2_seq8_plusRAP.json	backbone	RAPCID_backbone_rapcid_backbone_132_model_2	8	22	26	0.5020891428278194	0.38596491228070173	0.3655	0.3772	0.4389524534538053
RAPCID_backbone_rapcid_backbone_209_model_6_seq6_plusRAP	/scratch/a2149a01/RAPCID_2610_output/af3_plusRAP_inputs/RAPCID_backbone_rapcid_backbone_209_model_6_seq6_plusRAP.json	backbone_long	RAPCID_backbone_rapcid_backbone_209_model_6	6	38	49	0.5007361050869736	0.4107142857142857	0.4069	0.3148	0.44555092982882066
RAPCID_backbone_rapcid_backbone_209_model_6_seq8_plusRAP	/scratch/a2149a01/RAPCID_2610_output/af3_plusRAP_inputs/RAPCID_backbone_rapcid_backbone_209_model_6_seq8_plusRAP.json	backbone_long	RAPCID_backbone_rapcid_backbone_209_model_6	8	38	49	0.5007361050869736	0.4107142857142857	0.398	0.3713	0.4474859298288207
RAPCID_backbone_rapcid_backbone_66_model_3_seq6_plusRAP	/scratch/a2149a01/RAPCID_2610_output/af3_plusRAP_inputs/RAPCID_backbone_rapcid_backbone_66_model_3_seq6_plusRAP.json	backbone_long	RAPCID_backbone_rapcid_backbone_66_model_3	6	33	48	0.49517356818501657	0.43636363636363634	0.4877	0.3791	0.4718662369963887
RAPCID_backbone_rapcid_backbone_66_model_3_seq5_plusRAP	/scratch/a2149a01/RAPCID_2610_output/af3_plusRAP_inputs/RAPCID_backbone_rapcid_backbone_66_model_3_seq5_plusRAP.json	backbone_long	RAPCID_backbone_rapcid_backbone_66_model_3	5	33	48	0.49517356818501657	0.43636363636363634	0.4877	0.3648	0.47115123699638867
RAPCID_backbone_rapcid_backbone_229_model_3_seq2_plusRAP	/scratch/a2149a01/RAPCID_2610_output/af3_plusRAP_inputs/RAPCID_backbone_rapcid_backbone_229_model_3_seq2_plusRAP.json	backbone_long	RAPCID_backbone_rapcid_backbone_229_model_3	2	31	47	0.48887198175423585	0.2857142857142857	0.4	0.3577	0.41041707432908864
RAPCID_backbone_rapcid_backbone_229_model_3_seq3_plusRAP	/scratch/a2149a01/RAPCID_2610_output/af3_plusRAP_inputs/RAPCID_backbone_rapcid_backbone_229_model_3_seq3_plusRAP.json	backbone_long	RAPCID_backbone_rapcid_backbone_229_model_3	3	31	47	0.48887198175423585	0.2857142857142857	0.3708	0.3216	0.40569207432908866
RAPCID_backbone_rapcid_backbone_140_model_4_seq3_plusRAP	/scratch/a2149a01/RAPCID_2610_output/af3_plusRAP_inputs/RAPCID_backbone_rapcid_backbone_140_model_4_seq3_plusRAP.json	backbone	RAPCID_backbone_rapcid_backbone_140_model_4	3	43	33	0.487775548170027	0.3392857142857143	0.3787	0.3185	0.43589320302571855
RAPCID_backbone_rapcid_backbone_140_model_4_seq4_plusRAP	/scratch/a2149a01/RAPCID_2610_output/af3_plusRAP_inputs/RAPCID_backbone_rapcid_backbone_140_model_4_seq4_plusRAP.json	backbone	RAPCID_backbone_rapcid_backbone_140_model_4	4	43	33	0.487775548170027	0.3392857142857143	0.3757	0.3134	0.4353382030257185
RAPCID_backbone_rapcid_backbone_1_model_2_seq2_plusRAP	/scratch/a2149a01/RAPCID_2610_output/af3_plusRAP_inputs/RAPCID_backbone_rapcid_backbone_1_model_2_seq2_plusRAP.json	backbone_long	RAPCID_backbone_rapcid_backbone_1_model_2	2	29	32	0.5499030456422218	0.48214285714285715	0.3803	0.38	0.5250220848247141
RAPCID_backbone_rapcid_backbone_1_model_2_seq2_plusRAP	/scratch/a2149a01/RAPCID_2610_output/af3_plusRAP_inputs/RAPCID_backbone_rapcid_backbone_1_model_2_seq2_plusRAP.json	backbone	RAPCID_backbone_rapcid_backbone_1_model_2	2	29	32	0.4853995089639226	0.38181818181818183	0.3803	0.38	0.4375809911549773
RAPCID_backbone_rapcid_backbone_103_model_4_seq7_plusRAP	/scratch/a2149a01/RAPCID_2610_output/af3_plusRAP_inputs/RAPCID_backbone_rapcid_backbone_103_model_4_seq7_plusRAP.json	backbone	RAPCID_backbone_rapcid_backbone_103_model_4	7	34	39	0.47800436659041357	0.2777777777777778	0.4053	0.3645	0.39330140941013053
RAPCID_backbone_rapcid_backbone_103_model_4_seq3_plusRAP	/scratch/a2149a01/RAPCID_2610_output/af3_plusRAP_inputs/RAPCID_backbone_rapcid_backbone_103_model_4_seq3_plusRAP.json	backbone	RAPCID_backbone_rapcid_backbone_103_model_4	3	34	39	0.47800436659041357	0.2777777777777778	0.3945	0.3342	0.3907064094101305
RAPCID_backbone_rapcid_backbone_129_model_4_seq7_plusRAP	/scratch/a2149a01/RAPCID_2610_output/af3_plusRAP_inputs/RAPCID_backbone_rapcid_backbone_129_model_4_seq7_plusRAP.json	backbone_long	RAPCID_backbone_rapcid_backbone_129_model_4	7	32	51	0.4765763208246043	0.45454545454545453	0.5021	0.3817	0.4585018191185467
RAPCID_backbone_rapcid_backbone_129_model_4_seq6_plusRAP	/scratch/a2149a01/RAPCID_2610_output/af3_plusRAP_inputs/RAPCID_backbone_rapcid_backbone_129_model_4_seq6_plusRAP.json	backbone_long	RAPCID_backbone_rapcid_backbone_129_model_4	6	32	51	0.4765763208246043	0.45454545454545453	0.4716	0.377	0.45521681911854667
RAPCID_backbone_rapcid_backbone_166_model_4_seq3_plusRAP	/scratch/a2149a01/RAPCID_2610_output/af3_plusRAP_inputs/RAPCID_backbone_rapcid_backbone_166_model_4_seq3_plusRAP.json	backbone_long	RAPCID_backbone_rapcid_backbone_166_model_4	3	50	37	0.4694971872839917	0.375	0.4213	0.311	0.44048151205557406
RAPCID_backbone_rapcid_backbone_166_model_4_seq4_plusRAP	/scratch/a2149a01/RAPCID_2610_output/af3_plusRAP_inputs/RAPCID_backbone_rapcid_backbone_166_model_4_seq4_plusRAP.json	backbone_long	RAPCID_backbone_rapcid_backbone_166_model_4	4	50	37	0.4694971872839917	0.375	0.4152	0.3126	0.43995151205557403
RAPCID_backbone_rapcid_backbone_231_model_3_seq5_plusRAP	/scratch/a2149a01/RAPCID_2610_output/af3_plusRAP_inputs/RAPCID_backbone_rapcid_backbone_231_model_3_seq5_plusRAP.json	backbone_long	RAPCID_backbone_rapcid_backbone_231_model_3	5	45	47	0.4688727546300723	0.38596491228070173	0.4482	0.4209	0.44557118987593014
RAPCID_backbone_rapcid_backbone_231_model_3_seq4_plusRAP	/scratch/a2149a01/RAPCID_2610_output/af3_plusRAP_inputs/RAPCID_backbone_rapcid_backbone_231_model_3_seq4_plusRAP.json	backbone_long	RAPCID_backbone_rapcid_backbone_231_model_3	4	45	47	0.4688727546300723	0.38596491228070173	0.4474	0.393	0.4440961898759302
RAPCID_backbone_rapcid_backbone_174_model_2_seq5_plusRAP	/scratch/a2149a01/RAPCID_2610_output/af3_plusRAP_inputs/RAPCID_backbone_rapcid_backbone_174_model_2_seq5_plusRAP.json	backbone	RAPCID_backbone_rapcid_backbone_174_model_2	5	44	30	0.4616412706614026	0.3157894736842105	0.4275	0.3808	0.42069816244090597
RAPCID_backbone_rapcid_backbone_174_model_2_seq7_plusRAP	/scratch/a2149a01/RAPCID_2610_output/af3_plusRAP_inputs/RAPCID_backbone_rapcid_backbone_174_model_2_seq7_plusRAP.json	backbone	RAPCID_backbone_rapcid_backbone_174_model_2	7	44	30	0.4616412706614026	0.3157894736842105	0.4224	0.3951	0.420903162440906
RAPCID_backbone_rapcid_backbone_73_model_7_seq7_plusRAP	/scratch/a2149a01/RAPCID_2610_output/af3_plusRAP_inputs/RAPCID_backbone_rapcid_backbone_73_model_7_seq7_plusRAP.json	backbone_long	RAPCID_backbone_rapcid_backbone_73_model_7	7	40	33	0.45874854021634437	0.2962962962962963	0.5179	0.3701	0.4119170282825402
RAPCID_backbone_rapcid_backbone_73_model_7_seq4_plusRAP	/scratch/a2149a01/RAPCID_2610_output/af3_plusRAP_inputs/RAPCID_backbone_rapcid_backbone_73_model_7_seq4_plusRAP.json	backbone_long	RAPCID_backbone_rapcid_backbone_73_model_7	4	40	33	0.45874854021634437	0.2962962962962963	0.5105	0.3735	0.41134702828254016
RAPCID_backbone_rapcid_backbone_75_model_7_seq4_plusRAP	/scratch/a2149a01/RAPCID_2610_output/af3_plusRAP_inputs/RAPCID_backbone_rapcid_backbone_75_model_7_seq4_plusRAP.json	backbone_long	RAPCID_backbone_rapcid_backbone_75_model_7	4	56	35	0.4578244040335714	0.37037037037037035	0.3369	0.3091	0.40886968551881087
RAPCID_backbone_rapcid_backbone_75_model_7_seq2_plusRAP	/scratch/a2149a01/RAPCID_2610_output/af3_plusRAP_inputs/RAPCID_backbone_rapcid_backbone_75_model_7_seq2_plusRAP.json	backbone_long	RAPCID_backbone_rapcid_backbone_75_model_7	2	56	35	0.4578244040335714	0.37037037037037035	0.3348	0.3063	0.4085196855188109
RAPCID_backbone_rapcid_backbone_46_model_4_seq7_plusRAP	/scratch/a2149a01/RAPCID_2610_output/af3_plusRAP_inputs/RAPCID_backbone_rapcid_backbone_46_model_4_seq7_plusRAP.json	backbone_long	RAPCID_backbone_rapcid_backbone_46_model_4	7	38	30	0.4548043958747904	0.39285714285714285	0.4161	0.3113	0.43227348608016364
RAPCID_backbone_rapcid_backbone_46_model_4_seq7_plusRAP	/scratch/a2149a01/RAPCID_2610_output/af3_plusRAP_inputs/RAPCID_backbone_rapcid_backbone_46_model_4_seq7_plusRAP.json	backbone	RAPCID_backbone_rapcid_backbone_46_model_4	7	38	30	0.27873194984165695	0.16363636363636364	0.4161	0.3113	0.2512912461156144
RAPCID_backbone_rapcid_backbone_69_model_3_seq2_plusRAP	/scratch/a2149a01/RAPCID_2610_output/af3_plusRAP_inputs/RAPCID_backbone_rapcid_backbone_69_model_3_seq2_plusRAP.json	backbone_long	RAPCID_backbone_rapcid_backbone_69_model_3	2	29	23	0.454355228417876	0.30357142857142855	0.4868	0.3815	0.414774376597568
RAPCID_backbone_rapcid_backbone_69_model_3_seq7_plusRAP	/scratch/a2149a01/RAPCID_2610_output/af3_plusRAP_inputs/RAPCID_backbone_rapcid_backbone_69_model_3_seq7_plusRAP.json	backbone_long	RAPCID_backbone_rapcid_backbone_69_model_3	7	29	23	0.454355228417876	0.30357142857142855	0.4865	0.3589	0.41361437659756795
RAPCID_backbone_rapcid_backbone_20_model_6_seq4_plusRAP	/scratch/a2149a01/RAPCID_2610_output/af3_plusRAP_inputs/RAPCID_backbone_rapcid_backbone_20_model_6_seq4_plusRAP.json	backbone_long	RAPCID_backbone_rapcid_backbone_20_model_6	4	34	33	0.4539329690319469	0.35714285714285715	0.3457	0.3052	0.42116332812786816
RAPCID_backbone_rapcid_backbone_20_model_6_seq7_plusRAP	/scratch/a2149a01/RAPCID_2610_output/af3_plusRAP_inputs/RAPCID_backbone_rapcid_backbone_20_model_6_seq7_plusRAP.json	backbone_long	RAPCID_backbone_rapcid_backbone_20_model_6	7	34	33	0.4539329690319469	0.35714285714285715	0.3424	0.2904	0.42009332812786815
RAPCID_backbone_rapcid_backbone_197_model_3_seq6_plusRAP	/scratch/a2149a01/RAPCID_2610_output/af3_plusRAP_inputs/RAPCID_backbone_rapcid_backbone_197_model_3_seq6_plusRAP.json	backbone	RAPCID_backbone_rapcid_backbone_197_model_3	6	27	38	0.4510555222562477	0.3508771929824561	0.4323	0.3231	0.4167459499275921
RAPCID_backbone_rapcid_backbone_197_model_3_seq6_plusRAP	/scratch/a2149a01/RAPCID_2610_output/af3_plusRAP_inputs/RAPCID_backbone_rapcid_backbone_197_model_3_seq6_plusRAP.json	backbone_long	RAPCID_backbone_rapcid_backbone_197_model_3	6	27	38	0.29586231174648303	0.18181818181818182	0.4323	0.3231	0.2713109190737961
RAPCID_backbone_rapcid_backbone_168_model_0_seq4_plusRAP	/scratch/a2149a01/RAPCID_2610_output/af3_plusRAP_inputs/RAPCID_backbone_rapcid_backbone_168_model_0_seq4_plusRAP.json	backbone_long	RAPCID_backbone_rapcid_backbone_168_model_0	4	24	40	0.4501261722370907	0.3090909090909091	0.3854	0.3959	0.40483117144608477
RAPCID_backbone_rapcid_backbone_168_model_0_seq7_plusRAP	/scratch/a2149a01/RAPCID_2610_output/af3_plusRAP_inputs/RAPCID_backbone_rapcid_backbone_168_model_0_seq7_plusRAP.json	backbone_long	RAPCID_backbone_rapcid_backbone_168_model_0	7	24	40	0.4501261722370907	0.3090909090909091	0.3742	0.3492	0.40137617144608473
RAPCID_backbone_rapcid_backbone_6_model_4_seq3_plusRAP	/scratch/a2149a01/RAPCID_2610_output/af3_plusRAP_inputs/RAPCID_backbone_rapcid_backbone_6_model_4_seq3_plusRAP.json	backbone	RAPCID_backbone_rapcid_backbone_6_model_4	3	32	31	0.44997230006006406	0.3148148148148148	0.4922	0.3989	0.40591179428628804
RAPCID_backbone_rapcid_backbone_6_model_4_seq7_plusRAP	/scratch/a2149a01/RAPCID_2610_output/af3_plusRAP_inputs/RAPCID_backbone_rapcid_backbone_6_model_4_seq7_plusRAP.json	backbone	RAPCID_backbone_rapcid_backbone_6_model_4	7	32	31	0.44997230006006406	0.3148148148148148	0.4748	0.3742	0.4029367942862881
RAPCID_backbone_rapcid_backbone_174_model_3_seq8_plusRAP	/scratch/a2149a01/RAPCID_2610_output/af3_plusRAP_inputs/RAPCID_backbone_rapcid_backbone_174_model_3_seq8_plusRAP.json	backbone	RAPCID_backbone_rapcid_backbone_174_model_3	8	44	30	0.4840745760426265	0.3684210526315789	0.4836	0.3748	0.43814993348818776
RAPCID_backbone_rapcid_backbone_174_model_3_seq8_plusRAP	/scratch/a2149a01/RAPCID_2610_output/af3_plusRAP_inputs/RAPCID_backbone_rapcid_backbone_174_model_3_seq8_plusRAP.json	backbone_long	RAPCID_backbone_rapcid_backbone_174_model_3	8	44	30	0.4496008417484053	0.34545454545454546	0.4836	0.3748	0.4224506818170854
RAPCID_backbone_rapcid_backbone_46_model_0_seq7_plusRAP	/scratch/a2149a01/RAPCID_2610_output/af3_plusRAP_inputs/RAPCID_backbone_rapcid_backbone_46_model_0_seq7_plusRAP.json	backbone_long	RAPCID_backbone_rapcid_backbone_46_model_0	7	34	33	0.4495245926444795	0.35714285714285715	0.4065	0.3714	0.4174584476423967
RAPCID_backbone_rapcid_backbone_46_model_0_seq7_plusRAP	/scratch/a2149a01/RAPCID_2610_output/af3_plusRAP_inputs/RAPCID_backbone_rapcid_backbone_46_model_0_seq7_plusRAP.json	backbone_denovo	RAPCID_backbone_rapcid_backbone_46_model_0	7	34	33	0.3074559041079976	0.24074074074074073	0.4065	0.3714	0.31331589758933964
RAPCID_backbone_rapcid_backbone_134_model_6_seq1_plusRAP	/scratch/a2149a01/RAPCID_2610_output/af3_plusRAP_inputs/RAPCID_backbone_rapcid_backbone_134_model_6_seq1_plusRAP.json	backbone_long	RAPCID_backbone_rapcid_backbone_134_model_6	1	56	42	0.4484546912898707	0.35714285714285715	0.4484	0.3486	0.42558254758837827
RAPCID_backbone_rapcid_backbone_134_model_6_seq8_plusRAP	/scratch/a2149a01/RAPCID_2610_output/af3_plusRAP_inputs/RAPCID_backbone_rapcid_backbone_134_model_6_seq8_plusRAP.json	backbone_long	RAPCID_backbone_rapcid_backbone_134_model_6	8	56	42	0.4484546912898707	0.35714285714285715	0.419	0.3429	0.4223575475883783
RAPCID_backbone_rapcid_backbone_12_model_6_seq4_plusRAP	/scratch/a2149a01/RAPCID_2610_output/af3_plusRAP_inputs/RAPCID_backbone_rapcid_backbone_12_model_6_seq4_plusRAP.json	backbone	RAPCID_backbone_rapcid_backbone_12_model_6	4	34	35	0.4479896844389859	0.35185185185185186	0.4434	0.3233	0.4111744320716177
RAPCID_backbone_rapcid_backbone_12_model_6_seq7_plusRAP	/scratch/a2149a01/RAPCID_2610_output/af3_plusRAP_inputs/RAPCID_backbone_rapcid_backbone_12_model_6_seq7_plusRAP.json	backbone	RAPCID_backbone_rapcid_backbone_12_model_6	7	34	35	0.4479896844389859	0.35185185185185186	0.4314	0.3215	0.40988443207161773
RAPCID_backbone_rapcid_backbone_127_model_4_seq1_plusRAP	/scratch/a2149a01/RAPCID_2610_output/af3_plusRAP_inputs/RAPCID_backbone_rapcid_backbone_127_model_4_seq1_plusRAP.json	backbone	RAPCID_backbone_rapcid_backbone_127_model_4	1	34	27	0.44659716589162246	0.32727272727272727	0.456	0.3246	0.4112835731360786
RAPCID_backbone_rapcid_backbone_127_model_4_seq1_plusRAP	/scratch/a2149a01/RAPCID_2610_output/af3_plusRAP_inputs/RAPCID_backbone_rapcid_backbone_127_model_4_seq1_plusRAP.json	backbone_long	RAPCID_backbone_rapcid_backbone_127_model_4	1	34	27	0.3089021431665814	0.14545454545454545	0.456	0.3246	0.2705329341219313
RAPCID_backbone_rapcid_backbone_70_model_4_seq1_plusRAP	/scratch/a2149a01/RAPCID_2610_output/af3_plusRAP_inputs/RAPCID_backbone_rapcid_backbone_70_model_4_seq1_plusRAP.json	backbone_long	RAPCID_backbone_rapcid_backbone_70_model_4	1	26	26	0.4444532586889245	0.3392857142857143	0.4644	0.3208	0.4084165060925557
RAPCID_backbone_rapcid_backbone_70_model_4_seq3_plusRAP	/scratch/a2149a01/RAPCID_2610_output/af3_plusRAP_inputs/RAPCID_backbone_rapcid_backbone_70_model_4_seq3_plusRAP.json	backbone_long	RAPCID_backbone_rapcid_backbone_70_model_4	3	26	26	0.4444532586889245	0.3392857142857143	0.452	0.2905	0.40566150609255575
RAPCID_backbone_rapcid_backbone_137_model_3_seq6_plusRAP	/scratch/a2149a01/RAPCID_2610_output/af3_plusRAP_inputs/RAPCID_backbone_rapcid_backbone_137_model_3_seq6_plusRAP.json	backbone_long	RAPCID_backbone_rapcid_backbone_137_model_3	6	38	51	0.4417206945440365	0.34545454545454546	0.4574	0.3485	0.3983029489084528
RAPCID_backbone_rapcid_backbone_137_model_3_seq2_plusRAP	/scratch/a2149a01/RAPCID_2610_output/af3_plusRAP_inputs/RAPCID_backbone_rapcid_backbone_137_model_3_seq2_plusRAP.json	backbone_long	RAPCID_backbone_rapcid_backbone_137_model_3	2	38	51	0.4417206945440365	0.34545454545454546	0.442	0.3484	0.3967579489084528
RAPCID_backbone_rapcid_backbone_179_model_7_seq4_plusRAP	/scratch/a2149a01/RAPCID_2610_output/af3_plusRAP_inputs/RAPCID_backbone_rapcid_backbone_179_model_7_seq4_plusRAP.json	backbone	RAPCID_backbone_rapcid_backbone_179_model_7	4	38	34	0.4399175184559607	0.30357142857142855	0.3546	0.2942	0.37958129600359497
RAPCID_backbone_rapcid_backbone_179_model_7_seq3_plusRAP	/scratch/a2149a01/RAPCID_2610_output/af3_plusRAP_inputs/RAPCID_backbone_rapcid_backbone_179_model_7_seq3_plusRAP.json	backbone	RAPCID_backbone_rapcid_backbone_179_model_7	3	38	34	0.4399175184559607	0.30357142857142855	0.3444	0.304	0.379051296003595
RAPCID_backbone_rapcid_backbone_214_model_4_seq2_plusRAP	/scratch/a2149a01/RAPCID_2610_output/af3_plusRAP_inputs/RAPCID_backbone_rapcid_backbone_214_model_4_seq2_plusRAP.json	backbone_long	RAPCID_backbone_rapcid_backbone_214_model_4	2	47	33	0.43964763526397743	0.3392857142857143	0.3799	0.2934	0.390878419995774
RAPCID_backbone_rapcid_backbone_214_model_4_seq1_plusRAP	/scratch/a2149a01/RAPCID_2610_output/af3_plusRAP_inputs/RAPCID_backbone_rapcid_backbone_214_model_4_seq1_plusRAP.json	backbone_long	RAPCID_backbone_rapcid_backbone_214_model_4	1	47	33	0.43964763526397743	0.3392857142857143	0.3776	0.314	0.39167841999577396
RAPCID_backbone_rapcid_backbone_155_model_2_seq7_plusRAP	/scratch/a2149a01/RAPCID_2610_output/af3_plusRAP_inputs/RAPCID_backbone_rapcid_backbone_155_model_2_seq7_plusRAP.json	backbone_long	RAPCID_backbone_rapcid_backbone_155_model_2	7	41	22	0.4392046782976755	0.3333333333333333	0.3544	0.3064	0.38729099412284285
RAPCID_backbone_rapcid_backbone_155_model_2_seq6_plusRAP	/scratch/a2149a01/RAPCID_2610_output/af3_plusRAP_inputs/RAPCID_backbone_rapcid_backbone_155_model_2_seq6_plusRAP.json	backbone_long	RAPCID_backbone_rapcid_backbone_155_model_2	6	41	22	0.4392046782976755	0.3333333333333333	0.3429	0.3041	0.38602599412284283
RAPCID_backbone_rapcid_backbone_239_model_7_seq6_plusRAP	/scratch/a2149a01/RAPCID_2610_output/af3_plusRAP_inputs/RAPCID_backbone_rapcid_backbone_239_model_7_seq6_plusRAP.json	backbone	RAPCID_backbone_rapcid_backbone_239_model_7	6	38	21	0.43910801850655634	0.30357142857142855	0.4329	0.3597	0.4014331321374741
RAPCID_backbone_rapcid_backbone_239_model_7_seq5_plusRAP	/scratch/a2149a01/RAPCID_2610_output/af3_plusRAP_inputs/RAPCID_backbone_rapcid_backbone_239_model_7_seq5_plusRAP.json	backbone	RAPCID_backbone_rapcid_backbone_239_model_7	5	38	21	0.43910801850655634	0.30357142857142855	0.4232	0.36	0.4004781321374742
RAPCID_backbone_rapcid_backbone_246_model_6_seq6_plusRAP	/scratch/a2149a01/RAPCID_2610_output/af3_plusRAP_inputs/RAPCID_backbone_rapcid_backbone_246_model_6_seq6_plusRAP.json	backbone_long	RAPCID_backbone_rapcid_backbone_246_model_6	6	29	38	0.4372984689006797	0.26785714285714285	0.4147	0.2851	0.3750291522751471
RAPCID_backbone_rapcid_backbone_246_model_6_seq1_plusRAP	/scratch/a2149a01/RAPCID_2610_output/af3_plusRAP_inputs/RAPCID_backbone_rapcid_backbone_246_model_6_seq1_plusRAP.json	backbone_long	RAPCID_backbone_rapcid_backbone_246_model_6	1	29	38	0.4372984689006797	0.26785714285714285	0.3667	0.2982	0.37088415227514704
RAPCID_backbone_rapcid_backbone_239_model_1_seq2_plusRAP	/scratch/a2149a01/RAPCID_2610_output/af3_plusRAP_inputs/RAPCID_backbone_rapcid_backbone_239_model_1_seq2_plusRAP.json	backbone	RAPCID_backbone_rapcid_backbone_239_model_1	2	38	21	0.43677393353038574	0.32142857142857145	0.506	0.4523	0.4167870796124831
RAPCID_backbone_rapcid_backbone_239_model_1_seq6_plusRAP	/scratch/a2149a01/RAPCID_2610_output/af3_plusRAP_inputs/RAPCID_backbone_rapcid_backbone_239_model_1_seq6_plusRAP.json	backbone	RAPCID_backbone_rapcid_backbone_239_model_1	6	38	21	0.43677393353038574	0.32142857142857145	0.4837	0.4236	0.4131220796124831
RAPCID_backbone_rapcid_backbone_188_model_0_seq3_plusRAP	/scratch/a2149a01/RAPCID_2610_output/af3_plusRAP_inputs/RAPCID_backbone_rapcid_backbone_188_model_0_seq3_plusRAP.json	backbone_long	RAPCID_backbone_rapcid_backbone_188_model_0	3	27	37	0.4363142095270536	0.34545454545454546	0.4063	0.3033	0.4051666973174771
RAPCID_backbone_rapcid_backbone_188_model_0_seq3_plusRAP	/scratch/a2149a01/RAPCID_2610_output/af3_plusRAP_inputs/RAPCID_backbone_rapcid_backbone_188_model_0_seq3_plusRAP.json	backbone	RAPCID_backbone_rapcid_backbone_188_model_0	3	27	37	0.30441434651973165	0.10909090909090909	0.4063	0.3033	0.24783196098438434
RAPCID_backbone_rapcid_backbone_120_model_7_seq4_plusRAP	/scratch/a2149a01/RAPCID_2610_output/af3_plusRAP_inputs/RAPCID_backbone_rapcid_backbone_120_model_7_seq4_plusRAP.json	backbone	RAPCID_backbone_rapcid_backbone_120_model_7	4	25	27	0.4345945608103373	0.30357142857142855	0.4607	0.3717	0.39722652061862007
RAPCID_backbone_rapcid_backbone_120_model_7_seq1_plusRAP	/scratch/a2149a01/RAPCID_2610_output/af3_plusRAP_inputs/RAPCID_backbone_rapcid_backbone_120_model_7_seq1_plusRAP.json	backbone	RAPCID_backbone_rapcid_backbone_120_model_7	1	25	27	0.4345945608103373	0.30357142857142855	0.4302	0.3405	0.39261652061862007
RAPCID_backbone_rapcid_backbone_221_model_4_seq3_plusRAP	/scratch/a2149a01/RAPCID_2610_output/af3_plusRAP_inputs/RAPCID_backbone_rapcid_backbone_221_model_4_seq3_plusRAP.json	backbone	RAPCID_backbone_rapcid_backbone_221_model_4	3	22	30	0.43456334625204074	0.26785714285714285	0.4306	0.3812	0.38574890263881517
RAPCID_backbone_rapcid_backbone_221_model_4_seq1_plusRAP	/scratch/a2149a01/RAPCID_2610_output/af3_plusRAP_inputs/RAPCID_backbone_rapcid_backbone_221_model_4_seq1_plusRAP.json	backbone	RAPCID_backbone_rapcid_backbone_221_model_4	1	22	30	0.43456334625204074	0.26785714285714285	0.4046	0.3615	0.38216390263881517
RAPCID_backbone_rapcid_backbone_109_model_3_seq8_plusRAP	/scratch/a2149a01/RAPCID_2610_output/af3_plusRAP_inputs/RAPCID_backbone_rapcid_backbone_109_model_3_seq8_plusRAP.json	backbone_long	RAPCID_backbone_rapcid_backbone_109_model_3	8	50	34	0.43407139708234543	0.3090909090909091	0.3587	0.3096	0.3906215226264494
RAPCID_backbone_rapcid_backbone_109_model_3_seq3_plusRAP	/scratch/a2149a01/RAPCID_2610_output/af3_plusRAP_inputs/RAPCID_backbone_rapcid_backbone_109_model_3_seq3_plusRAP.json	backbone_long	RAPCID_backbone_rapcid_backbone_109_model_3	3	50	34	0.43407139708234543	0.3090909090909091	0.3548	0.2925	0.3893765226264494
RAPCID_backbone_rapcid_backbone_60_model_3_seq7_plusRAP	/scratch/a2149a01/RAPCID_2610_output/af3_plusRAP_inputs/RAPCID_backbone_rapcid_backbone_60_model_3_seq7_plusRAP.json	backbone_long	RAPCID_backbone_rapcid_backbone_60_model_3	7	31	40	0.43388385756758874	0.2962962962962963	0.4557	0.3444	0.3987784766461557
RAPCID_backbone_rapcid_backbone_60_model_3_seq7_plusRAP	/scratch/a2149a01/RAPCID_2610_output/af3_plusRAP_inputs/RAPCID_backbone_rapcid_backbone_60_model_3_seq7_plusRAP.json	backbone_denovo	RAPCID_backbone_rapcid_backbone_60_model_3	7	31	40	0.31741915484386085	0.19642857142857142	0.4557	0.3444	0.2991802069813247
RAPCID_backbone_rapcid_backbone_199_model_6_seq1_plusRAP	/scratch/a2149a01/RAPCID_2610_output/af3_plusRAP_inputs/RAPCID_backbone_rapcid_backbone_199_model_6_seq1_plusRAP.json	backbone_long	RAPCID_backbone_rapcid_backbone_199_model_6	1	49	43	0.43366983607791865	0.3684210526315789	0.4807	0.4111	0.4114372449485137
RAPCID_backbone_rapcid_backbone_199_model_6_seq4_plusRAP	/scratch/a2149a01/RAPCID_2610_output/af3_plusRAP_inputs/RAPCID_backbone_rapcid_backbone_199_model_6_seq4_plusRAP.json	backbone_long	RAPCID_backbone_rapcid_backbone_199_model_6	4	49	43	0.43366983607791865	0.3684210526315789	0.4804	0.3851	0.4101072449485137
RAPCID_backbone_rapcid_backbone_221_model_5_seq3_plusRAP	/scratch/a2149a01/RAPCID_2610_output/af3_plusRAP_inputs/RAPCID_backbone_rapcid_backbone_221_model_5_seq3_plusRAP.json	backbone_long	RAPCID_backbone_rapcid_backbone_221_model_5	3	57	36	0.432631351871978	0.34545454545454546	0.3409	0.301	0.3912988558171376
RAPCID_backbone_rapcid_backbone_221_model_5_seq4_plusRAP	/scratch/a2149a01/RAPCID_2610_output/af3_plusRAP_inputs/RAPCID_backbone_rapcid_backbone_221_model_5_seq4_plusRAP.json	backbone_long	RAPCID_backbone_rapcid_backbone_221_model_5	4	57	36	0.432631351871978	0.34545454545454546	0.3282	0.3149	0.3907238558171376
RAPCID_backbone_rapcid_backbone_173_model_3_seq1_plusRAP	/scratch/a2149a01/RAPCID_2610_output/af3_plusRAP_inputs/RAPCID_backbone_rapcid_backbone_173_model_3_seq1_plusRAP.json	backbone	RAPCID_backbone_rapcid_backbone_173_model_3	1	39	33	0.4309895526179359	0.25	0.3585	0.2953	0.36261585423362674
RAPCID_backbone_rapcid_backbone_173_model_3_seq1_plusRAP	/scratch/a2149a01/RAPCID_2610_output/af3_plusRAP_inputs/RAPCID_backbone_rapcid_backbone_173_model_3_seq1_plusRAP.json	backbone_denovo	RAPCID_backbone_rapcid_backbone_173_model_3	1	39	33	0.30105809188342536	0.16666666666666666	0.3585	0.2953	0.2610911413475414
RAPCID_backbone_rapcid_backbone_109_model_7_seq7_plusRAP	/scratch/a2149a01/RAPCID_2610_output/af3_plusRAP_inputs/RAPCID_backbone_rapcid_backbone_109_model_7_seq7_plusRAP.json	backbone	RAPCID_backbone_rapcid_backbone_109_model_7	7	30	32	0.4301996233890636	0.3392857142857143	0.4942	0.3586	0.40687237020761835
RAPCID_backbone_rapcid_backbone_109_model_7_seq7_plusRAP	/scratch/a2149a01/RAPCID_2610_output/af3_plusRAP_inputs/RAPCID_backbone_rapcid_backbone_109_model_7_seq7_plusRAP.json	backbone_denovo	RAPCID_backbone_rapcid_backbone_109_model_7	7	30	32	0.30825433537485347	0.2727272727272727	0.4942	0.3586	0.3075796024338356
RAPCID_backbone_rapcid_backbone_178_model_1_seq5_plusRAP	/scratch/a2149a01/RAPCID_2610_output/af3_plusRAP_inputs/RAPCID_backbone_rapcid_backbone_178_model_1_seq5_plusRAP.json	backbone	RAPCID_backbone_rapcid_backbone_178_model_1	5	38	22	0.42869057244350395	0.3090909090909091	0.3969	0.272	0.3790290404278596
RAPCID_backbone_rapcid_backbone_178_model_1_seq1_plusRAP	/scratch/a2149a01/RAPCID_2610_output/af3_plusRAP_inputs/RAPCID_backbone_rapcid_backbone_178_model_1_seq1_plusRAP.json	backbone	RAPCID_backbone_rapcid_backbone_178_model_1	1	38	22	0.42869057244350395	0.3090909090909091	0.3873	0.2845	0.3786940404278596
RAPCID_backbone_rapcid_backbone_9_model_1_seq2_plusRAP	/scratch/a2149a01/RAPCID_2610_output/af3_plusRAP_inputs/RAPCID_backbone_rapcid_backbone_9_model_1_seq2_plusRAP.json	backbone_long	RAPCID_backbone_rapcid_backbone_9_model_1	2	34	26	0.42800468504355016	0.3090909090909091	0.46	0.3906	0.3909603910978804
RAPCID_backbone_rapcid_backbone_9_model_1_seq3_plusRAP	/scratch/a2149a01/RAPCID_2610_output/af3_plusRAP_inputs/RAPCID_backbone_rapcid_backbone_9_model_1_seq3_plusRAP.json	backbone_long	RAPCID_backbone_rapcid_backbone_9_model_1	3	34	26	0.42800468504355016	0.3090909090909091	0.4197	0.3763	0.38621539109788044
RAPCID_backbone_rapcid_backbone_174_model_5_seq7_plusRAP	/scratch/a2149a01/RAPCID_2610_output/af3_plusRAP_inputs/RAPCID_backbone_rapcid_backbone_174_model_5_seq7_plusRAP.json	backbone	RAPCID_backbone_rapcid_backbone_174_model_5	7	44	30	0.42798500043447263	0.3333333333333333	0.3869	0.3236	0.38079658352884604
RAPCID_backbone_rapcid_backbone_174_model_5_seq6_plusRAP	/scratch/a2149a01/RAPCID_2610_output/af3_plusRAP_inputs/RAPCID_backbone_rapcid_backbone_174_model_5_seq6_plusRAP.json	backbone	RAPCID_backbone_rapcid_backbone_174_model_5	6	44	30	0.42798500043447263	0.3333333333333333	0.3835	0.3147	0.380011583528846
RAPCID_backbone_rapcid_backbone_146_model_2_seq5_plusRAP	/scratch/a2149a01/RAPCID_2610_output/af3_plusRAP_inputs/RAPCID_backbone_rapcid_backbone_146_model_2_seq5_plusRAP.json	backbone_denovo	RAPCID_backbone_rapcid_backbone_146_model_2	5	34	54	0.42701142591030883	0.39285714285714285	0.4297	0.385	0.4137005384850358
RAPCID_backbone_rapcid_backbone_146_model_2_seq8_plusRAP	/scratch/a2149a01/RAPCID_2610_output/af3_plusRAP_inputs/RAPCID_backbone_rapcid_backbone_146_model_2_seq8_plusRAP.json	backbone_denovo	RAPCID_backbone_rapcid_backbone_146_model_2	8	34	54	0.42701142591030883	0.39285714285714285	0.3963	0.3599	0.4091055384850358
RAPCID_backbone_rapcid_backbone_201_model_2_seq3_plusRAP	/scratch/a2149a01/RAPCID_2610_output/af3_plusRAP_inputs/RAPCID_backbone_rapcid_backbone_201_model_2_seq3_plusRAP.json	backbone_long	RAPCID_backbone_rapcid_backbone_201_model_2	3	43	56	0.4255083429246034	0.37037037037037035	0.4415	0.3513	0.4180085691308863
RAPCID_backbone_rapcid_backbone_201_model_2_seq2_plusRAP	/scratch/a2149a01/RAPCID_2610_output/af3_plusRAP_inputs/RAPCID_backbone_rapcid_backbone_201_model_2_seq2_plusRAP.json	backbone_long	RAPCID_backbone_rapcid_backbone_201_model_2	2	43	56	0.4255083429246034	0.37037037037037035	0.4097	0.3432	0.4144235691308863
RAPCID_backbone_rapcid_backbone_55_model_4_seq4_plusRAP	/scratch/a2149a01/RAPCID_2610_output/af3_plusRAP_inputs/RAPCID_backbone_rapcid_backbone_55_model_4_seq4_plusRAP.json	backbone_denovo	RAPCID_backbone_rapcid_backbone_55_model_4	4	64	48	0.42443935612884254	0.36363636363636365	0.4488	0.3773	0.3845406900559589
RAPCID_backbone_rapcid_backbone_55_model_4_seq3_plusRAP	/scratch/a2149a01/RAPCID_2610_output/af3_plusRAP_inputs/RAPCID_backbone_rapcid_backbone_55_model_4_seq3_plusRAP.json	backbone_denovo	RAPCID_backbone_rapcid_backbone_55_model_4	3	64	48	0.42443935612884254	0.36363636363636365	0.4261	0.3649	0.3816506900559589
RAPCID_backbone_rapcid_backbone_66_model_0_seq7_plusRAP	/scratch/a2149a01/RAPCID_2610_output/af3_plusRAP_inputs/RAPCID_backbone_rapcid_backbone_66_model_0_seq7_plusRAP.json	backbone_long	RAPCID_backbone_rapcid_backbone_66_model_0	7	33	48	0.42321476230934685	0.34545454545454546	0.4843	0.3745	0.41063194606950904
RAPCID_backbone_rapcid_backbone_66_model_0_seq7_plusRAP	/scratch/a2149a01/RAPCID_2610_output/af3_plusRAP_inputs/RAPCID_backbone_rapcid_backbone_66_model_0_seq7_plusRAP.json	backbone_denovo	RAPCID_backbone_rapcid_backbone_66_model_0	7	33	48	0.2799580787458801	0.2	0.4843	0.3745	0.28758057988009045
RAPCID_backbone_rapcid_backbone_23_model_1_seq2_plusRAP	/scratch/a2149a01/RAPCID_2610_output/af3_plusRAP_inputs/RAPCID_backbone_rapcid_backbone_23_model_1_seq2_plusRAP.json	backbone	RAPCID_backbone_rapcid_backbone_23_model_1	2	33	45	0.4230677664138205	0.25	0.3494	0.3975	0.36325105044177475
RAPCID_backbone_rapcid_backbone_23_model_1_seq2_plusRAP	/scratch/a2149a01/RAPCID_2610_output/af3_plusRAP_inputs/RAPCID_backbone_rapcid_backbone_23_model_1_seq2_plusRAP.json	backbone_long	RAPCID_backbone_rapcid_backbone_23_model_1	2	33	45	0.31579675137781116	0.17857142857142858	0.3494	0.3975	0.2748997285962055
RAPCID_backbone_rapcid_backbone_103_model_1_seq6_plusRAP	/scratch/a2149a01/RAPCID_2610_output/af3_plusRAP_inputs/RAPCID_backbone_rapcid_backbone_103_model_1_seq6_plusRAP.json	backbone	RAPCID_backbone_rapcid_backbone_103_model_1	6	34	39	0.4229860041448521	0.25925925925925924	0.3569	0.2953	0.3556135166799983
RAPCID_backbone_rapcid_backbone_103_model_1_seq6_plusRAP	/scratch/a2149a01/RAPCID_2610_output/af3_plusRAP_inputs/RAPCID_backbone_rapcid_backbone_103_model_1_seq6_plusRAP.json	backbone_denovo	RAPCID_backbone_rapcid_backbone_103_model_1	6	34	39	0.26134504307297834	0.18181818181818182	0.3569	0.2953	0.24684814817071904
RAPCID_backbone_rapcid_backbone_73_model_1_seq1_plusRAP	/scratch/a2149a01/RAPCID_2610_output/af3_plusRAP_inputs/RAPCID_backbone_rapcid_backbone_73_model_1_seq1_plusRAP.json	backbone_long	RAPCID_backbone_rapcid_backbone_73_model_1	1	40	33	0.4225573754310521	0.2962962962962963	0.4331	0.311	0.38419600412915866
RAPCID_backbone_rapcid_backbone_73_model_1_seq6_plusRAP	/scratch/a2149a01/RAPCID_2610_output/af3_plusRAP_inputs/RAPCID_backbone_rapcid_backbone_73_model_1_seq6_plusRAP.json	backbone_long	RAPCID_backbone_rapcid_backbone_73_model_1	6	40	33	0.4225573754310521	0.2962962962962963	0.4296	0.2989	0.3832410041291586
RAPCID_backbone_rapcid_backbone_79_model_0_seq8_plusRAP	/scratch/a2149a01/RAPCID_2610_output/af3_plusRAP_inputs/RAPCID_backbone_rapcid_backbone_79_model_0_seq8_plusRAP.json	backbone_long	RAPCID_backbone_rapcid_backbone_79_model_0	8	49	47	0.4219472807651341	0.3090909090909091	0.4115	0.3701	0.38791511472814877
RAPCID_backbone_rapcid_backbone_79_model_0_seq6_plusRAP	/scratch/a2149a01/RAPCID_2610_output/af3_plusRAP_inputs/RAPCID_backbone_rapcid_backbone_79_model_0_seq6_plusRAP.json	backbone_long	RAPCID_backbone_rapcid_backbone_79_model_0	6	49	47	0.4219472807651341	0.3090909090909091	0.4035	0.3817	0.38769511472814877
RAPCID_backbone_rapcid_backbone_226_model_5_seq3_plusRAP	/scratch/a2149a01/RAPCID_2610_output/af3_plusRAP_inputs/RAPCID_backbone_rapcid_backbone_226_model_5_seq3_plusRAP.json	backbone_denovo	RAPCID_backbone_rapcid_backbone_226_model_5	3	34	39	0.42113163088100525	0.4107142857142857	0.5094	0.3449	0.41592836088057933
RAPCID_backbone_rapcid_backbone_226_model_5_seq3_plusRAP	/scratch/a2149a01/RAPCID_2610_output/af3_plusRAP_inputs/RAPCID_backbone_rapcid_backbone_226_model_5_seq3_plusRAP.json	backbone	RAPCID_backbone_rapcid_backbone_226_model_5	3	34	39	0.3076147510765037	0.25925925925925924	0.5094	0.3449	0.3103153416881304
RAPCID_backbone_rapcid_backbone_58_model_2_seq5_plusRAP	/scratch/a2149a01/RAPCID_2610_output/af3_plusRAP_inputs/RAPCID_backbone_rapcid_backbone_58_model_2_seq5_plusRAP.json	backbone_long	RAPCID_backbone_rapcid_backbone_58_model_2	5	34	32	0.4209097758725423	0.2777777777777778	0.3485	0.2782	0.36316939914264407
RAPCID_backbone_rapcid_backbone_58_model_2_seq6_plusRAP	/scratch/a2149a01/RAPCID_2610_output/af3_plusRAP_inputs/RAPCID_backbone_rapcid_backbone_58_model_2_seq6_plusRAP.json	backbone_long	RAPCID_backbone_rapcid_backbone_58_model_2	6	34	32	0.4209097758725423	0.2777777777777778	0.3474	0.2604	0.36216939914264407
RAPCID_backbone_rapcid_backbone_135_model_6_seq2_plusRAP	/scratch/a2149a01/RAPCID_2610_output/af3_plusRAP_inputs/RAPCID_backbone_rapcid_backbone_135_model_6_seq2_plusRAP.json	backbone	RAPCID_backbone_rapcid_backbone_135_model_6	2	27	37	0.4207984624352763	0.21818181818181817	0.3982	0.3608	0.3350980959746622
RAPCID_backbone_rapcid_backbone_135_model_6_seq3_plusRAP	/scratch/a2149a01/RAPCID_2610_output/af3_plusRAP_inputs/RAPCID_backbone_rapcid_backbone_135_model_6_seq3_plusRAP.json	backbone	RAPCID_backbone_rapcid_backbone_135_model_6	3	27	37	0.4207984624352763	0.21818181818181817	0.3741	0.277	0.3284980959746622
RAPCID_backbone_rapcid_backbone_100_model_5_seq5_plusRAP	/scratch/a2149a01/RAPCID_2610_output/af3_plusRAP_inputs/RAPCID_backbone_rapcid_backbone_100_model_5_seq5_plusRAP.json	backbone	RAPCID_backbone_rapcid_backbone_100_model_5	5	32	25	0.419875785283529	0.2727272727272727	0.4729	0.4398	0.38196147711496176
RAPCID_backbone_rapcid_backbone_100_model_5_seq5_plusRAP	/scratch/a2149a01/RAPCID_2610_output/af3_plusRAP_inputs/RAPCID_backbone_rapcid_backbone_100_model_5_seq5_plusRAP.json	backbone_long	RAPCID_backbone_rapcid_backbone_100_model_5	5	32	25	0.2825616404482816	0.17543859649122806	0.4729	0.4398	0.27362572065786706
RAPCID_backbone_rapcid_backbone_71_model_6_seq4_plusRAP	/scratch/a2149a01/RAPCID_2610_output/af3_plusRAP_inputs/RAPCID_backbone_rapcid_backbone_71_model_6_seq4_plusRAP.json	backbone	RAPCID_backbone_rapcid_backbone_71_model_6	4	35	37	0.4197476918640405	0.25	0.4144	0.3852	0.36764201689437387
RAPCID_backbone_rapcid_backbone_71_model_6_seq3_plusRAP	/scratch/a2149a01/RAPCID_2610_output/af3_plusRAP_inputs/RAPCID_backbone_rapcid_backbone_71_model_6_seq3_plusRAP.json	backbone	RAPCID_backbone_rapcid_backbone_71_model_6	3	35	37	0.4197476918640405	0.25	0.3951	0.3368	0.36329201689437385
RAPCID_backbone_rapcid_backbone_26_model_5_seq3_plusRAP	/scratch/a2149a01/RAPCID_2610_output/af3_plusRAP_inputs/RAPCID_backbone_rapcid_backbone_26_model_5_seq3_plusRAP.json	backbone_long	RAPCID_backbone_rapcid_backbone_26_model_5	3	50	60	0.41956365513744376	0.34545454545454546	0.3406	0.3482	0.38774839228659713
RAPCID_backbone_rapcid_backbone_26_model_5_seq4_plusRAP	/scratch/a2149a01/RAPCID_2610_output/af3_plusRAP_inputs/RAPCID_backbone_rapcid_backbone_26_model_5_seq4_plusRAP.json	backbone_long	RAPCID_backbone_rapcid_backbone_26_model_5	4	50	60	0.41956365513744376	0.34545454545454546	0.3314	0.3289	0.38586339228659716
RAPCID_backbone_rapcid_backbone_64_model_7_seq8_plusRAP	/scratch/a2149a01/RAPCID_2610_output/af3_plusRAP_inputs/RAPCID_backbone_rapcid_backbone_64_model_7_seq8_plusRAP.json	backbone_long	RAPCID_backbone_rapcid_backbone_64_model_7	8	34	28	0.41893908490061005	0.2545454545454545	0.4355	0.3431	0.3684195073971937
RAPCID_backbone_rapcid_backbone_64_model_7_seq8_plusRAP	/scratch/a2149a01/RAPCID_2610_output/af3_plusRAP_inputs/RAPCID_backbone_rapcid_backbone_64_model_7_seq8_plusRAP.json	backbone	RAPCID_backbone_rapcid_backbone_64_model_7	8	34	28	0.31146382553390517	0.25	0.4355	0.3431	0.3133637214902573
RAPCID_backbone_rapcid_backbone_160_model_2_seq7_plusRAP	/scratch/a2149a01/RAPCID_2610_output/af3_plusRAP_inputs/RAPCID_backbone_rapcid_backbone_160_model_2_seq7_plusRAP.json	backbone_denovo	RAPCID_backbone_rapcid_backbone_160_model_2	7	61	57	0.4186940976150143	0.4107142857142857	0.4322	0.3895	0.4093414709108834
RAPCID_backbone_rapcid_backbone_160_model_2_seq8_plusRAP	/scratch/a2149a01/RAPCID_2610_output/af3_plusRAP_inputs/RAPCID_backbone_rapcid_backbone_160_model_2_seq8_plusRAP.json	backbone_denovo	RAPCID_backbone_rapcid_backbone_160_model_2	8	61	57	0.4186940976150143	0.4107142857142857	0.4305	0.3708	0.40823647091088344
RAPCID_backbone_rapcid_backbone_206_model_7_seq5_plusRAP	/scratch/a2149a01/RAPCID_2610_output/af3_plusRAP_inputs/RAPCID_backbone_rapcid_backbone_206_model_7_seq5_plusRAP.json	backbone_long	RAPCID_backbone_rapcid_backbone_206_model_7	5	27	37	0.4182609109486698	0.3148148148148148	0.4122	0.3217	0.3742261136306051
RAPCID_backbone_rapcid_backbone_206_model_7_seq5_plusRAP	/scratch/a2149a01/RAPCID_2610_output/af3_plusRAP_inputs/RAPCID_backbone_rapcid_backbone_206_model_7_seq5_plusRAP.json	backbone	RAPCID_backbone_rapcid_backbone_206_model_7	5	27	37	0.2586903763663847	0.16363636363636364	0.4122	0.3217	0.24795809360729734
RAPCID_backbone_rapcid_backbone_47_model_4_seq6_plusRAP	/scratch/a2149a01/RAPCID_2610_output/af3_plusRAP_inputs/RAPCID_backbone_rapcid_backbone_47_model_4_seq6_plusRAP.json	backbone_long	RAPCID_backbone_rapcid_backbone_47_model_4	6	43	41	0.41735656993898695	0.3090909090909091	0.4462	0.3292	0.38171873930082695
RAPCID_backbone_rapcid_backbone_47_model_4_seq4_plusRAP	/scratch/a2149a01/RAPCID_2610_output/af3_plusRAP_inputs/RAPCID_backbone_rapcid_backbone_47_model_4_seq4_plusRAP.json	backbone_long	RAPCID_backbone_rapcid_backbone_47_model_4	4	43	41	0.41735656993898695	0.3090909090909091	0.4291	0.3344	0.380268739300827
RAPCID_backbone_rapcid_backbone_92_model_7_seq7_plusRAP	/scratch/a2149a01/RAPCID_2610_output/af3_plusRAP_inputs/RAPCID_backbone_rapcid_backbone_92_model_7_seq7_plusRAP.json	backbone	RAPCID_backbone_rapcid_backbone_92_model_7	7	25	20	0.4173378310742185	0.32142857142857145	0.4912	0.4731	0.4076008335072078
RAPCID_backbone_rapcid_backbone_92_model_7_seq1_plusRAP	/scratch/a2149a01/RAPCID_2610_output/af3_plusRAP_inputs/RAPCID_backbone_rapcid_backbone_92_model_7_seq1_plusRAP.json	backbone	RAPCID_backbone_rapcid_backbone_92_model_7	1	25	20	0.4173378310742185	0.32142857142857145	0.483	0.4475	0.40550083350720784
RAPCID_backbone_rapcid_backbone_131_model_3_seq3_plusRAP	/scratch/a2149a01/RAPCID_2610_output/af3_plusRAP_inputs/RAPCID_backbone_rapcid_backbone_131_model_3_seq3_plusRAP.json	backbone_denovo	RAPCID_backbone_rapcid_backbone_131_model_3	3	70	45	0.41713201815626966	0.2909090909090909	0.4041	0.4802	0.3804122364531497
RAPCID_backbone_rapcid_backbone_131_model_3_seq8_plusRAP	/scratch/a2149a01/RAPCID_2610_output/af3_plusRAP_inputs/RAPCID_backbone_rapcid_backbone_131_model_3_seq8_plusRAP.json	backbone_denovo	RAPCID_backbone_rapcid_backbone_131_model_3	8	70	45	0.41713201815626966	0.2909090909090909	0.3779	0.475	0.37753223645314965
RAPCID_backbone_rapcid_backbone_182_model_1_seq2_plusRAP	/scratch/a2149a01/RAPCID_2610_output/af3_plusRAP_inputs/RAPCID_backbone_rapcid_backbone_182_model_1_seq2_plusRAP.json	backbone_long	RAPCID_backbone_rapcid_backbone_182_model_1	2	42	43	0.4170907982221246	0.32727272727272727	0.4854	0.3965	0.398985152129249
RAPCID_backbone_rapcid_backbone_182_model_1_seq7_plusRAP	/scratch/a2149a01/RAPCID_2610_output/af3_plusRAP_inputs/RAPCID_backbone_rapcid_backbone_182_model_1_seq7_plusRAP.json	backbone_long	RAPCID_backbone_rapcid_backbone_182_model_1	7	42	43	0.4170907982221246	0.32727272727272727	0.4678	0.4039	0.397595152129249
RAPCID_backbone_rapcid_backbone_171_model_3_seq4_plusRAP	/scratch/a2149a01/RAPCID_2610_output/af3_plusRAP_inputs/RAPCID_backbone_rapcid_backbone_171_model_3_seq4_plusRAP.json	backbone_long	RAPCID_backbone_rapcid_backbone_171_model_3	4	49	45	0.4157994319413544	0.3333333333333333	0.4481	0.329	0.38170307770694284
RAPCID_backbone_rapcid_backbone_171_model_3_seq7_plusRAP	/scratch/a2149a01/RAPCID_2610_output/af3_plusRAP_inputs/RAPCID_backbone_rapcid_backbone_171_model_3_seq7_plusRAP.json	backbone_long	RAPCID_backbone_rapcid_backbone_171_model_3	7	49	45	0.4157994319413544	0.3333333333333333	0.4444	0.3229	0.38102807770694286
RAPCID_backbone_rapcid_backbone_64_model_6_seq8_plusRAP	/scratch/a2149a01/RAPCID_2610_output/af3_plusRAP_inputs/RAPCID_backbone_rapcid_backbone_64_model_6_seq8_plusRAP.json	backbone_long	RAPCID_backbone_rapcid_backbone_64_model_6	8	34	34	0.4155158342731111	0.3090909090909091	0.4303	0.4281	0.38980096380673845
RAPCID_backbone_rapcid_backbone_64_model_6_seq7_plusRAP	/scratch/a2149a01/RAPCID_2610_output/af3_plusRAP_inputs/RAPCID_backbone_rapcid_backbone_64_model_6_seq7_plusRAP.json	backbone_long	RAPCID_backbone_rapcid_backbone_64_model_6	7	34	34	0.4155158342731111	0.3090909090909091	0.4175	0.388	0.38651596380673847
RAPCID_backbone_rapcid_backbone_11_model_1_seq6_plusRAP	/scratch/a2149a01/RAPCID_2610_output/af3_plusRAP_inputs/RAPCID_backbone_rapcid_backbone_11_model_1_seq6_plusRAP.json	backbone_denovo	RAPCID_backbone_rapcid_backbone_11_model_1	6	68	33	0.4154272532276515	0.32727272727272727	0.453	0.3795	0.3885910013261806
RAPCID_backbone_rapcid_backbone_11_model_1_seq1_plusRAP	/scratch/a2149a01/RAPCID_2610_output/af3_plusRAP_inputs/RAPCID_backbone_rapcid_backbone_11_model_1_seq1_plusRAP.json	backbone_denovo	RAPCID_backbone_rapcid_backbone_11_model_1	1	68	33	0.4154272532276515	0.32727272727272727	0.447	0.375	0.38776600132618055
RAPCID_backbone_rapcid_backbone_56_model_5_seq6_plusRAP	/scratch/a2149a01/RAPCID_2610_output/af3_plusRAP_inputs/RAPCID_backbone_rapcid_backbone_56_model_5_seq6_plusRAP.json	backbone	RAPCID_backbone_rapcid_backbone_56_model_5	6	38	41	0.41400813653877044	0.3333333333333333	0.4172	0.3606	0.37938699477578
RAPCID_backbone_rapcid_backbone_56_model_5_seq2_plusRAP	/scratch/a2149a01/RAPCID_2610_output/af3_plusRAP_inputs/RAPCID_backbone_rapcid_backbone_56_model_5_seq2_plusRAP.json	backbone	RAPCID_backbone_rapcid_backbone_56_model_5	2	38	41	0.41400813653877044	0.3333333333333333	0.3935	0.3501	0.37649199477578
RAPCID_backbone_rapcid_backbone_22_model_4_seq6_plusRAP	/scratch/a2149a01/RAPCID_2610_output/af3_plusRAP_inputs/RAPCID_backbone_rapcid_backbone_22_model_4_seq6_plusRAP.json	backbone_denovo	RAPCID_backbone_rapcid_backbone_22_model_4	6	50	51	0.4138933438938347	0.36363636363636365	0.6301	0.5325	0.41679609566131653
RAPCID_backbone_rapcid_backbone_22_model_4_seq2_plusRAP	/scratch/a2149a01/RAPCID_2610_output/af3_plusRAP_inputs/RAPCID_backbone_rapcid_backbone_22_model_4_seq2_plusRAP.json	backbone_denovo	RAPCID_backbone_rapcid_backbone_22_model_4	2	50	51	0.4138933438938347	0.36363636363636365	0.5804	0.5127	0.41083609566131657
RAPCID_backbone_rapcid_backbone_120_model_1_seq2_plusRAP	/scratch/a2149a01/RAPCID_2610_output/af3_plusRAP_inputs/RAPCID_backbone_rapcid_backbone_120_model_1_seq2_plusRAP.json	backbone	RAPCID_backbone_rapcid_backbone_120_model_1	2	25	27	0.41363881238698263	0.2857142857142857	0.4665	0.3408	0.37681159255826924
RAPCID_backbone_rapcid_backbone_120_model_1_seq8_plusRAP	/scratch/a2149a01/RAPCID_2610_output/af3_plusRAP_inputs/RAPCID_backbone_rapcid_backbone_120_model_1_seq8_plusRAP.json	backbone	RAPCID_backbone_rapcid_backbone_120_model_1	8	25	27	0.41363881238698263	0.2857142857142857	0.4501	0.3751	0.37688659255826923
RAPCID_backbone_rapcid_backbone_2_model_1_seq2_plusRAP	/scratch/a2149a01/RAPCID_2610_output/af3_plusRAP_inputs/RAPCID_backbone_rapcid_backbone_2_model_1_seq2_plusRAP.json	backbone_long	RAPCID_backbone_rapcid_backbone_2_model_1	2	22	27	0.4130714560221429	0.32142857142857145	0.3872	0.3511	0.3836254091782183
RAPCID_backbone_rapcid_backbone_2_model_1_seq1_plusRAP	/scratch/a2149a01/RAPCID_2610_output/af3_plusRAP_inputs/RAPCID_backbone_rapcid_backbone_2_model_1_seq1_plusRAP.json	backbone_long	RAPCID_backbone_rapcid_backbone_2_model_1	1	22	27	0.4130714560221429	0.32142857142857145	0.3833	0.3719	0.38427540917821834
RAPCID_backbone_rapcid_backbone_243_model_4_seq1_plusRAP	/scratch/a2149a01/RAPCID_2610_output/af3_plusRAP_inputs/RAPCID_backbone_rapcid_backbone_243_model_4_seq1_plusRAP.json	backbone_long	RAPCID_backbone_rapcid_backbone_243_model_4	1	33	33	0.41305841097259755	0.2222222222222222	0.4535	0.3849	0.3504712849376689
RAPCID_backbone_rapcid_backbone_243_model_4_seq2_plusRAP	/scratch/a2149a01/RAPCID_2610_output/af3_plusRAP_inputs/RAPCID_backbone_rapcid_backbone_243_model_4_seq2_plusRAP.json	backbone_long	RAPCID_backbone_rapcid_backbone_243_model_4	2	33	33	0.41305841097259755	0.2222222222222222	0.4426	0.4135	0.3508112849376689
RAPCID_backbone_rapcid_backbone_130_model_0_seq6_plusRAP	/scratch/a2149a01/RAPCID_2610_output/af3_plusRAP_inputs/RAPCID_backbone_rapcid_backbone_130_model_0_seq6_plusRAP.json	backbone	RAPCID_backbone_rapcid_backbone_130_model_0	6	32	37	0.4126165966363601	0.2962962962962963	0.3982	0.3569	0.3785276536715472
RAPCID_backbone_rapcid_backbone_130_model_0_seq6_plusRAP	/scratch/a2149a01/RAPCID_2610_output/af3_plusRAP_inputs/RAPCID_backbone_rapcid_backbone_130_model_0_seq6_plusRAP.json	backbone_denovo	RAPCID_backbone_rapcid_backbone_130_model_0	6	32	37	0.29620711929717525	0.18518518518518517	0.3982	0.3569	0.27614338886891404
RAPCID_backbone_rapcid_backbone_126_model_6_seq2_plusRAP	/scratch/a2149a01/RAPCID_2610_output/af3_plusRAP_inputs/RAPCID_backbone_rapcid_backbone_126_model_6_seq2_plusRAP.json	backbone_long	RAPCID_backbone_rapcid_backbone_126_model_6	2	34	46	0.4120399295426771	0.30357142857142855	0.3865	0.3872	0.37487638099261744
RAPCID_backbone_rapcid_backbone_126_model_6_seq1_plusRAP	/scratch/a2149a01/RAPCID_2610_output/af3_plusRAP_inputs/RAPCID_backbone_rapcid_backbone_126_model_6_seq1_plusRAP.json	backbone_long	RAPCID_backbone_rapcid_backbone_126_model_6	1	34	46	0.4120399295426771	0.30357142857142855	0.3746	0.3652	0.3725863809926174
RAPCID_backbone_rapcid_backbone_60_model_4_seq2_plusRAP	/scratch/a2149a01/RAPCID_2610_output/af3_plusRAP_inputs/RAPCID_backbone_rapcid_backbone_60_model_4_seq2_plusRAP.json	backbone	RAPCID_backbone_rapcid_backbone_60_model_4	2	23	18	0.41042085397637096	0.2807017543859649	0.4975	0.4295	0.3816453784414137
RAPCID_backbone_rapcid_backbone_60_model_4_seq6_plusRAP	/scratch/a2149a01/RAPCID_2610_output/af3_plusRAP_inputs/RAPCID_backbone_rapcid_backbone_60_model_4_seq6_plusRAP.json	backbone	RAPCID_backbone_rapcid_backbone_60_model_4	6	23	18	0.41042085397637096	0.2807017543859649	0.4374	0.3908	0.3737003784414137
RAPCID_backbone_rapcid_backbone_78_model_0_seq1_plusRAP	/scratch/a2149a01/RAPCID_2610_output/af3_plusRAP_inputs/RAPCID_backbone_rapcid_backbone_78_model_0_seq1_plusRAP.json	backbone	RAPCID_backbone_rapcid_backbone_78_model_0	1	16	29	0.4102757694063871	0.32142857142857145	0.3848	0.3005	0.38515290575668376
RAPCID_backbone_rapcid_backbone_78_model_0_seq7_plusRAP	/scratch/a2149a01/RAPCID_2610_output/af3_plusRAP_inputs/RAPCID_backbone_rapcid_backbone_78_model_0_seq7_plusRAP.json	backbone	RAPCID_backbone_rapcid_backbone_78_model_0	7	16	29	0.4102757694063871	0.32142857142857145	0.3693	0.3391	0.38553290575668375
RAPCID_backbone_rapcid_backbone_105_model_1_seq5_plusRAP	/scratch/a2149a01/RAPCID_2610_output/af3_plusRAP_inputs/RAPCID_backbone_rapcid_backbone_105_model_1_seq5_plusRAP.json	backbone_denovo	RAPCID_backbone_rapcid_backbone_105_model_1	5	55	32	0.4102082723596395	0.3090909090909091	0.3929	0.3643	0.37492700539012064
RAPCID_backbone_rapcid_backbone_105_model_1_seq6_plusRAP	/scratch/a2149a01/RAPCID_2610_output/af3_plusRAP_inputs/RAPCID_backbone_rapcid_backbone_105_model_1_seq6_plusRAP.json	backbone_denovo	RAPCID_backbone_rapcid_backbone_105_model_1	6	55	32	0.4102082723596395	0.3090909090909091	0.3796	0.3746	0.3741120053901207
RAPCID_backbone_rapcid_backbone_226_model_3_seq7_plusRAP	/scratch/a2149a01/RAPCID_2610_output/af3_plusRAP_inputs/RAPCID_backbone_rapcid_backbone_226_model_3_seq7_plusRAP.json	backbone_denovo	RAPCID_backbone_rapcid_backbone_226_model_3	7	37	62	0.4094626257149506	0.32142857142857145	0.3787	0.3805	0.3770658799844262
RAPCID_backbone_rapcid_backbone_226_model_3_seq6_plusRAP	/scratch/a2149a01/RAPCID_2610_output/af3_plusRAP_inputs/RAPCID_backbone_rapcid_backbone_226_model_3_seq6_plusRAP.json	backbone_denovo	RAPCID_backbone_rapcid_backbone_226_model_3	6	37	62	0.4094626257149506	0.32142857142857145	0.3408	0.3482	0.37166087998442615
RAPCID_backbone_rapcid_backbone_188_model_7_seq6_plusRAP	/scratch/a2149a01/RAPCID_2610_output/af3_plusRAP_inputs/RAPCID_backbone_rapcid_backbone_188_model_7_seq6_plusRAP.json	backbone	RAPCID_backbone_rapcid_backbone_188_model_7	6	27	37	0.4093600394821092	0.21818181818181817	0.4026	0.3292	0.33436636120129254
RAPCID_backbone_rapcid_backbone_188_model_7_seq6_plusRAP	/scratch/a2149a01/RAPCID_2610_output/af3_plusRAP_inputs/RAPCID_backbone_rapcid_backbone_188_model_7_seq6_plusRAP.json	backbone_denovo	RAPCID_backbone_rapcid_backbone_188_model_7	6	27	37	0.3112488175320258	0.16363636363636364	0.4026	0.3292	0.28769105879850254
RAPCID_backbone_rapcid_backbone_150_model_6_seq2_plusRAP	/scratch/a2149a01/RAPCID_2610_output/af3_plusRAP_inputs/RAPCID_backbone_rapcid_backbone_150_model_6_seq2_plusRAP.json	backbone_long	RAPCID_backbone_rapcid_backbone_150_model_6	2	46	35	0.40913212538457644	0.2727272727272727	0.5414	0.3421	0.367980719049322
RAPCID_backbone_rapcid_backbone_150_model_6_seq4_plusRAP	/scratch/a2149a01/RAPCID_2610_output/af3_plusRAP_inputs/RAPCID_backbone_rapcid_backbone_150_model_6_seq4_plusRAP.json	backbone_long	RAPCID_backbone_rapcid_backbone_150_model_6	4	46	35	0.40913212538457644	0.2727272727272727	0.4813	0.2906	0.359395719049322
RAPCID_backbone_rapcid_backbone_215_model_7_seq6_plusRAP	/scratch/a2149a01/RAPCID_2610_output/af3_plusRAP_inputs/RAPCID_backbone_rapcid_backbone_215_model_7_seq6_plusRAP.json	backbone_denovo	RAPCID_backbone_rapcid_backbone_215_model_7	6	46	69	0.40892688821944145	0.36363636363636365	0.4711	0.3855	0.40242230171895066
RAPCID_backbone_rapcid_backbone_215_model_7_seq7_plusRAP	/scratch/a2149a01/RAPCID_2610_output/af3_plusRAP_inputs/RAPCID_backbone_rapcid_backbone_215_model_7_seq7_plusRAP.json	backbone_denovo	RAPCID_backbone_rapcid_backbone_215_model_7	7	46	69	0.40892688821944145	0.36363636363636365	0.4472	0.3759	0.3995523017189507
RAPCID_backbone_rapcid_backbone_118_model_2_seq4_plusRAP	/scratch/a2149a01/RAPCID_2610_output/af3_plusRAP_inputs/RAPCID_backbone_rapcid_backbone_118_model_2_seq4_plusRAP.json	backbone_long	RAPCID_backbone_rapcid_backbone_118_model_2	4	37	42	0.4085859675587643	0.2962962962962963	0.4087	0.3647	0.3837094261421847
RAPCID_backbone_rapcid_backbone_118_model_2_seq6_plusRAP	/scratch/a2149a01/RAPCID_2610_output/af3_plusRAP_inputs/RAPCID_backbone_rapcid_backbone_118_model_2_seq6_plusRAP.json	backbone_long	RAPCID_backbone_rapcid_backbone_118_model_2	6	37	42	0.4085859675587643	0.2962962962962963	0.4052	0.3132	0.38078442614218466
RAPCID_backbone_rapcid_backbone_50_model_5_seq2_plusRAP	/scratch/a2149a01/RAPCID_2610_output/af3_plusRAP_inputs/RAPCID_backbone_rapcid_backbone_50_model_5_seq2_plusRAP.json	backbone	RAPCID_backbone_rapcid_backbone_50_model_5	2	36	26	0.4084109792552524	0.32142857142857145	0.4144	0.3758	0.39103875018867307
RAPCID_backbone_rapcid_backbone_50_model_5_seq6_plusRAP	/scratch/a2149a01/RAPCID_2610_output/af3_plusRAP_inputs/RAPCID_backbone_rapcid_backbone_50_model_5_seq6_plusRAP.json	backbone	RAPCID_backbone_rapcid_backbone_50_model_5	6	36	26	0.4084109792552524	0.32142857142857145	0.4023	0.3808	0.3900787501886731
RAPCID_backbone_rapcid_backbone_203_model_3_seq8_plusRAP	/scratch/a2149a01/RAPCID_2610_output/af3_plusRAP_inputs/RAPCID_backbone_rapcid_backbone_203_model_3_seq8_plusRAP.json	backbone	RAPCID_backbone_rapcid_backbone_203_model_3	8	28	11	0.4082457731256539	0.32142857142857145	0.4568	0.3474	0.3826732963192427
RAPCID_backbone_rapcid_backbone_203_model_3_seq6_plusRAP	/scratch/a2149a01/RAPCID_2610_output/af3_plusRAP_inputs/RAPCID_backbone_rapcid_backbone_203_model_3_seq6_plusRAP.json	backbone	RAPCID_backbone_rapcid_backbone_203_model_3	6	28	11	0.4082457731256539	0.32142857142857145	0.4417	0.3597	0.38177829631924265
RAPCID_backbone_rapcid_backbone_114_model_7_seq2_plusRAP	/scratch/a2149a01/RAPCID_2610_output/af3_plusRAP_inputs/RAPCID_backbone_rapcid_backbone_114_model_7_seq2_plusRAP.json	backbone	RAPCID_backbone_rapcid_backbone_114_model_7	2	36	28	0.4080752141551576	0.3090909090909091	0.3593	0.3276	0.37432768475365935
RAPCID_backbone_rapcid_backbone_114_model_7_seq3_plusRAP	/scratch/a2149a01/RAPCID_2610_output/af3_plusRAP_inputs/RAPCID_backbone_rapcid_backbone_114_model_7_seq3_plusRAP.json	backbone	RAPCID_backbone_rapcid_backbone_114_model_7	3	36	28	0.4080752141551576	0.3090909090909091	0.354	0.3152	0.3731776847536593
RAPCID_backbone_rapcid_backbone_75_model_1_seq2_plusRAP	/scratch/a2149a01/RAPCID_2610_output/af3_plusRAP_inputs/RAPCID_backbone_rapcid_backbone_75_model_1_seq2_plusRAP.json	backbone_denovo	RAPCID_backbone_rapcid_backbone_75_model_1	2	68	55	0.4080722324932624	0.3392857142857143	0.4561	0.4436	0.39735504430450774
RAPCID_backbone_rapcid_backbone_75_model_1_seq7_plusRAP	/scratch/a2149a01/RAPCID_2610_output/af3_plusRAP_inputs/RAPCID_backbone_rapcid_backbone_75_model_1_seq7_plusRAP.json	backbone_denovo	RAPCID_backbone_rapcid_backbone_75_model_1	7	68	55	0.4080722324932624	0.3392857142857143	0.4454	0.4424	0.3962250443045078
RAPCID_backbone_rapcid_backbone_235_model_6_seq3_plusRAP	/scratch/a2149a01/RAPCID_2610_output/af3_plusRAP_inputs/RAPCID_backbone_rapcid_backbone_235_model_6_seq3_plusRAP.json	backbone_long	RAPCID_backbone_rapcid_backbone_235_model_6	3	34	46	0.40738353649236714	0.25	0.4055	0.3064	0.35169259142156517
RAPCID_backbone_rapcid_backbone_235_model_6_seq7_plusRAP	/scratch/a2149a01/RAPCID_2610_output/af3_plusRAP_inputs/RAPCID_backbone_rapcid_backbone_235_model_6_seq7_plusRAP.json	backbone_long	RAPCID_backbone_rapcid_backbone_235_model_6	7	34	46	0.40738353649236714	0.25	0.3991	0.3269	0.3520775914215652
RAPCID_backbone_rapcid_backbone_208_model_3_seq6_plusRAP	/scratch/a2149a01/RAPCID_2610_output/af3_plusRAP_inputs/RAPCID_backbone_rapcid_backbone_208_model_3_seq6_plusRAP.json	backbone	RAPCID_backbone_rapcid_backbone_208_model_3	6	29	28	0.4070582563726344	0.34545454545454546	0.4484	0.3672	0.38829540728687734
RAPCID_backbone_rapcid_backbone_208_model_3_seq5_plusRAP	/scratch/a2149a01/RAPCID_2610_output/af3_plusRAP_inputs/RAPCID_backbone_rapcid_backbone_208_model_3_seq5_plusRAP.json	backbone	RAPCID_backbone_rapcid_backbone_208_model_3	5	29	28	0.4070582563726344	0.34545454545454546	0.4377	0.337	0.3857154072868773
RAPCID_backbone_rapcid_backbone_36_model_3_seq7_plusRAP	/scratch/a2149a01/RAPCID_2610_output/af3_plusRAP_inputs/RAPCID_backbone_rapcid_backbone_36_model_3_seq7_plusRAP.json	backbone_long	RAPCID_backbone_rapcid_backbone_36_model_3	7	46	56	0.4070465976457762	0.2962962962962963	0.4928	0.3638	0.3802705985702289
RAPCID_backbone_rapcid_backbone_36_model_3_seq8_plusRAP	/scratch/a2149a01/RAPCID_2610_output/af3_plusRAP_inputs/RAPCID_backbone_rapcid_backbone_36_model_3_seq8_plusRAP.json	backbone_long	RAPCID_backbone_rapcid_backbone_36_model_3	8	46	56	0.4070465976457762	0.2962962962962963	0.4892	0.3556	0.37950059857022894
RAPCID_backbone_rapcid_backbone_235_model_2_seq7_plusRAP	/scratch/a2149a01/RAPCID_2610_output/af3_plusRAP_inputs/RAPCID_backbone_rapcid_backbone_235_model_2_seq7_plusRAP.json	backbone	RAPCID_backbone_rapcid_backbone_235_model_2	7	35	41	0.4068429569991999	0.3392857142857143	0.3655	0.3999	0.3911124258877352
RAPCID_backbone_rapcid_backbone_235_model_2_seq2_plusRAP	/scratch/a2149a01/RAPCID_2610_output/af3_plusRAP_inputs/RAPCID_backbone_rapcid_backbone_235_model_2_seq2_plusRAP.json	backbone	RAPCID_backbone_rapcid_backbone_235_model_2	2	35	41	0.4068429569991999	0.3392857142857143	0.3384	0.3573	0.3862724258877352
RAPCID_backbone_rapcid_backbone_124_model_7_seq8_plusRAP	/scratch/a2149a01/RAPCID_2610_output/af3_plusRAP_inputs/RAPCID_backbone_rapcid_backbone_124_model_7_seq8_plusRAP.json	backbone_denovo	RAPCID_backbone_rapcid_backbone_124_model_7	8	61	47	0.40597811752493485	0.38181818181818183	0.4367	0.3866	0.39114469834076615
RAPCID_backbone_rapcid_backbone_124_model_7_seq4_plusRAP	/scratch/a2149a01/RAPCID_2610_output/af3_plusRAP_inputs/RAPCID_backbone_rapcid_backbone_124_model_7_seq4_plusRAP.json	backbone_denovo	RAPCID_backbone_rapcid_backbone_124_model_7	4	61	47	0.40597811752493485	0.38181818181818183	0.4252	0.3802	0.3896746983407662
RAPCID_backbone_rapcid_backbone_38_model_4_seq5_plusRAP	/scratch/a2149a01/RAPCID_2610_output/af3_plusRAP_inputs/RAPCID_backbone_rapcid_backbone_38_model_4_seq5_plusRAP.json	backbone_long	RAPCID_backbone_rapcid_backbone_38_model_4	5	49	46	0.4058272989888906	0.32142857142857145	0.4238	0.32	0.3880260940688103
RAPCID_backbone_rapcid_backbone_38_model_4_seq8_plusRAP	/scratch/a2149a01/RAPCID_2610_output/af3_plusRAP_inputs/RAPCID_backbone_rapcid_backbone_38_model_4_seq8_plusRAP.json	backbone_long	RAPCID_backbone_rapcid_backbone_38_model_4	8	49	46	0.4058272989888906	0.32142857142857145	0.4187	0.3145	0.3872410940688103
RAPCID_backbone_rapcid_backbone_141_model_4_seq1_plusRAP	/scratch/a2149a01/RAPCID_2610_output/af3_plusRAP_inputs/RAPCID_backbone_rapcid_backbone_141_model_4_seq1_plusRAP.json	backbone_long	RAPCID_backbone_rapcid_backbone_141_model_4	1	39	36	0.40567471782379305	0.3148148148148148	0.3407	0.3067	0.3717734378355217
RAPCID_backbone_rapcid_backbone_141_model_4_seq5_plusRAP	/scratch/a2149a01/RAPCID_2610_output/af3_plusRAP_inputs/RAPCID_backbone_rapcid_backbone_141_model_4_seq5_plusRAP.json	backbone_long	RAPCID_backbone_rapcid_backbone_141_model_4	5	39	36	0.40567471782379305	0.3148148148148148	0.3317	0.3112	0.3710984378355217
RAPCID_backbone_rapcid_backbone_17_model_4_seq7_plusRAP	/scratch/a2149a01/RAPCID_2610_output/af3_plusRAP_inputs/RAPCID_backbone_rapcid_backbone_17_model_4_seq7_plusRAP.json	backbone_denovo	RAPCID_backbone_rapcid_backbone_17_model_4	7	60	70	0.40565279982998037	0.3148148148148148	0.5008	0.3754	0.38565301918275047
RAPCID_backbone_rapcid_backbone_17_model_4_seq2_plusRAP	/scratch/a2149a01/RAPCID_2610_output/af3_plusRAP_inputs/RAPCID_backbone_rapcid_backbone_17_model_4_seq2_plusRAP.json	backbone_denovo	RAPCID_backbone_rapcid_backbone_17_model_4	2	60	70	0.40565279982998037	0.3148148148148148	0.4778	0.3698	0.38307301918275044
RAPCID_backbone_rapcid_backbone_213_model_5_seq5_plusRAP	/scratch/a2149a01/RAPCID_2610_output/af3_plusRAP_inputs/RAPCID_backbone_rapcid_backbone_213_model_5_seq5_plusRAP.json	backbone_denovo	RAPCID_backbone_rapcid_backbone_213_model_5	5	21	43	0.42674273440264665	0.32727272727272727	0.4219	0.3571	0.395008523410484
RAPCID_backbone_rapcid_backbone_213_model_5_seq5_plusRAP	/scratch/a2149a01/RAPCID_2610_output/af3_plusRAP_inputs/RAPCID_backbone_rapcid_backbone_213_model_5_seq5_plusRAP.json	backbone	RAPCID_backbone_rapcid_backbone_213_model_5	5	21	43	0.40461904723307285	0.3090909090909091	0.4219	0.3571	0.37495185408316567
RAPCID_backbone_rapcid_backbone_167_model_3_seq4_plusRAP	/scratch/a2149a01/RAPCID_2610_output/af3_plusRAP_inputs/RAPCID_backbone_rapcid_backbone_167_model_3_seq4_plusRAP.json	backbone	RAPCID_backbone_rapcid_backbone_167_model_3	4	40	37	0.4045956959961039	0.32727272727272727	0.468	0.3311	0.38835235612753966
RAPCID_backbone_rapcid_backbone_167_model_3_seq4_plusRAP	/scratch/a2149a01/RAPCID_2610_output/af3_plusRAP_inputs/RAPCID_backbone_rapcid_backbone_167_model_3_seq4_plusRAP.json	backbone_denovo	RAPCID_backbone_rapcid_backbone_167_model_3	4	40	37	0.2541403527538858	0.14035087719298245	0.468	0.3311	0.22391698914860536
RAPCID_backbone_rapcid_backbone_194_model_1_seq5_plusRAP	/scratch/a2149a01/RAPCID_2610_output/af3_plusRAP_inputs/RAPCID_backbone_rapcid_backbone_194_model_1_seq5_plusRAP.json	backbone	RAPCID_backbone_rapcid_backbone_194_model_1	5	12	37	0.40456238714812987	0.23214285714285715	0.3191	0.2573	0.3237526773912616
RAPCID_backbone_rapcid_backbone_194_model_1_seq8_plusRAP	/scratch/a2149a01/RAPCID_2610_output/af3_plusRAP_inputs/RAPCID_backbone_rapcid_backbone_194_model_1_seq8_plusRAP.json	backbone	RAPCID_backbone_rapcid_backbone_194_model_1	8	12	37	0.40456238714812987	0.23214285714285715	0.3085	0.2558	0.3226176773912616
RAPCID_backbone_rapcid_backbone_193_model_1_seq3_plusRAP	/scratch/a2149a01/RAPCID_2610_output/af3_plusRAP_inputs/RAPCID_backbone_rapcid_backbone_193_model_1_seq3_plusRAP.json	backbone_long	RAPCID_backbone_rapcid_backbone_193_model_1	3	47	49	0.4045325797300251	0.2	0.3931	0.3468	0.34424521643406686
RAPCID_backbone_rapcid_backbone_193_model_1_seq6_plusRAP	/scratch/a2149a01/RAPCID_2610_output/af3_plusRAP_inputs/RAPCID_backbone_rapcid_backbone_193_model_1_seq6_plusRAP.json	backbone_long	RAPCID_backbone_rapcid_backbone_193_model_1	6	47	49	0.4045325797300251	0.2	0.373	0.3321	0.3415002164340668
RAPCID_backbone_rapcid_backbone_11_model_6_seq6_plusRAP	/scratch/a2149a01/RAPCID_2610_output/af3_plusRAP_inputs/RAPCID_backbone_rapcid_backbone_11_model_6_seq6_plusRAP.json	backbone	RAPCID_backbone_rapcid_backbone_11_model_6	6	33	19	0.4038907214833153	0.25	0.4452	0.4201	0.370886935778603
RAPCID_backbone_rapcid_backbone_11_model_6_seq5_plusRAP	/scratch/a2149a01/RAPCID_2610_output/af3_plusRAP_inputs/RAPCID_backbone_rapcid_backbone_11_model_6_seq5_plusRAP.json	backbone	RAPCID_backbone_rapcid_backbone_11_model_6	5	33	19	0.4038907214833153	0.25	0.4337	0.4054	0.369001935778603
RAPCID_backbone_rapcid_backbone_147_model_0_seq6_plusRAP	/scratch/a2149a01/RAPCID_2610_output/af3_plusRAP_inputs/RAPCID_backbone_rapcid_backbone_147_model_0_seq6_plusRAP.json	backbone_long	RAPCID_backbone_rapcid_backbone_147_model_0	6	44	51	0.40034179207281007	0.30357142857142855	0.4157	0.3467	0.37050721913117723
RAPCID_backbone_rapcid_backbone_147_model_0_seq5_plusRAP	/scratch/a2149a01/RAPCID_2610_output/af3_plusRAP_inputs/RAPCID_backbone_rapcid_backbone_147_model_0_seq5_plusRAP.json	backbone_long	RAPCID_backbone_rapcid_backbone_147_model_0	5	44	51	0.40034179207281007	0.30357142857142855	0.4029	0.3641	0.3700972191311772
RAPCID_backbone_rapcid_backbone_0_model_5_seq6_plusRAP	/scratch/a2149a01/RAPCID_2610_output/af3_plusRAP_inputs/RAPCID_backbone_rapcid_backbone_0_model_5_seq6_plusRAP.json	backbone	RAPCID_backbone_rapcid_backbone_0_model_5	6	24	32	0.39959117875116834	0.3090909090909091	0.4533	0.3738	0.3822198688218641
RAPCID_backbone_rapcid_backbone_0_model_5_seq3_plusRAP	/scratch/a2149a01/RAPCID_2610_output/af3_plusRAP_inputs/RAPCID_backbone_rapcid_backbone_0_model_5_seq3_plusRAP.json	backbone	RAPCID_backbone_rapcid_backbone_0_model_5	3	24	32	0.39959117875116834	0.3090909090909091	0.4301	0.3501	0.3787148688218641
RAPCID_backbone_rapcid_backbone_96_model_7_seq3_plusRAP	/scratch/a2149a01/RAPCID_2610_output/af3_plusRAP_inputs/RAPCID_backbone_rapcid_backbone_96_model_7_seq3_plusRAP.json	backbone_long	RAPCID_backbone_rapcid_backbone_96_model_7	3	39	44	0.3988632237265626	0.2727272727272727	0.4082	0.356	0.3618458244143269
RAPCID_backbone_rapcid_backbone_96_model_7_seq2_plusRAP	/scratch/a2149a01/RAPCID_2610_output/af3_plusRAP_inputs/RAPCID_backbone_rapcid_backbone_96_model_7_seq2_plusRAP.json	backbone_long	RAPCID_backbone_rapcid_backbone_96_model_7	2	39	44	0.3988632237265626	0.2727272727272727	0.4059	0.3677	0.3622008244143269
RAPCID_backbone_rapcid_backbone_123_model_7_seq3_plusRAP	/scratch/a2149a01/RAPCID_2610_output/af3_plusRAP_inputs/RAPCID_backbone_rapcid_backbone_123_model_7_seq3_plusRAP.json	backbone_long	RAPCID_backbone_rapcid_backbone_123_model_7	3	37	45	0.39880454252165176	0.2982456140350877	0.477	0.292	0.37187900319907075
RAPCID_backbone_rapcid_backbone_123_model_7_seq7_plusRAP	/scratch/a2149a01/RAPCID_2610_output/af3_plusRAP_inputs/RAPCID_backbone_rapcid_backbone_123_model_7_seq7_plusRAP.json	backbone_long	RAPCID_backbone_rapcid_backbone_123_model_7	7	37	45	0.39880454252165176	0.2982456140350877	0.4295	0.3081	0.3679340031990707
RAPCID_backbone_rapcid_backbone_175_model_7_seq8_plusRAP	/scratch/a2149a01/RAPCID_2610_output/af3_plusRAP_inputs/RAPCID_backbone_rapcid_backbone_175_model_7_seq8_plusRAP.json	backbone_long	RAPCID_backbone_rapcid_backbone_175_model_7	8	45	28	0.39836698423562567	0.2222222222222222	0.386	0.2787	0.33180014290603155
RAPCID_backbone_rapcid_backbone_175_model_7_seq3_plusRAP	/scratch/a2149a01/RAPCID_2610_output/af3_plusRAP_inputs/RAPCID_backbone_rapcid_backbone_175_model_7_seq3_plusRAP.json	backbone_long	RAPCID_backbone_rapcid_backbone_175_model_7	3	45	28	0.39836698423562567	0.2222222222222222	0.3774	0.2914	0.3315751429060315
RAPCID_backbone_rapcid_backbone_204_model_3_seq1_plusRAP	/scratch/a2149a01/RAPCID_2610_output/af3_plusRAP_inputs/RAPCID_backbone_rapcid_backbone_204_model_3_seq1_plusRAP.json	backbone	RAPCID_backbone_rapcid_backbone_204_model_3	1	36	12	0.3977424775272095	0.24561403508771928	0.3364	0.301	0.33352206810361856
RAPCID_backbone_rapcid_backbone_204_model_3_seq4_plusRAP	/scratch/a2149a01/RAPCID_2610_output/af3_plusRAP_inputs/RAPCID_backbone_rapcid_backbone_204_model_3_seq4_plusRAP.json	backbone	RAPCID_backbone_rapcid_backbone_204_model_3	4	36	12	0.3977424775272095	0.24561403508771928	0.3272	0.3057	0.33283706810361857
RAPCID_backbone_rapcid_backbone_106_model_2_seq5_plusRAP	/scratch/a2149a01/RAPCID_2610_output/af3_plusRAP_inputs/RAPCID_backbone_rapcid_backbone_106_model_2_seq5_plusRAP.json	backbone	RAPCID_backbone_rapcid_backbone_106_model_2	5	33	42	0.3976698808042757	0.2962962962962963	0.4516	0.3074	0.3691110759915537
RAPCID_backbone_rapcid_backbone_106_model_2_seq8_plusRAP	/scratch/a2149a01/RAPCID_2610_output/af3_plusRAP_inputs/RAPCID_backbone_rapcid_backbone_106_model_2_seq8_plusRAP.json	backbone	RAPCID_backbone_rapcid_backbone_106_model_2	8	33	42	0.3976698808042757	0.2962962962962963	0.4447	0.3137	0.3687360759915537
RAPCID_backbone_rapcid_backbone_126_model_2_seq7_plusRAP	/scratch/a2149a01/RAPCID_2610_output/af3_plusRAP_inputs/RAPCID_backbone_rapcid_backbone_126_model_2_seq7_plusRAP.json	backbone_long	RAPCID_backbone_rapcid_backbone_126_model_2	7	34	46	0.39761886834213955	0.32142857142857145	0.3881	0.3621	0.3773117447222168
RAPCID_backbone_rapcid_backbone_126_model_2_seq6_plusRAP	/scratch/a2149a01/RAPCID_2610_output/af3_plusRAP_inputs/RAPCID_backbone_rapcid_backbone_126_model_2_seq6_plusRAP.json	backbone_long	RAPCID_backbone_rapcid_backbone_126_model_2	6	34	46	0.39761886834213955	0.32142857142857145	0.3669	0.3489	0.3745317447222168
RAPCID_backbone_rapcid_backbone_186_model_5_seq1_plusRAP	/scratch/a2149a01/RAPCID_2610_output/af3_plusRAP_inputs/RAPCID_backbone_rapcid_backbone_186_model_5_seq1_plusRAP.json	backbone	RAPCID_backbone_rapcid_backbone_186_model_5	1	39	35	0.3971758533519867	0.24561403508771928	0.4449	0.3802	0.34807708722476827
RAPCID_backbone_rapcid_backbone_186_model_5_seq1_plusRAP	/scratch/a2149a01/RAPCID_2610_output/af3_plusRAP_inputs/RAPCID_backbone_rapcid_backbone_186_model_5_seq1_plusRAP.json	backbone_long	RAPCID_backbone_rapcid_backbone_186_model_5	1	39	35	0.2980515831659255	0.14545454545454545	0.4449	0.3802	0.2784312932327473
RAPCID_backbone_rapcid_backbone_138_model_1_seq3_plusRAP	/scratch/a2149a01/RAPCID_2610_output/af3_plusRAP_inputs/RAPCID_backbone_rapcid_backbone_138_model_1_seq3_plusRAP.json	backbone	RAPCID_backbone_rapcid_backbone_138_model_1	3	29	23	0.39706272579427837	0.23214285714285715	0.468	0.3892	0.347418385337584
RAPCID_backbone_rapcid_backbone_138_model_1_seq6_plusRAP	/scratch/a2149a01/RAPCID_2610_output/af3_plusRAP_inputs/RAPCID_backbone_rapcid_backbone_138_model_1_seq6_plusRAP.json	backbone	RAPCID_backbone_rapcid_backbone_138_model_1	6	29	23	0.39706272579427837	0.23214285714285715	0.4528	0.3895	0.34591338533758403
RAPCID_backbone_rapcid_backbone_130_model_7_seq5_plusRAP	/scratch/a2149a01/RAPCID_2610_output/af3_plusRAP_inputs/RAPCID_backbone_rapcid_backbone_130_model_7_seq5_plusRAP.json	backbone	RAPCID_backbone_rapcid_backbone_130_model_7	5	32	37	0.3970515907810094	0.2962962962962963	0.3991	0.3191	0.3641678454810839
RAPCID_backbone_rapcid_backbone_130_model_7_seq3_plusRAP	/scratch/a2149a01/RAPCID_2610_output/af3_plusRAP_inputs/RAPCID_backbone_rapcid_backbone_130_model_7_seq3_plusRAP.json	backbone	RAPCID_backbone_rapcid_backbone_130_model_7	3	32	37	0.3970515907810094	0.2962962962962963	0.3868	0.3245	0.36320784548108387
RAPCID_backbone_rapcid_backbone_228_model_3_seq3_plusRAP	/scratch/a2149a01/RAPCID_2610_output/af3_plusRAP_inputs/RAPCID_backbone_rapcid_backbone_228_model_3_seq3_plusRAP.json	backbone	RAPCID_backbone_rapcid_backbone_228_model_3	3	46	28	0.3962156309011414	0.2807017543859649	0.4082	0.3345	0.3560174725020049
RAPCID_backbone_rapcid_backbone_228_model_3_seq1_plusRAP	/scratch/a2149a01/RAPCID_2610_output/af3_plusRAP_inputs/RAPCID_backbone_rapcid_backbone_228_model_3_seq1_plusRAP.json	backbone	RAPCID_backbone_rapcid_backbone_228_model_3	1	46	28	0.3962156309011414	0.2807017543859649	0.3651	0.3047	0.35021747250200486
RAPCID_backbone_rapcid_backbone_16_model_1_seq7_plusRAP	/scratch/a2149a01/RAPCID_2610_output/af3_plusRAP_inputs/RAPCID_backbone_rapcid_backbone_16_model_1_seq7_plusRAP.json	backbone_long	RAPCID_backbone_rapcid_backbone_16_model_1	7	34	32	0.3957577831244613	0.25925925925925924	0.4297	0.3232	0.357591372776378
RAPCID_backbone_rapcid_backbone_16_model_1_seq7_plusRAP	/scratch/a2149a01/RAPCID_2610_output/af3_plusRAP_inputs/RAPCID_backbone_rapcid_backbone_16_model_1_seq7_plusRAP.json	backbone_denovo	RAPCID_backbone_rapcid_backbone_16_model_1	7	34	32	0.24201586506610684	0.12727272727272726	0.4297	0.3232	0.2276330988757077
RAPCID_backbone_rapcid_backbone_248_model_3_seq3_plusRAP	/scratch/a2149a01/RAPCID_2610_output/af3_plusRAP_inputs/RAPCID_backbone_rapcid_backbone_248_model_3_seq3_plusRAP.json	backbone	RAPCID_backbone_rapcid_backbone_248_model_3	3	38	14	0.3955832377122107	0.32142857142857145	0.443	0.3825	0.3829057109387488
RAPCID_backbone_rapcid_backbone_248_model_3_seq2_plusRAP	/scratch/a2149a01/RAPCID_2610_output/af3_plusRAP_inputs/RAPCID_backbone_rapcid_backbone_248_model_3_seq2_plusRAP.json	backbone	RAPCID_backbone_rapcid_backbone_248_model_3	2	38	14	0.3955832377122107	0.32142857142857145	0.4144	0.3706	0.37945071093874877
RAPCID_backbone_rapcid_backbone_195_model_3_seq3_plusRAP	/scratch/a2149a01/RAPCID_2610_output/af3_plusRAP_inputs/RAPCID_backbone_rapcid_backbone_195_model_3_seq3_plusRAP.json	backbone	RAPCID_backbone_rapcid_backbone_195_model_3	3	35	32	0.395562892944592	0.25	0.3672	0.3071	0.34257830182506643
RAPCID_backbone_rapcid_backbone_195_model_3_seq3_plusRAP	/scratch/a2149a01/RAPCID_2610_output/af3_plusRAP_inputs/RAPCID_backbone_rapcid_backbone_195_model_3_seq3_plusRAP.json	backbone_long	RAPCID_backbone_rapcid_backbone_195_model_3	3	35	32	0.29476544616978917	0.16071428571428573	0.3672	0.3071	0.26378691109386543
RAPCID_backbone_rapcid_backbone_6_model_2_seq3_plusRAP	/scratch/a2149a01/RAPCID_2610_output/af3_plusRAP_inputs/RAPCID_backbone_rapcid_backbone_6_model_2_seq3_plusRAP.json	backbone	RAPCID_backbone_rapcid_backbone_6_model_2	3	32	31	0.39540751108768724	0.25925925925925924	0.3522	0.2888	0.35351930591538516
RAPCID_backbone_rapcid_backbone_6_model_2_seq3_plusRAP	/scratch/a2149a01/RAPCID_2610_output/af3_plusRAP_inputs/RAPCID_backbone_rapcid_backbone_6_model_2_seq3_plusRAP.json	backbone_denovo	RAPCID_backbone_rapcid_backbone_6_model_2	3	32	31	0.3053487892429998	0.21428571428571427	0.3522	0.2888	0.2906383837307785
RAPCID_backbone_rapcid_backbone_3_model_0_seq7_plusRAP	/scratch/a2149a01/RAPCID_2610_output/af3_plusRAP_inputs/RAPCID_backbone_rapcid_backbone_3_model_0_seq7_plusRAP.json	backbone_denovo	RAPCID_backbone_rapcid_backbone_3_model_0	7	40	47	0.3953292204376837	0.34545454545454546	0.4709	0.411	0.37634623000503853
RAPCID_backbone_rapcid_backbone_3_model_0_seq1_plusRAP	/scratch/a2149a01/RAPCID_2610_output/af3_plusRAP_inputs/RAPCID_backbone_rapcid_backbone_3_model_0_seq1_plusRAP.json	backbone_denovo	RAPCID_backbone_rapcid_backbone_3_model_0	1	40	47	0.3953292204376837	0.34545454545454546	0.4676	0.4343	0.3771812300050385
RAPCID_backbone_rapcid_backbone_76_model_1_seq6_plusRAP	/scratch/a2149a01/RAPCID_2610_output/af3_plusRAP_inputs/RAPCID_backbone_rapcid_backbone_76_model_1_seq6_plusRAP.json	backbone	RAPCID_backbone_rapcid_backbone_76_model_1	6	26	29	0.39466545959674737	0.2962962962962963	0.4008	0.289	0.35620353089261036
RAPCID_backbone_rapcid_backbone_76_model_1_seq2_plusRAP	/scratch/a2149a01/RAPCID_2610_output/af3_plusRAP_inputs/RAPCID_backbone_rapcid_backbone_76_model_1_seq2_plusRAP.json	backbone	RAPCID_backbone_rapcid_backbone_76_model_1	2	26	29	0.39466545959674737	0.2962962962962963	0.3796	0.2828	0.3537735308926103
RAPCID_backbone_rapcid_backbone_171_model_0_seq2_plusRAP	/scratch/a2149a01/RAPCID_2610_output/af3_plusRAP_inputs/RAPCID_backbone_rapcid_backbone_171_model_0_seq2_plusRAP.json	backbone_long	RAPCID_backbone_rapcid_backbone_171_model_0	2	49	45	0.39434248332103805	0.2962962962962963	0.4329	0.377	0.3692237471240968
RAPCID_backbone_rapcid_backbone_171_model_0_seq4_plusRAP	/scratch/a2149a01/RAPCID_2610_output/af3_plusRAP_inputs/RAPCID_backbone_rapcid_backbone_171_model_0_seq4_plusRAP.json	backbone_long	RAPCID_backbone_rapcid_backbone_171_model_0	4	49	45	0.39434248332103805	0.2962962962962963	0.4229	0.3951	0.3691287471240968
RAPCID_backbone_rapcid_backbone_231_model_0_seq4_plusRAP	/scratch/a2149a01/RAPCID_2610_output/af3_plusRAP_inputs/RAPCID_backbone_rapcid_backbone_231_model_0_seq4_plusRAP.json	backbone_denovo	RAPCID_backbone_rapcid_backbone_231_model_0	4	45	47	0.3943382228749057	0.32727272727272727	0.3556	0.3038	0.3711314932230005
RAPCID_backbone_rapcid_backbone_231_model_0_seq4_plusRAP	/scratch/a2149a01/RAPCID_2610_output/af3_plusRAP_inputs/RAPCID_backbone_rapcid_backbone_231_model_0_seq4_plusRAP.json	backbone_long	RAPCID_backbone_rapcid_backbone_231_model_0	4	45	47	0.2884736951933877	0.21052631578947367	0.3556	0.3038	0.2720836306732818
RAPCID_backbone_rapcid_backbone_40_model_1_seq4_plusRAP	/scratch/a2149a01/RAPCID_2610_output/af3_plusRAP_inputs/RAPCID_backbone_rapcid_backbone_40_model_1_seq4_plusRAP.json	backbone_long	RAPCID_backbone_rapcid_backbone_40_model_1	4	60	55	0.3938073817185702	0.32142857142857145	0.459	0.3795	0.3780010201860551
RAPCID_backbone_rapcid_backbone_40_model_1_seq6_plusRAP	/scratch/a2149a01/RAPCID_2610_output/af3_plusRAP_inputs/RAPCID_backbone_rapcid_backbone_40_model_1_seq6_plusRAP.json	backbone_long	RAPCID_backbone_rapcid_backbone_40_model_1	6	60	55	0.3938073817185702	0.32142857142857145	0.432	0.3631	0.37448102018605506
RAPCID_backbone_rapcid_backbone_35_model_5_seq4_plusRAP	/scratch/a2149a01/RAPCID_2610_output/af3_plusRAP_inputs/RAPCID_backbone_rapcid_backbone_35_model_5_seq4_plusRAP.json	backbone_long	RAPCID_backbone_rapcid_backbone_35_model_5	4	42	36	0.39340776130290234	0.19642857142857142	0.4359	0.3519	0.3317700798878933
RAPCID_backbone_rapcid_backbone_35_model_5_seq6_plusRAP	/scratch/a2149a01/RAPCID_2610_output/af3_plusRAP_inputs/RAPCID_backbone_rapcid_backbone_35_model_5_seq6_plusRAP.json	backbone_long	RAPCID_backbone_rapcid_backbone_35_model_5	6	42	36	0.39340776130290234	0.19642857142857142	0.4067	0.3382	0.3281650798878933
RAPCID_backbone_rapcid_backbone_87_model_6_seq8_plusRAP	/scratch/a2149a01/RAPCID_2610_output/af3_plusRAP_inputs/RAPCID_backbone_rapcid_backbone_87_model_6_seq8_plusRAP.json	backbone_long	RAPCID_backbone_rapcid_backbone_87_model_6	8	48	52	0.3929391871100384	0.2909090909090909	0.3371	0.3688	0.3572554624823456
RAPCID_backbone_rapcid_backbone_87_model_6_seq5_plusRAP	/scratch/a2149a01/RAPCID_2610_output/af3_plusRAP_inputs/RAPCID_backbone_rapcid_backbone_87_model_6_seq5_plusRAP.json	backbone_long	RAPCID_backbone_rapcid_backbone_87_model_6	5	48	52	0.3929391871100384	0.2909090909090909	0.3202	0.3578	0.35501546248234556
RAPCID_backbone_rapcid_backbone_79_model_4_seq3_plusRAP	/scratch/a2149a01/RAPCID_2610_output/af3_plusRAP_inputs/RAPCID_backbone_rapcid_backbone_79_model_4_seq3_plusRAP.json	backbone	RAPCID_backbone_rapcid_backbone_79_model_4	3	23	33	0.3924709819024226	0.3090909090909091	0.4807	0.3126	0.37869578023992856
RAPCID_backbone_rapcid_backbone_79_model_4_seq2_plusRAP	/scratch/a2149a01/RAPCID_2610_output/af3_plusRAP_inputs/RAPCID_backbone_rapcid_backbone_79_model_4_seq2_plusRAP.json	backbone	RAPCID_backbone_rapcid_backbone_79_model_4	2	23	33	0.3924709819024226	0.3090909090909091	0.4415	0.3753	0.37791078023992863
RAPCID_backbone_rapcid_backbone_173_model_1_seq7_plusRAP	/scratch/a2149a01/RAPCID_2610_output/af3_plusRAP_inputs/RAPCID_backbone_rapcid_backbone_173_model_1_seq7_plusRAP.json	backbone	RAPCID_backbone_rapcid_backbone_173_model_1	7	39	33	0.3918438739036393	0.26785714285714285	0.3727	0.2811	0.3501745845264789
RAPCID_backbone_rapcid_backbone_173_model_1_seq6_plusRAP	/scratch/a2149a01/RAPCID_2610_output/af3_plusRAP_inputs/RAPCID_backbone_rapcid_backbone_173_model_1_seq6_plusRAP.json	backbone	RAPCID_backbone_rapcid_backbone_173_model_1	6	39	33	0.3918438739036393	0.26785714285714285	0.3702	0.2902	0.35037958452647894
RAPCID_backbone_rapcid_backbone_20_model_0_seq7_plusRAP	/scratch/a2149a01/RAPCID_2610_output/af3_plusRAP_inputs/RAPCID_backbone_rapcid_backbone_20_model_0_seq7_plusRAP.json	backbone_long	RAPCID_backbone_rapcid_backbone_20_model_0	7	34	33	0.3915777324097942	0.30357142857142855	0.3601	0.2633	0.3623889478383756
RAPCID_backbone_rapcid_backbone_20_model_0_seq2_plusRAP	/scratch/a2149a01/RAPCID_2610_output/af3_plusRAP_inputs/RAPCID_backbone_rapcid_backbone_20_model_0_seq2_plusRAP.json	backbone_long	RAPCID_backbone_rapcid_backbone_20_model_0	2	34	33	0.3915777324097942	0.30357142857142855	0.3574	0.287	0.3633039478383756
RAPCID_backbone_rapcid_backbone_53_model_0_seq4_plusRAP	/scratch/a2149a01/RAPCID_2610_output/af3_plusRAP_inputs/RAPCID_backbone_rapcid_backbone_53_model_0_seq4_plusRAP.json	backbone_long	RAPCID_backbone_rapcid_backbone_53_model_0	4	40	52	0.39149312912399037	0.2982456140350877	0.5578	0.3447	0.3848594227256787
RAPCID_backbone_rapcid_backbone_53_model_0_seq2_plusRAP	/scratch/a2149a01/RAPCID_2610_output/af3_plusRAP_inputs/RAPCID_backbone_rapcid_backbone_53_model_0_seq2_plusRAP.json	backbone_long	RAPCID_backbone_rapcid_backbone_53_model_0	2	40	52	0.39149312912399037	0.2982456140350877	0.5275	0.3611	0.3826494227256787
RAPCID_backbone_rapcid_backbone_53_model_2_seq1_plusRAP	/scratch/a2149a01/RAPCID_2610_output/af3_plusRAP_inputs/RAPCID_backbone_rapcid_backbone_53_model_2_seq1_plusRAP.json	backbone	RAPCID_backbone_rapcid_backbone_53_model_2	1	21	39	0.3909469624677461	0.2909090909090909	0.4092	0.3629	0.363273961393314
RAPCID_backbone_rapcid_backbone_53_model_2_seq1_plusRAP	/scratch/a2149a01/RAPCID_2610_output/af3_plusRAP_inputs/RAPCID_backbone_rapcid_backbone_53_model_2_seq1_plusRAP.json	backbone_denovo	RAPCID_backbone_rapcid_backbone_53_model_2	1	21	39	0.29818076856352393	0.14545454545454545	0.4092	0.3629	0.26849887110611104
RAPCID_backbone_rapcid_backbone_204_model_4_seq6_plusRAP	/scratch/a2149a01/RAPCID_2610_output/af3_plusRAP_inputs/RAPCID_backbone_rapcid_backbone_204_model_4_seq6_plusRAP.json	backbone_long	RAPCID_backbone_rapcid_backbone_204_model_4	6	39	37	0.3899329395996358	0.30357142857142855	0.4563	0.3901	0.3720532355182488
RAPCID_backbone_rapcid_backbone_204_model_4_seq5_plusRAP	/scratch/a2149a01/RAPCID_2610_output/af3_plusRAP_inputs/RAPCID_backbone_rapcid_backbone_204_model_4_seq5_plusRAP.json	backbone_long	RAPCID_backbone_rapcid_backbone_204_model_4	5	39	37	0.3899329395996358	0.30357142857142855	0.4538	0.3751	0.3710532355182488
RAPCID_backbone_rapcid_backbone_63_model_7_seq5_plusRAP	/scratch/a2149a01/RAPCID_2610_output/af3_plusRAP_inputs/RAPCID_backbone_rapcid_backbone_63_model_7_seq5_plusRAP.json	backbone	RAPCID_backbone_rapcid_backbone_63_model_7	5	37	47	0.3893089580460586	0.2545454545454545	0.3334	0.3115	0.3266292836459789
RAPCID_backbone_rapcid_backbone_63_model_7_seq3_plusRAP	/scratch/a2149a01/RAPCID_2610_output/af3_plusRAP_inputs/RAPCID_backbone_rapcid_backbone_63_model_7_seq3_plusRAP.json	backbone	RAPCID_backbone_rapcid_backbone_63_model_7	3	37	47	0.3893089580460586	0.2545454545454545	0.3227	0.3056	0.3252642836459789
RAPCID_backbone_rapcid_backbone_65_model_7_seq4_plusRAP	/scratch/a2149a01/RAPCID_2610_output/af3_plusRAP_inputs/RAPCID_backbone_rapcid_backbone_65_model_7_seq4_plusRAP.json	backbone	RAPCID_backbone_rapcid_backbone_65_model_7	4	32	27	0.3892204903682658	0.21428571428571427	0.4275	0.3728	0.3234439825704815
RAPCID_backbone_rapcid_backbone_65_model_7_seq3_plusRAP	/scratch/a2149a01/RAPCID_2610_output/af3_plusRAP_inputs/RAPCID_backbone_rapcid_backbone_65_model_7_seq3_plusRAP.json	backbone	RAPCID_backbone_rapcid_backbone_65_model_7	3	32	27	0.3892204903682658	0.21428571428571427	0.422	0.3907	0.32378898257048155
RAPCID_backbone_rapcid_backbone_138_model_0_seq1_plusRAP	/scratch/a2149a01/RAPCID_2610_output/af3_plusRAP_inputs/RAPCID_backbone_rapcid_backbone_138_model_0_seq1_plusRAP.json	backbone	RAPCID_backbone_rapcid_backbone_138_model_0	1	29	23	0.3887931505072567	0.23214285714285715	0.4402	0.3433	0.3552887431250909
RAPCID_backbone_rapcid_backbone_138_model_0_seq7_plusRAP	/scratch/a2149a01/RAPCID_2610_output/af3_plusRAP_inputs/RAPCID_backbone_rapcid_backbone_138_model_0_seq7_plusRAP.json	backbone	RAPCID_backbone_rapcid_backbone_138_model_0	7	29	23	0.3887931505072567	0.23214285714285715	0.4234	0.3497	0.3539287431250909
RAPCID_backbone_rapcid_backbone_234_model_6_seq7_plusRAP	/scratch/a2149a01/RAPCID_2610_output/af3_plusRAP_inputs/RAPCID_backbone_rapcid_backbone_234_model_6_seq7_plusRAP.json	backbone_denovo	RAPCID_backbone_rapcid_backbone_234_model_6	7	48	66	0.38845273726518914	0.2727272727272727	0.4672	0.3578	0.3687066610622644
RAPCID_backbone_rapcid_backbone_234_model_6_seq2_plusRAP	/scratch/a2149a01/RAPCID_2610_output/af3_plusRAP_inputs/RAPCID_backbone_rapcid_backbone_234_model_6_seq2_plusRAP.json	backbone_denovo	RAPCID_backbone_rapcid_backbone_234_model_6	2	48	66	0.38845273726518914	0.2727272727272727	0.4172	0.3781	0.3647216610622644
RAPCID_backbone_rapcid_backbone_149_model_6_seq7_plusRAP	/scratch/a2149a01/RAPCID_2610_output/af3_plusRAP_inputs/RAPCID_backbone_rapcid_backbone_149_model_6_seq7_plusRAP.json	backbone_long	RAPCID_backbone_rapcid_backbone_149_model_6	7	33	48	0.3878594710586708	0.2727272727272727	0.4072	0.3025	0.35411913571377557
RAPCID_backbone_rapcid_backbone_149_model_6_seq5_plusRAP	/scratch/a2149a01/RAPCID_2610_output/af3_plusRAP_inputs/RAPCID_backbone_rapcid_backbone_149_model_6_seq5_plusRAP.json	backbone_long	RAPCID_backbone_rapcid_backbone_149_model_6	5	33	48	0.3878594710586708	0.2727272727272727	0.3791	0.3133	0.3518491357137756
RAPCID_backbone_rapcid_backbone_45_model_3_seq2_plusRAP	/scratch/a2149a01/RAPCID_2610_output/af3_plusRAP_inputs/RAPCID_backbone_rapcid_backbone_45_model_3_seq2_plusRAP.json	backbone_long	RAPCID_backbone_rapcid_backbone_45_model_3	2	38	44	0.3876551177890334	0.24561403508771928	0.4231	0.3818	0.3416927562214393
RAPCID_backbone_rapcid_backbone_45_model_3_seq8_plusRAP	/scratch/a2149a01/RAPCID_2610_output/af3_plusRAP_inputs/RAPCID_backbone_rapcid_backbone_45_model_3_seq8_plusRAP.json	backbone_long	RAPCID_backbone_rapcid_backbone_45_model_3	8	38	44	0.3876551177890334	0.24561403508771928	0.3975	0.3762	0.3388527562214393
RAPCID_backbone_rapcid_backbone_54_model_5_seq3_plusRAP	/scratch/a2149a01/RAPCID_2610_output/af3_plusRAP_inputs/RAPCID_backbone_rapcid_backbone_54_model_5_seq3_plusRAP.json	backbone_long	RAPCID_backbone_rapcid_backbone_54_model_5	3	32	31	0.41791922873851217	0.2857142857142857	0.4518	0.3464	0.38865889102756856
RAPCID_backbone_rapcid_backbone_54_model_5_seq3_plusRAP	/scratch/a2149a01/RAPCID_2610_output/af3_plusRAP_inputs/RAPCID_backbone_rapcid_backbone_54_model_5_seq3_plusRAP.json	backbone	RAPCID_backbone_rapcid_backbone_54_model_5	3	32	31	0.38764480425959214	0.2962962962962963	0.4518	0.3464	0.3721253471020016
RAPCID_backbone_rapcid_backbone_83_model_2_seq7_plusRAP	/scratch/a2149a01/RAPCID_2610_output/af3_plusRAP_inputs/RAPCID_backbone_rapcid_backbone_83_model_2_seq7_plusRAP.json	backbone	RAPCID_backbone_rapcid_backbone_83_model_2	7	35	26	0.38661936968788446	0.2727272727272727	0.4251	0.3281	0.3510755345413662
RAPCID_backbone_rapcid_backbone_83_model_2_seq6_plusRAP	/scratch/a2149a01/RAPCID_2610_output/af3_plusRAP_inputs/RAPCID_backbone_rapcid_backbone_83_model_2_seq6_plusRAP.json	backbone	RAPCID_backbone_rapcid_backbone_83_model_2	6	35	26	0.38661936968788446	0.2727272727272727	0.4088	0.3168	0.3488805345413662
RAPCID_backbone_rapcid_backbone_140_model_2_seq2_plusRAP	/scratch/a2149a01/RAPCID_2610_output/af3_plusRAP_inputs/RAPCID_backbone_rapcid_backbone_140_model_2_seq2_plusRAP.json	backbone_denovo	RAPCID_backbone_rapcid_backbone_140_model_2	2	65	33	0.38661693279624243	0.4107142857142857	0.4923	0.4313	0.40300674674243614
RAPCID_backbone_rapcid_backbone_140_model_2_seq7_plusRAP	/scratch/a2149a01/RAPCID_2610_output/af3_plusRAP_inputs/RAPCID_backbone_rapcid_backbone_140_model_2_seq7_plusRAP.json	backbone_denovo	RAPCID_backbone_rapcid_backbone_140_model_2	7	65	33	0.38661693279624243	0.4107142857142857	0.49	0.4056	0.40149174674243615
RAPCID_backbone_rapcid_backbone_13_model_2_seq7_plusRAP	/scratch/a2149a01/RAPCID_2610_output/af3_plusRAP_inputs/RAPCID_backbone_rapcid_backbone_13_model_2_seq7_plusRAP.json	backbone_long	RAPCID_backbone_rapcid_backbone_13_model_2	7	32	48	0.38636154973387327	0.25	0.4739	0.3673	0.35767325293579855
RAPCID_backbone_rapcid_backbone_13_model_2_seq6_plusRAP	/scratch/a2149a01/RAPCID_2610_output/af3_plusRAP_inputs/RAPCID_backbone_rapcid_backbone_13_model_2_seq6_plusRAP.json	backbone_long	RAPCID_backbone_rapcid_backbone_13_model_2	6	32	48	0.38636154973387327	0.25	0.4393	0.3731	0.35450325293579854
RAPCID_backbone_rapcid_backbone_37_model_2_seq6_plusRAP	/scratch/a2149a01/RAPCID_2610_output/af3_plusRAP_inputs/RAPCID_backbone_rapcid_backbone_37_model_2_seq6_plusRAP.json	backbone	RAPCID_backbone_rapcid_backbone_37_model_2	6	30	35	0.3859805467056636	0.2807017543859649	0.4994	0.3469	0.36115168461403985
RAPCID_backbone_rapcid_backbone_37_model_2_seq7_plusRAP	/scratch/a2149a01/RAPCID_2610_output/af3_plusRAP_inputs/RAPCID_backbone_rapcid_backbone_37_model_2_seq7_plusRAP.json	backbone	RAPCID_backbone_rapcid_backbone_37_model_2	7	30	35	0.3859805467056636	0.2807017543859649	0.4944	0.4017	0.36339168461403987
RAPCID_backbone_rapcid_backbone_200_model_6_seq2_plusRAP	/scratch/a2149a01/RAPCID_2610_output/af3_plusRAP_inputs/RAPCID_backbone_rapcid_backbone_200_model_6_seq2_plusRAP.json	backbone	RAPCID_backbone_rapcid_backbone_200_model_6	2	37	26	0.385766521703933	0.25925925925925924	0.4828	0.3543	0.3599603051371402
RAPCID_backbone_rapcid_backbone_200_model_6_seq1_plusRAP	/scratch/a2149a01/RAPCID_2610_output/af3_plusRAP_inputs/RAPCID_backbone_rapcid_backbone_200_model_6_seq1_plusRAP.json	backbone	RAPCID_backbone_rapcid_backbone_200_model_6	1	37	26	0.385766521703933	0.25925925925925924	0.4412	0.3436	0.3552653051371403
RAPCID_backbone_rapcid_backbone_18_model_0_seq3_plusRAP	/scratch/a2149a01/RAPCID_2610_output/af3_plusRAP_inputs/RAPCID_backbone_rapcid_backbone_18_model_0_seq3_plusRAP.json	backbone_denovo	RAPCID_backbone_rapcid_backbone_18_model_0	3	37	42	0.3854120177492857	0.3392857142857143	0.4579	0.3358	0.3819479476697183
RAPCID_backbone_rapcid_backbone_18_model_0_seq3_plusRAP	/scratch/a2149a01/RAPCID_2610_output/af3_plusRAP_inputs/RAPCID_backbone_rapcid_backbone_18_model_0_seq3_plusRAP.json	backbone_long	RAPCID_backbone_rapcid_backbone_18_model_0	3	37	42	0.39903930960516854	0.2777777777777778	0.4579	0.3358	0.3671476893223258
RAPCID_backbone_rapcid_backbone_3_model_3_seq4_plusRAP	/scratch/a2149a01/RAPCID_2610_output/af3_plusRAP_inputs/RAPCID_backbone_rapcid_backbone_3_model_3_seq4_plusRAP.json	backbone_long	RAPCID_backbone_rapcid_backbone_3_model_3	4	51	46	0.38511873207189373	0.24074074074074073	0.3533	0.3173	0.3346836146175374
RAPCID_backbone_rapcid_backbone_3_model_3_seq1_plusRAP	/scratch/a2149a01/RAPCID_2610_output/af3_plusRAP_inputs/RAPCID_backbone_rapcid_backbone_3_model_3_seq1_plusRAP.json	backbone_long	RAPCID_backbone_rapcid_backbone_3_model_3	1	51	46	0.38511873207189373	0.24074074074074073	0.3485	0.3168	0.3341786146175374
RAPCID_backbone_rapcid_backbone_196_model_6_seq1_plusRAP	/scratch/a2149a01/RAPCID_2610_output/af3_plusRAP_inputs/RAPCID_backbone_rapcid_backbone_196_model_6_seq1_plusRAP.json	backbone_long	RAPCID_backbone_rapcid_backbone_196_model_6	1	28	31	0.454253063536733	0.2857142857142857	0.4725	0.3558	0.3964380055756568
RAPCID_backbone_rapcid_backbone_196_model_6_seq1_plusRAP	/scratch/a2149a01/RAPCID_2610_output/af3_plusRAP_inputs/RAPCID_backbone_rapcid_backbone_196_model_6_seq1_plusRAP.json	backbone	RAPCID_backbone_rapcid_backbone_196_model_6	1	28	31	0.384653639737601	0.26785714285714285	0.4725	0.3558	0.35509842359620614
RAPCID_backbone_rapcid_backbone_6_model_3_seq7_plusRAP	/scratch/a2149a01/RAPCID_2610_output/af3_plusRAP_inputs/RAPCID_backbone_rapcid_backbone_6_model_3_seq7_plusRAP.json	backbone_denovo	RAPCID_backbone_rapcid_backbone_6_model_3	7	44	48	0.3841601221464658	0.26785714285714285	0.6484	0.5371	0.38708689623575093
RAPCID_backbone_rapcid_backbone_6_model_3_seq4_plusRAP	/scratch/a2149a01/RAPCID_2610_output/af3_plusRAP_inputs/RAPCID_backbone_rapcid_backbone_6_model_3_seq4_plusRAP.json	backbone_denovo	RAPCID_backbone_rapcid_backbone_6_model_3	4	44	48	0.3841601221464658	0.26785714285714285	0.598	0.5164	0.38101189623575094
RAPCID_backbone_rapcid_backbone_101_model_7_seq6_plusRAP	/scratch/a2149a01/RAPCID_2610_output/af3_plusRAP_inputs/RAPCID_backbone_rapcid_backbone_101_model_7_seq6_plusRAP.json	backbone_denovo	RAPCID_backbone_rapcid_backbone_101_model_7	6	34	54	0.38407303720623387	0.26785714285714285	0.4039	0.3446	0.3474171524570909
RAPCID_backbone_rapcid_backbone_101_model_7_seq1_plusRAP	/scratch/a2149a01/RAPCID_2610_output/af3_plusRAP_inputs/RAPCID_backbone_rapcid_backbone_101_model_7_seq1_plusRAP.json	backbone_denovo	RAPCID_backbone_rapcid_backbone_101_model_7	1	34	54	0.38407303720623387	0.26785714285714285	0.392	0.3382	0.3459071524570909
RAPCID_backbone_rapcid_backbone_241_model_5_seq6_plusRAP	/scratch/a2149a01/RAPCID_2610_output/af3_plusRAP_inputs/RAPCID_backbone_rapcid_backbone_241_model_5_seq6_plusRAP.json	backbone_long	RAPCID_backbone_rapcid_backbone_241_model_5	6	53	32	0.3840723292924493	0.2727272727272727	0.3737	0.3472	0.3457443663634204
RAPCID_backbone_rapcid_backbone_241_model_5_seq8_plusRAP	/scratch/a2149a01/RAPCID_2610_output/af3_plusRAP_inputs/RAPCID_backbone_rapcid_backbone_241_model_5_seq8_plusRAP.json	backbone_long	RAPCID_backbone_rapcid_backbone_241_model_5	8	53	32	0.3840723292924493	0.2727272727272727	0.3687	0.3227	0.3440193663634204
RAPCID_backbone_rapcid_backbone_246_model_4_seq7_plusRAP	/scratch/a2149a01/RAPCID_2610_output/af3_plusRAP_inputs/RAPCID_backbone_rapcid_backbone_246_model_4_seq7_plusRAP.json	backbone_long	RAPCID_backbone_rapcid_backbone_246_model_4	7	29	38	0.38389395051593966	0.2857142857142857	0.4995	0.3409	0.3667314047162998
RAPCID_backbone_rapcid_backbone_246_model_4_seq5_plusRAP	/scratch/a2149a01/RAPCID_2610_output/af3_plusRAP_inputs/RAPCID_backbone_rapcid_backbone_246_model_4_seq5_plusRAP.json	backbone_long	RAPCID_backbone_rapcid_backbone_246_model_4	5	29	38	0.38389395051593966	0.2857142857142857	0.4985	0.3453	0.3668514047162998
RAPCID_backbone_rapcid_backbone_40_model_3_seq4_plusRAP	/scratch/a2149a01/RAPCID_2610_output/af3_plusRAP_inputs/RAPCID_backbone_rapcid_backbone_40_model_3_seq4_plusRAP.json	backbone_long	RAPCID_backbone_rapcid_backbone_40_model_3	4	60	55	0.3831345968625035	0.23214285714285715	0.3869	0.3599	0.32602017176272974
RAPCID_backbone_rapcid_backbone_40_model_3_seq7_plusRAP	/scratch/a2149a01/RAPCID_2610_output/af3_plusRAP_inputs/RAPCID_backbone_rapcid_backbone_40_model_3_seq7_plusRAP.json	backbone_long	RAPCID_backbone_rapcid_backbone_40_model_3	7	60	55	0.3831345968625035	0.23214285714285715	0.3702	0.3561	0.32416017176272977
RAPCID_backbone_rapcid_backbone_33_model_1_seq4_plusRAP	/scratch/a2149a01/RAPCID_2610_output/af3_plusRAP_inputs/RAPCID_backbone_rapcid_backbone_33_model_1_seq4_plusRAP.json	backbone_long	RAPCID_backbone_rapcid_backbone_33_model_1	4	38	44	0.38281627115476313	0.2631578947368421	0.4809	0.3993	0.356111795703854
RAPCID_backbone_rapcid_backbone_33_model_1_seq4_plusRAP	/scratch/a2149a01/RAPCID_2610_output/af3_plusRAP_inputs/RAPCID_backbone_rapcid_backbone_33_model_1_seq4_plusRAP.json	backbone_denovo	RAPCID_backbone_rapcid_backbone_33_model_1	4	38	44	0.29357182807232196	0.16071428571428573	0.4809	0.3993	0.2792297829500052
RAPCID_backbone_rapcid_backbone_239_model_0_seq3_plusRAP	/scratch/a2149a01/RAPCID_2610_output/af3_plusRAP_inputs/RAPCID_backbone_rapcid_backbone_239_model_0_seq3_plusRAP.json	backbone	RAPCID_backbone_rapcid_backbone_239_model_0	3	38	21	0.3827918762612479	0.26785714285714285	0.3735	0.2977	0.3359000744762917
RAPCID_backbone_rapcid_backbone_239_model_0_seq5_plusRAP	/scratch/a2149a01/RAPCID_2610_output/af3_plusRAP_inputs/RAPCID_backbone_rapcid_backbone_239_model_0_seq5_plusRAP.json	backbone	RAPCID_backbone_rapcid_backbone_239_model_0	5	38	21	0.3827918762612479	0.26785714285714285	0.3734	0.276	0.3348050744762917
RAPCID_backbone_rapcid_backbone_244_model_7_seq1_plusRAP	/scratch/a2149a01/RAPCID_2610_output/af3_plusRAP_inputs/RAPCID_backbone_rapcid_backbone_244_model_7_seq1_plusRAP.json	backbone_long	RAPCID_backbone_rapcid_backbone_244_model_7	1	46	40	0.38243627829664995	0.25925925925925924	0.4449	0.4009	0.35700169560386286
RAPCID_backbone_rapcid_backbone_244_model_7_seq6_plusRAP	/scratch/a2149a01/RAPCID_2610_output/af3_plusRAP_inputs/RAPCID_backbone_rapcid_backbone_244_model_7_seq6_plusRAP.json	backbone_long	RAPCID_backbone_rapcid_backbone_244_model_7	6	46	40	0.38243627829664995	0.25925925925925924	0.4439	0.3835	0.35603169560386283
RAPCID_backbone_rapcid_backbone_158_model_5_seq7_plusRAP	/scratch/a2149a01/RAPCID_2610_output/af3_plusRAP_inputs/RAPCID_backbone_rapcid_backbone_158_model_5_seq7_plusRAP.json	backbone_long	RAPCID_backbone_rapcid_backbone_158_model_5	7	38	42	0.38234884768059085	0.19642857142857142	0.4077	0.2999	0.32137356875785317
RAPCID_backbone_rapcid_backbone_158_model_5_seq3_plusRAP	/scratch/a2149a01/RAPCID_2610_output/af3_plusRAP_inputs/RAPCID_backbone_rapcid_backbone_158_model_5_seq3_plusRAP.json	backbone_long	RAPCID_backbone_rapcid_backbone_158_model_5	3	38	42	0.38234884768059085	0.19642857142857142	0.397	0.3121	0.32091356875785315
RAPCID_backbone_rapcid_backbone_128_model_7_seq7_plusRAP	/scratch/a2149a01/RAPCID_2610_output/af3_plusRAP_inputs/RAPCID_backbone_rapcid_backbone_128_model_7_seq7_plusRAP.json	backbone_denovo	RAPCID_backbone_rapcid_backbone_128_model_7	7	36	37	0.38225479749324076	0.2545454545454545	0.6104	0.6009	0.37673602250832194
RAPCID_backbone_rapcid_backbone_128_model_7_seq5_plusRAP	/scratch/a2149a01/RAPCID_2610_output/af3_plusRAP_inputs/RAPCID_backbone_rapcid_backbone_128_model_7_seq5_plusRAP.json	backbone_denovo	RAPCID_backbone_rapcid_backbone_128_model_7	5	36	37	0.38225479749324076	0.2545454545454545	0.5941	0.5916	0.374641022508322
RAPCID_backbone_rapcid_backbone_157_model_5_seq3_plusRAP	/scratch/a2149a01/RAPCID_2610_output/af3_plusRAP_inputs/RAPCID_backbone_rapcid_backbone_157_model_5_seq3_plusRAP.json	backbone_long	RAPCID_backbone_rapcid_backbone_157_model_5	3	18	22	0.3965615233413793	0.30357142857142855	0.4747	0.4346	0.3791010982020334
RAPCID_backbone_rapcid_backbone_157_model_5_seq3_plusRAP	/scratch/a2149a01/RAPCID_2610_output/af3_plusRAP_inputs/RAPCID_backbone_rapcid_backbone_157_model_5_seq3_plusRAP.json	backbone	RAPCID_backbone_rapcid_backbone_157_model_5	3	18	22	0.38223124968895295	0.2777777777777778	0.4747	0.4346	0.3550929512489177
RAPCID_backbone_rapcid_backbone_233_model_0_seq8_plusRAP	/scratch/a2149a01/RAPCID_2610_output/af3_plusRAP_inputs/RAPCID_backbone_rapcid_backbone_233_model_0_seq8_plusRAP.json	backbone_long	RAPCID_backbone_rapcid_backbone_233_model_0	8	53	43	0.3820875264871578	0.2727272727272727	0.3438	0.3129	0.3457017606565948
RAPCID_backbone_rapcid_backbone_233_model_0_seq1_plusRAP	/scratch/a2149a01/RAPCID_2610_output/af3_plusRAP_inputs/RAPCID_backbone_rapcid_backbone_233_model_0_seq1_plusRAP.json	backbone_long	RAPCID_backbone_rapcid_backbone_233_model_0	1	53	43	0.3820875264871578	0.2727272727272727	0.3121	0.3045	0.34211176065659477
RAPCID_backbone_rapcid_backbone_205_model_2_seq6_plusRAP	/scratch/a2149a01/RAPCID_2610_output/af3_plusRAP_inputs/RAPCID_backbone_rapcid_backbone_205_model_2_seq6_plusRAP.json	backbone	RAPCID_backbone_rapcid_backbone_205_model_2	6	36	29	0.42653151993442207	0.3508771929824561	0.5787	0.4157	0.42498014888277064
RAPCID_backbone_rapcid_backbone_205_model_2_seq6_plusRAP	/scratch/a2149a01/RAPCID_2610_output/af3_plusRAP_inputs/RAPCID_backbone_rapcid_backbone_205_model_2_seq6_plusRAP.json	backbone_long	RAPCID_backbone_rapcid_backbone_205_model_2	6	36	29	0.38180045290420694	0.2037037037037037	0.5787	0.4157	0.3402800186217079
RAPCID_backbone_rapcid_backbone_97_model_5_seq6_plusRAP	/scratch/a2149a01/RAPCID_2610_output/af3_plusRAP_inputs/RAPCID_backbone_rapcid_backbone_97_model_5_seq6_plusRAP.json	backbone	RAPCID_backbone_rapcid_backbone_97_model_5	6	34	26	0.3817700023527256	0.23636363636363636	0.5981	0.3355	0.36858352126074667
RAPCID_backbone_rapcid_backbone_97_model_5_seq8_plusRAP	/scratch/a2149a01/RAPCID_2610_output/af3_plusRAP_inputs/RAPCID_backbone_rapcid_backbone_97_model_5_seq8_plusRAP.json	backbone	RAPCID_backbone_rapcid_backbone_97_model_5	8	34	26	0.3817700023527256	0.23636363636363636	0.5845	0.3911	0.3700035212607467
RAPCID_backbone_rapcid_backbone_54_model_0_seq2_plusRAP	/scratch/a2149a01/RAPCID_2610_output/af3_plusRAP_inputs/RAPCID_backbone_rapcid_backbone_54_model_0_seq2_plusRAP.json	backbone_long	RAPCID_backbone_rapcid_backbone_54_model_0	2	34	28	0.3817242685592246	0.19642857142857142	0.3657	0.328	0.3182975081532384
RAPCID_backbone_rapcid_backbone_54_model_0_seq3_plusRAP	/scratch/a2149a01/RAPCID_2610_output/af3_plusRAP_inputs/RAPCID_backbone_rapcid_backbone_54_model_0_seq3_plusRAP.json	backbone_long	RAPCID_backbone_rapcid_backbone_54_model_0	3	34	28	0.3817242685592246	0.19642857142857142	0.3471	0.3356	0.3168175081532384
RAPCID_backbone_rapcid_backbone_241_model_3_seq5_plusRAP	/scratch/a2149a01/RAPCID_2610_output/af3_plusRAP_inputs/RAPCID_backbone_rapcid_backbone_241_model_3_seq5_plusRAP.json	backbone	RAPCID_backbone_rapcid_backbone_241_model_3	5	22	31	0.3815597024573735	0.2631578947368421	0.5137	0.3516	0.35644133979002857
RAPCID_backbone_rapcid_backbone_241_model_3_seq8_plusRAP	/scratch/a2149a01/RAPCID_2610_output/af3_plusRAP_inputs/RAPCID_backbone_rapcid_backbone_241_model_3_seq8_plusRAP.json	backbone	RAPCID_backbone_rapcid_backbone_241_model_3	8	22	31	0.3815597024573735	0.2631578947368421	0.4818	0.4259	0.35696633979002856
RAPCID_backbone_rapcid_backbone_161_model_1_seq3_plusRAP	/scratch/a2149a01/RAPCID_2610_output/af3_plusRAP_inputs/RAPCID_backbone_rapcid_backbone_161_model_1_seq3_plusRAP.json	backbone_long	RAPCID_backbone_rapcid_backbone_161_model_1	3	23	15	0.43446965782996405	0.25925925925925924	0.4073	0.4243	0.3778267163938542
RAPCID_backbone_rapcid_backbone_161_model_1_seq3_plusRAP	/scratch/a2149a01/RAPCID_2610_output/af3_plusRAP_inputs/RAPCID_backbone_rapcid_backbone_161_model_1_seq3_plusRAP.json	backbone	RAPCID_backbone_rapcid_backbone_161_model_1	3	23	15	0.38153520377209216	0.30357142857142855	0.4073	0.4243	0.3650842543958542
RAPCID_backbone_rapcid_backbone_136_model_7_seq1_plusRAP	/scratch/a2149a01/RAPCID_2610_output/af3_plusRAP_inputs/RAPCID_backbone_rapcid_backbone_136_model_7_seq1_plusRAP.json	backbone_long	RAPCID_backbone_rapcid_backbone_136_model_7	1	48	58	0.38127684398758355	0.32727272727272727	0.3538	0.347	0.36167831716814997
RAPCID_backbone_rapcid_backbone_136_model_7_seq7_plusRAP	/scratch/a2149a01/RAPCID_2610_output/af3_plusRAP_inputs/RAPCID_backbone_rapcid_backbone_136_model_7_seq7_plusRAP.json	backbone_long	RAPCID_backbone_rapcid_backbone_136_model_7	7	48	58	0.38127684398758355	0.32727272727272727	0.3523	0.3528	0.36181831716814994
RAPCID_backbone_rapcid_backbone_118_model_6_seq2_plusRAP	/scratch/a2149a01/RAPCID_2610_output/af3_plusRAP_inputs/RAPCID_backbone_rapcid_backbone_118_model_6_seq2_plusRAP.json	backbone_long	RAPCID_backbone_rapcid_backbone_118_model_6	2	37	42	0.38126562157424615	0.25925925925925924	0.3164	0.3009	0.32751378896767
RAPCID_backbone_rapcid_backbone_118_model_6_seq6_plusRAP	/scratch/a2149a01/RAPCID_2610_output/af3_plusRAP_inputs/RAPCID_backbone_rapcid_backbone_118_model_6_seq6_plusRAP.json	backbone_long	RAPCID_backbone_rapcid_backbone_118_model_6	6	37	42	0.38126562157424615	0.25925925925925924	0.3047	0.2714	0.32486878896767
RAPCID_backbone_rapcid_backbone_86_model_4_seq7_plusRAP	/scratch/a2149a01/RAPCID_2610_output/af3_plusRAP_inputs/RAPCID_backbone_rapcid_backbone_86_model_4_seq7_plusRAP.json	backbone_long	RAPCID_backbone_rapcid_backbone_86_model_4	7	40	35	0.38099373187725805	0.2777777777777778	0.3073	0.3037	0.34236217934476615
RAPCID_backbone_rapcid_backbone_86_model_4_seq3_plusRAP	/scratch/a2149a01/RAPCID_2610_output/af3_plusRAP_inputs/RAPCID_backbone_rapcid_backbone_86_model_4_seq3_plusRAP.json	backbone_long	RAPCID_backbone_rapcid_backbone_86_model_4	3	40	35	0.38099373187725805	0.2777777777777778	0.2992	0.2739	0.3400621793447662
RAPCID_backbone_rapcid_backbone_48_model_3_seq1_plusRAP	/scratch/a2149a01/RAPCID_2610_output/af3_plusRAP_inputs/RAPCID_backbone_rapcid_backbone_48_model_3_seq1_plusRAP.json	backbone_denovo	RAPCID_backbone_rapcid_backbone_48_model_3	1	57	64	0.38077252438266107	0.32142857142857145	0.5882	0.3894	0.3799947788293403
RAPCID_backbone_rapcid_backbone_48_model_3_seq2_plusRAP	/scratch/a2149a01/RAPCID_2610_output/af3_plusRAP_inputs/RAPCID_backbone_rapcid_backbone_48_model_3_seq2_plusRAP.json	backbone_denovo	RAPCID_backbone_rapcid_backbone_48_model_3	2	57	64	0.38077252438266107	0.32142857142857145	0.5185	0.3716	0.3721347788293403
RAPCID_backbone_rapcid_backbone_203_model_2_seq4_plusRAP	/scratch/a2149a01/RAPCID_2610_output/af3_plusRAP_inputs/RAPCID_backbone_rapcid_backbone_203_model_2_seq4_plusRAP.json	backbone	RAPCID_backbone_rapcid_backbone_203_model_2	4	28	11	0.38060853728003197	0.21428571428571427	0.3931	0.367	0.3158386036807763
RAPCID_backbone_rapcid_backbone_203_model_2_seq2_plusRAP	/scratch/a2149a01/RAPCID_2610_output/af3_plusRAP_inputs/RAPCID_backbone_rapcid_backbone_203_model_2_seq2_plusRAP.json	backbone	RAPCID_backbone_rapcid_backbone_203_model_2	2	28	11	0.38060853728003197	0.21428571428571427	0.3775	0.3409	0.3129736036807763
RAPCID_backbone_rapcid_backbone_1_model_7_seq5_plusRAP	/scratch/a2149a01/RAPCID_2610_output/af3_plusRAP_inputs/RAPCID_backbone_rapcid_backbone_1_model_7_seq5_plusRAP.json	backbone_denovo	RAPCID_backbone_rapcid_backbone_1_model_7	5	35	68	0.3805005754967844	0.2727272727272727	0.4174	0.3667	0.3550376327109267
RAPCID_backbone_rapcid_backbone_1_model_7_seq1_plusRAP	/scratch/a2149a01/RAPCID_2610_output/af3_plusRAP_inputs/RAPCID_backbone_rapcid_backbone_1_model_7_seq1_plusRAP.json	backbone_denovo	RAPCID_backbone_rapcid_backbone_1_model_7	1	35	68	0.3805005754967844	0.2727272727272727	0.4029	0.3603	0.3532676327109267
RAPCID_backbone_rapcid_backbone_99_model_4_seq4_plusRAP	/scratch/a2149a01/RAPCID_2610_output/af3_plusRAP_inputs/RAPCID_backbone_rapcid_backbone_99_model_4_seq4_plusRAP.json	backbone_long	RAPCID_backbone_rapcid_backbone_99_model_4	4	30	40	0.3801865767628514	0.23214285714285715	0.3736	0.2934	0.32559411827344187
RAPCID_backbone_rapcid_backbone_99_model_4_seq7_plusRAP	/scratch/a2149a01/RAPCID_2610_output/af3_plusRAP_inputs/RAPCID_backbone_rapcid_backbone_99_model_4_seq7_plusRAP.json	backbone_long	RAPCID_backbone_rapcid_backbone_99_model_4	7	30	40	0.3801865767628514	0.23214285714285715	0.3623	0.329	0.32624411827344185
RAPCID_backbone_rapcid_backbone_24_model_1_seq4_plusRAP	/scratch/a2149a01/RAPCID_2610_output/af3_plusRAP_inputs/RAPCID_backbone_rapcid_backbone_24_model_1_seq4_plusRAP.json	backbone_long	RAPCID_backbone_rapcid_backbone_24_model_1	4	40	37	0.37979347450007983	0.2727272727272727	0.4905	0.3568	0.3559788817068541
RAPCID_backbone_rapcid_backbone_24_model_1_seq8_plusRAP	/scratch/a2149a01/RAPCID_2610_output/af3_plusRAP_inputs/RAPCID_backbone_rapcid_backbone_24_model_1_seq8_plusRAP.json	backbone_long	RAPCID_backbone_rapcid_backbone_24_model_1	8	40	37	0.37979347450007983	0.2727272727272727	0.4815	0.358	0.35513888170685415
RAPCID_backbone_rapcid_backbone_228_model_2_seq4_plusRAP	/scratch/a2149a01/RAPCID_2610_output/af3_plusRAP_inputs/RAPCID_backbone_rapcid_backbone_228_model_2_seq4_plusRAP.json	backbone_denovo	RAPCID_backbone_rapcid_backbone_228_model_2	4	46	28	0.37934565400833997	0.30357142857142855	0.3183	0.3419	0.3621900681132768
RAPCID_backbone_rapcid_backbone_228_model_2_seq4_plusRAP	/scratch/a2149a01/RAPCID_2610_output/af3_plusRAP_inputs/RAPCID_backbone_rapcid_backbone_228_model_2_seq4_plusRAP.json	backbone	RAPCID_backbone_rapcid_backbone_228_model_2	4	46	28	0.31494757505713245	0.17543859649122806	0.3183	0.3419	0.26784439123185
RAPCID_backbone_rapcid_backbone_99_model_3_seq3_plusRAP	/scratch/a2149a01/RAPCID_2610_output/af3_plusRAP_inputs/RAPCID_backbone_rapcid_backbone_99_model_3_seq3_plusRAP.json	backbone	RAPCID_backbone_rapcid_backbone_99_model_3	3	34	29	0.3790841148251064	0.2222222222222222	0.4386	0.3408	0.3314878516712979
RAPCID_backbone_rapcid_backbone_99_model_3_seq7_plusRAP	/scratch/a2149a01/RAPCID_2610_output/af3_plusRAP_inputs/RAPCID_backbone_rapcid_backbone_99_model_3_seq7_plusRAP.json	backbone	RAPCID_backbone_rapcid_backbone_99_model_3	7	34	29	0.3790841148251064	0.2222222222222222	0.4299	0.343	0.3307278516712979
RAPCID_backbone_rapcid_backbone_54_model_1_seq4_plusRAP	/scratch/a2149a01/RAPCID_2610_output/af3_plusRAP_inputs/RAPCID_backbone_rapcid_backbone_54_model_1_seq4_plusRAP.json	backbone_denovo	RAPCID_backbone_rapcid_backbone_54_model_1	4	32	31	0.3790609156101795	0.2909090909090909	0.3947	0.3197	0.3487596847518535
RAPCID_backbone_rapcid_backbone_54_model_1_seq4_plusRAP	/scratch/a2149a01/RAPCID_2610_output/af3_plusRAP_inputs/RAPCID_backbone_rapcid_backbone_54_model_1_seq4_plusRAP.json	backbone	RAPCID_backbone_rapcid_backbone_54_model_1	4	32	31	0.29603304169815703	0.2222222222222222	0.3947	0.3197	0.2775587576530596
RAPCID_backbone_rapcid_backbone_181_model_7_seq5_plusRAP	/scratch/a2149a01/RAPCID_2610_output/af3_plusRAP_inputs/RAPCID_backbone_rapcid_backbone_181_model_7_seq5_plusRAP.json	backbone	RAPCID_backbone_rapcid_backbone_181_model_7	5	39	22	0.37903048663446925	0.2	0.3345	0.3007	0.31349316342995565
RAPCID_backbone_rapcid_backbone_181_model_7_seq7_plusRAP	/scratch/a2149a01/RAPCID_2610_output/af3_plusRAP_inputs/RAPCID_backbone_rapcid_backbone_181_model_7_seq7_plusRAP.json	backbone	RAPCID_backbone_rapcid_backbone_181_model_7	7	39	22	0.37903048663446925	0.2	0.327	0.3042	0.31291816342995565
RAPCID_backbone_rapcid_backbone_197_model_7_seq7_plusRAP	/scratch/a2149a01/RAPCID_2610_output/af3_plusRAP_inputs/RAPCID_backbone_rapcid_backbone_197_model_7_seq7_plusRAP.json	backbone_long	RAPCID_backbone_rapcid_backbone_197_model_7	7	54	60	0.37823054999010686	0.2727272727272727	0.4323	0.3667	0.34995056567736627
RAPCID_backbone_rapcid_backbone_197_model_7_seq4_plusRAP	/scratch/a2149a01/RAPCID_2610_output/af3_plusRAP_inputs/RAPCID_backbone_rapcid_backbone_197_model_7_seq4_plusRAP.json	backbone_long	RAPCID_backbone_rapcid_backbone_197_model_7	4	54	60	0.37823054999010686	0.2727272727272727	0.4308	0.3793	0.3504305656773663
RAPCID_backbone_rapcid_backbone_141_model_5_seq7_plusRAP	/scratch/a2149a01/RAPCID_2610_output/af3_plusRAP_inputs/RAPCID_backbone_rapcid_backbone_141_model_5_seq7_plusRAP.json	backbone_long	RAPCID_backbone_rapcid_backbone_141_model_5	7	39	36	0.37813230890660365	0.2777777777777778	0.3591	0.3071	0.3408689834524161
RAPCID_backbone_rapcid_backbone_141_model_5_seq3_plusRAP	/scratch/a2149a01/RAPCID_2610_output/af3_plusRAP_inputs/RAPCID_backbone_rapcid_backbone_141_model_5_seq3_plusRAP.json	backbone_long	RAPCID_backbone_rapcid_backbone_141_model_5	3	39	36	0.37813230890660365	0.2777777777777778	0.3378	0.2837	0.3375689834524161
RAPCID_backbone_rapcid_backbone_14_model_3_seq6_plusRAP	/scratch/a2149a01/RAPCID_2610_output/af3_plusRAP_inputs/RAPCID_backbone_rapcid_backbone_14_model_3_seq6_plusRAP.json	backbone	RAPCID_backbone_rapcid_backbone_14_model_3	6	20	28	0.37781439551545115	0.24561403508771928	0.4989	0.351	0.3544155423094384
RAPCID_backbone_rapcid_backbone_14_model_3_seq8_plusRAP	/scratch/a2149a01/RAPCID_2610_output/af3_plusRAP_inputs/RAPCID_backbone_rapcid_backbone_14_model_3_seq8_plusRAP.json	backbone	RAPCID_backbone_rapcid_backbone_14_model_3	8	20	28	0.37781439551545115	0.24561403508771928	0.4864	0.3141	0.35132054230943843
RAPCID_backbone_rapcid_backbone_237_model_4_seq6_plusRAP	/scratch/a2149a01/RAPCID_2610_output/af3_plusRAP_inputs/RAPCID_backbone_rapcid_backbone_237_model_4_seq6_plusRAP.json	backbone_denovo	RAPCID_backbone_rapcid_backbone_237_model_4	6	40	50	0.3776921575983043	0.2909090909090909	0.3425	0.3593	0.33934818809095413
RAPCID_backbone_rapcid_backbone_237_model_4_seq7_plusRAP	/scratch/a2149a01/RAPCID_2610_output/af3_plusRAP_inputs/RAPCID_backbone_rapcid_backbone_237_model_4_seq7_plusRAP.json	backbone_denovo	RAPCID_backbone_rapcid_backbone_237_model_4	7	40	50	0.3776921575983043	0.2909090909090909	0.3348	0.345	0.3378631880909541
RAPCID_backbone_rapcid_backbone_104_model_1_seq2_plusRAP	/scratch/a2149a01/RAPCID_2610_output/af3_plusRAP_inputs/RAPCID_backbone_rapcid_backbone_104_model_1_seq2_plusRAP.json	backbone	RAPCID_backbone_rapcid_backbone_104_model_1	2	45	29	0.37701297379782106	0.3157894736842105	0.4639	0.3923	0.3646082066300721
RAPCID_backbone_rapcid_backbone_104_model_1_seq3_plusRAP	/scratch/a2149a01/RAPCID_2610_output/af3_plusRAP_inputs/RAPCID_backbone_rapcid_backbone_104_model_1_seq3_plusRAP.json	backbone	RAPCID_backbone_rapcid_backbone_104_model_1	3	45	29	0.37701297379782106	0.3157894736842105	0.4587	0.3834	0.36364320663007216
RAPCID_backbone_rapcid_backbone_228_model_6_seq7_plusRAP	/scratch/a2149a01/RAPCID_2610_output/af3_plusRAP_inputs/RAPCID_backbone_rapcid_backbone_228_model_6_seq7_plusRAP.json	backbone_long	RAPCID_backbone_rapcid_backbone_228_model_6	7	44	32	0.37688940853411024	0.23214285714285715	0.4133	0.2888	0.3278503925705084
RAPCID_backbone_rapcid_backbone_228_model_6_seq2_plusRAP	/scratch/a2149a01/RAPCID_2610_output/af3_plusRAP_inputs/RAPCID_backbone_rapcid_backbone_228_model_6_seq2_plusRAP.json	backbone_long	RAPCID_backbone_rapcid_backbone_228_model_6	2	44	32	0.37688940853411024	0.23214285714285715	0.402	0.2765	0.32610539257050836
RAPCID_backbone_rapcid_backbone_212_model_6_seq8_plusRAP	/scratch/a2149a01/RAPCID_2610_output/af3_plusRAP_inputs/RAPCID_backbone_rapcid_backbone_212_model_6_seq8_plusRAP.json	backbone_long	RAPCID_backbone_rapcid_backbone_212_model_6	8	45	39	0.5222959954065931	0.45454545454545453	0.4085	0.3935	0.4869723393471083
RAPCID_backbone_rapcid_backbone_212_model_6_seq8_plusRAP	/scratch/a2149a01/RAPCID_2610_output/af3_plusRAP_inputs/RAPCID_backbone_rapcid_backbone_212_model_6_seq8_plusRAP.json	backbone_denovo	RAPCID_backbone_rapcid_backbone_212_model_6	8	45	39	0.376790013095619	0.2727272727272727	0.4085	0.3935	0.34826232407484675
RAPCID_backbone_rapcid_backbone_77_model_6_seq3_plusRAP	/scratch/a2149a01/RAPCID_2610_output/af3_plusRAP_inputs/RAPCID_backbone_rapcid_backbone_77_model_6_seq3_plusRAP.json	backbone	RAPCID_backbone_rapcid_backbone_77_model_6	3	36	32	0.3765723822242414	0.2545454545454545	0.4941	0.3388	0.3494439356372723
RAPCID_backbone_rapcid_backbone_77_model_6_seq7_plusRAP	/scratch/a2149a01/RAPCID_2610_output/af3_plusRAP_inputs/RAPCID_backbone_rapcid_backbone_77_model_6_seq7_plusRAP.json	backbone	RAPCID_backbone_rapcid_backbone_77_model_6	7	36	32	0.3765723822242414	0.2545454545454545	0.4436	0.2838	0.34164393563727224
RAPCID_backbone_rapcid_backbone_2_model_6_seq4_plusRAP	/scratch/a2149a01/RAPCID_2610_output/af3_plusRAP_inputs/RAPCID_backbone_rapcid_backbone_2_model_6_seq4_plusRAP.json	backbone	RAPCID_backbone_rapcid_backbone_2_model_6	4	26	21	0.4355179326235731	0.375	0.3898	0.2999	0.41593029190283004
RAPCID_backbone_rapcid_backbone_2_model_6_seq4_plusRAP	/scratch/a2149a01/RAPCID_2610_output/af3_plusRAP_inputs/RAPCID_backbone_rapcid_backbone_2_model_6_seq4_plusRAP.json	backbone_long	RAPCID_backbone_rapcid_backbone_2_model_6	4	26	21	0.3759764568909123	0.23214285714285715	0.3898	0.2999	0.3312001198866248
RAPCID_backbone_rapcid_backbone_154_model_1_seq7_plusRAP	/scratch/a2149a01/RAPCID_2610_output/af3_plusRAP_inputs/RAPCID_backbone_rapcid_backbone_154_model_1_seq7_plusRAP.json	backbone_long	RAPCID_backbone_rapcid_backbone_154_model_1	7	43	43	0.3759161257383258	0.2962962962962963	0.4317	0.3726	0.3605918862118762
RAPCID_backbone_rapcid_backbone_154_model_1_seq4_plusRAP	/scratch/a2149a01/RAPCID_2610_output/af3_plusRAP_inputs/RAPCID_backbone_rapcid_backbone_154_model_1_seq4_plusRAP.json	backbone_long	RAPCID_backbone_rapcid_backbone_154_model_1	4	43	43	0.3759161257383258	0.2962962962962963	0.4314	0.3704	0.36045188621187624
RAPCID_backbone_rapcid_backbone_225_model_0_seq5_plusRAP	/scratch/a2149a01/RAPCID_2610_output/af3_plusRAP_inputs/RAPCID_backbone_rapcid_backbone_225_model_0_seq5_plusRAP.json	backbone_long	RAPCID_backbone_rapcid_backbone_225_model_0	5	36	43	0.3753609114832268	0.3148148148148148	0.4181	0.2945	0.3541511138711558
RAPCID_backbone_rapcid_backbone_225_model_0_seq6_plusRAP	/scratch/a2149a01/RAPCID_2610_output/af3_plusRAP_inputs/RAPCID_backbone_rapcid_backbone_225_model_0_seq6_plusRAP.json	backbone_long	RAPCID_backbone_rapcid_backbone_225_model_0	6	36	43	0.3753609114832268	0.3148148148148148	0.3954	0.2707	0.3506911138711558
RAPCID_backbone_rapcid_backbone_240_model_5_seq5_plusRAP	/scratch/a2149a01/RAPCID_2610_output/af3_plusRAP_inputs/RAPCID_backbone_rapcid_backbone_240_model_5_seq5_plusRAP.json	backbone	RAPCID_backbone_rapcid_backbone_240_model_5	5	33	36	0.37525277473764507	0.2777777777777778	0.3616	0.3051	0.3452787486319403
RAPCID_backbone_rapcid_backbone_240_model_5_seq1_plusRAP	/scratch/a2149a01/RAPCID_2610_output/af3_plusRAP_inputs/RAPCID_backbone_rapcid_backbone_240_model_5_seq1_plusRAP.json	backbone	RAPCID_backbone_rapcid_backbone_240_model_5	1	33	36	0.37525277473764507	0.2777777777777778	0.3496	0.289	0.3432737486319403
RAPCID_backbone_rapcid_backbone_145_model_1_seq5_plusRAP	/scratch/a2149a01/RAPCID_2610_output/af3_plusRAP_inputs/RAPCID_backbone_rapcid_backbone_145_model_1_seq5_plusRAP.json	backbone_denovo	RAPCID_backbone_rapcid_backbone_145_model_1	5	60	62	0.3749910546688493	0.3392857142857143	0.4296	0.3478	0.36947295872796637
RAPCID_backbone_rapcid_backbone_145_model_1_seq7_plusRAP	/scratch/a2149a01/RAPCID_2610_output/af3_plusRAP_inputs/RAPCID_backbone_rapcid_backbone_145_model_1_seq7_plusRAP.json	backbone_denovo	RAPCID_backbone_rapcid_backbone_145_model_1	7	60	62	0.3749910546688493	0.3392857142857143	0.4292	0.3817	0.3711279587279664
RAPCID_backbone_rapcid_backbone_58_model_5_seq2_plusRAP	/scratch/a2149a01/RAPCID_2610_output/af3_plusRAP_inputs/RAPCID_backbone_rapcid_backbone_58_model_5_seq2_plusRAP.json	backbone_long	RAPCID_backbone_rapcid_backbone_58_model_5	2	34	32	0.3747212088888222	0.3148148148148148	0.3793	0.3916	0.36039380325922926
RAPCID_backbone_rapcid_backbone_58_model_5_seq4_plusRAP	/scratch/a2149a01/RAPCID_2610_output/af3_plusRAP_inputs/RAPCID_backbone_rapcid_backbone_58_model_5_seq4_plusRAP.json	backbone_long	RAPCID_backbone_rapcid_backbone_58_model_5	4	34	32	0.3747212088888222	0.3148148148148148	0.3774	0.4026	0.36075380325922923
RAPCID_backbone_rapcid_backbone_162_model_3_seq4_plusRAP	/scratch/a2149a01/RAPCID_2610_output/af3_plusRAP_inputs/RAPCID_backbone_rapcid_backbone_162_model_3_seq4_plusRAP.json	backbone_long	RAPCID_backbone_rapcid_backbone_162_model_3	4	26	61	0.374308906210317	0.2857142857142857	0.4493	0.3465	0.3632336903343251
RAPCID_backbone_rapcid_backbone_162_model_3_seq8_plusRAP	/scratch/a2149a01/RAPCID_2610_output/af3_plusRAP_inputs/RAPCID_backbone_rapcid_backbone_162_model_3_seq8_plusRAP.json	backbone_long	RAPCID_backbone_rapcid_backbone_162_model_3	8	26	61	0.374308906210317	0.2857142857142857	0.4426	0.3552	0.3629986903343252
RAPCID_backbone_rapcid_backbone_208_model_5_seq3_plusRAP	/scratch/a2149a01/RAPCID_2610_output/af3_plusRAP_inputs/RAPCID_backbone_rapcid_backbone_208_model_5_seq3_plusRAP.json	backbone	RAPCID_backbone_rapcid_backbone_208_model_5	3	29	28	0.3740043653552697	0.21818181818181817	0.3974	0.3634	0.33075741895532595
RAPCID_backbone_rapcid_backbone_208_model_5_seq7_plusRAP	/scratch/a2149a01/RAPCID_2610_output/af3_plusRAP_inputs/RAPCID_backbone_rapcid_backbone_208_model_5_seq7_plusRAP.json	backbone	RAPCID_backbone_rapcid_backbone_208_model_5	7	29	28	0.3740043653552697	0.21818181818181817	0.3962	0.3517	0.33005241895532594
RAPCID_backbone_rapcid_backbone_195_model_6_seq7_plusRAP	/scratch/a2149a01/RAPCID_2610_output/af3_plusRAP_inputs/RAPCID_backbone_rapcid_backbone_195_model_6_seq7_plusRAP.json	backbone	RAPCID_backbone_rapcid_backbone_195_model_6	7	35	32	0.3739932157678666	0.30357142857142855	0.4129	0.2893	0.3499448042383971
RAPCID_backbone_rapcid_backbone_195_model_6_seq2_plusRAP	/scratch/a2149a01/RAPCID_2610_output/af3_plusRAP_inputs/RAPCID_backbone_rapcid_backbone_195_model_6_seq2_plusRAP.json	backbone	RAPCID_backbone_rapcid_backbone_195_model_6	2	35	32	0.3739932157678666	0.30357142857142855	0.3957	0.3283	0.3501748042383971
RAPCID_backbone_rapcid_backbone_118_model_1_seq8_plusRAP	/scratch/a2149a01/RAPCID_2610_output/af3_plusRAP_inputs/RAPCID_backbone_rapcid_backbone_118_model_1_seq8_plusRAP.json	backbone_long	RAPCID_backbone_rapcid_backbone_118_model_1	8	37	42	0.3737157980716258	0.2777777777777778	0.3567	0.3451	0.34609710913223163
RAPCID_backbone_rapcid_backbone_118_model_1_seq3_plusRAP	/scratch/a2149a01/RAPCID_2610_output/af3_plusRAP_inputs/RAPCID_backbone_rapcid_backbone_118_model_1_seq3_plusRAP.json	backbone_long	RAPCID_backbone_rapcid_backbone_118_model_1	3	37	42	0.3737157980716258	0.2777777777777778	0.3494	0.2643	0.34132710913223163
RAPCID_backbone_rapcid_backbone_142_model_6_seq8_plusRAP	/scratch/a2149a01/RAPCID_2610_output/af3_plusRAP_inputs/RAPCID_backbone_rapcid_backbone_142_model_6_seq8_plusRAP.json	backbone	RAPCID_backbone_rapcid_backbone_142_model_6	8	26	31	0.3734718378421167	0.2909090909090909	0.4422	0.3054	0.35027959975622525
RAPCID_backbone_rapcid_backbone_142_model_6_seq4_plusRAP	/scratch/a2149a01/RAPCID_2610_output/af3_plusRAP_inputs/RAPCID_backbone_rapcid_backbone_142_model_6_seq4_plusRAP.json	backbone	RAPCID_backbone_rapcid_backbone_142_model_6	4	26	31	0.3734718378421167	0.2909090909090909	0.4119	0.2863	0.3462945997562253
RAPCID_backbone_rapcid_backbone_22_model_5_seq3_plusRAP	/scratch/a2149a01/RAPCID_2610_output/af3_plusRAP_inputs/RAPCID_backbone_rapcid_backbone_22_model_5_seq3_plusRAP.json	backbone	RAPCID_backbone_rapcid_backbone_22_model_5	3	44	30	0.37336717155415733	0.2807017543859649	0.3819	0.2654	0.33409511024030647
RAPCID_backbone_rapcid_backbone_22_model_5_seq2_plusRAP	/scratch/a2149a01/RAPCID_2610_output/af3_plusRAP_inputs/RAPCID_backbone_rapcid_backbone_22_model_5_seq2_plusRAP.json	backbone	RAPCID_backbone_rapcid_backbone_22_model_5	2	44	30	0.37336717155415733	0.2807017543859649	0.3741	0.3051	0.3353001102403065
RAPCID_backbone_rapcid_backbone_7_model_3_seq6_plusRAP	/scratch/a2149a01/RAPCID_2610_output/af3_plusRAP_inputs/RAPCID_backbone_rapcid_backbone_7_model_3_seq6_plusRAP.json	backbone	RAPCID_backbone_rapcid_backbone_7_model_3	6	28	32	0.4301783345775424	0.3090909090909091	0.3991	0.3602	0.39543964449928803
RAPCID_backbone_rapcid_backbone_7_model_3_seq6_plusRAP	/scratch/a2149a01/RAPCID_2610_output/af3_plusRAP_inputs/RAPCID_backbone_rapcid_backbone_7_model_3_seq6_plusRAP.json	backbone_long	RAPCID_backbone_rapcid_backbone_7_model_3	6	28	32	0.37335728528254186	0.3090909090909091	0.3991	0.3602	0.3587590612054267
RAPCID_backbone_rapcid_backbone_30_model_3_seq1_plusRAP	/scratch/a2149a01/RAPCID_2610_output/af3_plusRAP_inputs/RAPCID_backbone_rapcid_backbone_30_model_3_seq1_plusRAP.json	backbone	RAPCID_backbone_rapcid_backbone_30_model_3	1	18	41	0.3731663675305441	0.25	0.3725	0.3099	0.3276143098331893
RAPCID_backbone_rapcid_backbone_30_model_3_seq5_plusRAP	/scratch/a2149a01/RAPCID_2610_output/af3_plusRAP_inputs/RAPCID_backbone_rapcid_backbone_30_model_3_seq5_plusRAP.json	backbone	RAPCID_backbone_rapcid_backbone_30_model_3	5	18	41	0.3731663675305441	0.25	0.3642	0.3313	0.3278543098331893
RAPCID_backbone_rapcid_backbone_14_model_6_seq8_plusRAP	/scratch/a2149a01/RAPCID_2610_output/af3_plusRAP_inputs/RAPCID_backbone_rapcid_backbone_14_model_6_seq8_plusRAP.json	backbone_long	RAPCID_backbone_rapcid_backbone_14_model_6	8	34	38	0.3731418076110016	0.25	0.4978	0.3415	0.34171325786939516
RAPCID_backbone_rapcid_backbone_14_model_6_seq4_plusRAP	/scratch/a2149a01/RAPCID_2610_output/af3_plusRAP_inputs/RAPCID_backbone_rapcid_backbone_14_model_6_seq4_plusRAP.json	backbone_long	RAPCID_backbone_rapcid_backbone_14_model_6	4	34	38	0.3731418076110016	0.25	0.4938	0.4172	0.3450982578693952
RAPCID_backbone_rapcid_backbone_84_model_7_seq5_plusRAP	/scratch/a2149a01/RAPCID_2610_output/af3_plusRAP_inputs/RAPCID_backbone_rapcid_backbone_84_model_7_seq5_plusRAP.json	backbone_long	RAPCID_backbone_rapcid_backbone_84_model_7	5	54	34	0.3724595727512613	0.3148148148148148	0.4628	0.3945	0.36231551144177127
RAPCID_backbone_rapcid_backbone_84_model_7_seq6_plusRAP	/scratch/a2149a01/RAPCID_2610_output/af3_plusRAP_inputs/RAPCID_backbone_rapcid_backbone_84_model_7_seq6_plusRAP.json	backbone_long	RAPCID_backbone_rapcid_backbone_84_model_7	6	54	34	0.3724595727512613	0.3148148148148148	0.4401	0.3687	0.35875551144177126
RAPCID_backbone_rapcid_backbone_20_model_1_seq7_plusRAP	/scratch/a2149a01/RAPCID_2610_output/af3_plusRAP_inputs/RAPCID_backbone_rapcid_backbone_20_model_1_seq7_plusRAP.json	backbone_denovo	RAPCID_backbone_rapcid_backbone_20_model_1	7	30	63	0.3722625971341543	0.38181818181818183	0.5714	0.4167	0.3909477141649149
RAPCID_backbone_rapcid_backbone_20_model_1_seq1_plusRAP	/scratch/a2149a01/RAPCID_2610_output/af3_plusRAP_inputs/RAPCID_backbone_rapcid_backbone_20_model_1_seq1_plusRAP.json	backbone_denovo	RAPCID_backbone_rapcid_backbone_20_model_1	1	30	63	0.3722625971341543	0.38181818181818183	0.5328	0.3939	0.3859477141649149
RAPCID_backbone_rapcid_backbone_144_model_2_seq3_plusRAP	/scratch/a2149a01/RAPCID_2610_output/af3_plusRAP_inputs/RAPCID_backbone_rapcid_backbone_144_model_2_seq3_plusRAP.json	backbone_denovo	RAPCID_backbone_rapcid_backbone_144_model_2	3	35	26	0.43460767144534873	0.3392857142857143	0.5112	0.4291	0.4251921029440577
RAPCID_backbone_rapcid_backbone_144_model_2_seq3_plusRAP	/scratch/a2149a01/RAPCID_2610_output/af3_plusRAP_inputs/RAPCID_backbone_rapcid_backbone_144_model_2_seq3_plusRAP.json	backbone	RAPCID_backbone_rapcid_backbone_144_model_2	3	35	26	0.3721765627385659	0.2727272727272727	0.5112	0.4291	0.3637918269697284
RAPCID_backbone_rapcid_backbone_99_model_7_seq7_plusRAP	/scratch/a2149a01/RAPCID_2610_output/af3_plusRAP_inputs/RAPCID_backbone_rapcid_backbone_99_model_7_seq7_plusRAP.json	backbone_denovo	RAPCID_backbone_rapcid_backbone_99_model_7	7	63	48	0.37185709740309314	0.24561403508771928	0.412	0.4105	0.35157531371443285
RAPCID_backbone_rapcid_backbone_99_model_7_seq6_plusRAP	/scratch/a2149a01/RAPCID_2610_output/af3_plusRAP_inputs/RAPCID_backbone_rapcid_backbone_99_model_7_seq6_plusRAP.json	backbone_denovo	RAPCID_backbone_rapcid_backbone_99_model_7	6	63	48	0.37185709740309314	0.24561403508771928	0.3986	0.4059	0.35000531371443283
RAPCID_backbone_rapcid_backbone_53_model_5_seq6_plusRAP	/scratch/a2149a01/RAPCID_2610_output/af3_plusRAP_inputs/RAPCID_backbone_rapcid_backbone_53_model_5_seq6_plusRAP.json	backbone_long	RAPCID_backbone_rapcid_backbone_53_model_5	6	40	52	0.37175379775356154	0.24561403508771928	0.5021	0.4304	0.35597827331658805
RAPCID_backbone_rapcid_backbone_53_model_5_seq4_plusRAP	/scratch/a2149a01/RAPCID_2610_output/af3_plusRAP_inputs/RAPCID_backbone_rapcid_backbone_53_model_5_seq4_plusRAP.json	backbone_long	RAPCID_backbone_rapcid_backbone_53_model_5	4	40	52	0.37175379775356154	0.24561403508771928	0.4986	0.3877	0.3534932733165881
RAPCID_backbone_rapcid_backbone_21_model_2_seq7_plusRAP	/scratch/a2149a01/RAPCID_2610_output/af3_plusRAP_inputs/RAPCID_backbone_rapcid_backbone_21_model_2_seq7_plusRAP.json	backbone_long	RAPCID_backbone_rapcid_backbone_21_model_2	7	26	41	0.37153757547790545	0.19642857142857142	0.4818	0.3733	0.31647738515553364
RAPCID_backbone_rapcid_backbone_21_model_2_seq8_plusRAP	/scratch/a2149a01/RAPCID_2610_output/af3_plusRAP_inputs/RAPCID_backbone_rapcid_backbone_21_model_2_seq8_plusRAP.json	backbone_long	RAPCID_backbone_rapcid_backbone_21_model_2	8	26	41	0.37153757547790545	0.19642857142857142	0.4653	0.358	0.31406238515553364
RAPCID_backbone_rapcid_backbone_230_model_2_seq3_plusRAP	/scratch/a2149a01/RAPCID_2610_output/af3_plusRAP_inputs/RAPCID_backbone_rapcid_backbone_230_model_2_seq3_plusRAP.json	backbone_long	RAPCID_backbone_rapcid_backbone_230_model_2	3	33	32	0.37127528243774544	0.2631578947368421	0.3913	0.3731	0.35175946189230706
RAPCID_backbone_rapcid_backbone_230_model_2_seq4_plusRAP	/scratch/a2149a01/RAPCID_2610_output/af3_plusRAP_inputs/RAPCID_backbone_rapcid_backbone_230_model_2_seq4_plusRAP.json	backbone_long	RAPCID_backbone_rapcid_backbone_230_model_2	4	33	32	0.37127528243774544	0.2631578947368421	0.3908	0.3565	0.35087946189230707
RAPCID_backbone_rapcid_backbone_172_model_6_seq5_plusRAP	/scratch/a2149a01/RAPCID_2610_output/af3_plusRAP_inputs/RAPCID_backbone_rapcid_backbone_172_model_6_seq5_plusRAP.json	backbone_denovo	RAPCID_backbone_rapcid_backbone_172_model_6	5	41	38	0.37125911144768353	0.35714285714285715	0.6476	0.5853	0.40037731443717184
RAPCID_backbone_rapcid_backbone_172_model_6_seq6_plusRAP	/scratch/a2149a01/RAPCID_2610_output/af3_plusRAP_inputs/RAPCID_backbone_rapcid_backbone_172_model_6_seq6_plusRAP.json	backbone_denovo	RAPCID_backbone_rapcid_backbone_172_model_6	6	41	38	0.37125911144768353	0.35714285714285715	0.6274	0.5819	0.39818731443717187
RAPCID_backbone_rapcid_backbone_109_model_5_seq5_plusRAP	/scratch/a2149a01/RAPCID_2610_output/af3_plusRAP_inputs/RAPCID_backbone_rapcid_backbone_109_model_5_seq5_plusRAP.json	backbone_denovo	RAPCID_backbone_rapcid_backbone_109_model_5	5	41	60	0.37120856859202467	0.32727272727272727	0.3733	0.3793	0.35515703768459295
RAPCID_backbone_rapcid_backbone_109_model_5_seq4_plusRAP	/scratch/a2149a01/RAPCID_2610_output/af3_plusRAP_inputs/RAPCID_backbone_rapcid_backbone_109_model_5_seq4_plusRAP.json	backbone_denovo	RAPCID_backbone_rapcid_backbone_109_model_5	4	41	60	0.37120856859202467	0.32727272727272727	0.3465	0.3777	0.3523970376845929
RAPCID_backbone_rapcid_backbone_249_model_4_seq3_plusRAP	/scratch/a2149a01/RAPCID_2610_output/af3_plusRAP_inputs/RAPCID_backbone_rapcid_backbone_249_model_4_seq3_plusRAP.json	backbone	RAPCID_backbone_rapcid_backbone_249_model_4	3	26	22	0.3707228888646267	0.2807017543859649	0.4283	0.4036	0.36112184969668437
RAPCID_backbone_rapcid_backbone_249_model_4_seq7_plusRAP	/scratch/a2149a01/RAPCID_2610_output/af3_plusRAP_inputs/RAPCID_backbone_rapcid_backbone_249_model_4_seq7_plusRAP.json	backbone	RAPCID_backbone_rapcid_backbone_249_model_4	7	26	22	0.3707228888646267	0.2807017543859649	0.3957	0.3908	0.35722184969668436
RAPCID_backbone_rapcid_backbone_49_model_3_seq1_plusRAP	/scratch/a2149a01/RAPCID_2610_output/af3_plusRAP_inputs/RAPCID_backbone_rapcid_backbone_49_model_3_seq1_plusRAP.json	backbone	RAPCID_backbone_rapcid_backbone_49_model_3	1	33	28	0.3706864512983481	0.2909090909090909	0.4396	0.3004	0.3485161758115293
RAPCID_backbone_rapcid_backbone_49_model_3_seq5_plusRAP	/scratch/a2149a01/RAPCID_2610_output/af3_plusRAP_inputs/RAPCID_backbone_rapcid_backbone_49_model_3_seq5_plusRAP.json	backbone	RAPCID_backbone_rapcid_backbone_49_model_3	5	33	28	0.3706864512983481	0.2909090909090909	0.4245	0.2962	0.34679617581152933
RAPCID_backbone_rapcid_backbone_164_model_7_seq2_plusRAP	/scratch/a2149a01/RAPCID_2610_output/af3_plusRAP_inputs/RAPCID_backbone_rapcid_backbone_164_model_7_seq2_plusRAP.json	backbone	RAPCID_backbone_rapcid_backbone_164_model_7	2	51	20	0.37039670681869774	0.2222222222222222	0.3664	0.3181	0.32477907362396957
RAPCID_backbone_rapcid_backbone_164_model_7_seq5_plusRAP	/scratch/a2149a01/RAPCID_2610_output/af3_plusRAP_inputs/RAPCID_backbone_rapcid_backbone_164_model_7_seq5_plusRAP.json	backbone	RAPCID_backbone_rapcid_backbone_164_model_7	5	51	20	0.37039670681869774	0.2222222222222222	0.3659	0.3059	0.3241190736239696
RAPCID_backbone_rapcid_backbone_144_model_5_seq1_plusRAP	/scratch/a2149a01/RAPCID_2610_output/af3_plusRAP_inputs/RAPCID_backbone_rapcid_backbone_144_model_5_seq1_plusRAP.json	backbone_denovo	RAPCID_backbone_rapcid_backbone_144_model_5	1	69	38	0.370292830809555	0.35714285714285715	0.5437	0.3865	0.37961248815001397
RAPCID_backbone_rapcid_backbone_144_model_5_seq7_plusRAP	/scratch/a2149a01/RAPCID_2610_output/af3_plusRAP_inputs/RAPCID_backbone_rapcid_backbone_144_model_5_seq7_plusRAP.json	backbone_denovo	RAPCID_backbone_rapcid_backbone_144_model_5	7	69	38	0.370292830809555	0.35714285714285715	0.5376	0.3646	0.377907488150014
RAPCID_backbone_rapcid_backbone_187_model_4_seq2_plusRAP	/scratch/a2149a01/RAPCID_2610_output/af3_plusRAP_inputs/RAPCID_backbone_rapcid_backbone_187_model_4_seq2_plusRAP.json	backbone	RAPCID_backbone_rapcid_backbone_187_model_4	2	28	24	0.3701499375483933	0.25	0.5017	0.4094	0.349707471896777
RAPCID_backbone_rapcid_backbone_187_model_4_seq4_plusRAP	/scratch/a2149a01/RAPCID_2610_output/af3_plusRAP_inputs/RAPCID_backbone_rapcid_backbone_187_model_4_seq4_plusRAP.json	backbone	RAPCID_backbone_rapcid_backbone_187_model_4	4	28	24	0.3701499375483933	0.25	0.4845	0.4171	0.348372471896777
RAPCID_backbone_rapcid_backbone_153_model_2_seq4_plusRAP	/scratch/a2149a01/RAPCID_2610_output/af3_plusRAP_inputs/RAPCID_backbone_rapcid_backbone_153_model_2_seq4_plusRAP.json	backbone_denovo	RAPCID_backbone_rapcid_backbone_153_model_2	4	65	34	0.36984858536919263	0.32142857142857145	0.47	0.3574	0.3616590062732795
RAPCID_backbone_rapcid_backbone_153_model_2_seq1_plusRAP	/scratch/a2149a01/RAPCID_2610_output/af3_plusRAP_inputs/RAPCID_backbone_rapcid_backbone_153_model_2_seq1_plusRAP.json	backbone_denovo	RAPCID_backbone_rapcid_backbone_153_model_2	1	65	34	0.36984858536919263	0.32142857142857145	0.4419	0.3882	0.3603890062732795
RAPCID_backbone_rapcid_backbone_161_model_0_seq7_plusRAP	/scratch/a2149a01/RAPCID_2610_output/af3_plusRAP_inputs/RAPCID_backbone_rapcid_backbone_161_model_0_seq7_plusRAP.json	backbone_denovo	RAPCID_backbone_rapcid_backbone_161_model_0	7	43	70	0.3697204349842398	0.25925925925925924	0.4358	0.3451	0.3364684550021672
RAPCID_backbone_rapcid_backbone_161_model_0_seq1_plusRAP	/scratch/a2149a01/RAPCID_2610_output/af3_plusRAP_inputs/RAPCID_backbone_rapcid_backbone_161_model_0_seq1_plusRAP.json	backbone_denovo	RAPCID_backbone_rapcid_backbone_161_model_0	1	43	70	0.3697204349842398	0.25925925925925924	0.4253	0.3366	0.3349934550021672
RAPCID_backbone_rapcid_backbone_11_model_4_seq4_plusRAP	/scratch/a2149a01/RAPCID_2610_output/af3_plusRAP_inputs/RAPCID_backbone_rapcid_backbone_11_model_4_seq4_plusRAP.json	backbone	RAPCID_backbone_rapcid_backbone_11_model_4	4	33	19	0.36966620852757015	0.23214285714285715	0.462	0.3972	0.34044550812312085
RAPCID_backbone_rapcid_backbone_11_model_4_seq1_plusRAP	/scratch/a2149a01/RAPCID_2610_output/af3_plusRAP_inputs/RAPCID_backbone_rapcid_backbone_11_model_4_seq1_plusRAP.json	backbone	RAPCID_backbone_rapcid_backbone_11_model_4	1	33	19	0.36966620852757015	0.23214285714285715	0.4557	0.4228	0.34109550812312084
RAPCID_backbone_rapcid_backbone_83_model_1_seq1_plusRAP	/scratch/a2149a01/RAPCID_2610_output/af3_plusRAP_inputs/RAPCID_backbone_rapcid_backbone_83_model_1_seq1_plusRAP.json	backbone_long	RAPCID_backbone_rapcid_backbone_83_model_1	1	40	58	0.3693827706892018	0.26785714285714285	0.3918	0.3188	0.34386208807998203
RAPCID_backbone_rapcid_backbone_83_model_1_seq2_plusRAP	/scratch/a2149a01/RAPCID_2610_output/af3_plusRAP_inputs/RAPCID_backbone_rapcid_backbone_83_model_1_seq2_plusRAP.json	backbone_long	RAPCID_backbone_rapcid_backbone_83_model_1	2	40	58	0.3693827706892018	0.26785714285714285	0.3806	0.3445	0.344027088079982
RAPCID_backbone_rapcid_backbone_241_model_0_seq6_plusRAP	/scratch/a2149a01/RAPCID_2610_output/af3_plusRAP_inputs/RAPCID_backbone_rapcid_backbone_241_model_0_seq6_plusRAP.json	backbone_long	RAPCID_backbone_rapcid_backbone_241_model_0	6	53	32	0.3693418590588793	0.2727272727272727	0.3552	0.2818	0.33399565475831383
RAPCID_backbone_rapcid_backbone_241_model_0_seq5_plusRAP	/scratch/a2149a01/RAPCID_2610_output/af3_plusRAP_inputs/RAPCID_backbone_rapcid_backbone_241_model_0_seq5_plusRAP.json	backbone_long	RAPCID_backbone_rapcid_backbone_241_model_0	5	53	32	0.3693418590588793	0.2727272727272727	0.3535	0.2876	0.33411565475831384
RAPCID_backbone_rapcid_backbone_218_model_2_seq7_plusRAP	/scratch/a2149a01/RAPCID_2610_output/af3_plusRAP_inputs/RAPCID_backbone_rapcid_backbone_218_model_2_seq7_plusRAP.json	backbone	RAPCID_backbone_rapcid_backbone_218_model_2	7	39	42	0.3692802641744237	0.2	0.3812	0.3571	0.31659556332293515
RAPCID_backbone_rapcid_backbone_218_model_2_seq2_plusRAP	/scratch/a2149a01/RAPCID_2610_output/af3_plusRAP_inputs/RAPCID_backbone_rapcid_backbone_218_model_2_seq2_plusRAP.json	backbone	RAPCID_backbone_rapcid_backbone_218_model_2	2	39	42	0.3692802641744237	0.2	0.3694	0.3677	0.3159455633229351
RAPCID_backbone_rapcid_backbone_23_model_4_seq6_plusRAP	/scratch/a2149a01/RAPCID_2610_output/af3_plusRAP_inputs/RAPCID_backbone_rapcid_backbone_23_model_4_seq6_plusRAP.json	backbone	RAPCID_backbone_rapcid_backbone_23_model_4	6	33	45	0.3692761779827858	0.26785714285714285	0.3767	0.3479	0.3493146769176504
RAPCID_backbone_rapcid_backbone_23_model_4_seq1_plusRAP	/scratch/a2149a01/RAPCID_2610_output/af3_plusRAP_inputs/RAPCID_backbone_rapcid_backbone_23_model_4_seq1_plusRAP.json	backbone	RAPCID_backbone_rapcid_backbone_23_model_4	1	33	45	0.3692761779827858	0.26785714285714285	0.371	0.3535	0.34902467691765043
RAPCID_backbone_rapcid_backbone_120_model_0_seq3_plusRAP	/scratch/a2149a01/RAPCID_2610_output/af3_plusRAP_inputs/RAPCID_backbone_rapcid_backbone_120_model_0_seq3_plusRAP.json	backbone	RAPCID_backbone_rapcid_backbone_120_model_0	3	25	27	0.426554600408239	0.3392857142857143	0.4724	0.4148	0.41141766542180275
RAPCID_backbone_rapcid_backbone_120_model_0_seq3_plusRAP	/scratch/a2149a01/RAPCID_2610_output/af3_plusRAP_inputs/RAPCID_backbone_rapcid_backbone_120_model_0_seq3_plusRAP.json	backbone_denovo	RAPCID_backbone_rapcid_backbone_120_model_0	3	25	27	0.3691893762392465	0.21818181818181817	0.4724	0.4148	0.3386606738531155
RAPCID_backbone_rapcid_backbone_170_model_6_seq7_plusRAP	/scratch/a2149a01/RAPCID_2610_output/af3_plusRAP_inputs/RAPCID_backbone_rapcid_backbone_170_model_6_seq7_plusRAP.json	backbone_denovo	RAPCID_backbone_rapcid_backbone_170_model_6	7	34	44	0.36900743710681794	0.2962962962962963	0.4268	0.4258	0.35965297632769766
RAPCID_backbone_rapcid_backbone_170_model_6_seq8_plusRAP	/scratch/a2149a01/RAPCID_2610_output/af3_plusRAP_inputs/RAPCID_backbone_rapcid_backbone_170_model_6_seq8_plusRAP.json	backbone_denovo	RAPCID_backbone_rapcid_backbone_170_model_6	8	34	44	0.36900743710681794	0.2962962962962963	0.4178	0.3679	0.35585797632769767
RAPCID_backbone_rapcid_backbone_241_model_1_seq8_plusRAP	/scratch/a2149a01/RAPCID_2610_output/af3_plusRAP_inputs/RAPCID_backbone_rapcid_backbone_241_model_1_seq8_plusRAP.json	backbone	RAPCID_backbone_rapcid_backbone_241_model_1	8	22	31	0.3687203765373782	0.24561403508771928	0.361	0.3136	0.32355212265819444
RAPCID_backbone_rapcid_backbone_241_model_1_seq6_plusRAP	/scratch/a2149a01/RAPCID_2610_output/af3_plusRAP_inputs/RAPCID_backbone_rapcid_backbone_241_model_1_seq6_plusRAP.json	backbone	RAPCID_backbone_rapcid_backbone_241_model_1	6	22	31	0.3687203765373782	0.24561403508771928	0.3568	0.2914	0.3220221226581944
RAPCID_backbone_rapcid_backbone_206_model_4_seq7_plusRAP	/scratch/a2149a01/RAPCID_2610_output/af3_plusRAP_inputs/RAPCID_backbone_rapcid_backbone_206_model_4_seq7_plusRAP.json	backbone_long	RAPCID_backbone_rapcid_backbone_206_model_4	7	50	44	0.3686655649493541	0.2222222222222222	0.3094	0.305	0.3120895042272093
RAPCID_backbone_rapcid_backbone_206_model_4_seq5_plusRAP	/scratch/a2149a01/RAPCID_2610_output/af3_plusRAP_inputs/RAPCID_backbone_rapcid_backbone_206_model_4_seq5_plusRAP.json	backbone_long	RAPCID_backbone_rapcid_backbone_206_model_4	5	50	44	0.3686655649493541	0.2222222222222222	0.3082	0.3191	0.3126745042272093
RAPCID_backbone_rapcid_backbone_203_model_7_seq2_plusRAP	/scratch/a2149a01/RAPCID_2610_output/af3_plusRAP_inputs/RAPCID_backbone_rapcid_backbone_203_model_7_seq2_plusRAP.json	backbone_long	RAPCID_backbone_rapcid_backbone_203_model_7	2	30	38	0.4086305766317274	0.34545454545454546	0.4013	0.4046	0.3917185069590248
RAPCID_backbone_rapcid_backbone_203_model_7_seq2_plusRAP	/scratch/a2149a01/RAPCID_2610_output/af3_plusRAP_inputs/RAPCID_backbone_rapcid_backbone_203_model_7_seq2_plusRAP.json	backbone_denovo	RAPCID_backbone_rapcid_backbone_203_model_7	2	30	38	0.36864161845340127	0.2545454545454545	0.4013	0.4046	0.34544064749594977
RAPCID_backbone_rapcid_backbone_50_model_6_seq7_plusRAP	/scratch/a2149a01/RAPCID_2610_output/af3_plusRAP_inputs/RAPCID_backbone_rapcid_backbone_50_model_6_seq7_plusRAP.json	backbone_long	RAPCID_backbone_rapcid_backbone_50_model_6	7	36	26	0.42653938719546913	0.3148148148148148	0.3722	0.3304	0.3854975390527759
RAPCID_backbone_rapcid_backbone_50_model_6_seq7_plusRAP	/scratch/a2149a01/RAPCID_2610_output/af3_plusRAP_inputs/RAPCID_backbone_rapcid_backbone_50_model_6_seq7_plusRAP.json	backbone	RAPCID_backbone_rapcid_backbone_50_model_6	7	36	26	0.368452176211052	0.26785714285714285	0.3722	0.3304	0.34206332056481464
RAPCID_backbone_rapcid_backbone_57_model_5_seq5_plusRAP	/scratch/a2149a01/RAPCID_2610_output/af3_plusRAP_inputs/RAPCID_backbone_rapcid_backbone_57_model_5_seq5_plusRAP.json	backbone_denovo	RAPCID_backbone_rapcid_backbone_57_model_5	5	31	31	0.36831260363220353	0.35714285714285715	0.4267	0.3777	0.36658138592020584
RAPCID_backbone_rapcid_backbone_57_model_5_seq5_plusRAP	/scratch/a2149a01/RAPCID_2610_output/af3_plusRAP_inputs/RAPCID_backbone_rapcid_backbone_57_model_5_seq5_plusRAP.json	backbone_long	RAPCID_backbone_rapcid_backbone_57_model_5	5	31	31	0.29171134370813334	0.16071428571428573	0.4267	0.3777	0.2718925649861203
RAPCID_backbone_rapcid_backbone_140_model_0_seq2_plusRAP	/scratch/a2149a01/RAPCID_2610_output/af3_plusRAP_inputs/RAPCID_backbone_rapcid_backbone_140_model_0_seq2_plusRAP.json	backbone	RAPCID_backbone_rapcid_backbone_140_model_0	2	43	33	0.36819804783210797	0.2857142857142857	0.5091	0.3865	0.36290824850857556
RAPCID_backbone_rapcid_backbone_140_model_0_seq1_plusRAP	/scratch/a2149a01/RAPCID_2610_output/af3_plusRAP_inputs/RAPCID_backbone_rapcid_backbone_140_model_0_seq1_plusRAP.json	backbone	RAPCID_backbone_rapcid_backbone_140_model_0	1	43	33	0.36819804783210797	0.2857142857142857	0.4802	0.394	0.36039324850857557
RAPCID_backbone_rapcid_backbone_67_model_1_seq4_plusRAP	/scratch/a2149a01/RAPCID_2610_output/af3_plusRAP_inputs/RAPCID_backbone_rapcid_backbone_67_model_1_seq4_plusRAP.json	backbone_long	RAPCID_backbone_rapcid_backbone_67_model_1	4	33	53	0.3681582871747414	0.2222222222222222	0.4295	0.3342	0.3308867847841892
RAPCID_backbone_rapcid_backbone_67_model_1_seq6_plusRAP	/scratch/a2149a01/RAPCID_2610_output/af3_plusRAP_inputs/RAPCID_backbone_rapcid_backbone_67_model_1_seq6_plusRAP.json	backbone_long	RAPCID_backbone_rapcid_backbone_67_model_1	6	33	53	0.3681582871747414	0.2222222222222222	0.4294	0.3381	0.33107178478418925
RAPCID_backbone_rapcid_backbone_162_model_7_seq1_plusRAP	/scratch/a2149a01/RAPCID_2610_output/af3_plusRAP_inputs/RAPCID_backbone_rapcid_backbone_162_model_7_seq1_plusRAP.json	backbone_long	RAPCID_backbone_rapcid_backbone_162_model_7	1	26	61	0.36813739613272944	0.21428571428571427	0.3695	0.303	0.32688881238671236
RAPCID_backbone_rapcid_backbone_162_model_7_seq3_plusRAP	/scratch/a2149a01/RAPCID_2610_output/af3_plusRAP_inputs/RAPCID_backbone_rapcid_backbone_162_model_7_seq3_plusRAP.json	backbone_long	RAPCID_backbone_rapcid_backbone_162_model_7	3	26	61	0.36813739613272944	0.21428571428571427	0.3575	0.2918	0.3251288123867124
RAPCID_backbone_rapcid_backbone_149_model_3_seq4_plusRAP	/scratch/a2149a01/RAPCID_2610_output/af3_plusRAP_inputs/RAPCID_backbone_rapcid_backbone_149_model_3_seq4_plusRAP.json	backbone_long	RAPCID_backbone_rapcid_backbone_149_model_3	4	33	48	0.3680469667815449	0.21818181818181817	0.4545	0.341	0.33266658959714973
RAPCID_backbone_rapcid_backbone_149_model_3_seq6_plusRAP	/scratch/a2149a01/RAPCID_2610_output/af3_plusRAP_inputs/RAPCID_backbone_rapcid_backbone_149_model_3_seq6_plusRAP.json	backbone_long	RAPCID_backbone_rapcid_backbone_149_model_3	6	33	48	0.3680469667815449	0.21818181818181817	0.4172	0.3207	0.3279215895971498
RAPCID_backbone_rapcid_backbone_191_model_7_seq3_plusRAP	/scratch/a2149a01/RAPCID_2610_output/af3_plusRAP_inputs/RAPCID_backbone_rapcid_backbone_191_model_7_seq3_plusRAP.json	backbone_denovo	RAPCID_backbone_rapcid_backbone_191_model_7	3	44	67	0.3678583265863824	0.2982456140350877	0.3825	0.4136	0.33236098380597734
RAPCID_backbone_rapcid_backbone_191_model_7_seq4_plusRAP	/scratch/a2149a01/RAPCID_2610_output/af3_plusRAP_inputs/RAPCID_backbone_rapcid_backbone_191_model_7_seq4_plusRAP.json	backbone_denovo	RAPCID_backbone_rapcid_backbone_191_model_7	4	44	67	0.3678583265863824	0.2982456140350877	0.359	0.3991	0.32928598380597734
RAPCID_backbone_rapcid_backbone_105_model_7_seq1_plusRAP	/scratch/a2149a01/RAPCID_2610_output/af3_plusRAP_inputs/RAPCID_backbone_rapcid_backbone_105_model_7_seq1_plusRAP.json	backbone_long	RAPCID_backbone_rapcid_backbone_105_model_7	1	32	28	0.36773122247446277	0.25	0.4039	0.3645	0.33659405011350824
RAPCID_backbone_rapcid_backbone_105_model_7_seq1_plusRAP	/scratch/a2149a01/RAPCID_2610_output/af3_plusRAP_inputs/RAPCID_backbone_rapcid_backbone_105_model_7_seq1_plusRAP.json	backbone_denovo	RAPCID_backbone_rapcid_backbone_105_model_7	1	32	28	0.33127041699997306	0.2	0.4039	0.3645	0.2910200209833212
RAPCID_backbone_rapcid_backbone_78_model_4_seq6_plusRAP	/scratch/a2149a01/RAPCID_2610_output/af3_plusRAP_inputs/RAPCID_backbone_rapcid_backbone_78_model_4_seq6_plusRAP.json	backbone	RAPCID_backbone_rapcid_backbone_78_model_4	6	16	29	0.3673606024876629	0.21428571428571427	0.3104	0.2605	0.29628203302421025
RAPCID_backbone_rapcid_backbone_78_model_4_seq3_plusRAP	/scratch/a2149a01/RAPCID_2610_output/af3_plusRAP_inputs/RAPCID_backbone_rapcid_backbone_78_model_4_seq3_plusRAP.json	backbone	RAPCID_backbone_rapcid_backbone_78_model_4	3	16	29	0.3673606024876629	0.21428571428571427	0.2928	0.2543	0.29421203302421023
RAPCID_backbone_rapcid_backbone_92_model_0_seq8_plusRAP	/scratch/a2149a01/RAPCID_2610_output/af3_plusRAP_inputs/RAPCID_backbone_rapcid_backbone_92_model_0_seq8_plusRAP.json	backbone	RAPCID_backbone_rapcid_backbone_92_model_0	8	25	20	0.3673506586069918	0.25	0.4648	0.3702	0.34835335192870187
RAPCID_backbone_rapcid_backbone_92_model_0_seq4_plusRAP	/scratch/a2149a01/RAPCID_2610_output/af3_plusRAP_inputs/RAPCID_backbone_rapcid_backbone_92_model_0_seq4_plusRAP.json	backbone	RAPCID_backbone_rapcid_backbone_92_model_0	4	25	20	0.3673506586069918	0.25	0.4582	0.405	0.34943335192870184
RAPCID_backbone_rapcid_backbone_109_model_6_seq1_plusRAP	/scratch/a2149a01/RAPCID_2610_output/af3_plusRAP_inputs/RAPCID_backbone_rapcid_backbone_109_model_6_seq1_plusRAP.json	backbone	RAPCID_backbone_rapcid_backbone_109_model_6	1	30	32	0.40154638948412713	0.26785714285714285	0.4373	0.2775	0.36082071653769854
RAPCID_backbone_rapcid_backbone_109_model_6_seq1_plusRAP	/scratch/a2149a01/RAPCID_2610_output/af3_plusRAP_inputs/RAPCID_backbone_rapcid_backbone_109_model_6_seq1_plusRAP.json	backbone_long	RAPCID_backbone_rapcid_backbone_109_model_6	1	30	32	0.36713745001886466	0.2727272727272727	0.4373	0.2775	0.3409986706903073
RAPCID_backbone_rapcid_backbone_183_model_3_seq4_plusRAP	/scratch/a2149a01/RAPCID_2610_output/af3_plusRAP_inputs/RAPCID_backbone_rapcid_backbone_183_model_3_seq4_plusRAP.json	backbone_denovo	RAPCID_backbone_rapcid_backbone_183_model_3	4	64	56	0.36706671213091535	0.2727272727272727	0.7487	0.5255	0.39561794975184117
RAPCID_backbone_rapcid_backbone_183_model_3_seq8_plusRAP	/scratch/a2149a01/RAPCID_2610_output/af3_plusRAP_inputs/RAPCID_backbone_rapcid_backbone_183_model_3_seq8_plusRAP.json	backbone_denovo	RAPCID_backbone_rapcid_backbone_183_model_3	8	64	56	0.36706671213091535	0.2727272727272727	0.6399	0.5194	0.38443294975184117
RAPCID_backbone_rapcid_backbone_196_model_2_seq6_plusRAP	/scratch/a2149a01/RAPCID_2610_output/af3_plusRAP_inputs/RAPCID_backbone_rapcid_backbone_196_model_2_seq6_plusRAP.json	backbone_denovo	RAPCID_backbone_rapcid_backbone_196_model_2	6	68	46	0.36657133725216784	0.34545454545454546	0.5048	0.49	0.3651896270160008
RAPCID_backbone_rapcid_backbone_196_model_2_seq3_plusRAP	/scratch/a2149a01/RAPCID_2610_output/af3_plusRAP_inputs/RAPCID_backbone_rapcid_backbone_196_model_2_seq3_plusRAP.json	backbone_denovo	RAPCID_backbone_rapcid_backbone_196_model_2	3	68	46	0.36657133725216784	0.34545454545454546	0.4939	0.4988	0.36453962701600073
RAPCID_backbone_rapcid_backbone_179_model_3_seq6_plusRAP	/scratch/a2149a01/RAPCID_2610_output/af3_plusRAP_inputs/RAPCID_backbone_rapcid_backbone_179_model_3_seq6_plusRAP.json	backbone	RAPCID_backbone_rapcid_backbone_179_model_3	6	38	34	0.36650582632493367	0.23214285714285715	0.357	0.2448	0.3153477805763789
RAPCID_backbone_rapcid_backbone_179_model_3_seq6_plusRAP	/scratch/a2149a01/RAPCID_2610_output/af3_plusRAP_inputs/RAPCID_backbone_rapcid_backbone_179_model_3_seq6_plusRAP.json	backbone_denovo	RAPCID_backbone_rapcid_backbone_179_model_3	6	38	34	0.2445803129055074	0.16363636363636364	0.357	0.2448	0.22668800949434706
RAPCID_backbone_rapcid_backbone_227_model_7_seq5_plusRAP	/scratch/a2149a01/RAPCID_2610_output/af3_plusRAP_inputs/RAPCID_backbone_rapcid_backbone_227_model_7_seq5_plusRAP.json	backbone_long	RAPCID_backbone_rapcid_backbone_227_model_7	5	48	50	0.3663866749093305	0.2857142857142857	0.3267	0.3208	0.33501257513777016
RAPCID_backbone_rapcid_backbone_227_model_7_seq5_plusRAP	/scratch/a2149a01/RAPCID_2610_output/af3_plusRAP_inputs/RAPCID_backbone_rapcid_backbone_227_model_7_seq5_plusRAP.json	backbone_denovo	RAPCID_backbone_rapcid_backbone_227_model_7	5	48	50	0.29825567065837033	0.2545454545454545	0.3267	0.3208	0.2910058598770747
RAPCID_backbone_rapcid_backbone_86_model_2_seq5_plusRAP	/scratch/a2149a01/RAPCID_2610_output/af3_plusRAP_inputs/RAPCID_backbone_rapcid_backbone_86_model_2_seq5_plusRAP.json	backbone	RAPCID_backbone_rapcid_backbone_86_model_2	5	44	34	0.3656448400469333	0.32142857142857145	0.5267	0.3915	0.37269787643381846
RAPCID_backbone_rapcid_backbone_86_model_2_seq4_plusRAP	/scratch/a2149a01/RAPCID_2610_output/af3_plusRAP_inputs/RAPCID_backbone_rapcid_backbone_86_model_2_seq4_plusRAP.json	backbone	RAPCID_backbone_rapcid_backbone_86_model_2	4	44	34	0.3656448400469333	0.32142857142857145	0.5047	0.3716	0.36950287643381846
RAPCID_backbone_rapcid_backbone_226_model_2_seq8_plusRAP	/scratch/a2149a01/RAPCID_2610_output/af3_plusRAP_inputs/RAPCID_backbone_rapcid_backbone_226_model_2_seq8_plusRAP.json	backbone_long	RAPCID_backbone_rapcid_backbone_226_model_2	8	38	40	0.36554302316286835	0.23214285714285715	0.3413	0.3043	0.31631951915344947
RAPCID_backbone_rapcid_backbone_226_model_2_seq4_plusRAP	/scratch/a2149a01/RAPCID_2610_output/af3_plusRAP_inputs/RAPCID_backbone_rapcid_backbone_226_model_2_seq4_plusRAP.json	backbone_long	RAPCID_backbone_rapcid_backbone_226_model_2	4	38	40	0.36554302316286835	0.23214285714285715	0.34	0.2875	0.31534951915344955
RAPCID_backbone_rapcid_backbone_171_model_4_seq8_plusRAP	/scratch/a2149a01/RAPCID_2610_output/af3_plusRAP_inputs/RAPCID_backbone_rapcid_backbone_171_model_4_seq8_plusRAP.json	backbone_denovo	RAPCID_backbone_rapcid_backbone_171_model_4	8	56	60	0.3654683692713261	0.26785714285714285	0.3241	0.3363	0.32509449633082693
RAPCID_backbone_rapcid_backbone_171_model_4_seq5_plusRAP	/scratch/a2149a01/RAPCID_2610_output/af3_plusRAP_inputs/RAPCID_backbone_rapcid_backbone_171_model_4_seq5_plusRAP.json	backbone_denovo	RAPCID_backbone_rapcid_backbone_171_model_4	5	56	60	0.3654683692713261	0.26785714285714285	0.3207	0.3284	0.3243594963308269
RAPCID_backbone_rapcid_backbone_223_model_4_seq3_plusRAP	/scratch/a2149a01/RAPCID_2610_output/af3_plusRAP_inputs/RAPCID_backbone_rapcid_backbone_223_model_4_seq3_plusRAP.json	backbone_denovo	RAPCID_backbone_rapcid_backbone_223_model_4	3	28	37	0.3653412094570706	0.36363636363636365	0.467	0.3097	0.36749763516477263
RAPCID_backbone_rapcid_backbone_223_model_4_seq3_plusRAP	/scratch/a2149a01/RAPCID_2610_output/af3_plusRAP_inputs/RAPCID_backbone_rapcid_backbone_223_model_4_seq3_plusRAP.json	backbone	RAPCID_backbone_rapcid_backbone_223_model_4	3	28	37	0.3135187224417475	0.21052631578947367	0.467	0.3097	0.29478889293504373
RAPCID_backbone_rapcid_backbone_229_model_4_seq3_plusRAP	/scratch/a2149a01/RAPCID_2610_output/af3_plusRAP_inputs/RAPCID_backbone_rapcid_backbone_229_model_4_seq3_plusRAP.json	backbone_denovo	RAPCID_backbone_rapcid_backbone_229_model_4	3	51	45	0.36497766738750237	0.25925925925925924	0.5447	0.3744	0.3522447651391909
RAPCID_backbone_rapcid_backbone_229_model_4_seq8_plusRAP	/scratch/a2149a01/RAPCID_2610_output/af3_plusRAP_inputs/RAPCID_backbone_rapcid_backbone_229_model_4_seq8_plusRAP.json	backbone_denovo	RAPCID_backbone_rapcid_backbone_229_model_4	8	51	45	0.36497766738750237	0.25925925925925924	0.5252	0.3795	0.3505497651391909
RAPCID_backbone_rapcid_backbone_231_model_4_seq8_plusRAP	/scratch/a2149a01/RAPCID_2610_output/af3_plusRAP_inputs/RAPCID_backbone_rapcid_backbone_231_model_4_seq8_plusRAP.json	backbone	RAPCID_backbone_rapcid_backbone_231_model_4	8	28	18	0.3996005759596475	0.36363636363636365	0.4076	0.3918	0.38663490564648784
RAPCID_backbone_rapcid_backbone_231_model_4_seq8_plusRAP	/scratch/a2149a01/RAPCID_2610_output/af3_plusRAP_inputs/RAPCID_backbone_rapcid_backbone_231_model_4_seq8_plusRAP.json	backbone_long	RAPCID_backbone_rapcid_backbone_231_model_4	8	28	18	0.36496766755755905	0.22807017543859648	0.4076	0.3918	0.32604743870499514
RAPCID_backbone_rapcid_backbone_131_model_4_seq7_plusRAP	/scratch/a2149a01/RAPCID_2610_output/af3_plusRAP_inputs/RAPCID_backbone_rapcid_backbone_131_model_4_seq7_plusRAP.json	backbone_denovo	RAPCID_backbone_rapcid_backbone_131_model_4	7	30	23	0.36496720587477216	0.23636363636363636	0.4578	0.3208	0.33514615173455653
RAPCID_backbone_rapcid_backbone_131_model_4_seq7_plusRAP	/scratch/a2149a01/RAPCID_2610_output/af3_plusRAP_inputs/RAPCID_backbone_rapcid_backbone_131_model_4_seq7_plusRAP.json	backbone	RAPCID_backbone_rapcid_backbone_131_model_4	7	30	23	0.33066605167863705	0.21052631578947367	0.4578	0.3208	0.3132513022027551
RAPCID_backbone_rapcid_backbone_160_model_3_seq5_plusRAP	/scratch/a2149a01/RAPCID_2610_output/af3_plusRAP_inputs/RAPCID_backbone_rapcid_backbone_160_model_3_seq5_plusRAP.json	backbone_long	RAPCID_backbone_rapcid_backbone_160_model_3	5	56	33	0.3648415599977989	0.2545454545454545	0.4029	0.2702	0.320503954524262
RAPCID_backbone_rapcid_backbone_160_model_3_seq5_plusRAP	/scratch/a2149a01/RAPCID_2610_output/af3_plusRAP_inputs/RAPCID_backbone_rapcid_backbone_160_model_3_seq5_plusRAP.json	backbone_denovo	RAPCID_backbone_rapcid_backbone_160_model_3	5	56	33	0.3229880852663679	0.23214285714285715	0.4029	0.2702	0.2960692415444688
RAPCID_backbone_rapcid_backbone_33_model_2_seq7_plusRAP	/scratch/a2149a01/RAPCID_2610_output/af3_plusRAP_inputs/RAPCID_backbone_rapcid_backbone_33_model_2_seq7_plusRAP.json	backbone	RAPCID_backbone_rapcid_backbone_33_model_2	7	39	21	0.36477712402965634	0.2909090909090909	0.3189	0.3142	0.3400325340961736
RAPCID_backbone_rapcid_backbone_33_model_2_seq5_plusRAP	/scratch/a2149a01/RAPCID_2610_output/af3_plusRAP_inputs/RAPCID_backbone_rapcid_backbone_33_model_2_seq5_plusRAP.json	backbone	RAPCID_backbone_rapcid_backbone_33_model_2	5	39	21	0.36477712402965634	0.2909090909090909	0.3163	0.3098	0.33955253409617364
RAPCID_backbone_rapcid_backbone_118_model_7_seq5_plusRAP	/scratch/a2149a01/RAPCID_2610_output/af3_plusRAP_inputs/RAPCID_backbone_rapcid_backbone_118_model_7_seq5_plusRAP.json	backbone_denovo	RAPCID_backbone_rapcid_backbone_118_model_7	5	37	42	0.3641685486969716	0.24074074074074073	0.3509	0.3485	0.3265760320988224
RAPCID_backbone_rapcid_backbone_118_model_7_seq5_plusRAP	/scratch/a2149a01/RAPCID_2610_output/af3_plusRAP_inputs/RAPCID_backbone_rapcid_backbone_118_model_7_seq5_plusRAP.json	backbone_long	RAPCID_backbone_rapcid_backbone_118_model_7	5	37	42	0.30841305769835614	0.14814814814814814	0.3509	0.3485	0.2616712463346306
RAPCID_backbone_rapcid_backbone_138_model_7_seq4_plusRAP	/scratch/a2149a01/RAPCID_2610_output/af3_plusRAP_inputs/RAPCID_backbone_rapcid_backbone_138_model_7_seq4_plusRAP.json	backbone	RAPCID_backbone_rapcid_backbone_138_model_7	4	29	23	0.4776438786539424	0.32142857142857145	0.5297	0.436	0.43673355491808363
RAPCID_backbone_rapcid_backbone_138_model_7_seq4_plusRAP	/scratch/a2149a01/RAPCID_2610_output/af3_plusRAP_inputs/RAPCID_backbone_rapcid_backbone_138_model_7_seq4_plusRAP.json	backbone_denovo	RAPCID_backbone_rapcid_backbone_138_model_7	4	29	23	0.36399474718139135	0.32142857142857145	0.5297	0.436	0.3744803346443245
RAPCID_backbone_rapcid_backbone_52_model_3_seq1_plusRAP	/scratch/a2149a01/RAPCID_2610_output/af3_plusRAP_inputs/RAPCID_backbone_rapcid_backbone_52_model_3_seq1_plusRAP.json	backbone_long	RAPCID_backbone_rapcid_backbone_52_model_3	1	40	40	0.3635897810880332	0.19642857142857142	0.4223	0.3647	0.31763198879120225
RAPCID_backbone_rapcid_backbone_52_model_3_seq3_plusRAP	/scratch/a2149a01/RAPCID_2610_output/af3_plusRAP_inputs/RAPCID_backbone_rapcid_backbone_52_model_3_seq3_plusRAP.json	backbone_long	RAPCID_backbone_rapcid_backbone_52_model_3	3	40	40	0.3635897810880332	0.19642857142857142	0.4166	0.3648	0.31706698879120226
RAPCID_backbone_rapcid_backbone_219_model_4_seq5_plusRAP	/scratch/a2149a01/RAPCID_2610_output/af3_plusRAP_inputs/RAPCID_backbone_rapcid_backbone_219_model_4_seq5_plusRAP.json	backbone_denovo	RAPCID_backbone_rapcid_backbone_219_model_4	5	70	39	0.3635603389667954	0.2037037037037037	0.4944	0.3726	0.3270425229054283
RAPCID_backbone_rapcid_backbone_219_model_4_seq1_plusRAP	/scratch/a2149a01/RAPCID_2610_output/af3_plusRAP_inputs/RAPCID_backbone_rapcid_backbone_219_model_4_seq1_plusRAP.json	backbone_denovo	RAPCID_backbone_rapcid_backbone_219_model_4	1	70	39	0.3635603389667954	0.2037037037037037	0.4774	0.3523	0.3243275229054283
RAPCID_backbone_rapcid_backbone_10_model_6_seq8_plusRAP	/scratch/a2149a01/RAPCID_2610_output/af3_plusRAP_inputs/RAPCID_backbone_rapcid_backbone_10_model_6_seq8_plusRAP.json	backbone_denovo	RAPCID_backbone_rapcid_backbone_10_model_6	8	56	38	0.3634756031781028	0.23214285714285715	0.7218	0.5317	0.3703647357158606
RAPCID_backbone_rapcid_backbone_10_model_6_seq2_plusRAP	/scratch/a2149a01/RAPCID_2610_output/af3_plusRAP_inputs/RAPCID_backbone_rapcid_backbone_10_model_6_seq2_plusRAP.json	backbone_denovo	RAPCID_backbone_rapcid_backbone_10_model_6	2	56	38	0.3634756031781028	0.23214285714285715	0.6026	0.5266	0.3581897357158606
RAPCID_backbone_rapcid_backbone_111_model_3_seq3_plusRAP	/scratch/a2149a01/RAPCID_2610_output/af3_plusRAP_inputs/RAPCID_backbone_rapcid_backbone_111_model_3_seq3_plusRAP.json	backbone	RAPCID_backbone_rapcid_backbone_111_model_3	3	12	37	0.3634258471205254	0.21428571428571427	0.3431	0.3023	0.3054269486645539
RAPCID_backbone_rapcid_backbone_111_model_3_seq3_plusRAP	/scratch/a2149a01/RAPCID_2610_output/af3_plusRAP_inputs/RAPCID_backbone_rapcid_backbone_111_model_3_seq3_plusRAP.json	backbone_denovo	RAPCID_backbone_rapcid_backbone_111_model_3	3	12	37	0.31028790585907484	0.2909090909090909	0.3431	0.3023	0.3006707192527453
RAPCID_backbone_rapcid_backbone_242_model_7_seq2_plusRAP	/scratch/a2149a01/RAPCID_2610_output/af3_plusRAP_inputs/RAPCID_backbone_rapcid_backbone_242_model_7_seq2_plusRAP.json	backbone	RAPCID_backbone_rapcid_backbone_242_model_7	2	31	30	0.36328581652165126	0.23636363636363636	0.3379	0.2719	0.31995452652565215
RAPCID_backbone_rapcid_backbone_242_model_7_seq1_plusRAP	/scratch/a2149a01/RAPCID_2610_output/af3_plusRAP_inputs/RAPCID_backbone_rapcid_backbone_242_model_7_seq1_plusRAP.json	backbone	RAPCID_backbone_rapcid_backbone_242_model_7	1	31	30	0.36328581652165126	0.23636363636363636	0.3287	0.2698	0.31892952652565215
RAPCID_backbone_rapcid_backbone_206_model_2_seq7_plusRAP	/scratch/a2149a01/RAPCID_2610_output/af3_plusRAP_inputs/RAPCID_backbone_rapcid_backbone_206_model_2_seq7_plusRAP.json	backbone_denovo	RAPCID_backbone_rapcid_backbone_206_model_2	7	50	44	0.41080642472055817	0.39285714285714285	0.4181	0.3144	0.3906071768385369
RAPCID_backbone_rapcid_backbone_206_model_2_seq7_plusRAP	/scratch/a2149a01/RAPCID_2610_output/af3_plusRAP_inputs/RAPCID_backbone_rapcid_backbone_206_model_2_seq7_plusRAP.json	backbone_long	RAPCID_backbone_rapcid_backbone_206_model_2	7	50	44	0.3632538202551069	0.2222222222222222	0.4181	0.3144	0.32099421911479814
RAPCID_backbone_rapcid_backbone_119_model_1_seq6_plusRAP	/scratch/a2149a01/RAPCID_2610_output/af3_plusRAP_inputs/RAPCID_backbone_rapcid_backbone_119_model_1_seq6_plusRAP.json	backbone_long	RAPCID_backbone_rapcid_backbone_119_model_1	6	55	26	0.36287372647671245	0.2	0.4082	0.2863	0.3073170658034095
RAPCID_backbone_rapcid_backbone_119_model_1_seq2_plusRAP	/scratch/a2149a01/RAPCID_2610_output/af3_plusRAP_inputs/RAPCID_backbone_rapcid_backbone_119_model_1_seq2_plusRAP.json	backbone_long	RAPCID_backbone_rapcid_backbone_119_model_1	2	55	26	0.36287372647671245	0.2	0.404	0.2757	0.30636706580340944
RAPCID_backbone_rapcid_backbone_195_model_1_seq7_plusRAP	/scratch/a2149a01/RAPCID_2610_output/af3_plusRAP_inputs/RAPCID_backbone_rapcid_backbone_195_model_1_seq7_plusRAP.json	backbone_denovo	RAPCID_backbone_rapcid_backbone_195_model_1	7	47	41	0.36274392803574373	0.2857142857142857	0.6127	0.5608	0.37397333904465613
RAPCID_backbone_rapcid_backbone_195_model_1_seq5_plusRAP	/scratch/a2149a01/RAPCID_2610_output/af3_plusRAP_inputs/RAPCID_backbone_rapcid_backbone_195_model_1_seq5_plusRAP.json	backbone_denovo	RAPCID_backbone_rapcid_backbone_195_model_1	5	47	41	0.36274392803574373	0.2857142857142857	0.5561	0.5592	0.3682333390446561
RAPCID_backbone_rapcid_backbone_10_model_5_seq1_plusRAP	/scratch/a2149a01/RAPCID_2610_output/af3_plusRAP_inputs/RAPCID_backbone_rapcid_backbone_10_model_5_seq1_plusRAP.json	backbone	RAPCID_backbone_rapcid_backbone_10_model_5	1	43	13	0.3627257804473919	0.23636363636363636	0.4255	0.3319	0.32590695473667997
RAPCID_backbone_rapcid_backbone_10_model_5_seq1_plusRAP	/scratch/a2149a01/RAPCID_2610_output/af3_plusRAP_inputs/RAPCID_backbone_rapcid_backbone_10_model_5_seq1_plusRAP.json	backbone_denovo	RAPCID_backbone_rapcid_backbone_10_model_5	1	43	13	0.3168148189138523	0.26785714285714285	0.4255	0.3319	0.3131203986699638
RAPCID_backbone_rapcid_backbone_110_model_2_seq6_plusRAP	/scratch/a2149a01/RAPCID_2610_output/af3_plusRAP_inputs/RAPCID_backbone_rapcid_backbone_110_model_2_seq6_plusRAP.json	backbone	RAPCID_backbone_rapcid_backbone_110_model_2	6	43	39	0.3625986522772976	0.2631578947368421	0.3567	0.3404	0.32609331165343886
RAPCID_backbone_rapcid_backbone_110_model_2_seq7_plusRAP	/scratch/a2149a01/RAPCID_2610_output/af3_plusRAP_inputs/RAPCID_backbone_rapcid_backbone_110_model_2_seq7_plusRAP.json	backbone	RAPCID_backbone_rapcid_backbone_110_model_2	7	43	39	0.3625986522772976	0.2631578947368421	0.3513	0.3478	0.3259233116534389
RAPCID_backbone_rapcid_backbone_216_model_1_seq5_plusRAP	/scratch/a2149a01/RAPCID_2610_output/af3_plusRAP_inputs/RAPCID_backbone_rapcid_backbone_216_model_1_seq5_plusRAP.json	backbone	RAPCID_backbone_rapcid_backbone_216_model_1	5	38	36	0.3625301741714029	0.2631578947368421	0.4335	0.3158	0.33806805206134183
RAPCID_backbone_rapcid_backbone_216_model_1_seq6_plusRAP	/scratch/a2149a01/RAPCID_2610_output/af3_plusRAP_inputs/RAPCID_backbone_rapcid_backbone_216_model_1_seq6_plusRAP.json	backbone	RAPCID_backbone_rapcid_backbone_216_model_1	6	38	36	0.3625301741714029	0.2631578947368421	0.4144	0.3234	0.3365380520613418
RAPCID_backbone_rapcid_backbone_29_model_0_seq1_plusRAP	/scratch/a2149a01/RAPCID_2610_output/af3_plusRAP_inputs/RAPCID_backbone_rapcid_backbone_29_model_0_seq1_plusRAP.json	backbone	RAPCID_backbone_rapcid_backbone_29_model_0	1	29	16	0.36227439289660224	0.17857142857142858	0.4584	0.326	0.30313966727966146
RAPCID_backbone_rapcid_backbone_29_model_0_seq6_plusRAP	/scratch/a2149a01/RAPCID_2610_output/af3_plusRAP_inputs/RAPCID_backbone_rapcid_backbone_29_model_0_seq6_plusRAP.json	backbone	RAPCID_backbone_rapcid_backbone_29_model_0	6	29	16	0.36227439289660224	0.17857142857142858	0.4204	0.3313	0.2996046672796615
RAPCID_backbone_rapcid_backbone_218_model_4_seq1_plusRAP	/scratch/a2149a01/RAPCID_2610_output/af3_plusRAP_inputs/RAPCID_backbone_rapcid_backbone_218_model_4_seq1_plusRAP.json	backbone	RAPCID_backbone_rapcid_backbone_218_model_4	1	39	42	0.36200419950162754	0.2545454545454545	0.3957	0.3618	0.32864269785654043
RAPCID_backbone_rapcid_backbone_218_model_4_seq2_plusRAP	/scratch/a2149a01/RAPCID_2610_output/af3_plusRAP_inputs/RAPCID_backbone_rapcid_backbone_218_model_4_seq2_plusRAP.json	backbone	RAPCID_backbone_rapcid_backbone_218_model_4	2	39	42	0.36200419950162754	0.2545454545454545	0.3832	0.3469	0.32664769785654046
RAPCID_backbone_rapcid_backbone_154_model_0_seq5_plusRAP	/scratch/a2149a01/RAPCID_2610_output/af3_plusRAP_inputs/RAPCID_backbone_rapcid_backbone_154_model_0_seq5_plusRAP.json	backbone	RAPCID_backbone_rapcid_backbone_154_model_0	5	33	16	0.48105058497558506	0.35714285714285715	0.4324	0.3782	0.4345751441913942
RAPCID_backbone_rapcid_backbone_154_model_0_seq5_plusRAP	/scratch/a2149a01/RAPCID_2610_output/af3_plusRAP_inputs/RAPCID_backbone_rapcid_backbone_154_model_0_seq5_plusRAP.json	backbone_long	RAPCID_backbone_rapcid_backbone_154_model_0	5	33	16	0.49631978950295497	0.3148148148148148	0.4324	0.3782	0.4308642756467001
RAPCID_backbone_rapcid_backbone_4_model_0_seq8_plusRAP	/scratch/a2149a01/RAPCID_2610_output/af3_plusRAP_inputs/RAPCID_backbone_rapcid_backbone_4_model_0_seq8_plusRAP.json	backbone_denovo	RAPCID_backbone_rapcid_backbone_4_model_0	8	53	42	0.3617827200861615	0.25	0.6584	0.5064	0.37201777959432825
RAPCID_backbone_rapcid_backbone_4_model_0_seq7_plusRAP	/scratch/a2149a01/RAPCID_2610_output/af3_plusRAP_inputs/RAPCID_backbone_rapcid_backbone_4_model_0_seq7_plusRAP.json	backbone_denovo	RAPCID_backbone_rapcid_backbone_4_model_0	7	53	42	0.3617827200861615	0.25	0.6338	0.4726	0.3678677795943282
RAPCID_backbone_rapcid_backbone_187_model_6_seq8_plusRAP	/scratch/a2149a01/RAPCID_2610_output/af3_plusRAP_inputs/RAPCID_backbone_rapcid_backbone_187_model_6_seq8_plusRAP.json	backbone_long	RAPCID_backbone_rapcid_backbone_187_model_6	8	35	31	0.4200983388597036	0.3148148148148148	0.4963	0.3012	0.3935490673016815
RAPCID_backbone_rapcid_backbone_187_model_6_seq8_plusRAP	/scratch/a2149a01/RAPCID_2610_output/af3_plusRAP_inputs/RAPCID_backbone_rapcid_backbone_187_model_6_seq8_plusRAP.json	backbone_denovo	RAPCID_backbone_rapcid_backbone_187_model_6	8	35	31	0.36170091704459917	0.3090909090909091	0.4963	0.3012	0.35472813994279695
RAPCID_backbone_rapcid_backbone_149_model_4_seq1_plusRAP	/scratch/a2149a01/RAPCID_2610_output/af3_plusRAP_inputs/RAPCID_backbone_rapcid_backbone_149_model_4_seq1_plusRAP.json	backbone	RAPCID_backbone_rapcid_backbone_149_model_4	1	36	28	0.3616796794750785	0.2545454545454545	0.4756	0.3896	0.34898777495570454
RAPCID_backbone_rapcid_backbone_149_model_4_seq2_plusRAP	/scratch/a2149a01/RAPCID_2610_output/af3_plusRAP_inputs/RAPCID_backbone_rapcid_backbone_149_model_4_seq2_plusRAP.json	backbone	RAPCID_backbone_rapcid_backbone_149_model_4	2	36	28	0.3616796794750785	0.2545454545454545	0.4508	0.3923	0.34664277495570456
RAPCID_backbone_rapcid_backbone_102_model_6_seq6_plusRAP	/scratch/a2149a01/RAPCID_2610_output/af3_plusRAP_inputs/RAPCID_backbone_rapcid_backbone_102_model_6_seq6_plusRAP.json	backbone_denovo	RAPCID_backbone_rapcid_backbone_102_model_6	6	33	62	0.3616125260660954	0.2857142857142857	0.4551	0.4187	0.3561547637138699
RAPCID_backbone_rapcid_backbone_102_model_6_seq8_plusRAP	/scratch/a2149a01/RAPCID_2610_output/af3_plusRAP_inputs/RAPCID_backbone_rapcid_backbone_102_model_6_seq8_plusRAP.json	backbone_denovo	RAPCID_backbone_rapcid_backbone_102_model_6	8	33	62	0.3616125260660954	0.2857142857142857	0.4541	0.4363	0.3569347637138699
RAPCID_backbone_rapcid_backbone_115_model_0_seq4_plusRAP	/scratch/a2149a01/RAPCID_2610_output/af3_plusRAP_inputs/RAPCID_backbone_rapcid_backbone_115_model_0_seq4_plusRAP.json	backbone	RAPCID_backbone_rapcid_backbone_115_model_0	4	26	41	0.36140186062940516	0.30357142857142855	0.3636	0.3517	0.34246869442608946
RAPCID_backbone_rapcid_backbone_115_model_0_seq4_plusRAP	/scratch/a2149a01/RAPCID_2610_output/af3_plusRAP_inputs/RAPCID_backbone_rapcid_backbone_115_model_0_seq4_plusRAP.json	backbone_long	RAPCID_backbone_rapcid_backbone_115_model_0	4	26	41	0.24587509090123472	0.125	0.3636	0.3517	0.22917212423888894
RAPCID_backbone_rapcid_backbone_73_model_4_seq5_plusRAP	/scratch/a2149a01/RAPCID_2610_output/af3_plusRAP_inputs/RAPCID_backbone_rapcid_backbone_73_model_4_seq5_plusRAP.json	backbone	RAPCID_backbone_rapcid_backbone_73_model_4	5	44	29	0.36115755626080814	0.2962962962962963	0.382	0.3141	0.34605552994699335
RAPCID_backbone_rapcid_backbone_73_model_4_seq1_plusRAP	/scratch/a2149a01/RAPCID_2610_output/af3_plusRAP_inputs/RAPCID_backbone_rapcid_backbone_73_model_4_seq1_plusRAP.json	backbone	RAPCID_backbone_rapcid_backbone_73_model_4	1	44	29	0.36115755626080814	0.2962962962962963	0.368	0.309	0.34440052994699333
RAPCID_backbone_rapcid_backbone_238_model_4_seq4_plusRAP	/scratch/a2149a01/RAPCID_2610_output/af3_plusRAP_inputs/RAPCID_backbone_rapcid_backbone_238_model_4_seq4_plusRAP.json	backbone_denovo	RAPCID_backbone_rapcid_backbone_238_model_4	4	53	41	0.36056952904786244	0.25	0.7268	0.5553	0.38075684362709367
RAPCID_backbone_rapcid_backbone_238_model_4_seq3_plusRAP	/scratch/a2149a01/RAPCID_2610_output/af3_plusRAP_inputs/RAPCID_backbone_rapcid_backbone_238_model_4_seq3_plusRAP.json	backbone_denovo	RAPCID_backbone_rapcid_backbone_238_model_4	3	53	41	0.36056952904786244	0.25	0.6582	0.5351	0.3728868436270937
RAPCID_backbone_rapcid_backbone_234_model_5_seq3_plusRAP	/scratch/a2149a01/RAPCID_2610_output/af3_plusRAP_inputs/RAPCID_backbone_rapcid_backbone_234_model_5_seq3_plusRAP.json	backbone_denovo	RAPCID_backbone_rapcid_backbone_234_model_5	3	29	45	0.36051985286509514	0.2545454545454545	0.4267	0.3081	0.33394529742565643
RAPCID_backbone_rapcid_backbone_234_model_5_seq3_plusRAP	/scratch/a2149a01/RAPCID_2610_output/af3_plusRAP_inputs/RAPCID_backbone_rapcid_backbone_234_model_5_seq3_plusRAP.json	backbone	RAPCID_backbone_rapcid_backbone_234_model_5	3	29	45	0.2829492245930041	0.22807017543859648	0.4267	0.3081	0.2868641393709454
RAPCID_backbone_rapcid_backbone_5_model_7_seq4_plusRAP	/scratch/a2149a01/RAPCID_2610_output/af3_plusRAP_inputs/RAPCID_backbone_rapcid_backbone_5_model_7_seq4_plusRAP.json	backbone_denovo	RAPCID_backbone_rapcid_backbone_5_model_7	4	48	45	0.3599988114477529	0.32727272727272727	0.5169	0.3734	0.37528875808078177
RAPCID_backbone_rapcid_backbone_5_model_7_seq3_plusRAP	/scratch/a2149a01/RAPCID_2610_output/af3_plusRAP_inputs/RAPCID_backbone_rapcid_backbone_5_model_7_seq3_plusRAP.json	backbone_denovo	RAPCID_backbone_rapcid_backbone_5_model_7	3	48	45	0.3599988114477529	0.32727272727272727	0.5044	0.3512	0.37292875808078174
RAPCID_backbone_rapcid_backbone_220_model_4_seq4_plusRAP	/scratch/a2149a01/RAPCID_2610_output/af3_plusRAP_inputs/RAPCID_backbone_rapcid_backbone_220_model_4_seq4_plusRAP.json	backbone_long	RAPCID_backbone_rapcid_backbone_220_model_4	4	42	49	0.3599518215136658	0.2777777777777778	0.4005	0.4021	0.34713331968114963
RAPCID_backbone_rapcid_backbone_220_model_4_seq7_plusRAP	/scratch/a2149a01/RAPCID_2610_output/af3_plusRAP_inputs/RAPCID_backbone_rapcid_backbone_220_model_4_seq7_plusRAP.json	backbone_long	RAPCID_backbone_rapcid_backbone_220_model_4	7	42	49	0.3599518215136658	0.2777777777777778	0.3843	0.362	0.34350831968114964
RAPCID_backbone_rapcid_backbone_221_model_3_seq3_plusRAP	/scratch/a2149a01/RAPCID_2610_output/af3_plusRAP_inputs/RAPCID_backbone_rapcid_backbone_221_model_3_seq3_plusRAP.json	backbone_long	RAPCID_backbone_rapcid_backbone_221_model_3	3	57	36	0.35975771395079226	0.2727272727272727	0.3579	0.3386	0.33834834501523026
RAPCID_backbone_rapcid_backbone_221_model_3_seq8_plusRAP	/scratch/a2149a01/RAPCID_2610_output/af3_plusRAP_inputs/RAPCID_backbone_rapcid_backbone_221_model_3_seq8_plusRAP.json	backbone_long	RAPCID_backbone_rapcid_backbone_221_model_3	8	57	36	0.35975771395079226	0.2727272727272727	0.3408	0.3277	0.33609334501523025
RAPCID_backbone_rapcid_backbone_169_model_1_seq1_plusRAP	/scratch/a2149a01/RAPCID_2610_output/af3_plusRAP_inputs/RAPCID_backbone_rapcid_backbone_169_model_1_seq1_plusRAP.json	backbone_denovo	RAPCID_backbone_rapcid_backbone_169_model_1	1	48	32	0.3597348937671956	0.2909090909090909	0.6528	0.4889	0.3798885304780663
RAPCID_backbone_rapcid_backbone_169_model_1_seq7_plusRAP	/scratch/a2149a01/RAPCID_2610_output/af3_plusRAP_inputs/RAPCID_backbone_rapcid_backbone_169_model_1_seq7_plusRAP.json	backbone_denovo	RAPCID_backbone_rapcid_backbone_169_model_1	7	48	32	0.3597348937671956	0.2909090909090909	0.642	0.4444	0.37658353047806636
RAPCID_backbone_rapcid_backbone_144_model_4_seq3_plusRAP	/scratch/a2149a01/RAPCID_2610_output/af3_plusRAP_inputs/RAPCID_backbone_rapcid_backbone_144_model_4_seq3_plusRAP.json	backbone	RAPCID_backbone_rapcid_backbone_144_model_4	3	35	26	0.402910085074342	0.3090909090909091	0.4689	0.3968	0.3864233766672923
RAPCID_backbone_rapcid_backbone_144_model_4_seq3_plusRAP	/scratch/a2149a01/RAPCID_2610_output/af3_plusRAP_inputs/RAPCID_backbone_rapcid_backbone_144_model_4_seq3_plusRAP.json	backbone_denovo	RAPCID_backbone_rapcid_backbone_144_model_4	3	35	26	0.35946347951902213	0.25	0.4689	0.3968	0.34654412133911555
RAPCID_backbone_rapcid_backbone_92_model_4_seq7_plusRAP	/scratch/a2149a01/RAPCID_2610_output/af3_plusRAP_inputs/RAPCID_backbone_rapcid_backbone_92_model_4_seq7_plusRAP.json	backbone_denovo	RAPCID_backbone_rapcid_backbone_92_model_4	7	67	54	0.35944361520537804	0.32142857142857145	0.4589	0.3642	0.35620676969956294
RAPCID_backbone_rapcid_backbone_92_model_4_seq6_plusRAP	/scratch/a2149a01/RAPCID_2610_output/af3_plusRAP_inputs/RAPCID_backbone_rapcid_backbone_92_model_4_seq6_plusRAP.json	backbone_denovo	RAPCID_backbone_rapcid_backbone_92_model_4	6	67	54	0.35944361520537804	0.32142857142857145	0.4473	0.3572	0.35469676969956293
RAPCID_backbone_rapcid_backbone_225_model_2_seq7_plusRAP	/scratch/a2149a01/RAPCID_2610_output/af3_plusRAP_inputs/RAPCID_backbone_rapcid_backbone_225_model_2_seq7_plusRAP.json	backbone_denovo	RAPCID_backbone_rapcid_backbone_225_model_2	7	70	37	0.35918126198056	0.3392857142857143	0.4879	0.4296	0.3667229964626806
RAPCID_backbone_rapcid_backbone_225_model_2_seq3_plusRAP	/scratch/a2149a01/RAPCID_2610_output/af3_plusRAP_inputs/RAPCID_backbone_rapcid_backbone_225_model_2_seq3_plusRAP.json	backbone_denovo	RAPCID_backbone_rapcid_backbone_225_model_2	3	70	37	0.35918126198056	0.3392857142857143	0.4739	0.4434	0.3660129964626806
RAPCID_backbone_rapcid_backbone_133_model_3_seq5_plusRAP	/scratch/a2149a01/RAPCID_2610_output/af3_plusRAP_inputs/RAPCID_backbone_rapcid_backbone_133_model_3_seq5_plusRAP.json	backbone_long	RAPCID_backbone_rapcid_backbone_133_model_3	5	52	59	0.35906555577489363	0.25	0.4085	0.3963	0.3403000556542577
RAPCID_backbone_rapcid_backbone_133_model_3_seq3_plusRAP	/scratch/a2149a01/RAPCID_2610_output/af3_plusRAP_inputs/RAPCID_backbone_rapcid_backbone_133_model_3_seq3_plusRAP.json	backbone_long	RAPCID_backbone_rapcid_backbone_133_model_3	3	52	59	0.35906555577489363	0.25	0.4028	0.4148	0.3406550556542577
RAPCID_backbone_rapcid_backbone_159_model_4_seq3_plusRAP	/scratch/a2149a01/RAPCID_2610_output/af3_plusRAP_inputs/RAPCID_backbone_rapcid_backbone_159_model_4_seq3_plusRAP.json	backbone_long	RAPCID_backbone_rapcid_backbone_159_model_4	3	25	33	0.3589116444778967	0.2857142857142857	0.4788	0.3774	0.3496888114436249
RAPCID_backbone_rapcid_backbone_159_model_4_seq4_plusRAP	/scratch/a2149a01/RAPCID_2610_output/af3_plusRAP_inputs/RAPCID_backbone_rapcid_backbone_159_model_4_seq4_plusRAP.json	backbone_long	RAPCID_backbone_rapcid_backbone_159_model_4	4	25	33	0.3589116444778967	0.2857142857142857	0.4546	0.3694	0.3468688114436249
RAPCID_backbone_rapcid_backbone_184_model_4_seq1_plusRAP	/scratch/a2149a01/RAPCID_2610_output/af3_plusRAP_inputs/RAPCID_backbone_rapcid_backbone_184_model_4_seq1_plusRAP.json	backbone_long	RAPCID_backbone_rapcid_backbone_184_model_4	1	40	45	0.3581107122888134	0.2	0.4664	0.3787	0.32672482052996604
RAPCID_backbone_rapcid_backbone_184_model_4_seq4_plusRAP	/scratch/a2149a01/RAPCID_2610_output/af3_plusRAP_inputs/RAPCID_backbone_rapcid_backbone_184_model_4_seq4_plusRAP.json	backbone_long	RAPCID_backbone_rapcid_backbone_184_model_4	4	40	45	0.3581107122888134	0.2	0.4603	0.3863	0.32649482052996603
RAPCID_backbone_rapcid_backbone_117_model_4_seq7_plusRAP	/scratch/a2149a01/RAPCID_2610_output/af3_plusRAP_inputs/RAPCID_backbone_rapcid_backbone_117_model_4_seq7_plusRAP.json	backbone_long	RAPCID_backbone_rapcid_backbone_117_model_4	7	42	38	0.3580311953587254	0.23214285714285715	0.4797	0.2913	0.3316847521971407
RAPCID_backbone_rapcid_backbone_117_model_4_seq5_plusRAP	/scratch/a2149a01/RAPCID_2610_output/af3_plusRAP_inputs/RAPCID_backbone_rapcid_backbone_117_model_4_seq5_plusRAP.json	backbone_long	RAPCID_backbone_rapcid_backbone_117_model_4	5	42	38	0.3580311953587254	0.23214285714285715	0.4718	0.2919	0.33092475219714074
RAPCID_backbone_rapcid_backbone_28_model_6_seq1_plusRAP	/scratch/a2149a01/RAPCID_2610_output/af3_plusRAP_inputs/RAPCID_backbone_rapcid_backbone_28_model_6_seq1_plusRAP.json	backbone_long	RAPCID_backbone_rapcid_backbone_28_model_6	1	44	39	0.35800858095369303	0.2545454545454545	0.4495	0.3621	0.3489063361766366
RAPCID_backbone_rapcid_backbone_28_model_6_seq1_plusRAP	/scratch/a2149a01/RAPCID_2610_output/af3_plusRAP_inputs/RAPCID_backbone_rapcid_backbone_28_model_6_seq1_plusRAP.json	backbone_denovo	RAPCID_backbone_rapcid_backbone_28_model_6	1	44	39	0.3333620028444306	0.21428571428571427	0.4495	0.3621	0.31108377429586676
RAPCID_backbone_rapcid_backbone_129_model_6_seq4_plusRAP	/scratch/a2149a01/RAPCID_2610_output/af3_plusRAP_inputs/RAPCID_backbone_rapcid_backbone_129_model_6_seq4_plusRAP.json	backbone	RAPCID_backbone_rapcid_backbone_129_model_6	4	30	47	0.35794371512385903	0.23636363636363636	0.3421	0.3181	0.3147250253410901
RAPCID_backbone_rapcid_backbone_129_model_6_seq7_plusRAP	/scratch/a2149a01/RAPCID_2610_output/af3_plusRAP_inputs/RAPCID_backbone_rapcid_backbone_129_model_6_seq7_plusRAP.json	backbone	RAPCID_backbone_rapcid_backbone_129_model_6	7	30	47	0.35794371512385903	0.23636363636363636	0.3058	0.3278	0.3115800253410901
RAPCID_backbone_rapcid_backbone_127_model_3_seq4_plusRAP	/scratch/a2149a01/RAPCID_2610_output/af3_plusRAP_inputs/RAPCID_backbone_rapcid_backbone_127_model_3_seq4_plusRAP.json	backbone_denovo	RAPCID_backbone_rapcid_backbone_127_model_3	4	35	49	0.35791699397300536	0.21428571428571427	0.4754	0.3093	0.32763907585928104
RAPCID_backbone_rapcid_backbone_127_model_3_seq4_plusRAP	/scratch/a2149a01/RAPCID_2610_output/af3_plusRAP_inputs/RAPCID_backbone_rapcid_backbone_127_model_3_seq4_plusRAP.json	backbone_long	RAPCID_backbone_rapcid_backbone_127_model_3	4	35	49	0.32579348103192207	0.23636363636363636	0.4754	0.3093	0.31314741999971846
RAPCID_backbone_rapcid_backbone_133_model_7_seq6_plusRAP	/scratch/a2149a01/RAPCID_2610_output/af3_plusRAP_inputs/RAPCID_backbone_rapcid_backbone_133_model_7_seq6_plusRAP.json	backbone	RAPCID_backbone_rapcid_backbone_133_model_7	6	46	27	0.35754737400389247	0.24074074074074073	0.4069	0.3395	0.3287465034869368
RAPCID_backbone_rapcid_backbone_133_model_7_seq8_plusRAP	/scratch/a2149a01/RAPCID_2610_output/af3_plusRAP_inputs/RAPCID_backbone_rapcid_backbone_133_model_7_seq8_plusRAP.json	backbone	RAPCID_backbone_rapcid_backbone_133_model_7	8	46	27	0.35754737400389247	0.24074074074074073	0.3958	0.3198	0.3266515034869368
RAPCID_backbone_rapcid_backbone_210_model_3_seq8_plusRAP	/scratch/a2149a01/RAPCID_2610_output/af3_plusRAP_inputs/RAPCID_backbone_rapcid_backbone_210_model_3_seq8_plusRAP.json	backbone_long	RAPCID_backbone_rapcid_backbone_210_model_3	8	45	42	0.35702660398809993	0.26785714285714285	0.4341	0.4298	0.3480818130644862
RAPCID_backbone_rapcid_backbone_210_model_3_seq3_plusRAP	/scratch/a2149a01/RAPCID_2610_output/af3_plusRAP_inputs/RAPCID_backbone_rapcid_backbone_210_model_3_seq3_plusRAP.json	backbone_long	RAPCID_backbone_rapcid_backbone_210_model_3	3	45	42	0.35702660398809993	0.26785714285714285	0.3556	0.4021	0.33884681306448616
RAPCID_backbone_rapcid_backbone_137_model_1_seq1_plusRAP	/scratch/a2149a01/RAPCID_2610_output/af3_plusRAP_inputs/RAPCID_backbone_rapcid_backbone_137_model_1_seq1_plusRAP.json	backbone_long	RAPCID_backbone_rapcid_backbone_137_model_1	1	38	51	0.35685579703998904	0.23636363636363636	0.402	0.4101	0.31926990664779303
RAPCID_backbone_rapcid_backbone_137_model_1_seq5_plusRAP	/scratch/a2149a01/RAPCID_2610_output/af3_plusRAP_inputs/RAPCID_backbone_rapcid_backbone_137_model_1_seq5_plusRAP.json	backbone_long	RAPCID_backbone_rapcid_backbone_137_model_1	5	38	51	0.35685579703998904	0.23636363636363636	0.3782	0.3724	0.31500490664779307
RAPCID_backbone_rapcid_backbone_61_model_2_seq1_plusRAP	/scratch/a2149a01/RAPCID_2610_output/af3_plusRAP_inputs/RAPCID_backbone_rapcid_backbone_61_model_2_seq1_plusRAP.json	backbone_denovo	RAPCID_backbone_rapcid_backbone_61_model_2	1	20	35	0.4157431567811172	0.41818181818181815	0.387	0.2919	0.4060359862080684
RAPCID_backbone_rapcid_backbone_61_model_2_seq1_plusRAP	/scratch/a2149a01/RAPCID_2610_output/af3_plusRAP_inputs/RAPCID_backbone_rapcid_backbone_61_model_2_seq1_plusRAP.json	backbone	RAPCID_backbone_rapcid_backbone_61_model_2	1	20	35	0.3567591986969403	0.25925925925925924	0.387	0.2919	0.32865145422843794
RAPCID_backbone_rapcid_backbone_188_model_2_seq3_plusRAP	/scratch/a2149a01/RAPCID_2610_output/af3_plusRAP_inputs/RAPCID_backbone_rapcid_backbone_188_model_2_seq3_plusRAP.json	backbone	RAPCID_backbone_rapcid_backbone_188_model_2	3	27	37	0.35626568777666523	0.2	0.3868	0.3531	0.29998789283283267
RAPCID_backbone_rapcid_backbone_188_model_2_seq4_plusRAP	/scratch/a2149a01/RAPCID_2610_output/af3_plusRAP_inputs/RAPCID_backbone_rapcid_backbone_188_model_2_seq4_plusRAP.json	backbone	RAPCID_backbone_rapcid_backbone_188_model_2	4	27	37	0.35626568777666523	0.2	0.3789	0.2957	0.29632789283283273
RAPCID_backbone_rapcid_backbone_77_model_5_seq3_plusRAP	/scratch/a2149a01/RAPCID_2610_output/af3_plusRAP_inputs/RAPCID_backbone_rapcid_backbone_77_model_5_seq3_plusRAP.json	backbone_long	RAPCID_backbone_rapcid_backbone_77_model_5	3	46	57	0.35604368175630474	0.25925925925925924	0.4267	0.3201	0.3281539160495964
RAPCID_backbone_rapcid_backbone_77_model_5_seq3_plusRAP	/scratch/a2149a01/RAPCID_2610_output/af3_plusRAP_inputs/RAPCID_backbone_rapcid_backbone_77_model_5_seq3_plusRAP.json	backbone_denovo	RAPCID_backbone_rapcid_backbone_77_model_5	3	46	57	0.3252631011288346	0.19642857142857142	0.4267	0.3201	0.29859498280956287
RAPCID_backbone_rapcid_backbone_32_model_0_seq8_plusRAP	/scratch/a2149a01/RAPCID_2610_output/af3_plusRAP_inputs/RAPCID_backbone_rapcid_backbone_32_model_0_seq8_plusRAP.json	backbone_denovo	RAPCID_backbone_rapcid_backbone_32_model_0	8	51	34	0.3559236875080354	0.23214285714285715	0.6925	0.5505	0.37053192921988587
RAPCID_backbone_rapcid_backbone_32_model_0_seq5_plusRAP	/scratch/a2149a01/RAPCID_2610_output/af3_plusRAP_inputs/RAPCID_backbone_rapcid_backbone_32_model_0_seq5_plusRAP.json	backbone_denovo	RAPCID_backbone_rapcid_backbone_32_model_0	5	51	34	0.3559236875080354	0.23214285714285715	0.6581	0.5258	0.36585692921988583
RAPCID_backbone_rapcid_backbone_198_model_7_seq3_plusRAP	/scratch/a2149a01/RAPCID_2610_output/af3_plusRAP_inputs/RAPCID_backbone_rapcid_backbone_198_model_7_seq3_plusRAP.json	backbone	RAPCID_backbone_rapcid_backbone_198_model_7	3	22	40	0.35549746679939	0.25	0.4486	0.3893	0.34235441561528107
RAPCID_backbone_rapcid_backbone_198_model_7_seq7_plusRAP	/scratch/a2149a01/RAPCID_2610_output/af3_plusRAP_inputs/RAPCID_backbone_rapcid_backbone_198_model_7_seq7_plusRAP.json	backbone	RAPCID_backbone_rapcid_backbone_198_model_7	7	22	40	0.35549746679939	0.25	0.4276	0.3623	0.33890441561528106
RAPCID_backbone_rapcid_backbone_58_model_4_seq4_plusRAP	/scratch/a2149a01/RAPCID_2610_output/af3_plusRAP_inputs/RAPCID_backbone_rapcid_backbone_58_model_4_seq4_plusRAP.json	backbone_long	RAPCID_backbone_rapcid_backbone_58_model_4	4	34	32	0.3551552442804293	0.2037037037037037	0.5036	0.3528	0.32874578585211917
RAPCID_backbone_rapcid_backbone_58_model_4_seq3_plusRAP	/scratch/a2149a01/RAPCID_2610_output/af3_plusRAP_inputs/RAPCID_backbone_rapcid_backbone_58_model_4_seq3_plusRAP.json	backbone_long	RAPCID_backbone_rapcid_backbone_58_model_4	3	34	32	0.3551552442804293	0.2037037037037037	0.4858	0.3564	0.3271457858521192
RAPCID_backbone_rapcid_backbone_133_model_2_seq3_plusRAP	/scratch/a2149a01/RAPCID_2610_output/af3_plusRAP_inputs/RAPCID_backbone_rapcid_backbone_133_model_2_seq3_plusRAP.json	backbone_denovo	RAPCID_backbone_rapcid_backbone_133_model_2	3	53	69	0.3550880765601907	0.26785714285714285	0.4245	0.4203	0.3291078090552604
RAPCID_backbone_rapcid_backbone_133_model_2_seq6_plusRAP	/scratch/a2149a01/RAPCID_2610_output/af3_plusRAP_inputs/RAPCID_backbone_rapcid_backbone_133_model_2_seq6_plusRAP.json	backbone_denovo	RAPCID_backbone_rapcid_backbone_133_model_2	6	53	69	0.3550880765601907	0.26785714285714285	0.4118	0.3706	0.3253528090552604
RAPCID_backbone_rapcid_backbone_113_model_2_seq1_plusRAP	/scratch/a2149a01/RAPCID_2610_output/af3_plusRAP_inputs/RAPCID_backbone_rapcid_backbone_113_model_2_seq1_plusRAP.json	backbone_denovo	RAPCID_backbone_rapcid_backbone_113_model_2	1	42	70	0.35503123815885207	0.23636363636363636	0.5116	0.3506	0.33754496626239255
RAPCID_backbone_rapcid_backbone_113_model_2_seq8_plusRAP	/scratch/a2149a01/RAPCID_2610_output/af3_plusRAP_inputs/RAPCID_backbone_rapcid_backbone_113_model_2_seq8_plusRAP.json	backbone_denovo	RAPCID_backbone_rapcid_backbone_113_model_2	8	42	70	0.35503123815885207	0.23636363636363636	0.4584	0.3611	0.3327499662623925
RAPCID_backbone_rapcid_backbone_2_model_7_seq1_plusRAP	/scratch/a2149a01/RAPCID_2610_output/af3_plusRAP_inputs/RAPCID_backbone_rapcid_backbone_2_model_7_seq1_plusRAP.json	backbone_denovo	RAPCID_backbone_rapcid_backbone_2_model_7	1	22	27	0.3549113049292095	0.30357142857142855	0.5457	0.3542	0.3467718332498903
RAPCID_backbone_rapcid_backbone_2_model_7_seq1_plusRAP	/scratch/a2149a01/RAPCID_2610_output/af3_plusRAP_inputs/RAPCID_backbone_rapcid_backbone_2_model_7_seq1_plusRAP.json	backbone_long	RAPCID_backbone_rapcid_backbone_2_model_7	1	22	27	0.37565540537128816	0.21428571428571427	0.5457	0.3542	0.3282296943218416
RAPCID_backbone_rapcid_backbone_40_model_4_seq3_plusRAP	/scratch/a2149a01/RAPCID_2610_output/af3_plusRAP_inputs/RAPCID_backbone_rapcid_backbone_40_model_4_seq3_plusRAP.json	backbone_long	RAPCID_backbone_rapcid_backbone_40_model_4	3	60	55	0.3545793556607558	0.21428571428571427	0.3397	0.3802	0.3105565830632131
RAPCID_backbone_rapcid_backbone_40_model_4_seq7_plusRAP	/scratch/a2149a01/RAPCID_2610_output/af3_plusRAP_inputs/RAPCID_backbone_rapcid_backbone_40_model_4_seq7_plusRAP.json	backbone_long	RAPCID_backbone_rapcid_backbone_40_model_4	7	60	55	0.3545793556607558	0.21428571428571427	0.3387	0.3738	0.3101365830632131
RAPCID_backbone_rapcid_backbone_33_model_5_seq3_plusRAP	/scratch/a2149a01/RAPCID_2610_output/af3_plusRAP_inputs/RAPCID_backbone_rapcid_backbone_33_model_5_seq3_plusRAP.json	backbone_long	RAPCID_backbone_rapcid_backbone_33_model_5	3	38	44	0.35436559101095677	0.21052631578947367	0.3662	0.3357	0.31550109490229894
RAPCID_backbone_rapcid_backbone_33_model_5_seq2_plusRAP	/scratch/a2149a01/RAPCID_2610_output/af3_plusRAP_inputs/RAPCID_backbone_rapcid_backbone_33_model_5_seq2_plusRAP.json	backbone_long	RAPCID_backbone_rapcid_backbone_33_model_5	2	38	44	0.35436559101095677	0.21052631578947367	0.3523	0.3139	0.31302109490229896
RAPCID_backbone_rapcid_backbone_45_model_6_seq3_plusRAP	/scratch/a2149a01/RAPCID_2610_output/af3_plusRAP_inputs/RAPCID_backbone_rapcid_backbone_45_model_6_seq3_plusRAP.json	backbone_long	RAPCID_backbone_rapcid_backbone_45_model_6	3	38	44	0.3542629739158517	0.2982456140350877	0.3415	0.3552	0.3414452973264608
RAPCID_backbone_rapcid_backbone_45_model_6_seq5_plusRAP	/scratch/a2149a01/RAPCID_2610_output/af3_plusRAP_inputs/RAPCID_backbone_rapcid_backbone_45_model_6_seq5_plusRAP.json	backbone_long	RAPCID_backbone_rapcid_backbone_45_model_6	5	38	44	0.3542629739158517	0.2982456140350877	0.3408	0.3631	0.34177029732646075
RAPCID_backbone_rapcid_backbone_197_model_0_seq5_plusRAP	/scratch/a2149a01/RAPCID_2610_output/af3_plusRAP_inputs/RAPCID_backbone_rapcid_backbone_197_model_0_seq5_plusRAP.json	backbone_long	RAPCID_backbone_rapcid_backbone_197_model_0	5	54	60	0.35420388328157915	0.23636363636363636	0.3937	0.3471	0.3307632121231753
RAPCID_backbone_rapcid_backbone_197_model_0_seq4_plusRAP	/scratch/a2149a01/RAPCID_2610_output/af3_plusRAP_inputs/RAPCID_backbone_rapcid_backbone_197_model_0_seq4_plusRAP.json	backbone_long	RAPCID_backbone_rapcid_backbone_197_model_0	4	54	60	0.35420388328157915	0.23636363636363636	0.391	0.3445	0.33036321212317526
RAPCID_backbone_rapcid_backbone_25_model_4_seq6_plusRAP	/scratch/a2149a01/RAPCID_2610_output/af3_plusRAP_inputs/RAPCID_backbone_rapcid_backbone_25_model_4_seq6_plusRAP.json	backbone_long	RAPCID_backbone_rapcid_backbone_25_model_4	6	23	32	0.3540040124107051	0.2222222222222222	0.3886	0.328	0.31456180558481733
RAPCID_backbone_rapcid_backbone_25_model_4_seq7_plusRAP	/scratch/a2149a01/RAPCID_2610_output/af3_plusRAP_inputs/RAPCID_backbone_rapcid_backbone_25_model_4_seq7_plusRAP.json	backbone_long	RAPCID_backbone_rapcid_backbone_25_model_4	7	23	32	0.3540040124107051	0.2222222222222222	0.3847	0.3398	0.3147618055848173
RAPCID_backbone_rapcid_backbone_1_model_6_seq8_plusRAP	/scratch/a2149a01/RAPCID_2610_output/af3_plusRAP_inputs/RAPCID_backbone_rapcid_backbone_1_model_6_seq8_plusRAP.json	backbone_long	RAPCID_backbone_rapcid_backbone_1_model_6	8	47	54	0.35380756471341046	0.25	0.3723	0.3389	0.33144395967659024
RAPCID_backbone_rapcid_backbone_1_model_6_seq1_plusRAP	/scratch/a2149a01/RAPCID_2610_output/af3_plusRAP_inputs/RAPCID_backbone_rapcid_backbone_1_model_6_seq1_plusRAP.json	backbone_long	RAPCID_backbone_rapcid_backbone_1_model_6	1	47	54	0.35380756471341046	0.25	0.357	0.3382	0.32987895967659026
RAPCID_backbone_rapcid_backbone_161_model_2_seq4_plusRAP	/scratch/a2149a01/RAPCID_2610_output/af3_plusRAP_inputs/RAPCID_backbone_rapcid_backbone_161_model_2_seq4_plusRAP.json	backbone_denovo	RAPCID_backbone_rapcid_backbone_161_model_2	4	43	70	0.35356675215112643	0.24074074074074073	0.3986	0.3371	0.31489411254208094
RAPCID_backbone_rapcid_backbone_161_model_2_seq5_plusRAP	/scratch/a2149a01/RAPCID_2610_output/af3_plusRAP_inputs/RAPCID_backbone_rapcid_backbone_161_model_2_seq5_plusRAP.json	backbone_denovo	RAPCID_backbone_rapcid_backbone_161_model_2	5	43	70	0.35356675215112643	0.24074074074074073	0.3639	0.3375	0.31144411254208093
RAPCID_backbone_rapcid_backbone_202_model_1_seq1_plusRAP	/scratch/a2149a01/RAPCID_2610_output/af3_plusRAP_inputs/RAPCID_backbone_rapcid_backbone_202_model_1_seq1_plusRAP.json	backbone	RAPCID_backbone_rapcid_backbone_202_model_1	1	43	31	0.35314867046433274	0.17543859649122806	0.3352	0.3265	0.2915104397206456
RAPCID_backbone_rapcid_backbone_202_model_1_seq1_plusRAP	/scratch/a2149a01/RAPCID_2610_output/af3_plusRAP_inputs/RAPCID_backbone_rapcid_backbone_202_model_1_seq1_plusRAP.json	backbone_long	RAPCID_backbone_rapcid_backbone_202_model_1	1	43	31	0.29678804461501507	0.19642857142857142	0.3352	0.3265	0.27695120737834406
RAPCID_backbone_rapcid_backbone_183_model_0_seq1_plusRAP	/scratch/a2149a01/RAPCID_2610_output/af3_plusRAP_inputs/RAPCID_backbone_rapcid_backbone_183_model_0_seq1_plusRAP.json	backbone_long	RAPCID_backbone_rapcid_backbone_183_model_0	1	51	44	0.3529622988632919	0.26785714285714285	0.3918	0.3277	0.331362320202767
RAPCID_backbone_rapcid_backbone_183_model_0_seq5_plusRAP	/scratch/a2149a01/RAPCID_2610_output/af3_plusRAP_inputs/RAPCID_backbone_rapcid_backbone_183_model_0_seq5_plusRAP.json	backbone_long	RAPCID_backbone_rapcid_backbone_183_model_0	5	51	44	0.3529622988632919	0.26785714285714285	0.3814	0.3463	0.33125232020276707
RAPCID_backbone_rapcid_backbone_213_model_7_seq8_plusRAP	/scratch/a2149a01/RAPCID_2610_output/af3_plusRAP_inputs/RAPCID_backbone_rapcid_backbone_213_model_7_seq8_plusRAP.json	backbone	RAPCID_backbone_rapcid_backbone_213_model_7	8	21	43	0.35269941761594215	0.3090909090909091	0.4639	0.3285	0.3543580207554568
RAPCID_backbone_rapcid_backbone_213_model_7_seq5_plusRAP	/scratch/a2149a01/RAPCID_2610_output/af3_plusRAP_inputs/RAPCID_backbone_rapcid_backbone_213_model_7_seq5_plusRAP.json	backbone	RAPCID_backbone_rapcid_backbone_213_model_7	5	21	43	0.35269941761594215	0.3090909090909091	0.4445	0.3123	0.3516080207554568
RAPCID_backbone_rapcid_backbone_182_model_2_seq1_plusRAP	/scratch/a2149a01/RAPCID_2610_output/af3_plusRAP_inputs/RAPCID_backbone_rapcid_backbone_182_model_2_seq1_plusRAP.json	backbone_long	RAPCID_backbone_rapcid_backbone_182_model_2	1	33	43	0.35265386432429746	0.2545454545454545	0.318	0.3345	0.3208556025822975
RAPCID_backbone_rapcid_backbone_182_model_2_seq1_plusRAP	/scratch/a2149a01/RAPCID_2610_output/af3_plusRAP_inputs/RAPCID_backbone_rapcid_backbone_182_model_2_seq1_plusRAP.json	backbone	RAPCID_backbone_rapcid_backbone_182_model_2	1	33	43	0.29880007297001765	0.23214285714285715	0.318	0.3345	0.28546519156666667
RAPCID_backbone_rapcid_backbone_224_model_6_seq1_plusRAP	/scratch/a2149a01/RAPCID_2610_output/af3_plusRAP_inputs/RAPCID_backbone_rapcid_backbone_224_model_6_seq1_plusRAP.json	backbone_denovo	RAPCID_backbone_rapcid_backbone_224_model_6	1	31	65	0.35263820754527475	0.24074074074074073	0.7088	0.5133	0.36541737858055884
RAPCID_backbone_rapcid_backbone_224_model_6_seq8_plusRAP	/scratch/a2149a01/RAPCID_2610_output/af3_plusRAP_inputs/RAPCID_backbone_rapcid_backbone_224_model_6_seq8_plusRAP.json	backbone_denovo	RAPCID_backbone_rapcid_backbone_224_model_6	8	31	65	0.35263820754527475	0.24074074074074073	0.6579	0.4668	0.35800237858055883
RAPCID_backbone_rapcid_backbone_216_model_4_seq7_plusRAP	/scratch/a2149a01/RAPCID_2610_output/af3_plusRAP_inputs/RAPCID_backbone_rapcid_backbone_216_model_4_seq7_plusRAP.json	backbone_denovo	RAPCID_backbone_rapcid_backbone_216_model_4	7	45	33	0.3526372745724369	0.25925925925925924	0.494	0.5103	0.3484165883724114
RAPCID_backbone_rapcid_backbone_216_model_4_seq1_plusRAP	/scratch/a2149a01/RAPCID_2610_output/af3_plusRAP_inputs/RAPCID_backbone_rapcid_backbone_216_model_4_seq1_plusRAP.json	backbone_denovo	RAPCID_backbone_rapcid_backbone_216_model_4	1	45	33	0.3526372745724369	0.25925925925925924	0.4503	0.4933	0.3431965883724114
RAPCID_backbone_rapcid_backbone_123_model_4_seq8_plusRAP	/scratch/a2149a01/RAPCID_2610_output/af3_plusRAP_inputs/RAPCID_backbone_rapcid_backbone_123_model_4_seq8_plusRAP.json	backbone_long	RAPCID_backbone_rapcid_backbone_123_model_4	8	37	45	0.3523531796139997	0.2631578947368421	0.3249	0.282	0.3209384045105104
RAPCID_backbone_rapcid_backbone_123_model_4_seq8_plusRAP	/scratch/a2149a01/RAPCID_2610_output/af3_plusRAP_inputs/RAPCID_backbone_rapcid_backbone_123_model_4_seq8_plusRAP.json	backbone_denovo	RAPCID_backbone_rapcid_backbone_123_model_4	8	37	45	0.27900666373671634	0.14814814814814814	0.3249	0.282	0.24251336905189275
RAPCID_backbone_rapcid_backbone_35_model_4_seq8_plusRAP	/scratch/a2149a01/RAPCID_2610_output/af3_plusRAP_inputs/RAPCID_backbone_rapcid_backbone_35_model_4_seq8_plusRAP.json	backbone	RAPCID_backbone_rapcid_backbone_35_model_4	8	37	37	0.35227838669398237	0.24561403508771928	0.5523	0.389	0.3501643383397775
RAPCID_backbone_rapcid_backbone_35_model_4_seq4_plusRAP	/scratch/a2149a01/RAPCID_2610_output/af3_plusRAP_inputs/RAPCID_backbone_rapcid_backbone_35_model_4_seq4_plusRAP.json	backbone	RAPCID_backbone_rapcid_backbone_35_model_4	4	37	37	0.35227838669398237	0.24561403508771928	0.5482	0.3843	0.34951933833977744
RAPCID_backbone_rapcid_backbone_72_model_2_seq4_plusRAP	/scratch/a2149a01/RAPCID_2610_output/af3_plusRAP_inputs/RAPCID_backbone_rapcid_backbone_72_model_2_seq4_plusRAP.json	backbone_denovo	RAPCID_backbone_rapcid_backbone_72_model_2	4	29	43	0.3521980295316046	0.2962962962962963	0.4783	0.4093	0.35085818736329616
RAPCID_backbone_rapcid_backbone_72_model_2_seq4_plusRAP	/scratch/a2149a01/RAPCID_2610_output/af3_plusRAP_inputs/RAPCID_backbone_rapcid_backbone_72_model_2_seq4_plusRAP.json	backbone	RAPCID_backbone_rapcid_backbone_72_model_2	4	29	43	0.29068825034456247	0.23214285714285715	0.4783	0.4093	0.30158487138521184
RAPCID_backbone_rapcid_backbone_100_model_3_seq1_plusRAP	/scratch/a2149a01/RAPCID_2610_output/af3_plusRAP_inputs/RAPCID_backbone_rapcid_backbone_100_model_3_seq1_plusRAP.json	backbone_long	RAPCID_backbone_rapcid_backbone_100_model_3	1	30	52	0.3521898381529599	0.3157894736842105	0.499	0.3933	0.36255335114544013
RAPCID_backbone_rapcid_backbone_100_model_3_seq7_plusRAP	/scratch/a2149a01/RAPCID_2610_output/af3_plusRAP_inputs/RAPCID_backbone_rapcid_backbone_100_model_3_seq7_plusRAP.json	backbone_long	RAPCID_backbone_rapcid_backbone_100_model_3	7	30	52	0.3521898381529599	0.3157894736842105	0.4898	0.3728	0.36060835114544015
RAPCID_backbone_rapcid_backbone_82_model_5_seq1_plusRAP	/scratch/a2149a01/RAPCID_2610_output/af3_plusRAP_inputs/RAPCID_backbone_rapcid_backbone_82_model_5_seq1_plusRAP.json	backbone_denovo	RAPCID_backbone_rapcid_backbone_82_model_5	1	30	50	0.3520880352342616	0.38181818181818183	0.3841	0.3644	0.3605241613099632
RAPCID_backbone_rapcid_backbone_82_model_5_seq2_plusRAP	/scratch/a2149a01/RAPCID_2610_output/af3_plusRAP_inputs/RAPCID_backbone_rapcid_backbone_82_model_5_seq2_plusRAP.json	backbone_denovo	RAPCID_backbone_rapcid_backbone_82_model_5	2	30	50	0.3520880352342616	0.38181818181818183	0.3841	0.3351	0.3590591613099632
RAPCID_backbone_rapcid_backbone_248_model_1_seq2_plusRAP	/scratch/a2149a01/RAPCID_2610_output/af3_plusRAP_inputs/RAPCID_backbone_rapcid_backbone_248_model_1_seq2_plusRAP.json	backbone	RAPCID_backbone_rapcid_backbone_248_model_1	2	38	14	0.3519632963092122	0.21428571428571427	0.3898	0.3661	0.3136843563550185
RAPCID_backbone_rapcid_backbone_248_model_1_seq1_plusRAP	/scratch/a2149a01/RAPCID_2610_output/af3_plusRAP_inputs/RAPCID_backbone_rapcid_backbone_248_model_1_seq1_plusRAP.json	backbone	RAPCID_backbone_rapcid_backbone_248_model_1	1	38	14	0.3519632963092122	0.21428571428571427	0.3737	0.3885	0.3131943563550185
RAPCID_backbone_rapcid_backbone_158_model_0_seq2_plusRAP	/scratch/a2149a01/RAPCID_2610_output/af3_plusRAP_inputs/RAPCID_backbone_rapcid_backbone_158_model_0_seq2_plusRAP.json	backbone	RAPCID_backbone_rapcid_backbone_158_model_0	2	27	48	0.3518538832153437	0.2777777777777778	0.4277	0.3399	0.3430992474469047
RAPCID_backbone_rapcid_backbone_158_model_0_seq5_plusRAP	/scratch/a2149a01/RAPCID_2610_output/af3_plusRAP_inputs/RAPCID_backbone_rapcid_backbone_158_model_0_seq5_plusRAP.json	backbone	RAPCID_backbone_rapcid_backbone_158_model_0	5	27	48	0.3518538832153437	0.2777777777777778	0.4223	0.337	0.3424142474469047
RAPCID_backbone_rapcid_backbone_164_model_4_seq5_plusRAP	/scratch/a2149a01/RAPCID_2610_output/af3_plusRAP_inputs/RAPCID_backbone_rapcid_backbone_164_model_4_seq5_plusRAP.json	backbone_long	RAPCID_backbone_rapcid_backbone_164_model_4	5	50	42	0.3515953537167662	0.2807017543859649	0.4043	0.4022	0.33893334776903605
RAPCID_backbone_rapcid_backbone_164_model_4_seq6_plusRAP	/scratch/a2149a01/RAPCID_2610_output/af3_plusRAP_inputs/RAPCID_backbone_rapcid_backbone_164_model_4_seq6_plusRAP.json	backbone_long	RAPCID_backbone_rapcid_backbone_164_model_4	6	50	42	0.3515953537167662	0.2807017543859649	0.3921	0.3755	0.336378347769036
RAPCID_backbone_rapcid_backbone_87_model_0_seq6_plusRAP	/scratch/a2149a01/RAPCID_2610_output/af3_plusRAP_inputs/RAPCID_backbone_rapcid_backbone_87_model_0_seq6_plusRAP.json	backbone_long	RAPCID_backbone_rapcid_backbone_87_model_0	6	48	52	0.35155157779989843	0.18181818181818182	0.4348	0.3767	0.29374553324227753
RAPCID_backbone_rapcid_backbone_87_model_0_seq8_plusRAP	/scratch/a2149a01/RAPCID_2610_output/af3_plusRAP_inputs/RAPCID_backbone_rapcid_backbone_87_model_0_seq8_plusRAP.json	backbone_long	RAPCID_backbone_rapcid_backbone_87_model_0	8	48	52	0.35155157779989843	0.18181818181818182	0.4061	0.3369	0.2888855332422775
RAPCID_backbone_rapcid_backbone_10_model_1_seq7_plusRAP	/scratch/a2149a01/RAPCID_2610_output/af3_plusRAP_inputs/RAPCID_backbone_rapcid_backbone_10_model_1_seq7_plusRAP.json	backbone	RAPCID_backbone_rapcid_backbone_10_model_1	7	43	13	0.35151626517793466	0.23636363636363636	0.3991	0.3213	0.31769267286542413
RAPCID_backbone_rapcid_backbone_10_model_1_seq2_plusRAP	/scratch/a2149a01/RAPCID_2610_output/af3_plusRAP_inputs/RAPCID_backbone_rapcid_backbone_10_model_1_seq2_plusRAP.json	backbone	RAPCID_backbone_rapcid_backbone_10_model_1	2	43	13	0.35151626517793466	0.23636363636363636	0.3756	0.3153	0.3150426728654241
RAPCID_backbone_rapcid_backbone_155_model_5_seq7_plusRAP	/scratch/a2149a01/RAPCID_2610_output/af3_plusRAP_inputs/RAPCID_backbone_rapcid_backbone_155_model_5_seq7_plusRAP.json	backbone_denovo	RAPCID_backbone_rapcid_backbone_155_model_5	7	35	27	0.3513465211323381	0.36363636363636365	0.4066	0.3857	0.3422933587519764
RAPCID_backbone_rapcid_backbone_155_model_5_seq7_plusRAP	/scratch/a2149a01/RAPCID_2610_output/af3_plusRAP_inputs/RAPCID_backbone_rapcid_backbone_155_model_5_seq7_plusRAP.json	backbone	RAPCID_backbone_rapcid_backbone_155_model_5	7	35	27	0.3877730826103717	0.21428571428571427	0.4066	0.3857	0.3324587601905403
RAPCID_backbone_rapcid_backbone_22_model_3_seq3_plusRAP	/scratch/a2149a01/RAPCID_2610_output/af3_plusRAP_inputs/RAPCID_backbone_rapcid_backbone_22_model_3_seq3_plusRAP.json	backbone	RAPCID_backbone_rapcid_backbone_22_model_3	3	44	30	0.3513122840274774	0.2982456140350877	0.3885	0.3402	0.33851193132113677
RAPCID_backbone_rapcid_backbone_22_model_3_seq4_plusRAP	/scratch/a2149a01/RAPCID_2610_output/af3_plusRAP_inputs/RAPCID_backbone_rapcid_backbone_22_model_3_seq4_plusRAP.json	backbone	RAPCID_backbone_rapcid_backbone_22_model_3	4	44	30	0.3513122840274774	0.2982456140350877	0.3476	0.3391	0.33436693132113676
RAPCID_backbone_rapcid_backbone_230_model_3_seq2_plusRAP	/scratch/a2149a01/RAPCID_2610_output/af3_plusRAP_inputs/RAPCID_backbone_rapcid_backbone_230_model_3_seq2_plusRAP.json	backbone	RAPCID_backbone_rapcid_backbone_230_model_3	2	37	32	0.35125955225499206	0.2962962962962963	0.4341	0.4017	0.35119142814437604
RAPCID_backbone_rapcid_backbone_230_model_3_seq2_plusRAP	/scratch/a2149a01/RAPCID_2610_output/af3_plusRAP_inputs/RAPCID_backbone_rapcid_backbone_230_model_3_seq2_plusRAP.json	backbone_long	RAPCID_backbone_rapcid_backbone_230_model_3	2	37	32	0.35397926327891605	0.22807017543859648	0.4341	0.4017	0.32980321233516136
RAPCID_backbone_rapcid_backbone_151_model_1_seq6_plusRAP	/scratch/a2149a01/RAPCID_2610_output/af3_plusRAP_inputs/RAPCID_backbone_rapcid_backbone_151_model_1_seq6_plusRAP.json	backbone_denovo	RAPCID_backbone_rapcid_backbone_151_model_1	6	56	34	0.3511775977119077	0.23636363636363636	0.827	0.4941	0.37452582806126755
RAPCID_backbone_rapcid_backbone_151_model_1_seq4_plusRAP	/scratch/a2149a01/RAPCID_2610_output/af3_plusRAP_inputs/RAPCID_backbone_rapcid_backbone_151_model_1_seq4_plusRAP.json	backbone_denovo	RAPCID_backbone_rapcid_backbone_151_model_1	4	56	34	0.3511775977119077	0.23636363636363636	0.7894	0.4815	0.3701358280612676
RAPCID_backbone_rapcid_backbone_42_model_2_seq4_plusRAP	/scratch/a2149a01/RAPCID_2610_output/af3_plusRAP_inputs/RAPCID_backbone_rapcid_backbone_42_model_2_seq4_plusRAP.json	backbone_long	RAPCID_backbone_rapcid_backbone_42_model_2	4	38	51	0.4218341608097953	0.3090909090909091	0.4178	0.2961	0.3681275440815796
RAPCID_backbone_rapcid_backbone_42_model_2_seq4_plusRAP	/scratch/a2149a01/RAPCID_2610_output/af3_plusRAP_inputs/RAPCID_backbone_rapcid_backbone_42_model_2_seq4_plusRAP.json	backbone_denovo	RAPCID_backbone_rapcid_backbone_42_model_2	4	38	51	0.35117014010330894	0.3157894736842105	0.4178	0.2961	0.3380033759119861
RAPCID_backbone_rapcid_backbone_106_model_3_seq3_plusRAP	/scratch/a2149a01/RAPCID_2610_output/af3_plusRAP_inputs/RAPCID_backbone_rapcid_backbone_106_model_3_seq3_plusRAP.json	backbone_denovo	RAPCID_backbone_rapcid_backbone_106_model_3	3	67	42	0.35089473850583597	0.2777777777777778	0.3883	0.3568	0.3229059656609596
RAPCID_backbone_rapcid_backbone_106_model_3_seq5_plusRAP	/scratch/a2149a01/RAPCID_2610_output/af3_plusRAP_inputs/RAPCID_backbone_rapcid_backbone_106_model_3_seq5_plusRAP.json	backbone_denovo	RAPCID_backbone_rapcid_backbone_106_model_3	5	67	42	0.35089473850583597	0.2777777777777778	0.3867	0.3438	0.3220959656609595
RAPCID_backbone_rapcid_backbone_3_model_4_seq2_plusRAP	/scratch/a2149a01/RAPCID_2610_output/af3_plusRAP_inputs/RAPCID_backbone_rapcid_backbone_3_model_4_seq2_plusRAP.json	backbone_long	RAPCID_backbone_rapcid_backbone_3_model_4	2	51	46	0.3508215801807584	0.2222222222222222	0.4121	0.3693	0.3175447110813413
RAPCID_backbone_rapcid_backbone_3_model_4_seq5_plusRAP	/scratch/a2149a01/RAPCID_2610_output/af3_plusRAP_inputs/RAPCID_backbone_rapcid_backbone_3_model_4_seq5_plusRAP.json	backbone_long	RAPCID_backbone_rapcid_backbone_3_model_4	5	51	46	0.3508215801807584	0.2222222222222222	0.3944	0.3871	0.3166647110813413
RAPCID_backbone_rapcid_backbone_247_model_3_seq7_plusRAP	/scratch/a2149a01/RAPCID_2610_output/af3_plusRAP_inputs/RAPCID_backbone_rapcid_backbone_247_model_3_seq7_plusRAP.json	backbone_denovo	RAPCID_backbone_rapcid_backbone_247_model_3	7	60	52	0.3506298183174903	0.32727272727272727	0.4017	0.3842	0.3434260445054969
RAPCID_backbone_rapcid_backbone_247_model_3_seq4_plusRAP	/scratch/a2149a01/RAPCID_2610_output/af3_plusRAP_inputs/RAPCID_backbone_rapcid_backbone_247_model_3_seq4_plusRAP.json	backbone_denovo	RAPCID_backbone_rapcid_backbone_247_model_3	4	60	52	0.3506298183174903	0.32727272727272727	0.3999	0.3886	0.34346604450549695
RAPCID_backbone_rapcid_backbone_55_model_3_seq4_plusRAP	/scratch/a2149a01/RAPCID_2610_output/af3_plusRAP_inputs/RAPCID_backbone_rapcid_backbone_55_model_3_seq4_plusRAP.json	backbone_denovo	RAPCID_backbone_rapcid_backbone_55_model_3	4	52	38	0.3504350617611336	0.2727272727272727	0.3935	0.3249	0.3203614848632172
RAPCID_backbone_rapcid_backbone_55_model_3_seq4_plusRAP	/scratch/a2149a01/RAPCID_2610_output/af3_plusRAP_inputs/RAPCID_backbone_rapcid_backbone_55_model_3_seq4_plusRAP.json	backbone_long	RAPCID_backbone_rapcid_backbone_55_model_3	4	52	38	0.3212061198012568	0.2545454545454545	0.3935	0.3249	0.30821856199137365
RAPCID_backbone_rapcid_backbone_122_model_6_seq6_plusRAP	/scratch/a2149a01/RAPCID_2610_output/af3_plusRAP_inputs/RAPCID_backbone_rapcid_backbone_122_model_6_seq6_plusRAP.json	backbone_long	RAPCID_backbone_rapcid_backbone_122_model_6	6	28	45	0.35008634660571225	0.2962962962962963	0.4559	0.3294	0.3436729300466446
RAPCID_backbone_rapcid_backbone_122_model_6_seq1_plusRAP	/scratch/a2149a01/RAPCID_2610_output/af3_plusRAP_inputs/RAPCID_backbone_rapcid_backbone_122_model_6_seq1_plusRAP.json	backbone_long	RAPCID_backbone_rapcid_backbone_122_model_6	1	28	45	0.35008634660571225	0.2962962962962963	0.4277	0.3378	0.34127293004664466
RAPCID_backbone_rapcid_backbone_148_model_7_seq4_plusRAP	/scratch/a2149a01/RAPCID_2610_output/af3_plusRAP_inputs/RAPCID_backbone_rapcid_backbone_148_model_7_seq4_plusRAP.json	backbone_denovo	RAPCID_backbone_rapcid_backbone_148_model_7	4	46	47	0.34983197941428656	0.2545454545454545	0.4398	0.3997	0.3350257543727926
RAPCID_backbone_rapcid_backbone_148_model_7_seq8_plusRAP	/scratch/a2149a01/RAPCID_2610_output/af3_plusRAP_inputs/RAPCID_backbone_rapcid_backbone_148_model_7_seq8_plusRAP.json	backbone_denovo	RAPCID_backbone_rapcid_backbone_148_model_7	8	46	47	0.34983197941428656	0.2545454545454545	0.4241	0.4015	0.3335457543727926
RAPCID_backbone_rapcid_backbone_83_model_5_seq1_plusRAP	/scratch/a2149a01/RAPCID_2610_output/af3_plusRAP_inputs/RAPCID_backbone_rapcid_backbone_83_model_5_seq1_plusRAP.json	backbone	RAPCID_backbone_rapcid_backbone_83_model_5	1	35	26	0.4240591256868119	0.2909090909090909	0.5062	0.4334	0.3913994348418937
RAPCID_backbone_rapcid_backbone_83_model_5_seq1_plusRAP	/scratch/a2149a01/RAPCID_2610_output/af3_plusRAP_inputs/RAPCID_backbone_rapcid_backbone_83_model_5_seq1_plusRAP.json	backbone_denovo	RAPCID_backbone_rapcid_backbone_83_model_5	1	35	26	0.33193983043080566	0.26785714285714285	0.5062	0.4334	0.3386272094081483
RAPCID_backbone_rapcid_backbone_144_model_1_seq1_plusRAP	/scratch/a2149a01/RAPCID_2610_output/af3_plusRAP_inputs/RAPCID_backbone_rapcid_backbone_144_model_1_seq1_plusRAP.json	backbone_long	RAPCID_backbone_rapcid_backbone_144_model_1	1	22	48	0.3497573770028566	0.17857142857142858	0.3848	0.3032	0.30567367679414265
RAPCID_backbone_rapcid_backbone_144_model_1_seq7_plusRAP	/scratch/a2149a01/RAPCID_2610_output/af3_plusRAP_inputs/RAPCID_backbone_rapcid_backbone_144_model_1_seq7_plusRAP.json	backbone_long	RAPCID_backbone_rapcid_backbone_144_model_1	7	22	48	0.3497573770028566	0.17857142857142858	0.3833	0.3023	0.30547867679414265
RAPCID_backbone_rapcid_backbone_198_model_1_seq2_plusRAP	/scratch/a2149a01/RAPCID_2610_output/af3_plusRAP_inputs/RAPCID_backbone_rapcid_backbone_198_model_1_seq2_plusRAP.json	backbone_denovo	RAPCID_backbone_rapcid_backbone_198_model_1	2	57	66	0.3494756630688388	0.3392857142857143	0.3962	0.4015	0.34622492139685046
RAPCID_backbone_rapcid_backbone_198_model_1_seq5_plusRAP	/scratch/a2149a01/RAPCID_2610_output/af3_plusRAP_inputs/RAPCID_backbone_rapcid_backbone_198_model_1_seq5_plusRAP.json	backbone_denovo	RAPCID_backbone_rapcid_backbone_198_model_1	5	57	66	0.3494756630688388	0.3392857142857143	0.3839	0.4272	0.34627992139685043
RAPCID_backbone_rapcid_backbone_140_model_6_seq3_plusRAP	/scratch/a2149a01/RAPCID_2610_output/af3_plusRAP_inputs/RAPCID_backbone_rapcid_backbone_140_model_6_seq3_plusRAP.json	backbone_denovo	RAPCID_backbone_rapcid_backbone_140_model_6	3	45	41	0.3494283395744374	0.26785714285714285	0.376	0.3126	0.32743703852278255
RAPCID_backbone_rapcid_backbone_140_model_6_seq3_plusRAP	/scratch/a2149a01/RAPCID_2610_output/af3_plusRAP_inputs/RAPCID_backbone_rapcid_backbone_140_model_6_seq3_plusRAP.json	backbone_long	RAPCID_backbone_rapcid_backbone_140_model_6	3	45	41	0.26514313175154525	0.2037037037037037	0.376	0.3126	0.2568036685474546
RAPCID_backbone_rapcid_backbone_52_model_6_seq8_plusRAP	/scratch/a2149a01/RAPCID_2610_output/af3_plusRAP_inputs/RAPCID_backbone_rapcid_backbone_52_model_6_seq8_plusRAP.json	backbone_denovo	RAPCID_backbone_rapcid_backbone_52_model_6	8	44	55	0.349310423161978	0.25	0.6396	0.4087	0.3596402459784457
RAPCID_backbone_rapcid_backbone_52_model_6_seq3_plusRAP	/scratch/a2149a01/RAPCID_2610_output/af3_plusRAP_inputs/RAPCID_backbone_rapcid_backbone_52_model_6_seq3_plusRAP.json	backbone_denovo	RAPCID_backbone_rapcid_backbone_52_model_6	3	44	55	0.349310423161978	0.25	0.6068	0.4131	0.3565802459784457
RAPCID_backbone_rapcid_backbone_130_model_1_seq4_plusRAP	/scratch/a2149a01/RAPCID_2610_output/af3_plusRAP_inputs/RAPCID_backbone_rapcid_backbone_130_model_1_seq4_plusRAP.json	backbone_long	RAPCID_backbone_rapcid_backbone_130_model_1	4	37	51	0.34909909512945314	0.16666666666666666	0.3988	0.3468	0.2948701483638095
RAPCID_backbone_rapcid_backbone_130_model_1_seq1_plusRAP	/scratch/a2149a01/RAPCID_2610_output/af3_plusRAP_inputs/RAPCID_backbone_rapcid_backbone_130_model_1_seq1_plusRAP.json	backbone_long	RAPCID_backbone_rapcid_backbone_130_model_1	1	37	51	0.34909909512945314	0.16666666666666666	0.3893	0.3591	0.29453514836380945
RAPCID_backbone_rapcid_backbone_35_model_7_seq2_plusRAP	/scratch/a2149a01/RAPCID_2610_output/af3_plusRAP_inputs/RAPCID_backbone_rapcid_backbone_35_model_7_seq2_plusRAP.json	backbone_denovo	RAPCID_backbone_rapcid_backbone_35_model_7	2	63	48	0.3490205816452352	0.2807017543859649	0.4996	0.4491	0.3607608114479582
RAPCID_backbone_rapcid_backbone_35_model_7_seq4_plusRAP	/scratch/a2149a01/RAPCID_2610_output/af3_plusRAP_inputs/RAPCID_backbone_rapcid_backbone_35_model_7_seq4_plusRAP.json	backbone_denovo	RAPCID_backbone_rapcid_backbone_35_model_7	4	63	48	0.3490205816452352	0.2807017543859649	0.4829	0.4446	0.35886581144795815
RAPCID_backbone_rapcid_backbone_44_model_2_seq6_plusRAP	/scratch/a2149a01/RAPCID_2610_output/af3_plusRAP_inputs/RAPCID_backbone_rapcid_backbone_44_model_2_seq6_plusRAP.json	backbone_denovo	RAPCID_backbone_rapcid_backbone_44_model_2	6	34	21	0.34897397060019564	0.23214285714285715	0.4441	0.3172	0.3253440010558023
RAPCID_backbone_rapcid_backbone_44_model_2_seq6_plusRAP	/scratch/a2149a01/RAPCID_2610_output/af3_plusRAP_inputs/RAPCID_backbone_rapcid_backbone_44_model_2_seq6_plusRAP.json	backbone	RAPCID_backbone_rapcid_backbone_44_model_2	6	34	21	0.3558924105810215	0.24074074074074073	0.4441	0.3172	0.3250512143910893
RAPCID_backbone_rapcid_backbone_136_model_4_seq2_plusRAP	/scratch/a2149a01/RAPCID_2610_output/af3_plusRAP_inputs/RAPCID_backbone_rapcid_backbone_136_model_4_seq2_plusRAP.json	backbone_long	RAPCID_backbone_rapcid_backbone_136_model_4	2	48	58	0.34887530384494414	0.2727272727272727	0.4184	0.3842	0.3417812604675986
RAPCID_backbone_rapcid_backbone_136_model_4_seq5_plusRAP	/scratch/a2149a01/RAPCID_2610_output/af3_plusRAP_inputs/RAPCID_backbone_rapcid_backbone_136_model_4_seq5_plusRAP.json	backbone_long	RAPCID_backbone_rapcid_backbone_136_model_4	5	48	58	0.34887530384494414	0.2727272727272727	0.4047	0.3727	0.3398362604675986
RAPCID_backbone_rapcid_backbone_87_model_5_seq5_plusRAP	/scratch/a2149a01/RAPCID_2610_output/af3_plusRAP_inputs/RAPCID_backbone_rapcid_backbone_87_model_5_seq5_plusRAP.json	backbone_long	RAPCID_backbone_rapcid_backbone_87_model_5	5	48	52	0.3486574174864373	0.2727272727272727	0.4235	0.3649	0.3301171004951594
RAPCID_backbone_rapcid_backbone_87_model_5_seq2_plusRAP	/scratch/a2149a01/RAPCID_2610_output/af3_plusRAP_inputs/RAPCID_backbone_rapcid_backbone_87_model_5_seq2_plusRAP.json	backbone_long	RAPCID_backbone_rapcid_backbone_87_model_5	2	48	52	0.3486574174864373	0.2727272727272727	0.4157	0.376	0.3298921004951594
RAPCID_backbone_rapcid_backbone_153_model_4_seq6_plusRAP	/scratch/a2149a01/RAPCID_2610_output/af3_plusRAP_inputs/RAPCID_backbone_rapcid_backbone_153_model_4_seq6_plusRAP.json	backbone	RAPCID_backbone_rapcid_backbone_153_model_4	6	24	40	0.3749445914627305	0.2727272727272727	0.4479	0.3321	0.3538574398956025
RAPCID_backbone_rapcid_backbone_153_model_4_seq6_plusRAP	/scratch/a2149a01/RAPCID_2610_output/af3_plusRAP_inputs/RAPCID_backbone_rapcid_backbone_153_model_4_seq6_plusRAP.json	backbone_long	RAPCID_backbone_rapcid_backbone_153_model_4	6	24	40	0.3930688586077087	0.25	0.4479	0.3321	0.3452204308179133
RAPCID_backbone_rapcid_backbone_55_model_7_seq1_plusRAP	/scratch/a2149a01/RAPCID_2610_output/af3_plusRAP_inputs/RAPCID_backbone_rapcid_backbone_55_model_7_seq1_plusRAP.json	backbone_denovo	RAPCID_backbone_rapcid_backbone_55_model_7	1	64	48	0.348247929981115	0.2727272727272727	0.4602	0.3747	0.3396483866733199
RAPCID_backbone_rapcid_backbone_55_model_7_seq8_plusRAP	/scratch/a2149a01/RAPCID_2610_output/af3_plusRAP_inputs/RAPCID_backbone_rapcid_backbone_55_model_7_seq8_plusRAP.json	backbone_denovo	RAPCID_backbone_rapcid_backbone_55_model_7	8	64	48	0.348247929981115	0.2727272727272727	0.4583	0.3536	0.33840338667331993
RAPCID_backbone_rapcid_backbone_153_model_1_seq8_plusRAP	/scratch/a2149a01/RAPCID_2610_output/af3_plusRAP_inputs/RAPCID_backbone_rapcid_backbone_153_model_1_seq8_plusRAP.json	backbone	RAPCID_backbone_rapcid_backbone_153_model_1	8	24	40	0.34809980520937334	0.2545454545454545	0.3432	0.3104	0.31456572042502606
RAPCID_backbone_rapcid_backbone_153_model_1_seq3_plusRAP	/scratch/a2149a01/RAPCID_2610_output/af3_plusRAP_inputs/RAPCID_backbone_rapcid_backbone_153_model_1_seq3_plusRAP.json	backbone	RAPCID_backbone_rapcid_backbone_153_model_1	3	24	40	0.34809980520937334	0.2545454545454545	0.3391	0.2942	0.31334572042502606
RAPCID_backbone_rapcid_backbone_236_model_3_seq7_plusRAP	/scratch/a2149a01/RAPCID_2610_output/af3_plusRAP_inputs/RAPCID_backbone_rapcid_backbone_236_model_3_seq7_plusRAP.json	backbone_long	RAPCID_backbone_rapcid_backbone_236_model_3	7	52	43	0.34805120357845454	0.25	0.4147	0.3589	0.322982486054749
RAPCID_backbone_rapcid_backbone_236_model_3_seq8_plusRAP	/scratch/a2149a01/RAPCID_2610_output/af3_plusRAP_inputs/RAPCID_backbone_rapcid_backbone_236_model_3_seq8_plusRAP.json	backbone_long	RAPCID_backbone_rapcid_backbone_236_model_3	8	52	43	0.34805120357845454	0.25	0.3969	0.3376	0.320137486054749
RAPCID_backbone_rapcid_backbone_138_model_5_seq1_plusRAP	/scratch/a2149a01/RAPCID_2610_output/af3_plusRAP_inputs/RAPCID_backbone_rapcid_backbone_138_model_5_seq1_plusRAP.json	backbone_denovo	RAPCID_backbone_rapcid_backbone_138_model_5	1	36	66	0.34787829791177116	0.26785714285714285	0.5305	0.4218	0.3476495197745827
RAPCID_backbone_rapcid_backbone_138_model_5_seq8_plusRAP	/scratch/a2149a01/RAPCID_2610_output/af3_plusRAP_inputs/RAPCID_backbone_rapcid_backbone_138_model_5_seq8_plusRAP.json	backbone_denovo	RAPCID_backbone_rapcid_backbone_138_model_5	8	36	66	0.34787829791177116	0.26785714285714285	0.491	0.3983	0.34252451977458276
RAPCID_backbone_rapcid_backbone_187_model_1_seq2_plusRAP	/scratch/a2149a01/RAPCID_2610_output/af3_plusRAP_inputs/RAPCID_backbone_rapcid_backbone_187_model_1_seq2_plusRAP.json	backbone_denovo	RAPCID_backbone_rapcid_backbone_187_model_1	2	28	24	0.44250488808431854	0.3090909090909091	0.5845	0.4377	0.4122904824662262
RAPCID_backbone_rapcid_backbone_187_model_1_seq2_plusRAP	/scratch/a2149a01/RAPCID_2610_output/af3_plusRAP_inputs/RAPCID_backbone_rapcid_backbone_187_model_1_seq2_plusRAP.json	backbone	RAPCID_backbone_rapcid_backbone_187_model_1	2	28	24	0.3478269032151037	0.26785714285714285	0.5845	0.4377	0.3593769477166379
RAPCID_backbone_rapcid_backbone_183_model_7_seq4_plusRAP	/scratch/a2149a01/RAPCID_2610_output/af3_plusRAP_inputs/RAPCID_backbone_rapcid_backbone_183_model_7_seq4_plusRAP.json	backbone_long	RAPCID_backbone_rapcid_backbone_183_model_7	4	51	44	0.34774273600200034	0.21428571428571427	0.3743	0.4013	0.30643954866121764
RAPCID_backbone_rapcid_backbone_183_model_7_seq8_plusRAP	/scratch/a2149a01/RAPCID_2610_output/af3_plusRAP_inputs/RAPCID_backbone_rapcid_backbone_183_model_7_seq8_plusRAP.json	backbone_long	RAPCID_backbone_rapcid_backbone_183_model_7	8	51	44	0.34774273600200034	0.21428571428571427	0.3691	0.3804	0.3048745486612176
RAPCID_backbone_rapcid_backbone_215_model_2_seq8_plusRAP	/scratch/a2149a01/RAPCID_2610_output/af3_plusRAP_inputs/RAPCID_backbone_rapcid_backbone_215_model_2_seq8_plusRAP.json	backbone	RAPCID_backbone_rapcid_backbone_215_model_2	8	44	41	0.34769063923969945	0.2727272727272727	0.416	0.3956	0.3304670502841274
RAPCID_backbone_rapcid_backbone_215_model_2_seq3_plusRAP	/scratch/a2149a01/RAPCID_2610_output/af3_plusRAP_inputs/RAPCID_backbone_rapcid_backbone_215_model_2_seq3_plusRAP.json	backbone	RAPCID_backbone_rapcid_backbone_215_model_2	3	44	41	0.34769063923969945	0.2727272727272727	0.4053	0.3744	0.3283370502841274
RAPCID_backbone_rapcid_backbone_205_model_1_seq2_plusRAP	/scratch/a2149a01/RAPCID_2610_output/af3_plusRAP_inputs/RAPCID_backbone_rapcid_backbone_205_model_1_seq2_plusRAP.json	backbone_long	RAPCID_backbone_rapcid_backbone_205_model_1	2	48	40	0.3475431948958384	0.2222222222222222	0.3961	0.3196	0.3175399932586829
RAPCID_backbone_rapcid_backbone_205_model_1_seq7_plusRAP	/scratch/a2149a01/RAPCID_2610_output/af3_plusRAP_inputs/RAPCID_backbone_rapcid_backbone_205_model_1_seq7_plusRAP.json	backbone_long	RAPCID_backbone_rapcid_backbone_205_model_1	7	48	40	0.3475431948958384	0.2222222222222222	0.3935	0.3074	0.31666999325868284
RAPCID_backbone_rapcid_backbone_78_model_3_seq7_plusRAP	/scratch/a2149a01/RAPCID_2610_output/af3_plusRAP_inputs/RAPCID_backbone_rapcid_backbone_78_model_3_seq7_plusRAP.json	backbone_denovo	RAPCID_backbone_rapcid_backbone_78_model_3	7	56	43	0.3471762009070841	0.21428571428571427	0.4413	0.3887	0.3233657189796164
RAPCID_backbone_rapcid_backbone_78_model_3_seq3_plusRAP	/scratch/a2149a01/RAPCID_2610_output/af3_plusRAP_inputs/RAPCID_backbone_rapcid_backbone_78_model_3_seq3_plusRAP.json	backbone_denovo	RAPCID_backbone_rapcid_backbone_78_model_3	3	56	43	0.3471762009070841	0.21428571428571427	0.434	0.3684	0.3216207189796164
RAPCID_backbone_rapcid_backbone_76_model_5_seq3_plusRAP	/scratch/a2149a01/RAPCID_2610_output/af3_plusRAP_inputs/RAPCID_backbone_rapcid_backbone_76_model_5_seq3_plusRAP.json	backbone_long	RAPCID_backbone_rapcid_backbone_76_model_5	3	26	29	0.31197908621741555	0.23214285714285715	0.4493	0.3299	0.3098513030835513
RAPCID_backbone_rapcid_backbone_76_model_5_seq3_plusRAP	/scratch/a2149a01/RAPCID_2610_output/af3_plusRAP_inputs/RAPCID_backbone_rapcid_backbone_76_model_5_seq3_plusRAP.json	backbone	RAPCID_backbone_rapcid_backbone_76_model_5	3	26	29	0.3469409070201427	0.2037037037037037	0.4493	0.3299	0.307363222973879
RAPCID_backbone_rapcid_backbone_76_model_6_seq1_plusRAP	/scratch/a2149a01/RAPCID_2610_output/af3_plusRAP_inputs/RAPCID_backbone_rapcid_backbone_76_model_6_seq1_plusRAP.json	backbone_denovo	RAPCID_backbone_rapcid_backbone_76_model_6	1	57	41	0.34681523686760307	0.21428571428571427	0.4529	0.3567	0.30054106293962773
RAPCID_backbone_rapcid_backbone_76_model_6_seq4_plusRAP	/scratch/a2149a01/RAPCID_2610_output/af3_plusRAP_inputs/RAPCID_backbone_rapcid_backbone_76_model_6_seq4_plusRAP.json	backbone_denovo	RAPCID_backbone_rapcid_backbone_76_model_6	4	57	41	0.34681523686760307	0.21428571428571427	0.4456	0.3771	0.30083106293962775
RAPCID_backbone_rapcid_backbone_155_model_1_seq5_plusRAP	/scratch/a2149a01/RAPCID_2610_output/af3_plusRAP_inputs/RAPCID_backbone_rapcid_backbone_155_model_1_seq5_plusRAP.json	backbone_denovo	RAPCID_backbone_rapcid_backbone_155_model_1	5	66	58	0.34662198613153283	0.36363636363636365	0.41	0.397	0.3521834291127251
RAPCID_backbone_rapcid_backbone_155_model_1_seq8_plusRAP	/scratch/a2149a01/RAPCID_2610_output/af3_plusRAP_inputs/RAPCID_backbone_rapcid_backbone_155_model_1_seq8_plusRAP.json	backbone_denovo	RAPCID_backbone_rapcid_backbone_155_model_1	8	66	58	0.34662198613153283	0.36363636363636365	0.4055	0.4082	0.35229342911272515
RAPCID_backbone_rapcid_backbone_109_model_4_seq3_plusRAP	/scratch/a2149a01/RAPCID_2610_output/af3_plusRAP_inputs/RAPCID_backbone_rapcid_backbone_109_model_4_seq3_plusRAP.json	backbone	RAPCID_backbone_rapcid_backbone_109_model_4	3	30	32	0.3465776867359813	0.23214285714285715	0.4172	0.2894	0.30907456220579477
RAPCID_backbone_rapcid_backbone_109_model_4_seq3_plusRAP	/scratch/a2149a01/RAPCID_2610_output/af3_plusRAP_inputs/RAPCID_backbone_rapcid_backbone_109_model_4_seq3_plusRAP.json	backbone_denovo	RAPCID_backbone_rapcid_backbone_109_model_4	3	30	32	0.299395149449047	0.18181818181818182	0.4172	0.2894	0.2641501404843944
RAPCID_backbone_rapcid_backbone_75_model_2_seq6_plusRAP	/scratch/a2149a01/RAPCID_2610_output/af3_plusRAP_inputs/RAPCID_backbone_rapcid_backbone_75_model_2_seq6_plusRAP.json	backbone	RAPCID_backbone_rapcid_backbone_75_model_2	6	31	29	0.34657581740753474	0.21818181818181817	0.4845	0.3746	0.3276845723788452
RAPCID_backbone_rapcid_backbone_75_model_2_seq4_plusRAP	/scratch/a2149a01/RAPCID_2610_output/af3_plusRAP_inputs/RAPCID_backbone_rapcid_backbone_75_model_2_seq4_plusRAP.json	backbone	RAPCID_backbone_rapcid_backbone_75_model_2	4	31	29	0.34657581740753474	0.21818181818181817	0.4636	0.3589	0.32480957237884517
RAPCID_backbone_rapcid_backbone_64_model_4_seq1_plusRAP	/scratch/a2149a01/RAPCID_2610_output/af3_plusRAP_inputs/RAPCID_backbone_rapcid_backbone_64_model_4_seq1_plusRAP.json	backbone_denovo	RAPCID_backbone_rapcid_backbone_64_model_4	1	58	66	0.34651473259361376	0.2545454545454545	0.5456	0.4676	0.34750799330348986
RAPCID_backbone_rapcid_backbone_64_model_4_seq5_plusRAP	/scratch/a2149a01/RAPCID_2610_output/af3_plusRAP_inputs/RAPCID_backbone_rapcid_backbone_64_model_4_seq5_plusRAP.json	backbone_denovo	RAPCID_backbone_rapcid_backbone_64_model_4	5	58	66	0.34651473259361376	0.2545454545454545	0.5121	0.445	0.3430279933034899
RAPCID_backbone_rapcid_backbone_240_model_3_seq6_plusRAP	/scratch/a2149a01/RAPCID_2610_output/af3_plusRAP_inputs/RAPCID_backbone_rapcid_backbone_240_model_3_seq6_plusRAP.json	backbone_denovo	RAPCID_backbone_rapcid_backbone_240_model_3	6	51	53	0.34649362296648056	0.2545454545454545	0.6068	0.5185	0.3561634939712799
RAPCID_backbone_rapcid_backbone_240_model_3_seq7_plusRAP	/scratch/a2149a01/RAPCID_2610_output/af3_plusRAP_inputs/RAPCID_backbone_rapcid_backbone_240_model_3_seq7_plusRAP.json	backbone_denovo	RAPCID_backbone_rapcid_backbone_240_model_3	7	51	53	0.34649362296648056	0.2545454545454545	0.5916	0.5069	0.3540634939712799
RAPCID_backbone_rapcid_backbone_223_model_7_seq3_plusRAP	/scratch/a2149a01/RAPCID_2610_output/af3_plusRAP_inputs/RAPCID_backbone_rapcid_backbone_223_model_7_seq3_plusRAP.json	backbone_denovo	RAPCID_backbone_rapcid_backbone_223_model_7	3	28	37	0.34615862169402556	0.2	0.4641	0.3346	0.313355824206756
RAPCID_backbone_rapcid_backbone_223_model_7_seq3_plusRAP	/scratch/a2149a01/RAPCID_2610_output/af3_plusRAP_inputs/RAPCID_backbone_rapcid_backbone_223_model_7_seq3_plusRAP.json	backbone	RAPCID_backbone_rapcid_backbone_223_model_7	3	28	37	0.2913641119334015	0.19298245614035087	0.4641	0.3346	0.27583279773845176
RAPCID_backbone_rapcid_backbone_192_model_6_seq1_plusRAP	/scratch/a2149a01/RAPCID_2610_output/af3_plusRAP_inputs/RAPCID_backbone_rapcid_backbone_192_model_6_seq1_plusRAP.json	backbone_long	RAPCID_backbone_rapcid_backbone_192_model_6	1	51	25	0.34594016060477206	0.25	0.3337	0.2881	0.3103925167165919
RAPCID_backbone_rapcid_backbone_192_model_6_seq1_plusRAP	/scratch/a2149a01/RAPCID_2610_output/af3_plusRAP_inputs/RAPCID_backbone_rapcid_backbone_192_model_6_seq1_plusRAP.json	backbone_denovo	RAPCID_backbone_rapcid_backbone_192_model_6	1	51	25	0.28951627423345216	0.16666666666666666	0.3337	0.2881	0.24194621229394236
RAPCID_backbone_rapcid_backbone_56_model_6_seq7_plusRAP	/scratch/a2149a01/RAPCID_2610_output/af3_plusRAP_inputs/RAPCID_backbone_rapcid_backbone_56_model_6_seq7_plusRAP.json	backbone	RAPCID_backbone_rapcid_backbone_56_model_6	7	38	41	0.3457388676777663	0.24074074074074073	0.4583	0.3987	0.3259771200846244
RAPCID_backbone_rapcid_backbone_56_model_6_seq6_plusRAP	/scratch/a2149a01/RAPCID_2610_output/af3_plusRAP_inputs/RAPCID_backbone_rapcid_backbone_56_model_6_seq6_plusRAP.json	backbone	RAPCID_backbone_rapcid_backbone_56_model_6	6	38	41	0.3457388676777663	0.24074074074074073	0.4395	0.3853	0.32342712008462443
RAPCID_backbone_rapcid_backbone_97_model_4_seq5_plusRAP	/scratch/a2149a01/RAPCID_2610_output/af3_plusRAP_inputs/RAPCID_backbone_rapcid_backbone_97_model_4_seq5_plusRAP.json	backbone_denovo	RAPCID_backbone_rapcid_backbone_97_model_4	5	40	43	0.34570713014487753	0.25925925925925924	0.4463	0.4079	0.3354080233800097
RAPCID_backbone_rapcid_backbone_97_model_4_seq2_plusRAP	/scratch/a2149a01/RAPCID_2610_output/af3_plusRAP_inputs/RAPCID_backbone_rapcid_backbone_97_model_4_seq2_plusRAP.json	backbone_denovo	RAPCID_backbone_rapcid_backbone_97_model_4	2	40	43	0.34570713014487753	0.25925925925925924	0.4272	0.3834	0.33227302338000975
RAPCID_backbone_rapcid_backbone_17_model_3_seq5_plusRAP	/scratch/a2149a01/RAPCID_2610_output/af3_plusRAP_inputs/RAPCID_backbone_rapcid_backbone_17_model_3_seq5_plusRAP.json	backbone_denovo	RAPCID_backbone_rapcid_backbone_17_model_3	5	34	43	0.34563387073194807	0.3333333333333333	0.483	0.344	0.35436857516271
RAPCID_backbone_rapcid_backbone_17_model_3_seq5_plusRAP	/scratch/a2149a01/RAPCID_2610_output/af3_plusRAP_inputs/RAPCID_backbone_rapcid_backbone_17_model_3_seq5_plusRAP.json	backbone_long	RAPCID_backbone_rapcid_backbone_17_model_3	5	34	43	0.3194979673763698	0.2545454545454545	0.483	0.344	0.3284660045112856
RAPCID_backbone_rapcid_backbone_194_model_2_seq7_plusRAP	/scratch/a2149a01/RAPCID_2610_output/af3_plusRAP_inputs/RAPCID_backbone_rapcid_backbone_194_model_2_seq7_plusRAP.json	backbone_long	RAPCID_backbone_rapcid_backbone_194_model_2	7	30	50	0.3455494264607487	0.26785714285714285	0.4055	0.3361	0.32426097206606713
RAPCID_backbone_rapcid_backbone_194_model_2_seq7_plusRAP	/scratch/a2149a01/RAPCID_2610_output/af3_plusRAP_inputs/RAPCID_backbone_rapcid_backbone_194_model_2_seq7_plusRAP.json	backbone_denovo	RAPCID_backbone_rapcid_backbone_194_model_2	7	30	50	0.3223934972491317	0.19642857142857142	0.4055	0.3361	0.2959836610636966
RAPCID_backbone_rapcid_backbone_152_model_0_seq7_plusRAP	/scratch/a2149a01/RAPCID_2610_output/af3_plusRAP_inputs/RAPCID_backbone_rapcid_backbone_152_model_0_seq7_plusRAP.json	backbone_denovo	RAPCID_backbone_rapcid_backbone_152_model_0	7	62	38	0.345485969399957	0.2545454545454545	0.4552	0.4018	0.3291594943107887
RAPCID_backbone_rapcid_backbone_152_model_0_seq6_plusRAP	/scratch/a2149a01/RAPCID_2610_output/af3_plusRAP_inputs/RAPCID_backbone_rapcid_backbone_152_model_0_seq6_plusRAP.json	backbone_denovo	RAPCID_backbone_rapcid_backbone_152_model_0	6	62	38	0.345485969399957	0.2545454545454545	0.4423	0.3763	0.32659449431078874
RAPCID_backbone_rapcid_backbone_127_model_6_seq5_plusRAP	/scratch/a2149a01/RAPCID_2610_output/af3_plusRAP_inputs/RAPCID_backbone_rapcid_backbone_127_model_6_seq5_plusRAP.json	backbone_long	RAPCID_backbone_rapcid_backbone_127_model_6	5	35	49	0.3454660091823142	0.2545454545454545	0.3897	0.3137	0.323751067768405
RAPCID_backbone_rapcid_backbone_127_model_6_seq6_plusRAP	/scratch/a2149a01/RAPCID_2610_output/af3_plusRAP_inputs/RAPCID_backbone_rapcid_backbone_127_model_6_seq6_plusRAP.json	backbone_long	RAPCID_backbone_rapcid_backbone_127_model_6	6	35	49	0.3454660091823142	0.2545454545454545	0.3859	0.3575	0.325561067768405
RAPCID_backbone_rapcid_backbone_68_model_5_seq2_plusRAP	/scratch/a2149a01/RAPCID_2610_output/af3_plusRAP_inputs/RAPCID_backbone_rapcid_backbone_68_model_5_seq2_plusRAP.json	backbone	RAPCID_backbone_rapcid_backbone_68_model_5	2	37	42	0.34540619716524823	0.25925925925925924	0.3596	0.3482	0.32361760353917646
RAPCID_backbone_rapcid_backbone_68_model_5_seq2_plusRAP	/scratch/a2149a01/RAPCID_2610_output/af3_plusRAP_inputs/RAPCID_backbone_rapcid_backbone_68_model_5_seq2_plusRAP.json	backbone_denovo	RAPCID_backbone_rapcid_backbone_68_model_5	2	37	42	0.3494819503266233	0.25925925925925924	0.3596	0.3482	0.3087850257951286
RAPCID_backbone_rapcid_backbone_118_model_4_seq5_plusRAP	/scratch/a2149a01/RAPCID_2610_output/af3_plusRAP_inputs/RAPCID_backbone_rapcid_backbone_118_model_4_seq5_plusRAP.json	backbone_denovo	RAPCID_backbone_rapcid_backbone_118_model_4	5	44	39	0.34481707639256776	0.2222222222222222	0.6102	0.5111	0.3417426843766555
RAPCID_backbone_rapcid_backbone_118_model_4_seq2_plusRAP	/scratch/a2149a01/RAPCID_2610_output/af3_plusRAP_inputs/RAPCID_backbone_rapcid_backbone_118_model_4_seq2_plusRAP.json	backbone_denovo	RAPCID_backbone_rapcid_backbone_118_model_4	2	44	39	0.34481707639256776	0.2222222222222222	0.5738	0.5586	0.3404776843766555
RAPCID_backbone_rapcid_backbone_195_model_4_seq6_plusRAP	/scratch/a2149a01/RAPCID_2610_output/af3_plusRAP_inputs/RAPCID_backbone_rapcid_backbone_195_model_4_seq6_plusRAP.json	backbone_denovo	RAPCID_backbone_rapcid_backbone_195_model_4	6	47	41	0.34425576620791487	0.25	0.3619	0.3714	0.32217509479356166
RAPCID_backbone_rapcid_backbone_195_model_4_seq3_plusRAP	/scratch/a2149a01/RAPCID_2610_output/af3_plusRAP_inputs/RAPCID_backbone_rapcid_backbone_195_model_4_seq3_plusRAP.json	backbone_denovo	RAPCID_backbone_rapcid_backbone_195_model_4	3	47	41	0.34425576620791487	0.25	0.3555	0.3872	0.3223250947935617
RAPCID_backbone_rapcid_backbone_42_model_4_seq7_plusRAP	/scratch/a2149a01/RAPCID_2610_output/af3_plusRAP_inputs/RAPCID_backbone_rapcid_backbone_42_model_4_seq7_plusRAP.json	backbone_denovo	RAPCID_backbone_rapcid_backbone_42_model_4	7	38	51	0.36353095032423666	0.2807017543859649	0.3652	0.3506	0.3378143662423977
RAPCID_backbone_rapcid_backbone_42_model_4_seq7_plusRAP	/scratch/a2149a01/RAPCID_2610_output/af3_plusRAP_inputs/RAPCID_backbone_rapcid_backbone_42_model_4_seq7_plusRAP.json	backbone_long	RAPCID_backbone_rapcid_backbone_42_model_4	7	38	51	0.3440041658901044	0.2	0.3652	0.3506	0.30329631909499144
RAPCID_backbone_rapcid_backbone_188_model_5_seq2_plusRAP	/scratch/a2149a01/RAPCID_2610_output/af3_plusRAP_inputs/RAPCID_backbone_rapcid_backbone_188_model_5_seq2_plusRAP.json	backbone	RAPCID_backbone_rapcid_backbone_188_model_5	2	27	37	0.3438842725854123	0.21818181818181817	0.4005	0.2943	0.30294726609777894
RAPCID_backbone_rapcid_backbone_188_model_5_seq1_plusRAP	/scratch/a2149a01/RAPCID_2610_output/af3_plusRAP_inputs/RAPCID_backbone_rapcid_backbone_188_model_5_seq1_plusRAP.json	backbone	RAPCID_backbone_rapcid_backbone_188_model_5	1	27	37	0.3438842725854123	0.21818181818181817	0.3987	0.2876	0.30243226609777896
RAPCID_backbone_rapcid_backbone_248_model_2_seq2_plusRAP	/scratch/a2149a01/RAPCID_2610_output/af3_plusRAP_inputs/RAPCID_backbone_rapcid_backbone_248_model_2_seq2_plusRAP.json	backbone_long	RAPCID_backbone_rapcid_backbone_248_model_2	2	29	61	0.3437994190036433	0.2909090909090909	0.485	0.3648	0.3441770112789122
RAPCID_backbone_rapcid_backbone_248_model_2_seq5_plusRAP	/scratch/a2149a01/RAPCID_2610_output/af3_plusRAP_inputs/RAPCID_backbone_rapcid_backbone_248_model_2_seq5_plusRAP.json	backbone_long	RAPCID_backbone_rapcid_backbone_248_model_2	5	29	61	0.3437994190036433	0.2909090909090909	0.47	0.3573	0.34230201127891224
RAPCID_backbone_rapcid_backbone_17_model_1_seq2_plusRAP	/scratch/a2149a01/RAPCID_2610_output/af3_plusRAP_inputs/RAPCID_backbone_rapcid_backbone_17_model_1_seq2_plusRAP.json	backbone_denovo	RAPCID_backbone_rapcid_backbone_17_model_1	2	60	70	0.34367055941965197	0.24074074074074073	0.4823	0.3961	0.33287193692402856
RAPCID_backbone_rapcid_backbone_17_model_1_seq6_plusRAP	/scratch/a2149a01/RAPCID_2610_output/af3_plusRAP_inputs/RAPCID_backbone_rapcid_backbone_17_model_1_seq6_plusRAP.json	backbone_denovo	RAPCID_backbone_rapcid_backbone_17_model_1	6	60	70	0.34367055941965197	0.24074074074074073	0.4714	0.3838	0.33116693692402854
RAPCID_backbone_rapcid_backbone_53_model_1_seq6_plusRAP	/scratch/a2149a01/RAPCID_2610_output/af3_plusRAP_inputs/RAPCID_backbone_rapcid_backbone_53_model_1_seq6_plusRAP.json	backbone_long	RAPCID_backbone_rapcid_backbone_53_model_1	6	40	52	0.343594650822039	0.19298245614035087	0.4491	0.4037	0.30684709579389413
RAPCID_backbone_rapcid_backbone_53_model_1_seq4_plusRAP	/scratch/a2149a01/RAPCID_2610_output/af3_plusRAP_inputs/RAPCID_backbone_rapcid_backbone_53_model_1_seq4_plusRAP.json	backbone_long	RAPCID_backbone_rapcid_backbone_53_model_1	4	40	52	0.343594650822039	0.19298245614035087	0.4455	0.4134	0.3069720957938942
RAPCID_backbone_rapcid_backbone_152_model_7_seq6_plusRAP	/scratch/a2149a01/RAPCID_2610_output/af3_plusRAP_inputs/RAPCID_backbone_rapcid_backbone_152_model_7_seq6_plusRAP.json	backbone_long	RAPCID_backbone_rapcid_backbone_152_model_7	6	45	33	0.34324401435854257	0.23214285714285715	0.3313	0.2879	0.3044649651915029
RAPCID_backbone_rapcid_backbone_152_model_7_seq3_plusRAP	/scratch/a2149a01/RAPCID_2610_output/af3_plusRAP_inputs/RAPCID_backbone_rapcid_backbone_152_model_7_seq3_plusRAP.json	backbone_long	RAPCID_backbone_rapcid_backbone_152_model_7	3	45	33	0.34324401435854257	0.23214285714285715	0.3147	0.2806	0.3024399651915029
RAPCID_backbone_rapcid_backbone_158_model_2_seq2_plusRAP	/scratch/a2149a01/RAPCID_2610_output/af3_plusRAP_inputs/RAPCID_backbone_rapcid_backbone_158_model_2_seq2_plusRAP.json	backbone	RAPCID_backbone_rapcid_backbone_158_model_2	2	27	48	0.36982858581563294	0.25925925925925924	0.4081	0.3518	0.3451932339874052
RAPCID_backbone_rapcid_backbone_158_model_2_seq2_plusRAP	/scratch/a2149a01/RAPCID_2610_output/af3_plusRAP_inputs/RAPCID_backbone_rapcid_backbone_158_model_2_seq2_plusRAP.json	backbone_long	RAPCID_backbone_rapcid_backbone_158_model_2	2	27	48	0.3432019120241744	0.25	0.4081	0.3518	0.3197853048553229
RAPCID_backbone_rapcid_backbone_176_model_1_seq7_plusRAP	/scratch/a2149a01/RAPCID_2610_output/af3_plusRAP_inputs/RAPCID_backbone_rapcid_backbone_176_model_1_seq7_plusRAP.json	backbone_long	RAPCID_backbone_rapcid_backbone_176_model_1	7	35	45	0.3429377088388589	0.17857142857142858	0.3781	0.338	0.287008159453677
RAPCID_backbone_rapcid_backbone_176_model_1_seq5_plusRAP	/scratch/a2149a01/RAPCID_2610_output/af3_plusRAP_inputs/RAPCID_backbone_rapcid_backbone_176_model_1_seq5_plusRAP.json	backbone_long	RAPCID_backbone_rapcid_backbone_176_model_1	5	35	45	0.3429377088388589	0.17857142857142858	0.3772	0.3412	0.28707815945367704
RAPCID_backbone_rapcid_backbone_92_model_1_seq5_plusRAP	/scratch/a2149a01/RAPCID_2610_output/af3_plusRAP_inputs/RAPCID_backbone_rapcid_backbone_92_model_1_seq5_plusRAP.json	backbone_long	RAPCID_backbone_rapcid_backbone_92_model_1	5	33	48	0.3423542602433923	0.23636363636363636	0.4398	0.3742	0.3258403262004357
RAPCID_backbone_rapcid_backbone_92_model_1_seq6_plusRAP	/scratch/a2149a01/RAPCID_2610_output/af3_plusRAP_inputs/RAPCID_backbone_rapcid_backbone_92_model_1_seq6_plusRAP.json	backbone_long	RAPCID_backbone_rapcid_backbone_92_model_1	6	33	48	0.3423542602433923	0.23636363636363636	0.4263	0.3595	0.3237553262004357
RAPCID_backbone_rapcid_backbone_215_model_5_seq8_plusRAP	/scratch/a2149a01/RAPCID_2610_output/af3_plusRAP_inputs/RAPCID_backbone_rapcid_backbone_215_model_5_seq8_plusRAP.json	backbone	RAPCID_backbone_rapcid_backbone_215_model_5	8	44	41	0.3423238427902915	0.2727272727272727	0.5062	0.3998	0.3428375474374494
RAPCID_backbone_rapcid_backbone_215_model_5_seq8_plusRAP	/scratch/a2149a01/RAPCID_2610_output/af3_plusRAP_inputs/RAPCID_backbone_rapcid_backbone_215_model_5_seq8_plusRAP.json	backbone_denovo	RAPCID_backbone_rapcid_backbone_215_model_5	8	44	41	0.3060561880715702	0.23636363636363636	0.5062	0.3998	0.3118706381675601
RAPCID_backbone_rapcid_backbone_80_model_2_seq5_plusRAP	/scratch/a2149a01/RAPCID_2610_output/af3_plusRAP_inputs/RAPCID_backbone_rapcid_backbone_80_model_2_seq5_plusRAP.json	backbone_long	RAPCID_backbone_rapcid_backbone_80_model_2	5	35	19	0.5288777547769816	0.4444444444444444	0.4431	0.3265	0.48196332298297506
RAPCID_backbone_rapcid_backbone_80_model_2_seq5_plusRAP	/scratch/a2149a01/RAPCID_2610_output/af3_plusRAP_inputs/RAPCID_backbone_rapcid_backbone_80_model_2_seq5_plusRAP.json	backbone	RAPCID_backbone_rapcid_backbone_80_model_2	5	35	19	0.3423146750974274	0.21818181818181817	0.4431	0.3265	0.3136665027837413
RAPCID_backbone_rapcid_backbone_215_model_0_seq6_plusRAP	/scratch/a2149a01/RAPCID_2610_output/af3_plusRAP_inputs/RAPCID_backbone_rapcid_backbone_215_model_0_seq6_plusRAP.json	backbone_denovo	RAPCID_backbone_rapcid_backbone_215_model_0	6	46	69	0.3422315807461461	0.2909090909090909	0.3602	0.3713	0.32020537295192736
RAPCID_backbone_rapcid_backbone_215_model_0_seq7_plusRAP	/scratch/a2149a01/RAPCID_2610_output/af3_plusRAP_inputs/RAPCID_backbone_rapcid_backbone_215_model_0_seq7_plusRAP.json	backbone_denovo	RAPCID_backbone_rapcid_backbone_215_model_0	7	46	69	0.3422315807461461	0.2909090909090909	0.3341	0.3883	0.3184453729519274
RAPCID_backbone_rapcid_backbone_96_model_3_seq1_plusRAP	/scratch/a2149a01/RAPCID_2610_output/af3_plusRAP_inputs/RAPCID_backbone_rapcid_backbone_96_model_3_seq1_plusRAP.json	backbone	RAPCID_backbone_rapcid_backbone_96_model_3	1	22	28	0.3422061229398209	0.17857142857142858	0.4631	0.3673	0.30219950135466545
RAPCID_backbone_rapcid_backbone_96_model_3_seq6_plusRAP	/scratch/a2149a01/RAPCID_2610_output/af3_plusRAP_inputs/RAPCID_backbone_rapcid_backbone_96_model_3_seq6_plusRAP.json	backbone	RAPCID_backbone_rapcid_backbone_96_model_3	6	22	28	0.3422061229398209	0.17857142857142858	0.4579	0.3504	0.3008345013546654
RAPCID_backbone_rapcid_backbone_139_model_3_seq6_plusRAP	/scratch/a2149a01/RAPCID_2610_output/af3_plusRAP_inputs/RAPCID_backbone_rapcid_backbone_139_model_3_seq6_plusRAP.json	backbone_long	RAPCID_backbone_rapcid_backbone_139_model_3	6	48	41	0.34215477796029803	0.2	0.3514	0.3279	0.2999490945265786
RAPCID_backbone_rapcid_backbone_139_model_3_seq2_plusRAP	/scratch/a2149a01/RAPCID_2610_output/af3_plusRAP_inputs/RAPCID_backbone_rapcid_backbone_139_model_3_seq2_plusRAP.json	backbone_long	RAPCID_backbone_rapcid_backbone_139_model_3	2	48	41	0.34215477796029803	0.2	0.3413	0.3255	0.29881909452657857
RAPCID_backbone_rapcid_backbone_13_model_4_seq2_plusRAP	/scratch/a2149a01/RAPCID_2610_output/af3_plusRAP_inputs/RAPCID_backbone_rapcid_backbone_13_model_4_seq2_plusRAP.json	backbone_long	RAPCID_backbone_rapcid_backbone_13_model_4	2	32	48	0.3421448459088485	0.26785714285714285	0.4156	0.3496	0.3299694663732675
RAPCID_backbone_rapcid_backbone_13_model_4_seq6_plusRAP	/scratch/a2149a01/RAPCID_2610_output/af3_plusRAP_inputs/RAPCID_backbone_rapcid_backbone_13_model_4_seq6_plusRAP.json	backbone_long	RAPCID_backbone_rapcid_backbone_13_model_4	6	32	48	0.3421448459088485	0.26785714285714285	0.3834	0.3284	0.3256894663732675
RAPCID_backbone_rapcid_backbone_97_model_6_seq8_plusRAP	/scratch/a2149a01/RAPCID_2610_output/af3_plusRAP_inputs/RAPCID_backbone_rapcid_backbone_97_model_6_seq8_plusRAP.json	backbone_long	RAPCID_backbone_rapcid_backbone_97_model_6	8	37	47	0.3420269286139781	0.2545454545454545	0.4424	0.4062	0.3265429259570982
RAPCID_backbone_rapcid_backbone_97_model_6_seq3_plusRAP	/scratch/a2149a01/RAPCID_2610_output/af3_plusRAP_inputs/RAPCID_backbone_rapcid_backbone_97_model_6_seq3_plusRAP.json	backbone_long	RAPCID_backbone_rapcid_backbone_97_model_6	3	37	47	0.3420269286139781	0.2545454545454545	0.4336	0.3741	0.32405792595709826
RAPCID_backbone_rapcid_backbone_190_model_7_seq4_plusRAP	/scratch/a2149a01/RAPCID_2610_output/af3_plusRAP_inputs/RAPCID_backbone_rapcid_backbone_190_model_7_seq4_plusRAP.json	backbone_denovo	RAPCID_backbone_rapcid_backbone_190_model_7	4	39	61	0.34195962076205966	0.3090909090909091	0.4766	0.375	0.3420090010600985
RAPCID_backbone_rapcid_backbone_190_model_7_seq6_plusRAP	/scratch/a2149a01/RAPCID_2610_output/af3_plusRAP_inputs/RAPCID_backbone_rapcid_backbone_190_model_7_seq6_plusRAP.json	backbone_denovo	RAPCID_backbone_rapcid_backbone_190_model_7	6	39	61	0.34195962076205966	0.3090909090909091	0.4701	0.3638	0.3407990010600985
RAPCID_backbone_rapcid_backbone_25_model_7_seq4_plusRAP	/scratch/a2149a01/RAPCID_2610_output/af3_plusRAP_inputs/RAPCID_backbone_rapcid_backbone_25_model_7_seq4_plusRAP.json	backbone	RAPCID_backbone_rapcid_backbone_25_model_7	4	35	37	0.341884215760471	0.21428571428571427	0.4177	0.2797	0.3020632145525295
RAPCID_backbone_rapcid_backbone_25_model_7_seq2_plusRAP	/scratch/a2149a01/RAPCID_2610_output/af3_plusRAP_inputs/RAPCID_backbone_rapcid_backbone_25_model_7_seq2_plusRAP.json	backbone	RAPCID_backbone_rapcid_backbone_25_model_7	2	35	37	0.341884215760471	0.21428571428571427	0.4064	0.2918	0.30153821455252944
RAPCID_backbone_rapcid_backbone_114_model_3_seq6_plusRAP	/scratch/a2149a01/RAPCID_2610_output/af3_plusRAP_inputs/RAPCID_backbone_rapcid_backbone_114_model_3_seq6_plusRAP.json	backbone_long	RAPCID_backbone_rapcid_backbone_114_model_3	6	51	45	0.34185966955101665	0.2727272727272727	0.4079	0.3525	0.33043366947977565
RAPCID_backbone_rapcid_backbone_114_model_3_seq3_plusRAP	/scratch/a2149a01/RAPCID_2610_output/af3_plusRAP_inputs/RAPCID_backbone_rapcid_backbone_114_model_3_seq3_plusRAP.json	backbone_long	RAPCID_backbone_rapcid_backbone_114_model_3	3	51	45	0.34185966955101665	0.2727272727272727	0.4055	0.3758	0.33135866947977566
RAPCID_backbone_rapcid_backbone_114_model_6_seq1_plusRAP	/scratch/a2149a01/RAPCID_2610_output/af3_plusRAP_inputs/RAPCID_backbone_rapcid_backbone_114_model_6_seq1_plusRAP.json	backbone_long	RAPCID_backbone_rapcid_backbone_114_model_6	1	51	45	0.3415931301908536	0.21818181818181817	0.3458	0.3858	0.30102125202022756
RAPCID_backbone_rapcid_backbone_114_model_6_seq7_plusRAP	/scratch/a2149a01/RAPCID_2610_output/af3_plusRAP_inputs/RAPCID_backbone_rapcid_backbone_114_model_6_seq7_plusRAP.json	backbone_long	RAPCID_backbone_rapcid_backbone_114_model_6	7	51	45	0.3415931301908536	0.21818181818181817	0.3363	0.3641	0.29898625202022755
RAPCID_backbone_rapcid_backbone_220_model_3_seq1_plusRAP	/scratch/a2149a01/RAPCID_2610_output/af3_plusRAP_inputs/RAPCID_backbone_rapcid_backbone_220_model_3_seq1_plusRAP.json	backbone_long	RAPCID_backbone_rapcid_backbone_220_model_3	1	42	49	0.34155392000319296	0.25925925925925924	0.3744	0.3771	0.31925352326069606
RAPCID_backbone_rapcid_backbone_220_model_3_seq6_plusRAP	/scratch/a2149a01/RAPCID_2610_output/af3_plusRAP_inputs/RAPCID_backbone_rapcid_backbone_220_model_3_seq6_plusRAP.json	backbone_long	RAPCID_backbone_rapcid_backbone_220_model_3	6	42	49	0.34155392000319296	0.25925925925925924	0.3553	0.3605	0.3165135232606961
RAPCID_backbone_rapcid_backbone_8_model_7_seq7_plusRAP	/scratch/a2149a01/RAPCID_2610_output/af3_plusRAP_inputs/RAPCID_backbone_rapcid_backbone_8_model_7_seq7_plusRAP.json	backbone	RAPCID_backbone_rapcid_backbone_8_model_7	7	44	31	0.3415400965473142	0.16666666666666666	0.295	0.2591	0.27670359900184693
RAPCID_backbone_rapcid_backbone_8_model_7_seq8_plusRAP	/scratch/a2149a01/RAPCID_2610_output/af3_plusRAP_inputs/RAPCID_backbone_rapcid_backbone_8_model_7_seq8_plusRAP.json	backbone	RAPCID_backbone_rapcid_backbone_8_model_7	8	44	31	0.3415400965473142	0.16666666666666666	0.294	0.2546	0.27637859900184697
RAPCID_backbone_rapcid_backbone_87_model_3_seq5_plusRAP	/scratch/a2149a01/RAPCID_2610_output/af3_plusRAP_inputs/RAPCID_backbone_rapcid_backbone_87_model_3_seq5_plusRAP.json	backbone	RAPCID_backbone_rapcid_backbone_87_model_3	5	35	23	0.3410307534658493	0.19642857142857142	0.3323	0.2852	0.2889498708056639
RAPCID_backbone_rapcid_backbone_87_model_3_seq3_plusRAP	/scratch/a2149a01/RAPCID_2610_output/af3_plusRAP_inputs/RAPCID_backbone_rapcid_backbone_87_model_3_seq3_plusRAP.json	backbone	RAPCID_backbone_rapcid_backbone_87_model_3	3	35	23	0.3410307534658493	0.19642857142857142	0.3135	0.2584	0.2857298708056639
RAPCID_backbone_rapcid_backbone_107_model_6_seq4_plusRAP	/scratch/a2149a01/RAPCID_2610_output/af3_plusRAP_inputs/RAPCID_backbone_rapcid_backbone_107_model_6_seq4_plusRAP.json	backbone	RAPCID_backbone_rapcid_backbone_107_model_6	4	30	28	0.34051239757723817	0.26785714285714285	0.3787	0.2962	0.3284304201795985
RAPCID_backbone_rapcid_backbone_107_model_6_seq4_plusRAP	/scratch/a2149a01/RAPCID_2610_output/af3_plusRAP_inputs/RAPCID_backbone_rapcid_backbone_107_model_6_seq4_plusRAP.json	backbone_long	RAPCID_backbone_rapcid_backbone_107_model_6	4	30	28	0.32042649989020033	0.21052631578947367	0.3787	0.2962	0.2828368372312919
RAPCID_backbone_rapcid_backbone_34_model_1_seq4_plusRAP	/scratch/a2149a01/RAPCID_2610_output/af3_plusRAP_inputs/RAPCID_backbone_rapcid_backbone_34_model_1_seq4_plusRAP.json	backbone_denovo	RAPCID_backbone_rapcid_backbone_34_model_1	4	32	59	0.34041194994097956	0.26785714285714285	0.5058	0.4152	0.33593410763217096
RAPCID_backbone_rapcid_backbone_34_model_1_seq5_plusRAP	/scratch/a2149a01/RAPCID_2610_output/af3_plusRAP_inputs/RAPCID_backbone_rapcid_backbone_34_model_1_seq5_plusRAP.json	backbone_denovo	RAPCID_backbone_rapcid_backbone_34_model_1	5	32	59	0.34041194994097956	0.26785714285714285	0.443	0.4119	0.329489107632171
RAPCID_backbone_rapcid_backbone_61_model_7_seq3_plusRAP	/scratch/a2149a01/RAPCID_2610_output/af3_plusRAP_inputs/RAPCID_backbone_rapcid_backbone_61_model_7_seq3_plusRAP.json	backbone	RAPCID_backbone_rapcid_backbone_61_model_7	3	20	35	0.34026934788406815	0.2222222222222222	0.4117	0.3519	0.3118862065478306
RAPCID_backbone_rapcid_backbone_61_model_7_seq3_plusRAP	/scratch/a2149a01/RAPCID_2610_output/af3_plusRAP_inputs/RAPCID_backbone_rapcid_backbone_61_model_7_seq3_plusRAP.json	backbone_long	RAPCID_backbone_rapcid_backbone_61_model_7	3	20	35	0.31761280009375414	0.23214285714285715	0.4117	0.3519	0.3097264743279037
RAPCID_backbone_rapcid_backbone_153_model_0_seq8_plusRAP	/scratch/a2149a01/RAPCID_2610_output/af3_plusRAP_inputs/RAPCID_backbone_rapcid_backbone_153_model_0_seq8_plusRAP.json	backbone	RAPCID_backbone_rapcid_backbone_153_model_0	8	24	40	0.34026498074814016	0.2	0.4351	0.3482	0.3084836857811075
RAPCID_backbone_rapcid_backbone_153_model_0_seq1_plusRAP	/scratch/a2149a01/RAPCID_2610_output/af3_plusRAP_inputs/RAPCID_backbone_rapcid_backbone_153_model_0_seq1_plusRAP.json	backbone	RAPCID_backbone_rapcid_backbone_153_model_0	1	24	40	0.34026498074814016	0.2	0.3963	0.3416	0.30427368578110753
RAPCID_backbone_rapcid_backbone_17_model_0_seq5_plusRAP	/scratch/a2149a01/RAPCID_2610_output/af3_plusRAP_inputs/RAPCID_backbone_rapcid_backbone_17_model_0_seq5_plusRAP.json	backbone_long	RAPCID_backbone_rapcid_backbone_17_model_0	5	34	43	0.4290422562314188	0.34545454545454546	0.4042	0.2967	0.39024320722333034
RAPCID_backbone_rapcid_backbone_17_model_0_seq5_plusRAP	/scratch/a2149a01/RAPCID_2610_output/af3_plusRAP_inputs/RAPCID_backbone_rapcid_backbone_17_model_0_seq5_plusRAP.json	backbone_denovo	RAPCID_backbone_rapcid_backbone_17_model_0	5	34	43	0.3393229946159896	0.24074074074074073	0.4042	0.2967	0.3181355327623805
RAPCID_backbone_rapcid_backbone_117_model_5_seq5_plusRAP	/scratch/a2149a01/RAPCID_2610_output/af3_plusRAP_inputs/RAPCID_backbone_rapcid_backbone_117_model_5_seq5_plusRAP.json	backbone_long	RAPCID_backbone_rapcid_backbone_117_model_5	5	42	38	0.4263545078880293	0.35714285714285715	0.4221	0.342	0.41267746505754965
RAPCID_backbone_rapcid_backbone_117_model_5_seq5_plusRAP	/scratch/a2149a01/RAPCID_2610_output/af3_plusRAP_inputs/RAPCID_backbone_rapcid_backbone_117_model_5_seq5_plusRAP.json	backbone_denovo	RAPCID_backbone_rapcid_backbone_117_model_5	5	42	38	0.3393040541164135	0.32142857142857145	0.4221	0.342	0.3367984116539734
RAPCID_backbone_rapcid_backbone_106_model_4_seq7_plusRAP	/scratch/a2149a01/RAPCID_2610_output/af3_plusRAP_inputs/RAPCID_backbone_rapcid_backbone_106_model_4_seq7_plusRAP.json	backbone	RAPCID_backbone_rapcid_backbone_106_model_4	7	33	42	0.33922545787506475	0.24074074074074073	0.3719	0.3276	0.31085108567340874
RAPCID_backbone_rapcid_backbone_106_model_4_seq3_plusRAP	/scratch/a2149a01/RAPCID_2610_output/af3_plusRAP_inputs/RAPCID_backbone_rapcid_backbone_106_model_4_seq3_plusRAP.json	backbone	RAPCID_backbone_rapcid_backbone_106_model_4	3	33	42	0.33922545787506475	0.24074074074074073	0.3638	0.3439	0.3108560856734088
RAPCID_backbone_rapcid_backbone_30_model_0_seq7_plusRAP	/scratch/a2149a01/RAPCID_2610_output/af3_plusRAP_inputs/RAPCID_backbone_rapcid_backbone_30_model_0_seq7_plusRAP.json	backbone_denovo	RAPCID_backbone_rapcid_backbone_30_model_0	7	41	56	0.33905820269610265	0.18181818181818182	0.396	0.3725	0.30625573666779166
RAPCID_backbone_rapcid_backbone_30_model_0_seq4_plusRAP	/scratch/a2149a01/RAPCID_2610_output/af3_plusRAP_inputs/RAPCID_backbone_rapcid_backbone_30_model_0_seq4_plusRAP.json	backbone_denovo	RAPCID_backbone_rapcid_backbone_30_model_0	4	41	56	0.33905820269610265	0.18181818181818182	0.3921	0.3999	0.30723573666779164
RAPCID_backbone_rapcid_backbone_90_model_2_seq5_plusRAP	/scratch/a2149a01/RAPCID_2610_output/af3_plusRAP_inputs/RAPCID_backbone_rapcid_backbone_90_model_2_seq5_plusRAP.json	backbone	RAPCID_backbone_rapcid_backbone_90_model_2	5	39	48	0.33903110961000826	0.23214285714285715	0.4361	0.3428	0.32134971361021797
RAPCID_backbone_rapcid_backbone_90_model_2_seq1_plusRAP	/scratch/a2149a01/RAPCID_2610_output/af3_plusRAP_inputs/RAPCID_backbone_rapcid_backbone_90_model_2_seq1_plusRAP.json	backbone	RAPCID_backbone_rapcid_backbone_90_model_2	1	39	48	0.33903110961000826	0.23214285714285715	0.4142	0.3774	0.320889713610218
RAPCID_backbone_rapcid_backbone_65_model_1_seq2_plusRAP	/scratch/a2149a01/RAPCID_2610_output/af3_plusRAP_inputs/RAPCID_backbone_rapcid_backbone_65_model_1_seq2_plusRAP.json	backbone_long	RAPCID_backbone_rapcid_backbone_65_model_1	2	32	27	0.33337057924791813	0.23636363636363636	0.4257	0.4273	0.3174871141969167
RAPCID_backbone_rapcid_backbone_65_model_1_seq2_plusRAP	/scratch/a2149a01/RAPCID_2610_output/af3_plusRAP_inputs/RAPCID_backbone_rapcid_backbone_65_model_1_seq2_plusRAP.json	backbone	RAPCID_backbone_rapcid_backbone_65_model_1	2	32	27	0.33899830266708086	0.17857142857142858	0.4257	0.4273	0.305571537787488
RAPCID_backbone_rapcid_backbone_22_model_0_seq3_plusRAP	/scratch/a2149a01/RAPCID_2610_output/af3_plusRAP_inputs/RAPCID_backbone_rapcid_backbone_22_model_0_seq3_plusRAP.json	backbone_long	RAPCID_backbone_rapcid_backbone_22_model_0	3	50	40	0.3389567723259177	0.23636363636363636	0.4281	0.3292	0.3153359010820165
RAPCID_backbone_rapcid_backbone_22_model_0_seq4_plusRAP	/scratch/a2149a01/RAPCID_2610_output/af3_plusRAP_inputs/RAPCID_backbone_rapcid_backbone_22_model_0_seq4_plusRAP.json	backbone_long	RAPCID_backbone_rapcid_backbone_22_model_0	4	50	40	0.3389567723259177	0.23636363636363636	0.4274	0.3221	0.31491090108201647
RAPCID_backbone_rapcid_backbone_72_model_0_seq6_plusRAP	/scratch/a2149a01/RAPCID_2610_output/af3_plusRAP_inputs/RAPCID_backbone_rapcid_backbone_72_model_0_seq6_plusRAP.json	backbone_long	RAPCID_backbone_rapcid_backbone_72_model_0	6	53	39	0.33870931681771654	0.2807017543859649	0.3403	0.2777	0.3260651867200192
RAPCID_backbone_rapcid_backbone_72_model_0_seq6_plusRAP	/scratch/a2149a01/RAPCID_2610_output/af3_plusRAP_inputs/RAPCID_backbone_rapcid_backbone_72_model_0_seq6_plusRAP.json	backbone_denovo	RAPCID_backbone_rapcid_backbone_72_model_0	6	53	39	0.36066897319425273	0.25925925925925924	0.3403	0.2777	0.3139197416411174
RAPCID_backbone_rapcid_backbone_189_model_0_seq5_plusRAP	/scratch/a2149a01/RAPCID_2610_output/af3_plusRAP_inputs/RAPCID_backbone_rapcid_backbone_189_model_0_seq5_plusRAP.json	backbone_long	RAPCID_backbone_rapcid_backbone_189_model_0	5	47	56	0.3386692351770332	0.24074074074074073	0.3042	0.3276	0.30938634101485013
RAPCID_backbone_rapcid_backbone_189_model_0_seq5_plusRAP	/scratch/a2149a01/RAPCID_2610_output/af3_plusRAP_inputs/RAPCID_backbone_rapcid_backbone_189_model_0_seq5_plusRAP.json	backbone_denovo	RAPCID_backbone_rapcid_backbone_189_model_0	5	47	56	0.3102054974980175	0.25925925925925924	0.3042	0.3276	0.30676284424447825
RAPCID_backbone_rapcid_backbone_37_model_3_seq8_plusRAP	/scratch/a2149a01/RAPCID_2610_output/af3_plusRAP_inputs/RAPCID_backbone_rapcid_backbone_37_model_3_seq8_plusRAP.json	backbone_long	RAPCID_backbone_rapcid_backbone_37_model_3	8	27	44	0.33854182907622876	0.2222222222222222	0.4314	0.3433	0.3182043786398585
RAPCID_backbone_rapcid_backbone_37_model_3_seq8_plusRAP	/scratch/a2149a01/RAPCID_2610_output/af3_plusRAP_inputs/RAPCID_backbone_rapcid_backbone_37_model_3_seq8_plusRAP.json	backbone_denovo	RAPCID_backbone_rapcid_backbone_37_model_3	8	27	44	0.31182940373587553	0.26785714285714285	0.4314	0.3433	0.31203696183987417
RAPCID_backbone_rapcid_backbone_51_model_0_seq5_plusRAP	/scratch/a2149a01/RAPCID_2610_output/af3_plusRAP_inputs/RAPCID_backbone_rapcid_backbone_51_model_0_seq5_plusRAP.json	backbone_denovo	RAPCID_backbone_rapcid_backbone_51_model_0	5	34	63	0.3384997284640434	0.3090909090909091	0.4746	0.4163	0.3423170495259913
RAPCID_backbone_rapcid_backbone_51_model_0_seq2_plusRAP	/scratch/a2149a01/RAPCID_2610_output/af3_plusRAP_inputs/RAPCID_backbone_rapcid_backbone_51_model_0_seq2_plusRAP.json	backbone_denovo	RAPCID_backbone_rapcid_backbone_51_model_0	2	34	63	0.3384997284640434	0.3090909090909091	0.4519	0.4142	0.3399420495259913
RAPCID_backbone_rapcid_backbone_231_model_6_seq1_plusRAP	/scratch/a2149a01/RAPCID_2610_output/af3_plusRAP_inputs/RAPCID_backbone_rapcid_backbone_231_model_6_seq1_plusRAP.json	backbone_denovo	RAPCID_backbone_rapcid_backbone_231_model_6	1	55	69	0.3382428407116371	0.2545454545454545	0.434	0.4062	0.3240000864010448
RAPCID_backbone_rapcid_backbone_231_model_6_seq5_plusRAP	/scratch/a2149a01/RAPCID_2610_output/af3_plusRAP_inputs/RAPCID_backbone_rapcid_backbone_231_model_6_seq5_plusRAP.json	backbone_denovo	RAPCID_backbone_rapcid_backbone_231_model_6	5	55	69	0.3382428407116371	0.2545454545454545	0.4333	0.4111	0.32417508640104475
RAPCID_backbone_rapcid_backbone_185_model_0_seq1_plusRAP	/scratch/a2149a01/RAPCID_2610_output/af3_plusRAP_inputs/RAPCID_backbone_rapcid_backbone_185_model_0_seq1_plusRAP.json	backbone	RAPCID_backbone_rapcid_backbone_185_model_0	1	20	31	0.3382197519874298	0.25	0.5054	0.3624	0.3222477772832323
RAPCID_backbone_rapcid_backbone_185_model_0_seq4_plusRAP	/scratch/a2149a01/RAPCID_2610_output/af3_plusRAP_inputs/RAPCID_backbone_rapcid_backbone_185_model_0_seq4_plusRAP.json	backbone	RAPCID_backbone_rapcid_backbone_185_model_0	4	20	31	0.3382197519874298	0.25	0.4766	0.3758	0.32003777728323224
RAPCID_backbone_rapcid_backbone_228_model_1_seq1_plusRAP	/scratch/a2149a01/RAPCID_2610_output/af3_plusRAP_inputs/RAPCID_backbone_rapcid_backbone_228_model_1_seq1_plusRAP.json	backbone_denovo	RAPCID_backbone_rapcid_backbone_228_model_1	1	55	43	0.33820385600783365	0.25	0.4742	0.4431	0.3342667352035251
RAPCID_backbone_rapcid_backbone_228_model_1_seq8_plusRAP	/scratch/a2149a01/RAPCID_2610_output/af3_plusRAP_inputs/RAPCID_backbone_rapcid_backbone_228_model_1_seq8_plusRAP.json	backbone_denovo	RAPCID_backbone_rapcid_backbone_228_model_1	8	55	43	0.33820385600783365	0.25	0.4467	0.4266	0.33069173520352513
RAPCID_backbone_rapcid_backbone_113_model_6_seq3_plusRAP	/scratch/a2149a01/RAPCID_2610_output/af3_plusRAP_inputs/RAPCID_backbone_rapcid_backbone_113_model_6_seq3_plusRAP.json	backbone_denovo	RAPCID_backbone_rapcid_backbone_113_model_6	3	42	70	0.3381799431106285	0.21818181818181817	0.5332	0.4921	0.33465142894523736
RAPCID_backbone_rapcid_backbone_113_model_6_seq1_plusRAP	/scratch/a2149a01/RAPCID_2610_output/af3_plusRAP_inputs/RAPCID_backbone_rapcid_backbone_113_model_6_seq1_plusRAP.json	backbone_denovo	RAPCID_backbone_rapcid_backbone_113_model_6	1	42	70	0.3381799431106285	0.21818181818181817	0.5049	0.5003	0.3322314289452374
RAPCID_backbone_rapcid_backbone_200_model_1_seq4_plusRAP	/scratch/a2149a01/RAPCID_2610_output/af3_plusRAP_inputs/RAPCID_backbone_rapcid_backbone_200_model_1_seq4_plusRAP.json	backbone	RAPCID_backbone_rapcid_backbone_200_model_1	4	37	26	0.4455022954774398	0.2777777777777778	0.5121	0.3373	0.3879954774092924
RAPCID_backbone_rapcid_backbone_200_model_1_seq4_plusRAP	/scratch/a2149a01/RAPCID_2610_output/af3_plusRAP_inputs/RAPCID_backbone_rapcid_backbone_200_model_1_seq4_plusRAP.json	backbone_long	RAPCID_backbone_rapcid_backbone_200_model_1	4	37	26	0.3379190893581627	0.26785714285714285	0.5121	0.3373	0.3315473203699034
RAPCID_backbone_rapcid_backbone_160_model_1_seq5_plusRAP	/scratch/a2149a01/RAPCID_2610_output/af3_plusRAP_inputs/RAPCID_backbone_rapcid_backbone_160_model_1_seq5_plusRAP.json	backbone_denovo	RAPCID_backbone_rapcid_backbone_160_model_1	5	61	57	0.33782654110034127	0.32142857142857145	0.3803	0.3634	0.3274679752411853
RAPCID_backbone_rapcid_backbone_160_model_1_seq4_plusRAP	/scratch/a2149a01/RAPCID_2610_output/af3_plusRAP_inputs/RAPCID_backbone_rapcid_backbone_160_model_1_seq4_plusRAP.json	backbone_denovo	RAPCID_backbone_rapcid_backbone_160_model_1	4	61	57	0.33782654110034127	0.32142857142857145	0.3783	0.4052	0.3293579752411853
RAPCID_backbone_rapcid_backbone_211_model_0_seq4_plusRAP	/scratch/a2149a01/RAPCID_2610_output/af3_plusRAP_inputs/RAPCID_backbone_rapcid_backbone_211_model_0_seq4_plusRAP.json	backbone_long	RAPCID_backbone_rapcid_backbone_211_model_0	4	40	43	0.3933834665829212	0.2727272727272727	0.5169	0.4152	0.3620988225885772
RAPCID_backbone_rapcid_backbone_211_model_0_seq4_plusRAP	/scratch/a2149a01/RAPCID_2610_output/af3_plusRAP_inputs/RAPCID_backbone_rapcid_backbone_211_model_0_seq4_plusRAP.json	backbone_denovo	RAPCID_backbone_rapcid_backbone_211_model_0	4	40	43	0.3375921055067811	0.26785714285714285	0.5169	0.4152	0.34688628874789273
RAPCID_backbone_rapcid_backbone_200_model_4_seq4_plusRAP	/scratch/a2149a01/RAPCID_2610_output/af3_plusRAP_inputs/RAPCID_backbone_rapcid_backbone_200_model_4_seq4_plusRAP.json	backbone_long	RAPCID_backbone_rapcid_backbone_200_model_4	4	37	26	0.41674178022606667	0.3392857142857143	0.2954	0.2625	0.3816868963398253
RAPCID_backbone_rapcid_backbone_200_model_4_seq4_plusRAP	/scratch/a2149a01/RAPCID_2610_output/af3_plusRAP_inputs/RAPCID_backbone_rapcid_backbone_200_model_4_seq4_plusRAP.json	backbone_denovo	RAPCID_backbone_rapcid_backbone_200_model_4	4	37	26	0.3373741154260046	0.30357142857142855	0.2954	0.2625	0.3092650979734481
RAPCID_backbone_rapcid_backbone_125_model_4_seq8_plusRAP	/scratch/a2149a01/RAPCID_2610_output/af3_plusRAP_inputs/RAPCID_backbone_rapcid_backbone_125_model_4_seq8_plusRAP.json	backbone_denovo	RAPCID_backbone_rapcid_backbone_125_model_4	8	60	30	0.3372531628783727	0.21818181818181817	0.4317	0.3893	0.30783326672961114
RAPCID_backbone_rapcid_backbone_125_model_4_seq2_plusRAP	/scratch/a2149a01/RAPCID_2610_output/af3_plusRAP_inputs/RAPCID_backbone_rapcid_backbone_125_model_4_seq2_plusRAP.json	backbone_denovo	RAPCID_backbone_rapcid_backbone_125_model_4	2	60	30	0.3372531628783727	0.21818181818181817	0.4195	0.3723	0.3057632667296111
RAPCID_backbone_rapcid_backbone_36_model_0_seq1_plusRAP	/scratch/a2149a01/RAPCID_2610_output/af3_plusRAP_inputs/RAPCID_backbone_rapcid_backbone_36_model_0_seq1_plusRAP.json	backbone_long	RAPCID_backbone_rapcid_backbone_36_model_0	1	46	56	0.3370045726919303	0.25925925925925924	0.3958	0.3634	0.31866131697062794
RAPCID_backbone_rapcid_backbone_36_model_0_seq7_plusRAP	/scratch/a2149a01/RAPCID_2610_output/af3_plusRAP_inputs/RAPCID_backbone_rapcid_backbone_36_model_0_seq7_plusRAP.json	backbone_long	RAPCID_backbone_rapcid_backbone_36_model_0	7	46	56	0.3370045726919303	0.25925925925925924	0.3837	0.3497	0.31676631697062796
RAPCID_backbone_rapcid_backbone_20_model_5_seq4_plusRAP	/scratch/a2149a01/RAPCID_2610_output/af3_plusRAP_inputs/RAPCID_backbone_rapcid_backbone_20_model_5_seq4_plusRAP.json	backbone	RAPCID_backbone_rapcid_backbone_20_model_5	4	25	27	0.33673963804180096	0.26785714285714285	0.4804	0.342	0.33919267838865164
RAPCID_backbone_rapcid_backbone_20_model_5_seq8_plusRAP	/scratch/a2149a01/RAPCID_2610_output/af3_plusRAP_inputs/RAPCID_backbone_rapcid_backbone_20_model_5_seq8_plusRAP.json	backbone	RAPCID_backbone_rapcid_backbone_20_model_5	8	25	27	0.33673963804180096	0.26785714285714285	0.4739	0.3381	0.33834767838865165
RAPCID_backbone_rapcid_backbone_71_model_4_seq4_plusRAP	/scratch/a2149a01/RAPCID_2610_output/af3_plusRAP_inputs/RAPCID_backbone_rapcid_backbone_71_model_4_seq4_plusRAP.json	backbone_denovo	RAPCID_backbone_rapcid_backbone_71_model_4	4	48	57	0.3367393398595784	0.23636363636363636	0.3368	0.4382	0.31065805647216377
RAPCID_backbone_rapcid_backbone_71_model_4_seq6_plusRAP	/scratch/a2149a01/RAPCID_2610_output/af3_plusRAP_inputs/RAPCID_backbone_rapcid_backbone_71_model_4_seq6_plusRAP.json	backbone_denovo	RAPCID_backbone_rapcid_backbone_71_model_4	6	48	57	0.3367393398595784	0.23636363636363636	0.3328	0.4214	0.30941805647216375
RAPCID_backbone_rapcid_backbone_116_model_7_seq3_plusRAP	/scratch/a2149a01/RAPCID_2610_output/af3_plusRAP_inputs/RAPCID_backbone_rapcid_backbone_116_model_7_seq3_plusRAP.json	backbone	RAPCID_backbone_rapcid_backbone_116_model_7	3	21	31	0.3366979001408088	0.17857142857142858	0.4659	0.3078	0.2914702455395545
RAPCID_backbone_rapcid_backbone_116_model_7_seq1_plusRAP	/scratch/a2149a01/RAPCID_2610_output/af3_plusRAP_inputs/RAPCID_backbone_rapcid_backbone_116_model_7_seq1_plusRAP.json	backbone	RAPCID_backbone_rapcid_backbone_116_model_7	1	21	31	0.3366979001408088	0.17857142857142858	0.4332	0.2965	0.28763524553955444
RAPCID_backbone_rapcid_backbone_197_model_5_seq2_plusRAP	/scratch/a2149a01/RAPCID_2610_output/af3_plusRAP_inputs/RAPCID_backbone_rapcid_backbone_197_model_5_seq2_plusRAP.json	backbone_long	RAPCID_backbone_rapcid_backbone_197_model_5	2	54	60	0.3366685353846096	0.23636363636363636	0.4638	0.3522	0.31902619445842784
RAPCID_backbone_rapcid_backbone_197_model_5_seq7_plusRAP	/scratch/a2149a01/RAPCID_2610_output/af3_plusRAP_inputs/RAPCID_backbone_rapcid_backbone_197_model_5_seq7_plusRAP.json	backbone_long	RAPCID_backbone_rapcid_backbone_197_model_5	7	54	60	0.3366685353846096	0.23636363636363636	0.4599	0.3689	0.3194711944584278
RAPCID_backbone_rapcid_backbone_134_model_3_seq3_plusRAP	/scratch/a2149a01/RAPCID_2610_output/af3_plusRAP_inputs/RAPCID_backbone_rapcid_backbone_134_model_3_seq3_plusRAP.json	backbone_denovo	RAPCID_backbone_rapcid_backbone_134_model_3	3	52	49	0.33621321246060043	0.21818181818181817	0.4597	0.4057	0.3165408445971692
RAPCID_backbone_rapcid_backbone_134_model_3_seq8_plusRAP	/scratch/a2149a01/RAPCID_2610_output/af3_plusRAP_inputs/RAPCID_backbone_rapcid_backbone_134_model_3_seq8_plusRAP.json	backbone_denovo	RAPCID_backbone_rapcid_backbone_134_model_3	8	52	49	0.33621321246060043	0.21818181818181817	0.4159	0.4229	0.3130208445971692
RAPCID_backbone_rapcid_backbone_188_model_3_seq1_plusRAP	/scratch/a2149a01/RAPCID_2610_output/af3_plusRAP_inputs/RAPCID_backbone_rapcid_backbone_188_model_3_seq1_plusRAP.json	backbone_long	RAPCID_backbone_rapcid_backbone_188_model_3	1	40	41	0.3359911591519097	0.2	0.3942	0.3242	0.2901593549516927
RAPCID_backbone_rapcid_backbone_188_model_3_seq3_plusRAP	/scratch/a2149a01/RAPCID_2610_output/af3_plusRAP_inputs/RAPCID_backbone_rapcid_backbone_188_model_3_seq3_plusRAP.json	backbone_long	RAPCID_backbone_rapcid_backbone_188_model_3	3	40	41	0.3359911591519097	0.2	0.3813	0.3602	0.2906693549516927
RAPCID_backbone_rapcid_backbone_70_model_7_seq8_plusRAP	/scratch/a2149a01/RAPCID_2610_output/af3_plusRAP_inputs/RAPCID_backbone_rapcid_backbone_70_model_7_seq8_plusRAP.json	backbone_denovo	RAPCID_backbone_rapcid_backbone_70_model_7	8	53	44	0.33590167407881033	0.16363636363636364	0.6521	0.5368	0.32300373313344444
RAPCID_backbone_rapcid_backbone_70_model_7_seq5_plusRAP	/scratch/a2149a01/RAPCID_2610_output/af3_plusRAP_inputs/RAPCID_backbone_rapcid_backbone_70_model_7_seq5_plusRAP.json	backbone_denovo	RAPCID_backbone_rapcid_backbone_70_model_7	5	53	44	0.33590167407881033	0.16363636363636364	0.5818	0.5468	0.3164737331334444
RAPCID_backbone_rapcid_backbone_93_model_4_seq6_plusRAP	/scratch/a2149a01/RAPCID_2610_output/af3_plusRAP_inputs/RAPCID_backbone_rapcid_backbone_93_model_4_seq6_plusRAP.json	backbone	RAPCID_backbone_rapcid_backbone_93_model_4	6	35	28	0.335846815929118	0.2222222222222222	0.3939	0.2841	0.30472606716810313
RAPCID_backbone_rapcid_backbone_93_model_4_seq3_plusRAP	/scratch/a2149a01/RAPCID_2610_output/af3_plusRAP_inputs/RAPCID_backbone_rapcid_backbone_93_model_4_seq3_plusRAP.json	backbone	RAPCID_backbone_rapcid_backbone_93_model_4	3	35	28	0.335846815929118	0.2222222222222222	0.3861	0.2824	0.3038610671681031
RAPCID_backbone_rapcid_backbone_89_model_4_seq2_plusRAP	/scratch/a2149a01/RAPCID_2610_output/af3_plusRAP_inputs/RAPCID_backbone_rapcid_backbone_89_model_4_seq2_plusRAP.json	backbone	RAPCID_backbone_rapcid_backbone_89_model_4	2	42	31	0.3358426849031637	0.24074074074074073	0.4012	0.2926	0.31050883783605326
RAPCID_backbone_rapcid_backbone_89_model_4_seq7_plusRAP	/scratch/a2149a01/RAPCID_2610_output/af3_plusRAP_inputs/RAPCID_backbone_rapcid_backbone_89_model_4_seq7_plusRAP.json	backbone	RAPCID_backbone_rapcid_backbone_89_model_4	7	42	31	0.3358426849031637	0.24074074074074073	0.3942	0.3073	0.3105438378360533
RAPCID_backbone_rapcid_backbone_180_model_1_seq5_plusRAP	/scratch/a2149a01/RAPCID_2610_output/af3_plusRAP_inputs/RAPCID_backbone_rapcid_backbone_180_model_1_seq5_plusRAP.json	backbone_denovo	RAPCID_backbone_rapcid_backbone_180_model_1	5	53	35	0.33583033063494827	0.30357142857142855	0.4116	0.4108	0.32760539481747275
RAPCID_backbone_rapcid_backbone_180_model_1_seq1_plusRAP	/scratch/a2149a01/RAPCID_2610_output/af3_plusRAP_inputs/RAPCID_backbone_rapcid_backbone_180_model_1_seq1_plusRAP.json	backbone_denovo	RAPCID_backbone_rapcid_backbone_180_model_1	1	53	35	0.33583033063494827	0.30357142857142855	0.4038	0.4235	0.32746039481747274
RAPCID_backbone_rapcid_backbone_44_model_1_seq4_plusRAP	/scratch/a2149a01/RAPCID_2610_output/af3_plusRAP_inputs/RAPCID_backbone_rapcid_backbone_44_model_1_seq4_plusRAP.json	backbone	RAPCID_backbone_rapcid_backbone_44_model_1	4	34	21	0.3849315265458111	0.18518518518518517	0.3243	0.2874	0.30520437213080015
RAPCID_backbone_rapcid_backbone_44_model_1_seq4_plusRAP	/scratch/a2149a01/RAPCID_2610_output/af3_plusRAP_inputs/RAPCID_backbone_rapcid_backbone_44_model_1_seq4_plusRAP.json	backbone_long	RAPCID_backbone_rapcid_backbone_44_model_1	4	34	21	0.33557065312186796	0.23214285714285715	0.3243	0.2874	0.3002869526349993
RAPCID_backbone_rapcid_backbone_54_model_4_seq2_plusRAP	/scratch/a2149a01/RAPCID_2610_output/af3_plusRAP_inputs/RAPCID_backbone_rapcid_backbone_54_model_4_seq2_plusRAP.json	backbone_denovo	RAPCID_backbone_rapcid_backbone_54_model_4	2	31	55	0.33524322134618245	0.23636363636363636	0.5273	0.3562	0.3249348031411356
RAPCID_backbone_rapcid_backbone_54_model_4_seq8_plusRAP	/scratch/a2149a01/RAPCID_2610_output/af3_plusRAP_inputs/RAPCID_backbone_rapcid_backbone_54_model_4_seq8_plusRAP.json	backbone_denovo	RAPCID_backbone_rapcid_backbone_54_model_4	8	31	55	0.33524322134618245	0.23636363636363636	0.4842	0.3547	0.3205498031411356
RAPCID_backbone_rapcid_backbone_19_model_6_seq7_plusRAP	/scratch/a2149a01/RAPCID_2610_output/af3_plusRAP_inputs/RAPCID_backbone_rapcid_backbone_19_model_6_seq7_plusRAP.json	backbone_denovo	RAPCID_backbone_rapcid_backbone_19_model_6	7	33	32	0.3349136163596699	0.21428571428571427	0.3986	0.2989	0.30353200037772443
RAPCID_backbone_rapcid_backbone_19_model_6_seq7_plusRAP	/scratch/a2149a01/RAPCID_2610_output/af3_plusRAP_inputs/RAPCID_backbone_rapcid_backbone_19_model_6_seq7_plusRAP.json	backbone_long	RAPCID_backbone_rapcid_backbone_19_model_6	7	33	32	0.3468513172820282	0.19298245614035087	0.3986	0.2989	0.2980225957008893
RAPCID_backbone_rapcid_backbone_150_model_7_seq3_plusRAP	/scratch/a2149a01/RAPCID_2610_output/af3_plusRAP_inputs/RAPCID_backbone_rapcid_backbone_150_model_7_seq3_plusRAP.json	backbone_denovo	RAPCID_backbone_rapcid_backbone_150_model_7	3	46	39	0.33490852921548486	0.23214285714285715	0.4578	0.4155	0.32529955243268244
RAPCID_backbone_rapcid_backbone_150_model_7_seq1_plusRAP	/scratch/a2149a01/RAPCID_2610_output/af3_plusRAP_inputs/RAPCID_backbone_rapcid_backbone_150_model_7_seq1_plusRAP.json	backbone_denovo	RAPCID_backbone_rapcid_backbone_150_model_7	1	46	39	0.33490852921548486	0.23214285714285715	0.4235	0.4034	0.3212645524326825
RAPCID_backbone_rapcid_backbone_23_model_7_seq4_plusRAP	/scratch/a2149a01/RAPCID_2610_output/af3_plusRAP_inputs/RAPCID_backbone_rapcid_backbone_23_model_7_seq4_plusRAP.json	backbone_denovo	RAPCID_backbone_rapcid_backbone_23_model_7	4	64	68	0.33471937108044214	0.2222222222222222	0.4883	0.4236	0.3206337169861989
RAPCID_backbone_rapcid_backbone_23_model_7_seq2_plusRAP	/scratch/a2149a01/RAPCID_2610_output/af3_plusRAP_inputs/RAPCID_backbone_rapcid_backbone_23_model_7_seq2_plusRAP.json	backbone_denovo	RAPCID_backbone_rapcid_backbone_23_model_7	2	64	68	0.33471937108044214	0.2222222222222222	0.4852	0.4285	0.32056871698619893
RAPCID_backbone_rapcid_backbone_225_model_7_seq2_plusRAP	/scratch/a2149a01/RAPCID_2610_output/af3_plusRAP_inputs/RAPCID_backbone_rapcid_backbone_225_model_7_seq2_plusRAP.json	backbone_denovo	RAPCID_backbone_rapcid_backbone_225_model_7	2	70	37	0.33438703180488594	0.26785714285714285	0.5546	0.4151	0.3436534500264844
RAPCID_backbone_rapcid_backbone_225_model_7_seq5_plusRAP	/scratch/a2149a01/RAPCID_2610_output/af3_plusRAP_inputs/RAPCID_backbone_rapcid_backbone_225_model_7_seq5_plusRAP.json	backbone_denovo	RAPCID_backbone_rapcid_backbone_225_model_7	5	70	37	0.33438703180488594	0.26785714285714285	0.554	0.3971	0.3426934500264844
RAPCID_backbone_rapcid_backbone_67_model_2_seq1_plusRAP	/scratch/a2149a01/RAPCID_2610_output/af3_plusRAP_inputs/RAPCID_backbone_rapcid_backbone_67_model_2_seq1_plusRAP.json	backbone_denovo	RAPCID_backbone_rapcid_backbone_67_model_2	1	61	52	0.3343574845914128	0.2222222222222222	0.444	0.3588	0.3183564236216913
RAPCID_backbone_rapcid_backbone_67_model_2_seq4_plusRAP	/scratch/a2149a01/RAPCID_2610_output/af3_plusRAP_inputs/RAPCID_backbone_rapcid_backbone_67_model_2_seq4_plusRAP.json	backbone_denovo	RAPCID_backbone_rapcid_backbone_67_model_2	4	61	52	0.3343574845914128	0.2222222222222222	0.4324	0.3415	0.3163314236216913
RAPCID_backbone_rapcid_backbone_94_model_6_seq7_plusRAP	/scratch/a2149a01/RAPCID_2610_output/af3_plusRAP_inputs/RAPCID_backbone_rapcid_backbone_94_model_6_seq7_plusRAP.json	backbone_long	RAPCID_backbone_rapcid_backbone_94_model_6	7	39	37	0.42241469731797376	0.3392857142857143	0.379	0.3644	0.38102804236451676
RAPCID_backbone_rapcid_backbone_94_model_6_seq7_plusRAP	/scratch/a2149a01/RAPCID_2610_output/af3_plusRAP_inputs/RAPCID_backbone_rapcid_backbone_94_model_6_seq7_plusRAP.json	backbone_denovo	RAPCID_backbone_rapcid_backbone_94_model_6	7	39	37	0.3343545943640641	0.32142857142857145	0.379	0.3644	0.3313811547654162
RAPCID_backbone_rapcid_backbone_212_model_7_seq7_plusRAP	/scratch/a2149a01/RAPCID_2610_output/af3_plusRAP_inputs/RAPCID_backbone_rapcid_backbone_212_model_7_seq7_plusRAP.json	backbone_long	RAPCID_backbone_rapcid_backbone_212_model_7	7	45	39	0.334343838066682	0.2545454545454545	0.4433	0.3743	0.32713609076637057
RAPCID_backbone_rapcid_backbone_212_model_7_seq5_plusRAP	/scratch/a2149a01/RAPCID_2610_output/af3_plusRAP_inputs/RAPCID_backbone_rapcid_backbone_212_model_7_seq5_plusRAP.json	backbone_long	RAPCID_backbone_rapcid_backbone_212_model_7	5	45	39	0.334343838066682	0.2545454545454545	0.441	0.3553	0.3259560907663705
RAPCID_backbone_rapcid_backbone_37_model_7_seq6_plusRAP	/scratch/a2149a01/RAPCID_2610_output/af3_plusRAP_inputs/RAPCID_backbone_rapcid_backbone_37_model_7_seq6_plusRAP.json	backbone	RAPCID_backbone_rapcid_backbone_37_model_7	6	30	35	0.3343261858370479	0.21052631578947367	0.5731	0.379	0.32378280701848444
RAPCID_backbone_rapcid_backbone_37_model_7_seq6_plusRAP	/scratch/a2149a01/RAPCID_2610_output/af3_plusRAP_inputs/RAPCID_backbone_rapcid_backbone_37_model_7_seq6_plusRAP.json	backbone_denovo	RAPCID_backbone_rapcid_backbone_37_model_7	6	30	35	0.276650045303803	0.21428571428571427	0.5731	0.379	0.29876839340258443
RAPCID_backbone_rapcid_backbone_129_model_3_seq2_plusRAP	/scratch/a2149a01/RAPCID_2610_output/af3_plusRAP_inputs/RAPCID_backbone_rapcid_backbone_129_model_3_seq2_plusRAP.json	backbone	RAPCID_backbone_rapcid_backbone_129_model_3	2	30	47	0.33424306549282656	0.2727272727272727	0.3924	0.3287	0.3242661976535901
RAPCID_backbone_rapcid_backbone_129_model_3_seq1_plusRAP	/scratch/a2149a01/RAPCID_2610_output/af3_plusRAP_inputs/RAPCID_backbone_rapcid_backbone_129_model_3_seq1_plusRAP.json	backbone	RAPCID_backbone_rapcid_backbone_129_model_3	1	30	47	0.33424306549282656	0.2727272727272727	0.3922	0.3265	0.3241361976535901
RAPCID_backbone_rapcid_backbone_111_model_6_seq4_plusRAP	/scratch/a2149a01/RAPCID_2610_output/af3_plusRAP_inputs/RAPCID_backbone_rapcid_backbone_111_model_6_seq4_plusRAP.json	backbone_denovo	RAPCID_backbone_rapcid_backbone_111_model_6	4	12	37	0.35562676867315157	0.2727272727272727	0.3832	0.3255	0.32725330852918083
RAPCID_backbone_rapcid_backbone_111_model_6_seq4_plusRAP	/scratch/a2149a01/RAPCID_2610_output/af3_plusRAP_inputs/RAPCID_backbone_rapcid_backbone_111_model_6_seq4_plusRAP.json	backbone	RAPCID_backbone_rapcid_backbone_111_model_6	4	12	37	0.3339833099081235	0.16071428571428573	0.3832	0.3255	0.26728828310944924
