group,file,path,chain1,chain2,chain1_length,chain2_length,min_chain_chain_dist_A,min_chain1_RAP_dist_A,min_chain2_RAP_dist_A,chain1_RAP_contact_residues,chain2_RAP_contact_residues,chain1_RAP_contact_atoms,chain2_RAP_contact_atoms,RAP_contact_balance_chain1,RAP_face_angle_deg,orientation,chain1_E_hotspots,chain1_F_hotspots,chain2_E_hotspots,chain2_F_hotspots,assigned_face1_hotspots,assigned_face2_hotspots,shared_seam_contact,direct_residue_pairs_4A,chain1_tripartite_residues,chain2_tripartite_residues,assigned_chain1_reachable_residues,assigned_chain2_reachable_residues,chain1_TYR_count,chain2_TYR_count,pass_no_clash,pass_dual_rap_contact,pass_contact_balance,pass_face_angle,pass_direct_interface,pass_conserved_motif,hard_pass,failed_filters,soft_score,selected_final,selected_rank_global
backbone_long,RAPCID_backbone_rapcid_backbone_0_model_0.cif.gz,/scratch/a2149a01/RAPCID_2610_output/backbone_long/RAPCID_backbone_rapcid_backbone_0_model_0.cif.gz,B,A,51,48,2.905,3.475,3.027,4,3,8,9,0.4706,128.19,chain1_F_chain2_E,0,2,1,0,2,1,0,7,0,0,10,12,0,1,1,1,1,1,1,0,0,pass_conserved_motif,0.66624,0,
backbone_long,RAPCID_backbone_rapcid_backbone_0_model_1.cif.gz,/scratch/a2149a01/RAPCID_2610_output/backbone_long/RAPCID_backbone_rapcid_backbone_0_model_1.cif.gz,B,A,51,48,3.309,2.935,2.925,6,4,13,15,0.4643,124.94,chain1_F_chain2_E,0,3,2,0,3,2,0,4,0,0,10,10,0,1,1,1,1,1,1,0,0,pass_conserved_motif,0.69505,0,
backbone_long,RAPCID_backbone_rapcid_backbone_0_model_2.cif.gz,/scratch/a2149a01/RAPCID_2610_output/backbone_long/RAPCID_backbone_rapcid_backbone_0_model_2.cif.gz,B,A,51,48,2.971,2.742,3.132,5,4,17,9,0.6538,103.19,chain1_F_chain2_E,1,2,2,0,2,2,0,16,2,2,11,16,0,1,1,1,1,1,1,0,0,pass_conserved_motif,0.59337,0,
backbone_long,RAPCID_backbone_rapcid_backbone_0_model_3.cif.gz,/scratch/a2149a01/RAPCID_2610_output/backbone_long/RAPCID_backbone_rapcid_backbone_0_model_3.cif.gz,B,A,51,48,2.787,3.338,2.995,6,3,16,9,0.64,121.13,chain1_F_chain2_E,0,2,1,0,2,1,0,11,1,0,10,10,0,1,1,1,1,1,1,0,0,pass_conserved_motif,0.60516,0,
backbone_long,RAPCID_backbone_rapcid_backbone_0_model_4.cif.gz,/scratch/a2149a01/RAPCID_2610_output/backbone_long/RAPCID_backbone_rapcid_backbone_0_model_4.cif.gz,B,A,51,48,2.786,1.943,2.83,7,4,27,12,0.6923,127.29,chain1_F_chain2_E,2,2,2,0,2,2,0,21,2,1,9,11,3,1,0,1,1,1,1,1,0,pass_no_clash,0.61667,0,
backbone_long,RAPCID_backbone_rapcid_backbone_0_model_5.cif.gz,/scratch/a2149a01/RAPCID_2610_output/backbone_long/RAPCID_backbone_rapcid_backbone_0_model_5.cif.gz,B,A,51,48,3.266,3.265,3.037,5,4,13,9,0.5909,126.16,chain1_F_chain2_E,0,3,1,0,3,1,0,13,0,0,11,9,0,1,1,1,1,1,1,0,0,pass_conserved_motif,0.64345,0,
backbone_long,RAPCID_backbone_rapcid_backbone_0_model_6.cif.gz,/scratch/a2149a01/RAPCID_2610_output/backbone_long/RAPCID_backbone_rapcid_backbone_0_model_6.cif.gz,B,A,51,48,3.28,2.891,2.946,6,4,15,13,0.5357,120.84,chain1_F_chain2_E,0,2,2,0,2,2,0,14,0,0,10,12,0,1,1,1,1,1,1,0,0,pass_conserved_motif,0.64281,0,
backbone_long,RAPCID_backbone_rapcid_backbone_0_model_7.cif.gz,/scratch/a2149a01/RAPCID_2610_output/backbone_long/RAPCID_backbone_rapcid_backbone_0_model_7.cif.gz,B,A,51,48,3.255,3.248,2.607,5,3,7,13,0.35,154.15,chain1_F_chain2_E,0,3,2,0,3,2,1,13,0,0,15,10,0,1,1,1,1,1,1,0,0,pass_conserved_motif,0.77026,0,
backbone_long,RAPCID_backbone_rapcid_backbone_100_model_0.cif.gz,/scratch/a2149a01/RAPCID_2610_output/backbone_long/RAPCID_backbone_rapcid_backbone_100_model_0.cif.gz,B,A,52,30,3.404,3.891,3.324,6,4,9,10,0.4737,120.85,chain1_F_chain2_E,1,3,1,0,3,1,0,8,0,1,16,11,0,1,1,1,1,1,1,0,0,pass_conserved_motif,0.69327,0,
backbone_long,RAPCID_backbone_rapcid_backbone_100_model_1.cif.gz,/scratch/a2149a01/RAPCID_2610_output/backbone_long/RAPCID_backbone_rapcid_backbone_100_model_1.cif.gz,B,A,52,30,3.797,2.223,2.976,7,2,16,3,0.8421,117.53,chain1_F_chain2_E,0,3,1,0,3,1,0,1,0,0,13,7,0,1,1,0,1,1,1,0,0,pass_dual_rap_contact;pass_conserved_motif,0.50421,0,
backbone_long,RAPCID_backbone_rapcid_backbone_100_model_2.cif.gz,/scratch/a2149a01/RAPCID_2610_output/backbone_long/RAPCID_backbone_rapcid_backbone_100_model_2.cif.gz,B,A,52,30,2.845,2.697,2.953,5,5,15,12,0.5556,118.63,chain1_F_chain2_E,0,2,1,0,2,1,0,3,0,1,11,10,1,1,1,1,1,1,1,1,1,,0.6206,1,466
backbone_long,RAPCID_backbone_rapcid_backbone_100_model_3.cif.gz,/scratch/a2149a01/RAPCID_2610_output/backbone_long/RAPCID_backbone_rapcid_backbone_100_model_3.cif.gz,B,A,52,30,2.894,2.819,2.958,4,6,13,16,0.4483,104.66,chain1_F_chain2_E,1,2,2,0,2,2,0,9,1,1,10,19,1,2,1,1,1,1,1,1,1,,0.6408,1,406
backbone_long,RAPCID_backbone_rapcid_backbone_100_model_4.cif.gz,/scratch/a2149a01/RAPCID_2610_output/backbone_long/RAPCID_backbone_rapcid_backbone_100_model_4.cif.gz,B,A,52,30,2.688,3.567,3.109,4,7,7,20,0.2593,108.42,chain1_F_chain2_E,0,3,2,0,3,2,0,6,0,1,11,10,0,1,1,1,1,1,1,0,0,pass_conserved_motif,0.58463,0,
backbone_long,RAPCID_backbone_rapcid_backbone_100_model_5.cif.gz,/scratch/a2149a01/RAPCID_2610_output/backbone_long/RAPCID_backbone_rapcid_backbone_100_model_5.cif.gz,B,A,52,30,2.576,2.553,2.971,4,5,13,13,0.5,123.44,chain1_F_chain2_E,0,2,2,0,2,2,0,3,0,0,9,10,1,1,1,1,1,1,1,1,1,,0.67075,1,307
backbone_long,RAPCID_backbone_rapcid_backbone_100_model_6.cif.gz,/scratch/a2149a01/RAPCID_2610_output/backbone_long/RAPCID_backbone_rapcid_backbone_100_model_6.cif.gz,B,A,52,30,3.001,3.362,2.069,4,6,12,16,0.4286,105.92,chain1_F_chain2_E,1,2,1,0,2,1,0,11,1,1,13,10,0,1,1,1,1,1,1,0,0,pass_conserved_motif,0.59854,0,
backbone_long,RAPCID_backbone_rapcid_backbone_100_model_7.cif.gz,/scratch/a2149a01/RAPCID_2610_output/backbone_long/RAPCID_backbone_rapcid_backbone_100_model_7.cif.gz,B,A,52,30,3.315,3.248,3.094,5,3,10,7,0.5882,123.5,chain1_F_chain2_E,0,3,1,0,3,1,0,3,0,0,14,9,0,1,1,1,1,1,1,0,0,pass_conserved_motif,0.63565,0,
backbone_long,RAPCID_backbone_rapcid_backbone_101_model_0.cif.gz,/scratch/a2149a01/RAPCID_2610_output/backbone_long/RAPCID_backbone_rapcid_backbone_101_model_0.cif.gz,A,B,47,23,7.658,2.774,3.185,4,5,15,24,0.3846,151.11,chain1_E_chain2_F,1,0,0,3,1,3,0,0,0,0,12,14,2,0,1,1,1,1,1,0,0,pass_conserved_motif,0.70182,0,
backbone_long,RAPCID_backbone_rapcid_backbone_101_model_1.cif.gz,/scratch/a2149a01/RAPCID_2610_output/backbone_long/RAPCID_backbone_rapcid_backbone_101_model_1.cif.gz,A,B,47,23,12.767,3.074,3.227,3,6,7,20,0.2593,146.52,chain1_E_chain2_F,2,0,0,3,2,3,0,0,0,0,8,14,1,0,1,1,1,1,1,0,0,pass_conserved_motif,0.66495,0,
backbone_long,RAPCID_backbone_rapcid_backbone_101_model_2.cif.gz,/scratch/a2149a01/RAPCID_2610_output/backbone_long/RAPCID_backbone_rapcid_backbone_101_model_2.cif.gz,A,B,47,23,10.184,3.404,3.241,2,5,3,16,0.1579,160.52,chain1_E_chain2_F,1,0,0,3,1,3,0,0,0,0,7,14,1,0,1,0,1,1,1,0,0,pass_dual_rap_contact;pass_conserved_motif,0.63238,0,
backbone_long,RAPCID_backbone_rapcid_backbone_101_model_3.cif.gz,/scratch/a2149a01/RAPCID_2610_output/backbone_long/RAPCID_backbone_rapcid_backbone_101_model_3.cif.gz,A,B,47,23,7.052,2.698,3.566,4,6,13,20,0.3939,148.45,chain1_E_chain2_F,1,0,0,3,1,3,0,0,0,0,10,15,2,0,1,1,1,1,1,0,0,pass_conserved_motif,0.69669,0,
backbone_long,RAPCID_backbone_rapcid_backbone_101_model_4.cif.gz,/scratch/a2149a01/RAPCID_2610_output/backbone_long/RAPCID_backbone_rapcid_backbone_101_model_4.cif.gz,A,B,47,23,9.01,2.565,3.242,2,5,9,26,0.2571,156.64,chain1_E_chain2_F,2,0,0,3,2,3,1,0,0,0,9,15,1,0,1,1,1,1,1,0,0,pass_conserved_motif,0.72643,0,
backbone_long,RAPCID_backbone_rapcid_backbone_101_model_5.cif.gz,/scratch/a2149a01/RAPCID_2610_output/backbone_long/RAPCID_backbone_rapcid_backbone_101_model_5.cif.gz,A,B,47,23,6.888,2.838,3.426,5,6,10,14,0.4167,155.78,chain1_E_chain2_F,1,0,0,3,1,3,0,0,0,0,12,15,1,0,1,1,1,1,1,0,0,pass_conserved_motif,0.73022,0,
backbone_long,RAPCID_backbone_rapcid_backbone_101_model_6.cif.gz,/scratch/a2149a01/RAPCID_2610_output/backbone_long/RAPCID_backbone_rapcid_backbone_101_model_6.cif.gz,A,B,47,23,10.114,2.872,3.532,3,6,9,16,0.36,148.23,chain1_E_chain2_F,1,0,0,3,1,3,0,0,0,0,11,14,2,0,1,1,1,1,1,0,0,pass_conserved_motif,0.68239,0,
backbone_long,RAPCID_backbone_rapcid_backbone_101_model_7.cif.gz,/scratch/a2149a01/RAPCID_2610_output/backbone_long/RAPCID_backbone_rapcid_backbone_101_model_7.cif.gz,A,B,47,23,11.327,2.945,3.392,2,5,3,18,0.1429,141.75,chain1_E_chain2_F,2,0,0,3,2,3,0,0,0,0,7,14,1,0,1,0,1,1,1,0,0,pass_dual_rap_contact;pass_conserved_motif,0.60249,0,
backbone_long,RAPCID_backbone_rapcid_backbone_102_model_0.cif.gz,/scratch/a2149a01/RAPCID_2610_output/backbone_long/RAPCID_backbone_rapcid_backbone_102_model_0.cif.gz,A,B,42,36,3.869,2.608,2.408,3,4,5,12,0.2941,120.61,chain1_E_chain2_F,2,0,0,2,2,2,0,1,0,0,8,10,1,0,1,1,1,1,1,0,0,pass_conserved_motif,0.56897,0,
backbone_long,RAPCID_backbone_rapcid_backbone_102_model_1.cif.gz,/scratch/a2149a01/RAPCID_2610_output/backbone_long/RAPCID_backbone_rapcid_backbone_102_model_1.cif.gz,A,B,42,36,4.218,3.088,2.744,4,9,21,32,0.3962,135.83,chain1_E_chain2_F,2,0,0,3,2,3,1,0,0,0,11,17,1,0,1,1,1,1,1,0,0,pass_conserved_motif,0.7127,0,
backbone_long,RAPCID_backbone_rapcid_backbone_102_model_2.cif.gz,/scratch/a2149a01/RAPCID_2610_output/backbone_long/RAPCID_backbone_rapcid_backbone_102_model_2.cif.gz,A,B,42,36,3.123,3.153,2.497,3,4,6,14,0.3,126.46,chain1_E_chain2_F,1,0,1,2,1,2,0,10,0,0,10,10,1,0,1,1,1,1,1,0,0,pass_conserved_motif,0.58725,0,
backbone_long,RAPCID_backbone_rapcid_backbone_102_model_3.cif.gz,/scratch/a2149a01/RAPCID_2610_output/backbone_long/RAPCID_backbone_rapcid_backbone_102_model_3.cif.gz,A,B,42,36,2.706,3.05,1.63,5,7,8,23,0.2581,109.0,chain1_E_chain2_F,1,0,1,3,1,3,0,4,0,0,10,11,1,2,0,1,1,1,1,1,0,pass_no_clash,0.53085,0,
backbone_long,RAPCID_backbone_rapcid_backbone_102_model_4.cif.gz,/scratch/a2149a01/RAPCID_2610_output/backbone_long/RAPCID_backbone_rapcid_backbone_102_model_4.cif.gz,A,B,42,36,3.04,3.219,2.278,3,4,8,13,0.381,126.6,chain1_E_chain2_F,1,0,0,2,1,2,0,9,0,1,9,9,1,0,1,1,1,1,1,0,0,pass_conserved_motif,0.64177,0,
backbone_long,RAPCID_backbone_rapcid_backbone_102_model_5.cif.gz,/scratch/a2149a01/RAPCID_2610_output/backbone_long/RAPCID_backbone_rapcid_backbone_102_model_5.cif.gz,A,B,42,36,3.644,2.805,2.85,5,5,15,14,0.5172,131.27,chain1_E_chain2_F,2,0,0,2,2,2,0,7,0,0,11,10,3,0,1,1,1,1,1,0,0,pass_conserved_motif,0.70996,0,
backbone_long,RAPCID_backbone_rapcid_backbone_102_model_6.cif.gz,/scratch/a2149a01/RAPCID_2610_output/backbone_long/RAPCID_backbone_rapcid_backbone_102_model_6.cif.gz,A,B,42,36,3.13,2.705,1.882,4,5,13,13,0.5,113.26,chain1_E_chain2_F,1,0,1,2,1,2,0,8,0,1,13,8,1,0,0,1,1,1,1,0,0,pass_no_clash;pass_conserved_motif,0.64992,0,
backbone_long,RAPCID_backbone_rapcid_backbone_102_model_7.cif.gz,/scratch/a2149a01/RAPCID_2610_output/backbone_long/RAPCID_backbone_rapcid_backbone_102_model_7.cif.gz,A,B,42,36,3.218,2.911,3.46,6,5,15,17,0.4688,135.63,chain1_E_chain2_F,3,0,0,3,3,3,0,4,0,0,10,11,1,0,1,1,1,1,1,0,0,pass_conserved_motif,0.76102,0,
backbone_long,RAPCID_backbone_rapcid_backbone_103_model_0.cif.gz,/scratch/a2149a01/RAPCID_2610_output/backbone_long/RAPCID_backbone_rapcid_backbone_103_model_0.cif.gz,A,B,47,26,12.514,2.263,3.489,4,5,15,15,0.5,162.6,chain1_E_chain2_F,2,0,0,3,2,3,0,0,0,0,9,15,2,0,1,1,1,1,1,0,0,pass_conserved_motif,0.79086,0,
backbone_long,RAPCID_backbone_rapcid_backbone_103_model_1.cif.gz,/scratch/a2149a01/RAPCID_2610_output/backbone_long/RAPCID_backbone_rapcid_backbone_103_model_1.cif.gz,A,B,47,26,9.518,3.019,3.003,4,5,11,16,0.4074,159.32,chain1_E_chain2_F,1,0,0,3,1,3,0,0,0,0,11,15,1,0,1,1,1,1,1,0,0,pass_conserved_motif,0.73617,0,
backbone_long,RAPCID_backbone_rapcid_backbone_103_model_2.cif.gz,/scratch/a2149a01/RAPCID_2610_output/backbone_long/RAPCID_backbone_rapcid_backbone_103_model_2.cif.gz,A,B,47,26,10.801,3.773,3.441,3,5,6,18,0.25,155.68,chain1_E_chain2_F,1,0,0,3,1,3,0,0,0,0,9,15,1,0,1,1,1,1,1,0,0,pass_conserved_motif,0.66322,0,
backbone_long,RAPCID_backbone_rapcid_backbone_103_model_3.cif.gz,/scratch/a2149a01/RAPCID_2610_output/backbone_long/RAPCID_backbone_rapcid_backbone_103_model_3.cif.gz,A,B,47,26,8.075,3.224,3.329,5,5,12,13,0.48,149.41,chain1_E_chain2_F,1,0,0,3,1,3,0,0,0,0,11,13,1,1,1,1,1,1,1,1,1,,0.73433,1,102
backbone_long,RAPCID_backbone_rapcid_backbone_103_model_4.cif.gz,/scratch/a2149a01/RAPCID_2610_output/backbone_long/RAPCID_backbone_rapcid_backbone_103_model_4.cif.gz,A,B,47,26,2.663,2.875,3.285,4,6,10,20,0.3333,155.81,chain1_E_chain2_F,1,0,0,3,1,3,0,1,0,0,10,15,2,0,1,1,1,1,1,0,0,pass_conserved_motif,0.70197,0,
backbone_long,RAPCID_backbone_rapcid_backbone_103_model_5.cif.gz,/scratch/a2149a01/RAPCID_2610_output/backbone_long/RAPCID_backbone_rapcid_backbone_103_model_5.cif.gz,A,B,47,26,9.14,3.072,3.783,4,6,9,12,0.4286,156.14,chain1_E_chain2_F,1,0,0,3,1,3,0,0,0,0,10,14,1,0,1,1,1,1,1,0,0,pass_conserved_motif,0.73617,0,
backbone_long,RAPCID_backbone_rapcid_backbone_103_model_6.cif.gz,/scratch/a2149a01/RAPCID_2610_output/backbone_long/RAPCID_backbone_rapcid_backbone_103_model_6.cif.gz,A,B,47,26,10.467,3.103,3.541,4,6,8,17,0.32,164.45,chain1_E_chain2_F,1,0,0,3,1,3,0,0,0,0,9,15,3,0,1,1,1,1,1,0,0,pass_conserved_motif,0.68411,0,
backbone_long,RAPCID_backbone_rapcid_backbone_103_model_7.cif.gz,/scratch/a2149a01/RAPCID_2610_output/backbone_long/RAPCID_backbone_rapcid_backbone_103_model_7.cif.gz,A,B,47,26,6.627,2.935,3.15,2,5,11,20,0.3548,139.4,chain1_E_chain2_F,1,0,0,3,1,3,0,0,0,0,11,15,1,0,1,1,1,1,1,0,0,pass_conserved_motif,0.65088,0,
backbone_long,RAPCID_backbone_rapcid_backbone_104_model_0.cif.gz,/scratch/a2149a01/RAPCID_2610_output/backbone_long/RAPCID_backbone_rapcid_backbone_104_model_0.cif.gz,B,A,45,37,9.964,3.435,3.0,5,4,20,11,0.6452,173.53,chain1_F_chain2_E,0,3,1,0,3,1,0,0,0,0,16,9,0,1,1,1,1,1,1,0,0,pass_conserved_motif,0.6678,0,
backbone_long,RAPCID_backbone_rapcid_backbone_104_model_1.cif.gz,/scratch/a2149a01/RAPCID_2610_output/backbone_long/RAPCID_backbone_rapcid_backbone_104_model_1.cif.gz,B,A,45,37,9.246,3.544,2.403,9,4,21,10,0.6774,160.65,chain1_F_chain2_E,0,3,1,0,3,1,0,0,0,0,16,9,0,1,1,1,1,1,1,0,0,pass_conserved_motif,0.69781,0,
backbone_long,RAPCID_backbone_rapcid_backbone_104_model_2.cif.gz,/scratch/a2149a01/RAPCID_2610_output/backbone_long/RAPCID_backbone_rapcid_backbone_104_model_2.cif.gz,B,A,45,37,14.925,3.423,3.454,6,4,17,8,0.68,173.18,chain1_F_chain2_E,0,3,1,0,3,1,0,0,0,0,16,7,0,2,1,1,1,1,1,0,0,pass_conserved_motif,0.65504,0,
backbone_long,RAPCID_backbone_rapcid_backbone_104_model_3.cif.gz,/scratch/a2149a01/RAPCID_2610_output/backbone_long/RAPCID_backbone_rapcid_backbone_104_model_3.cif.gz,B,A,45,37,6.316,3.476,2.988,5,4,18,13,0.5806,166.32,chain1_F_chain2_E,0,3,1,0,3,1,0,0,0,0,16,11,0,1,1,1,1,1,1,0,0,pass_conserved_motif,0.71764,0,
backbone_long,RAPCID_backbone_rapcid_backbone_104_model_4.cif.gz,/scratch/a2149a01/RAPCID_2610_output/backbone_long/RAPCID_backbone_rapcid_backbone_104_model_4.cif.gz,B,A,45,37,11.071,3.236,2.337,6,4,12,15,0.4444,161.13,chain1_F_chain2_E,0,3,1,0,3,1,0,0,0,0,14,10,0,2,1,1,1,1,1,0,0,pass_conserved_motif,0.74496,0,
backbone_long,RAPCID_backbone_rapcid_backbone_104_model_5.cif.gz,/scratch/a2149a01/RAPCID_2610_output/backbone_long/RAPCID_backbone_rapcid_backbone_104_model_5.cif.gz,B,A,45,37,3.002,3.873,3.43,8,4,9,10,0.4737,119.9,chain1_F_chain2_E,1,2,1,0,2,1,0,5,1,1,13,11,0,1,1,1,1,1,1,0,0,pass_conserved_motif,0.66319,0,
backbone_long,RAPCID_backbone_rapcid_backbone_104_model_6.cif.gz,/scratch/a2149a01/RAPCID_2610_output/backbone_long/RAPCID_backbone_rapcid_backbone_104_model_6.cif.gz,B,A,45,37,3.171,3.234,2.722,6,3,14,14,0.5,111.47,chain1_F_chain2_E,1,3,2,0,3,2,0,2,2,1,14,10,0,1,1,1,1,1,1,0,0,pass_conserved_motif,0.70441,0,
backbone_long,RAPCID_backbone_rapcid_backbone_104_model_7.cif.gz,/scratch/a2149a01/RAPCID_2610_output/backbone_long/RAPCID_backbone_rapcid_backbone_104_model_7.cif.gz,B,A,45,37,13.312,3.63,3.522,6,3,16,6,0.7273,162.85,chain1_F_chain2_E,0,3,1,0,3,1,0,0,0,0,16,9,0,2,1,1,1,1,1,0,0,pass_conserved_motif,0.67054,0,
backbone_long,RAPCID_backbone_rapcid_backbone_105_model_0.cif.gz,/scratch/a2149a01/RAPCID_2610_output/backbone_long/RAPCID_backbone_rapcid_backbone_105_model_0.cif.gz,B,A,41,39,6.146,3.219,2.809,7,2,15,5,0.75,132.72,chain1_F_chain2_E,1,3,1,0,3,1,0,0,0,0,15,8,0,1,1,1,1,1,1,0,0,pass_conserved_motif,0.58667,0,
backbone_long,RAPCID_backbone_rapcid_backbone_105_model_1.cif.gz,/scratch/a2149a01/RAPCID_2610_output/backbone_long/RAPCID_backbone_rapcid_backbone_105_model_1.cif.gz,B,A,41,39,9.009,3.541,3.091,6,3,17,6,0.7391,160.95,chain1_F_chain2_E,0,3,1,0,3,1,0,0,0,0,15,9,0,1,1,1,1,1,1,0,0,pass_conserved_motif,0.67212,0,
backbone_long,RAPCID_backbone_rapcid_backbone_105_model_2.cif.gz,/scratch/a2149a01/RAPCID_2610_output/backbone_long/RAPCID_backbone_rapcid_backbone_105_model_2.cif.gz,B,A,41,39,10.15,3.39,3.053,5,4,14,11,0.56,163.24,chain1_F_chain2_E,0,3,2,0,3,2,0,0,0,0,16,10,0,1,1,1,1,1,1,0,0,pass_conserved_motif,0.76472,0,
backbone_long,RAPCID_backbone_rapcid_backbone_105_model_3.cif.gz,/scratch/a2149a01/RAPCID_2610_output/backbone_long/RAPCID_backbone_rapcid_backbone_105_model_3.cif.gz,B,A,41,39,10.6,2.69,2.236,5,4,27,15,0.6429,137.22,chain1_F_chain2_E,0,3,3,0,3,3,0,0,0,0,15,9,0,2,1,1,1,1,1,0,0,pass_conserved_motif,0.70168,0,
backbone_long,RAPCID_backbone_rapcid_backbone_105_model_4.cif.gz,/scratch/a2149a01/RAPCID_2610_output/backbone_long/RAPCID_backbone_rapcid_backbone_105_model_4.cif.gz,B,A,41,39,3.431,3.139,2.851,5,7,21,15,0.5833,128.68,chain1_F_chain2_E,0,3,1,0,3,1,0,6,1,0,15,11,0,1,1,1,1,1,1,0,0,pass_conserved_motif,0.68657,0,
backbone_long,RAPCID_backbone_rapcid_backbone_105_model_5.cif.gz,/scratch/a2149a01/RAPCID_2610_output/backbone_long/RAPCID_backbone_rapcid_backbone_105_model_5.cif.gz,B,A,41,39,7.427,3.32,2.438,5,3,17,11,0.6071,164.68,chain1_F_chain2_E,0,3,1,0,3,1,0,0,0,0,15,11,0,1,1,1,1,1,1,0,0,pass_conserved_motif,0.71251,0,
backbone_long,RAPCID_backbone_rapcid_backbone_105_model_6.cif.gz,/scratch/a2149a01/RAPCID_2610_output/backbone_long/RAPCID_backbone_rapcid_backbone_105_model_6.cif.gz,B,A,41,39,4.466,3.181,3.05,5,4,16,17,0.4848,156.48,chain1_F_chain2_E,0,3,1,0,3,1,0,0,0,0,16,12,0,1,1,1,1,1,1,0,0,pass_conserved_motif,0.75983,0,
backbone_long,RAPCID_backbone_rapcid_backbone_105_model_7.cif.gz,/scratch/a2149a01/RAPCID_2610_output/backbone_long/RAPCID_backbone_rapcid_backbone_105_model_7.cif.gz,B,A,41,39,3.824,3.256,2.456,6,3,22,13,0.6286,140.5,chain1_F_chain2_E,0,3,2,0,3,2,0,2,0,0,16,10,1,1,1,1,1,1,1,1,1,,0.69976,1,197
backbone_long,RAPCID_backbone_rapcid_backbone_106_model_0.cif.gz,/scratch/a2149a01/RAPCID_2610_output/backbone_long/RAPCID_backbone_rapcid_backbone_106_model_0.cif.gz,A,B,41,29,10.14,2.713,2.72,2,8,5,31,0.1389,133.31,chain1_E_chain2_F,1,0,1,3,1,3,0,0,0,0,7,21,1,0,1,1,1,1,1,0,0,pass_conserved_motif,0.54419,0,
backbone_long,RAPCID_backbone_rapcid_backbone_106_model_1.cif.gz,/scratch/a2149a01/RAPCID_2610_output/backbone_long/RAPCID_backbone_rapcid_backbone_106_model_1.cif.gz,A,B,41,29,12.927,3.079,3.762,3,5,6,11,0.3529,164.78,chain1_E_chain2_F,1,0,0,3,1,3,0,0,0,0,9,16,1,0,1,1,1,1,1,0,0,pass_conserved_motif,0.69619,0,
backbone_long,RAPCID_backbone_rapcid_backbone_106_model_2.cif.gz,/scratch/a2149a01/RAPCID_2610_output/backbone_long/RAPCID_backbone_rapcid_backbone_106_model_2.cif.gz,A,B,41,29,10.168,2.911,2.983,4,5,11,16,0.4074,155.47,chain1_E_chain2_F,1,0,0,3,1,3,0,0,0,0,9,15,1,0,1,1,1,1,1,0,0,pass_conserved_motif,0.72549,0,
backbone_long,RAPCID_backbone_rapcid_backbone_106_model_3.cif.gz,/scratch/a2149a01/RAPCID_2610_output/backbone_long/RAPCID_backbone_rapcid_backbone_106_model_3.cif.gz,A,B,41,29,11.977,2.62,2.961,4,5,10,17,0.3704,159.89,chain1_E_chain2_F,2,0,0,3,2,3,0,0,0,0,8,16,1,0,1,1,1,1,1,0,0,pass_conserved_motif,0.74803,0,
backbone_long,RAPCID_backbone_rapcid_backbone_106_model_4.cif.gz,/scratch/a2149a01/RAPCID_2610_output/backbone_long/RAPCID_backbone_rapcid_backbone_106_model_4.cif.gz,A,B,41,29,7.279,2.952,3.031,5,5,13,17,0.4333,135.81,chain1_E_chain2_F,2,0,0,3,2,3,0,0,0,0,14,15,1,0,1,1,1,1,1,0,0,pass_conserved_motif,0.69889,0,
backbone_long,RAPCID_backbone_rapcid_backbone_106_model_5.cif.gz,/scratch/a2149a01/RAPCID_2610_output/backbone_long/RAPCID_backbone_rapcid_backbone_106_model_5.cif.gz,A,B,41,29,4.859,2.978,3.398,5,5,11,15,0.4231,142.97,chain1_E_chain2_F,1,0,0,3,1,3,0,0,0,0,11,15,1,0,1,1,1,1,1,0,0,pass_conserved_motif,0.69008,0,
backbone_long,RAPCID_backbone_rapcid_backbone_106_model_6.cif.gz,/scratch/a2149a01/RAPCID_2610_output/backbone_long/RAPCID_backbone_rapcid_backbone_106_model_6.cif.gz,A,B,41,29,4.053,2.428,3.534,8,8,20,18,0.5263,139.8,chain1_E_chain2_F,1,0,0,3,1,3,0,0,0,0,12,18,1,0,1,1,1,1,1,0,0,pass_conserved_motif,0.69977,0,
backbone_long,RAPCID_backbone_rapcid_backbone_106_model_7.cif.gz,/scratch/a2149a01/RAPCID_2610_output/backbone_long/RAPCID_backbone_rapcid_backbone_106_model_7.cif.gz,A,B,41,29,3.493,3.029,3.334,6,4,18,13,0.5806,146.16,chain1_E_chain2_F,1,0,0,2,1,2,0,2,1,1,14,16,1,0,1,1,1,1,1,0,0,pass_conserved_motif,0.71399,0,
backbone_long,RAPCID_backbone_rapcid_backbone_107_model_0.cif.gz,/scratch/a2149a01/RAPCID_2610_output/backbone_long/RAPCID_backbone_rapcid_backbone_107_model_0.cif.gz,A,B,40,25,7.415,2.734,3.034,6,6,15,25,0.375,164.86,chain1_E_chain2_F,1,0,0,3,1,3,0,0,0,0,16,15,2,0,1,1,1,1,1,0,0,pass_conserved_motif,0.70474,0,
backbone_long,RAPCID_backbone_rapcid_backbone_107_model_1.cif.gz,/scratch/a2149a01/RAPCID_2610_output/backbone_long/RAPCID_backbone_rapcid_backbone_107_model_1.cif.gz,A,B,40,25,12.086,2.964,3.028,3,5,8,24,0.25,149.84,chain1_E_chain2_F,2,0,0,3,2,3,0,0,0,0,8,13,1,0,1,1,1,1,1,0,0,pass_conserved_motif,0.67231,0,
backbone_long,RAPCID_backbone_rapcid_backbone_107_model_2.cif.gz,/scratch/a2149a01/RAPCID_2610_output/backbone_long/RAPCID_backbone_rapcid_backbone_107_model_2.cif.gz,A,B,40,25,10.022,2.474,3.506,5,5,18,17,0.5143,160.8,chain1_E_chain2_F,2,0,0,3,2,3,0,0,0,0,13,15,1,0,1,1,1,1,1,0,0,pass_conserved_motif,0.79113,0,
backbone_long,RAPCID_backbone_rapcid_backbone_107_model_3.cif.gz,/scratch/a2149a01/RAPCID_2610_output/backbone_long/RAPCID_backbone_rapcid_backbone_107_model_3.cif.gz,A,B,40,25,8.699,3.224,3.133,4,5,9,17,0.3462,159.61,chain1_E_chain2_F,1,0,0,3,1,3,0,0,0,0,9,14,1,0,1,1,1,1,1,0,0,pass_conserved_motif,0.7107,0,
backbone_long,RAPCID_backbone_rapcid_backbone_107_model_4.cif.gz,/scratch/a2149a01/RAPCID_2610_output/backbone_long/RAPCID_backbone_rapcid_backbone_107_model_4.cif.gz,A,B,40,25,9.291,2.827,3.494,4,5,20,14,0.5882,152.53,chain1_E_chain2_F,2,0,0,3,2,3,0,0,0,0,11,15,2,0,1,1,1,1,1,0,0,pass_conserved_motif,0.74599,0,
backbone_long,RAPCID_backbone_rapcid_backbone_107_model_5.cif.gz,/scratch/a2149a01/RAPCID_2610_output/backbone_long/RAPCID_backbone_rapcid_backbone_107_model_5.cif.gz,A,B,40,25,8.262,3.169,3.506,3,6,8,16,0.3333,153.21,chain1_E_chain2_F,1,0,0,3,1,3,0,0,0,0,9,14,1,1,1,1,1,1,1,1,1,,0.68833,1,246
backbone_long,RAPCID_backbone_rapcid_backbone_107_model_6.cif.gz,/scratch/a2149a01/RAPCID_2610_output/backbone_long/RAPCID_backbone_rapcid_backbone_107_model_6.cif.gz,A,B,40,25,9.657,2.334,3.526,4,6,12,13,0.48,157.5,chain1_E_chain2_F,1,0,0,3,1,3,0,0,0,0,11,14,1,1,1,1,1,1,1,1,1,,0.76129,1,45
backbone_long,RAPCID_backbone_rapcid_backbone_107_model_7.cif.gz,/scratch/a2149a01/RAPCID_2610_output/backbone_long/RAPCID_backbone_rapcid_backbone_107_model_7.cif.gz,A,B,40,25,11.28,2.968,3.158,2,6,4,21,0.16,173.12,chain1_E_chain2_F,1,0,0,3,1,3,0,0,0,0,8,15,1,0,1,1,1,1,1,0,0,pass_conserved_motif,0.59123,0,
backbone_long,RAPCID_backbone_rapcid_backbone_108_model_0.cif.gz,/scratch/a2149a01/RAPCID_2610_output/backbone_long/RAPCID_backbone_rapcid_backbone_108_model_0.cif.gz,A,B,43,35,8.657,2.827,3.539,4,6,11,16,0.4074,157.04,chain1_E_chain2_F,1,0,0,3,1,3,0,0,0,0,9,15,1,0,1,1,1,1,1,0,0,pass_conserved_motif,0.73073,0,
backbone_long,RAPCID_backbone_rapcid_backbone_108_model_1.cif.gz,/scratch/a2149a01/RAPCID_2610_output/backbone_long/RAPCID_backbone_rapcid_backbone_108_model_1.cif.gz,A,B,43,35,4.005,2.392,3.396,5,5,18,15,0.5455,157.61,chain1_E_chain2_F,2,0,0,3,2,3,0,0,0,0,14,16,1,0,1,1,1,1,1,0,0,pass_conserved_motif,0.78003,0,
backbone_long,RAPCID_backbone_rapcid_backbone_108_model_2.cif.gz,/scratch/a2149a01/RAPCID_2610_output/backbone_long/RAPCID_backbone_rapcid_backbone_108_model_2.cif.gz,A,B,43,35,10.408,2.584,3.433,2,4,6,13,0.3158,168.99,chain1_E_chain2_F,1,0,0,2,1,2,0,0,0,0,9,14,1,0,1,1,1,1,1,0,0,pass_conserved_motif,0.63872,0,
backbone_long,RAPCID_backbone_rapcid_backbone_108_model_3.cif.gz,/scratch/a2149a01/RAPCID_2610_output/backbone_long/RAPCID_backbone_rapcid_backbone_108_model_3.cif.gz,A,B,43,35,12.453,3.078,3.491,6,5,15,12,0.5556,156.51,chain1_E_chain2_F,2,0,0,3,2,3,0,0,0,0,10,15,1,0,1,1,1,1,1,0,0,pass_conserved_motif,0.77232,0,
backbone_long,RAPCID_backbone_rapcid_backbone_108_model_4.cif.gz,/scratch/a2149a01/RAPCID_2610_output/backbone_long/RAPCID_backbone_rapcid_backbone_108_model_4.cif.gz,A,B,43,35,10.376,2.468,3.549,5,6,11,16,0.4074,158.77,chain1_E_chain2_F,2,0,0,3,2,3,0,0,0,0,12,15,1,0,1,1,1,1,1,0,0,pass_conserved_motif,0.76504,0,
backbone_long,RAPCID_backbone_rapcid_backbone_108_model_5.cif.gz,/scratch/a2149a01/RAPCID_2610_output/backbone_long/RAPCID_backbone_rapcid_backbone_108_model_5.cif.gz,A,B,43,35,9.963,2.935,3.725,3,5,7,10,0.4118,158.19,chain1_E_chain2_F,1,0,0,3,1,3,0,0,0,0,8,14,2,1,1,1,1,1,1,1,1,,0.7363,1,96
backbone_long,RAPCID_backbone_rapcid_backbone_108_model_6.cif.gz,/scratch/a2149a01/RAPCID_2610_output/backbone_long/RAPCID_backbone_rapcid_backbone_108_model_6.cif.gz,A,B,43,35,9.41,3.207,3.211,4,6,7,18,0.28,158.96,chain1_E_chain2_F,1,0,0,3,1,3,0,0,0,0,9,16,1,0,1,1,1,1,1,0,0,pass_conserved_motif,0.68615,0,
backbone_long,RAPCID_backbone_rapcid_backbone_108_model_7.cif.gz,/scratch/a2149a01/RAPCID_2610_output/backbone_long/RAPCID_backbone_rapcid_backbone_108_model_7.cif.gz,A,B,43,35,3.428,2.066,3.338,6,7,15,19,0.4412,142.53,chain1_E_chain2_F,1,0,0,3,1,3,0,5,0,0,11,19,1,0,1,1,1,1,1,0,0,pass_conserved_motif,0.72086,0,
backbone_long,RAPCID_backbone_rapcid_backbone_109_model_0.cif.gz,/scratch/a2149a01/RAPCID_2610_output/backbone_long/RAPCID_backbone_rapcid_backbone_109_model_0.cif.gz,A,B,50,34,10.262,2.932,3.317,5,6,12,22,0.3529,164.62,chain1_E_chain2_F,2,0,0,3,2,3,0,0,0,0,10,15,2,0,1,1,1,1,1,0,0,pass_conserved_motif,0.72531,0,
backbone_long,RAPCID_backbone_rapcid_backbone_109_model_1.cif.gz,/scratch/a2149a01/RAPCID_2610_output/backbone_long/RAPCID_backbone_rapcid_backbone_109_model_1.cif.gz,A,B,50,34,9.373,2.083,3.232,5,5,11,19,0.3667,156.13,chain1_E_chain2_F,1,0,0,3,1,3,0,0,0,0,11,16,1,0,1,1,1,1,1,0,0,pass_conserved_motif,0.71138,0,
backbone_long,RAPCID_backbone_rapcid_backbone_109_model_2.cif.gz,/scratch/a2149a01/RAPCID_2610_output/backbone_long/RAPCID_backbone_rapcid_backbone_109_model_2.cif.gz,A,B,50,34,3.319,2.825,2.477,5,4,10,12,0.4545,112.68,chain1_E_chain2_F,1,0,0,2,1,2,0,9,0,1,10,9,1,0,1,1,1,1,1,0,0,pass_conserved_motif,0.6248,0,
backbone_long,RAPCID_backbone_rapcid_backbone_109_model_3.cif.gz,/scratch/a2149a01/RAPCID_2610_output/backbone_long/RAPCID_backbone_rapcid_backbone_109_model_3.cif.gz,A,B,50,34,4.876,2.561,3.254,5,6,13,17,0.4333,173.17,chain1_E_chain2_F,1,0,0,2,1,2,1,0,0,0,10,17,1,1,1,1,1,1,1,1,1,,0.70038,1,194
backbone_long,RAPCID_backbone_rapcid_backbone_109_model_4.cif.gz,/scratch/a2149a01/RAPCID_2610_output/backbone_long/RAPCID_backbone_rapcid_backbone_109_model_4.cif.gz,A,B,50,34,10.336,2.413,3.6,5,6,15,13,0.5357,154.29,chain1_E_chain2_F,1,0,0,3,1,3,0,0,0,0,10,14,2,0,1,1,1,1,1,0,0,pass_conserved_motif,0.7443,0,
backbone_long,RAPCID_backbone_rapcid_backbone_109_model_5.cif.gz,/scratch/a2149a01/RAPCID_2610_output/backbone_long/RAPCID_backbone_rapcid_backbone_109_model_5.cif.gz,A,B,50,34,12.132,3.263,3.234,3,5,4,21,0.16,165.78,chain1_E_chain2_F,1,0,0,3,1,3,0,0,0,0,9,15,1,0,1,1,1,1,1,0,0,pass_conserved_motif,0.61569,0,
backbone_long,RAPCID_backbone_rapcid_backbone_109_model_6.cif.gz,/scratch/a2149a01/RAPCID_2610_output/backbone_long/RAPCID_backbone_rapcid_backbone_109_model_6.cif.gz,A,B,50,34,3.028,3.166,3.334,5,6,18,14,0.5625,164.22,chain1_E_chain2_F,2,0,0,3,2,3,1,4,0,0,12,15,1,1,1,1,1,1,1,1,1,,0.80904,1,5
backbone_long,RAPCID_backbone_rapcid_backbone_109_model_7.cif.gz,/scratch/a2149a01/RAPCID_2610_output/backbone_long/RAPCID_backbone_rapcid_backbone_109_model_7.cif.gz,A,B,50,34,9.799,3.197,3.049,5,5,12,16,0.4286,162.98,chain1_E_chain2_F,1,0,0,3,1,3,0,0,0,0,10,16,1,0,1,1,1,1,1,0,0,pass_conserved_motif,0.73244,0,
backbone_long,RAPCID_backbone_rapcid_backbone_10_model_0.cif.gz,/scratch/a2149a01/RAPCID_2610_output/backbone_long/RAPCID_backbone_rapcid_backbone_10_model_0.cif.gz,B,A,52,35,3.109,2.502,2.597,5,4,16,15,0.5161,120.5,chain1_F_chain2_E,1,2,2,0,2,2,1,6,0,1,11,9,0,2,1,1,1,1,1,0,0,pass_conserved_motif,0.71475,0,
backbone_long,RAPCID_backbone_rapcid_backbone_10_model_1.cif.gz,/scratch/a2149a01/RAPCID_2610_output/backbone_long/RAPCID_backbone_rapcid_backbone_10_model_1.cif.gz,B,A,52,35,4.573,2.322,3.415,3,3,12,7,0.6316,135.36,chain1_F_chain2_E,0,2,1,0,2,1,0,0,0,0,9,7,0,1,1,1,1,1,1,0,0,pass_conserved_motif,0.61429,0,
backbone_long,RAPCID_backbone_rapcid_backbone_10_model_2.cif.gz,/scratch/a2149a01/RAPCID_2610_output/backbone_long/RAPCID_backbone_rapcid_backbone_10_model_2.cif.gz,B,A,52,35,3.049,3.367,3.31,5,3,16,5,0.7619,143.24,chain1_F_chain2_E,0,3,1,0,3,1,0,5,0,0,14,9,0,1,1,1,1,1,1,0,0,pass_conserved_motif,0.642,0,
backbone_long,RAPCID_backbone_rapcid_backbone_10_model_3.cif.gz,/scratch/a2149a01/RAPCID_2610_output/backbone_long/RAPCID_backbone_rapcid_backbone_10_model_3.cif.gz,B,A,52,35,3.34,2.78,2.668,6,5,13,12,0.52,120.89,chain1_F_chain2_E,1,2,1,0,2,1,0,5,0,0,9,11,0,1,1,1,1,1,1,0,0,pass_conserved_motif,0.63569,0,
backbone_long,RAPCID_backbone_rapcid_backbone_10_model_4.cif.gz,/scratch/a2149a01/RAPCID_2610_output/backbone_long/RAPCID_backbone_rapcid_backbone_10_model_4.cif.gz,B,A,52,35,3.76,3.561,3.069,4,6,9,14,0.3913,131.22,chain1_F_chain2_E,0,2,0,0,2,0,0,2,1,1,10,11,0,1,1,1,1,1,1,0,0,pass_conserved_motif,0.6244,0,
backbone_long,RAPCID_backbone_rapcid_backbone_10_model_5.cif.gz,/scratch/a2149a01/RAPCID_2610_output/backbone_long/RAPCID_backbone_rapcid_backbone_10_model_5.cif.gz,B,A,52,35,3.16,3.335,2.375,5,3,13,6,0.6842,133.5,chain1_F_chain2_E,1,3,1,0,3,1,0,5,0,0,15,8,0,2,1,1,1,1,1,0,0,pass_conserved_motif,0.6406,0,
backbone_long,RAPCID_backbone_rapcid_backbone_10_model_6.cif.gz,/scratch/a2149a01/RAPCID_2610_output/backbone_long/RAPCID_backbone_rapcid_backbone_10_model_6.cif.gz,B,A,52,35,3.594,3.517,2.83,4,4,7,11,0.3889,126.05,chain1_F_chain2_E,0,3,1,0,3,1,0,3,0,0,12,10,0,1,1,1,1,1,1,0,0,pass_conserved_motif,0.63499,0,
backbone_long,RAPCID_backbone_rapcid_backbone_10_model_7.cif.gz,/scratch/a2149a01/RAPCID_2610_output/backbone_long/RAPCID_backbone_rapcid_backbone_10_model_7.cif.gz,B,A,52,35,4.83,3.83,3.158,5,2,12,7,0.6316,115.39,chain1_F_chain2_E,0,2,2,0,2,2,0,0,0,0,13,7,1,2,1,1,1,1,1,1,1,,0.57628,1,557
backbone_long,RAPCID_backbone_rapcid_backbone_110_model_0.cif.gz,/scratch/a2149a01/RAPCID_2610_output/backbone_long/RAPCID_backbone_rapcid_backbone_110_model_0.cif.gz,A,B,44,40,10.992,3.352,3.003,2,6,5,19,0.2083,170.72,chain1_E_chain2_F,1,0,0,3,1,3,0,0,0,0,8,16,1,0,1,1,1,1,1,0,0,pass_conserved_motif,0.61855,0,
backbone_long,RAPCID_backbone_rapcid_backbone_110_model_1.cif.gz,/scratch/a2149a01/RAPCID_2610_output/backbone_long/RAPCID_backbone_rapcid_backbone_110_model_1.cif.gz,A,B,44,40,8.548,3.031,3.348,4,6,9,17,0.3462,155.49,chain1_E_chain2_F,1,0,0,3,1,3,0,0,0,0,9,15,1,0,1,1,1,1,1,0,0,pass_conserved_motif,0.70104,0,
backbone_long,RAPCID_backbone_rapcid_backbone_110_model_2.cif.gz,/scratch/a2149a01/RAPCID_2610_output/backbone_long/RAPCID_backbone_rapcid_backbone_110_model_2.cif.gz,A,B,44,40,8.149,2.909,3.455,4,5,12,12,0.5,144.88,chain1_E_chain2_F,2,0,0,3,2,3,0,0,0,0,10,14,1,0,1,1,1,1,1,0,0,pass_conserved_motif,0.7558,0,
backbone_long,RAPCID_backbone_rapcid_backbone_110_model_3.cif.gz,/scratch/a2149a01/RAPCID_2610_output/backbone_long/RAPCID_backbone_rapcid_backbone_110_model_3.cif.gz,A,B,44,40,9.819,3.022,2.86,3,6,7,26,0.2121,167.98,chain1_E_chain2_F,1,0,0,3,1,3,1,0,0,0,8,16,1,0,1,1,1,1,1,0,0,pass_conserved_motif,0.65776,0,
backbone_long,RAPCID_backbone_rapcid_backbone_110_model_4.cif.gz,/scratch/a2149a01/RAPCID_2610_output/backbone_long/RAPCID_backbone_rapcid_backbone_110_model_4.cif.gz,A,B,44,40,8.541,2.615,3.349,4,6,11,15,0.4231,159.16,chain1_E_chain2_F,2,0,0,3,2,3,1,0,0,0,11,17,1,0,1,1,1,1,1,0,0,pass_conserved_motif,0.80013,0,
backbone_long,RAPCID_backbone_rapcid_backbone_110_model_5.cif.gz,/scratch/a2149a01/RAPCID_2610_output/backbone_long/RAPCID_backbone_rapcid_backbone_110_model_5.cif.gz,A,B,44,40,11.228,3.385,3.559,3,5,8,14,0.3636,143.69,chain1_E_chain2_F,2,0,0,3,2,3,0,0,0,0,8,16,1,0,1,1,1,1,1,0,0,pass_conserved_motif,0.69726,0,
backbone_long,RAPCID_backbone_rapcid_backbone_110_model_6.cif.gz,/scratch/a2149a01/RAPCID_2610_output/backbone_long/RAPCID_backbone_rapcid_backbone_110_model_6.cif.gz,A,B,44,40,10.881,3.691,3.176,3,6,7,24,0.2258,168.79,chain1_E_chain2_F,1,0,0,3,1,3,0,0,0,0,7,16,1,0,1,1,1,1,1,0,0,pass_conserved_motif,0.63199,0,
backbone_long,RAPCID_backbone_rapcid_backbone_110_model_7.cif.gz,/scratch/a2149a01/RAPCID_2610_output/backbone_long/RAPCID_backbone_rapcid_backbone_110_model_7.cif.gz,A,B,44,40,4.113,2.707,3.21,3,7,7,18,0.28,166.75,chain1_E_chain2_F,1,0,0,3,1,3,0,0,0,0,8,17,1,0,1,1,1,1,1,0,0,pass_conserved_motif,0.66046,0,
backbone_long,RAPCID_backbone_rapcid_backbone_111_model_0.cif.gz,/scratch/a2149a01/RAPCID_2610_output/backbone_long/RAPCID_backbone_rapcid_backbone_111_model_0.cif.gz,A,B,42,33,3.234,2.799,2.682,4,5,16,13,0.5517,110.96,chain1_E_chain2_F,1,0,0,2,1,2,0,5,1,1,10,10,2,0,1,1,1,1,1,0,0,pass_conserved_motif,0.62324,0,
backbone_long,RAPCID_backbone_rapcid_backbone_111_model_1.cif.gz,/scratch/a2149a01/RAPCID_2610_output/backbone_long/RAPCID_backbone_rapcid_backbone_111_model_1.cif.gz,A,B,42,33,7.525,2.523,2.909,5,4,12,12,0.5,137.73,chain1_E_chain2_F,1,0,0,3,1,3,0,0,0,0,9,13,1,2,1,1,1,1,1,1,1,,0.70338,1,185
backbone_long,RAPCID_backbone_rapcid_backbone_111_model_2.cif.gz,/scratch/a2149a01/RAPCID_2610_output/backbone_long/RAPCID_backbone_rapcid_backbone_111_model_2.cif.gz,A,B,42,33,2.781,2.996,2.698,3,8,5,34,0.1282,140.79,chain1_E_chain2_F,1,0,1,3,1,3,1,5,0,0,9,17,2,0,1,1,1,1,1,0,0,pass_conserved_motif,0.61845,0,
backbone_long,RAPCID_backbone_rapcid_backbone_111_model_3.cif.gz,/scratch/a2149a01/RAPCID_2610_output/backbone_long/RAPCID_backbone_rapcid_backbone_111_model_3.cif.gz,A,B,42,33,7.352,1.963,2.273,4,4,10,13,0.4348,115.38,chain1_E_chain2_F,1,0,0,2,1,2,0,0,0,0,9,9,2,0,0,1,1,1,1,0,0,pass_no_clash;pass_conserved_motif,0.57421,0,
backbone_long,RAPCID_backbone_rapcid_backbone_111_model_4.cif.gz,/scratch/a2149a01/RAPCID_2610_output/backbone_long/RAPCID_backbone_rapcid_backbone_111_model_4.cif.gz,A,B,42,33,3.68,3.547,3.102,6,7,9,18,0.3333,143.5,chain1_E_chain2_F,1,0,1,3,1,3,0,3,0,0,13,15,1,0,1,1,1,1,1,0,0,pass_conserved_motif,0.67097,0,
backbone_long,RAPCID_backbone_rapcid_backbone_111_model_5.cif.gz,/scratch/a2149a01/RAPCID_2610_output/backbone_long/RAPCID_backbone_rapcid_backbone_111_model_5.cif.gz,A,B,42,33,3.404,2.662,2.203,5,5,15,14,0.5172,113.61,chain1_E_chain2_F,1,0,0,2,1,2,0,7,0,0,16,9,1,0,1,1,1,1,1,0,0,pass_conserved_motif,0.62251,0,
backbone_long,RAPCID_backbone_rapcid_backbone_111_model_6.cif.gz,/scratch/a2149a01/RAPCID_2610_output/backbone_long/RAPCID_backbone_rapcid_backbone_111_model_6.cif.gz,A,B,42,33,3.147,2.825,2.732,4,5,10,12,0.4545,140.38,chain1_E_chain2_F,1,0,0,2,1,2,0,3,0,0,10,11,1,0,1,1,1,1,1,0,0,pass_conserved_motif,0.68047,0,
backbone_long,RAPCID_backbone_rapcid_backbone_111_model_7.cif.gz,/scratch/a2149a01/RAPCID_2610_output/backbone_long/RAPCID_backbone_rapcid_backbone_111_model_7.cif.gz,A,B,42,33,5.61,3.54,3.277,4,8,12,20,0.375,160.7,chain1_E_chain2_F,1,0,0,3,1,3,1,0,0,0,9,17,1,0,1,1,1,1,1,0,0,pass_conserved_motif,0.74718,0,
backbone_long,RAPCID_backbone_rapcid_backbone_112_model_0.cif.gz,/scratch/a2149a01/RAPCID_2610_output/backbone_long/RAPCID_backbone_rapcid_backbone_112_model_0.cif.gz,B,A,42,31,12.799,3.437,3.247,6,2,18,8,0.6923,176.87,chain1_F_chain2_E,0,3,2,0,3,2,0,0,0,0,14,6,0,1,1,1,1,1,1,0,0,pass_conserved_motif,0.66636,0,
backbone_long,RAPCID_backbone_rapcid_backbone_112_model_1.cif.gz,/scratch/a2149a01/RAPCID_2610_output/backbone_long/RAPCID_backbone_rapcid_backbone_112_model_1.cif.gz,B,A,42,31,8.649,2.704,3.597,5,4,13,12,0.52,131.99,chain1_F_chain2_E,0,3,1,0,3,1,0,0,0,0,12,12,1,2,1,1,1,1,1,1,1,,0.67627,1,282
backbone_long,RAPCID_backbone_rapcid_backbone_112_model_2.cif.gz,/scratch/a2149a01/RAPCID_2610_output/backbone_long/RAPCID_backbone_rapcid_backbone_112_model_2.cif.gz,B,A,42,31,11.925,3.595,3.149,5,3,12,11,0.5217,146.42,chain1_F_chain2_E,0,3,1,0,3,1,0,0,0,0,17,11,0,1,1,1,1,1,1,0,0,pass_conserved_motif,0.72365,0,
backbone_long,RAPCID_backbone_rapcid_backbone_112_model_3.cif.gz,/scratch/a2149a01/RAPCID_2610_output/backbone_long/RAPCID_backbone_rapcid_backbone_112_model_3.cif.gz,B,A,42,31,9.097,3.436,3.23,5,4,20,10,0.6667,157.99,chain1_F_chain2_E,0,3,1,0,3,1,0,0,0,0,16,11,0,2,1,1,1,1,1,0,0,pass_conserved_motif,0.70425,0,
backbone_long,RAPCID_backbone_rapcid_backbone_112_model_4.cif.gz,/scratch/a2149a01/RAPCID_2610_output/backbone_long/RAPCID_backbone_rapcid_backbone_112_model_4.cif.gz,B,A,42,31,3.022,3.314,2.296,6,5,19,19,0.5,120.35,chain1_F_chain2_E,0,3,1,0,3,1,1,2,1,1,16,8,0,2,1,1,1,1,1,0,0,pass_conserved_motif,0.71736,0,
backbone_long,RAPCID_backbone_rapcid_backbone_112_model_5.cif.gz,/scratch/a2149a01/RAPCID_2610_output/backbone_long/RAPCID_backbone_rapcid_backbone_112_model_5.cif.gz,B,A,42,31,8.552,3.54,3.186,5,4,19,14,0.5758,149.28,chain1_F_chain2_E,0,3,2,0,3,2,1,0,0,0,15,10,0,1,1,1,1,1,1,0,0,pass_conserved_motif,0.76873,0,
backbone_long,RAPCID_backbone_rapcid_backbone_112_model_6.cif.gz,/scratch/a2149a01/RAPCID_2610_output/backbone_long/RAPCID_backbone_rapcid_backbone_112_model_6.cif.gz,B,A,42,31,7.265,3.628,2.548,6,8,14,28,0.3333,152.97,chain1_F_chain2_E,0,3,3,0,3,3,1,0,0,0,14,18,0,1,1,1,1,1,1,0,0,pass_conserved_motif,0.77324,0,
backbone_long,RAPCID_backbone_rapcid_backbone_112_model_7.cif.gz,/scratch/a2149a01/RAPCID_2610_output/backbone_long/RAPCID_backbone_rapcid_backbone_112_model_7.cif.gz,B,A,42,31,12.274,3.54,3.093,5,3,15,8,0.6522,161.01,chain1_F_chain2_E,0,3,0,0,3,0,0,0,0,0,16,7,0,1,1,1,1,1,1,0,0,pass_conserved_motif,0.67816,0,
backbone_long,RAPCID_backbone_rapcid_backbone_113_model_0.cif.gz,/scratch/a2149a01/RAPCID_2610_output/backbone_long/RAPCID_backbone_rapcid_backbone_113_model_0.cif.gz,A,B,56,24,12.296,3.055,3.616,4,5,8,13,0.381,172.69,chain1_E_chain2_F,1,0,0,3,1,3,0,0,0,0,10,14,1,0,1,1,1,1,1,0,0,pass_conserved_motif,0.68104,0,
backbone_long,RAPCID_backbone_rapcid_backbone_113_model_1.cif.gz,/scratch/a2149a01/RAPCID_2610_output/backbone_long/RAPCID_backbone_rapcid_backbone_113_model_1.cif.gz,A,B,56,24,9.722,3.75,3.322,3,5,6,15,0.2857,170.13,chain1_E_chain2_F,1,0,0,3,1,3,0,0,0,0,11,14,2,0,1,1,1,1,1,0,0,pass_conserved_motif,0.65146,0,
backbone_long,RAPCID_backbone_rapcid_backbone_113_model_2.cif.gz,/scratch/a2149a01/RAPCID_2610_output/backbone_long/RAPCID_backbone_rapcid_backbone_113_model_2.cif.gz,A,B,56,24,11.964,3.468,3.26,3,5,7,15,0.3182,142.95,chain1_E_chain2_F,2,0,0,3,2,3,0,0,0,0,8,14,1,0,1,1,1,1,1,0,0,pass_conserved_motif,0.67663,0,
backbone_long,RAPCID_backbone_rapcid_backbone_113_model_3.cif.gz,/scratch/a2149a01/RAPCID_2610_output/backbone_long/RAPCID_backbone_rapcid_backbone_113_model_3.cif.gz,A,B,56,24,9.984,3.055,3.337,3,5,9,14,0.3913,152.87,chain1_E_chain2_F,2,0,0,3,2,3,0,0,0,0,8,14,1,0,1,1,1,1,1,0,0,pass_conserved_motif,0.73896,0,
backbone_long,RAPCID_backbone_rapcid_backbone_113_model_4.cif.gz,/scratch/a2149a01/RAPCID_2610_output/backbone_long/RAPCID_backbone_rapcid_backbone_113_model_4.cif.gz,A,B,56,24,5.702,2.374,3.57,5,5,16,15,0.5161,154.33,chain1_E_chain2_F,1,0,0,3,1,3,0,0,0,0,10,14,1,0,1,1,1,1,1,0,0,pass_conserved_motif,0.75228,0,
backbone_long,RAPCID_backbone_rapcid_backbone_113_model_5.cif.gz,/scratch/a2149a01/RAPCID_2610_output/backbone_long/RAPCID_backbone_rapcid_backbone_113_model_5.cif.gz,A,B,56,24,10.558,2.803,3.285,4,6,12,20,0.375,158.91,chain1_E_chain2_F,2,0,0,3,2,3,0,0,0,0,9,14,1,0,1,1,1,1,1,0,0,pass_conserved_motif,0.75255,0,
backbone_long,RAPCID_backbone_rapcid_backbone_113_model_6.cif.gz,/scratch/a2149a01/RAPCID_2610_output/backbone_long/RAPCID_backbone_rapcid_backbone_113_model_6.cif.gz,A,B,56,24,10.041,2.811,3.17,4,5,10,18,0.3571,164.22,chain1_E_chain2_F,1,0,0,3,1,3,0,0,0,0,13,14,1,0,1,1,1,1,1,0,0,pass_conserved_motif,0.69975,0,
backbone_long,RAPCID_backbone_rapcid_backbone_113_model_7.cif.gz,/scratch/a2149a01/RAPCID_2610_output/backbone_long/RAPCID_backbone_rapcid_backbone_113_model_7.cif.gz,A,B,56,24,7.011,3.308,3.174,3,5,14,17,0.4516,149.3,chain1_E_chain2_F,1,0,0,3,1,3,0,0,0,0,10,14,1,0,1,1,1,1,1,0,0,pass_conserved_motif,0.72258,0,
backbone_long,RAPCID_backbone_rapcid_backbone_114_model_0.cif.gz,/scratch/a2149a01/RAPCID_2610_output/backbone_long/RAPCID_backbone_rapcid_backbone_114_model_0.cif.gz,A,B,51,45,9.839,2.644,3.336,3,5,9,18,0.3333,154.31,chain1_E_chain2_F,2,0,0,3,2,3,0,0,0,0,9,15,1,0,1,1,1,1,1,0,0,pass_conserved_motif,0.72055,0,
backbone_long,RAPCID_backbone_rapcid_backbone_114_model_1.cif.gz,/scratch/a2149a01/RAPCID_2610_output/backbone_long/RAPCID_backbone_rapcid_backbone_114_model_1.cif.gz,A,B,51,45,2.666,2.772,3.222,3,5,8,24,0.25,162.05,chain1_E_chain2_F,1,0,0,3,1,3,0,4,0,0,9,17,1,0,1,1,1,1,1,0,0,pass_conserved_motif,0.68411,0,
backbone_long,RAPCID_backbone_rapcid_backbone_114_model_2.cif.gz,/scratch/a2149a01/RAPCID_2610_output/backbone_long/RAPCID_backbone_rapcid_backbone_114_model_2.cif.gz,A,B,51,45,3.209,2.873,3.264,3,7,7,14,0.3333,156.15,chain1_E_chain2_F,1,0,0,3,1,3,0,4,0,0,12,18,1,1,1,1,1,1,1,1,1,,0.71812,1,143
backbone_long,RAPCID_backbone_rapcid_backbone_114_model_3.cif.gz,/scratch/a2149a01/RAPCID_2610_output/backbone_long/RAPCID_backbone_rapcid_backbone_114_model_3.cif.gz,A,B,51,45,3.504,3.031,3.292,3,5,8,13,0.381,150.91,chain1_E_chain2_F,1,0,0,3,1,3,0,4,0,0,9,15,1,1,1,1,1,1,1,1,1,,0.71971,1,139
backbone_long,RAPCID_backbone_rapcid_backbone_114_model_4.cif.gz,/scratch/a2149a01/RAPCID_2610_output/backbone_long/RAPCID_backbone_rapcid_backbone_114_model_4.cif.gz,A,B,51,45,3.212,2.911,3.432,5,6,19,20,0.4872,161.91,chain1_E_chain2_F,2,0,0,3,2,3,1,7,0,0,12,17,1,0,1,1,1,1,1,0,0,pass_conserved_motif,0.8516,0,
backbone_long,RAPCID_backbone_rapcid_backbone_114_model_5.cif.gz,/scratch/a2149a01/RAPCID_2610_output/backbone_long/RAPCID_backbone_rapcid_backbone_114_model_5.cif.gz,A,B,51,45,9.234,3.041,3.861,2,5,10,11,0.4762,142.29,chain1_E_chain2_F,1,0,0,3,1,3,0,0,0,0,10,14,1,0,1,1,1,1,1,0,0,pass_conserved_motif,0.70905,0,
backbone_long,RAPCID_backbone_rapcid_backbone_114_model_6.cif.gz,/scratch/a2149a01/RAPCID_2610_output/backbone_long/RAPCID_backbone_rapcid_backbone_114_model_6.cif.gz,A,B,51,45,7.423,2.87,3.03,3,4,11,15,0.4231,154.34,chain1_E_chain2_F,1,0,0,2,1,2,0,0,0,0,10,16,1,1,1,1,1,1,1,1,1,,0.69942,1,203
backbone_long,RAPCID_backbone_rapcid_backbone_114_model_7.cif.gz,/scratch/a2149a01/RAPCID_2610_output/backbone_long/RAPCID_backbone_rapcid_backbone_114_model_7.cif.gz,A,B,51,45,4.226,2.564,3.191,4,5,9,19,0.3214,167.02,chain1_E_chain2_F,2,0,0,3,2,3,0,0,0,0,10,16,1,0,1,1,1,1,1,0,0,pass_conserved_motif,0.70468,0,
backbone_long,RAPCID_backbone_rapcid_backbone_115_model_0.cif.gz,/scratch/a2149a01/RAPCID_2610_output/backbone_long/RAPCID_backbone_rapcid_backbone_115_model_0.cif.gz,A,B,30,28,12.986,3.294,3.629,3,6,5,13,0.2778,142.82,chain1_E_chain2_F,2,0,0,3,2,3,0,0,0,0,7,13,1,1,1,1,1,1,1,1,1,,0.66004,1,350
backbone_long,RAPCID_backbone_rapcid_backbone_115_model_1.cif.gz,/scratch/a2149a01/RAPCID_2610_output/backbone_long/RAPCID_backbone_rapcid_backbone_115_model_1.cif.gz,A,B,30,28,9.491,2.911,3.026,4,5,13,18,0.4194,157.66,chain1_E_chain2_F,2,0,0,3,2,3,1,0,0,0,10,14,2,0,1,1,1,1,1,0,0,pass_conserved_motif,0.79472,0,
backbone_long,RAPCID_backbone_rapcid_backbone_115_model_2.cif.gz,/scratch/a2149a01/RAPCID_2610_output/backbone_long/RAPCID_backbone_rapcid_backbone_115_model_2.cif.gz,A,B,30,28,6.574,2.203,3.119,6,7,15,24,0.3846,155.12,chain1_E_chain2_F,1,0,0,3,1,3,0,0,0,0,12,14,1,0,1,1,1,1,1,0,0,pass_conserved_motif,0.71519,0,
backbone_long,RAPCID_backbone_rapcid_backbone_115_model_3.cif.gz,/scratch/a2149a01/RAPCID_2610_output/backbone_long/RAPCID_backbone_rapcid_backbone_115_model_3.cif.gz,A,B,30,28,7.736,2.782,3.085,4,5,11,19,0.3667,161.17,chain1_E_chain2_F,1,0,0,3,1,3,0,0,0,0,10,14,1,0,1,1,1,1,1,0,0,pass_conserved_motif,0.71373,0,
backbone_long,RAPCID_backbone_rapcid_backbone_115_model_4.cif.gz,/scratch/a2149a01/RAPCID_2610_output/backbone_long/RAPCID_backbone_rapcid_backbone_115_model_4.cif.gz,A,B,30,28,10.21,2.97,3.568,3,6,9,25,0.2647,150.32,chain1_E_chain2_F,1,0,0,3,1,3,0,0,0,0,12,15,1,0,1,1,1,1,1,0,0,pass_conserved_motif,0.65123,0,
backbone_long,RAPCID_backbone_rapcid_backbone_115_model_5.cif.gz,/scratch/a2149a01/RAPCID_2610_output/backbone_long/RAPCID_backbone_rapcid_backbone_115_model_5.cif.gz,A,B,30,28,12.005,3.215,3.41,4,6,7,21,0.25,170.01,chain1_E_chain2_F,1,0,0,3,1,3,0,0,0,0,9,14,1,1,1,1,1,1,1,1,1,,0.63759,1,413
backbone_long,RAPCID_backbone_rapcid_backbone_115_model_6.cif.gz,/scratch/a2149a01/RAPCID_2610_output/backbone_long/RAPCID_backbone_rapcid_backbone_115_model_6.cif.gz,A,B,30,28,11.21,3.761,3.425,1,5,1,17,0.0556,122.99,chain1_E_chain2_F,0,0,0,3,0,3,0,0,0,0,8,15,1,1,1,0,0,1,1,1,0,pass_dual_rap_contact;pass_contact_balance,0.44789,0,
backbone_long,RAPCID_backbone_rapcid_backbone_115_model_7.cif.gz,/scratch/a2149a01/RAPCID_2610_output/backbone_long/RAPCID_backbone_rapcid_backbone_115_model_7.cif.gz,A,B,30,28,10.678,3.06,3.269,3,5,12,17,0.4138,163.35,chain1_E_chain2_F,1,0,0,3,1,3,0,0,0,0,7,14,1,0,1,1,1,1,1,0,0,pass_conserved_motif,0.7253,0,
backbone_long,RAPCID_backbone_rapcid_backbone_116_model_0.cif.gz,/scratch/a2149a01/RAPCID_2610_output/backbone_long/RAPCID_backbone_rapcid_backbone_116_model_0.cif.gz,A,B,56,39,6.021,2.812,3.402,4,6,14,11,0.56,142.39,chain1_E_chain2_F,1,0,0,3,1,3,0,0,0,0,9,16,1,0,1,1,1,1,1,0,0,pass_conserved_motif,0.69491,0,
backbone_long,RAPCID_backbone_rapcid_backbone_116_model_1.cif.gz,/scratch/a2149a01/RAPCID_2610_output/backbone_long/RAPCID_backbone_rapcid_backbone_116_model_1.cif.gz,A,B,56,39,3.262,2.812,3.118,2,8,11,17,0.3929,126.1,chain1_E_chain2_F,1,0,1,3,1,3,0,9,1,0,10,14,1,0,1,1,1,1,1,0,0,pass_conserved_motif,0.67343,0,
backbone_long,RAPCID_backbone_rapcid_backbone_116_model_2.cif.gz,/scratch/a2149a01/RAPCID_2610_output/backbone_long/RAPCID_backbone_rapcid_backbone_116_model_2.cif.gz,A,B,56,39,3.313,2.876,3.13,4,6,8,14,0.3636,119.33,chain1_E_chain2_F,1,0,0,3,1,3,0,10,0,1,10,11,1,0,1,1,1,1,1,0,0,pass_conserved_motif,0.63416,0,
backbone_long,RAPCID_backbone_rapcid_backbone_116_model_3.cif.gz,/scratch/a2149a01/RAPCID_2610_output/backbone_long/RAPCID_backbone_rapcid_backbone_116_model_3.cif.gz,A,B,56,39,3.537,2.528,2.925,5,6,13,11,0.5417,129.19,chain1_E_chain2_F,1,0,0,3,1,3,0,4,0,0,11,13,1,0,1,1,1,1,1,0,0,pass_conserved_motif,0.67825,0,
backbone_long,RAPCID_backbone_rapcid_backbone_116_model_4.cif.gz,/scratch/a2149a01/RAPCID_2610_output/backbone_long/RAPCID_backbone_rapcid_backbone_116_model_4.cif.gz,A,B,56,39,3.294,3.345,3.062,3,7,8,15,0.3478,117.28,chain1_E_chain2_F,1,0,0,2,1,2,0,5,0,0,10,13,1,0,1,1,1,1,1,0,0,pass_conserved_motif,0.57076,0,
backbone_long,RAPCID_backbone_rapcid_backbone_116_model_5.cif.gz,/scratch/a2149a01/RAPCID_2610_output/backbone_long/RAPCID_backbone_rapcid_backbone_116_model_5.cif.gz,A,B,56,39,2.794,2.644,2.955,4,5,13,14,0.4815,126.82,chain1_E_chain2_F,2,0,0,2,2,2,1,28,0,1,9,12,2,0,1,1,1,1,1,0,0,pass_conserved_motif,0.64486,0,
backbone_long,RAPCID_backbone_rapcid_backbone_116_model_6.cif.gz,/scratch/a2149a01/RAPCID_2610_output/backbone_long/RAPCID_backbone_rapcid_backbone_116_model_6.cif.gz,A,B,56,39,3.04,2.537,3.206,5,3,9,9,0.5,125.89,chain1_E_chain2_F,1,0,0,2,1,2,0,15,0,0,12,11,1,0,1,1,1,1,1,0,0,pass_conserved_motif,0.64036,0,
backbone_long,RAPCID_backbone_rapcid_backbone_116_model_7.cif.gz,/scratch/a2149a01/RAPCID_2610_output/backbone_long/RAPCID_backbone_rapcid_backbone_116_model_7.cif.gz,A,B,56,39,3.51,3.128,2.425,4,5,13,11,0.5417,124.21,chain1_E_chain2_F,1,0,0,2,1,2,0,8,0,0,11,10,1,0,1,1,1,1,1,0,0,pass_conserved_motif,0.65307,0,
backbone_long,RAPCID_backbone_rapcid_backbone_117_model_0.cif.gz,/scratch/a2149a01/RAPCID_2610_output/backbone_long/RAPCID_backbone_rapcid_backbone_117_model_0.cif.gz,A,B,42,38,3.764,2.486,2.52,5,4,13,10,0.5652,116.06,chain1_E_chain2_F,1,0,0,2,1,2,0,1,0,1,12,9,1,0,1,1,1,1,1,0,0,pass_conserved_motif,0.59817,0,
backbone_long,RAPCID_backbone_rapcid_backbone_117_model_1.cif.gz,/scratch/a2149a01/RAPCID_2610_output/backbone_long/RAPCID_backbone_rapcid_backbone_117_model_1.cif.gz,A,B,42,38,9.588,3.216,2.41,5,3,15,10,0.6,153.13,chain1_E_chain2_F,1,0,0,3,1,3,0,0,0,0,10,13,1,0,1,1,1,1,1,0,0,pass_conserved_motif,0.71472,0,
backbone_long,RAPCID_backbone_rapcid_backbone_117_model_2.cif.gz,/scratch/a2149a01/RAPCID_2610_output/backbone_long/RAPCID_backbone_rapcid_backbone_117_model_2.cif.gz,A,B,42,38,3.74,2.867,2.84,6,5,12,13,0.48,116.69,chain1_E_chain2_F,1,0,0,2,1,2,0,2,1,0,9,10,1,0,1,1,1,1,1,0,0,pass_conserved_motif,0.62335,0,
backbone_long,RAPCID_backbone_rapcid_backbone_117_model_3.cif.gz,/scratch/a2149a01/RAPCID_2610_output/backbone_long/RAPCID_backbone_rapcid_backbone_117_model_3.cif.gz,A,B,42,38,3.081,3.159,2.603,5,4,17,16,0.5152,121.94,chain1_E_chain2_F,1,0,0,2,1,2,0,13,0,0,12,10,1,0,1,1,1,1,1,0,0,pass_conserved_motif,0.63112,0,
backbone_long,RAPCID_backbone_rapcid_backbone_117_model_4.cif.gz,/scratch/a2149a01/RAPCID_2610_output/backbone_long/RAPCID_backbone_rapcid_backbone_117_model_4.cif.gz,A,B,42,38,4.801,2.927,3.519,3,5,9,13,0.4091,143.62,chain1_E_chain2_F,1,0,0,3,1,3,0,0,0,0,10,14,2,1,1,1,1,1,1,1,1,,0.68666,1,250
backbone_long,RAPCID_backbone_rapcid_backbone_117_model_5.cif.gz,/scratch/a2149a01/RAPCID_2610_output/backbone_long/RAPCID_backbone_rapcid_backbone_117_model_5.cif.gz,A,B,42,38,3.002,2.771,2.92,4,10,6,23,0.2069,154.55,chain1_E_chain2_F,1,0,0,3,1,3,1,2,0,1,9,18,1,1,1,1,1,1,1,1,1,,0.69745,1,210
backbone_long,RAPCID_backbone_rapcid_backbone_117_model_6.cif.gz,/scratch/a2149a01/RAPCID_2610_output/backbone_long/RAPCID_backbone_rapcid_backbone_117_model_6.cif.gz,A,B,42,38,2.362,3.287,3.441,3,4,10,12,0.4545,112.55,chain1_E_chain2_F,1,0,0,2,1,2,0,5,1,0,12,11,2,0,1,1,1,1,1,0,0,pass_conserved_motif,0.61437,0,
backbone_long,RAPCID_backbone_rapcid_backbone_117_model_7.cif.gz,/scratch/a2149a01/RAPCID_2610_output/backbone_long/RAPCID_backbone_rapcid_backbone_117_model_7.cif.gz,A,B,42,38,3.068,2.88,2.429,4,5,15,13,0.5357,111.04,chain1_E_chain2_F,1,0,0,2,1,2,0,7,1,0,11,12,1,0,1,1,1,1,1,0,0,pass_conserved_motif,0.62321,0,
backbone_long,RAPCID_backbone_rapcid_backbone_118_model_0.cif.gz,/scratch/a2149a01/RAPCID_2610_output/backbone_long/RAPCID_backbone_rapcid_backbone_118_model_0.cif.gz,B,A,42,37,4.864,3.703,2.948,5,4,9,11,0.45,162.28,chain1_F_chain2_E,0,3,1,0,3,1,0,0,0,0,15,10,0,1,1,1,1,1,1,0,0,pass_conserved_motif,0.74335,0,
backbone_long,RAPCID_backbone_rapcid_backbone_118_model_1.cif.gz,/scratch/a2149a01/RAPCID_2610_output/backbone_long/RAPCID_backbone_rapcid_backbone_118_model_1.cif.gz,B,A,42,37,9.031,3.479,2.945,5,4,21,14,0.6,160.0,chain1_F_chain2_E,0,3,2,0,3,2,0,0,0,0,15,9,1,1,1,1,1,1,1,1,1,,0.75953,1,49
backbone_long,RAPCID_backbone_rapcid_backbone_118_model_2.cif.gz,/scratch/a2149a01/RAPCID_2610_output/backbone_long/RAPCID_backbone_rapcid_backbone_118_model_2.cif.gz,B,A,42,37,3.426,3.631,2.834,5,5,17,15,0.5312,138.23,chain1_F_chain2_E,0,3,2,0,3,2,0,3,1,0,15,14,2,1,1,1,1,1,1,1,1,,0.7528,1,58
backbone_long,RAPCID_backbone_rapcid_backbone_118_model_3.cif.gz,/scratch/a2149a01/RAPCID_2610_output/backbone_long/RAPCID_backbone_rapcid_backbone_118_model_3.cif.gz,B,A,42,37,12.562,3.306,3.376,6,2,20,6,0.7692,146.06,chain1_F_chain2_E,0,3,2,0,3,2,0,0,0,0,15,8,0,1,1,1,1,1,1,0,0,pass_conserved_motif,0.65202,0,
backbone_long,RAPCID_backbone_rapcid_backbone_118_model_4.cif.gz,/scratch/a2149a01/RAPCID_2610_output/backbone_long/RAPCID_backbone_rapcid_backbone_118_model_4.cif.gz,B,A,42,37,8.148,3.3,3.086,6,3,27,10,0.7297,155.54,chain1_F_chain2_E,0,3,1,0,3,1,0,0,0,0,16,11,0,1,1,1,1,1,1,0,0,pass_conserved_motif,0.67087,0,
backbone_long,RAPCID_backbone_rapcid_backbone_118_model_5.cif.gz,/scratch/a2149a01/RAPCID_2610_output/backbone_long/RAPCID_backbone_rapcid_backbone_118_model_5.cif.gz,B,A,42,37,9.981,3.325,2.9,6,3,14,11,0.56,177.71,chain1_F_chain2_E,0,3,2,0,3,2,1,0,0,0,15,11,0,1,1,1,1,1,1,0,0,pass_conserved_motif,0.74507,0,
backbone_long,RAPCID_backbone_rapcid_backbone_118_model_6.cif.gz,/scratch/a2149a01/RAPCID_2610_output/backbone_long/RAPCID_backbone_rapcid_backbone_118_model_6.cif.gz,B,A,42,37,4.85,3.447,2.892,6,3,20,9,0.6897,154.14,chain1_F_chain2_E,0,3,1,0,3,1,0,0,0,0,16,9,1,1,1,1,1,1,1,1,1,,0.68223,1,263
backbone_long,RAPCID_backbone_rapcid_backbone_118_model_7.cif.gz,/scratch/a2149a01/RAPCID_2610_output/backbone_long/RAPCID_backbone_rapcid_backbone_118_model_7.cif.gz,B,A,42,37,8.667,3.26,2.882,5,3,16,12,0.5714,151.31,chain1_F_chain2_E,0,3,1,0,3,1,0,0,0,0,13,9,1,2,1,1,1,1,1,1,1,,0.72007,1,138
backbone_long,RAPCID_backbone_rapcid_backbone_119_model_0.cif.gz,/scratch/a2149a01/RAPCID_2610_output/backbone_long/RAPCID_backbone_rapcid_backbone_119_model_0.cif.gz,A,B,55,26,10.355,3.2,2.999,4,5,11,21,0.3438,164.23,chain1_E_chain2_F,1,0,0,3,1,3,0,0,0,0,11,15,1,0,1,1,1,1,1,0,0,pass_conserved_motif,0.69436,0,
backbone_long,RAPCID_backbone_rapcid_backbone_119_model_1.cif.gz,/scratch/a2149a01/RAPCID_2610_output/backbone_long/RAPCID_backbone_rapcid_backbone_119_model_1.cif.gz,A,B,55,26,10.182,2.816,3.405,4,5,7,19,0.2692,161.8,chain1_E_chain2_F,1,0,0,3,1,3,0,0,0,0,9,15,2,1,1,1,1,1,1,1,1,,0.67265,1,298
backbone_long,RAPCID_backbone_rapcid_backbone_119_model_2.cif.gz,/scratch/a2149a01/RAPCID_2610_output/backbone_long/RAPCID_backbone_rapcid_backbone_119_model_2.cif.gz,A,B,55,26,11.696,3.041,2.943,3,7,6,16,0.2727,166.56,chain1_E_chain2_F,1,0,0,3,1,3,0,0,0,0,10,17,1,0,1,1,1,1,1,0,0,pass_conserved_motif,0.65818,0,
backbone_long,RAPCID_backbone_rapcid_backbone_119_model_3.cif.gz,/scratch/a2149a01/RAPCID_2610_output/backbone_long/RAPCID_backbone_rapcid_backbone_119_model_3.cif.gz,A,B,55,26,6.073,2.886,3.296,4,5,18,20,0.4737,138.96,chain1_E_chain2_F,2,0,0,3,2,3,0,0,0,0,11,16,2,0,1,1,1,1,1,0,0,pass_conserved_motif,0.72554,0,
backbone_long,RAPCID_backbone_rapcid_backbone_119_model_4.cif.gz,/scratch/a2149a01/RAPCID_2610_output/backbone_long/RAPCID_backbone_rapcid_backbone_119_model_4.cif.gz,A,B,55,26,9.22,2.72,3.561,4,5,11,15,0.4231,157.95,chain1_E_chain2_F,1,0,0,3,1,3,0,0,0,0,12,16,1,0,1,1,1,1,1,0,0,pass_conserved_motif,0.74001,0,
backbone_long,RAPCID_backbone_rapcid_backbone_119_model_5.cif.gz,/scratch/a2149a01/RAPCID_2610_output/backbone_long/RAPCID_backbone_rapcid_backbone_119_model_5.cif.gz,A,B,55,26,10.932,3.613,3.281,4,5,7,18,0.28,170.58,chain1_E_chain2_F,1,0,0,3,1,3,0,0,0,0,11,15,2,0,1,1,1,1,1,0,0,pass_conserved_motif,0.64768,0,
backbone_long,RAPCID_backbone_rapcid_backbone_119_model_6.cif.gz,/scratch/a2149a01/RAPCID_2610_output/backbone_long/RAPCID_backbone_rapcid_backbone_119_model_6.cif.gz,A,B,55,26,8.423,3.329,2.946,4,5,12,18,0.4,152.53,chain1_E_chain2_F,1,0,0,3,1,3,0,0,0,0,9,16,1,0,1,1,1,1,1,0,0,pass_conserved_motif,0.71272,0,
backbone_long,RAPCID_backbone_rapcid_backbone_119_model_7.cif.gz,/scratch/a2149a01/RAPCID_2610_output/backbone_long/RAPCID_backbone_rapcid_backbone_119_model_7.cif.gz,A,B,55,26,10.644,2.88,3.107,3,6,7,17,0.2917,149.18,chain1_E_chain2_F,2,0,0,3,2,3,0,0,0,0,8,18,2,0,1,1,1,1,1,0,0,pass_conserved_motif,0.68678,0,
backbone_long,RAPCID_backbone_rapcid_backbone_11_model_0.cif.gz,/scratch/a2149a01/RAPCID_2610_output/backbone_long/RAPCID_backbone_rapcid_backbone_11_model_0.cif.gz,A,B,50,25,7.632,2.587,3.398,3,5,10,14,0.4167,147.5,chain1_E_chain2_F,1,0,0,3,1,3,0,0,0,0,12,15,1,0,1,1,1,1,1,0,0,pass_conserved_motif,0.70263,0,
backbone_long,RAPCID_backbone_rapcid_backbone_11_model_1.cif.gz,/scratch/a2149a01/RAPCID_2610_output/backbone_long/RAPCID_backbone_rapcid_backbone_11_model_1.cif.gz,A,B,50,25,6.144,3.249,3.148,5,6,9,20,0.3103,163.74,chain1_E_chain2_F,1,0,0,3,1,3,0,0,0,0,13,15,2,0,1,1,1,1,1,0,0,pass_conserved_motif,0.68263,0,
backbone_long,RAPCID_backbone_rapcid_backbone_11_model_2.cif.gz,/scratch/a2149a01/RAPCID_2610_output/backbone_long/RAPCID_backbone_rapcid_backbone_11_model_2.cif.gz,A,B,50,25,12.146,2.53,3.258,4,5,10,14,0.4167,165.85,chain1_E_chain2_F,1,0,0,3,1,3,0,0,0,0,12,15,1,0,1,1,1,1,1,0,0,pass_conserved_motif,0.71813,0,
backbone_long,RAPCID_backbone_rapcid_backbone_11_model_3.cif.gz,/scratch/a2149a01/RAPCID_2610_output/backbone_long/RAPCID_backbone_rapcid_backbone_11_model_3.cif.gz,A,B,50,25,9.981,3.271,3.529,3,6,8,17,0.32,156.04,chain1_E_chain2_F,1,0,0,3,1,3,0,0,0,0,8,16,1,1,1,1,1,1,1,1,1,,0.69243,1,232
backbone_long,RAPCID_backbone_rapcid_backbone_11_model_4.cif.gz,/scratch/a2149a01/RAPCID_2610_output/backbone_long/RAPCID_backbone_rapcid_backbone_11_model_4.cif.gz,A,B,50,25,10.175,3.048,3.367,3,7,8,23,0.2581,163.64,chain1_E_chain2_F,1,0,0,3,1,3,0,0,0,0,9,16,2,0,1,1,1,1,1,0,0,pass_conserved_motif,0.66206,0,
backbone_long,RAPCID_backbone_rapcid_backbone_11_model_5.cif.gz,/scratch/a2149a01/RAPCID_2610_output/backbone_long/RAPCID_backbone_rapcid_backbone_11_model_5.cif.gz,A,B,50,25,7.007,2.614,3.174,5,5,14,21,0.4,148.3,chain1_E_chain2_F,1,0,0,3,1,3,0,0,0,0,10,15,1,0,1,1,1,1,1,0,0,pass_conserved_motif,0.69862,0,
backbone_long,RAPCID_backbone_rapcid_backbone_11_model_6.cif.gz,/scratch/a2149a01/RAPCID_2610_output/backbone_long/RAPCID_backbone_rapcid_backbone_11_model_6.cif.gz,A,B,50,25,2.865,2.919,3.599,4,5,15,13,0.5357,147.05,chain1_E_chain2_F,1,0,0,3,1,3,0,2,0,0,10,14,1,0,1,1,1,1,1,0,0,pass_conserved_motif,0.73015,0,
backbone_long,RAPCID_backbone_rapcid_backbone_11_model_7.cif.gz,/scratch/a2149a01/RAPCID_2610_output/backbone_long/RAPCID_backbone_rapcid_backbone_11_model_7.cif.gz,A,B,50,25,3.943,2.505,3.382,6,5,20,14,0.5882,166.81,chain1_E_chain2_F,2,0,0,3,2,3,0,1,0,0,15,15,2,0,1,1,1,1,1,0,0,pass_conserved_motif,0.74653,0,
backbone_long,RAPCID_backbone_rapcid_backbone_120_model_0.cif.gz,/scratch/a2149a01/RAPCID_2610_output/backbone_long/RAPCID_backbone_rapcid_backbone_120_model_0.cif.gz,B,A,32,30,9.348,2.704,3.371,3,2,11,4,0.7333,167.99,chain1_F_chain2_E,0,2,2,0,2,2,1,0,0,0,9,7,0,1,1,1,1,1,1,0,0,pass_conserved_motif,0.67957,0,
backbone_long,RAPCID_backbone_rapcid_backbone_120_model_1.cif.gz,/scratch/a2149a01/RAPCID_2610_output/backbone_long/RAPCID_backbone_rapcid_backbone_120_model_1.cif.gz,B,A,32,30,3.072,3.073,2.774,8,4,18,15,0.5455,125.76,chain1_F_chain2_E,0,3,2,0,3,2,0,4,0,1,15,10,0,2,1,1,1,1,1,0,0,pass_conserved_motif,0.71055,0,
backbone_long,RAPCID_backbone_rapcid_backbone_120_model_2.cif.gz,/scratch/a2149a01/RAPCID_2610_output/backbone_long/RAPCID_backbone_rapcid_backbone_120_model_2.cif.gz,B,A,32,30,2.514,2.872,2.589,5,4,14,15,0.4828,114.06,chain1_F_chain2_E,0,2,1,0,2,1,0,9,0,1,10,9,0,2,1,1,1,1,1,0,0,pass_conserved_motif,0.64068,0,
backbone_long,RAPCID_backbone_rapcid_backbone_120_model_3.cif.gz,/scratch/a2149a01/RAPCID_2610_output/backbone_long/RAPCID_backbone_rapcid_backbone_120_model_3.cif.gz,B,A,32,30,8.529,2.507,2.868,4,5,12,13,0.48,134.94,chain1_F_chain2_E,0,2,1,0,2,1,0,0,0,0,10,13,0,1,1,1,1,1,1,0,0,pass_conserved_motif,0.65751,0,
backbone_long,RAPCID_backbone_rapcid_backbone_120_model_4.cif.gz,/scratch/a2149a01/RAPCID_2610_output/backbone_long/RAPCID_backbone_rapcid_backbone_120_model_4.cif.gz,B,A,32,30,7.531,2.996,2.798,4,4,10,17,0.3704,137.83,chain1_F_chain2_E,0,3,1,0,3,1,1,0,0,0,16,11,0,1,1,1,1,1,1,0,0,pass_conserved_motif,0.68044,0,
backbone_long,RAPCID_backbone_rapcid_backbone_120_model_5.cif.gz,/scratch/a2149a01/RAPCID_2610_output/backbone_long/RAPCID_backbone_rapcid_backbone_120_model_5.cif.gz,B,A,32,30,5.605,2.991,2.984,5,4,14,8,0.6364,126.92,chain1_F_chain2_E,0,3,1,0,3,1,0,0,0,0,11,10,0,1,1,1,1,1,1,0,0,pass_conserved_motif,0.6128,0,
backbone_long,RAPCID_backbone_rapcid_backbone_120_model_6.cif.gz,/scratch/a2149a01/RAPCID_2610_output/backbone_long/RAPCID_backbone_rapcid_backbone_120_model_6.cif.gz,B,A,32,30,3.038,3.313,2.654,7,4,21,13,0.6176,133.0,chain1_F_chain2_E,0,3,1,0,3,1,0,5,1,1,15,10,0,1,1,1,1,1,1,0,0,pass_conserved_motif,0.6989,0,
backbone_long,RAPCID_backbone_rapcid_backbone_120_model_7.cif.gz,/scratch/a2149a01/RAPCID_2610_output/backbone_long/RAPCID_backbone_rapcid_backbone_120_model_7.cif.gz,B,A,32,30,3.081,1.94,2.751,6,5,16,10,0.6154,136.42,chain1_F_chain2_E,0,3,1,0,3,1,0,5,1,0,12,14,0,1,0,1,1,1,1,0,0,pass_no_clash;pass_conserved_motif,0.69454,0,
backbone_long,RAPCID_backbone_rapcid_backbone_121_model_0.cif.gz,/scratch/a2149a01/RAPCID_2610_output/backbone_long/RAPCID_backbone_rapcid_backbone_121_model_0.cif.gz,B,A,54,35,3.398,2.898,3.261,5,3,16,13,0.5517,109.06,chain1_F_chain2_E,1,2,2,0,2,2,0,4,1,1,11,9,0,2,1,1,1,1,1,0,0,pass_conserved_motif,0.64047,0,
backbone_long,RAPCID_backbone_rapcid_backbone_121_model_1.cif.gz,/scratch/a2149a01/RAPCID_2610_output/backbone_long/RAPCID_backbone_rapcid_backbone_121_model_1.cif.gz,B,A,54,35,3.455,3.358,3.267,6,5,20,12,0.625,147.84,chain1_F_chain2_E,1,3,1,0,3,1,0,7,0,0,17,10,0,1,1,1,1,1,1,0,0,pass_conserved_motif,0.7221,0,
backbone_long,RAPCID_backbone_rapcid_backbone_121_model_2.cif.gz,/scratch/a2149a01/RAPCID_2610_output/backbone_long/RAPCID_backbone_rapcid_backbone_121_model_2.cif.gz,B,A,54,35,2.999,2.553,3.149,5,4,19,6,0.76,133.11,chain1_F_chain2_E,0,2,1,0,2,1,0,9,1,0,11,12,0,1,1,1,1,1,1,0,0,pass_conserved_motif,0.6071,0,
backbone_long,RAPCID_backbone_rapcid_backbone_121_model_3.cif.gz,/scratch/a2149a01/RAPCID_2610_output/backbone_long/RAPCID_backbone_rapcid_backbone_121_model_3.cif.gz,B,A,54,35,3.018,3.805,3.271,6,3,11,9,0.55,138.65,chain1_F_chain2_E,1,3,1,0,3,1,0,10,0,0,17,8,0,2,1,1,1,1,1,0,0,pass_conserved_motif,0.71646,0,
backbone_long,RAPCID_backbone_rapcid_backbone_121_model_4.cif.gz,/scratch/a2149a01/RAPCID_2610_output/backbone_long/RAPCID_backbone_rapcid_backbone_121_model_4.cif.gz,B,A,54,35,3.007,2.532,2.465,3,5,14,15,0.4828,117.23,chain1_F_chain2_E,1,2,1,0,2,1,0,4,0,1,9,14,0,1,1,1,1,1,1,0,0,pass_conserved_motif,0.63624,0,
backbone_long,RAPCID_backbone_rapcid_backbone_121_model_5.cif.gz,/scratch/a2149a01/RAPCID_2610_output/backbone_long/RAPCID_backbone_rapcid_backbone_121_model_5.cif.gz,B,A,54,35,7.706,2.687,2.82,5,3,12,13,0.48,126.2,chain1_F_chain2_E,0,3,2,0,3,2,0,0,0,0,10,8,0,1,1,1,1,1,1,0,0,pass_conserved_motif,0.68551,0,
backbone_long,RAPCID_backbone_rapcid_backbone_121_model_6.cif.gz,/scratch/a2149a01/RAPCID_2610_output/backbone_long/RAPCID_backbone_rapcid_backbone_121_model_6.cif.gz,B,A,54,35,2.707,2.785,2.904,7,4,22,16,0.5789,122.98,chain1_F_chain2_E,1,3,2,0,3,2,1,18,2,1,14,10,0,2,1,1,1,1,1,0,0,pass_conserved_motif,0.71979,0,
backbone_long,RAPCID_backbone_rapcid_backbone_121_model_7.cif.gz,/scratch/a2149a01/RAPCID_2610_output/backbone_long/RAPCID_backbone_rapcid_backbone_121_model_7.cif.gz,B,A,54,35,2.863,3.301,2.81,4,4,11,12,0.4783,115.93,chain1_F_chain2_E,0,2,1,0,2,1,0,7,1,0,9,9,0,1,1,1,1,1,1,0,0,pass_conserved_motif,0.64512,0,
backbone_long,RAPCID_backbone_rapcid_backbone_122_model_0.cif.gz,/scratch/a2149a01/RAPCID_2610_output/backbone_long/RAPCID_backbone_rapcid_backbone_122_model_0.cif.gz,B,A,45,28,3.248,3.059,2.855,4,7,10,23,0.303,106.27,chain1_F_chain2_E,0,2,1,0,2,1,0,4,0,1,11,10,0,1,1,1,1,1,1,0,0,pass_conserved_motif,0.52782,0,
backbone_long,RAPCID_backbone_rapcid_backbone_122_model_1.cif.gz,/scratch/a2149a01/RAPCID_2610_output/backbone_long/RAPCID_backbone_rapcid_backbone_122_model_1.cif.gz,B,A,45,28,8.178,2.773,3.105,4,2,17,7,0.7083,160.37,chain1_F_chain2_E,0,2,1,0,2,1,0,0,0,0,9,7,0,1,1,1,1,1,1,0,0,pass_conserved_motif,0.65781,0,
backbone_long,RAPCID_backbone_rapcid_backbone_122_model_2.cif.gz,/scratch/a2149a01/RAPCID_2610_output/backbone_long/RAPCID_backbone_rapcid_backbone_122_model_2.cif.gz,B,A,45,28,3.41,3.077,1.477,4,6,11,19,0.3667,108.42,chain1_F_chain2_E,0,2,1,0,2,1,0,2,0,1,9,12,0,1,0,1,1,1,1,0,0,pass_no_clash;pass_conserved_motif,0.55046,0,
backbone_long,RAPCID_backbone_rapcid_backbone_122_model_3.cif.gz,/scratch/a2149a01/RAPCID_2610_output/backbone_long/RAPCID_backbone_rapcid_backbone_122_model_3.cif.gz,B,A,45,28,3.659,2.944,2.732,6,4,16,17,0.4848,130.73,chain1_F_chain2_E,0,3,1,0,3,1,0,3,0,0,16,13,0,1,1,1,1,1,1,0,0,pass_conserved_motif,0.68898,0,
backbone_long,RAPCID_backbone_rapcid_backbone_122_model_4.cif.gz,/scratch/a2149a01/RAPCID_2610_output/backbone_long/RAPCID_backbone_rapcid_backbone_122_model_4.cif.gz,B,A,45,28,2.654,1.882,2.449,5,3,19,13,0.5938,101.04,chain1_F_chain2_E,1,2,1,0,2,1,0,3,1,1,10,10,0,1,0,1,1,1,1,0,0,pass_no_clash;pass_conserved_motif,0.56335,0,
backbone_long,RAPCID_backbone_rapcid_backbone_122_model_5.cif.gz,/scratch/a2149a01/RAPCID_2610_output/backbone_long/RAPCID_backbone_rapcid_backbone_122_model_5.cif.gz,B,A,45,28,2.76,3.304,2.872,8,4,16,10,0.6154,109.89,chain1_F_chain2_E,1,2,1,0,2,1,0,6,1,0,16,8,0,2,1,1,1,1,1,0,0,pass_conserved_motif,0.58251,0,
backbone_long,RAPCID_backbone_rapcid_backbone_122_model_6.cif.gz,/scratch/a2149a01/RAPCID_2610_output/backbone_long/RAPCID_backbone_rapcid_backbone_122_model_6.cif.gz,B,A,45,28,3.485,3.361,3.065,4,5,8,12,0.4,121.65,chain1_F_chain2_E,0,2,1,0,2,1,0,3,0,1,10,11,1,1,1,1,1,1,1,1,1,,0.61289,1,480
backbone_long,RAPCID_backbone_rapcid_backbone_122_model_7.cif.gz,/scratch/a2149a01/RAPCID_2610_output/backbone_long/RAPCID_backbone_rapcid_backbone_122_model_7.cif.gz,B,A,45,28,3.297,3.376,3.429,7,3,13,7,0.65,124.51,chain1_F_chain2_E,0,3,1,0,3,1,0,4,0,0,16,8,0,1,1,1,1,1,1,0,0,pass_conserved_motif,0.6193,0,
backbone_long,RAPCID_backbone_rapcid_backbone_123_model_0.cif.gz,/scratch/a2149a01/RAPCID_2610_output/backbone_long/RAPCID_backbone_rapcid_backbone_123_model_0.cif.gz,B,A,45,37,6.685,3.491,2.208,6,5,20,15,0.5714,156.32,chain1_F_chain2_E,0,3,1,0,3,1,0,0,0,0,16,12,0,1,1,1,1,1,1,0,0,pass_conserved_motif,0.73678,0,
backbone_long,RAPCID_backbone_rapcid_backbone_123_model_1.cif.gz,/scratch/a2149a01/RAPCID_2610_output/backbone_long/RAPCID_backbone_rapcid_backbone_123_model_1.cif.gz,B,A,45,37,5.419,3.365,2.796,5,7,20,17,0.5405,144.76,chain1_F_chain2_E,0,3,1,0,3,1,0,0,0,0,16,13,0,2,1,1,1,1,1,0,0,pass_conserved_motif,0.71059,0,
backbone_long,RAPCID_backbone_rapcid_backbone_123_model_2.cif.gz,/scratch/a2149a01/RAPCID_2610_output/backbone_long/RAPCID_backbone_rapcid_backbone_123_model_2.cif.gz,B,A,45,37,9.903,3.398,2.997,5,3,14,11,0.56,159.14,chain1_F_chain2_E,0,3,1,0,3,1,0,0,0,0,14,9,0,1,1,1,1,1,1,0,0,pass_conserved_motif,0.74982,0,
backbone_long,RAPCID_backbone_rapcid_backbone_123_model_3.cif.gz,/scratch/a2149a01/RAPCID_2610_output/backbone_long/RAPCID_backbone_rapcid_backbone_123_model_3.cif.gz,B,A,45,37,3.661,3.178,3.434,6,4,19,13,0.5938,152.45,chain1_F_chain2_E,0,3,1,0,3,1,0,1,0,0,16,10,0,1,1,1,1,1,1,0,0,pass_conserved_motif,0.71997,0,
backbone_long,RAPCID_backbone_rapcid_backbone_123_model_4.cif.gz,/scratch/a2149a01/RAPCID_2610_output/backbone_long/RAPCID_backbone_rapcid_backbone_123_model_4.cif.gz,B,A,45,37,7.243,3.371,3.067,5,3,19,7,0.7308,150.37,chain1_F_chain2_E,0,3,1,0,3,1,0,0,0,0,15,9,1,2,1,1,1,1,1,1,1,,0.65322,1,367
backbone_long,RAPCID_backbone_rapcid_backbone_123_model_5.cif.gz,/scratch/a2149a01/RAPCID_2610_output/backbone_long/RAPCID_backbone_rapcid_backbone_123_model_5.cif.gz,B,A,45,37,2.486,2.943,2.918,5,4,13,9,0.5909,114.72,chain1_F_chain2_E,0,2,1,0,2,1,0,10,0,0,8,12,1,2,1,1,1,1,1,1,1,,0.59174,1,520
backbone_long,RAPCID_backbone_rapcid_backbone_123_model_6.cif.gz,/scratch/a2149a01/RAPCID_2610_output/backbone_long/RAPCID_backbone_rapcid_backbone_123_model_6.cif.gz,B,A,45,37,8.058,3.365,2.961,6,3,17,9,0.6538,149.13,chain1_F_chain2_E,0,3,2,0,3,2,0,0,0,0,16,9,0,1,1,1,1,1,1,0,0,pass_conserved_motif,0.70843,0,
backbone_long,RAPCID_backbone_rapcid_backbone_123_model_7.cif.gz,/scratch/a2149a01/RAPCID_2610_output/backbone_long/RAPCID_backbone_rapcid_backbone_123_model_7.cif.gz,B,A,45,37,3.313,3.843,2.541,6,7,9,16,0.36,132.32,chain1_F_chain2_E,0,3,2,0,3,2,0,1,0,0,14,10,1,1,1,1,1,1,1,1,1,,0.66291,1,334
backbone_long,RAPCID_backbone_rapcid_backbone_124_model_0.cif.gz,/scratch/a2149a01/RAPCID_2610_output/backbone_long/RAPCID_backbone_rapcid_backbone_124_model_0.cif.gz,B,A,38,32,12.511,3.192,2.992,5,3,15,8,0.6522,163.07,chain1_F_chain2_E,0,3,1,0,3,1,0,0,0,0,16,10,0,1,1,1,1,1,1,0,0,pass_conserved_motif,0.69985,0,
backbone_long,RAPCID_backbone_rapcid_backbone_124_model_1.cif.gz,/scratch/a2149a01/RAPCID_2610_output/backbone_long/RAPCID_backbone_rapcid_backbone_124_model_1.cif.gz,B,A,38,32,3.325,3.196,2.536,7,5,20,15,0.5714,164.17,chain1_F_chain2_E,0,3,2,0,3,2,1,1,1,1,16,9,0,1,1,1,1,1,1,0,0,pass_conserved_motif,0.82397,0,
backbone_long,RAPCID_backbone_rapcid_backbone_124_model_2.cif.gz,/scratch/a2149a01/RAPCID_2610_output/backbone_long/RAPCID_backbone_rapcid_backbone_124_model_2.cif.gz,B,A,38,32,7.787,3.367,3.364,4,4,9,11,0.45,149.99,chain1_F_chain2_E,0,3,1,0,3,1,0,0,0,0,15,11,0,1,1,1,1,1,1,0,0,pass_conserved_motif,0.72426,0,
backbone_long,RAPCID_backbone_rapcid_backbone_124_model_3.cif.gz,/scratch/a2149a01/RAPCID_2610_output/backbone_long/RAPCID_backbone_rapcid_backbone_124_model_3.cif.gz,B,A,38,32,6.66,3.285,3.436,5,4,20,8,0.7143,142.67,chain1_F_chain2_E,0,3,1,0,3,1,0,0,0,0,16,11,0,1,1,1,1,1,1,0,0,pass_conserved_motif,0.63415,0,
backbone_long,RAPCID_backbone_rapcid_backbone_124_model_4.cif.gz,/scratch/a2149a01/RAPCID_2610_output/backbone_long/RAPCID_backbone_rapcid_backbone_124_model_4.cif.gz,B,A,38,32,9.373,3.62,2.161,5,4,15,13,0.5357,160.07,chain1_F_chain2_E,0,3,2,0,3,2,1,0,0,0,16,8,0,1,1,1,1,1,1,0,0,pass_conserved_motif,0.81357,0,
backbone_long,RAPCID_backbone_rapcid_backbone_124_model_5.cif.gz,/scratch/a2149a01/RAPCID_2610_output/backbone_long/RAPCID_backbone_rapcid_backbone_124_model_5.cif.gz,B,A,38,32,13.295,3.258,3.013,5,2,19,4,0.8261,170.52,chain1_F_chain2_E,0,3,1,0,3,1,0,0,0,0,15,7,0,2,1,1,1,1,1,0,0,pass_conserved_motif,0.60543,0,
backbone_long,RAPCID_backbone_rapcid_backbone_124_model_6.cif.gz,/scratch/a2149a01/RAPCID_2610_output/backbone_long/RAPCID_backbone_rapcid_backbone_124_model_6.cif.gz,B,A,38,32,3.778,3.562,2.942,6,4,15,10,0.6,157.56,chain1_F_chain2_E,0,3,1,0,3,1,0,2,0,0,16,9,0,1,1,1,1,1,1,0,0,pass_conserved_motif,0.73948,0,
backbone_long,RAPCID_backbone_rapcid_backbone_124_model_7.cif.gz,/scratch/a2149a01/RAPCID_2610_output/backbone_long/RAPCID_backbone_rapcid_backbone_124_model_7.cif.gz,B,A,38,32,10.569,3.493,2.62,5,3,13,9,0.5909,162.33,chain1_F_chain2_E,0,3,1,0,3,1,0,0,0,0,15,6,0,2,1,1,1,1,1,0,0,pass_conserved_motif,0.72681,0,
backbone_long,RAPCID_backbone_rapcid_backbone_125_model_0.cif.gz,/scratch/a2149a01/RAPCID_2610_output/backbone_long/RAPCID_backbone_rapcid_backbone_125_model_0.cif.gz,A,B,45,37,6.585,2.613,3.107,5,5,10,14,0.4167,149.77,chain1_E_chain2_F,1,0,0,3,1,3,0,0,0,0,9,12,1,0,1,1,1,1,1,0,0,pass_conserved_motif,0.71019,0,
backbone_long,RAPCID_backbone_rapcid_backbone_125_model_1.cif.gz,/scratch/a2149a01/RAPCID_2610_output/backbone_long/RAPCID_backbone_rapcid_backbone_125_model_1.cif.gz,A,B,45,37,3.0,2.54,2.796,4,5,8,17,0.32,122.67,chain1_E_chain2_F,1,0,0,2,1,2,0,3,0,1,9,11,1,0,1,1,1,1,1,0,0,pass_conserved_motif,0.58429,0,
backbone_long,RAPCID_backbone_rapcid_backbone_125_model_2.cif.gz,/scratch/a2149a01/RAPCID_2610_output/backbone_long/RAPCID_backbone_rapcid_backbone_125_model_2.cif.gz,A,B,45,37,3.018,2.709,3.445,5,6,16,12,0.5714,116.18,chain1_E_chain2_F,2,0,0,3,2,3,0,3,0,1,12,13,1,0,1,1,1,1,1,0,0,pass_conserved_motif,0.66322,0,
backbone_long,RAPCID_backbone_rapcid_backbone_125_model_3.cif.gz,/scratch/a2149a01/RAPCID_2610_output/backbone_long/RAPCID_backbone_rapcid_backbone_125_model_3.cif.gz,A,B,45,37,2.833,2.862,2.9,5,4,14,16,0.4667,110.34,chain1_E_chain2_F,1,0,1,2,1,2,0,19,1,1,11,9,1,0,1,1,1,1,1,0,0,pass_conserved_motif,0.58852,0,
backbone_long,RAPCID_backbone_rapcid_backbone_125_model_4.cif.gz,/scratch/a2149a01/RAPCID_2610_output/backbone_long/RAPCID_backbone_rapcid_backbone_125_model_4.cif.gz,A,B,45,37,2.707,2.924,3.558,5,5,12,10,0.5455,126.22,chain1_E_chain2_F,1,0,0,2,1,2,0,9,0,0,10,10,1,0,1,1,1,1,1,0,0,pass_conserved_motif,0.65328,0,
backbone_long,RAPCID_backbone_rapcid_backbone_125_model_5.cif.gz,/scratch/a2149a01/RAPCID_2610_output/backbone_long/RAPCID_backbone_rapcid_backbone_125_model_5.cif.gz,A,B,45,37,3.615,2.39,3.263,4,5,13,16,0.4483,129.05,chain1_E_chain2_F,2,0,0,2,2,2,0,2,0,0,10,8,1,0,1,1,1,1,1,0,0,pass_conserved_motif,0.66376,0,
backbone_long,RAPCID_backbone_rapcid_backbone_125_model_6.cif.gz,/scratch/a2149a01/RAPCID_2610_output/backbone_long/RAPCID_backbone_rapcid_backbone_125_model_6.cif.gz,A,B,45,37,3.151,2.608,2.864,5,11,10,38,0.2083,156.36,chain1_E_chain2_F,1,0,1,3,1,3,1,3,1,2,9,19,1,2,1,1,1,1,1,1,1,,0.74239,1,77
backbone_long,RAPCID_backbone_rapcid_backbone_125_model_7.cif.gz,/scratch/a2149a01/RAPCID_2610_output/backbone_long/RAPCID_backbone_rapcid_backbone_125_model_7.cif.gz,A,B,45,37,2.909,2.42,3.134,4,5,13,20,0.3939,127.23,chain1_E_chain2_F,2,0,1,2,2,2,1,9,0,0,10,10,1,0,1,1,1,1,1,0,0,pass_conserved_motif,0.68952,0,
backbone_long,RAPCID_backbone_rapcid_backbone_126_model_0.cif.gz,/scratch/a2149a01/RAPCID_2610_output/backbone_long/RAPCID_backbone_rapcid_backbone_126_model_0.cif.gz,B,A,46,34,3.07,3.048,2.269,5,4,18,14,0.5625,107.88,chain1_F_chain2_E,0,2,1,0,2,1,0,8,2,0,9,10,1,1,1,1,1,1,1,1,1,,0.62363,1,457
backbone_long,RAPCID_backbone_rapcid_backbone_126_model_1.cif.gz,/scratch/a2149a01/RAPCID_2610_output/backbone_long/RAPCID_backbone_rapcid_backbone_126_model_1.cif.gz,B,A,46,34,2.743,3.641,2.962,4,4,9,9,0.5,123.42,chain1_F_chain2_E,0,2,1,0,2,1,0,11,0,0,10,14,0,1,1,1,1,1,1,0,0,pass_conserved_motif,0.6521,0,
backbone_long,RAPCID_backbone_rapcid_backbone_126_model_2.cif.gz,/scratch/a2149a01/RAPCID_2610_output/backbone_long/RAPCID_backbone_rapcid_backbone_126_model_2.cif.gz,B,A,46,34,3.254,3.021,3.214,7,4,20,17,0.5405,119.8,chain1_F_chain2_E,1,3,2,0,3,2,1,4,1,1,14,10,1,2,1,1,1,1,1,1,1,,0.73788,1,93
backbone_long,RAPCID_backbone_rapcid_backbone_126_model_3.cif.gz,/scratch/a2149a01/RAPCID_2610_output/backbone_long/RAPCID_backbone_rapcid_backbone_126_model_3.cif.gz,B,A,46,34,3.392,2.762,2.905,4,4,8,15,0.3478,139.59,chain1_F_chain2_E,0,3,1,0,3,1,0,2,0,0,14,9,0,1,1,1,1,1,1,0,0,pass_conserved_motif,0.65873,0,
backbone_long,RAPCID_backbone_rapcid_backbone_126_model_4.cif.gz,/scratch/a2149a01/RAPCID_2610_output/backbone_long/RAPCID_backbone_rapcid_backbone_126_model_4.cif.gz,B,A,46,34,2.883,3.543,2.883,5,3,13,9,0.5909,135.91,chain1_F_chain2_E,0,2,1,0,2,1,0,10,0,0,11,13,0,1,1,1,1,1,1,0,0,pass_conserved_motif,0.66239,0,
backbone_long,RAPCID_backbone_rapcid_backbone_126_model_5.cif.gz,/scratch/a2149a01/RAPCID_2610_output/backbone_long/RAPCID_backbone_rapcid_backbone_126_model_5.cif.gz,B,A,46,34,5.69,3.023,3.139,4,3,8,7,0.5333,136.53,chain1_F_chain2_E,0,2,1,0,2,1,0,0,0,0,12,9,0,1,1,1,1,1,1,0,0,pass_conserved_motif,0.65747,0,
backbone_long,RAPCID_backbone_rapcid_backbone_126_model_6.cif.gz,/scratch/a2149a01/RAPCID_2610_output/backbone_long/RAPCID_backbone_rapcid_backbone_126_model_6.cif.gz,B,A,46,34,2.888,2.793,3.047,6,5,20,12,0.625,108.63,chain1_F_chain2_E,1,2,2,0,2,2,0,14,1,1,11,9,2,1,1,1,1,1,1,1,1,,0.59972,1,506
backbone_long,RAPCID_backbone_rapcid_backbone_126_model_7.cif.gz,/scratch/a2149a01/RAPCID_2610_output/backbone_long/RAPCID_backbone_rapcid_backbone_126_model_7.cif.gz,B,A,46,34,2.75,3.028,2.961,6,4,17,17,0.5,104.7,chain1_F_chain2_E,1,2,1,0,2,1,0,11,0,1,13,10,0,3,1,1,1,1,1,0,0,pass_conserved_motif,0.60637,0,
backbone_long,RAPCID_backbone_rapcid_backbone_127_model_0.cif.gz,/scratch/a2149a01/RAPCID_2610_output/backbone_long/RAPCID_backbone_rapcid_backbone_127_model_0.cif.gz,B,A,49,35,3.451,2.846,2.373,5,5,12,18,0.4,173.31,chain1_F_chain2_E,0,2,2,0,2,2,1,2,0,0,10,9,0,2,1,1,1,1,1,0,0,pass_conserved_motif,0.72517,0,
backbone_long,RAPCID_backbone_rapcid_backbone_127_model_1.cif.gz,/scratch/a2149a01/RAPCID_2610_output/backbone_long/RAPCID_backbone_rapcid_backbone_127_model_1.cif.gz,B,A,49,35,3.145,3.866,3.039,4,4,7,12,0.3684,130.84,chain1_F_chain2_E,0,2,1,0,2,1,0,8,0,1,13,10,0,1,1,1,1,1,1,0,0,pass_conserved_motif,0.65589,0,
backbone_long,RAPCID_backbone_rapcid_backbone_127_model_2.cif.gz,/scratch/a2149a01/RAPCID_2610_output/backbone_long/RAPCID_backbone_rapcid_backbone_127_model_2.cif.gz,B,A,49,35,3.658,3.243,2.248,7,4,19,10,0.6552,121.8,chain1_F_chain2_E,1,3,2,0,3,2,0,4,0,0,13,10,0,1,1,1,1,1,1,0,0,pass_conserved_motif,0.63677,0,
backbone_long,RAPCID_backbone_rapcid_backbone_127_model_3.cif.gz,/scratch/a2149a01/RAPCID_2610_output/backbone_long/RAPCID_backbone_rapcid_backbone_127_model_3.cif.gz,B,A,49,35,2.715,3.213,2.773,5,4,20,14,0.5882,117.55,chain1_F_chain2_E,0,2,1,0,2,1,0,3,1,1,10,11,2,1,1,1,1,1,1,1,1,,0.62058,1,467
backbone_long,RAPCID_backbone_rapcid_backbone_127_model_4.cif.gz,/scratch/a2149a01/RAPCID_2610_output/backbone_long/RAPCID_backbone_rapcid_backbone_127_model_4.cif.gz,B,A,49,35,3.32,3.012,3.134,5,3,20,6,0.7692,113.09,chain1_F_chain2_E,1,2,0,0,2,0,0,4,0,0,11,10,1,1,1,1,1,1,1,1,1,,0.47642,1,699
backbone_long,RAPCID_backbone_rapcid_backbone_127_model_5.cif.gz,/scratch/a2149a01/RAPCID_2610_output/backbone_long/RAPCID_backbone_rapcid_backbone_127_model_5.cif.gz,B,A,49,35,3.135,3.121,2.795,4,4,14,12,0.5385,113.18,chain1_F_chain2_E,1,2,2,0,2,2,0,3,1,2,9,11,0,1,1,1,1,1,1,0,0,pass_conserved_motif,0.67118,0,
backbone_long,RAPCID_backbone_rapcid_backbone_127_model_6.cif.gz,/scratch/a2149a01/RAPCID_2610_output/backbone_long/RAPCID_backbone_rapcid_backbone_127_model_6.cif.gz,B,A,49,35,2.518,2.218,3.165,6,4,24,18,0.5714,111.27,chain1_F_chain2_E,1,2,2,0,2,2,0,7,1,1,11,11,1,1,1,1,1,1,1,1,1,,0.65494,1,359
backbone_long,RAPCID_backbone_rapcid_backbone_127_model_7.cif.gz,/scratch/a2149a01/RAPCID_2610_output/backbone_long/RAPCID_backbone_rapcid_backbone_127_model_7.cif.gz,B,A,49,35,2.823,2.71,2.71,6,5,17,10,0.6296,125.24,chain1_F_chain2_E,1,2,2,0,2,2,0,16,0,1,13,14,0,1,1,1,1,1,1,0,0,pass_conserved_motif,0.62657,0,
backbone_long,RAPCID_backbone_rapcid_backbone_128_model_0.cif.gz,/scratch/a2149a01/RAPCID_2610_output/backbone_long/RAPCID_backbone_rapcid_backbone_128_model_0.cif.gz,A,B,53,41,3.481,2.89,2.673,4,5,11,19,0.3667,117.23,chain1_E_chain2_F,1,0,0,2,1,2,0,3,0,0,11,8,1,0,1,1,1,1,1,0,0,pass_conserved_motif,0.56814,0,
backbone_long,RAPCID_backbone_rapcid_backbone_128_model_1.cif.gz,/scratch/a2149a01/RAPCID_2610_output/backbone_long/RAPCID_backbone_rapcid_backbone_128_model_1.cif.gz,A,B,53,41,10.661,2.907,3.403,4,10,6,28,0.1765,169.16,chain1_E_chain2_F,1,0,0,3,1,3,0,0,0,0,9,20,1,0,1,1,1,1,1,0,0,pass_conserved_motif,0.611,0,
backbone_long,RAPCID_backbone_rapcid_backbone_128_model_2.cif.gz,/scratch/a2149a01/RAPCID_2610_output/backbone_long/RAPCID_backbone_rapcid_backbone_128_model_2.cif.gz,A,B,53,41,5.557,3.445,3.396,3,10,6,27,0.1818,171.41,chain1_E_chain2_F,1,0,0,3,1,3,1,0,0,0,7,18,2,0,1,1,1,1,1,0,0,pass_conserved_motif,0.63421,0,
backbone_long,RAPCID_backbone_rapcid_backbone_128_model_3.cif.gz,/scratch/a2149a01/RAPCID_2610_output/backbone_long/RAPCID_backbone_rapcid_backbone_128_model_3.cif.gz,A,B,53,41,2.244,2.805,2.693,5,6,14,16,0.4667,119.78,chain1_E_chain2_F,2,0,0,2,2,2,0,7,1,0,10,10,1,1,1,1,1,1,1,1,1,,0.68189,1,265
backbone_long,RAPCID_backbone_rapcid_backbone_128_model_4.cif.gz,/scratch/a2149a01/RAPCID_2610_output/backbone_long/RAPCID_backbone_rapcid_backbone_128_model_4.cif.gz,A,B,53,41,2.904,2.686,2.617,4,3,11,15,0.4231,115.19,chain1_E_chain2_F,1,0,1,2,1,2,0,21,0,1,11,9,2,1,1,1,1,1,1,1,1,,0.56056,1,581
backbone_long,RAPCID_backbone_rapcid_backbone_128_model_5.cif.gz,/scratch/a2149a01/RAPCID_2610_output/backbone_long/RAPCID_backbone_rapcid_backbone_128_model_5.cif.gz,A,B,53,41,4.173,2.855,2.447,4,4,14,13,0.5185,128.54,chain1_E_chain2_F,2,0,0,2,2,2,0,0,0,0,10,9,2,0,1,1,1,1,1,0,0,pass_conserved_motif,0.66533,0,
backbone_long,RAPCID_backbone_rapcid_backbone_128_model_6.cif.gz,/scratch/a2149a01/RAPCID_2610_output/backbone_long/RAPCID_backbone_rapcid_backbone_128_model_6.cif.gz,A,B,53,41,10.365,3.24,3.179,3,6,11,20,0.3548,174.12,chain1_E_chain2_F,2,0,0,3,2,3,1,0,0,0,9,16,2,0,1,1,1,1,1,0,0,pass_conserved_motif,0.72297,0,
backbone_long,RAPCID_backbone_rapcid_backbone_128_model_7.cif.gz,/scratch/a2149a01/RAPCID_2610_output/backbone_long/RAPCID_backbone_rapcid_backbone_128_model_7.cif.gz,A,B,53,41,3.983,2.802,3.05,4,5,15,10,0.6,135.56,chain1_E_chain2_F,2,0,0,3,2,3,1,1,0,0,10,12,1,0,1,1,1,1,1,0,0,pass_conserved_motif,0.71828,0,
backbone_long,RAPCID_backbone_rapcid_backbone_129_model_0.cif.gz,/scratch/a2149a01/RAPCID_2610_output/backbone_long/RAPCID_backbone_rapcid_backbone_129_model_0.cif.gz,B,A,51,32,3.257,2.308,2.855,3,7,12,17,0.4138,101.49,chain1_F_chain2_E,0,2,1,0,2,1,0,3,1,1,9,10,2,2,1,1,1,1,1,1,1,,0.56786,1,574
backbone_long,RAPCID_backbone_rapcid_backbone_129_model_1.cif.gz,/scratch/a2149a01/RAPCID_2610_output/backbone_long/RAPCID_backbone_rapcid_backbone_129_model_1.cif.gz,B,A,51,32,3.59,3.256,2.04,8,8,28,19,0.5957,153.69,chain1_F_chain2_E,1,3,1,0,3,1,1,1,1,0,18,11,1,1,1,1,1,1,1,1,1,,0.76854,1,34
backbone_long,RAPCID_backbone_rapcid_backbone_129_model_2.cif.gz,/scratch/a2149a01/RAPCID_2610_output/backbone_long/RAPCID_backbone_rapcid_backbone_129_model_2.cif.gz,B,A,51,32,2.871,3.403,2.784,5,4,15,8,0.6522,130.12,chain1_F_chain2_E,0,2,1,0,2,1,0,4,1,1,9,11,0,2,1,1,1,1,1,0,0,pass_conserved_motif,0.64192,0,
backbone_long,RAPCID_backbone_rapcid_backbone_129_model_3.cif.gz,/scratch/a2149a01/RAPCID_2610_output/backbone_long/RAPCID_backbone_rapcid_backbone_129_model_3.cif.gz,B,A,51,32,7.936,2.813,3.214,10,3,28,8,0.7778,160.39,chain1_F_chain2_E,0,3,1,0,3,1,1,0,0,0,21,10,0,1,1,1,1,1,1,0,0,pass_conserved_motif,0.68711,0,
backbone_long,RAPCID_backbone_rapcid_backbone_129_model_4.cif.gz,/scratch/a2149a01/RAPCID_2610_output/backbone_long/RAPCID_backbone_rapcid_backbone_129_model_4.cif.gz,B,A,51,32,3.413,2.778,2.979,10,4,27,12,0.6923,148.88,chain1_F_chain2_E,2,3,1,0,3,1,0,1,0,0,17,13,1,1,1,1,1,1,1,1,1,,0.66861,1,317
backbone_long,RAPCID_backbone_rapcid_backbone_129_model_5.cif.gz,/scratch/a2149a01/RAPCID_2610_output/backbone_long/RAPCID_backbone_rapcid_backbone_129_model_5.cif.gz,B,A,51,32,2.878,3.493,3.429,5,2,13,3,0.8125,148.41,chain1_F_chain2_E,0,2,1,0,2,1,0,10,0,0,9,7,0,1,1,0,1,1,1,0,0,pass_dual_rap_contact;pass_conserved_motif,0.61542,0,
backbone_long,RAPCID_backbone_rapcid_backbone_129_model_6.cif.gz,/scratch/a2149a01/RAPCID_2610_output/backbone_long/RAPCID_backbone_rapcid_backbone_129_model_6.cif.gz,B,A,51,32,4.343,1.836,2.746,5,3,15,11,0.5769,141.69,chain1_F_chain2_E,0,2,2,0,2,2,1,0,0,0,10,7,0,2,0,1,1,1,1,0,0,pass_no_clash;pass_conserved_motif,0.71439,0,
backbone_long,RAPCID_backbone_rapcid_backbone_129_model_7.cif.gz,/scratch/a2149a01/RAPCID_2610_output/backbone_long/RAPCID_backbone_rapcid_backbone_129_model_7.cif.gz,B,A,51,32,2.981,2.268,2.706,5,3,19,12,0.6129,124.56,chain1_F_chain2_E,0,3,2,0,3,2,0,9,0,1,10,12,2,1,1,1,1,1,1,1,1,,0.69455,1,223
backbone_long,RAPCID_backbone_rapcid_backbone_12_model_0.cif.gz,/scratch/a2149a01/RAPCID_2610_output/backbone_long/RAPCID_backbone_rapcid_backbone_12_model_0.cif.gz,A,B,45,40,8.091,2.773,3.149,4,6,8,27,0.2286,163.48,chain1_E_chain2_F,1,0,0,3,1,3,0,0,0,0,11,15,2,0,1,1,1,1,1,0,0,pass_conserved_motif,0.65078,0,
backbone_long,RAPCID_backbone_rapcid_backbone_12_model_1.cif.gz,/scratch/a2149a01/RAPCID_2610_output/backbone_long/RAPCID_backbone_rapcid_backbone_12_model_1.cif.gz,A,B,45,40,10.34,2.688,3.569,4,5,9,12,0.4286,170.06,chain1_E_chain2_F,1,0,0,3,1,3,0,0,0,0,9,16,1,0,1,1,1,1,1,0,0,pass_conserved_motif,0.70886,0,
backbone_long,RAPCID_backbone_rapcid_backbone_12_model_2.cif.gz,/scratch/a2149a01/RAPCID_2610_output/backbone_long/RAPCID_backbone_rapcid_backbone_12_model_2.cif.gz,A,B,45,40,3.601,3.103,2.819,4,5,13,17,0.4333,151.14,chain1_E_chain2_F,2,0,0,3,2,3,0,1,0,0,10,15,1,0,1,1,1,1,1,0,0,pass_conserved_motif,0.755,0,
backbone_long,RAPCID_backbone_rapcid_backbone_12_model_3.cif.gz,/scratch/a2149a01/RAPCID_2610_output/backbone_long/RAPCID_backbone_rapcid_backbone_12_model_3.cif.gz,A,B,45,40,8.199,4.205,3.208,3,5,6,17,0.2609,166.28,chain1_E_chain2_F,1,0,0,2,1,2,1,0,0,0,9,17,1,0,1,1,1,1,1,0,0,pass_conserved_motif,0.65438,0,
backbone_long,RAPCID_backbone_rapcid_backbone_12_model_4.cif.gz,/scratch/a2149a01/RAPCID_2610_output/backbone_long/RAPCID_backbone_rapcid_backbone_12_model_4.cif.gz,A,B,45,40,3.437,3.187,3.789,5,5,11,8,0.5789,148.58,chain1_E_chain2_F,1,0,0,3,1,3,0,1,1,0,13,14,1,0,1,1,1,1,1,0,0,pass_conserved_motif,0.72965,0,
backbone_long,RAPCID_backbone_rapcid_backbone_12_model_5.cif.gz,/scratch/a2149a01/RAPCID_2610_output/backbone_long/RAPCID_backbone_rapcid_backbone_12_model_5.cif.gz,A,B,45,40,9.175,3.439,3.091,5,6,14,22,0.3889,166.17,chain1_E_chain2_F,1,0,0,3,1,3,0,0,0,0,7,16,1,0,1,1,1,1,1,0,0,pass_conserved_motif,0.70594,0,
backbone_long,RAPCID_backbone_rapcid_backbone_12_model_6.cif.gz,/scratch/a2149a01/RAPCID_2610_output/backbone_long/RAPCID_backbone_rapcid_backbone_12_model_6.cif.gz,A,B,45,40,4.53,3.523,3.683,2,6,2,12,0.1429,169.28,chain1_E_chain2_F,0,0,0,3,0,3,0,0,0,0,7,16,1,0,1,0,1,1,1,0,0,pass_dual_rap_contact;pass_conserved_motif,0.5686,0,
backbone_long,RAPCID_backbone_rapcid_backbone_12_model_7.cif.gz,/scratch/a2149a01/RAPCID_2610_output/backbone_long/RAPCID_backbone_rapcid_backbone_12_model_7.cif.gz,A,B,45,40,7.944,2.667,2.882,4,6,13,23,0.3611,162.28,chain1_E_chain2_F,2,0,0,3,2,3,0,0,0,0,11,16,1,0,1,1,1,1,1,0,0,pass_conserved_motif,0.73636,0,
backbone_long,RAPCID_backbone_rapcid_backbone_130_model_0.cif.gz,/scratch/a2149a01/RAPCID_2610_output/backbone_long/RAPCID_backbone_rapcid_backbone_130_model_0.cif.gz,B,A,51,37,2.69,2.66,2.523,7,5,15,13,0.5357,134.53,chain1_F_chain2_E,0,2,2,0,2,2,0,7,0,0,11,11,0,1,1,1,1,1,1,0,0,pass_conserved_motif,0.71343,0,
backbone_long,RAPCID_backbone_rapcid_backbone_130_model_1.cif.gz,/scratch/a2149a01/RAPCID_2610_output/backbone_long/RAPCID_backbone_rapcid_backbone_130_model_1.cif.gz,B,A,51,37,3.652,2.586,2.838,6,3,20,9,0.6897,109.51,chain1_F_chain2_E,1,2,1,0,2,1,0,2,0,0,10,11,1,1,1,1,1,1,1,1,1,,0.51487,1,633
backbone_long,RAPCID_backbone_rapcid_backbone_130_model_2.cif.gz,/scratch/a2149a01/RAPCID_2610_output/backbone_long/RAPCID_backbone_rapcid_backbone_130_model_2.cif.gz,B,A,51,37,2.982,3.195,2.168,7,6,17,15,0.5312,116.83,chain1_F_chain2_E,0,3,1,0,3,1,0,19,0,2,11,12,0,1,1,1,1,1,1,0,0,pass_conserved_motif,0.63954,0,
backbone_long,RAPCID_backbone_rapcid_backbone_130_model_3.cif.gz,/scratch/a2149a01/RAPCID_2610_output/backbone_long/RAPCID_backbone_rapcid_backbone_130_model_3.cif.gz,B,A,51,37,3.259,2.637,2.956,4,4,16,14,0.5333,142.31,chain1_F_chain2_E,1,2,2,0,2,2,1,1,0,0,10,10,0,1,1,1,1,1,1,0,0,pass_conserved_motif,0.73889,0,
backbone_long,RAPCID_backbone_rapcid_backbone_130_model_4.cif.gz,/scratch/a2149a01/RAPCID_2610_output/backbone_long/RAPCID_backbone_rapcid_backbone_130_model_4.cif.gz,B,A,51,37,2.525,2.062,3.449,4,2,17,6,0.7391,97.03,chain1_F_chain2_E,1,2,1,0,2,1,0,4,1,1,8,9,0,2,1,1,1,1,1,0,0,pass_conserved_motif,0.49684,0,
backbone_long,RAPCID_backbone_rapcid_backbone_130_model_5.cif.gz,/scratch/a2149a01/RAPCID_2610_output/backbone_long/RAPCID_backbone_rapcid_backbone_130_model_5.cif.gz,B,A,51,37,3.438,2.716,2.791,4,5,16,14,0.5333,124.9,chain1_F_chain2_E,1,2,1,0,2,1,0,5,0,1,12,10,0,1,1,1,1,1,1,0,0,pass_conserved_motif,0.66038,0,
backbone_long,RAPCID_backbone_rapcid_backbone_130_model_6.cif.gz,/scratch/a2149a01/RAPCID_2610_output/backbone_long/RAPCID_backbone_rapcid_backbone_130_model_6.cif.gz,B,A,51,37,3.246,2.876,2.786,6,4,13,14,0.4815,128.85,chain1_F_chain2_E,1,3,1,0,3,1,0,7,0,1,10,14,0,1,1,1,1,1,1,0,0,pass_conserved_motif,0.71806,0,
backbone_long,RAPCID_backbone_rapcid_backbone_130_model_7.cif.gz,/scratch/a2149a01/RAPCID_2610_output/backbone_long/RAPCID_backbone_rapcid_backbone_130_model_7.cif.gz,B,A,51,37,3.274,3.248,2.695,6,5,15,16,0.4839,117.47,chain1_F_chain2_E,0,2,2,0,2,2,1,12,0,1,12,12,0,1,1,1,1,1,1,0,0,pass_conserved_motif,0.69465,0,
backbone_long,RAPCID_backbone_rapcid_backbone_131_model_0.cif.gz,/scratch/a2149a01/RAPCID_2610_output/backbone_long/RAPCID_backbone_rapcid_backbone_131_model_0.cif.gz,A,B,44,41,12.442,3.419,3.47,3,4,4,15,0.2105,168.65,chain1_E_chain2_F,1,0,0,2,1,2,0,0,0,0,9,15,1,0,1,1,1,1,1,0,0,pass_conserved_motif,0.59776,0,
backbone_long,RAPCID_backbone_rapcid_backbone_131_model_1.cif.gz,/scratch/a2149a01/RAPCID_2610_output/backbone_long/RAPCID_backbone_rapcid_backbone_131_model_1.cif.gz,A,B,44,41,3.312,2.707,3.58,3,5,10,15,0.4,159.38,chain1_E_chain2_F,1,0,0,3,1,3,0,3,0,0,9,15,1,0,1,1,1,1,1,0,0,pass_conserved_motif,0.74802,0,
backbone_long,RAPCID_backbone_rapcid_backbone_131_model_2.cif.gz,/scratch/a2149a01/RAPCID_2610_output/backbone_long/RAPCID_backbone_rapcid_backbone_131_model_2.cif.gz,A,B,44,41,3.542,2.861,3.272,4,7,13,15,0.4643,151.98,chain1_E_chain2_F,2,0,0,3,2,3,0,2,0,0,10,18,1,0,1,1,1,1,1,0,0,pass_conserved_motif,0.77517,0,
backbone_long,RAPCID_backbone_rapcid_backbone_131_model_3.cif.gz,/scratch/a2149a01/RAPCID_2610_output/backbone_long/RAPCID_backbone_rapcid_backbone_131_model_3.cif.gz,A,B,44,41,11.301,2.863,3.39,2,6,10,18,0.3571,165.92,chain1_E_chain2_F,2,0,0,3,2,3,1,0,0,0,12,16,1,0,1,1,1,1,1,0,0,pass_conserved_motif,0.75121,0,
backbone_long,RAPCID_backbone_rapcid_backbone_131_model_4.cif.gz,/scratch/a2149a01/RAPCID_2610_output/backbone_long/RAPCID_backbone_rapcid_backbone_131_model_4.cif.gz,A,B,44,41,3.723,2.859,3.204,4,5,9,17,0.3462,163.34,chain1_E_chain2_F,1,0,0,3,1,3,0,2,0,0,10,16,1,0,1,1,1,1,1,0,0,pass_conserved_motif,0.70827,0,
backbone_long,RAPCID_backbone_rapcid_backbone_131_model_5.cif.gz,/scratch/a2149a01/RAPCID_2610_output/backbone_long/RAPCID_backbone_rapcid_backbone_131_model_5.cif.gz,A,B,44,41,8.8,3.02,3.398,2,6,6,24,0.2,161.31,chain1_E_chain2_F,1,0,0,3,1,3,0,0,0,0,9,16,1,0,1,1,1,1,1,0,0,pass_conserved_motif,0.6466,0,
backbone_long,RAPCID_backbone_rapcid_backbone_131_model_6.cif.gz,/scratch/a2149a01/RAPCID_2610_output/backbone_long/RAPCID_backbone_rapcid_backbone_131_model_6.cif.gz,A,B,44,41,14.321,4.307,3.049,1,6,1,20,0.0476,132.22,chain1_E_chain2_F,0,0,0,3,0,3,0,0,0,0,5,15,1,0,1,0,0,1,1,0,0,pass_dual_rap_contact;pass_contact_balance;pass_conserved_motif,0.47548,0,
backbone_long,RAPCID_backbone_rapcid_backbone_131_model_7.cif.gz,/scratch/a2149a01/RAPCID_2610_output/backbone_long/RAPCID_backbone_rapcid_backbone_131_model_7.cif.gz,A,B,44,41,5.736,3.33,3.797,5,6,8,17,0.32,144.75,chain1_E_chain2_F,1,0,0,3,1,3,0,0,0,0,10,14,1,0,1,1,1,1,1,0,0,pass_conserved_motif,0.6548,0,
backbone_long,RAPCID_backbone_rapcid_backbone_132_model_0.cif.gz,/scratch/a2149a01/RAPCID_2610_output/backbone_long/RAPCID_backbone_rapcid_backbone_132_model_0.cif.gz,B,A,39,26,11.907,2.937,3.293,3,3,15,6,0.7143,141.07,chain1_F_chain2_E,0,3,1,0,3,1,0,0,0,0,11,9,1,1,1,1,1,1,1,1,1,,0.62879,1,438
backbone_long,RAPCID_backbone_rapcid_backbone_132_model_1.cif.gz,/scratch/a2149a01/RAPCID_2610_output/backbone_long/RAPCID_backbone_rapcid_backbone_132_model_1.cif.gz,B,A,39,26,9.914,1.323,3.873,5,1,12,1,0.9231,129.89,chain1_F_chain2_E,0,3,1,0,3,1,0,0,0,0,11,6,0,1,0,0,0,1,1,0,0,pass_no_clash;pass_dual_rap_contact;pass_contact_balance;pass_conserved_motif,0.50802,0,
backbone_long,RAPCID_backbone_rapcid_backbone_132_model_2.cif.gz,/scratch/a2149a01/RAPCID_2610_output/backbone_long/RAPCID_backbone_rapcid_backbone_132_model_2.cif.gz,B,A,39,26,2.795,3.755,2.459,4,4,7,12,0.3684,131.46,chain1_F_chain2_E,0,3,1,0,3,1,0,3,0,0,11,12,0,1,1,1,1,1,1,0,0,pass_conserved_motif,0.64485,0,
backbone_long,RAPCID_backbone_rapcid_backbone_132_model_3.cif.gz,/scratch/a2149a01/RAPCID_2610_output/backbone_long/RAPCID_backbone_rapcid_backbone_132_model_3.cif.gz,B,A,39,26,3.213,3.602,2.077,5,7,12,17,0.4138,120.25,chain1_F_chain2_E,0,2,2,0,2,2,0,4,0,1,8,10,1,1,1,1,1,1,1,1,1,,0.64729,1,387
backbone_long,RAPCID_backbone_rapcid_backbone_132_model_4.cif.gz,/scratch/a2149a01/RAPCID_2610_output/backbone_long/RAPCID_backbone_rapcid_backbone_132_model_4.cif.gz,B,A,39,26,4.822,2.732,3.19,4,5,12,20,0.375,121.6,chain1_F_chain2_E,0,3,1,0,3,1,0,0,0,0,10,11,0,2,1,1,1,1,1,0,0,pass_conserved_motif,0.59963,0,
backbone_long,RAPCID_backbone_rapcid_backbone_132_model_5.cif.gz,/scratch/a2149a01/RAPCID_2610_output/backbone_long/RAPCID_backbone_rapcid_backbone_132_model_5.cif.gz,B,A,39,26,6.295,2.695,2.827,4,4,13,12,0.52,121.29,chain1_F_chain2_E,1,2,2,0,2,2,0,0,0,0,9,14,0,1,1,1,1,1,1,0,0,pass_conserved_motif,0.64058,0,
backbone_long,RAPCID_backbone_rapcid_backbone_132_model_6.cif.gz,/scratch/a2149a01/RAPCID_2610_output/backbone_long/RAPCID_backbone_rapcid_backbone_132_model_6.cif.gz,B,A,39,26,3.571,3.15,2.883,6,3,12,6,0.6667,128.28,chain1_F_chain2_E,0,2,1,0,2,1,0,2,0,0,13,10,0,1,1,1,1,1,1,0,0,pass_conserved_motif,0.58666,0,
backbone_long,RAPCID_backbone_rapcid_backbone_132_model_7.cif.gz,/scratch/a2149a01/RAPCID_2610_output/backbone_long/RAPCID_backbone_rapcid_backbone_132_model_7.cif.gz,B,A,39,26,3.073,3.709,2.833,2,6,8,16,0.3333,92.24,chain1_F_chain2_E,0,2,1,0,2,1,0,7,1,0,9,8,1,1,1,1,1,1,1,1,1,,0.50819,1,642
backbone_long,RAPCID_backbone_rapcid_backbone_133_model_0.cif.gz,/scratch/a2149a01/RAPCID_2610_output/backbone_long/RAPCID_backbone_rapcid_backbone_133_model_0.cif.gz,B,A,59,52,2.803,3.048,2.67,5,3,15,13,0.5357,135.04,chain1_F_chain2_E,0,2,2,0,2,2,0,13,1,0,10,9,1,1,1,1,1,1,1,1,1,,0.7118,1,161
backbone_long,RAPCID_backbone_rapcid_backbone_133_model_1.cif.gz,/scratch/a2149a01/RAPCID_2610_output/backbone_long/RAPCID_backbone_rapcid_backbone_133_model_1.cif.gz,B,A,59,52,3.164,3.1,2.503,5,4,19,11,0.6333,119.55,chain1_F_chain2_E,1,2,1,0,2,1,0,16,1,1,12,10,0,1,1,1,1,1,1,0,0,pass_conserved_motif,0.59421,0,
backbone_long,RAPCID_backbone_rapcid_backbone_133_model_2.cif.gz,/scratch/a2149a01/RAPCID_2610_output/backbone_long/RAPCID_backbone_rapcid_backbone_133_model_2.cif.gz,B,A,59,52,3.071,3.534,2.796,7,5,16,14,0.5333,123.12,chain1_F_chain2_E,0,3,2,0,3,2,0,12,0,0,14,11,0,2,1,1,1,1,1,0,0,pass_conserved_motif,0.68992,0,
backbone_long,RAPCID_backbone_rapcid_backbone_133_model_3.cif.gz,/scratch/a2149a01/RAPCID_2610_output/backbone_long/RAPCID_backbone_rapcid_backbone_133_model_3.cif.gz,B,A,59,52,2.637,3.683,3.109,5,4,12,12,0.5,125.29,chain1_F_chain2_E,0,3,1,0,3,1,0,14,0,0,14,10,2,3,1,1,1,1,1,1,1,,0.67193,1,305
backbone_long,RAPCID_backbone_rapcid_backbone_133_model_4.cif.gz,/scratch/a2149a01/RAPCID_2610_output/backbone_long/RAPCID_backbone_rapcid_backbone_133_model_4.cif.gz,B,A,59,52,2.423,3.367,3.049,5,3,17,9,0.6538,125.95,chain1_F_chain2_E,0,3,1,0,3,1,0,9,0,0,11,9,0,1,1,1,1,1,1,0,0,pass_conserved_motif,0.63758,0,
backbone_long,RAPCID_backbone_rapcid_backbone_133_model_5.cif.gz,/scratch/a2149a01/RAPCID_2610_output/backbone_long/RAPCID_backbone_rapcid_backbone_133_model_5.cif.gz,B,A,59,52,2.916,3.257,2.803,4,5,6,12,0.3333,125.7,chain1_F_chain2_E,0,3,1,0,3,1,0,9,0,0,12,8,0,1,1,1,1,1,1,0,0,pass_conserved_motif,0.63163,0,
backbone_long,RAPCID_backbone_rapcid_backbone_133_model_6.cif.gz,/scratch/a2149a01/RAPCID_2610_output/backbone_long/RAPCID_backbone_rapcid_backbone_133_model_6.cif.gz,B,A,59,52,2.954,3.574,3.595,5,3,16,4,0.8,117.26,chain1_F_chain2_E,0,2,1,0,2,1,0,17,0,0,11,7,0,1,1,1,1,1,1,0,0,pass_conserved_motif,0.48159,0,
backbone_long,RAPCID_backbone_rapcid_backbone_133_model_7.cif.gz,/scratch/a2149a01/RAPCID_2610_output/backbone_long/RAPCID_backbone_rapcid_backbone_133_model_7.cif.gz,B,A,59,52,2.76,3.155,2.807,5,3,14,6,0.7,131.28,chain1_F_chain2_E,0,2,2,0,2,2,0,18,0,0,15,8,0,1,1,1,1,1,1,0,0,pass_conserved_motif,0.59188,0,
backbone_long,RAPCID_backbone_rapcid_backbone_134_model_0.cif.gz,/scratch/a2149a01/RAPCID_2610_output/backbone_long/RAPCID_backbone_rapcid_backbone_134_model_0.cif.gz,A,B,56,42,3.104,3.023,3.269,5,5,18,13,0.5806,127.39,chain1_E_chain2_F,2,0,0,3,2,3,0,10,0,0,11,14,1,0,1,1,1,1,1,0,0,pass_conserved_motif,0.69523,0,
backbone_long,RAPCID_backbone_rapcid_backbone_134_model_1.cif.gz,/scratch/a2149a01/RAPCID_2610_output/backbone_long/RAPCID_backbone_rapcid_backbone_134_model_1.cif.gz,A,B,56,42,2.605,3.074,2.954,2,6,7,21,0.25,135.55,chain1_E_chain2_F,1,0,0,2,1,2,0,11,0,1,9,13,1,1,1,1,1,1,1,1,1,,0.60923,1,488
backbone_long,RAPCID_backbone_rapcid_backbone_134_model_2.cif.gz,/scratch/a2149a01/RAPCID_2610_output/backbone_long/RAPCID_backbone_rapcid_backbone_134_model_2.cif.gz,A,B,56,42,3.129,2.642,3.188,5,6,12,13,0.48,133.28,chain1_E_chain2_F,1,0,0,2,1,2,0,5,0,0,10,10,1,0,1,1,1,1,1,0,0,pass_conserved_motif,0.67699,0,
backbone_long,RAPCID_backbone_rapcid_backbone_134_model_3.cif.gz,/scratch/a2149a01/RAPCID_2610_output/backbone_long/RAPCID_backbone_rapcid_backbone_134_model_3.cif.gz,A,B,56,42,3.211,2.841,2.857,4,4,9,15,0.375,125.64,chain1_E_chain2_F,1,0,1,2,1,2,0,10,1,0,11,10,1,0,1,1,1,1,1,0,0,pass_conserved_motif,0.63119,0,
backbone_long,RAPCID_backbone_rapcid_backbone_134_model_4.cif.gz,/scratch/a2149a01/RAPCID_2610_output/backbone_long/RAPCID_backbone_rapcid_backbone_134_model_4.cif.gz,A,B,56,42,3.237,2.824,2.716,5,7,13,12,0.52,137.92,chain1_E_chain2_F,1,0,0,3,1,3,0,11,0,0,14,12,1,0,1,1,1,1,1,0,0,pass_conserved_motif,0.72103,0,
backbone_long,RAPCID_backbone_rapcid_backbone_134_model_5.cif.gz,/scratch/a2149a01/RAPCID_2610_output/backbone_long/RAPCID_backbone_rapcid_backbone_134_model_5.cif.gz,A,B,56,42,3.551,2.475,2.963,4,4,14,11,0.56,130.3,chain1_E_chain2_F,1,0,0,2,1,2,1,8,0,0,12,11,2,0,1,1,1,1,1,0,0,pass_conserved_motif,0.69463,0,
backbone_long,RAPCID_backbone_rapcid_backbone_134_model_6.cif.gz,/scratch/a2149a01/RAPCID_2610_output/backbone_long/RAPCID_backbone_rapcid_backbone_134_model_6.cif.gz,A,B,56,42,2.642,2.918,3.391,5,8,19,24,0.4419,97.28,chain1_E_chain2_F,1,0,0,3,1,3,0,18,1,1,12,18,1,1,1,1,1,1,1,1,1,,0.56863,1,573
backbone_long,RAPCID_backbone_rapcid_backbone_134_model_7.cif.gz,/scratch/a2149a01/RAPCID_2610_output/backbone_long/RAPCID_backbone_rapcid_backbone_134_model_7.cif.gz,A,B,56,42,2.907,2.088,3.106,4,6,11,15,0.4231,135.49,chain1_E_chain2_F,2,0,1,3,2,3,0,4,0,1,8,13,1,0,1,1,1,1,1,0,0,pass_conserved_motif,0.7304,0,
backbone_long,RAPCID_backbone_rapcid_backbone_135_model_0.cif.gz,/scratch/a2149a01/RAPCID_2610_output/backbone_long/RAPCID_backbone_rapcid_backbone_135_model_0.cif.gz,A,B,37,31,10.824,2.832,3.295,2,5,5,15,0.25,162.84,chain1_E_chain2_F,1,0,0,3,1,3,0,0,0,0,8,14,1,1,1,1,1,1,1,1,1,,0.66148,1,342
backbone_long,RAPCID_backbone_rapcid_backbone_135_model_1.cif.gz,/scratch/a2149a01/RAPCID_2610_output/backbone_long/RAPCID_backbone_rapcid_backbone_135_model_1.cif.gz,A,B,37,31,9.922,2.975,3.637,3,6,13,16,0.4483,151.67,chain1_E_chain2_F,2,0,0,3,2,3,0,0,0,0,13,15,1,0,1,1,1,1,1,0,0,pass_conserved_motif,0.75775,0,
backbone_long,RAPCID_backbone_rapcid_backbone_135_model_2.cif.gz,/scratch/a2149a01/RAPCID_2610_output/backbone_long/RAPCID_backbone_rapcid_backbone_135_model_2.cif.gz,A,B,37,31,8.425,3.319,3.514,4,5,12,15,0.4444,147.52,chain1_E_chain2_F,1,0,0,3,1,3,0,0,0,0,11,14,1,0,1,1,1,1,1,0,0,pass_conserved_motif,0.71379,0,
backbone_long,RAPCID_backbone_rapcid_backbone_135_model_3.cif.gz,/scratch/a2149a01/RAPCID_2610_output/backbone_long/RAPCID_backbone_rapcid_backbone_135_model_3.cif.gz,A,B,37,31,7.109,3.039,3.486,4,5,11,15,0.4231,151.64,chain1_E_chain2_F,1,0,0,3,1,3,0,0,0,0,12,15,1,0,1,1,1,1,1,0,0,pass_conserved_motif,0.71899,0,
backbone_long,RAPCID_backbone_rapcid_backbone_135_model_4.cif.gz,/scratch/a2149a01/RAPCID_2610_output/backbone_long/RAPCID_backbone_rapcid_backbone_135_model_4.cif.gz,A,B,37,31,13.692,3.858,3.317,1,6,2,22,0.0833,165.87,chain1_E_chain2_F,0,0,0,3,0,3,0,0,0,0,6,15,1,0,1,0,0,1,1,0,0,pass_dual_rap_contact;pass_contact_balance;pass_conserved_motif,0.55615,0,
backbone_long,RAPCID_backbone_rapcid_backbone_135_model_5.cif.gz,/scratch/a2149a01/RAPCID_2610_output/backbone_long/RAPCID_backbone_rapcid_backbone_135_model_5.cif.gz,A,B,37,31,12.99,3.797,2.936,3,4,8,14,0.3636,165.54,chain1_E_chain2_F,1,0,0,2,1,2,0,0,0,0,7,15,1,0,1,1,1,1,1,0,0,pass_conserved_motif,0.66938,0,
backbone_long,RAPCID_backbone_rapcid_backbone_135_model_6.cif.gz,/scratch/a2149a01/RAPCID_2610_output/backbone_long/RAPCID_backbone_rapcid_backbone_135_model_6.cif.gz,A,B,37,31,10.361,3.172,3.487,5,5,12,15,0.4444,158.62,chain1_E_chain2_F,2,0,0,3,2,3,0,0,0,0,10,15,1,0,1,1,1,1,1,0,0,pass_conserved_motif,0.77936,0,
backbone_long,RAPCID_backbone_rapcid_backbone_135_model_7.cif.gz,/scratch/a2149a01/RAPCID_2610_output/backbone_long/RAPCID_backbone_rapcid_backbone_135_model_7.cif.gz,A,B,37,31,12.14,2.456,3.422,4,5,11,12,0.4783,140.82,chain1_E_chain2_F,2,0,0,3,2,3,0,0,0,0,8,14,1,0,1,1,1,1,1,0,0,pass_conserved_motif,0.73355,0,
backbone_long,RAPCID_backbone_rapcid_backbone_136_model_0.cif.gz,/scratch/a2149a01/RAPCID_2610_output/backbone_long/RAPCID_backbone_rapcid_backbone_136_model_0.cif.gz,B,A,58,48,3.24,2.411,2.75,6,4,15,14,0.5172,121.95,chain1_F_chain2_E,0,2,1,0,2,1,0,7,0,0,10,13,0,1,1,1,1,1,1,0,0,pass_conserved_motif,0.65032,0,
backbone_long,RAPCID_backbone_rapcid_backbone_136_model_1.cif.gz,/scratch/a2149a01/RAPCID_2610_output/backbone_long/RAPCID_backbone_rapcid_backbone_136_model_1.cif.gz,B,A,58,48,2.842,1.87,2.267,7,4,17,16,0.5152,106.88,chain1_F_chain2_E,1,2,1,0,2,1,0,9,2,1,14,10,0,1,0,1,1,1,1,0,0,pass_no_clash;pass_conserved_motif,0.65092,0,
backbone_long,RAPCID_backbone_rapcid_backbone_136_model_2.cif.gz,/scratch/a2149a01/RAPCID_2610_output/backbone_long/RAPCID_backbone_rapcid_backbone_136_model_2.cif.gz,B,A,58,48,3.292,3.061,2.651,5,4,16,15,0.5161,106.49,chain1_F_chain2_E,1,2,1,0,2,1,0,9,0,0,9,11,0,1,1,1,1,1,1,0,0,pass_conserved_motif,0.59923,0,
backbone_long,RAPCID_backbone_rapcid_backbone_136_model_3.cif.gz,/scratch/a2149a01/RAPCID_2610_output/backbone_long/RAPCID_backbone_rapcid_backbone_136_model_3.cif.gz,B,A,58,48,3.488,3.305,2.663,6,3,10,12,0.4545,142.53,chain1_F_chain2_E,0,2,1,0,2,1,0,10,0,0,14,7,0,1,1,1,1,1,1,0,0,pass_conserved_motif,0.70263,0,
backbone_long,RAPCID_backbone_rapcid_backbone_136_model_4.cif.gz,/scratch/a2149a01/RAPCID_2610_output/backbone_long/RAPCID_backbone_rapcid_backbone_136_model_4.cif.gz,B,A,58,48,2.383,2.527,3.256,6,5,20,12,0.625,100.43,chain1_F_chain2_E,1,2,1,0,2,1,0,24,1,1,11,10,1,2,1,1,1,1,1,1,1,,0.49381,1,667
backbone_long,RAPCID_backbone_rapcid_backbone_136_model_5.cif.gz,/scratch/a2149a01/RAPCID_2610_output/backbone_long/RAPCID_backbone_rapcid_backbone_136_model_5.cif.gz,B,A,58,48,2.76,2.369,2.463,5,2,17,8,0.68,111.64,chain1_F_chain2_E,1,2,2,0,2,2,0,11,0,0,11,8,0,1,1,1,1,1,1,0,0,pass_conserved_motif,0.56941,0,
backbone_long,RAPCID_backbone_rapcid_backbone_136_model_6.cif.gz,/scratch/a2149a01/RAPCID_2610_output/backbone_long/RAPCID_backbone_rapcid_backbone_136_model_6.cif.gz,B,A,58,48,3.029,2.208,2.754,5,3,23,15,0.6053,125.31,chain1_F_chain2_E,0,2,2,0,2,2,1,5,1,1,9,8,0,1,1,1,1,1,1,0,0,pass_conserved_motif,0.70678,0,
backbone_long,RAPCID_backbone_rapcid_backbone_136_model_7.cif.gz,/scratch/a2149a01/RAPCID_2610_output/backbone_long/RAPCID_backbone_rapcid_backbone_136_model_7.cif.gz,B,A,58,48,3.062,2.538,2.562,5,6,14,23,0.3784,126.83,chain1_F_chain2_E,1,2,2,0,2,2,0,14,0,1,12,12,1,1,1,1,1,1,1,1,1,,0.64506,1,390
backbone_long,RAPCID_backbone_rapcid_backbone_137_model_0.cif.gz,/scratch/a2149a01/RAPCID_2610_output/backbone_long/RAPCID_backbone_rapcid_backbone_137_model_0.cif.gz,B,A,51,38,3.421,3.443,2.327,5,6,23,13,0.6389,151.43,chain1_F_chain2_E,0,3,1,0,3,1,0,3,0,0,17,10,0,1,1,1,1,1,1,0,0,pass_conserved_motif,0.7085,0,
backbone_long,RAPCID_backbone_rapcid_backbone_137_model_1.cif.gz,/scratch/a2149a01/RAPCID_2610_output/backbone_long/RAPCID_backbone_rapcid_backbone_137_model_1.cif.gz,B,A,51,38,8.423,3.572,2.931,6,3,17,9,0.6538,134.13,chain1_F_chain2_E,0,3,1,0,3,1,0,0,0,0,14,10,1,1,1,1,1,1,1,1,1,,0.62984,1,432
backbone_long,RAPCID_backbone_rapcid_backbone_137_model_2.cif.gz,/scratch/a2149a01/RAPCID_2610_output/backbone_long/RAPCID_backbone_rapcid_backbone_137_model_2.cif.gz,B,A,51,38,2.595,2.549,3.069,4,4,14,14,0.5,99.07,chain1_F_chain2_E,1,2,1,0,2,1,0,27,1,1,11,9,0,1,1,1,1,1,1,0,0,pass_conserved_motif,0.52429,0,
backbone_long,RAPCID_backbone_rapcid_backbone_137_model_3.cif.gz,/scratch/a2149a01/RAPCID_2610_output/backbone_long/RAPCID_backbone_rapcid_backbone_137_model_3.cif.gz,B,A,51,38,5.8,3.099,3.25,9,4,24,10,0.7059,144.04,chain1_F_chain2_E,1,3,1,0,3,1,0,0,0,0,23,10,1,1,1,1,1,1,1,1,1,,0.64205,1,402
backbone_long,RAPCID_backbone_rapcid_backbone_137_model_4.cif.gz,/scratch/a2149a01/RAPCID_2610_output/backbone_long/RAPCID_backbone_rapcid_backbone_137_model_4.cif.gz,B,A,51,38,2.543,2.475,2.732,5,5,13,13,0.5,115.14,chain1_F_chain2_E,0,2,1,0,2,1,0,21,1,1,9,10,0,2,1,1,1,1,1,0,0,pass_conserved_motif,0.60785,0,
backbone_long,RAPCID_backbone_rapcid_backbone_137_model_5.cif.gz,/scratch/a2149a01/RAPCID_2610_output/backbone_long/RAPCID_backbone_rapcid_backbone_137_model_5.cif.gz,B,A,51,38,2.556,2.755,3.246,10,4,32,10,0.7619,135.76,chain1_F_chain2_E,1,3,1,0,3,1,1,1,1,0,20,10,0,1,1,1,1,1,1,0,0,pass_conserved_motif,0.64231,0,
backbone_long,RAPCID_backbone_rapcid_backbone_137_model_6.cif.gz,/scratch/a2149a01/RAPCID_2610_output/backbone_long/RAPCID_backbone_rapcid_backbone_137_model_6.cif.gz,B,A,51,38,3.745,3.235,2.278,5,5,14,12,0.5385,115.5,chain1_F_chain2_E,0,2,1,0,2,1,0,6,0,0,13,10,0,1,1,1,1,1,1,0,0,pass_conserved_motif,0.61534,0,
backbone_long,RAPCID_backbone_rapcid_backbone_137_model_7.cif.gz,/scratch/a2149a01/RAPCID_2610_output/backbone_long/RAPCID_backbone_rapcid_backbone_137_model_7.cif.gz,B,A,51,38,3.317,3.62,2.981,3,2,6,4,0.6,139.66,chain1_F_chain2_E,0,2,1,0,2,1,0,3,0,0,11,9,0,1,1,1,1,1,1,0,0,pass_conserved_motif,0.65625,0,
backbone_long,RAPCID_backbone_rapcid_backbone_138_model_0.cif.gz,/scratch/a2149a01/RAPCID_2610_output/backbone_long/RAPCID_backbone_rapcid_backbone_138_model_0.cif.gz,A,B,52,42,3.164,2.768,2.925,5,3,18,11,0.6207,119.14,chain1_E_chain2_F,2,0,0,2,2,2,0,6,0,0,11,10,2,0,1,1,1,1,1,0,0,pass_conserved_motif,0.62314,0,
backbone_long,RAPCID_backbone_rapcid_backbone_138_model_1.cif.gz,/scratch/a2149a01/RAPCID_2610_output/backbone_long/RAPCID_backbone_rapcid_backbone_138_model_1.cif.gz,A,B,52,42,3.288,2.899,2.772,5,5,9,13,0.4091,147.25,chain1_E_chain2_F,1,0,0,3,1,3,0,1,0,0,10,10,1,0,1,1,1,1,1,0,0,pass_conserved_motif,0.70375,0,
backbone_long,RAPCID_backbone_rapcid_backbone_138_model_2.cif.gz,/scratch/a2149a01/RAPCID_2610_output/backbone_long/RAPCID_backbone_rapcid_backbone_138_model_2.cif.gz,A,B,52,42,3.698,3.073,3.326,3,6,7,24,0.2258,138.9,chain1_E_chain2_F,1,0,1,3,1,3,0,4,0,0,10,17,2,0,1,1,1,1,1,0,0,pass_conserved_motif,0.6176,0,
backbone_long,RAPCID_backbone_rapcid_backbone_138_model_3.cif.gz,/scratch/a2149a01/RAPCID_2610_output/backbone_long/RAPCID_backbone_rapcid_backbone_138_model_3.cif.gz,A,B,52,42,3.298,3.148,2.667,3,5,6,12,0.3333,142.63,chain1_E_chain2_F,1,0,0,2,1,2,0,12,0,0,8,12,2,0,1,1,1,1,1,0,0,pass_conserved_motif,0.6445,0,
backbone_long,RAPCID_backbone_rapcid_backbone_138_model_4.cif.gz,/scratch/a2149a01/RAPCID_2610_output/backbone_long/RAPCID_backbone_rapcid_backbone_138_model_4.cif.gz,A,B,52,42,1.998,3.12,2.481,5,4,12,15,0.4444,122.69,chain1_E_chain2_F,1,0,0,2,1,2,0,11,0,0,10,10,3,0,0,1,1,1,1,0,0,pass_no_clash;pass_conserved_motif,0.62747,0,
backbone_long,RAPCID_backbone_rapcid_backbone_138_model_5.cif.gz,/scratch/a2149a01/RAPCID_2610_output/backbone_long/RAPCID_backbone_rapcid_backbone_138_model_5.cif.gz,A,B,52,42,2.661,2.599,2.719,5,3,13,13,0.5,118.57,chain1_E_chain2_F,1,0,1,2,1,2,0,13,0,0,12,9,1,0,1,1,1,1,1,0,0,pass_conserved_motif,0.62595,0,
backbone_long,RAPCID_backbone_rapcid_backbone_138_model_6.cif.gz,/scratch/a2149a01/RAPCID_2610_output/backbone_long/RAPCID_backbone_rapcid_backbone_138_model_6.cif.gz,A,B,52,42,3.533,3.548,3.085,3,3,6,8,0.4286,130.34,chain1_E_chain2_F,1,0,0,2,1,2,0,3,0,0,8,9,1,0,1,1,1,1,1,0,0,pass_conserved_motif,0.6366,0,
backbone_long,RAPCID_backbone_rapcid_backbone_138_model_7.cif.gz,/scratch/a2149a01/RAPCID_2610_output/backbone_long/RAPCID_backbone_rapcid_backbone_138_model_7.cif.gz,A,B,52,42,2.152,2.766,2.746,4,3,13,15,0.4643,100.41,chain1_E_chain2_F,1,0,1,2,1,2,0,19,2,0,11,10,1,0,1,1,1,1,1,0,0,pass_conserved_motif,0.55447,0,
backbone_long,RAPCID_backbone_rapcid_backbone_139_model_0.cif.gz,/scratch/a2149a01/RAPCID_2610_output/backbone_long/RAPCID_backbone_rapcid_backbone_139_model_0.cif.gz,A,B,48,41,9.254,2.874,3.22,4,6,10,21,0.3226,156.76,chain1_E_chain2_F,1,0,0,3,1,3,0,0,0,0,12,13,1,0,1,1,1,1,1,0,0,pass_conserved_motif,0.69585,0,
backbone_long,RAPCID_backbone_rapcid_backbone_139_model_1.cif.gz,/scratch/a2149a01/RAPCID_2610_output/backbone_long/RAPCID_backbone_rapcid_backbone_139_model_1.cif.gz,A,B,48,41,2.865,2.026,3.214,6,6,16,20,0.4444,150.85,chain1_E_chain2_F,1,0,0,3,1,3,0,4,0,0,14,14,1,0,1,1,1,1,1,0,0,pass_conserved_motif,0.74489,0,
backbone_long,RAPCID_backbone_rapcid_backbone_139_model_2.cif.gz,/scratch/a2149a01/RAPCID_2610_output/backbone_long/RAPCID_backbone_rapcid_backbone_139_model_2.cif.gz,A,B,48,41,3.316,2.53,3.308,6,6,19,16,0.5429,159.09,chain1_E_chain2_F,1,0,0,3,1,3,0,4,0,0,12,14,1,0,1,1,1,1,1,0,0,pass_conserved_motif,0.77683,0,
backbone_long,RAPCID_backbone_rapcid_backbone_139_model_3.cif.gz,/scratch/a2149a01/RAPCID_2610_output/backbone_long/RAPCID_backbone_rapcid_backbone_139_model_3.cif.gz,A,B,48,41,3.437,3.26,3.343,4,5,8,16,0.3333,147.6,chain1_E_chain2_F,1,0,0,3,1,3,0,8,0,0,10,13,1,1,1,1,1,1,1,1,1,,0.70963,1,168
backbone_long,RAPCID_backbone_rapcid_backbone_139_model_4.cif.gz,/scratch/a2149a01/RAPCID_2610_output/backbone_long/RAPCID_backbone_rapcid_backbone_139_model_4.cif.gz,A,B,48,41,10.706,2.964,3.831,4,6,15,12,0.5556,152.81,chain1_E_chain2_F,2,0,0,3,2,3,0,0,0,0,9,13,2,0,1,1,1,1,1,0,0,pass_conserved_motif,0.75999,0,
backbone_long,RAPCID_backbone_rapcid_backbone_139_model_5.cif.gz,/scratch/a2149a01/RAPCID_2610_output/backbone_long/RAPCID_backbone_rapcid_backbone_139_model_5.cif.gz,A,B,48,41,9.75,2.877,3.097,4,5,11,21,0.3438,156.79,chain1_E_chain2_F,1,0,0,3,1,3,0,0,0,0,11,14,1,0,1,1,1,1,1,0,0,pass_conserved_motif,0.70443,0,
backbone_long,RAPCID_backbone_rapcid_backbone_139_model_6.cif.gz,/scratch/a2149a01/RAPCID_2610_output/backbone_long/RAPCID_backbone_rapcid_backbone_139_model_6.cif.gz,A,B,48,41,11.357,2.941,3.777,3,5,10,12,0.4545,156.04,chain1_E_chain2_F,2,0,0,3,2,3,0,0,0,0,8,14,1,0,1,1,1,1,1,0,0,pass_conserved_motif,0.77481,0,
backbone_long,RAPCID_backbone_rapcid_backbone_139_model_7.cif.gz,/scratch/a2149a01/RAPCID_2610_output/backbone_long/RAPCID_backbone_rapcid_backbone_139_model_7.cif.gz,A,B,48,41,10.379,2.767,3.652,3,5,6,15,0.2857,140.38,chain1_E_chain2_F,2,0,0,3,2,3,0,0,0,0,7,14,2,0,1,1,1,1,1,0,0,pass_conserved_motif,0.65509,0,
backbone_long,RAPCID_backbone_rapcid_backbone_13_model_0.cif.gz,/scratch/a2149a01/RAPCID_2610_output/backbone_long/RAPCID_backbone_rapcid_backbone_13_model_0.cif.gz,B,A,48,32,3.027,2.754,3.162,4,3,18,10,0.6429,112.18,chain1_F_chain2_E,1,2,1,0,2,1,0,2,0,0,9,9,2,1,1,1,1,1,1,1,1,,0.5425,1,599
backbone_long,RAPCID_backbone_rapcid_backbone_13_model_1.cif.gz,/scratch/a2149a01/RAPCID_2610_output/backbone_long/RAPCID_backbone_rapcid_backbone_13_model_1.cif.gz,B,A,48,32,3.384,3.0,2.808,5,3,14,12,0.5385,119.47,chain1_F_chain2_E,0,2,1,0,2,1,0,12,1,1,10,9,0,1,1,1,1,1,1,0,0,pass_conserved_motif,0.65188,0,
backbone_long,RAPCID_backbone_rapcid_backbone_13_model_2.cif.gz,/scratch/a2149a01/RAPCID_2610_output/backbone_long/RAPCID_backbone_rapcid_backbone_13_model_2.cif.gz,B,A,48,32,2.572,3.165,2.924,6,6,15,15,0.5,135.28,chain1_F_chain2_E,0,3,1,0,3,1,0,15,0,0,13,10,1,1,1,1,1,1,1,1,1,,0.7002,1,195
backbone_long,RAPCID_backbone_rapcid_backbone_13_model_3.cif.gz,/scratch/a2149a01/RAPCID_2610_output/backbone_long/RAPCID_backbone_rapcid_backbone_13_model_3.cif.gz,B,A,48,32,2.851,2.842,3.254,8,3,18,7,0.72,115.79,chain1_F_chain2_E,1,3,1,0,3,1,0,15,1,0,14,9,0,1,1,1,1,1,1,0,0,pass_conserved_motif,0.56393,0,
backbone_long,RAPCID_backbone_rapcid_backbone_13_model_4.cif.gz,/scratch/a2149a01/RAPCID_2610_output/backbone_long/RAPCID_backbone_rapcid_backbone_13_model_4.cif.gz,B,A,48,32,3.14,2.65,2.755,4,4,16,15,0.5161,118.03,chain1_F_chain2_E,1,2,2,0,2,2,1,8,0,0,7,9,1,1,1,1,1,1,1,1,1,,0.69983,1,196
backbone_long,RAPCID_backbone_rapcid_backbone_13_model_5.cif.gz,/scratch/a2149a01/RAPCID_2610_output/backbone_long/RAPCID_backbone_rapcid_backbone_13_model_5.cif.gz,B,A,48,32,2.718,3.611,3.097,6,3,17,9,0.6538,136.28,chain1_F_chain2_E,0,3,1,0,3,1,0,9,0,0,11,11,0,1,1,1,1,1,1,0,0,pass_conserved_motif,0.67202,0,
backbone_long,RAPCID_backbone_rapcid_backbone_13_model_6.cif.gz,/scratch/a2149a01/RAPCID_2610_output/backbone_long/RAPCID_backbone_rapcid_backbone_13_model_6.cif.gz,B,A,48,32,3.398,3.122,2.418,5,5,15,14,0.5172,137.2,chain1_F_chain2_E,0,3,1,0,3,1,0,12,0,0,12,10,0,2,1,1,1,1,1,0,0,pass_conserved_motif,0.71473,0,
backbone_long,RAPCID_backbone_rapcid_backbone_13_model_7.cif.gz,/scratch/a2149a01/RAPCID_2610_output/backbone_long/RAPCID_backbone_rapcid_backbone_13_model_7.cif.gz,B,A,48,32,3.19,2.74,2.664,7,6,21,11,0.6562,140.75,chain1_F_chain2_E,1,3,2,0,3,2,0,4,0,1,13,14,0,1,1,1,1,1,1,0,0,pass_conserved_motif,0.71619,0,
backbone_long,RAPCID_backbone_rapcid_backbone_140_model_0.cif.gz,/scratch/a2149a01/RAPCID_2610_output/backbone_long/RAPCID_backbone_rapcid_backbone_140_model_0.cif.gz,A,B,45,41,2.977,2.862,3.47,4,6,14,17,0.4516,127.68,chain1_E_chain2_F,2,0,0,3,2,3,1,5,0,0,12,12,1,0,1,1,1,1,1,0,0,pass_conserved_motif,0.73267,0,
backbone_long,RAPCID_backbone_rapcid_backbone_140_model_1.cif.gz,/scratch/a2149a01/RAPCID_2610_output/backbone_long/RAPCID_backbone_rapcid_backbone_140_model_1.cif.gz,A,B,45,41,3.002,2.876,2.892,3,4,9,16,0.36,125.53,chain1_E_chain2_F,1,0,0,2,1,2,0,8,0,1,9,10,1,0,1,1,1,1,1,0,0,pass_conserved_motif,0.63483,0,
backbone_long,RAPCID_backbone_rapcid_backbone_140_model_2.cif.gz,/scratch/a2149a01/RAPCID_2610_output/backbone_long/RAPCID_backbone_rapcid_backbone_140_model_2.cif.gz,A,B,45,41,3.454,3.415,3.173,5,5,12,13,0.48,119.58,chain1_E_chain2_F,1,0,0,2,1,2,0,7,0,0,10,8,1,0,1,1,1,1,1,0,0,pass_conserved_motif,0.64131,0,
backbone_long,RAPCID_backbone_rapcid_backbone_140_model_3.cif.gz,/scratch/a2149a01/RAPCID_2610_output/backbone_long/RAPCID_backbone_rapcid_backbone_140_model_3.cif.gz,A,B,45,41,2.944,2.564,3.734,5,4,14,8,0.6364,131.18,chain1_E_chain2_F,2,0,0,3,2,3,0,11,0,0,10,9,1,0,1,1,1,1,1,0,0,pass_conserved_motif,0.68058,0,
backbone_long,RAPCID_backbone_rapcid_backbone_140_model_4.cif.gz,/scratch/a2149a01/RAPCID_2610_output/backbone_long/RAPCID_backbone_rapcid_backbone_140_model_4.cif.gz,A,B,45,41,2.806,2.808,3.44,4,6,13,18,0.4194,113.32,chain1_E_chain2_F,1,0,0,3,1,3,0,12,0,0,9,11,2,0,1,1,1,1,1,0,0,pass_conserved_motif,0.60975,0,
backbone_long,RAPCID_backbone_rapcid_backbone_140_model_5.cif.gz,/scratch/a2149a01/RAPCID_2610_output/backbone_long/RAPCID_backbone_rapcid_backbone_140_model_5.cif.gz,A,B,45,41,3.325,3.036,3.363,4,4,9,10,0.4737,134.81,chain1_E_chain2_F,1,0,0,2,1,2,0,13,0,0,10,10,1,0,1,1,1,1,1,0,0,pass_conserved_motif,0.66954,0,
backbone_long,RAPCID_backbone_rapcid_backbone_140_model_6.cif.gz,/scratch/a2149a01/RAPCID_2610_output/backbone_long/RAPCID_backbone_rapcid_backbone_140_model_6.cif.gz,A,B,45,41,3.278,2.865,3.214,3,4,12,10,0.5455,126.19,chain1_E_chain2_F,1,0,0,2,1,2,0,6,0,0,8,10,1,1,1,1,1,1,1,1,1,,0.64817,1,384
backbone_long,RAPCID_backbone_rapcid_backbone_140_model_7.cif.gz,/scratch/a2149a01/RAPCID_2610_output/backbone_long/RAPCID_backbone_rapcid_backbone_140_model_7.cif.gz,A,B,45,41,2.939,2.362,3.554,5,4,15,9,0.625,116.48,chain1_E_chain2_F,2,0,1,2,2,2,0,12,1,0,12,13,1,0,1,1,1,1,1,0,0,pass_conserved_motif,0.61922,0,
backbone_long,RAPCID_backbone_rapcid_backbone_141_model_0.cif.gz,/scratch/a2149a01/RAPCID_2610_output/backbone_long/RAPCID_backbone_rapcid_backbone_141_model_0.cif.gz,A,B,39,36,2.982,2.478,3.176,5,5,13,12,0.52,122.84,chain1_E_chain2_F,1,0,1,2,1,2,0,5,1,1,10,10,1,0,1,1,1,1,1,0,0,pass_conserved_motif,0.6755,0,
backbone_long,RAPCID_backbone_rapcid_backbone_141_model_1.cif.gz,/scratch/a2149a01/RAPCID_2610_output/backbone_long/RAPCID_backbone_rapcid_backbone_141_model_1.cif.gz,A,B,39,36,4.234,3.391,3.8,3,5,4,14,0.2222,164.56,chain1_E_chain2_F,1,0,0,3,1,3,0,0,0,0,9,14,1,0,1,1,1,1,1,0,0,pass_conserved_motif,0.64465,0,
backbone_long,RAPCID_backbone_rapcid_backbone_141_model_2.cif.gz,/scratch/a2149a01/RAPCID_2610_output/backbone_long/RAPCID_backbone_rapcid_backbone_141_model_2.cif.gz,A,B,39,36,3.574,2.354,3.71,5,5,13,15,0.4643,151.04,chain1_E_chain2_F,1,0,0,3,1,3,0,1,0,0,12,16,1,0,1,1,1,1,1,0,0,pass_conserved_motif,0.73847,0,
backbone_long,RAPCID_backbone_rapcid_backbone_141_model_3.cif.gz,/scratch/a2149a01/RAPCID_2610_output/backbone_long/RAPCID_backbone_rapcid_backbone_141_model_3.cif.gz,A,B,39,36,3.434,2.939,3.149,3,4,11,13,0.4583,108.21,chain1_E_chain2_F,1,0,0,2,1,2,0,4,0,0,9,9,1,0,1,1,1,1,1,0,0,pass_conserved_motif,0.57975,0,
backbone_long,RAPCID_backbone_rapcid_backbone_141_model_4.cif.gz,/scratch/a2149a01/RAPCID_2610_output/backbone_long/RAPCID_backbone_rapcid_backbone_141_model_4.cif.gz,A,B,39,36,3.532,2.544,3.213,7,5,17,17,0.5,155.0,chain1_E_chain2_F,1,0,0,3,1,3,0,7,0,0,11,15,1,1,1,1,1,1,1,1,1,,0.79594,1,10
backbone_long,RAPCID_backbone_rapcid_backbone_141_model_5.cif.gz,/scratch/a2149a01/RAPCID_2610_output/backbone_long/RAPCID_backbone_rapcid_backbone_141_model_5.cif.gz,A,B,39,36,7.969,3.071,3.244,4,5,12,19,0.3871,154.11,chain1_E_chain2_F,1,0,0,3,1,3,0,0,0,0,10,16,1,2,1,1,1,1,1,1,1,,0.71283,1,157
backbone_long,RAPCID_backbone_rapcid_backbone_141_model_6.cif.gz,/scratch/a2149a01/RAPCID_2610_output/backbone_long/RAPCID_backbone_rapcid_backbone_141_model_6.cif.gz,A,B,39,36,3.233,2.392,3.762,5,6,16,12,0.5714,150.04,chain1_E_chain2_F,1,0,0,3,1,3,0,3,0,0,10,16,1,0,1,1,1,1,1,0,0,pass_conserved_motif,0.73085,0,
backbone_long,RAPCID_backbone_rapcid_backbone_141_model_7.cif.gz,/scratch/a2149a01/RAPCID_2610_output/backbone_long/RAPCID_backbone_rapcid_backbone_141_model_7.cif.gz,A,B,39,36,3.85,2.044,3.661,6,5,14,14,0.5,144.71,chain1_E_chain2_F,1,0,0,3,1,3,0,2,0,0,12,16,1,0,1,1,1,1,1,0,0,pass_conserved_motif,0.73664,0,
backbone_long,RAPCID_backbone_rapcid_backbone_142_model_0.cif.gz,/scratch/a2149a01/RAPCID_2610_output/backbone_long/RAPCID_backbone_rapcid_backbone_142_model_0.cif.gz,B,A,50,42,3.379,2.581,2.613,8,6,21,18,0.5385,113.28,chain1_F_chain2_E,1,3,1,0,3,1,0,14,0,0,15,10,0,1,1,1,1,1,1,0,0,pass_conserved_motif,0.61652,0,
backbone_long,RAPCID_backbone_rapcid_backbone_142_model_1.cif.gz,/scratch/a2149a01/RAPCID_2610_output/backbone_long/RAPCID_backbone_rapcid_backbone_142_model_1.cif.gz,B,A,50,42,3.141,2.774,2.973,5,4,14,8,0.6364,124.2,chain1_F_chain2_E,1,2,1,0,2,1,0,9,0,1,13,9,0,2,1,1,1,1,1,0,0,pass_conserved_motif,0.62684,0,
backbone_long,RAPCID_backbone_rapcid_backbone_142_model_2.cif.gz,/scratch/a2149a01/RAPCID_2610_output/backbone_long/RAPCID_backbone_rapcid_backbone_142_model_2.cif.gz,B,A,50,42,3.291,2.559,2.44,5,3,14,9,0.6087,117.91,chain1_F_chain2_E,1,2,2,0,2,2,0,6,0,0,11,8,0,1,1,1,1,1,1,0,0,pass_conserved_motif,0.62382,0,
backbone_long,RAPCID_backbone_rapcid_backbone_142_model_3.cif.gz,/scratch/a2149a01/RAPCID_2610_output/backbone_long/RAPCID_backbone_rapcid_backbone_142_model_3.cif.gz,B,A,50,42,2.947,2.881,2.557,8,6,21,12,0.6364,117.99,chain1_F_chain2_E,0,2,1,0,2,1,0,24,0,2,12,14,0,1,1,1,1,1,1,0,0,pass_conserved_motif,0.54779,0,
backbone_long,RAPCID_backbone_rapcid_backbone_142_model_4.cif.gz,/scratch/a2149a01/RAPCID_2610_output/backbone_long/RAPCID_backbone_rapcid_backbone_142_model_4.cif.gz,B,A,50,42,3.875,2.437,3.165,4,5,13,19,0.4062,130.04,chain1_F_chain2_E,0,2,2,0,2,2,0,2,0,0,8,10,0,1,1,1,1,1,1,0,0,pass_conserved_motif,0.65026,0,
backbone_long,RAPCID_backbone_rapcid_backbone_142_model_5.cif.gz,/scratch/a2149a01/RAPCID_2610_output/backbone_long/RAPCID_backbone_rapcid_backbone_142_model_5.cif.gz,B,A,50,42,2.794,3.029,2.493,6,4,13,11,0.5417,140.75,chain1_F_chain2_E,1,3,1,0,3,1,0,11,1,0,16,10,0,1,1,1,1,1,1,0,0,pass_conserved_motif,0.73844,0,
backbone_long,RAPCID_backbone_rapcid_backbone_142_model_6.cif.gz,/scratch/a2149a01/RAPCID_2610_output/backbone_long/RAPCID_backbone_rapcid_backbone_142_model_6.cif.gz,B,A,50,42,3.351,3.242,2.41,6,4,16,7,0.6957,127.7,chain1_F_chain2_E,0,2,1,0,2,1,0,7,1,1,10,9,0,1,1,1,1,1,1,0,0,pass_conserved_motif,0.63144,0,
backbone_long,RAPCID_backbone_rapcid_backbone_142_model_7.cif.gz,/scratch/a2149a01/RAPCID_2610_output/backbone_long/RAPCID_backbone_rapcid_backbone_142_model_7.cif.gz,B,A,50,42,2.736,3.38,2.887,5,3,15,10,0.6,117.03,chain1_F_chain2_E,0,3,1,0,3,1,0,16,0,0,9,9,0,1,1,1,1,1,1,0,0,pass_conserved_motif,0.59439,0,
backbone_long,RAPCID_backbone_rapcid_backbone_143_model_0.cif.gz,/scratch/a2149a01/RAPCID_2610_output/backbone_long/RAPCID_backbone_rapcid_backbone_143_model_0.cif.gz,B,A,45,33,2.938,3.463,3.441,3,4,5,8,0.3846,129.25,chain1_F_chain2_E,0,1,1,0,1,1,0,7,0,0,12,10,0,1,1,1,1,1,1,0,0,pass_conserved_motif,0.60681,0,
backbone_long,RAPCID_backbone_rapcid_backbone_143_model_1.cif.gz,/scratch/a2149a01/RAPCID_2610_output/backbone_long/RAPCID_backbone_rapcid_backbone_143_model_1.cif.gz,B,A,45,33,3.144,3.712,2.817,4,6,8,12,0.4,113.7,chain1_F_chain2_E,0,3,1,0,3,1,0,11,0,1,10,11,0,1,1,1,1,1,1,0,0,pass_conserved_motif,0.62496,0,
backbone_long,RAPCID_backbone_rapcid_backbone_143_model_2.cif.gz,/scratch/a2149a01/RAPCID_2610_output/backbone_long/RAPCID_backbone_rapcid_backbone_143_model_2.cif.gz,B,A,45,33,2.996,3.132,2.651,8,4,13,14,0.4815,140.74,chain1_F_chain2_E,0,3,1,0,3,1,0,9,0,0,13,9,0,2,1,1,1,1,1,0,0,pass_conserved_motif,0.74101,0,
backbone_long,RAPCID_backbone_rapcid_backbone_143_model_3.cif.gz,/scratch/a2149a01/RAPCID_2610_output/backbone_long/RAPCID_backbone_rapcid_backbone_143_model_3.cif.gz,B,A,45,33,3.302,3.187,3.141,4,5,13,14,0.4815,114.98,chain1_F_chain2_E,1,2,1,0,2,1,0,10,0,0,12,10,0,1,1,1,1,1,1,0,0,pass_conserved_motif,0.62159,0,
backbone_long,RAPCID_backbone_rapcid_backbone_143_model_4.cif.gz,/scratch/a2149a01/RAPCID_2610_output/backbone_long/RAPCID_backbone_rapcid_backbone_143_model_4.cif.gz,B,A,45,33,3.434,3.136,3.051,7,5,17,19,0.4722,120.75,chain1_F_chain2_E,0,3,1,0,3,1,0,7,0,1,12,9,0,1,1,1,1,1,1,0,0,pass_conserved_motif,0.68734,0,
backbone_long,RAPCID_backbone_rapcid_backbone_143_model_5.cif.gz,/scratch/a2149a01/RAPCID_2610_output/backbone_long/RAPCID_backbone_rapcid_backbone_143_model_5.cif.gz,B,A,45,33,3.474,2.434,2.823,5,3,16,8,0.6667,115.15,chain1_F_chain2_E,0,2,1,0,2,1,0,7,0,0,12,10,0,2,1,1,1,1,1,0,0,pass_conserved_motif,0.56787,0,
backbone_long,RAPCID_backbone_rapcid_backbone_143_model_6.cif.gz,/scratch/a2149a01/RAPCID_2610_output/backbone_long/RAPCID_backbone_rapcid_backbone_143_model_6.cif.gz,B,A,45,33,3.059,3.407,2.717,4,4,11,13,0.4583,118.23,chain1_F_chain2_E,0,2,1,0,2,1,0,9,1,1,12,10,0,1,1,1,1,1,1,0,0,pass_conserved_motif,0.66149,0,
backbone_long,RAPCID_backbone_rapcid_backbone_143_model_7.cif.gz,/scratch/a2149a01/RAPCID_2610_output/backbone_long/RAPCID_backbone_rapcid_backbone_143_model_7.cif.gz,B,A,45,33,3.1,2.975,2.789,6,6,16,13,0.5517,124.65,chain1_F_chain2_E,1,3,1,0,3,1,0,18,0,1,15,9,0,1,1,1,1,1,1,0,0,pass_conserved_motif,0.64576,0,
backbone_long,RAPCID_backbone_rapcid_backbone_144_model_0.cif.gz,/scratch/a2149a01/RAPCID_2610_output/backbone_long/RAPCID_backbone_rapcid_backbone_144_model_0.cif.gz,B,A,48,22,3.358,2.811,2.407,8,4,23,14,0.6216,123.13,chain1_F_chain2_E,1,3,1,0,3,1,0,1,1,1,15,9,0,1,1,1,1,1,1,0,0,pass_conserved_motif,0.6444,0,
backbone_long,RAPCID_backbone_rapcid_backbone_144_model_1.cif.gz,/scratch/a2149a01/RAPCID_2610_output/backbone_long/RAPCID_backbone_rapcid_backbone_144_model_1.cif.gz,B,A,48,22,5.811,2.694,3.148,7,3,28,6,0.8235,136.19,chain1_F_chain2_E,1,3,1,0,3,1,0,0,0,0,13,9,2,2,1,1,1,1,1,1,1,,0.56885,1,572
backbone_long,RAPCID_backbone_rapcid_backbone_144_model_2.cif.gz,/scratch/a2149a01/RAPCID_2610_output/backbone_long/RAPCID_backbone_rapcid_backbone_144_model_2.cif.gz,B,A,48,22,3.344,3.375,3.088,5,4,10,8,0.5556,134.82,chain1_F_chain2_E,0,2,2,0,2,2,0,1,1,0,11,10,1,1,1,1,1,1,1,1,1,,0.69313,1,231
backbone_long,RAPCID_backbone_rapcid_backbone_144_model_3.cif.gz,/scratch/a2149a01/RAPCID_2610_output/backbone_long/RAPCID_backbone_rapcid_backbone_144_model_3.cif.gz,B,A,48,22,3.065,3.129,2.878,8,5,28,15,0.6512,107.89,chain1_F_chain2_E,1,3,1,0,3,1,0,6,2,1,12,10,0,2,1,1,1,1,1,0,0,pass_conserved_motif,0.62346,0,
backbone_long,RAPCID_backbone_rapcid_backbone_144_model_4.cif.gz,/scratch/a2149a01/RAPCID_2610_output/backbone_long/RAPCID_backbone_rapcid_backbone_144_model_4.cif.gz,B,A,48,22,2.868,3.485,2.999,4,4,6,15,0.2857,123.92,chain1_F_chain2_E,0,3,1,0,3,1,0,2,0,1,14,10,0,1,1,1,1,1,1,0,0,pass_conserved_motif,0.59831,0,
backbone_long,RAPCID_backbone_rapcid_backbone_144_model_5.cif.gz,/scratch/a2149a01/RAPCID_2610_output/backbone_long/RAPCID_backbone_rapcid_backbone_144_model_5.cif.gz,B,A,48,22,0.934,3.24,2.817,6,4,16,14,0.5333,128.29,chain1_F_chain2_E,1,2,2,0,2,2,1,4,0,0,13,13,0,1,0,1,1,1,1,0,0,pass_no_clash;pass_conserved_motif,0.70717,0,
backbone_long,RAPCID_backbone_rapcid_backbone_144_model_6.cif.gz,/scratch/a2149a01/RAPCID_2610_output/backbone_long/RAPCID_backbone_rapcid_backbone_144_model_6.cif.gz,B,A,48,22,8.253,3.219,1.416,4,5,13,19,0.4062,151.84,chain1_F_chain2_E,1,2,2,0,2,2,1,0,0,0,12,8,0,1,0,1,1,1,1,0,0,pass_no_clash;pass_conserved_motif,0.7415,0,
backbone_long,RAPCID_backbone_rapcid_backbone_144_model_7.cif.gz,/scratch/a2149a01/RAPCID_2610_output/backbone_long/RAPCID_backbone_rapcid_backbone_144_model_7.cif.gz,B,A,48,22,9.701,2.92,1.856,4,4,15,13,0.5357,158.74,chain1_F_chain2_E,0,2,2,0,2,2,1,0,0,0,10,9,0,1,0,1,1,1,1,0,0,pass_no_clash;pass_conserved_motif,0.78772,0,
backbone_long,RAPCID_backbone_rapcid_backbone_145_model_0.cif.gz,/scratch/a2149a01/RAPCID_2610_output/backbone_long/RAPCID_backbone_rapcid_backbone_145_model_0.cif.gz,B,A,44,33,2.99,2.885,2.916,5,6,12,18,0.4,104.36,chain1_F_chain2_E,0,3,2,0,3,2,0,12,0,1,12,11,0,2,1,1,1,1,1,0,0,pass_conserved_motif,0.61739,0,
backbone_long,RAPCID_backbone_rapcid_backbone_145_model_1.cif.gz,/scratch/a2149a01/RAPCID_2610_output/backbone_long/RAPCID_backbone_rapcid_backbone_145_model_1.cif.gz,B,A,44,33,3.165,3.355,2.807,7,4,17,11,0.6071,139.05,chain1_F_chain2_E,0,3,1,0,3,1,0,7,0,0,13,9,0,1,1,1,1,1,1,0,0,pass_conserved_motif,0.69994,0,
backbone_long,RAPCID_backbone_rapcid_backbone_145_model_2.cif.gz,/scratch/a2149a01/RAPCID_2610_output/backbone_long/RAPCID_backbone_rapcid_backbone_145_model_2.cif.gz,B,A,44,33,3.015,3.392,2.849,5,4,12,12,0.5,110.92,chain1_F_chain2_E,0,2,1,0,2,1,0,6,1,1,8,9,0,2,1,1,1,1,1,0,0,pass_conserved_motif,0.64878,0,
backbone_long,RAPCID_backbone_rapcid_backbone_145_model_3.cif.gz,/scratch/a2149a01/RAPCID_2610_output/backbone_long/RAPCID_backbone_rapcid_backbone_145_model_3.cif.gz,B,A,44,33,2.482,3.383,3.009,4,5,9,11,0.45,122.52,chain1_F_chain2_E,0,2,1,0,2,1,0,19,1,2,12,10,0,1,1,1,1,1,1,0,0,pass_conserved_motif,0.6391,0,
backbone_long,RAPCID_backbone_rapcid_backbone_145_model_4.cif.gz,/scratch/a2149a01/RAPCID_2610_output/backbone_long/RAPCID_backbone_rapcid_backbone_145_model_4.cif.gz,B,A,44,33,2.822,3.422,2.577,5,4,13,15,0.4643,102.29,chain1_F_chain2_E,1,3,1,0,3,1,0,10,0,1,10,10,0,2,1,1,1,1,1,0,0,pass_conserved_motif,0.61763,0,
backbone_long,RAPCID_backbone_rapcid_backbone_145_model_5.cif.gz,/scratch/a2149a01/RAPCID_2610_output/backbone_long/RAPCID_backbone_rapcid_backbone_145_model_5.cif.gz,B,A,44,33,2.758,3.51,3.46,7,5,16,10,0.6154,132.68,chain1_F_chain2_E,0,3,1,0,3,1,0,4,0,0,15,10,0,1,1,1,1,1,1,0,0,pass_conserved_motif,0.6604,0,
backbone_long,RAPCID_backbone_rapcid_backbone_145_model_6.cif.gz,/scratch/a2149a01/RAPCID_2610_output/backbone_long/RAPCID_backbone_rapcid_backbone_145_model_6.cif.gz,B,A,44,33,3.812,3.623,2.878,4,4,7,7,0.5,137.18,chain1_F_chain2_E,0,2,1,0,2,1,0,2,0,0,14,9,0,2,1,1,1,1,1,0,0,pass_conserved_motif,0.68298,0,
backbone_long,RAPCID_backbone_rapcid_backbone_145_model_7.cif.gz,/scratch/a2149a01/RAPCID_2610_output/backbone_long/RAPCID_backbone_rapcid_backbone_145_model_7.cif.gz,B,A,44,33,3.186,2.871,3.037,5,5,13,11,0.5417,128.31,chain1_F_chain2_E,0,2,2,0,2,2,0,12,1,1,13,9,0,1,1,1,1,1,1,0,0,pass_conserved_motif,0.70865,0,
backbone_long,RAPCID_backbone_rapcid_backbone_146_model_0.cif.gz,/scratch/a2149a01/RAPCID_2610_output/backbone_long/RAPCID_backbone_rapcid_backbone_146_model_0.cif.gz,A,B,39,24,3.384,1.9,3.595,7,4,17,13,0.5667,144.51,chain1_E_chain2_F,1,0,0,2,1,2,0,2,0,0,14,16,1,0,0,1,1,1,1,0,0,pass_no_clash;pass_conserved_motif,0.68076,0,
backbone_long,RAPCID_backbone_rapcid_backbone_146_model_1.cif.gz,/scratch/a2149a01/RAPCID_2610_output/backbone_long/RAPCID_backbone_rapcid_backbone_146_model_1.cif.gz,A,B,39,24,12.438,2.959,3.179,3,5,10,13,0.4348,155.67,chain1_E_chain2_F,2,0,0,3,2,3,0,0,0,0,11,16,1,0,1,1,1,1,1,0,0,pass_conserved_motif,0.76567,0,
backbone_long,RAPCID_backbone_rapcid_backbone_146_model_2.cif.gz,/scratch/a2149a01/RAPCID_2610_output/backbone_long/RAPCID_backbone_rapcid_backbone_146_model_2.cif.gz,A,B,39,24,9.402,3.071,3.543,3,6,13,14,0.4815,145.05,chain1_E_chain2_F,1,0,0,3,1,3,0,0,0,0,16,17,2,0,1,1,1,1,1,0,0,pass_conserved_motif,0.72037,0,
backbone_long,RAPCID_backbone_rapcid_backbone_146_model_3.cif.gz,/scratch/a2149a01/RAPCID_2610_output/backbone_long/RAPCID_backbone_rapcid_backbone_146_model_3.cif.gz,A,B,39,24,8.489,2.893,3.357,5,5,9,16,0.36,158.68,chain1_E_chain2_F,1,0,0,3,1,3,0,0,0,0,9,16,1,0,1,1,1,1,1,0,0,pass_conserved_motif,0.71722,0,
backbone_long,RAPCID_backbone_rapcid_backbone_146_model_4.cif.gz,/scratch/a2149a01/RAPCID_2610_output/backbone_long/RAPCID_backbone_rapcid_backbone_146_model_4.cif.gz,A,B,39,24,2.978,2.493,3.504,5,5,12,19,0.3871,133.46,chain1_E_chain2_F,1,0,0,3,1,3,0,1,0,0,12,16,1,0,1,1,1,1,1,0,0,pass_conserved_motif,0.64899,0,
backbone_long,RAPCID_backbone_rapcid_backbone_146_model_5.cif.gz,/scratch/a2149a01/RAPCID_2610_output/backbone_long/RAPCID_backbone_rapcid_backbone_146_model_5.cif.gz,A,B,39,24,4.078,2.763,3.388,5,6,12,16,0.4286,138.84,chain1_E_chain2_F,1,0,0,3,1,3,0,0,0,0,12,15,1,0,1,1,1,1,1,0,0,pass_conserved_motif,0.67852,0,
backbone_long,RAPCID_backbone_rapcid_backbone_146_model_6.cif.gz,/scratch/a2149a01/RAPCID_2610_output/backbone_long/RAPCID_backbone_rapcid_backbone_146_model_6.cif.gz,A,B,39,24,11.2,3.071,3.173,2,5,5,20,0.2,163.01,chain1_E_chain2_F,1,0,0,2,1,2,0,0,0,0,7,17,1,0,1,1,1,1,1,0,0,pass_conserved_motif,0.61235,0,
backbone_long,RAPCID_backbone_rapcid_backbone_146_model_7.cif.gz,/scratch/a2149a01/RAPCID_2610_output/backbone_long/RAPCID_backbone_rapcid_backbone_146_model_7.cif.gz,A,B,39,24,10.475,3.077,3.189,5,6,11,14,0.44,163.32,chain1_E_chain2_F,1,0,0,3,1,3,0,0,0,0,10,16,1,0,1,1,1,1,1,0,0,pass_conserved_motif,0.7359,0,
backbone_long,RAPCID_backbone_rapcid_backbone_147_model_0.cif.gz,/scratch/a2149a01/RAPCID_2610_output/backbone_long/RAPCID_backbone_rapcid_backbone_147_model_0.cif.gz,B,A,51,44,2.966,2.476,3.118,5,4,23,14,0.6216,114.44,chain1_F_chain2_E,1,2,1,0,2,1,1,10,1,0,9,10,1,1,1,1,1,1,1,1,1,,0.62377,1,455
backbone_long,RAPCID_backbone_rapcid_backbone_147_model_1.cif.gz,/scratch/a2149a01/RAPCID_2610_output/backbone_long/RAPCID_backbone_rapcid_backbone_147_model_1.cif.gz,B,A,51,44,2.025,2.828,2.999,7,5,23,13,0.6389,110.41,chain1_F_chain2_E,1,3,1,0,3,1,0,23,1,2,15,10,0,1,1,1,1,1,1,0,0,pass_conserved_motif,0.57176,0,
backbone_long,RAPCID_backbone_rapcid_backbone_147_model_2.cif.gz,/scratch/a2149a01/RAPCID_2610_output/backbone_long/RAPCID_backbone_rapcid_backbone_147_model_2.cif.gz,B,A,51,44,3.772,3.304,3.06,4,5,10,17,0.3704,123.53,chain1_F_chain2_E,0,3,1,0,3,1,0,1,0,0,13,10,0,2,1,1,1,1,1,0,0,pass_conserved_motif,0.6092,0,
backbone_long,RAPCID_backbone_rapcid_backbone_147_model_3.cif.gz,/scratch/a2149a01/RAPCID_2610_output/backbone_long/RAPCID_backbone_rapcid_backbone_147_model_3.cif.gz,B,A,51,44,3.209,3.208,3.073,4,4,18,15,0.5455,96.7,chain1_F_chain2_E,1,1,2,0,1,2,0,10,0,2,9,10,0,1,1,1,1,1,1,0,0,pass_conserved_motif,0.58319,0,
backbone_long,RAPCID_backbone_rapcid_backbone_147_model_4.cif.gz,/scratch/a2149a01/RAPCID_2610_output/backbone_long/RAPCID_backbone_rapcid_backbone_147_model_4.cif.gz,B,A,51,44,2.421,3.107,3.041,4,3,14,11,0.56,117.02,chain1_F_chain2_E,1,3,1,0,3,1,0,9,0,1,10,13,0,1,1,1,1,1,1,0,0,pass_conserved_motif,0.66202,0,
backbone_long,RAPCID_backbone_rapcid_backbone_147_model_5.cif.gz,/scratch/a2149a01/RAPCID_2610_output/backbone_long/RAPCID_backbone_rapcid_backbone_147_model_5.cif.gz,B,A,51,44,3.033,3.727,2.918,4,4,7,12,0.3684,130.77,chain1_F_chain2_E,0,3,1,0,3,1,0,14,0,0,9,13,0,1,1,1,1,1,1,0,0,pass_conserved_motif,0.63754,0,
backbone_long,RAPCID_backbone_rapcid_backbone_147_model_6.cif.gz,/scratch/a2149a01/RAPCID_2610_output/backbone_long/RAPCID_backbone_rapcid_backbone_147_model_6.cif.gz,B,A,51,44,2.791,1.926,2.966,6,5,14,15,0.4828,112.45,chain1_F_chain2_E,0,2,1,0,2,1,0,15,0,0,12,10,0,2,0,1,1,1,1,0,0,pass_no_clash;pass_conserved_motif,0.58865,0,
backbone_long,RAPCID_backbone_rapcid_backbone_147_model_7.cif.gz,/scratch/a2149a01/RAPCID_2610_output/backbone_long/RAPCID_backbone_rapcid_backbone_147_model_7.cif.gz,B,A,51,44,2.816,3.371,2.843,6,4,13,10,0.5652,136.07,chain1_F_chain2_E,0,3,1,0,3,1,0,12,0,0,11,9,0,1,1,1,1,1,1,0,0,pass_conserved_motif,0.69177,0,
backbone_long,RAPCID_backbone_rapcid_backbone_148_model_0.cif.gz,/scratch/a2149a01/RAPCID_2610_output/backbone_long/RAPCID_backbone_rapcid_backbone_148_model_0.cif.gz,A,B,45,36,3.35,3.045,3.476,3,5,11,12,0.4783,153.78,chain1_E_chain2_F,1,0,0,3,1,3,0,2,0,0,13,15,1,0,1,1,1,1,1,0,0,pass_conserved_motif,0.7582,0,
backbone_long,RAPCID_backbone_rapcid_backbone_148_model_1.cif.gz,/scratch/a2149a01/RAPCID_2610_output/backbone_long/RAPCID_backbone_rapcid_backbone_148_model_1.cif.gz,A,B,45,36,8.856,2.809,3.667,4,6,11,17,0.3929,160.64,chain1_E_chain2_F,1,0,0,3,1,3,0,0,0,0,9,14,1,0,1,1,1,1,1,0,0,pass_conserved_motif,0.72598,0,
backbone_long,RAPCID_backbone_rapcid_backbone_148_model_2.cif.gz,/scratch/a2149a01/RAPCID_2610_output/backbone_long/RAPCID_backbone_rapcid_backbone_148_model_2.cif.gz,A,B,45,36,8.561,3.461,3.414,4,6,16,21,0.4324,161.43,chain1_E_chain2_F,2,0,0,3,2,3,1,0,0,0,10,15,2,0,1,1,1,1,1,0,0,pass_conserved_motif,0.79629,0,
backbone_long,RAPCID_backbone_rapcid_backbone_148_model_3.cif.gz,/scratch/a2149a01/RAPCID_2610_output/backbone_long/RAPCID_backbone_rapcid_backbone_148_model_3.cif.gz,A,B,45,36,11.607,3.116,2.968,3,6,8,17,0.32,143.72,chain1_E_chain2_F,2,0,0,3,2,3,0,0,0,0,8,15,3,0,1,1,1,1,1,0,0,pass_conserved_motif,0.67991,0,
backbone_long,RAPCID_backbone_rapcid_backbone_148_model_4.cif.gz,/scratch/a2149a01/RAPCID_2610_output/backbone_long/RAPCID_backbone_rapcid_backbone_148_model_4.cif.gz,A,B,45,36,5.666,3.137,3.802,3,5,8,12,0.4,148.77,chain1_E_chain2_F,1,0,0,3,1,3,0,0,0,0,9,14,1,0,1,1,1,1,1,0,0,pass_conserved_motif,0.70018,0,
backbone_long,RAPCID_backbone_rapcid_backbone_148_model_5.cif.gz,/scratch/a2149a01/RAPCID_2610_output/backbone_long/RAPCID_backbone_rapcid_backbone_148_model_5.cif.gz,A,B,45,36,9.773,3.117,2.567,4,5,11,22,0.3333,164.45,chain1_E_chain2_F,1,0,0,3,1,3,0,0,0,0,9,15,1,0,1,1,1,1,1,0,0,pass_conserved_motif,0.68945,0,
backbone_long,RAPCID_backbone_rapcid_backbone_148_model_6.cif.gz,/scratch/a2149a01/RAPCID_2610_output/backbone_long/RAPCID_backbone_rapcid_backbone_148_model_6.cif.gz,A,B,45,36,11.902,3.014,3.546,2,6,7,19,0.2692,163.45,chain1_E_chain2_F,1,0,0,3,1,3,0,0,0,0,7,15,1,0,1,1,1,1,1,0,0,pass_conserved_motif,0.66715,0,
backbone_long,RAPCID_backbone_rapcid_backbone_148_model_7.cif.gz,/scratch/a2149a01/RAPCID_2610_output/backbone_long/RAPCID_backbone_rapcid_backbone_148_model_7.cif.gz,A,B,45,36,9.428,3.311,3.581,4,5,7,15,0.3182,159.4,chain1_E_chain2_F,1,0,0,3,1,3,0,0,0,0,7,15,1,0,1,1,1,1,1,0,0,pass_conserved_motif,0.70022,0,
backbone_long,RAPCID_backbone_rapcid_backbone_149_model_0.cif.gz,/scratch/a2149a01/RAPCID_2610_output/backbone_long/RAPCID_backbone_rapcid_backbone_149_model_0.cif.gz,B,A,48,33,3.259,3.288,2.247,8,7,28,18,0.6087,143.42,chain1_F_chain2_E,0,3,2,0,3,2,1,7,2,1,18,14,1,1,1,1,1,1,1,1,1,,0.82103,1,2
backbone_long,RAPCID_backbone_rapcid_backbone_149_model_1.cif.gz,/scratch/a2149a01/RAPCID_2610_output/backbone_long/RAPCID_backbone_rapcid_backbone_149_model_1.cif.gz,B,A,48,33,3.991,3.835,2.635,5,6,9,15,0.375,156.17,chain1_F_chain2_E,0,3,1,0,3,1,0,1,0,0,14,14,0,1,1,1,1,1,1,0,0,pass_conserved_motif,0.71984,0,
backbone_long,RAPCID_backbone_rapcid_backbone_149_model_2.cif.gz,/scratch/a2149a01/RAPCID_2610_output/backbone_long/RAPCID_backbone_rapcid_backbone_149_model_2.cif.gz,B,A,48,33,3.098,3.651,2.257,5,6,14,14,0.5,147.93,chain1_F_chain2_E,0,3,1,0,3,1,0,5,1,0,16,12,0,1,1,1,1,1,1,0,0,pass_conserved_motif,0.77904,0,
backbone_long,RAPCID_backbone_rapcid_backbone_149_model_3.cif.gz,/scratch/a2149a01/RAPCID_2610_output/backbone_long/RAPCID_backbone_rapcid_backbone_149_model_3.cif.gz,B,A,48,33,3.399,3.769,2.403,5,5,14,16,0.4667,130.03,chain1_F_chain2_E,0,3,1,0,3,1,0,3,0,0,15,14,2,1,1,1,1,1,1,1,1,,0.67939,1,272
backbone_long,RAPCID_backbone_rapcid_backbone_149_model_4.cif.gz,/scratch/a2149a01/RAPCID_2610_output/backbone_long/RAPCID_backbone_rapcid_backbone_149_model_4.cif.gz,B,A,48,33,2.363,3.142,2.851,6,7,8,17,0.32,110.64,chain1_F_chain2_E,0,3,1,0,3,1,0,13,0,2,12,13,0,1,1,1,1,1,1,0,0,pass_conserved_motif,0.58941,0,
backbone_long,RAPCID_backbone_rapcid_backbone_149_model_5.cif.gz,/scratch/a2149a01/RAPCID_2610_output/backbone_long/RAPCID_backbone_rapcid_backbone_149_model_5.cif.gz,B,A,48,33,3.113,3.095,2.71,4,8,10,26,0.2778,92.46,chain1_F_chain2_E,0,2,2,0,2,2,0,10,1,2,9,10,0,1,1,1,1,1,1,0,0,pass_conserved_motif,0.5436,0,
backbone_long,RAPCID_backbone_rapcid_backbone_149_model_6.cif.gz,/scratch/a2149a01/RAPCID_2610_output/backbone_long/RAPCID_backbone_rapcid_backbone_149_model_6.cif.gz,B,A,48,33,3.072,3.123,2.808,6,6,18,14,0.5625,154.97,chain1_F_chain2_E,0,3,1,0,3,1,0,8,0,0,16,10,1,1,1,1,1,1,1,1,1,,0.77586,1,26
backbone_long,RAPCID_backbone_rapcid_backbone_149_model_7.cif.gz,/scratch/a2149a01/RAPCID_2610_output/backbone_long/RAPCID_backbone_rapcid_backbone_149_model_7.cif.gz,B,A,48,33,2.573,3.622,2.112,6,5,15,12,0.5556,145.19,chain1_F_chain2_E,0,3,1,0,3,1,0,9,1,0,18,12,0,1,1,1,1,1,1,0,0,pass_conserved_motif,0.7577,0,
backbone_long,RAPCID_backbone_rapcid_backbone_14_model_0.cif.gz,/scratch/a2149a01/RAPCID_2610_output/backbone_long/RAPCID_backbone_rapcid_backbone_14_model_0.cif.gz,B,A,38,34,2.867,2.785,2.897,4,4,10,8,0.5556,142.98,chain1_F_chain2_E,0,2,2,0,2,2,0,7,0,0,10,10,0,1,1,1,1,1,1,0,0,pass_conserved_motif,0.73365,0,
backbone_long,RAPCID_backbone_rapcid_backbone_14_model_1.cif.gz,/scratch/a2149a01/RAPCID_2610_output/backbone_long/RAPCID_backbone_rapcid_backbone_14_model_1.cif.gz,B,A,38,34,3.4,3.712,2.916,4,3,10,12,0.4545,117.76,chain1_F_chain2_E,0,2,2,0,2,2,0,7,0,1,10,11,0,2,1,1,1,1,1,0,0,pass_conserved_motif,0.67029,0,
backbone_long,RAPCID_backbone_rapcid_backbone_14_model_2.cif.gz,/scratch/a2149a01/RAPCID_2610_output/backbone_long/RAPCID_backbone_rapcid_backbone_14_model_2.cif.gz,B,A,38,34,3.389,3.511,3.305,3,7,11,16,0.4074,124.48,chain1_F_chain2_E,0,3,1,0,3,1,0,7,1,0,10,10,0,1,1,1,1,1,1,0,0,pass_conserved_motif,0.67386,0,
backbone_long,RAPCID_backbone_rapcid_backbone_14_model_3.cif.gz,/scratch/a2149a01/RAPCID_2610_output/backbone_long/RAPCID_backbone_rapcid_backbone_14_model_3.cif.gz,B,A,38,34,2.83,2.483,3.108,4,3,15,9,0.625,119.52,chain1_F_chain2_E,0,2,1,0,2,1,0,10,1,1,8,10,0,1,1,1,1,1,1,0,0,pass_conserved_motif,0.62745,0,
backbone_long,RAPCID_backbone_rapcid_backbone_14_model_4.cif.gz,/scratch/a2149a01/RAPCID_2610_output/backbone_long/RAPCID_backbone_rapcid_backbone_14_model_4.cif.gz,B,A,38,34,3.248,2.95,2.97,4,5,15,12,0.5556,124.19,chain1_F_chain2_E,0,2,1,0,2,1,0,10,1,0,9,10,0,2,1,1,1,1,1,0,0,pass_conserved_motif,0.65411,0,
backbone_long,RAPCID_backbone_rapcid_backbone_14_model_5.cif.gz,/scratch/a2149a01/RAPCID_2610_output/backbone_long/RAPCID_backbone_rapcid_backbone_14_model_5.cif.gz,B,A,38,34,2.742,2.828,3.006,9,3,19,6,0.76,118.74,chain1_F_chain2_E,0,3,1,0,3,1,0,5,0,1,18,9,0,1,1,1,1,1,1,0,0,pass_conserved_motif,0.57775,0,
backbone_long,RAPCID_backbone_rapcid_backbone_14_model_6.cif.gz,/scratch/a2149a01/RAPCID_2610_output/backbone_long/RAPCID_backbone_rapcid_backbone_14_model_6.cif.gz,B,A,38,34,2.604,2.278,2.794,4,6,15,17,0.4688,114.13,chain1_F_chain2_E,1,2,3,0,2,3,0,10,0,1,8,17,1,1,1,1,1,1,1,1,1,,0.68745,1,248
backbone_long,RAPCID_backbone_rapcid_backbone_14_model_7.cif.gz,/scratch/a2149a01/RAPCID_2610_output/backbone_long/RAPCID_backbone_rapcid_backbone_14_model_7.cif.gz,B,A,38,34,2.48,2.474,2.747,7,4,28,9,0.7568,104.42,chain1_F_chain2_E,1,2,1,0,2,1,0,10,1,1,16,9,0,1,1,1,1,1,1,0,0,pass_conserved_motif,0.52443,0,
backbone_long,RAPCID_backbone_rapcid_backbone_150_model_0.cif.gz,/scratch/a2149a01/RAPCID_2610_output/backbone_long/RAPCID_backbone_rapcid_backbone_150_model_0.cif.gz,A,B,46,35,3.188,2.969,2.608,4,4,12,7,0.6316,125.56,chain1_E_chain2_F,1,0,0,3,1,3,0,7,0,0,14,9,1,0,1,1,1,1,1,0,0,pass_conserved_motif,0.64518,0,
backbone_long,RAPCID_backbone_rapcid_backbone_150_model_1.cif.gz,/scratch/a2149a01/RAPCID_2610_output/backbone_long/RAPCID_backbone_rapcid_backbone_150_model_1.cif.gz,A,B,46,35,3.19,2.993,2.314,5,5,14,16,0.4667,121.63,chain1_E_chain2_F,1,0,0,2,1,2,0,3,1,1,12,8,1,0,1,1,1,1,1,0,0,pass_conserved_motif,0.65615,0,
backbone_long,RAPCID_backbone_rapcid_backbone_150_model_2.cif.gz,/scratch/a2149a01/RAPCID_2610_output/backbone_long/RAPCID_backbone_rapcid_backbone_150_model_2.cif.gz,A,B,46,35,2.057,3.189,3.307,3,10,9,28,0.2432,160.28,chain1_E_chain2_F,1,0,0,3,1,3,0,2,0,1,9,18,1,0,1,1,1,1,1,0,0,pass_conserved_motif,0.69398,0,
backbone_long,RAPCID_backbone_rapcid_backbone_150_model_3.cif.gz,/scratch/a2149a01/RAPCID_2610_output/backbone_long/RAPCID_backbone_rapcid_backbone_150_model_3.cif.gz,A,B,46,35,8.732,3.342,3.041,2,6,7,20,0.2593,147.74,chain1_E_chain2_F,1,0,0,3,1,3,0,0,0,0,8,16,1,0,1,1,1,1,1,0,0,pass_conserved_motif,0.64047,0,
backbone_long,RAPCID_backbone_rapcid_backbone_150_model_4.cif.gz,/scratch/a2149a01/RAPCID_2610_output/backbone_long/RAPCID_backbone_rapcid_backbone_150_model_4.cif.gz,A,B,46,35,2.582,3.312,3.718,4,5,9,8,0.5294,122.29,chain1_E_chain2_F,1,0,0,2,1,2,0,7,1,0,10,9,1,0,1,1,1,1,1,0,0,pass_conserved_motif,0.66323,0,
backbone_long,RAPCID_backbone_rapcid_backbone_150_model_5.cif.gz,/scratch/a2149a01/RAPCID_2610_output/backbone_long/RAPCID_backbone_rapcid_backbone_150_model_5.cif.gz,A,B,46,35,3.323,2.768,2.943,4,4,10,11,0.4762,135.36,chain1_E_chain2_F,1,0,0,2,1,2,0,2,0,0,9,10,1,0,1,1,1,1,1,0,0,pass_conserved_motif,0.66741,0,
backbone_long,RAPCID_backbone_rapcid_backbone_150_model_6.cif.gz,/scratch/a2149a01/RAPCID_2610_output/backbone_long/RAPCID_backbone_rapcid_backbone_150_model_6.cif.gz,A,B,46,35,3.511,3.061,3.202,4,9,8,19,0.2963,133.29,chain1_E_chain2_F,1,0,1,3,1,3,0,2,0,1,9,18,1,1,1,1,1,1,1,1,1,,0.63378,1,419
backbone_long,RAPCID_backbone_rapcid_backbone_150_model_7.cif.gz,/scratch/a2149a01/RAPCID_2610_output/backbone_long/RAPCID_backbone_rapcid_backbone_150_model_7.cif.gz,A,B,46,35,2.796,2.912,3.334,4,5,15,10,0.6,139.7,chain1_E_chain2_F,1,0,0,2,1,2,0,14,0,0,10,11,1,0,1,1,1,1,1,0,0,pass_conserved_motif,0.65139,0,
backbone_long,RAPCID_backbone_rapcid_backbone_151_model_0.cif.gz,/scratch/a2149a01/RAPCID_2610_output/backbone_long/RAPCID_backbone_rapcid_backbone_151_model_0.cif.gz,B,A,39,35,3.487,3.312,3.278,4,4,11,11,0.5,118.18,chain1_F_chain2_E,1,3,1,0,3,1,0,3,0,0,13,9,0,1,1,1,1,1,1,0,0,pass_conserved_motif,0.65322,0,
backbone_long,RAPCID_backbone_rapcid_backbone_151_model_1.cif.gz,/scratch/a2149a01/RAPCID_2610_output/backbone_long/RAPCID_backbone_rapcid_backbone_151_model_1.cif.gz,B,A,39,35,3.852,3.15,2.875,6,5,14,7,0.6667,109.72,chain1_F_chain2_E,0,2,2,0,2,2,0,1,0,0,9,14,0,1,1,1,1,1,1,0,0,pass_conserved_motif,0.54836,0,
backbone_long,RAPCID_backbone_rapcid_backbone_151_model_2.cif.gz,/scratch/a2149a01/RAPCID_2610_output/backbone_long/RAPCID_backbone_rapcid_backbone_151_model_2.cif.gz,B,A,39,35,3.428,2.437,3.028,6,4,18,9,0.6667,109.93,chain1_F_chain2_E,1,2,1,0,2,1,0,10,0,0,11,12,0,1,1,1,1,1,1,0,0,pass_conserved_motif,0.54548,0,
backbone_long,RAPCID_backbone_rapcid_backbone_151_model_3.cif.gz,/scratch/a2149a01/RAPCID_2610_output/backbone_long/RAPCID_backbone_rapcid_backbone_151_model_3.cif.gz,B,A,39,35,2.754,2.778,3.552,5,4,22,5,0.8148,120.52,chain1_F_chain2_E,1,2,0,0,2,0,0,11,0,0,11,7,0,2,1,1,1,1,1,0,0,pass_conserved_motif,0.48795,0,
backbone_long,RAPCID_backbone_rapcid_backbone_151_model_4.cif.gz,/scratch/a2149a01/RAPCID_2610_output/backbone_long/RAPCID_backbone_rapcid_backbone_151_model_4.cif.gz,B,A,39,35,3.621,3.594,2.942,6,5,13,12,0.52,141.98,chain1_F_chain2_E,0,3,1,0,3,1,0,1,0,0,14,9,0,1,1,1,1,1,1,0,0,pass_conserved_motif,0.71456,0,
backbone_long,RAPCID_backbone_rapcid_backbone_151_model_5.cif.gz,/scratch/a2149a01/RAPCID_2610_output/backbone_long/RAPCID_backbone_rapcid_backbone_151_model_5.cif.gz,B,A,39,35,3.825,2.578,3.085,5,3,16,11,0.5926,132.57,chain1_F_chain2_E,0,3,1,0,3,1,0,1,0,0,11,10,0,1,1,1,1,1,1,0,0,pass_conserved_motif,0.65414,0,
backbone_long,RAPCID_backbone_rapcid_backbone_151_model_6.cif.gz,/scratch/a2149a01/RAPCID_2610_output/backbone_long/RAPCID_backbone_rapcid_backbone_151_model_6.cif.gz,B,A,39,35,2.415,3.105,2.971,6,4,12,11,0.5217,100.83,chain1_F_chain2_E,1,2,1,0,2,1,0,9,1,1,10,9,1,1,1,1,1,1,1,1,1,,0.61145,1,484
backbone_long,RAPCID_backbone_rapcid_backbone_151_model_7.cif.gz,/scratch/a2149a01/RAPCID_2610_output/backbone_long/RAPCID_backbone_rapcid_backbone_151_model_7.cif.gz,B,A,39,35,5.687,2.952,3.244,5,5,16,12,0.5714,119.95,chain1_F_chain2_E,0,3,2,0,3,2,0,0,0,0,10,15,0,1,1,1,1,1,1,0,0,pass_conserved_motif,0.64411,0,
backbone_long,RAPCID_backbone_rapcid_backbone_152_model_0.cif.gz,/scratch/a2149a01/RAPCID_2610_output/backbone_long/RAPCID_backbone_rapcid_backbone_152_model_0.cif.gz,A,B,45,33,10.601,2.805,3.339,4,5,10,21,0.3226,161.44,chain1_E_chain2_F,2,0,0,3,2,3,0,0,0,0,10,16,1,0,1,1,1,1,1,0,0,pass_conserved_motif,0.72375,0,
backbone_long,RAPCID_backbone_rapcid_backbone_152_model_1.cif.gz,/scratch/a2149a01/RAPCID_2610_output/backbone_long/RAPCID_backbone_rapcid_backbone_152_model_1.cif.gz,A,B,45,33,10.551,3.097,3.0,3,5,9,18,0.3333,152.81,chain1_E_chain2_F,1,0,0,3,1,3,0,0,0,0,9,17,1,0,1,1,1,1,1,0,0,pass_conserved_motif,0.687,0,
backbone_long,RAPCID_backbone_rapcid_backbone_152_model_2.cif.gz,/scratch/a2149a01/RAPCID_2610_output/backbone_long/RAPCID_backbone_rapcid_backbone_152_model_2.cif.gz,A,B,45,33,10.491,2.775,3.325,3,5,14,17,0.4516,151.3,chain1_E_chain2_F,2,0,0,3,2,3,0,0,0,0,11,15,2,0,1,1,1,1,1,0,0,pass_conserved_motif,0.75785,0,
backbone_long,RAPCID_backbone_rapcid_backbone_152_model_3.cif.gz,/scratch/a2149a01/RAPCID_2610_output/backbone_long/RAPCID_backbone_rapcid_backbone_152_model_3.cif.gz,A,B,45,33,3.102,3.066,2.782,4,4,10,16,0.3846,113.3,chain1_E_chain2_F,1,0,0,2,1,2,0,9,1,0,12,10,1,0,1,1,1,1,1,0,0,pass_conserved_motif,0.59888,0,
backbone_long,RAPCID_backbone_rapcid_backbone_152_model_4.cif.gz,/scratch/a2149a01/RAPCID_2610_output/backbone_long/RAPCID_backbone_rapcid_backbone_152_model_4.cif.gz,A,B,45,33,9.174,2.907,3.193,3,6,9,17,0.3462,156.23,chain1_E_chain2_F,2,0,0,3,2,3,0,0,0,0,9,16,2,0,1,1,1,1,1,0,0,pass_conserved_motif,0.7321,0,
backbone_long,RAPCID_backbone_rapcid_backbone_152_model_5.cif.gz,/scratch/a2149a01/RAPCID_2610_output/backbone_long/RAPCID_backbone_rapcid_backbone_152_model_5.cif.gz,A,B,45,33,3.236,2.531,3.175,4,5,7,11,0.3889,139.54,chain1_E_chain2_F,1,0,0,3,1,3,0,4,0,0,11,11,1,0,1,1,1,1,1,0,0,pass_conserved_motif,0.68499,0,
backbone_long,RAPCID_backbone_rapcid_backbone_152_model_6.cif.gz,/scratch/a2149a01/RAPCID_2610_output/backbone_long/RAPCID_backbone_rapcid_backbone_152_model_6.cif.gz,A,B,45,33,8.601,3.033,3.04,4,6,8,18,0.3077,163.12,chain1_E_chain2_F,1,0,0,3,1,3,0,0,0,0,8,16,1,0,1,1,1,1,1,0,0,pass_conserved_motif,0.68363,0,
backbone_long,RAPCID_backbone_rapcid_backbone_152_model_7.cif.gz,/scratch/a2149a01/RAPCID_2610_output/backbone_long/RAPCID_backbone_rapcid_backbone_152_model_7.cif.gz,A,B,45,33,10.963,2.537,3.583,4,5,9,18,0.3333,150.23,chain1_E_chain2_F,1,0,0,3,1,3,0,0,0,0,9,16,2,1,1,1,1,1,1,1,1,,0.67838,1,275
backbone_long,RAPCID_backbone_rapcid_backbone_153_model_0.cif.gz,/scratch/a2149a01/RAPCID_2610_output/backbone_long/RAPCID_backbone_rapcid_backbone_153_model_0.cif.gz,B,A,38,24,5.69,3.613,2.981,5,7,11,16,0.4074,130.05,chain1_F_chain2_E,0,3,2,0,3,2,0,0,0,0,14,13,0,1,1,1,1,1,1,0,0,pass_conserved_motif,0.6693,0,
backbone_long,RAPCID_backbone_rapcid_backbone_153_model_1.cif.gz,/scratch/a2149a01/RAPCID_2610_output/backbone_long/RAPCID_backbone_rapcid_backbone_153_model_1.cif.gz,B,A,38,24,9.241,3.144,3.073,6,5,18,10,0.6429,157.2,chain1_F_chain2_E,0,3,1,0,3,1,0,0,0,0,16,11,0,1,1,1,1,1,1,0,0,pass_conserved_motif,0.71116,0,
backbone_long,RAPCID_backbone_rapcid_backbone_153_model_2.cif.gz,/scratch/a2149a01/RAPCID_2610_output/backbone_long/RAPCID_backbone_rapcid_backbone_153_model_2.cif.gz,B,A,38,24,3.335,3.744,1.899,4,5,11,13,0.4583,148.7,chain1_F_chain2_E,0,2,1,0,2,1,0,1,1,0,15,12,0,1,0,1,1,1,1,0,0,pass_no_clash;pass_conserved_motif,0.71639,0,
backbone_long,RAPCID_backbone_rapcid_backbone_153_model_3.cif.gz,/scratch/a2149a01/RAPCID_2610_output/backbone_long/RAPCID_backbone_rapcid_backbone_153_model_3.cif.gz,B,A,38,24,7.292,3.348,2.388,5,7,18,16,0.5294,164.64,chain1_F_chain2_E,0,3,2,0,3,2,1,0,0,0,15,12,0,2,1,1,1,1,1,0,0,pass_conserved_motif,0.80085,0,
backbone_long,RAPCID_backbone_rapcid_backbone_153_model_4.cif.gz,/scratch/a2149a01/RAPCID_2610_output/backbone_long/RAPCID_backbone_rapcid_backbone_153_model_4.cif.gz,B,A,38,24,8.51,3.605,2.888,6,6,17,13,0.5667,161.64,chain1_F_chain2_E,0,3,1,0,3,1,0,0,0,0,15,12,1,1,1,1,1,1,1,1,1,,0.73882,1,90
backbone_long,RAPCID_backbone_rapcid_backbone_153_model_5.cif.gz,/scratch/a2149a01/RAPCID_2610_output/backbone_long/RAPCID_backbone_rapcid_backbone_153_model_5.cif.gz,B,A,38,24,8.753,3.372,2.88,4,5,15,13,0.5357,162.65,chain1_F_chain2_E,0,2,1,0,2,1,0,0,0,0,14,12,0,1,1,1,1,1,1,0,0,pass_conserved_motif,0.71925,0,
backbone_long,RAPCID_backbone_rapcid_backbone_153_model_6.cif.gz,/scratch/a2149a01/RAPCID_2610_output/backbone_long/RAPCID_backbone_rapcid_backbone_153_model_6.cif.gz,B,A,38,24,13.16,3.581,2.747,6,3,14,7,0.6667,161.73,chain1_F_chain2_E,0,3,1,0,3,1,0,0,0,0,14,9,0,1,1,1,1,1,1,0,0,pass_conserved_motif,0.69852,0,
backbone_long,RAPCID_backbone_rapcid_backbone_153_model_7.cif.gz,/scratch/a2149a01/RAPCID_2610_output/backbone_long/RAPCID_backbone_rapcid_backbone_153_model_7.cif.gz,B,A,38,24,9.808,3.159,2.678,5,4,18,11,0.6207,149.27,chain1_F_chain2_E,0,3,1,0,3,1,0,0,0,0,15,10,0,1,1,1,1,1,1,0,0,pass_conserved_motif,0.69359,0,
backbone_long,RAPCID_backbone_rapcid_backbone_154_model_0.cif.gz,/scratch/a2149a01/RAPCID_2610_output/backbone_long/RAPCID_backbone_rapcid_backbone_154_model_0.cif.gz,A,B,43,43,2.755,3.448,2.79,4,10,11,30,0.2683,137.06,chain1_E_chain2_F,1,0,1,3,1,3,0,18,2,1,6,17,2,2,1,1,1,1,1,1,1,,0.64846,1,383
backbone_long,RAPCID_backbone_rapcid_backbone_154_model_1.cif.gz,/scratch/a2149a01/RAPCID_2610_output/backbone_long/RAPCID_backbone_rapcid_backbone_154_model_1.cif.gz,A,B,43,43,3.296,2.632,2.597,5,5,17,11,0.6071,126.47,chain1_E_chain2_F,2,0,0,3,2,3,1,6,0,0,10,12,1,1,1,1,1,1,1,1,1,,0.71013,1,165
backbone_long,RAPCID_backbone_rapcid_backbone_154_model_2.cif.gz,/scratch/a2149a01/RAPCID_2610_output/backbone_long/RAPCID_backbone_rapcid_backbone_154_model_2.cif.gz,A,B,43,43,2.951,2.901,3.477,4,4,12,11,0.5217,126.35,chain1_E_chain2_F,1,0,1,3,1,3,0,12,0,0,9,10,1,1,1,1,1,1,1,1,1,,0.67677,1,278
backbone_long,RAPCID_backbone_rapcid_backbone_154_model_3.cif.gz,/scratch/a2149a01/RAPCID_2610_output/backbone_long/RAPCID_backbone_rapcid_backbone_154_model_3.cif.gz,A,B,43,43,3.605,2.972,3.464,6,5,12,12,0.5,124.4,chain1_E_chain2_F,1,0,0,3,1,3,0,8,0,0,9,11,1,0,1,1,1,1,1,0,0,pass_conserved_motif,0.69895,0,
backbone_long,RAPCID_backbone_rapcid_backbone_154_model_4.cif.gz,/scratch/a2149a01/RAPCID_2610_output/backbone_long/RAPCID_backbone_rapcid_backbone_154_model_4.cif.gz,A,B,43,43,2.833,2.708,2.784,5,6,12,19,0.3871,110.7,chain1_E_chain2_F,1,0,1,2,1,2,0,8,0,0,14,11,2,0,1,1,1,1,1,0,0,pass_conserved_motif,0.57956,0,
backbone_long,RAPCID_backbone_rapcid_backbone_154_model_5.cif.gz,/scratch/a2149a01/RAPCID_2610_output/backbone_long/RAPCID_backbone_rapcid_backbone_154_model_5.cif.gz,A,B,43,43,9.491,2.459,3.54,4,4,9,9,0.5,153.28,chain1_E_chain2_F,1,0,0,3,1,3,0,0,0,0,10,12,1,0,1,1,1,1,1,0,0,pass_conserved_motif,0.75521,0,
backbone_long,RAPCID_backbone_rapcid_backbone_154_model_6.cif.gz,/scratch/a2149a01/RAPCID_2610_output/backbone_long/RAPCID_backbone_rapcid_backbone_154_model_6.cif.gz,A,B,43,43,3.116,2.863,3.058,3,7,8,15,0.3478,126.36,chain1_E_chain2_F,1,0,0,2,1,2,0,9,1,1,10,17,1,0,1,1,1,1,1,0,0,pass_conserved_motif,0.64438,0,
backbone_long,RAPCID_backbone_rapcid_backbone_154_model_7.cif.gz,/scratch/a2149a01/RAPCID_2610_output/backbone_long/RAPCID_backbone_rapcid_backbone_154_model_7.cif.gz,A,B,43,43,2.857,3.357,3.225,4,8,14,18,0.4375,122.05,chain1_E_chain2_F,1,0,0,3,1,3,0,5,1,2,9,14,2,0,1,1,1,1,1,0,0,pass_conserved_motif,0.7011,0,
backbone_long,RAPCID_backbone_rapcid_backbone_155_model_0.cif.gz,/scratch/a2149a01/RAPCID_2610_output/backbone_long/RAPCID_backbone_rapcid_backbone_155_model_0.cif.gz,A,B,41,22,10.172,2.495,3.361,3,5,8,17,0.32,169.28,chain1_E_chain2_F,1,0,0,3,1,3,0,0,0,0,9,15,1,0,1,1,1,1,1,0,0,pass_conserved_motif,0.66801,0,
backbone_long,RAPCID_backbone_rapcid_backbone_155_model_1.cif.gz,/scratch/a2149a01/RAPCID_2610_output/backbone_long/RAPCID_backbone_rapcid_backbone_155_model_1.cif.gz,A,B,41,22,8.609,2.974,3.291,5,6,15,23,0.3947,155.41,chain1_E_chain2_F,2,0,0,3,2,3,0,0,0,0,11,15,1,0,1,1,1,1,1,0,0,pass_conserved_motif,0.74878,0,
backbone_long,RAPCID_backbone_rapcid_backbone_155_model_2.cif.gz,/scratch/a2149a01/RAPCID_2610_output/backbone_long/RAPCID_backbone_rapcid_backbone_155_model_2.cif.gz,A,B,41,22,9.756,2.252,3.182,6,6,18,24,0.4286,168.79,chain1_E_chain2_F,3,0,0,3,3,3,0,0,0,0,12,15,1,1,1,1,1,1,1,1,1,,0.77022,1,33
backbone_long,RAPCID_backbone_rapcid_backbone_155_model_3.cif.gz,/scratch/a2149a01/RAPCID_2610_output/backbone_long/RAPCID_backbone_rapcid_backbone_155_model_3.cif.gz,A,B,41,22,8.046,2.396,3.245,5,5,15,22,0.4054,170.18,chain1_E_chain2_F,2,0,0,3,2,3,1,0,0,0,12,15,1,0,1,1,1,1,1,0,0,pass_conserved_motif,0.75631,0,
backbone_long,RAPCID_backbone_rapcid_backbone_155_model_4.cif.gz,/scratch/a2149a01/RAPCID_2610_output/backbone_long/RAPCID_backbone_rapcid_backbone_155_model_4.cif.gz,A,B,41,22,3.612,2.701,3.422,5,5,14,17,0.4516,139.83,chain1_E_chain2_F,1,0,0,3,1,3,0,2,0,0,11,14,1,0,1,1,1,1,1,0,0,pass_conserved_motif,0.70103,0,
backbone_long,RAPCID_backbone_rapcid_backbone_155_model_5.cif.gz,/scratch/a2149a01/RAPCID_2610_output/backbone_long/RAPCID_backbone_rapcid_backbone_155_model_5.cif.gz,A,B,41,22,13.937,3.17,3.835,2,6,4,11,0.2667,165.78,chain1_E_chain2_F,1,0,0,3,1,3,0,0,0,0,10,14,1,0,1,1,1,1,1,0,0,pass_conserved_motif,0.65837,0,
backbone_long,RAPCID_backbone_rapcid_backbone_155_model_6.cif.gz,/scratch/a2149a01/RAPCID_2610_output/backbone_long/RAPCID_backbone_rapcid_backbone_155_model_6.cif.gz,A,B,41,22,11.929,3.491,3.73,4,5,10,15,0.4,155.05,chain1_E_chain2_F,1,0,0,3,1,3,0,0,0,0,9,15,1,0,1,1,1,1,1,0,0,pass_conserved_motif,0.7211,0,
backbone_long,RAPCID_backbone_rapcid_backbone_155_model_7.cif.gz,/scratch/a2149a01/RAPCID_2610_output/backbone_long/RAPCID_backbone_rapcid_backbone_155_model_7.cif.gz,A,B,41,22,10.429,2.655,3.63,4,5,9,13,0.4091,153.83,chain1_E_chain2_F,1,0,0,3,1,3,0,0,0,0,9,15,1,0,1,1,1,1,1,0,0,pass_conserved_motif,0.7207,0,
backbone_long,RAPCID_backbone_rapcid_backbone_156_model_0.cif.gz,/scratch/a2149a01/RAPCID_2610_output/backbone_long/RAPCID_backbone_rapcid_backbone_156_model_0.cif.gz,A,B,51,40,3.501,2.2,3.514,4,7,11,14,0.44,127.42,chain1_E_chain2_F,1,0,0,3,1,3,0,3,1,1,10,18,1,0,1,1,1,1,1,0,0,pass_conserved_motif,0.69335,0,
backbone_long,RAPCID_backbone_rapcid_backbone_156_model_1.cif.gz,/scratch/a2149a01/RAPCID_2610_output/backbone_long/RAPCID_backbone_rapcid_backbone_156_model_1.cif.gz,A,B,51,40,4.328,3.055,3.359,4,6,15,10,0.6,119.52,chain1_E_chain2_F,1,0,0,3,1,3,0,0,0,0,10,16,1,0,1,1,1,1,1,0,0,pass_conserved_motif,0.60267,0,
backbone_long,RAPCID_backbone_rapcid_backbone_156_model_2.cif.gz,/scratch/a2149a01/RAPCID_2610_output/backbone_long/RAPCID_backbone_rapcid_backbone_156_model_2.cif.gz,A,B,51,40,3.698,2.835,3.446,4,5,15,14,0.5172,138.85,chain1_E_chain2_F,2,0,0,3,2,3,0,1,0,0,11,12,1,0,1,1,1,1,1,0,0,pass_conserved_motif,0.7338,0,
backbone_long,RAPCID_backbone_rapcid_backbone_156_model_3.cif.gz,/scratch/a2149a01/RAPCID_2610_output/backbone_long/RAPCID_backbone_rapcid_backbone_156_model_3.cif.gz,A,B,51,40,8.451,3.054,2.85,3,5,11,18,0.3793,143.79,chain1_E_chain2_F,2,0,0,3,2,3,0,0,0,0,9,12,1,0,1,1,1,1,1,0,0,pass_conserved_motif,0.70387,0,
backbone_long,RAPCID_backbone_rapcid_backbone_156_model_4.cif.gz,/scratch/a2149a01/RAPCID_2610_output/backbone_long/RAPCID_backbone_rapcid_backbone_156_model_4.cif.gz,A,B,51,40,3.358,2.687,2.731,5,5,19,18,0.5135,118.54,chain1_E_chain2_F,2,0,0,2,2,2,0,13,1,1,11,10,1,0,1,1,1,1,1,0,0,pass_conserved_motif,0.68236,0,
backbone_long,RAPCID_backbone_rapcid_backbone_156_model_5.cif.gz,/scratch/a2149a01/RAPCID_2610_output/backbone_long/RAPCID_backbone_rapcid_backbone_156_model_5.cif.gz,A,B,51,40,3.17,2.864,2.604,5,5,17,16,0.5152,123.72,chain1_E_chain2_F,1,0,0,1,1,1,0,10,0,1,8,9,1,0,1,1,1,1,1,0,0,pass_conserved_motif,0.64015,0,
backbone_long,RAPCID_backbone_rapcid_backbone_156_model_6.cif.gz,/scratch/a2149a01/RAPCID_2610_output/backbone_long/RAPCID_backbone_rapcid_backbone_156_model_6.cif.gz,A,B,51,40,2.915,2.815,2.811,4,3,11,8,0.5789,114.52,chain1_E_chain2_F,1,0,0,2,1,2,0,12,1,1,12,9,1,0,1,1,1,1,1,0,0,pass_conserved_motif,0.61919,0,
backbone_long,RAPCID_backbone_rapcid_backbone_156_model_7.cif.gz,/scratch/a2149a01/RAPCID_2610_output/backbone_long/RAPCID_backbone_rapcid_backbone_156_model_7.cif.gz,A,B,51,40,2.857,2.72,2.748,4,4,12,13,0.48,124.58,chain1_E_chain2_F,1,0,0,2,1,2,0,20,0,0,10,11,1,0,1,1,1,1,1,0,0,pass_conserved_motif,0.60299,0,
backbone_long,RAPCID_backbone_rapcid_backbone_157_model_0.cif.gz,/scratch/a2149a01/RAPCID_2610_output/backbone_long/RAPCID_backbone_rapcid_backbone_157_model_0.cif.gz,A,B,56,39,9.372,3.211,3.532,4,5,14,13,0.5185,166.91,chain1_E_chain2_F,2,0,0,3,2,3,1,0,0,0,10,15,1,0,1,1,1,1,1,0,0,pass_conserved_motif,0.79767,0,
backbone_long,RAPCID_backbone_rapcid_backbone_157_model_1.cif.gz,/scratch/a2149a01/RAPCID_2610_output/backbone_long/RAPCID_backbone_rapcid_backbone_157_model_1.cif.gz,A,B,56,39,9.635,2.921,3.053,4,5,7,16,0.3043,174.32,chain1_E_chain2_F,1,0,0,3,1,3,0,0,0,0,9,15,2,0,1,1,1,1,1,0,0,pass_conserved_motif,0.64494,0,
backbone_long,RAPCID_backbone_rapcid_backbone_157_model_2.cif.gz,/scratch/a2149a01/RAPCID_2610_output/backbone_long/RAPCID_backbone_rapcid_backbone_157_model_2.cif.gz,A,B,56,39,11.959,3.425,3.651,2,6,7,16,0.3043,151.57,chain1_E_chain2_F,2,0,0,3,2,3,0,0,0,0,8,15,2,0,1,1,1,1,1,0,0,pass_conserved_motif,0.69985,0,
backbone_long,RAPCID_backbone_rapcid_backbone_157_model_3.cif.gz,/scratch/a2149a01/RAPCID_2610_output/backbone_long/RAPCID_backbone_rapcid_backbone_157_model_3.cif.gz,A,B,56,39,10.691,2.695,3.413,3,4,8,15,0.3478,149.27,chain1_E_chain2_F,1,0,0,2,1,2,0,0,0,0,8,16,1,0,1,1,1,1,1,0,0,pass_conserved_motif,0.65243,0,
backbone_long,RAPCID_backbone_rapcid_backbone_157_model_4.cif.gz,/scratch/a2149a01/RAPCID_2610_output/backbone_long/RAPCID_backbone_rapcid_backbone_157_model_4.cif.gz,A,B,56,39,11.028,3.516,3.416,3,5,8,17,0.32,156.71,chain1_E_chain2_F,1,0,0,3,1,3,0,0,0,0,10,16,1,0,1,1,1,1,1,0,0,pass_conserved_motif,0.69466,0,
backbone_long,RAPCID_backbone_rapcid_backbone_157_model_5.cif.gz,/scratch/a2149a01/RAPCID_2610_output/backbone_long/RAPCID_backbone_rapcid_backbone_157_model_5.cif.gz,A,B,56,39,3.039,3.005,3.066,4,6,17,19,0.4722,152.31,chain1_E_chain2_F,1,0,0,3,1,3,0,2,0,0,11,16,1,1,1,1,1,1,1,1,1,,0.75086,1,63
backbone_long,RAPCID_backbone_rapcid_backbone_157_model_6.cif.gz,/scratch/a2149a01/RAPCID_2610_output/backbone_long/RAPCID_backbone_rapcid_backbone_157_model_6.cif.gz,A,B,56,39,10.143,2.969,3.743,4,6,12,13,0.48,157.39,chain1_E_chain2_F,1,0,0,3,1,3,0,0,0,0,10,16,2,0,1,1,1,1,1,0,0,pass_conserved_motif,0.76091,0,
backbone_long,RAPCID_backbone_rapcid_backbone_157_model_7.cif.gz,/scratch/a2149a01/RAPCID_2610_output/backbone_long/RAPCID_backbone_rapcid_backbone_157_model_7.cif.gz,A,B,56,39,10.091,3.093,3.248,3,5,9,19,0.3214,160.93,chain1_E_chain2_F,1,0,0,3,1,3,0,0,0,0,12,16,1,0,1,1,1,1,1,0,0,pass_conserved_motif,0.69643,0,
backbone_long,RAPCID_backbone_rapcid_backbone_158_model_0.cif.gz,/scratch/a2149a01/RAPCID_2610_output/backbone_long/RAPCID_backbone_rapcid_backbone_158_model_0.cif.gz,B,A,42,38,2.992,2.43,2.824,4,4,18,11,0.6207,106.62,chain1_F_chain2_E,1,2,1,0,2,1,0,8,1,1,8,9,0,1,1,1,1,1,1,0,0,pass_conserved_motif,0.59618,0,
backbone_long,RAPCID_backbone_rapcid_backbone_158_model_1.cif.gz,/scratch/a2149a01/RAPCID_2610_output/backbone_long/RAPCID_backbone_rapcid_backbone_158_model_1.cif.gz,B,A,42,38,2.552,3.733,2.906,5,3,14,13,0.5185,115.99,chain1_F_chain2_E,0,2,1,0,2,1,0,3,0,1,13,10,0,1,1,1,1,1,1,0,0,pass_conserved_motif,0.6266,0,
backbone_long,RAPCID_backbone_rapcid_backbone_158_model_2.cif.gz,/scratch/a2149a01/RAPCID_2610_output/backbone_long/RAPCID_backbone_rapcid_backbone_158_model_2.cif.gz,B,A,42,38,2.158,2.452,2.797,4,4,16,14,0.5333,131.83,chain1_F_chain2_E,1,2,2,0,2,2,1,8,1,0,8,12,1,2,1,1,1,1,1,1,1,,0.75562,1,52
backbone_long,RAPCID_backbone_rapcid_backbone_158_model_3.cif.gz,/scratch/a2149a01/RAPCID_2610_output/backbone_long/RAPCID_backbone_rapcid_backbone_158_model_3.cif.gz,B,A,42,38,3.36,2.435,2.617,5,5,17,12,0.5862,125.58,chain1_F_chain2_E,1,2,2,0,2,2,0,10,0,0,11,15,0,1,1,1,1,1,1,0,0,pass_conserved_motif,0.65841,0,
backbone_long,RAPCID_backbone_rapcid_backbone_158_model_4.cif.gz,/scratch/a2149a01/RAPCID_2610_output/backbone_long/RAPCID_backbone_rapcid_backbone_158_model_4.cif.gz,B,A,42,38,2.826,2.512,2.872,4,6,18,12,0.6,100.01,chain1_F_chain2_E,1,2,1,0,2,1,0,4,0,2,10,12,0,1,1,1,1,1,1,0,0,pass_conserved_motif,0.5624,0,
backbone_long,RAPCID_backbone_rapcid_backbone_158_model_5.cif.gz,/scratch/a2149a01/RAPCID_2610_output/backbone_long/RAPCID_backbone_rapcid_backbone_158_model_5.cif.gz,B,A,42,38,2.432,2.922,3.237,7,3,21,8,0.7241,147.59,chain1_F_chain2_E,0,3,1,0,3,1,0,1,0,0,13,11,1,2,1,1,1,1,1,1,1,,0.65159,1,373
backbone_long,RAPCID_backbone_rapcid_backbone_158_model_6.cif.gz,/scratch/a2149a01/RAPCID_2610_output/backbone_long/RAPCID_backbone_rapcid_backbone_158_model_6.cif.gz,B,A,42,38,3.07,2.955,3.115,7,3,17,13,0.5667,121.9,chain1_F_chain2_E,1,3,1,0,3,1,0,11,1,1,15,11,0,1,1,1,1,1,1,0,0,pass_conserved_motif,0.68227,0,
backbone_long,RAPCID_backbone_rapcid_backbone_158_model_7.cif.gz,/scratch/a2149a01/RAPCID_2610_output/backbone_long/RAPCID_backbone_rapcid_backbone_158_model_7.cif.gz,B,A,42,38,2.667,2.465,2.689,4,3,12,8,0.6,111.98,chain1_F_chain2_E,0,2,1,0,2,1,0,3,0,0,10,9,0,1,1,1,1,1,1,0,0,pass_conserved_motif,0.56397,0,
backbone_long,RAPCID_backbone_rapcid_backbone_159_model_0.cif.gz,/scratch/a2149a01/RAPCID_2610_output/backbone_long/RAPCID_backbone_rapcid_backbone_159_model_0.cif.gz,B,A,33,25,6.911,3.694,2.391,5,5,11,12,0.4783,157.47,chain1_F_chain2_E,0,3,1,0,3,1,0,0,0,0,14,12,0,1,1,1,1,1,1,0,0,pass_conserved_motif,0.7605,0,
backbone_long,RAPCID_backbone_rapcid_backbone_159_model_1.cif.gz,/scratch/a2149a01/RAPCID_2610_output/backbone_long/RAPCID_backbone_rapcid_backbone_159_model_1.cif.gz,B,A,33,25,3.412,3.488,2.552,5,8,14,17,0.4516,146.09,chain1_F_chain2_E,0,3,2,0,3,2,0,1,0,0,13,14,0,1,1,1,1,1,1,0,0,pass_conserved_motif,0.74547,0,
backbone_long,RAPCID_backbone_rapcid_backbone_159_model_2.cif.gz,/scratch/a2149a01/RAPCID_2610_output/backbone_long/RAPCID_backbone_rapcid_backbone_159_model_2.cif.gz,B,A,33,25,11.616,3.607,3.104,5,4,14,10,0.5833,151.3,chain1_F_chain2_E,0,3,2,0,3,2,0,0,0,0,15,10,0,1,1,1,1,1,1,0,0,pass_conserved_motif,0.74387,0,
backbone_long,RAPCID_backbone_rapcid_backbone_159_model_3.cif.gz,/scratch/a2149a01/RAPCID_2610_output/backbone_long/RAPCID_backbone_rapcid_backbone_159_model_3.cif.gz,B,A,33,25,3.454,3.341,2.192,5,7,16,17,0.4848,141.43,chain1_F_chain2_E,0,3,1,0,3,1,0,2,0,0,15,13,0,1,1,1,1,1,1,0,0,pass_conserved_motif,0.71967,0,
backbone_long,RAPCID_backbone_rapcid_backbone_159_model_4.cif.gz,/scratch/a2149a01/RAPCID_2610_output/backbone_long/RAPCID_backbone_rapcid_backbone_159_model_4.cif.gz,B,A,33,25,8.752,3.315,2.776,5,5,17,14,0.5484,166.89,chain1_F_chain2_E,0,3,1,0,3,1,0,0,0,0,15,9,1,1,1,1,1,1,1,1,1,,0.72864,1,118
backbone_long,RAPCID_backbone_rapcid_backbone_159_model_5.cif.gz,/scratch/a2149a01/RAPCID_2610_output/backbone_long/RAPCID_backbone_rapcid_backbone_159_model_5.cif.gz,B,A,33,25,7.225,3.641,3.033,6,6,15,13,0.5357,149.64,chain1_F_chain2_E,0,3,3,0,3,3,0,0,0,0,15,14,0,2,1,1,1,1,1,0,0,pass_conserved_motif,0.78593,0,
backbone_long,RAPCID_backbone_rapcid_backbone_159_model_6.cif.gz,/scratch/a2149a01/RAPCID_2610_output/backbone_long/RAPCID_backbone_rapcid_backbone_159_model_6.cif.gz,B,A,33,25,4.998,3.385,2.412,5,7,15,18,0.4545,137.82,chain1_F_chain2_E,0,3,1,0,3,1,0,0,0,0,15,12,0,1,1,1,1,1,1,0,0,pass_conserved_motif,0.68552,0,
backbone_long,RAPCID_backbone_rapcid_backbone_159_model_7.cif.gz,/scratch/a2149a01/RAPCID_2610_output/backbone_long/RAPCID_backbone_rapcid_backbone_159_model_7.cif.gz,B,A,33,25,13.585,3.236,3.521,5,3,17,5,0.7727,165.16,chain1_F_chain2_E,0,3,1,0,3,1,0,0,0,0,15,7,0,1,1,1,1,1,1,0,0,pass_conserved_motif,0.64465,0,
backbone_long,RAPCID_backbone_rapcid_backbone_15_model_0.cif.gz,/scratch/a2149a01/RAPCID_2610_output/backbone_long/RAPCID_backbone_rapcid_backbone_15_model_0.cif.gz,B,A,42,37,3.374,2.967,2.805,4,5,13,10,0.5652,140.02,chain1_F_chain2_E,0,2,1,0,2,1,0,1,0,0,9,10,0,1,1,1,1,1,1,0,0,pass_conserved_motif,0.66136,0,
backbone_long,RAPCID_backbone_rapcid_backbone_15_model_1.cif.gz,/scratch/a2149a01/RAPCID_2610_output/backbone_long/RAPCID_backbone_rapcid_backbone_15_model_1.cif.gz,B,A,42,37,3.222,2.907,2.658,4,3,14,9,0.6087,111.31,chain1_F_chain2_E,1,2,1,0,2,1,0,8,0,1,9,13,0,1,1,1,1,1,1,0,0,pass_conserved_motif,0.59992,0,
backbone_long,RAPCID_backbone_rapcid_backbone_15_model_2.cif.gz,/scratch/a2149a01/RAPCID_2610_output/backbone_long/RAPCID_backbone_rapcid_backbone_15_model_2.cif.gz,B,A,42,37,3.248,2.903,2.933,3,4,10,10,0.5,121.08,chain1_F_chain2_E,0,2,1,0,2,1,0,7,0,0,10,10,0,1,1,1,1,1,1,0,0,pass_conserved_motif,0.65431,0,
backbone_long,RAPCID_backbone_rapcid_backbone_15_model_3.cif.gz,/scratch/a2149a01/RAPCID_2610_output/backbone_long/RAPCID_backbone_rapcid_backbone_15_model_3.cif.gz,B,A,42,37,3.182,2.773,2.787,6,5,14,12,0.5385,141.61,chain1_F_chain2_E,0,3,1,0,3,1,0,4,0,0,10,10,0,1,1,1,1,1,1,0,0,pass_conserved_motif,0.72092,0,
backbone_long,RAPCID_backbone_rapcid_backbone_15_model_4.cif.gz,/scratch/a2149a01/RAPCID_2610_output/backbone_long/RAPCID_backbone_rapcid_backbone_15_model_4.cif.gz,B,A,42,37,3.631,2.846,3.083,5,4,13,15,0.4643,114.33,chain1_F_chain2_E,0,3,2,0,3,2,0,4,1,1,10,10,0,1,1,1,1,1,1,0,0,pass_conserved_motif,0.693,0,
backbone_long,RAPCID_backbone_rapcid_backbone_15_model_5.cif.gz,/scratch/a2149a01/RAPCID_2610_output/backbone_long/RAPCID_backbone_rapcid_backbone_15_model_5.cif.gz,B,A,42,37,3.396,3.193,2.587,6,6,17,15,0.5312,121.88,chain1_F_chain2_E,1,3,1,0,3,1,0,6,0,0,9,10,0,1,1,1,1,1,1,0,0,pass_conserved_motif,0.66804,0,
backbone_long,RAPCID_backbone_rapcid_backbone_15_model_6.cif.gz,/scratch/a2149a01/RAPCID_2610_output/backbone_long/RAPCID_backbone_rapcid_backbone_15_model_6.cif.gz,B,A,42,37,3.214,2.401,3.035,5,4,19,10,0.6552,101.14,chain1_F_chain2_E,1,2,1,0,2,1,0,14,1,0,9,10,2,1,1,1,1,1,1,1,1,,0.51743,1,626
backbone_long,RAPCID_backbone_rapcid_backbone_15_model_7.cif.gz,/scratch/a2149a01/RAPCID_2610_output/backbone_long/RAPCID_backbone_rapcid_backbone_15_model_7.cif.gz,B,A,42,37,3.185,1.758,3.01,4,5,15,13,0.5357,117.27,chain1_F_chain2_E,1,2,2,0,2,2,0,10,0,0,9,10,0,1,0,1,1,1,1,0,0,pass_no_clash;pass_conserved_motif,0.65088,0,
backbone_long,RAPCID_backbone_rapcid_backbone_160_model_0.cif.gz,/scratch/a2149a01/RAPCID_2610_output/backbone_long/RAPCID_backbone_rapcid_backbone_160_model_0.cif.gz,A,B,56,33,8.871,3.146,2.927,3,6,10,21,0.3226,159.71,chain1_E_chain2_F,1,0,0,2,1,2,0,0,0,0,9,17,1,0,1,1,1,1,1,0,0,pass_conserved_motif,0.67238,0,
backbone_long,RAPCID_backbone_rapcid_backbone_160_model_1.cif.gz,/scratch/a2149a01/RAPCID_2610_output/backbone_long/RAPCID_backbone_rapcid_backbone_160_model_1.cif.gz,A,B,56,33,5.394,3.163,3.366,4,5,11,16,0.4074,166.53,chain1_E_chain2_F,1,0,0,3,1,3,0,0,0,0,10,16,1,0,1,1,1,1,1,0,0,pass_conserved_motif,0.71216,0,
backbone_long,RAPCID_backbone_rapcid_backbone_160_model_2.cif.gz,/scratch/a2149a01/RAPCID_2610_output/backbone_long/RAPCID_backbone_rapcid_backbone_160_model_2.cif.gz,A,B,56,33,10.051,3.196,2.869,4,5,10,18,0.3571,166.87,chain1_E_chain2_F,2,0,0,3,2,3,0,0,0,0,9,16,1,0,1,1,1,1,1,0,0,pass_conserved_motif,0.71947,0,
backbone_long,RAPCID_backbone_rapcid_backbone_160_model_3.cif.gz,/scratch/a2149a01/RAPCID_2610_output/backbone_long/RAPCID_backbone_rapcid_backbone_160_model_3.cif.gz,A,B,56,33,9.026,3.227,3.636,3,6,8,16,0.3333,154.66,chain1_E_chain2_F,1,0,0,3,1,3,0,0,0,0,8,15,1,1,1,1,1,1,1,1,1,,0.69314,1,230
backbone_long,RAPCID_backbone_rapcid_backbone_160_model_4.cif.gz,/scratch/a2149a01/RAPCID_2610_output/backbone_long/RAPCID_backbone_rapcid_backbone_160_model_4.cif.gz,A,B,56,33,6.829,3.2,3.099,5,6,9,17,0.3462,166.14,chain1_E_chain2_F,2,0,0,3,2,3,0,0,0,0,14,16,2,0,1,1,1,1,1,0,0,pass_conserved_motif,0.71752,0,
backbone_long,RAPCID_backbone_rapcid_backbone_160_model_5.cif.gz,/scratch/a2149a01/RAPCID_2610_output/backbone_long/RAPCID_backbone_rapcid_backbone_160_model_5.cif.gz,A,B,56,33,7.937,2.744,3.015,4,6,14,23,0.3784,152.63,chain1_E_chain2_F,2,0,0,2,2,2,0,0,0,0,10,20,1,0,1,1,1,1,1,0,0,pass_conserved_motif,0.70441,0,
backbone_long,RAPCID_backbone_rapcid_backbone_160_model_6.cif.gz,/scratch/a2149a01/RAPCID_2610_output/backbone_long/RAPCID_backbone_rapcid_backbone_160_model_6.cif.gz,A,B,56,33,9.352,2.504,3.436,5,6,11,19,0.3667,169.3,chain1_E_chain2_F,1,0,0,3,1,3,0,0,0,0,11,15,1,0,1,1,1,1,1,0,0,pass_conserved_motif,0.68663,0,
backbone_long,RAPCID_backbone_rapcid_backbone_160_model_7.cif.gz,/scratch/a2149a01/RAPCID_2610_output/backbone_long/RAPCID_backbone_rapcid_backbone_160_model_7.cif.gz,A,B,56,33,10.481,3.092,3.361,5,5,14,19,0.4242,165.99,chain1_E_chain2_F,2,0,0,3,2,3,1,0,0,0,10,16,1,0,1,1,1,1,1,0,0,pass_conserved_motif,0.77783,0,
backbone_long,RAPCID_backbone_rapcid_backbone_161_model_0.cif.gz,/scratch/a2149a01/RAPCID_2610_output/backbone_long/RAPCID_backbone_rapcid_backbone_161_model_0.cif.gz,B,A,34,29,2.665,3.67,2.497,6,5,23,11,0.6765,133.1,chain1_F_chain2_E,0,3,1,0,3,1,0,5,2,0,14,12,0,1,1,1,1,1,1,0,0,pass_conserved_motif,0.67569,0,
backbone_long,RAPCID_backbone_rapcid_backbone_161_model_1.cif.gz,/scratch/a2149a01/RAPCID_2610_output/backbone_long/RAPCID_backbone_rapcid_backbone_161_model_1.cif.gz,B,A,34,29,2.19,3.459,2.878,5,7,20,17,0.5405,138.92,chain1_F_chain2_E,0,3,2,0,3,2,0,3,0,0,14,12,1,1,1,1,1,1,1,1,1,,0.73472,1,101
backbone_long,RAPCID_backbone_rapcid_backbone_161_model_2.cif.gz,/scratch/a2149a01/RAPCID_2610_output/backbone_long/RAPCID_backbone_rapcid_backbone_161_model_2.cif.gz,B,A,34,29,2.875,3.768,1.821,5,7,14,19,0.4242,143.84,chain1_F_chain2_E,0,3,1,0,3,1,0,3,1,0,13,13,0,1,0,1,1,1,1,0,0,pass_no_clash;pass_conserved_motif,0.72512,0,
backbone_long,RAPCID_backbone_rapcid_backbone_161_model_3.cif.gz,/scratch/a2149a01/RAPCID_2610_output/backbone_long/RAPCID_backbone_rapcid_backbone_161_model_3.cif.gz,B,A,34,29,3.53,3.577,2.977,6,5,12,12,0.5,153.37,chain1_F_chain2_E,0,3,1,0,3,1,0,2,0,0,14,12,0,1,1,1,1,1,1,0,0,pass_conserved_motif,0.76553,0,
backbone_long,RAPCID_backbone_rapcid_backbone_161_model_4.cif.gz,/scratch/a2149a01/RAPCID_2610_output/backbone_long/RAPCID_backbone_rapcid_backbone_161_model_4.cif.gz,B,A,34,29,4.986,3.365,2.412,4,5,16,12,0.5714,155.5,chain1_F_chain2_E,0,2,1,0,2,1,0,0,0,0,14,12,0,1,1,1,1,1,1,0,0,pass_conserved_motif,0.70548,0,
backbone_long,RAPCID_backbone_rapcid_backbone_161_model_5.cif.gz,/scratch/a2149a01/RAPCID_2610_output/backbone_long/RAPCID_backbone_rapcid_backbone_161_model_5.cif.gz,B,A,34,29,13.344,3.401,2.976,6,3,19,9,0.6786,167.24,chain1_F_chain2_E,0,3,1,0,3,1,0,0,0,0,14,9,0,1,1,1,1,1,1,0,0,pass_conserved_motif,0.67538,0,
backbone_long,RAPCID_backbone_rapcid_backbone_161_model_6.cif.gz,/scratch/a2149a01/RAPCID_2610_output/backbone_long/RAPCID_backbone_rapcid_backbone_161_model_6.cif.gz,B,A,34,29,3.077,3.23,2.082,5,8,18,19,0.4865,130.57,chain1_F_chain2_E,0,3,2,0,3,2,0,2,1,0,14,13,0,1,1,1,1,1,1,0,0,pass_conserved_motif,0.72935,0,
backbone_long,RAPCID_backbone_rapcid_backbone_161_model_7.cif.gz,/scratch/a2149a01/RAPCID_2610_output/backbone_long/RAPCID_backbone_rapcid_backbone_161_model_7.cif.gz,B,A,34,29,3.0,3.443,2.319,5,6,19,18,0.5135,155.84,chain1_F_chain2_E,0,3,2,0,3,2,0,6,0,0,14,12,0,1,1,1,1,1,1,0,0,pass_conserved_motif,0.81693,0,
backbone_long,RAPCID_backbone_rapcid_backbone_162_model_0.cif.gz,/scratch/a2149a01/RAPCID_2610_output/backbone_long/RAPCID_backbone_rapcid_backbone_162_model_0.cif.gz,B,A,61,26,2.915,3.723,2.296,6,6,16,15,0.5161,106.88,chain1_F_chain2_E,1,2,1,0,2,1,0,6,1,0,10,11,0,1,1,1,1,1,1,0,0,pass_conserved_motif,0.6122,0,
backbone_long,RAPCID_backbone_rapcid_backbone_162_model_1.cif.gz,/scratch/a2149a01/RAPCID_2610_output/backbone_long/RAPCID_backbone_rapcid_backbone_162_model_1.cif.gz,B,A,61,26,2.848,3.756,2.799,5,4,13,13,0.5,100.46,chain1_F_chain2_E,1,2,1,0,2,1,0,6,0,1,11,9,0,1,1,1,1,1,1,0,0,pass_conserved_motif,0.59725,0,
backbone_long,RAPCID_backbone_rapcid_backbone_162_model_2.cif.gz,/scratch/a2149a01/RAPCID_2610_output/backbone_long/RAPCID_backbone_rapcid_backbone_162_model_2.cif.gz,B,A,61,26,8.599,2.359,3.422,5,3,20,7,0.7407,125.25,chain1_F_chain2_E,0,2,1,0,2,1,0,0,0,0,10,7,0,1,1,1,1,1,1,0,0,pass_conserved_motif,0.53691,0,
backbone_long,RAPCID_backbone_rapcid_backbone_162_model_3.cif.gz,/scratch/a2149a01/RAPCID_2610_output/backbone_long/RAPCID_backbone_rapcid_backbone_162_model_3.cif.gz,B,A,61,26,3.073,2.966,2.822,4,5,20,14,0.5882,95.24,chain1_F_chain2_E,1,2,1,0,2,1,0,5,0,1,9,11,1,1,1,1,1,1,1,1,1,,0.53956,1,603
backbone_long,RAPCID_backbone_rapcid_backbone_162_model_4.cif.gz,/scratch/a2149a01/RAPCID_2610_output/backbone_long/RAPCID_backbone_rapcid_backbone_162_model_4.cif.gz,B,A,61,26,3.593,3.731,3.111,6,5,13,13,0.5,130.21,chain1_F_chain2_E,0,2,1,0,2,1,0,4,0,0,12,9,0,1,1,1,1,1,1,0,0,pass_conserved_motif,0.66975,0,
backbone_long,RAPCID_backbone_rapcid_backbone_162_model_5.cif.gz,/scratch/a2149a01/RAPCID_2610_output/backbone_long/RAPCID_backbone_rapcid_backbone_162_model_5.cif.gz,B,A,61,26,4.009,3.809,3.122,3,5,4,15,0.2105,125.83,chain1_F_chain2_E,0,1,3,0,1,3,0,0,0,0,9,13,0,1,1,1,1,1,1,0,0,pass_conserved_motif,0.54794,0,
backbone_long,RAPCID_backbone_rapcid_backbone_162_model_6.cif.gz,/scratch/a2149a01/RAPCID_2610_output/backbone_long/RAPCID_backbone_rapcid_backbone_162_model_6.cif.gz,B,A,61,26,2.602,3.249,2.813,6,5,14,12,0.5385,113.2,chain1_F_chain2_E,0,3,1,0,3,1,0,6,0,0,14,8,0,1,1,1,1,1,1,0,0,pass_conserved_motif,0.63624,0,
backbone_long,RAPCID_backbone_rapcid_backbone_162_model_7.cif.gz,/scratch/a2149a01/RAPCID_2610_output/backbone_long/RAPCID_backbone_rapcid_backbone_162_model_7.cif.gz,B,A,61,26,2.944,3.114,3.487,8,2,19,7,0.7308,110.59,chain1_F_chain2_E,0,3,1,0,3,1,0,6,1,1,16,7,1,1,1,1,1,1,1,1,1,,0.58396,1,538
backbone_long,RAPCID_backbone_rapcid_backbone_163_model_0.cif.gz,/scratch/a2149a01/RAPCID_2610_output/backbone_long/RAPCID_backbone_rapcid_backbone_163_model_0.cif.gz,A,B,39,35,3.638,2.656,3.638,7,6,26,14,0.65,124.24,chain1_E_chain2_F,3,0,0,2,3,2,0,5,0,0,16,14,1,0,1,1,1,1,1,0,0,pass_conserved_motif,0.65201,0,
backbone_long,RAPCID_backbone_rapcid_backbone_163_model_1.cif.gz,/scratch/a2149a01/RAPCID_2610_output/backbone_long/RAPCID_backbone_rapcid_backbone_163_model_1.cif.gz,A,B,39,35,1.925,2.966,3.278,4,4,12,13,0.48,129.67,chain1_E_chain2_F,1,0,1,3,1,3,0,7,1,0,9,9,1,1,0,1,1,1,1,1,0,pass_no_clash,0.72018,0,
backbone_long,RAPCID_backbone_rapcid_backbone_163_model_2.cif.gz,/scratch/a2149a01/RAPCID_2610_output/backbone_long/RAPCID_backbone_rapcid_backbone_163_model_2.cif.gz,A,B,39,35,2.942,3.126,2.729,4,4,10,17,0.3704,120.9,chain1_E_chain2_F,2,0,1,2,2,2,0,21,0,0,10,9,1,0,1,1,1,1,1,0,0,pass_conserved_motif,0.57042,0,
backbone_long,RAPCID_backbone_rapcid_backbone_163_model_3.cif.gz,/scratch/a2149a01/RAPCID_2610_output/backbone_long/RAPCID_backbone_rapcid_backbone_163_model_3.cif.gz,A,B,39,35,5.335,3.454,2.983,4,5,8,19,0.2963,156.48,chain1_E_chain2_F,1,0,0,3,1,3,0,0,0,0,10,14,1,0,1,1,1,1,1,0,0,pass_conserved_motif,0.6844,0,
backbone_long,RAPCID_backbone_rapcid_backbone_163_model_4.cif.gz,/scratch/a2149a01/RAPCID_2610_output/backbone_long/RAPCID_backbone_rapcid_backbone_163_model_4.cif.gz,A,B,39,35,2.981,2.973,1.584,4,4,11,17,0.3929,100.89,chain1_E_chain2_F,1,0,0,2,1,2,0,17,1,2,10,10,1,0,0,1,1,1,1,0,0,pass_no_clash;pass_conserved_motif,0.55415,0,
backbone_long,RAPCID_backbone_rapcid_backbone_163_model_5.cif.gz,/scratch/a2149a01/RAPCID_2610_output/backbone_long/RAPCID_backbone_rapcid_backbone_163_model_5.cif.gz,A,B,39,35,3.521,3.379,2.781,3,4,7,13,0.35,124.76,chain1_E_chain2_F,1,0,0,2,1,2,0,6,0,0,10,9,2,0,1,1,1,1,1,0,0,pass_conserved_motif,0.60157,0,
backbone_long,RAPCID_backbone_rapcid_backbone_163_model_6.cif.gz,/scratch/a2149a01/RAPCID_2610_output/backbone_long/RAPCID_backbone_rapcid_backbone_163_model_6.cif.gz,A,B,39,35,2.437,2.51,2.917,4,8,13,12,0.52,130.2,chain1_E_chain2_F,2,0,0,3,2,3,0,3,0,0,16,14,1,0,1,1,1,1,1,0,0,pass_conserved_motif,0.71386,0,
backbone_long,RAPCID_backbone_rapcid_backbone_163_model_7.cif.gz,/scratch/a2149a01/RAPCID_2610_output/backbone_long/RAPCID_backbone_rapcid_backbone_163_model_7.cif.gz,A,B,39,35,3.297,2.926,3.051,4,5,15,15,0.5,121.72,chain1_E_chain2_F,2,0,0,2,2,2,1,5,1,1,9,8,2,0,1,1,1,1,1,0,0,pass_conserved_motif,0.73694,0,
backbone_long,RAPCID_backbone_rapcid_backbone_164_model_0.cif.gz,/scratch/a2149a01/RAPCID_2610_output/backbone_long/RAPCID_backbone_rapcid_backbone_164_model_0.cif.gz,A,B,50,42,3.393,2.862,2.787,3,5,8,17,0.32,133.92,chain1_E_chain2_F,2,0,1,2,2,2,1,7,0,0,8,10,1,0,1,1,1,1,1,0,0,pass_conserved_motif,0.68225,0,
backbone_long,RAPCID_backbone_rapcid_backbone_164_model_1.cif.gz,/scratch/a2149a01/RAPCID_2610_output/backbone_long/RAPCID_backbone_rapcid_backbone_164_model_1.cif.gz,A,B,50,42,3.003,2.345,3.457,5,5,22,14,0.6111,111.26,chain1_E_chain2_F,1,0,0,2,1,2,0,13,1,1,10,8,1,0,1,1,1,1,1,0,0,pass_conserved_motif,0.59048,0,
backbone_long,RAPCID_backbone_rapcid_backbone_164_model_2.cif.gz,/scratch/a2149a01/RAPCID_2610_output/backbone_long/RAPCID_backbone_rapcid_backbone_164_model_2.cif.gz,A,B,50,42,3.635,2.956,3.119,4,8,13,24,0.3514,149.37,chain1_E_chain2_F,1,0,0,3,1,3,1,5,1,0,11,16,2,0,1,1,1,1,1,0,0,pass_conserved_motif,0.75297,0,
backbone_long,RAPCID_backbone_rapcid_backbone_164_model_3.cif.gz,/scratch/a2149a01/RAPCID_2610_output/backbone_long/RAPCID_backbone_rapcid_backbone_164_model_3.cif.gz,A,B,50,42,8.275,2.939,3.239,3,5,12,27,0.3077,146.1,chain1_E_chain2_F,1,0,0,3,1,3,0,0,0,0,10,19,2,0,1,1,1,1,1,0,0,pass_conserved_motif,0.65438,0,
backbone_long,RAPCID_backbone_rapcid_backbone_164_model_4.cif.gz,/scratch/a2149a01/RAPCID_2610_output/backbone_long/RAPCID_backbone_rapcid_backbone_164_model_4.cif.gz,A,B,50,42,3.059,3.005,2.756,5,5,15,14,0.5172,117.24,chain1_E_chain2_F,2,0,0,2,2,2,1,8,1,0,11,9,2,2,1,1,1,1,1,1,1,,0.71342,1,155
backbone_long,RAPCID_backbone_rapcid_backbone_164_model_5.cif.gz,/scratch/a2149a01/RAPCID_2610_output/backbone_long/RAPCID_backbone_rapcid_backbone_164_model_5.cif.gz,A,B,50,42,2.942,3.033,2.86,4,6,9,18,0.3333,118.73,chain1_E_chain2_F,1,0,0,2,1,2,0,9,1,1,11,10,1,0,1,1,1,1,1,0,0,pass_conserved_motif,0.61315,0,
backbone_long,RAPCID_backbone_rapcid_backbone_164_model_6.cif.gz,/scratch/a2149a01/RAPCID_2610_output/backbone_long/RAPCID_backbone_rapcid_backbone_164_model_6.cif.gz,A,B,50,42,7.32,1.94,2.958,3,9,15,30,0.3333,169.4,chain1_E_chain2_F,1,0,0,3,1,3,1,0,0,0,10,21,1,0,0,1,1,1,1,0,0,pass_no_clash;pass_conserved_motif,0.70153,0,
backbone_long,RAPCID_backbone_rapcid_backbone_164_model_7.cif.gz,/scratch/a2149a01/RAPCID_2610_output/backbone_long/RAPCID_backbone_rapcid_backbone_164_model_7.cif.gz,A,B,50,42,2.546,2.497,2.917,5,10,15,31,0.3261,160.47,chain1_E_chain2_F,2,0,0,3,2,3,1,5,1,1,11,22,1,0,1,1,1,1,1,0,0,pass_conserved_motif,0.81528,0,
backbone_long,RAPCID_backbone_rapcid_backbone_165_model_0.cif.gz,/scratch/a2149a01/RAPCID_2610_output/backbone_long/RAPCID_backbone_rapcid_backbone_165_model_0.cif.gz,A,B,50,45,9.968,2.588,3.559,5,5,15,11,0.5769,162.86,chain1_E_chain2_F,2,0,0,3,2,3,0,0,0,0,13,16,1,0,1,1,1,1,1,0,0,pass_conserved_motif,0.75922,0,
backbone_long,RAPCID_backbone_rapcid_backbone_165_model_1.cif.gz,/scratch/a2149a01/RAPCID_2610_output/backbone_long/RAPCID_backbone_rapcid_backbone_165_model_1.cif.gz,A,B,50,45,3.619,2.295,3.554,7,5,15,15,0.5,149.93,chain1_E_chain2_F,1,0,0,3,1,3,0,8,0,0,13,18,1,0,1,1,1,1,1,0,0,pass_conserved_motif,0.78406,0,
backbone_long,RAPCID_backbone_rapcid_backbone_165_model_2.cif.gz,/scratch/a2149a01/RAPCID_2610_output/backbone_long/RAPCID_backbone_rapcid_backbone_165_model_2.cif.gz,A,B,50,45,9.432,3.176,3.218,2,5,8,16,0.3333,165.0,chain1_E_chain2_F,1,0,0,2,1,2,1,0,0,0,9,16,1,0,1,1,1,1,1,0,0,pass_conserved_motif,0.6876,0,
backbone_long,RAPCID_backbone_rapcid_backbone_165_model_3.cif.gz,/scratch/a2149a01/RAPCID_2610_output/backbone_long/RAPCID_backbone_rapcid_backbone_165_model_3.cif.gz,A,B,50,45,7.595,3.106,3.501,3,7,7,17,0.2917,163.37,chain1_E_chain2_F,1,0,0,3,1,3,1,0,0,0,10,17,1,0,1,1,1,1,1,0,0,pass_conserved_motif,0.70496,0,
backbone_long,RAPCID_backbone_rapcid_backbone_165_model_4.cif.gz,/scratch/a2149a01/RAPCID_2610_output/backbone_long/RAPCID_backbone_rapcid_backbone_165_model_4.cif.gz,A,B,50,45,9.314,3.456,3.588,2,5,2,11,0.1538,169.57,chain1_E_chain2_F,1,0,0,3,1,3,0,0,0,0,8,15,1,0,1,0,1,1,1,0,0,pass_dual_rap_contact;pass_conserved_motif,0.60058,0,
backbone_long,RAPCID_backbone_rapcid_backbone_165_model_5.cif.gz,/scratch/a2149a01/RAPCID_2610_output/backbone_long/RAPCID_backbone_rapcid_backbone_165_model_5.cif.gz,A,B,50,45,13.144,2.807,3.226,1,5,3,16,0.1579,159.72,chain1_E_chain2_F,1,0,0,3,1,3,0,0,0,0,6,16,2,0,1,0,1,1,1,0,0,pass_dual_rap_contact;pass_conserved_motif,0.63503,0,
backbone_long,RAPCID_backbone_rapcid_backbone_165_model_6.cif.gz,/scratch/a2149a01/RAPCID_2610_output/backbone_long/RAPCID_backbone_rapcid_backbone_165_model_6.cif.gz,A,B,50,45,7.209,2.988,3.242,4,6,8,15,0.3478,177.0,chain1_E_chain2_F,1,0,0,3,1,3,1,0,0,0,10,18,2,0,1,1,1,1,1,0,0,pass_conserved_motif,0.68198,0,
backbone_long,RAPCID_backbone_rapcid_backbone_165_model_7.cif.gz,/scratch/a2149a01/RAPCID_2610_output/backbone_long/RAPCID_backbone_rapcid_backbone_165_model_7.cif.gz,A,B,50,45,8.661,2.912,2.713,4,5,11,20,0.3548,149.23,chain1_E_chain2_F,2,0,0,3,2,3,0,0,0,0,9,16,1,0,1,1,1,1,1,0,0,pass_conserved_motif,0.71222,0,
backbone_long,RAPCID_backbone_rapcid_backbone_166_model_0.cif.gz,/scratch/a2149a01/RAPCID_2610_output/backbone_long/RAPCID_backbone_rapcid_backbone_166_model_0.cif.gz,A,B,50,37,10.837,3.095,3.348,4,5,10,13,0.4348,172.8,chain1_E_chain2_F,1,0,0,3,1,3,0,0,0,0,12,19,1,0,1,1,1,1,1,0,0,pass_conserved_motif,0.70221,0,
backbone_long,RAPCID_backbone_rapcid_backbone_166_model_1.cif.gz,/scratch/a2149a01/RAPCID_2610_output/backbone_long/RAPCID_backbone_rapcid_backbone_166_model_1.cif.gz,A,B,50,37,3.242,2.816,2.402,4,5,16,15,0.5161,134.04,chain1_E_chain2_F,2,0,0,2,2,2,1,5,0,1,9,10,1,0,1,1,1,1,1,0,0,pass_conserved_motif,0.75488,0,
backbone_long,RAPCID_backbone_rapcid_backbone_166_model_2.cif.gz,/scratch/a2149a01/RAPCID_2610_output/backbone_long/RAPCID_backbone_rapcid_backbone_166_model_2.cif.gz,A,B,50,37,11.297,3.508,3.589,3,5,4,15,0.2105,175.16,chain1_E_chain2_F,1,0,0,3,1,3,0,0,0,0,10,15,1,0,1,1,1,1,1,0,0,pass_conserved_motif,0.60463,0,
backbone_long,RAPCID_backbone_rapcid_backbone_166_model_3.cif.gz,/scratch/a2149a01/RAPCID_2610_output/backbone_long/RAPCID_backbone_rapcid_backbone_166_model_3.cif.gz,A,B,50,37,3.221,3.057,2.741,3,6,10,13,0.4348,127.07,chain1_E_chain2_F,1,0,0,2,1,2,0,9,0,0,8,14,1,0,1,1,1,1,1,0,0,pass_conserved_motif,0.64821,0,
backbone_long,RAPCID_backbone_rapcid_backbone_166_model_4.cif.gz,/scratch/a2149a01/RAPCID_2610_output/backbone_long/RAPCID_backbone_rapcid_backbone_166_model_4.cif.gz,A,B,50,37,3.448,3.151,3.503,4,9,11,18,0.3793,164.98,chain1_E_chain2_F,1,0,0,3,1,3,1,2,1,0,9,16,2,1,1,1,1,1,1,1,1,,0.76131,1,44
backbone_long,RAPCID_backbone_rapcid_backbone_166_model_5.cif.gz,/scratch/a2149a01/RAPCID_2610_output/backbone_long/RAPCID_backbone_rapcid_backbone_166_model_5.cif.gz,A,B,50,37,3.612,2.407,3.064,6,4,14,16,0.4667,119.64,chain1_E_chain2_F,1,0,0,2,1,2,0,6,1,1,14,11,1,0,1,1,1,1,1,0,0,pass_conserved_motif,0.66453,0,
backbone_long,RAPCID_backbone_rapcid_backbone_166_model_6.cif.gz,/scratch/a2149a01/RAPCID_2610_output/backbone_long/RAPCID_backbone_rapcid_backbone_166_model_6.cif.gz,A,B,50,37,2.981,2.513,3.406,4,5,19,12,0.6129,115.68,chain1_E_chain2_F,2,0,0,2,2,2,0,8,1,1,11,8,2,0,1,1,1,1,1,0,0,pass_conserved_motif,0.65804,0,
backbone_long,RAPCID_backbone_rapcid_backbone_166_model_7.cif.gz,/scratch/a2149a01/RAPCID_2610_output/backbone_long/RAPCID_backbone_rapcid_backbone_166_model_7.cif.gz,A,B,50,37,3.831,2.965,3.569,3,10,9,28,0.2432,168.69,chain1_E_chain2_F,1,0,0,3,1,3,1,1,1,1,12,17,1,0,1,1,1,1,1,0,0,pass_conserved_motif,0.70618,0,
backbone_long,RAPCID_backbone_rapcid_backbone_167_model_0.cif.gz,/scratch/a2149a01/RAPCID_2610_output/backbone_long/RAPCID_backbone_rapcid_backbone_167_model_0.cif.gz,A,B,45,30,3.585,3.165,3.531,3,3,11,9,0.55,148.16,chain1_E_chain2_F,2,0,0,2,2,2,0,1,0,0,8,7,2,0,1,1,1,1,1,0,0,pass_conserved_motif,0.72315,0,
backbone_long,RAPCID_backbone_rapcid_backbone_167_model_1.cif.gz,/scratch/a2149a01/RAPCID_2610_output/backbone_long/RAPCID_backbone_rapcid_backbone_167_model_1.cif.gz,A,B,45,30,8.641,3.114,3.198,3,5,12,18,0.4,172.12,chain1_E_chain2_F,1,0,0,3,1,3,0,0,0,0,9,16,1,0,1,1,1,1,1,0,0,pass_conserved_motif,0.69055,0,
backbone_long,RAPCID_backbone_rapcid_backbone_167_model_2.cif.gz,/scratch/a2149a01/RAPCID_2610_output/backbone_long/RAPCID_backbone_rapcid_backbone_167_model_2.cif.gz,A,B,45,30,3.47,2.741,2.811,4,10,11,31,0.2619,114.51,chain1_E_chain2_F,1,0,1,3,1,3,0,2,1,1,8,19,1,0,1,1,1,1,1,0,0,pass_conserved_motif,0.57406,0,
backbone_long,RAPCID_backbone_rapcid_backbone_167_model_3.cif.gz,/scratch/a2149a01/RAPCID_2610_output/backbone_long/RAPCID_backbone_rapcid_backbone_167_model_3.cif.gz,A,B,45,30,7.341,2.684,3.214,4,9,11,24,0.3143,173.77,chain1_E_chain2_F,1,0,0,3,1,3,0,0,0,0,12,20,1,0,1,1,1,1,1,0,0,pass_conserved_motif,0.65078,0,
backbone_long,RAPCID_backbone_rapcid_backbone_167_model_4.cif.gz,/scratch/a2149a01/RAPCID_2610_output/backbone_long/RAPCID_backbone_rapcid_backbone_167_model_4.cif.gz,A,B,45,30,5.28,2.564,3.296,6,9,11,26,0.2973,159.88,chain1_E_chain2_F,2,0,0,3,2,3,1,0,0,0,14,18,2,0,1,1,1,1,1,0,0,pass_conserved_motif,0.74743,0,
backbone_long,RAPCID_backbone_rapcid_backbone_167_model_5.cif.gz,/scratch/a2149a01/RAPCID_2610_output/backbone_long/RAPCID_backbone_rapcid_backbone_167_model_5.cif.gz,A,B,45,30,5.605,2.932,3.014,4,4,12,9,0.5714,121.16,chain1_E_chain2_F,1,0,0,2,1,2,0,0,0,0,10,11,1,0,1,1,1,1,1,0,0,pass_conserved_motif,0.591,0,
backbone_long,RAPCID_backbone_rapcid_backbone_167_model_6.cif.gz,/scratch/a2149a01/RAPCID_2610_output/backbone_long/RAPCID_backbone_rapcid_backbone_167_model_6.cif.gz,A,B,45,30,2.872,2.873,2.763,3,8,7,40,0.1489,147.27,chain1_E_chain2_F,2,0,2,3,2,3,1,2,1,1,12,19,2,1,1,1,1,1,1,1,1,,0.69524,1,221
backbone_long,RAPCID_backbone_rapcid_backbone_167_model_7.cif.gz,/scratch/a2149a01/RAPCID_2610_output/backbone_long/RAPCID_backbone_rapcid_backbone_167_model_7.cif.gz,A,B,45,30,4.214,2.03,3.427,7,5,16,14,0.5333,151.19,chain1_E_chain2_F,1,0,0,3,1,3,0,0,0,0,12,15,1,0,1,1,1,1,1,0,0,pass_conserved_motif,0.73493,0,
backbone_long,RAPCID_backbone_rapcid_backbone_168_model_0.cif.gz,/scratch/a2149a01/RAPCID_2610_output/backbone_long/RAPCID_backbone_rapcid_backbone_168_model_0.cif.gz,B,A,40,24,4.527,3.353,2.881,5,7,23,22,0.5111,135.71,chain1_F_chain2_E,0,3,2,0,3,2,0,0,0,0,13,11,1,1,1,1,1,1,1,1,1,,0.72079,1,137
backbone_long,RAPCID_backbone_rapcid_backbone_168_model_1.cif.gz,/scratch/a2149a01/RAPCID_2610_output/backbone_long/RAPCID_backbone_rapcid_backbone_168_model_1.cif.gz,B,A,40,24,9.318,3.067,2.748,6,5,21,15,0.5833,161.79,chain1_F_chain2_E,0,3,1,0,3,1,0,0,0,0,14,12,0,2,1,1,1,1,1,0,0,pass_conserved_motif,0.73165,0,
backbone_long,RAPCID_backbone_rapcid_backbone_168_model_2.cif.gz,/scratch/a2149a01/RAPCID_2610_output/backbone_long/RAPCID_backbone_rapcid_backbone_168_model_2.cif.gz,B,A,40,24,13.346,3.293,3.385,6,3,21,7,0.75,162.82,chain1_F_chain2_E,0,3,2,0,3,2,0,0,0,0,14,7,0,1,1,1,1,1,1,0,0,pass_conserved_motif,0.69011,0,
backbone_long,RAPCID_backbone_rapcid_backbone_168_model_3.cif.gz,/scratch/a2149a01/RAPCID_2610_output/backbone_long/RAPCID_backbone_rapcid_backbone_168_model_3.cif.gz,B,A,40,24,12.68,3.444,2.791,5,1,22,3,0.88,122.85,chain1_F_chain2_E,0,3,2,0,3,2,0,0,0,0,14,5,0,1,1,0,1,1,1,0,0,pass_dual_rap_contact;pass_conserved_motif,0.53035,0,
backbone_long,RAPCID_backbone_rapcid_backbone_168_model_4.cif.gz,/scratch/a2149a01/RAPCID_2610_output/backbone_long/RAPCID_backbone_rapcid_backbone_168_model_4.cif.gz,B,A,40,24,9.01,3.515,2.999,5,4,15,16,0.4839,141.87,chain1_F_chain2_E,0,3,3,0,3,3,0,0,0,0,15,11,0,1,1,1,1,1,1,0,0,pass_conserved_motif,0.76788,0,
backbone_long,RAPCID_backbone_rapcid_backbone_168_model_5.cif.gz,/scratch/a2149a01/RAPCID_2610_output/backbone_long/RAPCID_backbone_rapcid_backbone_168_model_5.cif.gz,B,A,40,24,12.273,3.293,2.901,5,4,16,14,0.5333,171.68,chain1_F_chain2_E,0,3,1,0,3,1,0,0,0,0,13,11,0,1,1,1,1,1,1,0,0,pass_conserved_motif,0.71869,0,
backbone_long,RAPCID_backbone_rapcid_backbone_168_model_6.cif.gz,/scratch/a2149a01/RAPCID_2610_output/backbone_long/RAPCID_backbone_rapcid_backbone_168_model_6.cif.gz,B,A,40,24,12.514,3.257,2.685,6,3,23,8,0.7419,172.97,chain1_F_chain2_E,0,3,1,0,3,1,0,0,0,0,14,5,0,2,1,1,1,1,1,0,0,pass_conserved_motif,0.63095,0,
backbone_long,RAPCID_backbone_rapcid_backbone_168_model_7.cif.gz,/scratch/a2149a01/RAPCID_2610_output/backbone_long/RAPCID_backbone_rapcid_backbone_168_model_7.cif.gz,B,A,40,24,12.912,3.41,3.14,5,3,14,7,0.6667,163.95,chain1_F_chain2_E,0,3,1,0,3,1,0,0,0,0,13,8,0,1,1,1,1,1,1,0,0,pass_conserved_motif,0.69112,0,
backbone_long,RAPCID_backbone_rapcid_backbone_169_model_0.cif.gz,/scratch/a2149a01/RAPCID_2610_output/backbone_long/RAPCID_backbone_rapcid_backbone_169_model_0.cif.gz,A,B,54,42,2.377,2.976,3.446,4,5,13,12,0.52,145.82,chain1_E_chain2_F,2,0,0,2,2,2,0,5,0,0,13,16,1,0,1,1,1,1,1,0,0,pass_conserved_motif,0.74734,0,
backbone_long,RAPCID_backbone_rapcid_backbone_169_model_1.cif.gz,/scratch/a2149a01/RAPCID_2610_output/backbone_long/RAPCID_backbone_rapcid_backbone_169_model_1.cif.gz,A,B,54,42,4.291,3.129,3.382,3,6,6,18,0.25,158.84,chain1_E_chain2_F,1,0,0,2,1,2,0,0,0,0,8,17,1,0,1,1,1,1,1,0,0,pass_conserved_motif,0.64519,0,
backbone_long,RAPCID_backbone_rapcid_backbone_169_model_2.cif.gz,/scratch/a2149a01/RAPCID_2610_output/backbone_long/RAPCID_backbone_rapcid_backbone_169_model_2.cif.gz,A,B,54,42,3.004,2.763,3.549,5,7,11,18,0.3793,159.22,chain1_E_chain2_F,1,0,0,3,1,3,0,13,0,0,12,16,1,0,1,1,1,1,1,0,0,pass_conserved_motif,0.74029,0,
backbone_long,RAPCID_backbone_rapcid_backbone_169_model_3.cif.gz,/scratch/a2149a01/RAPCID_2610_output/backbone_long/RAPCID_backbone_rapcid_backbone_169_model_3.cif.gz,A,B,54,42,9.369,3.259,3.37,3,6,6,19,0.24,142.41,chain1_E_chain2_F,1,0,0,3,1,3,0,0,0,0,9,15,1,0,1,1,1,1,1,0,0,pass_conserved_motif,0.615,0,
backbone_long,RAPCID_backbone_rapcid_backbone_169_model_4.cif.gz,/scratch/a2149a01/RAPCID_2610_output/backbone_long/RAPCID_backbone_rapcid_backbone_169_model_4.cif.gz,A,B,54,42,3.277,2.437,3.417,5,6,16,17,0.4848,152.89,chain1_E_chain2_F,1,0,0,3,1,3,0,10,0,0,10,16,1,0,1,1,1,1,1,0,0,pass_conserved_motif,0.77784,0,
backbone_long,RAPCID_backbone_rapcid_backbone_169_model_5.cif.gz,/scratch/a2149a01/RAPCID_2610_output/backbone_long/RAPCID_backbone_rapcid_backbone_169_model_5.cif.gz,A,B,54,42,3.245,2.703,3.446,4,7,10,25,0.2857,155.76,chain1_E_chain2_F,1,0,0,3,1,3,0,17,0,0,12,18,1,0,1,1,1,1,1,0,0,pass_conserved_motif,0.67276,0,
backbone_long,RAPCID_backbone_rapcid_backbone_169_model_6.cif.gz,/scratch/a2149a01/RAPCID_2610_output/backbone_long/RAPCID_backbone_rapcid_backbone_169_model_6.cif.gz,A,B,54,42,9.318,2.759,3.798,3,5,11,14,0.44,150.12,chain1_E_chain2_F,2,0,0,3,2,3,0,0,0,0,9,14,1,0,1,1,1,1,1,0,0,pass_conserved_motif,0.74927,0,
backbone_long,RAPCID_backbone_rapcid_backbone_169_model_7.cif.gz,/scratch/a2149a01/RAPCID_2610_output/backbone_long/RAPCID_backbone_rapcid_backbone_169_model_7.cif.gz,A,B,54,42,12.062,2.381,3.502,4,6,15,14,0.5172,175.2,chain1_E_chain2_F,1,0,0,3,1,3,0,0,0,0,8,15,1,0,1,1,1,1,1,0,0,pass_conserved_motif,0.71337,0,
backbone_long,RAPCID_backbone_rapcid_backbone_16_model_0.cif.gz,/scratch/a2149a01/RAPCID_2610_output/backbone_long/RAPCID_backbone_rapcid_backbone_16_model_0.cif.gz,A,B,34,32,6.487,2.453,3.123,6,9,16,31,0.3404,145.97,chain1_E_chain2_F,1,0,1,3,1,3,0,0,0,0,10,17,1,0,1,1,1,1,1,0,0,pass_conserved_motif,0.66703,0,
backbone_long,RAPCID_backbone_rapcid_backbone_16_model_1.cif.gz,/scratch/a2149a01/RAPCID_2610_output/backbone_long/RAPCID_backbone_rapcid_backbone_16_model_1.cif.gz,A,B,34,32,3.784,2.34,3.551,7,5,14,21,0.4,137.7,chain1_E_chain2_F,1,0,0,3,1,3,0,2,0,0,12,15,1,1,1,1,1,1,1,1,1,,0.6733,1,297
backbone_long,RAPCID_backbone_rapcid_backbone_16_model_2.cif.gz,/scratch/a2149a01/RAPCID_2610_output/backbone_long/RAPCID_backbone_rapcid_backbone_16_model_2.cif.gz,A,B,34,32,10.626,2.708,2.601,2,7,6,26,0.1875,150.92,chain1_E_chain2_F,1,0,0,3,1,3,0,0,0,0,9,19,1,0,1,1,1,1,1,0,0,pass_conserved_motif,0.62236,0,
backbone_long,RAPCID_backbone_rapcid_backbone_16_model_3.cif.gz,/scratch/a2149a01/RAPCID_2610_output/backbone_long/RAPCID_backbone_rapcid_backbone_16_model_3.cif.gz,A,B,34,32,11.347,3.035,3.32,3,5,5,17,0.2273,152.87,chain1_E_chain2_F,1,0,0,3,1,3,0,0,0,0,10,14,1,0,1,1,1,1,1,0,0,pass_conserved_motif,0.64477,0,
backbone_long,RAPCID_backbone_rapcid_backbone_16_model_4.cif.gz,/scratch/a2149a01/RAPCID_2610_output/backbone_long/RAPCID_backbone_rapcid_backbone_16_model_4.cif.gz,A,B,34,32,8.587,3.061,3.523,4,6,9,17,0.3462,155.5,chain1_E_chain2_F,1,0,0,3,1,3,0,0,0,0,9,15,1,0,1,1,1,1,1,0,0,pass_conserved_motif,0.70106,0,
backbone_long,RAPCID_backbone_rapcid_backbone_16_model_5.cif.gz,/scratch/a2149a01/RAPCID_2610_output/backbone_long/RAPCID_backbone_rapcid_backbone_16_model_5.cif.gz,A,B,34,32,11.312,3.032,3.721,4,5,12,11,0.5217,170.76,chain1_E_chain2_F,2,0,0,3,2,3,0,0,0,0,10,14,1,0,1,1,1,1,1,0,0,pass_conserved_motif,0.75496,0,
backbone_long,RAPCID_backbone_rapcid_backbone_16_model_6.cif.gz,/scratch/a2149a01/RAPCID_2610_output/backbone_long/RAPCID_backbone_rapcid_backbone_16_model_6.cif.gz,A,B,34,32,9.682,2.567,3.317,5,6,16,17,0.4848,166.47,chain1_E_chain2_F,2,0,0,3,2,3,1,0,0,0,10,16,1,0,1,1,1,1,1,0,0,pass_conserved_motif,0.80045,0,
backbone_long,RAPCID_backbone_rapcid_backbone_16_model_7.cif.gz,/scratch/a2149a01/RAPCID_2610_output/backbone_long/RAPCID_backbone_rapcid_backbone_16_model_7.cif.gz,A,B,34,32,6.017,2.958,3.347,5,5,13,17,0.4333,150.29,chain1_E_chain2_F,1,0,0,3,1,3,0,0,0,0,10,15,1,0,1,1,1,1,1,0,0,pass_conserved_motif,0.71859,0,
backbone_long,RAPCID_backbone_rapcid_backbone_170_model_0.cif.gz,/scratch/a2149a01/RAPCID_2610_output/backbone_long/RAPCID_backbone_rapcid_backbone_170_model_0.cif.gz,A,B,49,28,7.249,3.002,3.114,3,5,14,18,0.4375,151.38,chain1_E_chain2_F,1,0,0,3,1,3,0,0,0,0,12,16,2,0,1,1,1,1,1,0,0,pass_conserved_motif,0.72389,0,
backbone_long,RAPCID_backbone_rapcid_backbone_170_model_1.cif.gz,/scratch/a2149a01/RAPCID_2610_output/backbone_long/RAPCID_backbone_rapcid_backbone_170_model_1.cif.gz,A,B,49,28,10.074,3.292,3.379,3,5,10,16,0.3846,153.1,chain1_E_chain2_F,1,0,0,3,1,3,0,0,0,0,9,15,1,1,1,1,1,1,1,1,1,,0.70848,1,173
backbone_long,RAPCID_backbone_rapcid_backbone_170_model_2.cif.gz,/scratch/a2149a01/RAPCID_2610_output/backbone_long/RAPCID_backbone_rapcid_backbone_170_model_2.cif.gz,A,B,49,28,4.481,2.699,3.657,6,6,11,14,0.44,156.1,chain1_E_chain2_F,1,0,0,3,1,3,0,0,0,0,16,16,1,0,1,1,1,1,1,0,0,pass_conserved_motif,0.74063,0,
backbone_long,RAPCID_backbone_rapcid_backbone_170_model_3.cif.gz,/scratch/a2149a01/RAPCID_2610_output/backbone_long/RAPCID_backbone_rapcid_backbone_170_model_3.cif.gz,A,B,49,28,9.082,2.659,3.501,5,5,12,17,0.4138,149.84,chain1_E_chain2_F,1,0,0,3,1,3,0,0,0,0,11,15,2,0,1,1,1,1,1,0,0,pass_conserved_motif,0.70926,0,
backbone_long,RAPCID_backbone_rapcid_backbone_170_model_4.cif.gz,/scratch/a2149a01/RAPCID_2610_output/backbone_long/RAPCID_backbone_rapcid_backbone_170_model_4.cif.gz,A,B,49,28,2.776,2.755,2.122,5,4,20,16,0.5556,112.3,chain1_E_chain2_F,1,0,0,2,1,2,0,9,1,1,13,10,2,0,1,1,1,1,1,0,0,pass_conserved_motif,0.63615,0,
backbone_long,RAPCID_backbone_rapcid_backbone_170_model_5.cif.gz,/scratch/a2149a01/RAPCID_2610_output/backbone_long/RAPCID_backbone_rapcid_backbone_170_model_5.cif.gz,A,B,49,28,7.614,2.628,3.669,4,6,12,13,0.48,150.58,chain1_E_chain2_F,1,0,0,3,1,3,0,0,0,0,9,14,2,0,1,1,1,1,1,0,0,pass_conserved_motif,0.73824,0,
backbone_long,RAPCID_backbone_rapcid_backbone_170_model_6.cif.gz,/scratch/a2149a01/RAPCID_2610_output/backbone_long/RAPCID_backbone_rapcid_backbone_170_model_6.cif.gz,A,B,49,28,12.27,2.809,3.713,3,5,8,13,0.381,150.95,chain1_E_chain2_F,2,0,0,3,2,3,0,0,0,0,8,14,1,0,1,1,1,1,1,0,0,pass_conserved_motif,0.72839,0,
backbone_long,RAPCID_backbone_rapcid_backbone_170_model_7.cif.gz,/scratch/a2149a01/RAPCID_2610_output/backbone_long/RAPCID_backbone_rapcid_backbone_170_model_7.cif.gz,A,B,49,28,10.315,3.066,3.191,4,6,10,26,0.2778,176.3,chain1_E_chain2_F,1,0,0,3,1,3,0,0,0,0,9,16,1,0,1,1,1,1,1,0,0,pass_conserved_motif,0.62774,0,
backbone_long,RAPCID_backbone_rapcid_backbone_171_model_0.cif.gz,/scratch/a2149a01/RAPCID_2610_output/backbone_long/RAPCID_backbone_rapcid_backbone_171_model_0.cif.gz,A,B,49,45,2.957,2.208,3.012,4,5,17,18,0.4857,119.3,chain1_E_chain2_F,1,0,1,2,1,2,0,20,0,1,11,11,1,2,1,1,1,1,1,1,1,,0.60435,1,500
backbone_long,RAPCID_backbone_rapcid_backbone_171_model_1.cif.gz,/scratch/a2149a01/RAPCID_2610_output/backbone_long/RAPCID_backbone_rapcid_backbone_171_model_1.cif.gz,A,B,49,45,2.693,2.744,2.197,5,5,12,14,0.4615,120.26,chain1_E_chain2_F,1,0,0,2,1,2,0,12,1,1,11,8,1,0,1,1,1,1,1,0,0,pass_conserved_motif,0.65454,0,
backbone_long,RAPCID_backbone_rapcid_backbone_171_model_2.cif.gz,/scratch/a2149a01/RAPCID_2610_output/backbone_long/RAPCID_backbone_rapcid_backbone_171_model_2.cif.gz,A,B,49,45,2.676,3.019,2.348,5,4,19,13,0.5938,110.17,chain1_E_chain2_F,1,0,0,2,1,2,0,16,0,1,10,8,2,0,1,1,1,1,1,0,0,pass_conserved_motif,0.56212,0,
backbone_long,RAPCID_backbone_rapcid_backbone_171_model_3.cif.gz,/scratch/a2149a01/RAPCID_2610_output/backbone_long/RAPCID_backbone_rapcid_backbone_171_model_3.cif.gz,A,B,49,45,2.764,2.816,3.021,3,9,16,27,0.3721,114.39,chain1_E_chain2_F,2,0,0,3,2,3,0,13,1,1,9,19,1,1,1,1,1,1,1,1,1,,0.65133,1,378
backbone_long,RAPCID_backbone_rapcid_backbone_171_model_4.cif.gz,/scratch/a2149a01/RAPCID_2610_output/backbone_long/RAPCID_backbone_rapcid_backbone_171_model_4.cif.gz,A,B,49,45,3.473,3.285,3.723,3,6,8,8,0.5,138.28,chain1_E_chain2_F,1,0,0,3,1,3,0,4,0,0,9,12,1,0,1,1,1,1,1,0,0,pass_conserved_motif,0.72523,0,
backbone_long,RAPCID_backbone_rapcid_backbone_171_model_5.cif.gz,/scratch/a2149a01/RAPCID_2610_output/backbone_long/RAPCID_backbone_rapcid_backbone_171_model_5.cif.gz,A,B,49,45,3.238,2.847,2.679,4,7,14,13,0.5185,122.14,chain1_E_chain2_F,1,0,0,2,1,2,0,9,0,0,12,11,1,0,1,1,1,1,1,0,0,pass_conserved_motif,0.65043,0,
backbone_long,RAPCID_backbone_rapcid_backbone_171_model_6.cif.gz,/scratch/a2149a01/RAPCID_2610_output/backbone_long/RAPCID_backbone_rapcid_backbone_171_model_6.cif.gz,A,B,49,45,3.294,3.079,2.8,4,5,12,15,0.4444,133.91,chain1_E_chain2_F,1,0,1,3,1,3,0,6,0,0,10,16,1,0,1,1,1,1,1,0,0,pass_conserved_motif,0.69843,0,
backbone_long,RAPCID_backbone_rapcid_backbone_171_model_7.cif.gz,/scratch/a2149a01/RAPCID_2610_output/backbone_long/RAPCID_backbone_rapcid_backbone_171_model_7.cif.gz,A,B,49,45,3.26,2.819,3.271,5,5,17,15,0.5312,123.96,chain1_E_chain2_F,1,0,0,2,1,2,0,8,0,0,12,8,1,0,1,1,1,1,1,0,0,pass_conserved_motif,0.65643,0,
backbone_long,RAPCID_backbone_rapcid_backbone_172_model_0.cif.gz,/scratch/a2149a01/RAPCID_2610_output/backbone_long/RAPCID_backbone_rapcid_backbone_172_model_0.cif.gz,B,A,49,26,2.501,2.988,2.697,5,4,15,11,0.5769,121.95,chain1_F_chain2_E,1,3,1,0,3,1,0,1,0,1,11,10,0,2,1,1,1,1,1,0,0,pass_conserved_motif,0.64168,0,
backbone_long,RAPCID_backbone_rapcid_backbone_172_model_1.cif.gz,/scratch/a2149a01/RAPCID_2610_output/backbone_long/RAPCID_backbone_rapcid_backbone_172_model_1.cif.gz,B,A,49,26,3.406,3.183,3.191,4,3,13,8,0.619,126.6,chain1_F_chain2_E,1,2,1,0,2,1,0,4,1,1,10,9,0,1,1,1,1,1,1,0,0,pass_conserved_motif,0.64342,0,
backbone_long,RAPCID_backbone_rapcid_backbone_172_model_2.cif.gz,/scratch/a2149a01/RAPCID_2610_output/backbone_long/RAPCID_backbone_rapcid_backbone_172_model_2.cif.gz,B,A,49,26,6.712,2.746,2.904,4,4,13,12,0.52,131.77,chain1_F_chain2_E,0,2,2,0,2,2,0,0,0,0,9,10,0,2,1,1,1,1,1,0,0,pass_conserved_motif,0.67553,0,
backbone_long,RAPCID_backbone_rapcid_backbone_172_model_3.cif.gz,/scratch/a2149a01/RAPCID_2610_output/backbone_long/RAPCID_backbone_rapcid_backbone_172_model_3.cif.gz,B,A,49,26,4.122,3.167,2.921,4,3,12,4,0.75,128.87,chain1_F_chain2_E,1,3,1,0,3,1,0,0,0,0,11,7,1,1,1,1,1,1,1,1,1,,0.57386,1,560
backbone_long,RAPCID_backbone_rapcid_backbone_172_model_4.cif.gz,/scratch/a2149a01/RAPCID_2610_output/backbone_long/RAPCID_backbone_rapcid_backbone_172_model_4.cif.gz,B,A,49,26,3.275,3.425,2.311,7,5,9,17,0.3462,108.12,chain1_F_chain2_E,0,3,1,0,3,1,0,5,1,1,14,8,0,1,1,1,1,1,1,0,0,pass_conserved_motif,0.60148,0,
backbone_long,RAPCID_backbone_rapcid_backbone_172_model_5.cif.gz,/scratch/a2149a01/RAPCID_2610_output/backbone_long/RAPCID_backbone_rapcid_backbone_172_model_5.cif.gz,B,A,49,26,3.448,3.36,2.896,5,3,12,5,0.7059,135.52,chain1_F_chain2_E,0,2,1,0,2,1,0,2,0,1,10,9,0,2,1,1,1,1,1,0,0,pass_conserved_motif,0.61175,0,
backbone_long,RAPCID_backbone_rapcid_backbone_172_model_6.cif.gz,/scratch/a2149a01/RAPCID_2610_output/backbone_long/RAPCID_backbone_rapcid_backbone_172_model_6.cif.gz,B,A,49,26,3.869,2.738,3.371,5,5,14,10,0.5833,131.52,chain1_F_chain2_E,0,3,1,0,3,1,0,1,0,0,11,10,0,1,1,1,1,1,1,0,0,pass_conserved_motif,0.65436,0,
backbone_long,RAPCID_backbone_rapcid_backbone_172_model_7.cif.gz,/scratch/a2149a01/RAPCID_2610_output/backbone_long/RAPCID_backbone_rapcid_backbone_172_model_7.cif.gz,B,A,49,26,2.796,3.6,3.009,3,6,11,20,0.3548,104.87,chain1_F_chain2_E,0,2,2,0,2,2,0,8,1,1,8,9,1,1,1,1,1,1,1,1,1,,0.60912,1,489
backbone_long,RAPCID_backbone_rapcid_backbone_173_model_0.cif.gz,/scratch/a2149a01/RAPCID_2610_output/backbone_long/RAPCID_backbone_rapcid_backbone_173_model_0.cif.gz,B,A,41,25,13.842,3.786,3.387,6,1,9,2,0.8182,164.28,chain1_F_chain2_E,0,3,0,0,3,0,0,0,0,0,14,8,0,1,1,0,1,1,1,0,0,pass_dual_rap_contact;pass_conserved_motif,0.60083,0,
backbone_long,RAPCID_backbone_rapcid_backbone_173_model_1.cif.gz,/scratch/a2149a01/RAPCID_2610_output/backbone_long/RAPCID_backbone_rapcid_backbone_173_model_1.cif.gz,B,A,41,25,13.92,3.399,3.789,5,1,23,1,0.9583,170.33,chain1_F_chain2_E,0,3,0,0,3,0,0,0,0,0,15,4,1,1,1,0,0,1,1,1,0,pass_dual_rap_contact;pass_contact_balance,0.52461,0,
backbone_long,RAPCID_backbone_rapcid_backbone_173_model_2.cif.gz,/scratch/a2149a01/RAPCID_2610_output/backbone_long/RAPCID_backbone_rapcid_backbone_173_model_2.cif.gz,B,A,41,25,6.854,3.134,2.76,5,5,14,13,0.5185,139.11,chain1_F_chain2_E,0,3,1,0,3,1,0,0,0,0,14,11,0,1,1,1,1,1,1,0,0,pass_conserved_motif,0.70057,0,
backbone_long,RAPCID_backbone_rapcid_backbone_173_model_3.cif.gz,/scratch/a2149a01/RAPCID_2610_output/backbone_long/RAPCID_backbone_rapcid_backbone_173_model_3.cif.gz,B,A,41,25,3.391,3.446,2.815,6,4,19,16,0.5429,123.9,chain1_F_chain2_E,0,3,1,0,3,1,1,2,1,1,15,8,0,1,1,1,1,1,1,0,0,pass_conserved_motif,0.71206,0,
backbone_long,RAPCID_backbone_rapcid_backbone_173_model_4.cif.gz,/scratch/a2149a01/RAPCID_2610_output/backbone_long/RAPCID_backbone_rapcid_backbone_173_model_4.cif.gz,B,A,41,25,9.114,3.771,3.488,5,4,8,7,0.5333,168.22,chain1_F_chain2_E,0,3,1,0,3,1,0,0,0,0,14,8,0,1,1,1,1,1,1,0,0,pass_conserved_motif,0.73022,0,
backbone_long,RAPCID_backbone_rapcid_backbone_173_model_5.cif.gz,/scratch/a2149a01/RAPCID_2610_output/backbone_long/RAPCID_backbone_rapcid_backbone_173_model_5.cif.gz,B,A,41,25,7.682,3.325,3.076,5,5,20,16,0.5556,152.11,chain1_F_chain2_E,0,3,2,0,3,2,0,0,0,0,15,12,0,2,1,1,1,1,1,0,0,pass_conserved_motif,0.75766,0,
backbone_long,RAPCID_backbone_rapcid_backbone_173_model_6.cif.gz,/scratch/a2149a01/RAPCID_2610_output/backbone_long/RAPCID_backbone_rapcid_backbone_173_model_6.cif.gz,B,A,41,25,9.176,3.637,2.557,6,5,13,12,0.52,162.25,chain1_F_chain2_E,0,3,1,0,3,1,0,0,0,0,15,10,0,1,1,1,1,1,1,0,0,pass_conserved_motif,0.75544,0,
backbone_long,RAPCID_backbone_rapcid_backbone_173_model_7.cif.gz,/scratch/a2149a01/RAPCID_2610_output/backbone_long/RAPCID_backbone_rapcid_backbone_173_model_7.cif.gz,B,A,41,25,3.127,3.386,3.433,5,4,14,10,0.5833,117.74,chain1_F_chain2_E,0,3,1,0,3,1,1,1,1,0,16,10,0,1,1,1,1,1,1,0,0,pass_conserved_motif,0.65366,0,
backbone_long,RAPCID_backbone_rapcid_backbone_174_model_0.cif.gz,/scratch/a2149a01/RAPCID_2610_output/backbone_long/RAPCID_backbone_rapcid_backbone_174_model_0.cif.gz,B,A,45,40,3.143,2.698,2.703,4,4,13,12,0.52,119.72,chain1_F_chain2_E,0,2,1,0,2,1,0,14,0,1,10,9,0,1,1,1,1,1,1,0,0,pass_conserved_motif,0.63345,0,
backbone_long,RAPCID_backbone_rapcid_backbone_174_model_1.cif.gz,/scratch/a2149a01/RAPCID_2610_output/backbone_long/RAPCID_backbone_rapcid_backbone_174_model_1.cif.gz,B,A,45,40,2.858,3.337,2.856,5,4,12,10,0.5455,126.54,chain1_F_chain2_E,0,2,1,0,2,1,0,12,0,1,10,10,0,1,1,1,1,1,1,0,0,pass_conserved_motif,0.65601,0,
backbone_long,RAPCID_backbone_rapcid_backbone_174_model_2.cif.gz,/scratch/a2149a01/RAPCID_2610_output/backbone_long/RAPCID_backbone_rapcid_backbone_174_model_2.cif.gz,B,A,45,40,2.847,3.155,2.476,5,4,15,10,0.6,114.19,chain1_F_chain2_E,0,2,1,0,2,1,0,12,0,0,10,12,0,1,1,1,1,1,1,0,0,pass_conserved_motif,0.57636,0,
backbone_long,RAPCID_backbone_rapcid_backbone_174_model_3.cif.gz,/scratch/a2149a01/RAPCID_2610_output/backbone_long/RAPCID_backbone_rapcid_backbone_174_model_3.cif.gz,B,A,45,40,3.239,2.915,2.859,5,6,29,16,0.6444,121.9,chain1_F_chain2_E,1,2,1,0,2,1,0,14,1,0,12,15,1,1,1,1,1,1,1,1,1,,0.59095,1,522
backbone_long,RAPCID_backbone_rapcid_backbone_174_model_4.cif.gz,/scratch/a2149a01/RAPCID_2610_output/backbone_long/RAPCID_backbone_rapcid_backbone_174_model_4.cif.gz,B,A,45,40,3.187,3.481,2.813,4,4,8,11,0.4211,133.57,chain1_F_chain2_E,0,2,1,0,2,1,0,2,0,0,11,10,0,1,1,1,1,1,1,0,0,pass_conserved_motif,0.63938,0,
backbone_long,RAPCID_backbone_rapcid_backbone_174_model_5.cif.gz,/scratch/a2149a01/RAPCID_2610_output/backbone_long/RAPCID_backbone_rapcid_backbone_174_model_5.cif.gz,B,A,45,40,3.42,2.655,3.005,4,3,15,9,0.625,128.53,chain1_F_chain2_E,1,2,2,0,2,2,0,6,1,0,11,8,0,1,1,1,1,1,1,0,0,pass_conserved_motif,0.6694,0,
backbone_long,RAPCID_backbone_rapcid_backbone_174_model_6.cif.gz,/scratch/a2149a01/RAPCID_2610_output/backbone_long/RAPCID_backbone_rapcid_backbone_174_model_6.cif.gz,B,A,45,40,2.972,3.125,3.535,3,6,10,12,0.4545,125.63,chain1_F_chain2_E,0,2,1,0,2,1,0,9,0,0,9,9,0,2,1,1,1,1,1,0,0,pass_conserved_motif,0.6513,0,
backbone_long,RAPCID_backbone_rapcid_backbone_174_model_7.cif.gz,/scratch/a2149a01/RAPCID_2610_output/backbone_long/RAPCID_backbone_rapcid_backbone_174_model_7.cif.gz,B,A,45,40,3.573,2.82,2.916,7,4,15,15,0.5,118.74,chain1_F_chain2_E,0,3,1,0,3,1,0,5,0,0,18,11,0,1,1,1,1,1,1,0,0,pass_conserved_motif,0.6651,0,
backbone_long,RAPCID_backbone_rapcid_backbone_175_model_0.cif.gz,/scratch/a2149a01/RAPCID_2610_output/backbone_long/RAPCID_backbone_rapcid_backbone_175_model_0.cif.gz,A,B,45,28,9.746,3.135,3.379,4,5,16,15,0.5161,148.91,chain1_E_chain2_F,1,0,0,3,1,3,0,0,0,0,11,14,1,0,1,1,1,1,1,0,0,pass_conserved_motif,0.7342,0,
backbone_long,RAPCID_backbone_rapcid_backbone_175_model_1.cif.gz,/scratch/a2149a01/RAPCID_2610_output/backbone_long/RAPCID_backbone_rapcid_backbone_175_model_1.cif.gz,A,B,45,28,11.024,2.563,3.262,4,5,9,18,0.3333,170.75,chain1_E_chain2_F,1,0,0,3,1,3,0,0,0,0,10,16,2,0,1,1,1,1,1,0,0,pass_conserved_motif,0.66846,0,
backbone_long,RAPCID_backbone_rapcid_backbone_175_model_2.cif.gz,/scratch/a2149a01/RAPCID_2610_output/backbone_long/RAPCID_backbone_rapcid_backbone_175_model_2.cif.gz,A,B,45,28,4.743,2.877,3.278,3,7,11,17,0.3929,158.82,chain1_E_chain2_F,1,0,0,3,1,3,1,0,0,0,10,18,1,0,1,1,1,1,1,0,0,pass_conserved_motif,0.7594,0,
backbone_long,RAPCID_backbone_rapcid_backbone_175_model_3.cif.gz,/scratch/a2149a01/RAPCID_2610_output/backbone_long/RAPCID_backbone_rapcid_backbone_175_model_3.cif.gz,A,B,45,28,11.625,2.71,3.647,4,6,7,13,0.35,172.03,chain1_E_chain2_F,1,0,0,3,1,3,0,0,0,0,11,15,1,0,1,1,1,1,1,0,0,pass_conserved_motif,0.67084,0,
backbone_long,RAPCID_backbone_rapcid_backbone_175_model_4.cif.gz,/scratch/a2149a01/RAPCID_2610_output/backbone_long/RAPCID_backbone_rapcid_backbone_175_model_4.cif.gz,A,B,45,28,8.429,2.572,3.898,5,4,11,5,0.6875,137.91,chain1_E_chain2_F,1,0,0,3,1,3,0,0,0,0,10,11,1,0,1,1,1,1,1,0,0,pass_conserved_motif,0.62899,0,
backbone_long,RAPCID_backbone_rapcid_backbone_175_model_5.cif.gz,/scratch/a2149a01/RAPCID_2610_output/backbone_long/RAPCID_backbone_rapcid_backbone_175_model_5.cif.gz,A,B,45,28,9.721,2.737,3.626,4,7,7,21,0.25,160.38,chain1_E_chain2_F,1,0,0,3,1,3,0,0,0,0,9,18,1,0,1,1,1,1,1,0,0,pass_conserved_motif,0.66967,0,
backbone_long,RAPCID_backbone_rapcid_backbone_175_model_6.cif.gz,/scratch/a2149a01/RAPCID_2610_output/backbone_long/RAPCID_backbone_rapcid_backbone_175_model_6.cif.gz,A,B,45,28,8.861,2.941,3.488,3,4,7,11,0.3889,150.17,chain1_E_chain2_F,1,0,0,3,1,3,0,0,0,0,10,10,1,0,1,1,1,1,1,0,0,pass_conserved_motif,0.70041,0,
backbone_long,RAPCID_backbone_rapcid_backbone_175_model_7.cif.gz,/scratch/a2149a01/RAPCID_2610_output/backbone_long/RAPCID_backbone_rapcid_backbone_175_model_7.cif.gz,A,B,45,28,3.841,2.151,3.618,8,6,25,15,0.625,112.09,chain1_E_chain2_F,1,0,0,3,1,3,0,1,0,1,13,14,2,1,1,1,1,1,1,1,1,,0.5896,1,526
backbone_long,RAPCID_backbone_rapcid_backbone_176_model_0.cif.gz,/scratch/a2149a01/RAPCID_2610_output/backbone_long/RAPCID_backbone_rapcid_backbone_176_model_0.cif.gz,B,A,45,35,3.941,2.684,2.123,8,8,36,20,0.6429,170.13,chain1_F_chain2_E,0,3,1,0,3,1,1,3,1,0,18,12,0,1,1,1,1,1,1,0,0,pass_conserved_motif,0.74029,0,
backbone_long,RAPCID_backbone_rapcid_backbone_176_model_1.cif.gz,/scratch/a2149a01/RAPCID_2610_output/backbone_long/RAPCID_backbone_rapcid_backbone_176_model_1.cif.gz,B,A,45,35,3.602,3.479,2.525,5,6,12,17,0.4138,158.79,chain1_F_chain2_E,0,3,1,0,3,1,0,5,0,0,15,10,1,2,1,1,1,1,1,1,1,,0.7641,1,39
backbone_long,RAPCID_backbone_rapcid_backbone_176_model_2.cif.gz,/scratch/a2149a01/RAPCID_2610_output/backbone_long/RAPCID_backbone_rapcid_backbone_176_model_2.cif.gz,B,A,45,35,3.64,3.102,3.041,6,5,13,9,0.5909,121.05,chain1_F_chain2_E,1,3,1,0,3,1,0,5,0,1,13,9,0,1,1,1,1,1,1,0,0,pass_conserved_motif,0.6531,0,
backbone_long,RAPCID_backbone_rapcid_backbone_176_model_3.cif.gz,/scratch/a2149a01/RAPCID_2610_output/backbone_long/RAPCID_backbone_rapcid_backbone_176_model_3.cif.gz,B,A,45,35,10.065,3.653,3.436,5,3,17,4,0.8095,152.35,chain1_F_chain2_E,0,3,1,0,3,1,0,0,0,0,14,9,0,1,1,1,1,1,1,0,0,pass_conserved_motif,0.6283,0,
backbone_long,RAPCID_backbone_rapcid_backbone_176_model_4.cif.gz,/scratch/a2149a01/RAPCID_2610_output/backbone_long/RAPCID_backbone_rapcid_backbone_176_model_4.cif.gz,B,A,45,35,8.478,3.345,3.276,5,2,13,5,0.7222,137.99,chain1_F_chain2_E,0,2,2,0,2,2,0,0,0,0,9,8,0,1,1,1,1,1,1,0,0,pass_conserved_motif,0.61537,0,
backbone_long,RAPCID_backbone_rapcid_backbone_176_model_5.cif.gz,/scratch/a2149a01/RAPCID_2610_output/backbone_long/RAPCID_backbone_rapcid_backbone_176_model_5.cif.gz,B,A,45,35,2.841,3.524,3.012,5,7,12,13,0.48,159.55,chain1_F_chain2_E,0,3,1,0,3,1,0,3,0,0,16,11,0,1,1,1,1,1,1,0,0,pass_conserved_motif,0.77946,0,
backbone_long,RAPCID_backbone_rapcid_backbone_176_model_6.cif.gz,/scratch/a2149a01/RAPCID_2610_output/backbone_long/RAPCID_backbone_rapcid_backbone_176_model_6.cif.gz,B,A,45,35,2.645,2.633,1.907,10,7,33,18,0.6471,130.02,chain1_F_chain2_E,0,3,2,0,3,2,0,4,2,0,18,14,0,1,0,1,1,1,1,0,0,pass_no_clash;pass_conserved_motif,0.70077,0,
backbone_long,RAPCID_backbone_rapcid_backbone_176_model_7.cif.gz,/scratch/a2149a01/RAPCID_2610_output/backbone_long/RAPCID_backbone_rapcid_backbone_176_model_7.cif.gz,B,A,45,35,4.052,3.762,2.487,5,6,9,14,0.3913,154.5,chain1_F_chain2_E,0,3,1,0,3,1,0,0,0,0,15,10,0,1,1,1,1,1,1,0,0,pass_conserved_motif,0.7158,0,
backbone_long,RAPCID_backbone_rapcid_backbone_177_model_0.cif.gz,/scratch/a2149a01/RAPCID_2610_output/backbone_long/RAPCID_backbone_rapcid_backbone_177_model_0.cif.gz,A,B,49,39,3.104,3.043,1.919,3,5,6,14,0.3,148.67,chain1_E_chain2_F,1,0,0,2,1,2,0,2,0,0,8,12,1,0,0,1,1,1,1,0,0,pass_no_clash;pass_conserved_motif,0.64128,0,
backbone_long,RAPCID_backbone_rapcid_backbone_177_model_1.cif.gz,/scratch/a2149a01/RAPCID_2610_output/backbone_long/RAPCID_backbone_rapcid_backbone_177_model_1.cif.gz,A,B,49,39,3.315,2.788,3.122,4,6,14,12,0.5385,127.29,chain1_E_chain2_F,1,0,0,2,1,2,0,8,0,0,9,10,3,0,1,1,1,1,1,0,0,pass_conserved_motif,0.66461,0,
backbone_long,RAPCID_backbone_rapcid_backbone_177_model_2.cif.gz,/scratch/a2149a01/RAPCID_2610_output/backbone_long/RAPCID_backbone_rapcid_backbone_177_model_2.cif.gz,A,B,49,39,2.941,2.702,3.119,3,11,9,29,0.2368,146.58,chain1_E_chain2_F,1,0,0,3,1,3,0,1,0,0,12,23,1,0,1,1,1,1,1,0,0,pass_conserved_motif,0.63261,0,
backbone_long,RAPCID_backbone_rapcid_backbone_177_model_3.cif.gz,/scratch/a2149a01/RAPCID_2610_output/backbone_long/RAPCID_backbone_rapcid_backbone_177_model_3.cif.gz,A,B,49,39,3.906,2.916,2.94,3,6,9,14,0.3913,128.8,chain1_E_chain2_F,1,0,0,2,1,2,0,1,0,0,10,12,1,0,1,1,1,1,1,0,0,pass_conserved_motif,0.60658,0,
backbone_long,RAPCID_backbone_rapcid_backbone_177_model_4.cif.gz,/scratch/a2149a01/RAPCID_2610_output/backbone_long/RAPCID_backbone_rapcid_backbone_177_model_4.cif.gz,A,B,49,39,2.849,2.586,2.208,5,4,13,15,0.4643,118.46,chain1_E_chain2_F,2,0,1,2,2,2,0,18,0,0,13,10,1,0,1,1,1,1,1,0,0,pass_conserved_motif,0.61486,0,
backbone_long,RAPCID_backbone_rapcid_backbone_177_model_5.cif.gz,/scratch/a2149a01/RAPCID_2610_output/backbone_long/RAPCID_backbone_rapcid_backbone_177_model_5.cif.gz,A,B,49,39,2.401,2.425,2.709,5,3,13,13,0.5,114.1,chain1_E_chain2_F,1,0,1,2,1,2,0,11,0,0,12,10,1,0,1,1,1,1,1,0,0,pass_conserved_motif,0.62106,0,
backbone_long,RAPCID_backbone_rapcid_backbone_177_model_6.cif.gz,/scratch/a2149a01/RAPCID_2610_output/backbone_long/RAPCID_backbone_rapcid_backbone_177_model_6.cif.gz,A,B,49,39,2.898,2.919,2.661,4,4,13,10,0.5652,106.4,chain1_E_chain2_F,1,0,0,2,1,2,0,13,1,0,10,9,1,0,1,1,1,1,1,0,0,pass_conserved_motif,0.57595,0,
backbone_long,RAPCID_backbone_rapcid_backbone_177_model_7.cif.gz,/scratch/a2149a01/RAPCID_2610_output/backbone_long/RAPCID_backbone_rapcid_backbone_177_model_7.cif.gz,A,B,49,39,2.736,2.47,2.554,4,4,21,12,0.6364,105.02,chain1_E_chain2_F,1,0,0,2,1,2,0,5,1,1,10,9,1,1,1,1,1,1,1,1,1,,0.56956,1,569
backbone_long,RAPCID_backbone_rapcid_backbone_178_model_0.cif.gz,/scratch/a2149a01/RAPCID_2610_output/backbone_long/RAPCID_backbone_rapcid_backbone_178_model_0.cif.gz,A,B,44,33,3.087,2.552,3.516,5,5,15,12,0.5556,160.32,chain1_E_chain2_F,1,0,0,3,1,3,0,8,0,0,12,16,1,0,1,1,1,1,1,0,0,pass_conserved_motif,0.78766,0,
backbone_long,RAPCID_backbone_rapcid_backbone_178_model_1.cif.gz,/scratch/a2149a01/RAPCID_2610_output/backbone_long/RAPCID_backbone_rapcid_backbone_178_model_1.cif.gz,A,B,44,33,11.475,3.289,3.182,3,6,9,17,0.3462,173.59,chain1_E_chain2_F,1,0,0,3,1,3,1,0,0,0,9,15,1,0,1,1,1,1,1,0,0,pass_conserved_motif,0.69269,0,
backbone_long,RAPCID_backbone_rapcid_backbone_178_model_2.cif.gz,/scratch/a2149a01/RAPCID_2610_output/backbone_long/RAPCID_backbone_rapcid_backbone_178_model_2.cif.gz,A,B,44,33,7.62,3.04,3.866,4,6,11,11,0.5,165.42,chain1_E_chain2_F,1,0,0,3,1,3,0,0,0,0,10,14,1,0,1,1,1,1,1,0,0,pass_conserved_motif,0.7529,0,
backbone_long,RAPCID_backbone_rapcid_backbone_178_model_3.cif.gz,/scratch/a2149a01/RAPCID_2610_output/backbone_long/RAPCID_backbone_rapcid_backbone_178_model_3.cif.gz,A,B,44,33,12.149,2.695,3.302,4,5,9,19,0.3214,162.02,chain1_E_chain2_F,1,0,0,3,1,3,0,0,0,0,8,14,1,0,1,1,1,1,1,0,0,pass_conserved_motif,0.69278,0,
backbone_long,RAPCID_backbone_rapcid_backbone_178_model_4.cif.gz,/scratch/a2149a01/RAPCID_2610_output/backbone_long/RAPCID_backbone_rapcid_backbone_178_model_4.cif.gz,A,B,44,33,3.254,2.327,3.516,6,5,15,17,0.4688,130.29,chain1_E_chain2_F,1,0,0,3,1,3,0,13,0,0,12,16,1,0,1,1,1,1,1,0,0,pass_conserved_motif,0.68108,0,
backbone_long,RAPCID_backbone_rapcid_backbone_178_model_5.cif.gz,/scratch/a2149a01/RAPCID_2610_output/backbone_long/RAPCID_backbone_rapcid_backbone_178_model_5.cif.gz,A,B,44,33,7.735,2.371,3.494,5,6,15,16,0.4839,152.07,chain1_E_chain2_F,2,0,0,3,2,3,0,0,0,0,14,15,1,0,1,1,1,1,1,0,0,pass_conserved_motif,0.77331,0,
backbone_long,RAPCID_backbone_rapcid_backbone_178_model_6.cif.gz,/scratch/a2149a01/RAPCID_2610_output/backbone_long/RAPCID_backbone_rapcid_backbone_178_model_6.cif.gz,A,B,44,33,3.401,3.116,3.272,3,5,5,17,0.2273,161.64,chain1_E_chain2_F,1,0,0,3,1,3,0,4,0,0,10,15,1,0,1,1,1,1,1,0,0,pass_conserved_motif,0.67639,0,
backbone_long,RAPCID_backbone_rapcid_backbone_178_model_7.cif.gz,/scratch/a2149a01/RAPCID_2610_output/backbone_long/RAPCID_backbone_rapcid_backbone_178_model_7.cif.gz,A,B,44,33,10.033,3.266,3.132,3,5,10,22,0.3125,166.63,chain1_E_chain2_F,2,0,0,3,2,3,1,0,0,0,9,16,1,0,1,1,1,1,1,0,0,pass_conserved_motif,0.73098,0,
backbone_long,RAPCID_backbone_rapcid_backbone_179_model_0.cif.gz,/scratch/a2149a01/RAPCID_2610_output/backbone_long/RAPCID_backbone_rapcid_backbone_179_model_0.cif.gz,B,A,49,48,3.251,3.142,2.818,5,3,15,11,0.5769,136.43,chain1_F_chain2_E,0,3,1,0,3,1,0,2,0,0,15,10,0,1,1,1,1,1,1,0,0,pass_conserved_motif,0.6783,0,
backbone_long,RAPCID_backbone_rapcid_backbone_179_model_1.cif.gz,/scratch/a2149a01/RAPCID_2610_output/backbone_long/RAPCID_backbone_rapcid_backbone_179_model_1.cif.gz,B,A,49,48,6.413,3.429,2.995,5,2,19,5,0.7917,160.43,chain1_F_chain2_E,0,3,1,0,3,1,0,0,0,0,17,9,1,1,1,1,1,1,1,1,1,,0.65287,1,371
backbone_long,RAPCID_backbone_rapcid_backbone_179_model_2.cif.gz,/scratch/a2149a01/RAPCID_2610_output/backbone_long/RAPCID_backbone_rapcid_backbone_179_model_2.cif.gz,B,A,49,48,13.152,3.678,2.776,6,4,17,9,0.6538,162.72,chain1_F_chain2_E,0,3,1,0,3,1,0,0,0,0,16,10,0,2,1,1,1,1,1,0,0,pass_conserved_motif,0.70036,0,
backbone_long,RAPCID_backbone_rapcid_backbone_179_model_3.cif.gz,/scratch/a2149a01/RAPCID_2610_output/backbone_long/RAPCID_backbone_rapcid_backbone_179_model_3.cif.gz,B,A,49,48,13.191,3.391,3.035,5,1,16,5,0.7619,161.7,chain1_F_chain2_E,0,3,1,0,3,1,0,0,0,0,16,8,0,1,1,0,1,1,1,0,0,pass_dual_rap_contact;pass_conserved_motif,0.66052,0,
backbone_long,RAPCID_backbone_rapcid_backbone_179_model_4.cif.gz,/scratch/a2149a01/RAPCID_2610_output/backbone_long/RAPCID_backbone_rapcid_backbone_179_model_4.cif.gz,B,A,49,48,3.359,3.465,3.133,4,3,6,12,0.3333,131.22,chain1_F_chain2_E,0,3,1,0,3,1,0,5,0,0,12,13,0,1,1,1,1,1,1,0,0,pass_conserved_motif,0.64001,0,
backbone_long,RAPCID_backbone_rapcid_backbone_179_model_5.cif.gz,/scratch/a2149a01/RAPCID_2610_output/backbone_long/RAPCID_backbone_rapcid_backbone_179_model_5.cif.gz,B,A,49,48,2.662,2.633,3.027,5,4,13,10,0.5652,113.01,chain1_F_chain2_E,0,2,1,0,2,1,0,12,1,1,10,10,0,2,1,1,1,1,1,0,0,pass_conserved_motif,0.61965,0,
backbone_long,RAPCID_backbone_rapcid_backbone_179_model_6.cif.gz,/scratch/a2149a01/RAPCID_2610_output/backbone_long/RAPCID_backbone_rapcid_backbone_179_model_6.cif.gz,B,A,49,48,13.685,3.49,3.238,5,3,14,7,0.6667,138.52,chain1_F_chain2_E,0,3,2,0,3,2,0,0,0,0,16,8,0,1,1,1,1,1,1,0,0,pass_conserved_motif,0.66791,0,
backbone_long,RAPCID_backbone_rapcid_backbone_179_model_7.cif.gz,/scratch/a2149a01/RAPCID_2610_output/backbone_long/RAPCID_backbone_rapcid_backbone_179_model_7.cif.gz,B,A,49,48,2.63,3.515,3.129,7,4,15,11,0.5769,159.33,chain1_F_chain2_E,0,3,1,0,3,1,0,7,0,0,15,10,0,1,1,1,1,1,1,0,0,pass_conserved_motif,0.7774,0,
backbone_long,RAPCID_backbone_rapcid_backbone_17_model_0.cif.gz,/scratch/a2149a01/RAPCID_2610_output/backbone_long/RAPCID_backbone_rapcid_backbone_17_model_0.cif.gz,B,A,43,34,3.24,3.037,2.43,6,5,28,15,0.6512,147.7,chain1_F_chain2_E,0,3,1,0,3,1,0,3,0,0,17,13,1,1,1,1,1,1,1,1,1,,0.69116,1,236
backbone_long,RAPCID_backbone_rapcid_backbone_17_model_1.cif.gz,/scratch/a2149a01/RAPCID_2610_output/backbone_long/RAPCID_backbone_rapcid_backbone_17_model_1.cif.gz,B,A,43,34,2.876,3.04,2.683,5,2,14,6,0.7,122.72,chain1_F_chain2_E,1,2,1,0,2,1,0,13,0,0,10,9,0,2,1,1,1,1,1,0,0,pass_conserved_motif,0.55979,0,
backbone_long,RAPCID_backbone_rapcid_backbone_17_model_2.cif.gz,/scratch/a2149a01/RAPCID_2610_output/backbone_long/RAPCID_backbone_rapcid_backbone_17_model_2.cif.gz,B,A,43,34,2.976,3.045,2.633,5,4,14,12,0.5385,111.77,chain1_F_chain2_E,0,2,1,0,2,1,0,12,1,1,9,12,0,1,1,1,1,1,1,0,0,pass_conserved_motif,0.62622,0,
backbone_long,RAPCID_backbone_rapcid_backbone_17_model_3.cif.gz,/scratch/a2149a01/RAPCID_2610_output/backbone_long/RAPCID_backbone_rapcid_backbone_17_model_3.cif.gz,B,A,43,34,10.292,3.237,2.782,5,5,17,12,0.5862,164.15,chain1_F_chain2_E,0,3,1,0,3,1,0,0,0,0,15,10,1,1,1,1,1,1,1,1,1,,0.72264,1,131
backbone_long,RAPCID_backbone_rapcid_backbone_17_model_4.cif.gz,/scratch/a2149a01/RAPCID_2610_output/backbone_long/RAPCID_backbone_rapcid_backbone_17_model_4.cif.gz,B,A,43,34,3.474,2.783,2.888,4,4,13,9,0.5909,125.1,chain1_F_chain2_E,1,2,2,0,2,2,0,3,0,0,10,8,0,1,1,1,1,1,1,0,0,pass_conserved_motif,0.63992,0,
backbone_long,RAPCID_backbone_rapcid_backbone_17_model_5.cif.gz,/scratch/a2149a01/RAPCID_2610_output/backbone_long/RAPCID_backbone_rapcid_backbone_17_model_5.cif.gz,B,A,43,34,4.374,3.554,2.366,3,3,9,9,0.5,122.73,chain1_F_chain2_E,0,2,3,0,2,3,0,0,0,0,8,8,0,1,1,1,1,1,1,0,0,pass_conserved_motif,0.68197,0,
backbone_long,RAPCID_backbone_rapcid_backbone_17_model_6.cif.gz,/scratch/a2149a01/RAPCID_2610_output/backbone_long/RAPCID_backbone_rapcid_backbone_17_model_6.cif.gz,B,A,43,34,2.767,2.738,2.707,4,3,15,15,0.5,91.5,chain1_F_chain2_E,1,2,1,0,2,1,0,12,1,1,10,11,0,3,1,1,1,1,1,0,0,pass_conserved_motif,0.57406,0,
backbone_long,RAPCID_backbone_rapcid_backbone_17_model_7.cif.gz,/scratch/a2149a01/RAPCID_2610_output/backbone_long/RAPCID_backbone_rapcid_backbone_17_model_7.cif.gz,B,A,43,34,3.175,2.076,2.698,4,4,18,10,0.6429,122.29,chain1_F_chain2_E,1,2,1,0,2,1,0,6,0,0,8,10,0,2,1,1,1,1,1,0,0,pass_conserved_motif,0.59622,0,
backbone_long,RAPCID_backbone_rapcid_backbone_180_model_0.cif.gz,/scratch/a2149a01/RAPCID_2610_output/backbone_long/RAPCID_backbone_rapcid_backbone_180_model_0.cif.gz,A,B,41,30,8.147,2.668,3.46,4,6,16,18,0.4706,148.42,chain1_E_chain2_F,3,0,0,3,3,3,0,0,0,0,12,15,1,0,1,1,1,1,1,0,0,pass_conserved_motif,0.78439,0,
backbone_long,RAPCID_backbone_rapcid_backbone_180_model_1.cif.gz,/scratch/a2149a01/RAPCID_2610_output/backbone_long/RAPCID_backbone_rapcid_backbone_180_model_1.cif.gz,A,B,41,30,7.422,2.389,2.92,7,5,20,20,0.5,154.41,chain1_E_chain2_F,1,0,0,3,1,3,0,0,0,0,10,16,1,0,1,1,1,1,1,0,0,pass_conserved_motif,0.75898,0,
backbone_long,RAPCID_backbone_rapcid_backbone_180_model_2.cif.gz,/scratch/a2149a01/RAPCID_2610_output/backbone_long/RAPCID_backbone_rapcid_backbone_180_model_2.cif.gz,A,B,41,30,8.449,3.094,3.558,4,5,12,16,0.4286,151.09,chain1_E_chain2_F,1,0,0,3,1,3,0,0,0,0,10,15,1,0,1,1,1,1,1,0,0,pass_conserved_motif,0.71935,0,
backbone_long,RAPCID_backbone_rapcid_backbone_180_model_3.cif.gz,/scratch/a2149a01/RAPCID_2610_output/backbone_long/RAPCID_backbone_rapcid_backbone_180_model_3.cif.gz,A,B,41,30,4.946,2.833,3.044,5,5,17,16,0.5152,158.81,chain1_E_chain2_F,1,0,0,3,1,3,0,0,0,0,13,16,1,0,1,1,1,1,1,0,0,pass_conserved_motif,0.76758,0,
backbone_long,RAPCID_backbone_rapcid_backbone_180_model_4.cif.gz,/scratch/a2149a01/RAPCID_2610_output/backbone_long/RAPCID_backbone_rapcid_backbone_180_model_4.cif.gz,A,B,41,30,10.103,3.158,3.211,5,6,9,22,0.2903,160.69,chain1_E_chain2_F,1,0,0,3,1,3,0,0,0,0,10,16,1,0,1,1,1,1,1,0,0,pass_conserved_motif,0.68478,0,
backbone_long,RAPCID_backbone_rapcid_backbone_180_model_5.cif.gz,/scratch/a2149a01/RAPCID_2610_output/backbone_long/RAPCID_backbone_rapcid_backbone_180_model_5.cif.gz,A,B,41,30,4.941,2.743,3.598,5,6,14,15,0.4828,147.77,chain1_E_chain2_F,1,0,0,3,1,3,0,0,0,0,13,14,1,0,1,1,1,1,1,0,0,pass_conserved_motif,0.72996,0,
backbone_long,RAPCID_backbone_rapcid_backbone_180_model_6.cif.gz,/scratch/a2149a01/RAPCID_2610_output/backbone_long/RAPCID_backbone_rapcid_backbone_180_model_6.cif.gz,A,B,41,30,4.468,2.73,3.494,5,6,14,16,0.4667,131.04,chain1_E_chain2_F,1,0,0,3,1,3,0,0,0,0,14,16,1,0,1,1,1,1,1,0,0,pass_conserved_motif,0.66776,0,
backbone_long,RAPCID_backbone_rapcid_backbone_180_model_7.cif.gz,/scratch/a2149a01/RAPCID_2610_output/backbone_long/RAPCID_backbone_rapcid_backbone_180_model_7.cif.gz,A,B,41,30,8.222,2.844,3.163,4,6,14,19,0.4242,147.12,chain1_E_chain2_F,3,0,0,3,3,3,0,0,0,0,13,15,1,0,1,1,1,1,1,0,0,pass_conserved_motif,0.76152,0,
backbone_long,RAPCID_backbone_rapcid_backbone_181_model_0.cif.gz,/scratch/a2149a01/RAPCID_2610_output/backbone_long/RAPCID_backbone_rapcid_backbone_181_model_0.cif.gz,A,B,48,40,3.192,2.528,3.087,5,6,15,15,0.5,127.89,chain1_E_chain2_F,1,0,0,2,1,2,0,7,0,0,9,10,1,0,1,1,1,1,1,0,0,pass_conserved_motif,0.67701,0,
backbone_long,RAPCID_backbone_rapcid_backbone_181_model_1.cif.gz,/scratch/a2149a01/RAPCID_2610_output/backbone_long/RAPCID_backbone_rapcid_backbone_181_model_1.cif.gz,A,B,48,40,2.771,2.609,2.591,5,4,14,16,0.4667,127.25,chain1_E_chain2_F,2,0,1,2,2,2,1,11,0,0,12,10,2,0,1,1,1,1,1,0,0,pass_conserved_motif,0.70869,0,
backbone_long,RAPCID_backbone_rapcid_backbone_181_model_2.cif.gz,/scratch/a2149a01/RAPCID_2610_output/backbone_long/RAPCID_backbone_rapcid_backbone_181_model_2.cif.gz,A,B,48,40,2.914,3.026,3.081,4,7,19,20,0.4872,122.71,chain1_E_chain2_F,1,0,1,3,1,3,0,19,1,0,12,12,1,0,1,1,1,1,1,0,0,pass_conserved_motif,0.64986,0,
backbone_long,RAPCID_backbone_rapcid_backbone_181_model_3.cif.gz,/scratch/a2149a01/RAPCID_2610_output/backbone_long/RAPCID_backbone_rapcid_backbone_181_model_3.cif.gz,A,B,48,40,2.461,2.518,3.208,4,6,18,11,0.6207,128.58,chain1_E_chain2_F,2,0,0,3,2,3,0,15,1,0,10,12,2,0,1,1,1,1,1,0,0,pass_conserved_motif,0.67486,0,
backbone_long,RAPCID_backbone_rapcid_backbone_181_model_4.cif.gz,/scratch/a2149a01/RAPCID_2610_output/backbone_long/RAPCID_backbone_rapcid_backbone_181_model_4.cif.gz,A,B,48,40,2.947,2.561,3.366,6,4,18,8,0.6923,124.93,chain1_E_chain2_F,1,0,0,2,1,2,0,13,0,0,10,11,1,0,1,1,1,1,1,0,0,pass_conserved_motif,0.57022,0,
backbone_long,RAPCID_backbone_rapcid_backbone_181_model_5.cif.gz,/scratch/a2149a01/RAPCID_2610_output/backbone_long/RAPCID_backbone_rapcid_backbone_181_model_5.cif.gz,A,B,48,40,3.032,2.612,2.384,4,5,13,18,0.4194,122.78,chain1_E_chain2_F,2,0,1,2,2,2,1,9,1,0,8,10,1,0,1,1,1,1,1,0,0,pass_conserved_motif,0.70152,0,
backbone_long,RAPCID_backbone_rapcid_backbone_181_model_6.cif.gz,/scratch/a2149a01/RAPCID_2610_output/backbone_long/RAPCID_backbone_rapcid_backbone_181_model_6.cif.gz,A,B,48,40,2.781,2.81,3.701,5,7,17,16,0.5152,141.31,chain1_E_chain2_F,2,0,0,3,2,3,1,10,0,0,11,13,2,0,1,1,1,1,1,0,0,pass_conserved_motif,0.79641,0,
backbone_long,RAPCID_backbone_rapcid_backbone_181_model_7.cif.gz,/scratch/a2149a01/RAPCID_2610_output/backbone_long/RAPCID_backbone_rapcid_backbone_181_model_7.cif.gz,A,B,48,40,2.859,3.022,2.62,4,4,9,13,0.4091,126.46,chain1_E_chain2_F,1,0,1,2,1,2,0,16,0,0,10,9,1,0,1,1,1,1,1,0,0,pass_conserved_motif,0.6009,0,
backbone_long,RAPCID_backbone_rapcid_backbone_182_model_0.cif.gz,/scratch/a2149a01/RAPCID_2610_output/backbone_long/RAPCID_backbone_rapcid_backbone_182_model_0.cif.gz,B,A,43,42,3.209,3.562,2.632,5,6,16,15,0.5161,155.5,chain1_F_chain2_E,0,3,1,0,3,1,0,2,0,0,15,10,0,1,1,1,1,1,1,0,0,pass_conserved_motif,0.76618,0,
backbone_long,RAPCID_backbone_rapcid_backbone_182_model_1.cif.gz,/scratch/a2149a01/RAPCID_2610_output/backbone_long/RAPCID_backbone_rapcid_backbone_182_model_1.cif.gz,B,A,43,42,2.722,3.403,2.127,5,7,12,18,0.4,132.89,chain1_F_chain2_E,0,3,1,0,3,1,0,17,0,0,14,13,1,1,1,1,1,1,1,1,1,,0.64225,1,401
backbone_long,RAPCID_backbone_rapcid_backbone_182_model_2.cif.gz,/scratch/a2149a01/RAPCID_2610_output/backbone_long/RAPCID_backbone_rapcid_backbone_182_model_2.cif.gz,B,A,43,42,3.834,3.449,2.162,6,6,17,16,0.5152,155.18,chain1_F_chain2_E,0,3,1,0,3,1,0,2,0,0,16,10,1,1,1,1,1,1,1,1,1,,0.76548,1,36
backbone_long,RAPCID_backbone_rapcid_backbone_182_model_3.cif.gz,/scratch/a2149a01/RAPCID_2610_output/backbone_long/RAPCID_backbone_rapcid_backbone_182_model_3.cif.gz,B,A,43,42,4.248,3.414,2.793,6,4,20,12,0.625,148.18,chain1_F_chain2_E,0,3,1,0,3,1,0,0,0,0,16,10,0,1,1,1,1,1,1,0,0,pass_conserved_motif,0.6882,0,
backbone_long,RAPCID_backbone_rapcid_backbone_182_model_4.cif.gz,/scratch/a2149a01/RAPCID_2610_output/backbone_long/RAPCID_backbone_rapcid_backbone_182_model_4.cif.gz,B,A,43,42,8.471,3.407,3.022,6,5,17,13,0.5667,145.36,chain1_F_chain2_E,0,3,1,0,3,1,0,0,0,0,14,11,0,1,1,1,1,1,1,0,0,pass_conserved_motif,0.70216,0,
backbone_long,RAPCID_backbone_rapcid_backbone_182_model_5.cif.gz,/scratch/a2149a01/RAPCID_2610_output/backbone_long/RAPCID_backbone_rapcid_backbone_182_model_5.cif.gz,B,A,43,42,3.983,3.309,3.525,5,2,17,7,0.7083,157.17,chain1_F_chain2_E,0,3,2,0,3,2,0,1,0,0,16,11,0,1,1,1,1,1,1,0,0,pass_conserved_motif,0.71843,0,
backbone_long,RAPCID_backbone_rapcid_backbone_182_model_6.cif.gz,/scratch/a2149a01/RAPCID_2610_output/backbone_long/RAPCID_backbone_rapcid_backbone_182_model_6.cif.gz,B,A,43,42,3.154,3.115,2.762,6,5,18,12,0.6,163.75,chain1_F_chain2_E,0,3,1,0,3,1,0,2,0,0,15,10,0,1,1,1,1,1,1,0,0,pass_conserved_motif,0.72846,0,
backbone_long,RAPCID_backbone_rapcid_backbone_182_model_7.cif.gz,/scratch/a2149a01/RAPCID_2610_output/backbone_long/RAPCID_backbone_rapcid_backbone_182_model_7.cif.gz,B,A,43,42,3.493,3.43,2.893,6,4,19,16,0.5429,152.58,chain1_F_chain2_E,0,3,2,0,3,2,1,8,0,0,18,11,0,1,1,1,1,1,1,0,0,pass_conserved_motif,0.83289,0,
backbone_long,RAPCID_backbone_rapcid_backbone_183_model_0.cif.gz,/scratch/a2149a01/RAPCID_2610_output/backbone_long/RAPCID_backbone_rapcid_backbone_183_model_0.cif.gz,A,B,51,44,3.001,2.734,3.139,6,5,17,14,0.5484,123.89,chain1_E_chain2_F,2,0,0,2,2,2,0,6,1,1,10,8,1,1,1,1,1,1,1,1,1,,0.70123,1,192
backbone_long,RAPCID_backbone_rapcid_backbone_183_model_1.cif.gz,/scratch/a2149a01/RAPCID_2610_output/backbone_long/RAPCID_backbone_rapcid_backbone_183_model_1.cif.gz,A,B,51,44,2.908,2.864,2.796,4,4,16,15,0.5161,119.52,chain1_E_chain2_F,2,0,0,2,2,2,0,16,1,1,11,11,1,0,1,1,1,1,1,0,0,pass_conserved_motif,0.66957,0,
backbone_long,RAPCID_backbone_rapcid_backbone_183_model_2.cif.gz,/scratch/a2149a01/RAPCID_2610_output/backbone_long/RAPCID_backbone_rapcid_backbone_183_model_2.cif.gz,A,B,51,44,3.002,2.674,3.417,4,6,12,11,0.5217,128.56,chain1_E_chain2_F,2,0,1,2,2,2,0,7,0,0,10,11,1,0,1,1,1,1,1,0,0,pass_conserved_motif,0.69913,0,
backbone_long,RAPCID_backbone_rapcid_backbone_183_model_3.cif.gz,/scratch/a2149a01/RAPCID_2610_output/backbone_long/RAPCID_backbone_rapcid_backbone_183_model_3.cif.gz,A,B,51,44,3.085,2.96,2.482,4,4,10,17,0.3704,121.26,chain1_E_chain2_F,1,0,0,2,1,2,0,9,0,1,13,10,1,0,1,1,1,1,1,0,0,pass_conserved_motif,0.61973,0,
backbone_long,RAPCID_backbone_rapcid_backbone_183_model_4.cif.gz,/scratch/a2149a01/RAPCID_2610_output/backbone_long/RAPCID_backbone_rapcid_backbone_183_model_4.cif.gz,A,B,51,44,3.005,3.354,2.839,3,4,5,15,0.25,122.51,chain1_E_chain2_F,1,0,1,2,1,2,0,14,0,0,10,8,1,0,1,1,1,1,1,0,0,pass_conserved_motif,0.53409,0,
backbone_long,RAPCID_backbone_rapcid_backbone_183_model_5.cif.gz,/scratch/a2149a01/RAPCID_2610_output/backbone_long/RAPCID_backbone_rapcid_backbone_183_model_5.cif.gz,A,B,51,44,2.679,3.037,3.27,4,5,11,13,0.4583,132.99,chain1_E_chain2_F,1,0,0,2,1,2,0,13,0,0,11,9,1,0,1,1,1,1,1,0,0,pass_conserved_motif,0.65733,0,
backbone_long,RAPCID_backbone_rapcid_backbone_183_model_6.cif.gz,/scratch/a2149a01/RAPCID_2610_output/backbone_long/RAPCID_backbone_rapcid_backbone_183_model_6.cif.gz,A,B,51,44,6.894,2.914,3.362,4,6,8,18,0.3077,143.18,chain1_E_chain2_F,1,0,1,3,1,3,0,0,0,0,9,16,2,0,1,1,1,1,1,0,0,pass_conserved_motif,0.64463,0,
backbone_long,RAPCID_backbone_rapcid_backbone_183_model_7.cif.gz,/scratch/a2149a01/RAPCID_2610_output/backbone_long/RAPCID_backbone_rapcid_backbone_183_model_7.cif.gz,A,B,51,44,2.148,2.873,2.874,4,4,12,18,0.4,122.65,chain1_E_chain2_F,1,0,0,2,1,2,0,24,1,0,9,12,1,2,1,1,1,1,1,1,1,,0.56122,1,580
backbone_long,RAPCID_backbone_rapcid_backbone_184_model_0.cif.gz,/scratch/a2149a01/RAPCID_2610_output/backbone_long/RAPCID_backbone_rapcid_backbone_184_model_0.cif.gz,B,A,45,40,2.482,3.248,2.958,5,5,16,11,0.5926,122.21,chain1_F_chain2_E,0,3,1,0,3,1,0,9,0,1,11,10,0,1,1,1,1,1,1,0,0,pass_conserved_motif,0.66629,0,
backbone_long,RAPCID_backbone_rapcid_backbone_184_model_1.cif.gz,/scratch/a2149a01/RAPCID_2610_output/backbone_long/RAPCID_backbone_rapcid_backbone_184_model_1.cif.gz,B,A,45,40,3.245,3.407,3.029,6,3,14,11,0.56,112.78,chain1_F_chain2_E,1,3,1,0,3,1,0,12,1,1,12,9,0,2,1,1,1,1,1,0,0,pass_conserved_motif,0.64955,0,
backbone_long,RAPCID_backbone_rapcid_backbone_184_model_2.cif.gz,/scratch/a2149a01/RAPCID_2610_output/backbone_long/RAPCID_backbone_rapcid_backbone_184_model_2.cif.gz,B,A,45,40,2.939,3.247,2.644,5,4,17,13,0.5667,103.58,chain1_F_chain2_E,1,2,1,0,2,1,0,8,1,0,9,13,0,1,1,1,1,1,1,0,0,pass_conserved_motif,0.591,0,
backbone_long,RAPCID_backbone_rapcid_backbone_184_model_3.cif.gz,/scratch/a2149a01/RAPCID_2610_output/backbone_long/RAPCID_backbone_rapcid_backbone_184_model_3.cif.gz,B,A,45,40,3.103,3.189,2.994,5,4,15,8,0.6522,129.16,chain1_F_chain2_E,1,2,1,0,2,1,0,14,1,1,10,11,0,2,1,1,1,1,1,0,0,pass_conserved_motif,0.62872,0,
backbone_long,RAPCID_backbone_rapcid_backbone_184_model_4.cif.gz,/scratch/a2149a01/RAPCID_2610_output/backbone_long/RAPCID_backbone_rapcid_backbone_184_model_4.cif.gz,B,A,45,40,3.143,2.986,3.091,7,3,18,6,0.75,120.35,chain1_F_chain2_E,0,3,1,0,3,1,0,10,1,1,14,8,1,1,1,1,1,1,1,1,1,,0.60879,1,490
backbone_long,RAPCID_backbone_rapcid_backbone_184_model_5.cif.gz,/scratch/a2149a01/RAPCID_2610_output/backbone_long/RAPCID_backbone_rapcid_backbone_184_model_5.cif.gz,B,A,45,40,2.407,2.973,2.697,5,3,18,8,0.6923,129.45,chain1_F_chain2_E,2,2,1,0,2,1,0,9,1,2,9,11,0,1,1,1,1,1,1,0,0,pass_conserved_motif,0.6553,0,
backbone_long,RAPCID_backbone_rapcid_backbone_184_model_6.cif.gz,/scratch/a2149a01/RAPCID_2610_output/backbone_long/RAPCID_backbone_rapcid_backbone_184_model_6.cif.gz,B,A,45,40,3.255,1.769,2.471,4,3,13,7,0.65,134.45,chain1_F_chain2_E,0,2,1,0,2,1,0,5,0,0,11,9,0,1,0,1,1,1,1,0,0,pass_no_clash;pass_conserved_motif,0.62889,0,
backbone_long,RAPCID_backbone_rapcid_backbone_184_model_7.cif.gz,/scratch/a2149a01/RAPCID_2610_output/backbone_long/RAPCID_backbone_rapcid_backbone_184_model_7.cif.gz,B,A,45,40,2.793,2.522,3.129,5,2,13,8,0.619,113.67,chain1_F_chain2_E,1,2,1,0,2,1,0,14,0,0,9,9,0,1,1,1,1,1,1,0,0,pass_conserved_motif,0.55699,0,
backbone_long,RAPCID_backbone_rapcid_backbone_185_model_0.cif.gz,/scratch/a2149a01/RAPCID_2610_output/backbone_long/RAPCID_backbone_rapcid_backbone_185_model_0.cif.gz,A,B,46,36,3.132,2.951,2.649,4,4,11,15,0.4231,119.23,chain1_E_chain2_F,1,0,1,2,1,2,0,5,0,0,14,10,1,0,1,1,1,1,1,0,0,pass_conserved_motif,0.60736,0,
backbone_long,RAPCID_backbone_rapcid_backbone_185_model_1.cif.gz,/scratch/a2149a01/RAPCID_2610_output/backbone_long/RAPCID_backbone_rapcid_backbone_185_model_1.cif.gz,A,B,46,36,2.937,3.072,3.481,4,4,8,11,0.4211,132.68,chain1_E_chain2_F,1,0,0,2,1,2,0,7,0,0,12,11,1,0,1,1,1,1,1,0,0,pass_conserved_motif,0.6614,0,
backbone_long,RAPCID_backbone_rapcid_backbone_185_model_2.cif.gz,/scratch/a2149a01/RAPCID_2610_output/backbone_long/RAPCID_backbone_rapcid_backbone_185_model_2.cif.gz,A,B,46,36,2.933,3.413,3.126,3,6,7,12,0.3684,137.83,chain1_E_chain2_F,1,0,0,3,1,3,0,10,0,0,10,12,1,0,1,1,1,1,1,0,0,pass_conserved_motif,0.6811,0,
backbone_long,RAPCID_backbone_rapcid_backbone_185_model_3.cif.gz,/scratch/a2149a01/RAPCID_2610_output/backbone_long/RAPCID_backbone_rapcid_backbone_185_model_3.cif.gz,A,B,46,36,4.139,2.933,2.843,3,7,9,24,0.2727,120.96,chain1_E_chain2_F,2,0,1,3,2,3,0,0,0,0,9,16,1,0,1,1,1,1,1,0,0,pass_conserved_motif,0.58516,0,
backbone_long,RAPCID_backbone_rapcid_backbone_185_model_4.cif.gz,/scratch/a2149a01/RAPCID_2610_output/backbone_long/RAPCID_backbone_rapcid_backbone_185_model_4.cif.gz,A,B,46,36,2.973,2.679,2.475,4,6,14,19,0.4242,118.14,chain1_E_chain2_F,2,0,1,2,2,2,0,9,1,0,12,9,1,0,1,1,1,1,1,0,0,pass_conserved_motif,0.65945,0,
backbone_long,RAPCID_backbone_rapcid_backbone_185_model_5.cif.gz,/scratch/a2149a01/RAPCID_2610_output/backbone_long/RAPCID_backbone_rapcid_backbone_185_model_5.cif.gz,A,B,46,36,3.112,2.382,2.828,4,4,11,14,0.44,119.19,chain1_E_chain2_F,1,0,1,2,1,2,0,10,0,0,10,9,1,0,1,1,1,1,1,0,0,pass_conserved_motif,0.61901,0,
backbone_long,RAPCID_backbone_rapcid_backbone_185_model_6.cif.gz,/scratch/a2149a01/RAPCID_2610_output/backbone_long/RAPCID_backbone_rapcid_backbone_185_model_6.cif.gz,A,B,46,36,3.444,2.831,3.315,4,6,12,17,0.4138,142.23,chain1_E_chain2_F,1,0,1,2,1,2,0,5,0,0,12,15,1,0,1,1,1,1,1,0,0,pass_conserved_motif,0.68034,0,
backbone_long,RAPCID_backbone_rapcid_backbone_185_model_7.cif.gz,/scratch/a2149a01/RAPCID_2610_output/backbone_long/RAPCID_backbone_rapcid_backbone_185_model_7.cif.gz,A,B,46,36,3.018,2.906,2.784,4,3,9,10,0.4737,126.09,chain1_E_chain2_F,1,0,0,2,1,2,0,7,0,0,14,9,1,0,1,1,1,1,1,0,0,pass_conserved_motif,0.66049,0,
backbone_long,RAPCID_backbone_rapcid_backbone_186_model_0.cif.gz,/scratch/a2149a01/RAPCID_2610_output/backbone_long/RAPCID_backbone_rapcid_backbone_186_model_0.cif.gz,A,B,52,38,10.125,3.246,3.439,1,6,3,13,0.1875,169.61,chain1_E_chain2_F,1,0,0,3,1,3,0,0,0,0,8,16,1,0,1,0,1,1,1,0,0,pass_dual_rap_contact;pass_conserved_motif,0.61392,0,
backbone_long,RAPCID_backbone_rapcid_backbone_186_model_1.cif.gz,/scratch/a2149a01/RAPCID_2610_output/backbone_long/RAPCID_backbone_rapcid_backbone_186_model_1.cif.gz,A,B,52,38,12.206,2.754,2.581,4,6,8,17,0.32,170.82,chain1_E_chain2_F,1,0,0,3,1,3,0,0,0,0,10,16,1,0,1,1,1,1,1,0,0,pass_conserved_motif,0.66287,0,
backbone_long,RAPCID_backbone_rapcid_backbone_186_model_2.cif.gz,/scratch/a2149a01/RAPCID_2610_output/backbone_long/RAPCID_backbone_rapcid_backbone_186_model_2.cif.gz,A,B,52,38,10.017,2.742,3.225,5,5,18,16,0.5294,154.9,chain1_E_chain2_F,1,0,0,3,1,3,0,0,0,0,12,16,1,0,1,1,1,1,1,0,0,pass_conserved_motif,0.74887,0,
backbone_long,RAPCID_backbone_rapcid_backbone_186_model_3.cif.gz,/scratch/a2149a01/RAPCID_2610_output/backbone_long/RAPCID_backbone_rapcid_backbone_186_model_3.cif.gz,A,B,52,38,2.74,3.53,3.007,5,5,12,18,0.4,120.02,chain1_E_chain2_F,1,0,0,2,1,2,0,13,0,0,13,8,1,0,1,1,1,1,1,0,0,pass_conserved_motif,0.59078,0,
backbone_long,RAPCID_backbone_rapcid_backbone_186_model_4.cif.gz,/scratch/a2149a01/RAPCID_2610_output/backbone_long/RAPCID_backbone_rapcid_backbone_186_model_4.cif.gz,A,B,52,38,4.603,3.272,3.537,5,5,13,16,0.4483,164.27,chain1_E_chain2_F,1,0,0,3,1,3,0,0,0,0,12,16,1,0,1,1,1,1,1,0,0,pass_conserved_motif,0.73602,0,
backbone_long,RAPCID_backbone_rapcid_backbone_186_model_5.cif.gz,/scratch/a2149a01/RAPCID_2610_output/backbone_long/RAPCID_backbone_rapcid_backbone_186_model_5.cif.gz,A,B,52,38,3.39,3.329,3.475,4,6,7,16,0.3043,122.95,chain1_E_chain2_F,1,0,1,3,1,3,0,2,0,0,9,12,1,1,1,1,1,1,1,1,1,,0.58586,1,533
backbone_long,RAPCID_backbone_rapcid_backbone_186_model_6.cif.gz,/scratch/a2149a01/RAPCID_2610_output/backbone_long/RAPCID_backbone_rapcid_backbone_186_model_6.cif.gz,A,B,52,38,10.498,3.021,3.204,3,6,10,16,0.3846,159.68,chain1_E_chain2_F,1,0,0,3,1,3,0,0,0,0,9,16,1,0,1,1,1,1,1,0,0,pass_conserved_motif,0.72588,0,
backbone_long,RAPCID_backbone_rapcid_backbone_186_model_7.cif.gz,/scratch/a2149a01/RAPCID_2610_output/backbone_long/RAPCID_backbone_rapcid_backbone_186_model_7.cif.gz,A,B,52,38,10.709,2.912,2.787,5,6,12,21,0.3636,162.52,chain1_E_chain2_F,1,0,0,3,1,3,0,0,0,0,13,16,1,0,1,1,1,1,1,0,0,pass_conserved_motif,0.70802,0,
backbone_long,RAPCID_backbone_rapcid_backbone_187_model_0.cif.gz,/scratch/a2149a01/RAPCID_2610_output/backbone_long/RAPCID_backbone_rapcid_backbone_187_model_0.cif.gz,A,B,35,31,13.452,3.544,3.478,3,5,7,12,0.3684,165.6,chain1_E_chain2_F,1,0,0,3,1,3,0,0,0,0,8,15,1,0,1,1,1,1,1,0,0,pass_conserved_motif,0.69965,0,
backbone_long,RAPCID_backbone_rapcid_backbone_187_model_1.cif.gz,/scratch/a2149a01/RAPCID_2610_output/backbone_long/RAPCID_backbone_rapcid_backbone_187_model_1.cif.gz,A,B,35,31,4.167,2.866,3.395,6,5,12,14,0.4615,133.3,chain1_E_chain2_F,1,0,0,3,1,3,0,0,0,0,11,15,1,0,1,1,1,1,1,0,0,pass_conserved_motif,0.67325,0,
backbone_long,RAPCID_backbone_rapcid_backbone_187_model_2.cif.gz,/scratch/a2149a01/RAPCID_2610_output/backbone_long/RAPCID_backbone_rapcid_backbone_187_model_2.cif.gz,A,B,35,31,13.292,2.907,3.329,2,5,5,16,0.2381,175.49,chain1_E_chain2_F,1,0,0,3,1,3,0,0,0,0,6,16,1,0,1,1,1,1,1,0,0,pass_conserved_motif,0.61454,0,
backbone_long,RAPCID_backbone_rapcid_backbone_187_model_3.cif.gz,/scratch/a2149a01/RAPCID_2610_output/backbone_long/RAPCID_backbone_rapcid_backbone_187_model_3.cif.gz,A,B,35,31,10.572,2.936,3.286,4,5,7,20,0.2593,152.22,chain1_E_chain2_F,1,0,0,3,1,3,0,0,0,0,10,14,2,0,1,1,1,1,1,0,0,pass_conserved_motif,0.6554,0,
backbone_long,RAPCID_backbone_rapcid_backbone_187_model_4.cif.gz,/scratch/a2149a01/RAPCID_2610_output/backbone_long/RAPCID_backbone_rapcid_backbone_187_model_4.cif.gz,A,B,35,31,5.44,2.081,3.172,6,5,16,17,0.4848,147.17,chain1_E_chain2_F,1,0,0,3,1,3,0,0,0,0,12,16,1,0,1,1,1,1,1,0,0,pass_conserved_motif,0.72879,0,
backbone_long,RAPCID_backbone_rapcid_backbone_187_model_5.cif.gz,/scratch/a2149a01/RAPCID_2610_output/backbone_long/RAPCID_backbone_rapcid_backbone_187_model_5.cif.gz,A,B,35,31,2.84,3.11,3.258,4,3,15,10,0.6,117.49,chain1_E_chain2_F,1,0,0,2,1,2,0,2,0,0,11,11,1,0,1,1,1,1,1,0,0,pass_conserved_motif,0.57736,0,
backbone_long,RAPCID_backbone_rapcid_backbone_187_model_6.cif.gz,/scratch/a2149a01/RAPCID_2610_output/backbone_long/RAPCID_backbone_rapcid_backbone_187_model_6.cif.gz,A,B,35,31,3.332,2.8,3.021,4,7,16,14,0.5333,130.34,chain1_E_chain2_F,1,0,0,3,1,3,0,1,0,1,11,15,1,1,1,1,1,1,1,1,1,,0.68709,1,249
backbone_long,RAPCID_backbone_rapcid_backbone_187_model_7.cif.gz,/scratch/a2149a01/RAPCID_2610_output/backbone_long/RAPCID_backbone_rapcid_backbone_187_model_7.cif.gz,A,B,35,31,3.493,2.468,3.204,4,8,13,17,0.4333,137.2,chain1_E_chain2_F,1,0,1,3,1,3,0,2,0,0,10,17,1,0,1,1,1,1,1,0,0,pass_conserved_motif,0.68495,0,
backbone_long,RAPCID_backbone_rapcid_backbone_188_model_0.cif.gz,/scratch/a2149a01/RAPCID_2610_output/backbone_long/RAPCID_backbone_rapcid_backbone_188_model_0.cif.gz,B,A,41,40,4.523,3.457,2.327,5,8,19,21,0.475,127.9,chain1_F_chain2_E,0,3,1,0,3,1,0,0,0,0,13,14,1,2,1,1,1,1,1,1,1,,0.66061,1,348
backbone_long,RAPCID_backbone_rapcid_backbone_188_model_1.cif.gz,/scratch/a2149a01/RAPCID_2610_output/backbone_long/RAPCID_backbone_rapcid_backbone_188_model_1.cif.gz,B,A,41,40,4.44,2.931,2.222,5,7,19,14,0.5758,156.22,chain1_F_chain2_E,0,3,2,0,3,2,0,0,0,0,14,14,0,1,1,1,1,1,1,0,0,pass_conserved_motif,0.7633,0,
backbone_long,RAPCID_backbone_rapcid_backbone_188_model_2.cif.gz,/scratch/a2149a01/RAPCID_2610_output/backbone_long/RAPCID_backbone_rapcid_backbone_188_model_2.cif.gz,B,A,41,40,3.118,3.641,2.987,6,4,17,20,0.4595,141.84,chain1_F_chain2_E,0,3,1,0,3,1,0,1,0,0,15,11,0,3,1,1,1,1,1,0,0,pass_conserved_motif,0.70588,0,
backbone_long,RAPCID_backbone_rapcid_backbone_188_model_3.cif.gz,/scratch/a2149a01/RAPCID_2610_output/backbone_long/RAPCID_backbone_rapcid_backbone_188_model_3.cif.gz,B,A,41,40,9.704,3.397,2.843,4,4,13,14,0.4815,146.75,chain1_F_chain2_E,0,2,1,0,2,1,0,0,0,0,13,10,1,1,1,1,1,1,1,1,1,,0.69749,1,209
backbone_long,RAPCID_backbone_rapcid_backbone_188_model_4.cif.gz,/scratch/a2149a01/RAPCID_2610_output/backbone_long/RAPCID_backbone_rapcid_backbone_188_model_4.cif.gz,B,A,41,40,13.767,3.55,3.565,5,3,14,8,0.6364,162.26,chain1_F_chain2_E,0,3,1,0,3,1,0,0,0,0,14,6,0,1,1,1,1,1,1,0,0,pass_conserved_motif,0.70888,0,
backbone_long,RAPCID_backbone_rapcid_backbone_188_model_5.cif.gz,/scratch/a2149a01/RAPCID_2610_output/backbone_long/RAPCID_backbone_rapcid_backbone_188_model_5.cif.gz,B,A,41,40,13.025,3.415,2.972,5,2,16,6,0.7273,148.8,chain1_F_chain2_E,0,3,2,0,3,2,0,0,0,0,13,8,0,1,1,1,1,1,1,0,0,pass_conserved_motif,0.67795,0,
backbone_long,RAPCID_backbone_rapcid_backbone_188_model_6.cif.gz,/scratch/a2149a01/RAPCID_2610_output/backbone_long/RAPCID_backbone_rapcid_backbone_188_model_6.cif.gz,B,A,41,40,8.359,3.766,2.966,5,3,12,6,0.6667,152.77,chain1_F_chain2_E,0,3,1,0,3,1,0,0,0,0,13,10,0,1,1,1,1,1,1,0,0,pass_conserved_motif,0.68685,0,
backbone_long,RAPCID_backbone_rapcid_backbone_188_model_7.cif.gz,/scratch/a2149a01/RAPCID_2610_output/backbone_long/RAPCID_backbone_rapcid_backbone_188_model_7.cif.gz,B,A,41,40,4.299,3.423,3.278,6,3,16,7,0.6957,160.04,chain1_F_chain2_E,0,3,1,0,3,1,0,0,0,0,14,12,0,1,1,1,1,1,1,0,0,pass_conserved_motif,0.69255,0,
backbone_long,RAPCID_backbone_rapcid_backbone_189_model_0.cif.gz,/scratch/a2149a01/RAPCID_2610_output/backbone_long/RAPCID_backbone_rapcid_backbone_189_model_0.cif.gz,B,A,56,47,2.839,3.439,2.964,6,3,14,13,0.5185,105.8,chain1_F_chain2_E,0,3,1,0,3,1,0,12,1,1,12,10,3,1,1,1,1,1,1,1,1,,0.64288,1,400
backbone_long,RAPCID_backbone_rapcid_backbone_189_model_1.cif.gz,/scratch/a2149a01/RAPCID_2610_output/backbone_long/RAPCID_backbone_rapcid_backbone_189_model_1.cif.gz,B,A,56,47,2.592,2.641,2.982,8,2,21,6,0.7778,103.29,chain1_F_chain2_E,1,2,1,0,2,1,0,19,0,0,13,9,0,2,1,1,1,1,1,0,0,pass_conserved_motif,0.43391,0,
backbone_long,RAPCID_backbone_rapcid_backbone_189_model_2.cif.gz,/scratch/a2149a01/RAPCID_2610_output/backbone_long/RAPCID_backbone_rapcid_backbone_189_model_2.cif.gz,B,A,56,47,2.81,2.484,2.462,4,5,20,11,0.6452,125.57,chain1_F_chain2_E,1,2,1,0,2,1,0,11,0,0,10,11,0,1,1,1,1,1,1,0,0,pass_conserved_motif,0.60122,0,
backbone_long,RAPCID_backbone_rapcid_backbone_189_model_3.cif.gz,/scratch/a2149a01/RAPCID_2610_output/backbone_long/RAPCID_backbone_rapcid_backbone_189_model_3.cif.gz,B,A,56,47,2.613,3.038,3.434,8,5,17,11,0.6071,114.97,chain1_F_chain2_E,0,3,1,0,3,1,0,11,0,1,16,10,0,2,1,1,1,1,1,0,0,pass_conserved_motif,0.62632,0,
backbone_long,RAPCID_backbone_rapcid_backbone_189_model_4.cif.gz,/scratch/a2149a01/RAPCID_2610_output/backbone_long/RAPCID_backbone_rapcid_backbone_189_model_4.cif.gz,B,A,56,47,3.085,3.387,3.232,5,4,12,10,0.5455,128.95,chain1_F_chain2_E,0,3,1,0,3,1,0,15,0,0,14,9,0,1,1,1,1,1,1,0,0,pass_conserved_motif,0.66093,0,
backbone_long,RAPCID_backbone_rapcid_backbone_189_model_5.cif.gz,/scratch/a2149a01/RAPCID_2610_output/backbone_long/RAPCID_backbone_rapcid_backbone_189_model_5.cif.gz,B,A,56,47,3.405,2.304,3.01,5,4,19,9,0.6786,114.62,chain1_F_chain2_E,1,2,1,0,2,1,0,5,0,0,10,9,0,1,1,1,1,1,1,0,0,pass_conserved_motif,0.55134,0,
backbone_long,RAPCID_backbone_rapcid_backbone_189_model_6.cif.gz,/scratch/a2149a01/RAPCID_2610_output/backbone_long/RAPCID_backbone_rapcid_backbone_189_model_6.cif.gz,B,A,56,47,3.277,3.105,2.863,7,3,14,10,0.5833,131.02,chain1_F_chain2_E,0,3,1,0,3,1,0,15,0,0,15,7,0,2,1,1,1,1,1,0,0,pass_conserved_motif,0.65268,0,
backbone_long,RAPCID_backbone_rapcid_backbone_189_model_7.cif.gz,/scratch/a2149a01/RAPCID_2610_output/backbone_long/RAPCID_backbone_rapcid_backbone_189_model_7.cif.gz,B,A,56,47,3.415,3.662,3.352,4,4,6,13,0.3158,132.4,chain1_F_chain2_E,0,2,1,0,2,1,0,11,0,1,13,10,0,1,1,1,1,1,1,0,0,pass_conserved_motif,0.62504,0,
backbone_long,RAPCID_backbone_rapcid_backbone_18_model_0.cif.gz,/scratch/a2149a01/RAPCID_2610_output/backbone_long/RAPCID_backbone_rapcid_backbone_18_model_0.cif.gz,B,A,42,37,3.27,3.57,2.349,5,5,17,16,0.5152,152.93,chain1_F_chain2_E,0,3,1,0,3,1,0,3,0,0,14,13,1,1,1,1,1,1,1,1,1,,0.76298,1,42
backbone_long,RAPCID_backbone_rapcid_backbone_18_model_1.cif.gz,/scratch/a2149a01/RAPCID_2610_output/backbone_long/RAPCID_backbone_rapcid_backbone_18_model_1.cif.gz,B,A,42,37,3.645,3.652,2.503,6,5,14,13,0.5185,152.26,chain1_F_chain2_E,0,3,1,0,3,1,0,1,0,0,15,12,0,1,1,1,1,1,1,0,0,pass_conserved_motif,0.74941,0,
backbone_long,RAPCID_backbone_rapcid_backbone_18_model_2.cif.gz,/scratch/a2149a01/RAPCID_2610_output/backbone_long/RAPCID_backbone_rapcid_backbone_18_model_2.cif.gz,B,A,42,37,3.36,2.971,2.769,5,3,13,11,0.5417,125.86,chain1_F_chain2_E,0,3,1,0,3,1,0,8,0,0,12,15,0,1,1,1,1,1,1,0,0,pass_conserved_motif,0.68716,0,
backbone_long,RAPCID_backbone_rapcid_backbone_18_model_3.cif.gz,/scratch/a2149a01/RAPCID_2610_output/backbone_long/RAPCID_backbone_rapcid_backbone_18_model_3.cif.gz,B,A,42,37,5.749,3.017,3.068,6,5,18,11,0.6207,159.36,chain1_F_chain2_E,0,3,1,0,3,1,0,0,0,0,16,10,0,1,1,1,1,1,1,0,0,pass_conserved_motif,0.72479,0,
backbone_long,RAPCID_backbone_rapcid_backbone_18_model_4.cif.gz,/scratch/a2149a01/RAPCID_2610_output/backbone_long/RAPCID_backbone_rapcid_backbone_18_model_4.cif.gz,B,A,42,37,3.143,3.173,2.14,5,7,16,14,0.5333,152.74,chain1_F_chain2_E,0,3,1,0,3,1,0,7,0,0,16,12,0,1,1,1,1,1,1,0,0,pass_conserved_motif,0.77509,0,
backbone_long,RAPCID_backbone_rapcid_backbone_18_model_5.cif.gz,/scratch/a2149a01/RAPCID_2610_output/backbone_long/RAPCID_backbone_rapcid_backbone_18_model_5.cif.gz,B,A,42,37,3.475,3.482,2.364,6,6,20,14,0.5882,157.44,chain1_F_chain2_E,0,3,2,0,3,2,0,2,0,0,15,11,0,1,1,1,1,1,1,0,0,pass_conserved_motif,0.77236,0,
backbone_long,RAPCID_backbone_rapcid_backbone_18_model_6.cif.gz,/scratch/a2149a01/RAPCID_2610_output/backbone_long/RAPCID_backbone_rapcid_backbone_18_model_6.cif.gz,B,A,42,37,3.508,3.691,2.057,6,6,20,13,0.6061,147.44,chain1_F_chain2_E,0,3,1,0,3,1,0,4,0,0,16,12,0,1,1,1,1,1,1,0,0,pass_conserved_motif,0.71331,0,
backbone_long,RAPCID_backbone_rapcid_backbone_18_model_7.cif.gz,/scratch/a2149a01/RAPCID_2610_output/backbone_long/RAPCID_backbone_rapcid_backbone_18_model_7.cif.gz,B,A,42,37,4.728,3.245,3.149,5,4,13,8,0.619,153.57,chain1_F_chain2_E,0,3,1,0,3,1,0,0,0,0,14,9,0,1,1,1,1,1,1,0,0,pass_conserved_motif,0.70857,0,
backbone_long,RAPCID_backbone_rapcid_backbone_190_model_0.cif.gz,/scratch/a2149a01/RAPCID_2610_output/backbone_long/RAPCID_backbone_rapcid_backbone_190_model_0.cif.gz,B,A,52,34,2.629,2.868,2.587,6,5,17,16,0.5152,122.95,chain1_F_chain2_E,1,3,1,0,3,1,0,9,0,1,12,9,0,2,1,1,1,1,1,0,0,pass_conserved_motif,0.69972,0,
backbone_long,RAPCID_backbone_rapcid_backbone_190_model_1.cif.gz,/scratch/a2149a01/RAPCID_2610_output/backbone_long/RAPCID_backbone_rapcid_backbone_190_model_1.cif.gz,B,A,52,34,3.573,3.613,2.674,5,3,9,9,0.5,124.56,chain1_F_chain2_E,0,3,1,0,3,1,0,3,0,0,11,11,0,2,1,1,1,1,1,0,0,pass_conserved_motif,0.67448,0,
backbone_long,RAPCID_backbone_rapcid_backbone_190_model_2.cif.gz,/scratch/a2149a01/RAPCID_2610_output/backbone_long/RAPCID_backbone_rapcid_backbone_190_model_2.cif.gz,B,A,52,34,3.469,3.04,2.604,7,5,21,15,0.5833,123.49,chain1_F_chain2_E,1,2,2,0,2,2,1,12,1,1,12,9,0,1,1,1,1,1,1,0,0,pass_conserved_motif,0.7045,0,
backbone_long,RAPCID_backbone_rapcid_backbone_190_model_3.cif.gz,/scratch/a2149a01/RAPCID_2610_output/backbone_long/RAPCID_backbone_rapcid_backbone_190_model_3.cif.gz,B,A,52,34,2.856,3.523,3.142,5,4,15,8,0.6522,132.48,chain1_F_chain2_E,0,3,1,0,3,1,0,6,0,0,11,9,0,1,1,1,1,1,1,0,0,pass_conserved_motif,0.655,0,
backbone_long,RAPCID_backbone_rapcid_backbone_190_model_4.cif.gz,/scratch/a2149a01/RAPCID_2610_output/backbone_long/RAPCID_backbone_rapcid_backbone_190_model_4.cif.gz,B,A,52,34,3.375,3.591,2.672,7,6,13,16,0.4483,128.55,chain1_F_chain2_E,1,3,2,0,3,2,0,9,0,0,16,10,0,1,1,1,1,1,1,0,0,pass_conserved_motif,0.71566,0,
backbone_long,RAPCID_backbone_rapcid_backbone_190_model_5.cif.gz,/scratch/a2149a01/RAPCID_2610_output/backbone_long/RAPCID_backbone_rapcid_backbone_190_model_5.cif.gz,B,A,52,34,3.002,3.69,2.568,6,4,9,16,0.36,119.62,chain1_F_chain2_E,1,2,1,0,2,1,0,12,1,1,15,11,0,1,1,1,1,1,1,0,0,pass_conserved_motif,0.6118,0,
backbone_long,RAPCID_backbone_rapcid_backbone_190_model_6.cif.gz,/scratch/a2149a01/RAPCID_2610_output/backbone_long/RAPCID_backbone_rapcid_backbone_190_model_6.cif.gz,B,A,52,34,2.772,2.461,2.915,3,4,10,8,0.5556,133.69,chain1_F_chain2_E,0,2,1,0,2,1,0,7,0,0,9,9,1,1,1,1,1,1,1,1,1,,0.67412,1,292
backbone_long,RAPCID_backbone_rapcid_backbone_190_model_7.cif.gz,/scratch/a2149a01/RAPCID_2610_output/backbone_long/RAPCID_backbone_rapcid_backbone_190_model_7.cif.gz,B,A,52,34,2.767,3.087,2.161,6,5,19,21,0.475,108.15,chain1_F_chain2_E,1,3,1,0,3,1,0,19,1,1,12,9,0,3,1,1,1,1,1,0,0,pass_conserved_motif,0.61313,0,
backbone_long,RAPCID_backbone_rapcid_backbone_191_model_0.cif.gz,/scratch/a2149a01/RAPCID_2610_output/backbone_long/RAPCID_backbone_rapcid_backbone_191_model_0.cif.gz,A,B,42,28,11.648,3.197,3.528,4,5,6,19,0.24,155.98,chain1_E_chain2_F,1,0,0,3,1,3,0,0,0,0,10,15,1,1,1,1,1,1,1,1,1,,0.66023,1,349
backbone_long,RAPCID_backbone_rapcid_backbone_191_model_1.cif.gz,/scratch/a2149a01/RAPCID_2610_output/backbone_long/RAPCID_backbone_rapcid_backbone_191_model_1.cif.gz,A,B,42,28,12.811,3.046,3.519,2,6,6,21,0.2222,160.77,chain1_E_chain2_F,2,0,0,3,2,3,0,0,0,0,8,15,1,0,1,1,1,1,1,0,0,pass_conserved_motif,0.68584,0,
backbone_long,RAPCID_backbone_rapcid_backbone_191_model_2.cif.gz,/scratch/a2149a01/RAPCID_2610_output/backbone_long/RAPCID_backbone_rapcid_backbone_191_model_2.cif.gz,A,B,42,28,11.334,2.99,3.033,2,5,3,22,0.12,167.0,chain1_E_chain2_F,1,0,0,3,1,3,0,0,0,0,8,15,2,0,1,0,1,1,1,0,0,pass_dual_rap_contact;pass_conserved_motif,0.59563,0,
backbone_long,RAPCID_backbone_rapcid_backbone_191_model_3.cif.gz,/scratch/a2149a01/RAPCID_2610_output/backbone_long/RAPCID_backbone_rapcid_backbone_191_model_3.cif.gz,A,B,42,28,10.824,2.901,3.532,2,5,8,13,0.381,150.6,chain1_E_chain2_F,2,0,0,3,2,3,0,0,0,0,8,14,1,0,1,1,1,1,1,0,0,pass_conserved_motif,0.72723,0,
backbone_long,RAPCID_backbone_rapcid_backbone_191_model_4.cif.gz,/scratch/a2149a01/RAPCID_2610_output/backbone_long/RAPCID_backbone_rapcid_backbone_191_model_4.cif.gz,A,B,42,28,11.44,3.021,3.228,4,5,9,13,0.4091,168.18,chain1_E_chain2_F,1,0,0,3,1,3,0,0,0,0,10,15,1,0,1,1,1,1,1,0,0,pass_conserved_motif,0.70732,0,
backbone_long,RAPCID_backbone_rapcid_backbone_191_model_5.cif.gz,/scratch/a2149a01/RAPCID_2610_output/backbone_long/RAPCID_backbone_rapcid_backbone_191_model_5.cif.gz,A,B,42,28,3.091,2.331,3.182,4,5,13,17,0.4333,168.35,chain1_E_chain2_F,1,0,0,3,1,3,0,4,0,0,10,15,4,0,1,1,1,1,1,0,0,pass_conserved_motif,0.73645,0,
backbone_long,RAPCID_backbone_rapcid_backbone_191_model_6.cif.gz,/scratch/a2149a01/RAPCID_2610_output/backbone_long/RAPCID_backbone_rapcid_backbone_191_model_6.cif.gz,A,B,42,28,8.114,3.307,3.505,3,4,7,14,0.3333,163.47,chain1_E_chain2_F,1,0,0,2,1,2,0,0,0,0,9,15,1,1,1,1,1,1,1,1,1,,0.66416,1,329
backbone_long,RAPCID_backbone_rapcid_backbone_191_model_7.cif.gz,/scratch/a2149a01/RAPCID_2610_output/backbone_long/RAPCID_backbone_rapcid_backbone_191_model_7.cif.gz,A,B,42,28,8.907,2.899,3.291,3,5,8,16,0.3333,160.27,chain1_E_chain2_F,2,0,0,3,2,3,1,0,0,0,7,15,1,0,1,1,1,1,1,0,0,pass_conserved_motif,0.76051,0,
backbone_long,RAPCID_backbone_rapcid_backbone_192_model_0.cif.gz,/scratch/a2149a01/RAPCID_2610_output/backbone_long/RAPCID_backbone_rapcid_backbone_192_model_0.cif.gz,A,B,51,25,7.545,3.217,3.302,4,6,11,21,0.3438,145.65,chain1_E_chain2_F,2,0,0,3,2,3,0,0,0,0,11,16,1,0,1,1,1,1,1,0,0,pass_conserved_motif,0.69586,0,
backbone_long,RAPCID_backbone_rapcid_backbone_192_model_1.cif.gz,/scratch/a2149a01/RAPCID_2610_output/backbone_long/RAPCID_backbone_rapcid_backbone_192_model_1.cif.gz,A,B,51,25,8.068,3.05,3.376,3,6,9,19,0.3214,138.34,chain1_E_chain2_F,1,0,0,3,1,3,0,0,0,0,9,16,2,0,1,1,1,1,1,0,0,pass_conserved_motif,0.634,0,
backbone_long,RAPCID_backbone_rapcid_backbone_192_model_2.cif.gz,/scratch/a2149a01/RAPCID_2610_output/backbone_long/RAPCID_backbone_rapcid_backbone_192_model_2.cif.gz,A,B,51,25,9.261,2.559,3.219,4,6,13,23,0.3611,156.14,chain1_E_chain2_F,1,0,0,3,1,3,0,0,0,0,13,16,1,0,1,1,1,1,1,0,0,pass_conserved_motif,0.70918,0,
backbone_long,RAPCID_backbone_rapcid_backbone_192_model_3.cif.gz,/scratch/a2149a01/RAPCID_2610_output/backbone_long/RAPCID_backbone_rapcid_backbone_192_model_3.cif.gz,A,B,51,25,8.53,3.067,3.572,4,6,13,20,0.3939,143.45,chain1_E_chain2_F,2,0,0,3,2,3,0,0,0,0,10,16,1,0,1,1,1,1,1,0,0,pass_conserved_motif,0.70858,0,
backbone_long,RAPCID_backbone_rapcid_backbone_192_model_4.cif.gz,/scratch/a2149a01/RAPCID_2610_output/backbone_long/RAPCID_backbone_rapcid_backbone_192_model_4.cif.gz,A,B,51,25,8.754,3.24,3.51,3,5,11,17,0.3929,161.25,chain1_E_chain2_F,1,0,0,3,1,3,0,0,0,0,10,16,1,0,1,1,1,1,1,0,0,pass_conserved_motif,0.72395,0,
backbone_long,RAPCID_backbone_rapcid_backbone_192_model_5.cif.gz,/scratch/a2149a01/RAPCID_2610_output/backbone_long/RAPCID_backbone_rapcid_backbone_192_model_5.cif.gz,A,B,51,25,9.875,2.904,3.493,3,5,5,19,0.2083,154.44,chain1_E_chain2_F,1,0,0,3,1,3,0,0,0,0,8,15,1,0,1,1,1,1,1,0,0,pass_conserved_motif,0.64241,0,
backbone_long,RAPCID_backbone_rapcid_backbone_192_model_6.cif.gz,/scratch/a2149a01/RAPCID_2610_output/backbone_long/RAPCID_backbone_rapcid_backbone_192_model_6.cif.gz,A,B,51,25,10.203,2.917,3.317,3,6,9,15,0.375,178.19,chain1_E_chain2_F,2,0,0,3,2,3,1,0,0,0,11,15,1,1,1,1,1,1,1,1,1,,0.71746,1,144
backbone_long,RAPCID_backbone_rapcid_backbone_192_model_7.cif.gz,/scratch/a2149a01/RAPCID_2610_output/backbone_long/RAPCID_backbone_rapcid_backbone_192_model_7.cif.gz,A,B,51,25,12.19,3.191,3.448,3,5,9,12,0.4286,153.03,chain1_E_chain2_F,1,0,0,3,1,3,0,0,0,0,9,15,1,0,1,1,1,1,1,0,0,pass_conserved_motif,0.72581,0,
backbone_long,RAPCID_backbone_rapcid_backbone_193_model_0.cif.gz,/scratch/a2149a01/RAPCID_2610_output/backbone_long/RAPCID_backbone_rapcid_backbone_193_model_0.cif.gz,B,A,49,47,7.79,3.006,3.505,7,3,24,5,0.8276,139.65,chain1_F_chain2_E,0,2,2,0,2,2,1,0,0,0,18,8,0,1,1,1,1,1,1,0,0,pass_conserved_motif,0.60732,0,
backbone_long,RAPCID_backbone_rapcid_backbone_193_model_1.cif.gz,/scratch/a2149a01/RAPCID_2610_output/backbone_long/RAPCID_backbone_rapcid_backbone_193_model_1.cif.gz,B,A,49,47,2.833,3.002,2.133,6,5,19,10,0.6552,112.27,chain1_F_chain2_E,0,3,2,0,3,2,0,25,1,2,14,9,1,1,1,1,1,1,1,1,1,,0.59003,1,525
backbone_long,RAPCID_backbone_rapcid_backbone_193_model_2.cif.gz,/scratch/a2149a01/RAPCID_2610_output/backbone_long/RAPCID_backbone_rapcid_backbone_193_model_2.cif.gz,B,A,49,47,2.914,3.351,3.61,8,4,23,14,0.6216,169.47,chain1_F_chain2_E,0,3,1,0,3,1,1,2,1,0,16,9,0,1,1,1,1,1,1,0,0,pass_conserved_motif,0.74596,0,
backbone_long,RAPCID_backbone_rapcid_backbone_193_model_3.cif.gz,/scratch/a2149a01/RAPCID_2610_output/backbone_long/RAPCID_backbone_rapcid_backbone_193_model_3.cif.gz,B,A,49,47,2.75,2.775,3.003,5,6,12,14,0.4615,127.19,chain1_F_chain2_E,0,2,2,0,2,2,0,15,0,1,16,15,0,1,1,1,1,1,1,0,0,pass_conserved_motif,0.67454,0,
backbone_long,RAPCID_backbone_rapcid_backbone_193_model_4.cif.gz,/scratch/a2149a01/RAPCID_2610_output/backbone_long/RAPCID_backbone_rapcid_backbone_193_model_4.cif.gz,B,A,49,47,3.503,3.285,2.985,10,4,31,10,0.7561,149.79,chain1_F_chain2_E,1,3,1,0,3,1,0,7,1,0,21,9,0,1,1,1,1,1,1,0,0,pass_conserved_motif,0.69282,0,
backbone_long,RAPCID_backbone_rapcid_backbone_193_model_5.cif.gz,/scratch/a2149a01/RAPCID_2610_output/backbone_long/RAPCID_backbone_rapcid_backbone_193_model_5.cif.gz,B,A,49,47,2.918,3.298,3.253,5,5,12,9,0.5714,126.5,chain1_F_chain2_E,0,2,1,0,2,1,0,7,0,0,9,13,0,1,1,1,1,1,1,0,0,pass_conserved_motif,0.64382,0,
backbone_long,RAPCID_backbone_rapcid_backbone_193_model_6.cif.gz,/scratch/a2149a01/RAPCID_2610_output/backbone_long/RAPCID_backbone_rapcid_backbone_193_model_6.cif.gz,B,A,49,47,2.699,3.347,3.46,7,4,21,10,0.6774,127.43,chain1_F_chain2_E,2,2,1,0,2,1,1,4,1,0,17,9,0,1,1,1,1,1,1,0,0,pass_conserved_motif,0.63474,0,
backbone_long,RAPCID_backbone_rapcid_backbone_193_model_7.cif.gz,/scratch/a2149a01/RAPCID_2610_output/backbone_long/RAPCID_backbone_rapcid_backbone_193_model_7.cif.gz,B,A,49,47,3.72,3.196,2.648,8,6,27,15,0.6429,158.49,chain1_F_chain2_E,0,2,1,0,2,1,1,1,0,1,17,13,0,1,1,1,1,1,1,0,0,pass_conserved_motif,0.73709,0,
backbone_long,RAPCID_backbone_rapcid_backbone_194_model_0.cif.gz,/scratch/a2149a01/RAPCID_2610_output/backbone_long/RAPCID_backbone_rapcid_backbone_194_model_0.cif.gz,B,A,50,30,3.238,3.288,3.041,6,3,18,9,0.6667,115.07,chain1_F_chain2_E,0,2,1,0,2,1,0,4,2,0,11,9,0,1,1,1,1,1,1,0,0,pass_conserved_motif,0.58594,0,
backbone_long,RAPCID_backbone_rapcid_backbone_194_model_1.cif.gz,/scratch/a2149a01/RAPCID_2610_output/backbone_long/RAPCID_backbone_rapcid_backbone_194_model_1.cif.gz,B,A,50,30,3.371,2.677,2.257,5,6,19,15,0.5588,108.61,chain1_F_chain2_E,1,2,1,0,2,1,0,6,0,0,9,10,0,1,1,1,1,1,1,0,0,pass_conserved_motif,0.58423,0,
backbone_long,RAPCID_backbone_rapcid_backbone_194_model_2.cif.gz,/scratch/a2149a01/RAPCID_2610_output/backbone_long/RAPCID_backbone_rapcid_backbone_194_model_2.cif.gz,B,A,50,30,2.584,3.038,2.69,4,5,15,13,0.5357,97.83,chain1_F_chain2_E,1,2,1,0,2,1,0,13,0,1,10,10,1,1,1,1,1,1,1,1,1,,0.55919,1,583
backbone_long,RAPCID_backbone_rapcid_backbone_194_model_3.cif.gz,/scratch/a2149a01/RAPCID_2610_output/backbone_long/RAPCID_backbone_rapcid_backbone_194_model_3.cif.gz,B,A,50,30,3.202,3.484,2.924,4,3,8,6,0.5714,127.58,chain1_F_chain2_E,0,2,1,0,2,1,0,4,0,1,9,8,0,1,1,1,1,1,1,0,0,pass_conserved_motif,0.64909,0,
backbone_long,RAPCID_backbone_rapcid_backbone_194_model_4.cif.gz,/scratch/a2149a01/RAPCID_2610_output/backbone_long/RAPCID_backbone_rapcid_backbone_194_model_4.cif.gz,B,A,50,30,3.14,2.702,2.683,5,5,16,12,0.5714,111.93,chain1_F_chain2_E,1,2,1,0,2,1,0,15,0,1,11,16,0,1,1,1,1,1,1,0,0,pass_conserved_motif,0.58192,0,
backbone_long,RAPCID_backbone_rapcid_backbone_194_model_5.cif.gz,/scratch/a2149a01/RAPCID_2610_output/backbone_long/RAPCID_backbone_rapcid_backbone_194_model_5.cif.gz,B,A,50,30,4.079,2.997,3.036,3,3,13,11,0.5417,114.01,chain1_F_chain2_E,1,2,2,0,2,2,0,0,0,0,9,11,0,1,1,1,1,1,1,0,0,pass_conserved_motif,0.60764,0,
backbone_long,RAPCID_backbone_rapcid_backbone_194_model_6.cif.gz,/scratch/a2149a01/RAPCID_2610_output/backbone_long/RAPCID_backbone_rapcid_backbone_194_model_6.cif.gz,B,A,50,30,6.692,3.234,2.891,5,5,11,11,0.5,136.7,chain1_F_chain2_E,0,2,1,0,2,1,0,0,0,0,12,10,0,1,1,1,1,1,1,0,0,pass_conserved_motif,0.67138,0,
backbone_long,RAPCID_backbone_rapcid_backbone_194_model_7.cif.gz,/scratch/a2149a01/RAPCID_2610_output/backbone_long/RAPCID_backbone_rapcid_backbone_194_model_7.cif.gz,B,A,50,30,5.214,3.703,3.28,5,3,10,9,0.5263,152.6,chain1_F_chain2_E,0,2,1,0,2,1,1,0,0,0,12,9,0,1,1,1,1,1,1,0,0,pass_conserved_motif,0.74242,0,
backbone_long,RAPCID_backbone_rapcid_backbone_195_model_0.cif.gz,/scratch/a2149a01/RAPCID_2610_output/backbone_long/RAPCID_backbone_rapcid_backbone_195_model_0.cif.gz,B,A,41,39,11.305,3.501,3.074,7,2,19,5,0.7917,147.96,chain1_F_chain2_E,0,3,2,0,3,2,0,0,0,0,18,8,0,1,1,1,1,1,1,0,0,pass_conserved_motif,0.64939,0,
backbone_long,RAPCID_backbone_rapcid_backbone_195_model_1.cif.gz,/scratch/a2149a01/RAPCID_2610_output/backbone_long/RAPCID_backbone_rapcid_backbone_195_model_1.cif.gz,B,A,41,39,7.99,3.666,2.898,5,5,14,10,0.5833,159.27,chain1_F_chain2_E,0,3,2,0,3,2,0,0,0,0,15,15,0,1,1,1,1,1,1,0,0,pass_conserved_motif,0.76864,0,
backbone_long,RAPCID_backbone_rapcid_backbone_195_model_2.cif.gz,/scratch/a2149a01/RAPCID_2610_output/backbone_long/RAPCID_backbone_rapcid_backbone_195_model_2.cif.gz,B,A,41,39,3.492,2.862,2.932,5,6,19,15,0.5588,155.35,chain1_F_chain2_E,0,3,1,0,3,1,0,1,0,0,16,11,0,2,1,1,1,1,1,0,0,pass_conserved_motif,0.74359,0,
backbone_long,RAPCID_backbone_rapcid_backbone_195_model_3.cif.gz,/scratch/a2149a01/RAPCID_2610_output/backbone_long/RAPCID_backbone_rapcid_backbone_195_model_3.cif.gz,B,A,41,39,8.2,3.27,3.764,6,4,15,6,0.7143,173.97,chain1_F_chain2_E,0,3,1,0,3,1,0,0,0,0,16,8,1,2,1,1,1,1,1,1,1,,0.63866,1,410
backbone_long,RAPCID_backbone_rapcid_backbone_195_model_4.cif.gz,/scratch/a2149a01/RAPCID_2610_output/backbone_long/RAPCID_backbone_rapcid_backbone_195_model_4.cif.gz,B,A,41,39,3.994,3.33,3.006,6,3,15,9,0.625,159.83,chain1_F_chain2_E,0,3,1,0,3,1,0,1,0,0,17,9,0,1,1,1,1,1,1,0,0,pass_conserved_motif,0.72653,0,
backbone_long,RAPCID_backbone_rapcid_backbone_195_model_5.cif.gz,/scratch/a2149a01/RAPCID_2610_output/backbone_long/RAPCID_backbone_rapcid_backbone_195_model_5.cif.gz,B,A,41,39,7.902,3.189,2.685,4,4,16,12,0.5714,164.43,chain1_F_chain2_E,0,2,1,0,2,1,0,0,0,0,15,10,0,1,1,1,1,1,1,0,0,pass_conserved_motif,0.69904,0,
backbone_long,RAPCID_backbone_rapcid_backbone_195_model_6.cif.gz,/scratch/a2149a01/RAPCID_2610_output/backbone_long/RAPCID_backbone_rapcid_backbone_195_model_6.cif.gz,B,A,41,39,13.727,3.445,2.906,5,2,15,5,0.75,168.89,chain1_F_chain2_E,0,3,1,0,3,1,0,0,0,0,16,10,0,1,1,1,1,1,1,0,0,pass_conserved_motif,0.64133,0,
backbone_long,RAPCID_backbone_rapcid_backbone_195_model_7.cif.gz,/scratch/a2149a01/RAPCID_2610_output/backbone_long/RAPCID_backbone_rapcid_backbone_195_model_7.cif.gz,B,A,41,39,2.586,3.273,2.103,6,7,26,19,0.5778,139.47,chain1_F_chain2_E,0,3,1,0,3,1,0,5,0,0,16,12,0,1,1,1,1,1,1,0,0,pass_conserved_motif,0.70306,0,
backbone_long,RAPCID_backbone_rapcid_backbone_196_model_0.cif.gz,/scratch/a2149a01/RAPCID_2610_output/backbone_long/RAPCID_backbone_rapcid_backbone_196_model_0.cif.gz,B,A,48,39,2.5,2.031,2.934,5,4,17,8,0.68,104.18,chain1_F_chain2_E,1,2,2,0,2,2,0,2,1,0,8,9,1,1,1,1,1,1,1,1,1,,0.54621,1,595
backbone_long,RAPCID_backbone_rapcid_backbone_196_model_1.cif.gz,/scratch/a2149a01/RAPCID_2610_output/backbone_long/RAPCID_backbone_rapcid_backbone_196_model_1.cif.gz,B,A,48,39,3.132,3.131,3.094,8,5,16,14,0.5333,127.61,chain1_F_chain2_E,1,3,1,0,3,1,0,6,0,0,14,12,0,2,1,1,1,1,1,0,0,pass_conserved_motif,0.68632,0,
backbone_long,RAPCID_backbone_rapcid_backbone_196_model_2.cif.gz,/scratch/a2149a01/RAPCID_2610_output/backbone_long/RAPCID_backbone_rapcid_backbone_196_model_2.cif.gz,B,A,48,39,3.194,3.284,3.077,4,5,13,13,0.5,130.41,chain1_F_chain2_E,0,2,2,0,2,2,0,8,0,0,11,11,0,1,1,1,1,1,1,0,0,pass_conserved_motif,0.71899,0,
backbone_long,RAPCID_backbone_rapcid_backbone_196_model_3.cif.gz,/scratch/a2149a01/RAPCID_2610_output/backbone_long/RAPCID_backbone_rapcid_backbone_196_model_3.cif.gz,B,A,48,39,2.656,3.571,2.631,4,6,11,19,0.3667,119.68,chain1_F_chain2_E,0,3,1,0,3,1,0,13,0,1,11,12,0,1,1,1,1,1,1,0,0,pass_conserved_motif,0.62156,0,
backbone_long,RAPCID_backbone_rapcid_backbone_196_model_4.cif.gz,/scratch/a2149a01/RAPCID_2610_output/backbone_long/RAPCID_backbone_rapcid_backbone_196_model_4.cif.gz,B,A,48,39,3.182,2.998,2.084,10,4,30,12,0.7143,120.9,chain1_F_chain2_E,1,3,2,0,3,2,0,14,3,1,18,12,0,1,1,1,1,1,1,0,0,pass_conserved_motif,0.66682,0,
backbone_long,RAPCID_backbone_rapcid_backbone_196_model_5.cif.gz,/scratch/a2149a01/RAPCID_2610_output/backbone_long/RAPCID_backbone_rapcid_backbone_196_model_5.cif.gz,B,A,48,39,2.923,3.107,2.745,8,6,19,16,0.5429,113.45,chain1_F_chain2_E,1,3,1,0,3,1,0,15,0,0,13,11,0,1,1,1,1,1,1,0,0,pass_conserved_motif,0.61032,0,
backbone_long,RAPCID_backbone_rapcid_backbone_196_model_6.cif.gz,/scratch/a2149a01/RAPCID_2610_output/backbone_long/RAPCID_backbone_rapcid_backbone_196_model_6.cif.gz,B,A,48,39,2.728,3.397,3.493,8,6,17,7,0.7083,138.27,chain1_F_chain2_E,0,3,1,0,3,1,0,11,0,0,14,12,1,2,1,1,1,1,1,1,1,,0.64685,1,388
backbone_long,RAPCID_backbone_rapcid_backbone_196_model_7.cif.gz,/scratch/a2149a01/RAPCID_2610_output/backbone_long/RAPCID_backbone_rapcid_backbone_196_model_7.cif.gz,B,A,48,39,3.331,3.519,2.992,5,4,12,9,0.5714,117.22,chain1_F_chain2_E,0,1,1,0,1,1,0,7,0,0,12,10,0,1,1,1,1,1,1,0,0,pass_conserved_motif,0.5843,0,
backbone_long,RAPCID_backbone_rapcid_backbone_197_model_0.cif.gz,/scratch/a2149a01/RAPCID_2610_output/backbone_long/RAPCID_backbone_rapcid_backbone_197_model_0.cif.gz,B,A,60,54,3.212,2.726,3.055,8,3,18,6,0.75,114.68,chain1_F_chain2_E,0,3,1,0,3,1,0,8,0,0,15,9,1,1,1,1,1,1,1,1,1,,0.56655,1,576
backbone_long,RAPCID_backbone_rapcid_backbone_197_model_1.cif.gz,/scratch/a2149a01/RAPCID_2610_output/backbone_long/RAPCID_backbone_rapcid_backbone_197_model_1.cif.gz,B,A,60,54,3.258,2.54,2.946,5,4,14,13,0.5185,123.77,chain1_F_chain2_E,0,2,1,0,2,1,0,11,0,1,10,9,1,1,1,1,1,1,1,1,1,,0.66255,1,336
backbone_long,RAPCID_backbone_rapcid_backbone_197_model_2.cif.gz,/scratch/a2149a01/RAPCID_2610_output/backbone_long/RAPCID_backbone_rapcid_backbone_197_model_2.cif.gz,B,A,60,54,2.332,2.81,2.966,6,3,23,9,0.7188,99.5,chain1_F_chain2_E,1,2,1,0,2,1,0,21,2,1,8,9,2,1,1,1,1,1,1,1,1,,0.48487,1,686
backbone_long,RAPCID_backbone_rapcid_backbone_197_model_3.cif.gz,/scratch/a2149a01/RAPCID_2610_output/backbone_long/RAPCID_backbone_rapcid_backbone_197_model_3.cif.gz,B,A,60,54,2.577,2.364,2.948,4,2,18,7,0.72,131.68,chain1_F_chain2_E,1,2,1,0,2,1,0,22,0,0,9,8,2,1,1,1,1,1,1,1,1,,0.53664,1,606
backbone_long,RAPCID_backbone_rapcid_backbone_197_model_4.cif.gz,/scratch/a2149a01/RAPCID_2610_output/backbone_long/RAPCID_backbone_rapcid_backbone_197_model_4.cif.gz,B,A,60,54,3.053,3.498,1.927,5,3,16,17,0.4848,125.43,chain1_F_chain2_E,0,2,1,0,2,1,0,9,0,0,8,12,0,2,0,1,1,1,1,0,0,pass_no_clash;pass_conserved_motif,0.66276,0,
backbone_long,RAPCID_backbone_rapcid_backbone_197_model_5.cif.gz,/scratch/a2149a01/RAPCID_2610_output/backbone_long/RAPCID_backbone_rapcid_backbone_197_model_5.cif.gz,B,A,60,54,2.977,2.958,2.66,6,3,19,8,0.7037,142.43,chain1_F_chain2_E,1,3,1,0,3,1,0,11,0,1,13,8,1,1,1,1,1,1,1,1,1,,0.67924,1,273
backbone_long,RAPCID_backbone_rapcid_backbone_197_model_6.cif.gz,/scratch/a2149a01/RAPCID_2610_output/backbone_long/RAPCID_backbone_rapcid_backbone_197_model_6.cif.gz,B,A,60,54,2.676,2.042,2.396,5,4,19,12,0.6129,115.52,chain1_F_chain2_E,0,2,1,0,2,1,0,12,1,1,9,11,0,1,1,1,1,1,1,0,0,pass_conserved_motif,0.60895,0,
backbone_long,RAPCID_backbone_rapcid_backbone_197_model_7.cif.gz,/scratch/a2149a01/RAPCID_2610_output/backbone_long/RAPCID_backbone_rapcid_backbone_197_model_7.cif.gz,B,A,60,54,2.784,3.053,2.919,5,4,18,16,0.5294,118.6,chain1_F_chain2_E,1,2,1,0,2,1,0,24,0,1,12,12,1,3,1,1,1,1,1,1,1,,0.57594,1,558
backbone_long,RAPCID_backbone_rapcid_backbone_198_model_0.cif.gz,/scratch/a2149a01/RAPCID_2610_output/backbone_long/RAPCID_backbone_rapcid_backbone_198_model_0.cif.gz,A,B,49,39,8.116,2.858,3.583,4,6,10,14,0.4167,162.93,chain1_E_chain2_F,1,0,0,3,1,3,0,0,0,0,10,16,2,0,1,1,1,1,1,0,0,pass_conserved_motif,0.72784,0,
backbone_long,RAPCID_backbone_rapcid_backbone_198_model_1.cif.gz,/scratch/a2149a01/RAPCID_2610_output/backbone_long/RAPCID_backbone_rapcid_backbone_198_model_1.cif.gz,A,B,49,39,13.426,2.91,3.347,3,4,9,15,0.375,140.6,chain1_E_chain2_F,2,0,0,2,2,2,0,0,0,0,8,16,1,0,1,1,1,1,1,0,0,pass_conserved_motif,0.66295,0,
backbone_long,RAPCID_backbone_rapcid_backbone_198_model_2.cif.gz,/scratch/a2149a01/RAPCID_2610_output/backbone_long/RAPCID_backbone_rapcid_backbone_198_model_2.cif.gz,A,B,49,39,9.26,3.095,3.499,3,5,9,14,0.3913,142.37,chain1_E_chain2_F,1,0,0,3,1,3,0,0,0,0,9,14,2,0,1,1,1,1,1,0,0,pass_conserved_motif,0.67536,0,
backbone_long,RAPCID_backbone_rapcid_backbone_198_model_3.cif.gz,/scratch/a2149a01/RAPCID_2610_output/backbone_long/RAPCID_backbone_rapcid_backbone_198_model_3.cif.gz,A,B,49,39,12.906,3.049,3.524,2,6,3,16,0.1579,178.26,chain1_E_chain2_F,1,0,0,3,1,3,0,0,0,0,7,16,1,0,1,0,1,1,1,0,0,pass_dual_rap_contact;pass_conserved_motif,0.57325,0,
backbone_long,RAPCID_backbone_rapcid_backbone_198_model_4.cif.gz,/scratch/a2149a01/RAPCID_2610_output/backbone_long/RAPCID_backbone_rapcid_backbone_198_model_4.cif.gz,A,B,49,39,9.635,2.764,3.507,4,5,9,18,0.3333,161.13,chain1_E_chain2_F,1,0,0,3,1,3,0,0,0,0,12,16,1,0,1,1,1,1,1,0,0,pass_conserved_motif,0.70052,0,
backbone_long,RAPCID_backbone_rapcid_backbone_198_model_5.cif.gz,/scratch/a2149a01/RAPCID_2610_output/backbone_long/RAPCID_backbone_rapcid_backbone_198_model_5.cif.gz,A,B,49,39,11.093,2.988,3.236,3,5,7,16,0.3043,148.07,chain1_E_chain2_F,2,0,0,3,2,3,0,0,0,0,8,16,1,0,1,1,1,1,1,0,0,pass_conserved_motif,0.68817,0,
backbone_long,RAPCID_backbone_rapcid_backbone_198_model_6.cif.gz,/scratch/a2149a01/RAPCID_2610_output/backbone_long/RAPCID_backbone_rapcid_backbone_198_model_6.cif.gz,A,B,49,39,3.439,2.616,3.197,4,5,10,19,0.3448,148.52,chain1_E_chain2_F,2,0,0,3,2,3,0,2,0,0,8,15,1,0,1,1,1,1,1,0,0,pass_conserved_motif,0.71586,0,
backbone_long,RAPCID_backbone_rapcid_backbone_198_model_7.cif.gz,/scratch/a2149a01/RAPCID_2610_output/backbone_long/RAPCID_backbone_rapcid_backbone_198_model_7.cif.gz,A,B,49,39,10.56,3.223,3.569,2,5,6,15,0.2857,166.38,chain1_E_chain2_F,1,0,0,3,1,3,0,0,0,0,7,14,1,0,1,1,1,1,1,0,0,pass_conserved_motif,0.66396,0,
backbone_long,RAPCID_backbone_rapcid_backbone_199_model_0.cif.gz,/scratch/a2149a01/RAPCID_2610_output/backbone_long/RAPCID_backbone_rapcid_backbone_199_model_0.cif.gz,A,B,49,43,2.968,2.857,3.79,6,3,16,10,0.6154,129.42,chain1_E_chain2_F,2,0,0,2,2,2,0,7,0,0,13,7,1,0,1,1,1,1,1,0,0,pass_conserved_motif,0.66454,0,
backbone_long,RAPCID_backbone_rapcid_backbone_199_model_1.cif.gz,/scratch/a2149a01/RAPCID_2610_output/backbone_long/RAPCID_backbone_rapcid_backbone_199_model_1.cif.gz,A,B,49,43,10.001,2.984,3.453,3,5,8,18,0.3077,160.18,chain1_E_chain2_F,1,0,0,3,1,3,0,0,0,0,10,16,1,1,1,1,1,1,1,1,1,,0.69342,1,228
backbone_long,RAPCID_backbone_rapcid_backbone_199_model_2.cif.gz,/scratch/a2149a01/RAPCID_2610_output/backbone_long/RAPCID_backbone_rapcid_backbone_199_model_2.cif.gz,A,B,49,43,5.161,3.219,3.299,3,7,11,21,0.3438,149.73,chain1_E_chain2_F,1,0,0,3,1,3,0,0,0,0,9,16,1,0,1,1,1,1,1,0,0,pass_conserved_motif,0.68088,0,
backbone_long,RAPCID_backbone_rapcid_backbone_199_model_3.cif.gz,/scratch/a2149a01/RAPCID_2610_output/backbone_long/RAPCID_backbone_rapcid_backbone_199_model_3.cif.gz,A,B,49,43,11.308,2.809,3.784,3,6,11,12,0.4783,167.23,chain1_E_chain2_F,2,0,0,3,2,3,1,0,0,0,6,16,1,0,1,1,1,1,1,0,0,pass_conserved_motif,0.79528,0,
backbone_long,RAPCID_backbone_rapcid_backbone_199_model_4.cif.gz,/scratch/a2149a01/RAPCID_2610_output/backbone_long/RAPCID_backbone_rapcid_backbone_199_model_4.cif.gz,A,B,49,43,7.138,2.609,2.72,2,9,5,34,0.1282,113.16,chain1_E_chain2_F,2,0,1,3,2,3,0,0,0,0,8,20,1,0,1,1,1,1,1,0,0,pass_conserved_motif,0.50135,0,
backbone_long,RAPCID_backbone_rapcid_backbone_199_model_5.cif.gz,/scratch/a2149a01/RAPCID_2610_output/backbone_long/RAPCID_backbone_rapcid_backbone_199_model_5.cif.gz,A,B,49,43,3.224,3.15,3.209,3,9,7,29,0.1944,130.7,chain1_E_chain2_F,2,0,1,3,2,3,1,2,1,0,8,17,1,0,1,1,1,1,1,0,0,pass_conserved_motif,0.64154,0,
backbone_long,RAPCID_backbone_rapcid_backbone_199_model_6.cif.gz,/scratch/a2149a01/RAPCID_2610_output/backbone_long/RAPCID_backbone_rapcid_backbone_199_model_6.cif.gz,A,B,49,43,9.931,2.614,3.015,3,8,9,24,0.2727,144.65,chain1_E_chain2_F,1,0,0,3,1,3,0,0,0,0,13,22,1,1,1,1,1,1,1,1,1,,0.63555,1,416
backbone_long,RAPCID_backbone_rapcid_backbone_199_model_7.cif.gz,/scratch/a2149a01/RAPCID_2610_output/backbone_long/RAPCID_backbone_rapcid_backbone_199_model_7.cif.gz,A,B,49,43,3.406,2.624,3.096,3,10,9,33,0.2143,147.92,chain1_E_chain2_F,2,0,1,3,2,3,0,7,0,0,9,20,1,0,1,1,1,1,1,0,0,pass_conserved_motif,0.68665,0,
backbone_long,RAPCID_backbone_rapcid_backbone_19_model_0.cif.gz,/scratch/a2149a01/RAPCID_2610_output/backbone_long/RAPCID_backbone_rapcid_backbone_19_model_0.cif.gz,A,B,33,32,12.863,5.374,2.708,0,5,0,15,0.0,nan,chain1_E_chain2_F,0,0,0,2,0,2,0,0,0,0,4,10,1,0,1,0,0,0,1,0,0,pass_dual_rap_contact;pass_contact_balance;pass_face_angle;pass_conserved_motif,0.21714,0,
backbone_long,RAPCID_backbone_rapcid_backbone_19_model_1.cif.gz,/scratch/a2149a01/RAPCID_2610_output/backbone_long/RAPCID_backbone_rapcid_backbone_19_model_1.cif.gz,A,B,33,32,9.726,2.92,3.203,5,6,14,19,0.4242,165.94,chain1_E_chain2_F,2,0,0,3,2,3,0,0,0,0,11,16,1,0,1,1,1,1,1,0,0,pass_conserved_motif,0.7494,0,
backbone_long,RAPCID_backbone_rapcid_backbone_19_model_2.cif.gz,/scratch/a2149a01/RAPCID_2610_output/backbone_long/RAPCID_backbone_rapcid_backbone_19_model_2.cif.gz,A,B,33,32,3.172,2.953,2.857,7,10,21,30,0.4118,140.41,chain1_E_chain2_F,2,0,0,3,2,3,0,1,1,0,17,20,1,0,1,1,1,1,1,0,0,pass_conserved_motif,0.72725,0,
backbone_long,RAPCID_backbone_rapcid_backbone_19_model_3.cif.gz,/scratch/a2149a01/RAPCID_2610_output/backbone_long/RAPCID_backbone_rapcid_backbone_19_model_3.cif.gz,A,B,33,32,10.607,2.584,3.204,5,6,9,19,0.3214,167.62,chain1_E_chain2_F,1,0,0,3,1,3,0,0,0,0,9,16,2,0,1,1,1,1,1,0,0,pass_conserved_motif,0.67412,0,
backbone_long,RAPCID_backbone_rapcid_backbone_19_model_4.cif.gz,/scratch/a2149a01/RAPCID_2610_output/backbone_long/RAPCID_backbone_rapcid_backbone_19_model_4.cif.gz,A,B,33,32,8.582,3.027,3.168,5,6,11,18,0.3793,147.67,chain1_E_chain2_F,1,0,0,3,1,3,0,0,0,0,9,15,1,0,1,1,1,1,1,0,0,pass_conserved_motif,0.68825,0,
backbone_long,RAPCID_backbone_rapcid_backbone_19_model_5.cif.gz,/scratch/a2149a01/RAPCID_2610_output/backbone_long/RAPCID_backbone_rapcid_backbone_19_model_5.cif.gz,A,B,33,32,4.987,2.435,3.447,6,5,13,19,0.4062,140.39,chain1_E_chain2_F,1,0,0,3,1,3,0,0,0,0,13,16,1,0,1,1,1,1,1,0,0,pass_conserved_motif,0.67476,0,
backbone_long,RAPCID_backbone_rapcid_backbone_19_model_6.cif.gz,/scratch/a2149a01/RAPCID_2610_output/backbone_long/RAPCID_backbone_rapcid_backbone_19_model_6.cif.gz,A,B,33,32,7.249,2.988,3.564,5,5,9,14,0.3913,150.59,chain1_E_chain2_F,1,0,0,3,1,3,0,0,0,0,13,14,1,1,1,1,1,1,1,1,1,,0.70278,1,186
backbone_long,RAPCID_backbone_rapcid_backbone_19_model_7.cif.gz,/scratch/a2149a01/RAPCID_2610_output/backbone_long/RAPCID_backbone_rapcid_backbone_19_model_7.cif.gz,A,B,33,32,3.801,2.589,2.252,3,5,13,18,0.4194,112.38,chain1_E_chain2_F,1,0,0,2,1,2,0,2,1,1,9,9,1,1,1,1,1,1,1,1,1,,0.60137,1,503
backbone_long,RAPCID_backbone_rapcid_backbone_1_model_0.cif.gz,/scratch/a2149a01/RAPCID_2610_output/backbone_long/RAPCID_backbone_rapcid_backbone_1_model_0.cif.gz,B,A,54,47,3.364,3.241,2.698,7,3,17,8,0.68,126.18,chain1_F_chain2_E,1,3,1,0,3,1,0,11,0,1,14,12,0,2,1,1,1,1,1,0,0,pass_conserved_motif,0.63454,0,
backbone_long,RAPCID_backbone_rapcid_backbone_1_model_1.cif.gz,/scratch/a2149a01/RAPCID_2610_output/backbone_long/RAPCID_backbone_rapcid_backbone_1_model_1.cif.gz,B,A,54,47,2.843,2.726,2.827,4,3,14,16,0.4667,103.86,chain1_F_chain2_E,0,2,1,0,2,1,0,23,1,1,10,10,0,3,1,1,1,1,1,0,0,pass_conserved_motif,0.54691,0,
backbone_long,RAPCID_backbone_rapcid_backbone_1_model_2.cif.gz,/scratch/a2149a01/RAPCID_2610_output/backbone_long/RAPCID_backbone_rapcid_backbone_1_model_2.cif.gz,B,A,54,47,3.177,3.354,2.811,5,9,14,16,0.4667,169.54,chain1_F_chain2_E,1,1,2,1,1,2,1,15,1,0,14,13,1,2,1,1,1,1,1,1,1,,0.74748,1,68
backbone_long,RAPCID_backbone_rapcid_backbone_1_model_3.cif.gz,/scratch/a2149a01/RAPCID_2610_output/backbone_long/RAPCID_backbone_rapcid_backbone_1_model_3.cif.gz,B,A,54,47,2.461,2.412,3.015,4,3,14,10,0.5833,113.81,chain1_F_chain2_E,0,2,1,0,2,1,0,12,0,0,11,10,1,1,1,1,1,1,1,1,1,,0.58175,1,547
backbone_long,RAPCID_backbone_rapcid_backbone_1_model_4.cif.gz,/scratch/a2149a01/RAPCID_2610_output/backbone_long/RAPCID_backbone_rapcid_backbone_1_model_4.cif.gz,B,A,54,47,3.201,2.211,2.696,4,5,12,13,0.48,118.25,chain1_F_chain2_E,0,2,3,0,2,3,0,17,0,0,10,11,1,2,1,1,1,1,1,1,1,,0.65403,1,364
backbone_long,RAPCID_backbone_rapcid_backbone_1_model_5.cif.gz,/scratch/a2149a01/RAPCID_2610_output/backbone_long/RAPCID_backbone_rapcid_backbone_1_model_5.cif.gz,B,A,54,47,2.881,1.955,3.359,3,3,12,13,0.48,99.25,chain1_F_chain2_E,1,2,1,0,2,1,0,18,1,1,10,8,1,1,0,1,1,1,1,1,0,pass_no_clash,0.56187,0,
backbone_long,RAPCID_backbone_rapcid_backbone_1_model_6.cif.gz,/scratch/a2149a01/RAPCID_2610_output/backbone_long/RAPCID_backbone_rapcid_backbone_1_model_6.cif.gz,B,A,54,47,2.486,2.933,2.732,7,4,24,10,0.7059,114.64,chain1_F_chain2_E,1,2,1,0,2,1,0,19,0,1,13,9,1,3,1,1,1,1,1,1,1,,0.51715,1,627
backbone_long,RAPCID_backbone_rapcid_backbone_1_model_7.cif.gz,/scratch/a2149a01/RAPCID_2610_output/backbone_long/RAPCID_backbone_rapcid_backbone_1_model_7.cif.gz,B,A,54,47,2.46,3.428,2.919,5,4,13,16,0.4483,122.92,chain1_F_chain2_E,1,2,2,0,2,2,0,4,1,1,10,10,0,1,1,1,1,1,1,0,0,pass_conserved_motif,0.68666,0,
backbone_long,RAPCID_backbone_rapcid_backbone_200_model_0.cif.gz,/scratch/a2149a01/RAPCID_2610_output/backbone_long/RAPCID_backbone_rapcid_backbone_200_model_0.cif.gz,A,B,39,37,9.972,3.092,3.624,4,4,12,10,0.5455,167.74,chain1_E_chain2_F,1,0,0,2,1,2,0,0,0,0,10,14,1,0,1,1,1,1,1,0,0,pass_conserved_motif,0.69841,0,
backbone_long,RAPCID_backbone_rapcid_backbone_200_model_1.cif.gz,/scratch/a2149a01/RAPCID_2610_output/backbone_long/RAPCID_backbone_rapcid_backbone_200_model_1.cif.gz,A,B,39,37,2.765,2.581,3.795,5,5,10,12,0.4545,139.96,chain1_E_chain2_F,1,0,0,3,1,3,0,2,0,0,10,13,1,1,1,1,1,1,1,1,1,,0.70263,1,188
backbone_long,RAPCID_backbone_rapcid_backbone_200_model_2.cif.gz,/scratch/a2149a01/RAPCID_2610_output/backbone_long/RAPCID_backbone_rapcid_backbone_200_model_2.cif.gz,A,B,39,37,2.849,2.586,3.534,4,5,8,14,0.3636,154.51,chain1_E_chain2_F,1,0,0,3,1,3,0,8,0,0,10,13,1,0,1,1,1,1,1,0,0,pass_conserved_motif,0.74479,0,
backbone_long,RAPCID_backbone_rapcid_backbone_200_model_3.cif.gz,/scratch/a2149a01/RAPCID_2610_output/backbone_long/RAPCID_backbone_rapcid_backbone_200_model_3.cif.gz,A,B,39,37,13.836,2.95,3.434,2,5,4,14,0.2222,172.51,chain1_E_chain2_F,1,0,0,3,1,3,0,0,0,0,9,14,2,0,1,1,1,1,1,0,0,pass_conserved_motif,0.61813,0,
backbone_long,RAPCID_backbone_rapcid_backbone_200_model_4.cif.gz,/scratch/a2149a01/RAPCID_2610_output/backbone_long/RAPCID_backbone_rapcid_backbone_200_model_4.cif.gz,A,B,39,37,2.546,2.344,3.504,6,5,22,14,0.6111,134.72,chain1_E_chain2_F,1,0,0,3,1,3,0,5,0,0,14,13,1,1,1,1,1,1,1,1,1,,0.67392,1,294
backbone_long,RAPCID_backbone_rapcid_backbone_200_model_5.cif.gz,/scratch/a2149a01/RAPCID_2610_output/backbone_long/RAPCID_backbone_rapcid_backbone_200_model_5.cif.gz,A,B,39,37,3.519,2.941,3.575,5,5,10,15,0.4,152.15,chain1_E_chain2_F,1,0,0,3,1,3,0,3,0,0,10,14,1,0,1,1,1,1,1,0,0,pass_conserved_motif,0.72644,0,
backbone_long,RAPCID_backbone_rapcid_backbone_200_model_6.cif.gz,/scratch/a2149a01/RAPCID_2610_output/backbone_long/RAPCID_backbone_rapcid_backbone_200_model_6.cif.gz,A,B,39,37,2.254,1.908,3.306,4,5,11,12,0.4783,145.01,chain1_E_chain2_F,1,0,0,3,1,3,0,12,0,0,12,13,1,0,0,1,1,1,1,0,0,pass_no_clash;pass_conserved_motif,0.73895,0,
backbone_long,RAPCID_backbone_rapcid_backbone_200_model_7.cif.gz,/scratch/a2149a01/RAPCID_2610_output/backbone_long/RAPCID_backbone_rapcid_backbone_200_model_7.cif.gz,A,B,39,37,3.934,2.951,3.412,4,6,7,24,0.2258,165.8,chain1_E_chain2_F,1,0,0,3,1,3,0,1,0,0,9,14,1,0,1,1,1,1,1,0,0,pass_conserved_motif,0.64694,0,
backbone_long,RAPCID_backbone_rapcid_backbone_201_model_0.cif.gz,/scratch/a2149a01/RAPCID_2610_output/backbone_long/RAPCID_backbone_rapcid_backbone_201_model_0.cif.gz,B,A,56,43,3.401,2.488,2.497,5,4,21,11,0.6562,122.29,chain1_F_chain2_E,1,2,1,0,2,1,0,10,0,0,12,10,0,1,1,1,1,1,1,0,0,pass_conserved_motif,0.59084,0,
backbone_long,RAPCID_backbone_rapcid_backbone_201_model_1.cif.gz,/scratch/a2149a01/RAPCID_2610_output/backbone_long/RAPCID_backbone_rapcid_backbone_201_model_1.cif.gz,B,A,56,43,2.804,2.782,2.638,5,5,21,14,0.6,110.99,chain1_F_chain2_E,1,2,2,0,2,2,1,25,1,0,11,9,0,1,1,1,1,1,1,0,0,pass_conserved_motif,0.5745,0,
backbone_long,RAPCID_backbone_rapcid_backbone_201_model_2.cif.gz,/scratch/a2149a01/RAPCID_2610_output/backbone_long/RAPCID_backbone_rapcid_backbone_201_model_2.cif.gz,B,A,56,43,2.741,2.317,2.926,5,4,18,18,0.5,117.19,chain1_F_chain2_E,1,2,2,0,2,2,1,18,0,1,9,15,1,1,1,1,1,1,1,1,1,,0.67014,1,309
backbone_long,RAPCID_backbone_rapcid_backbone_201_model_3.cif.gz,/scratch/a2149a01/RAPCID_2610_output/backbone_long/RAPCID_backbone_rapcid_backbone_201_model_3.cif.gz,B,A,56,43,2.92,3.284,2.543,5,4,14,12,0.5385,130.13,chain1_F_chain2_E,0,2,1,0,2,1,0,6,1,1,12,12,0,1,1,1,1,1,1,0,0,pass_conserved_motif,0.69744,0,
backbone_long,RAPCID_backbone_rapcid_backbone_201_model_4.cif.gz,/scratch/a2149a01/RAPCID_2610_output/backbone_long/RAPCID_backbone_rapcid_backbone_201_model_4.cif.gz,B,A,56,43,2.911,3.403,2.253,5,4,14,15,0.4828,127.38,chain1_F_chain2_E,0,2,1,0,2,1,0,11,1,0,10,12,1,1,1,1,1,1,1,1,1,,0.67509,1,287
backbone_long,RAPCID_backbone_rapcid_backbone_201_model_5.cif.gz,/scratch/a2149a01/RAPCID_2610_output/backbone_long/RAPCID_backbone_rapcid_backbone_201_model_5.cif.gz,B,A,56,43,3.12,3.025,2.797,8,6,16,15,0.5161,128.88,chain1_F_chain2_E,0,3,1,0,3,1,0,7,0,1,12,15,0,1,1,1,1,1,1,0,0,pass_conserved_motif,0.7191,0,
backbone_long,RAPCID_backbone_rapcid_backbone_201_model_6.cif.gz,/scratch/a2149a01/RAPCID_2610_output/backbone_long/RAPCID_backbone_rapcid_backbone_201_model_6.cif.gz,B,A,56,43,3.509,2.742,2.644,6,5,15,10,0.6,120.76,chain1_F_chain2_E,0,3,1,0,3,1,0,10,0,0,10,9,0,1,1,1,1,1,1,0,0,pass_conserved_motif,0.63683,0,
backbone_long,RAPCID_backbone_rapcid_backbone_201_model_7.cif.gz,/scratch/a2149a01/RAPCID_2610_output/backbone_long/RAPCID_backbone_rapcid_backbone_201_model_7.cif.gz,B,A,56,43,3.069,2.661,2.893,4,5,11,13,0.4583,112.48,chain1_F_chain2_E,0,2,1,0,2,1,0,9,0,0,10,13,0,2,1,1,1,1,1,0,0,pass_conserved_motif,0.60898,0,
backbone_long,RAPCID_backbone_rapcid_backbone_202_model_0.cif.gz,/scratch/a2149a01/RAPCID_2610_output/backbone_long/RAPCID_backbone_rapcid_backbone_202_model_0.cif.gz,B,A,46,34,3.139,2.512,2.904,3,6,15,22,0.4054,102.88,chain1_F_chain2_E,1,2,1,0,2,1,0,13,0,0,9,8,0,1,1,1,1,1,1,0,0,pass_conserved_motif,0.5358,0,
backbone_long,RAPCID_backbone_rapcid_backbone_202_model_1.cif.gz,/scratch/a2149a01/RAPCID_2610_output/backbone_long/RAPCID_backbone_rapcid_backbone_202_model_1.cif.gz,B,A,46,34,3.878,3.365,3.14,6,4,14,9,0.6087,118.31,chain1_F_chain2_E,1,2,1,0,2,1,0,1,0,0,9,9,1,1,1,1,1,1,1,1,1,,0.57161,1,565
backbone_long,RAPCID_backbone_rapcid_backbone_202_model_2.cif.gz,/scratch/a2149a01/RAPCID_2610_output/backbone_long/RAPCID_backbone_rapcid_backbone_202_model_2.cif.gz,B,A,46,34,1.551,3.632,2.998,5,3,9,10,0.4737,110.85,chain1_F_chain2_E,1,2,1,0,2,1,0,13,0,1,13,9,0,1,0,1,1,1,1,0,0,pass_no_clash;pass_conserved_motif,0.60635,0,
backbone_long,RAPCID_backbone_rapcid_backbone_202_model_3.cif.gz,/scratch/a2149a01/RAPCID_2610_output/backbone_long/RAPCID_backbone_rapcid_backbone_202_model_3.cif.gz,B,A,46,34,3.139,3.185,2.983,5,5,14,15,0.4828,104.51,chain1_F_chain2_E,1,2,1,0,2,1,0,17,1,1,12,10,0,1,1,1,1,1,1,0,0,pass_conserved_motif,0.5855,0,
backbone_long,RAPCID_backbone_rapcid_backbone_202_model_4.cif.gz,/scratch/a2149a01/RAPCID_2610_output/backbone_long/RAPCID_backbone_rapcid_backbone_202_model_4.cif.gz,B,A,46,34,3.468,2.445,2.931,4,3,11,10,0.5238,133.82,chain1_F_chain2_E,0,2,1,0,2,1,0,7,0,0,8,10,0,1,1,1,1,1,1,0,0,pass_conserved_motif,0.68726,0,
backbone_long,RAPCID_backbone_rapcid_backbone_202_model_5.cif.gz,/scratch/a2149a01/RAPCID_2610_output/backbone_long/RAPCID_backbone_rapcid_backbone_202_model_5.cif.gz,B,A,46,34,2.829,2.838,3.197,6,6,16,22,0.4211,113.8,chain1_F_chain2_E,1,2,2,0,2,2,0,20,1,2,11,14,0,1,1,1,1,1,1,0,0,pass_conserved_motif,0.62205,0,
backbone_long,RAPCID_backbone_rapcid_backbone_202_model_6.cif.gz,/scratch/a2149a01/RAPCID_2610_output/backbone_long/RAPCID_backbone_rapcid_backbone_202_model_6.cif.gz,B,A,46,34,2.957,3.446,3.377,7,5,16,10,0.6154,127.62,chain1_F_chain2_E,0,2,2,0,2,2,0,5,0,0,15,11,0,1,1,1,1,1,1,0,0,pass_conserved_motif,0.64854,0,
backbone_long,RAPCID_backbone_rapcid_backbone_202_model_7.cif.gz,/scratch/a2149a01/RAPCID_2610_output/backbone_long/RAPCID_backbone_rapcid_backbone_202_model_7.cif.gz,B,A,46,34,3.133,2.952,3.0,7,3,14,8,0.6364,119.85,chain1_F_chain2_E,0,3,1,0,3,1,0,4,0,0,14,11,0,1,1,1,1,1,1,0,0,pass_conserved_motif,0.60923,0,
backbone_long,RAPCID_backbone_rapcid_backbone_203_model_0.cif.gz,/scratch/a2149a01/RAPCID_2610_output/backbone_long/RAPCID_backbone_rapcid_backbone_203_model_0.cif.gz,B,A,38,30,10.493,1.722,3.06,6,2,17,10,0.6296,131.35,chain1_F_chain2_E,0,2,1,0,2,1,0,0,0,0,13,9,0,1,0,1,1,1,1,0,0,pass_no_clash;pass_conserved_motif,0.60169,0,
backbone_long,RAPCID_backbone_rapcid_backbone_203_model_1.cif.gz,/scratch/a2149a01/RAPCID_2610_output/backbone_long/RAPCID_backbone_rapcid_backbone_203_model_1.cif.gz,B,A,38,30,3.571,3.424,2.88,8,3,18,6,0.75,142.87,chain1_F_chain2_E,1,3,0,0,3,0,0,3,0,0,15,10,0,1,1,1,1,1,1,0,0,pass_conserved_motif,0.60693,0,
backbone_long,RAPCID_backbone_rapcid_backbone_203_model_2.cif.gz,/scratch/a2149a01/RAPCID_2610_output/backbone_long/RAPCID_backbone_rapcid_backbone_203_model_2.cif.gz,B,A,38,30,3.319,2.484,2.808,4,5,14,12,0.5385,106.69,chain1_F_chain2_E,0,2,1,0,2,1,0,3,1,1,13,10,0,1,1,1,1,1,1,0,0,pass_conserved_motif,0.60428,0,
backbone_long,RAPCID_backbone_rapcid_backbone_203_model_3.cif.gz,/scratch/a2149a01/RAPCID_2610_output/backbone_long/RAPCID_backbone_rapcid_backbone_203_model_3.cif.gz,B,A,38,30,3.224,2.455,3.255,7,4,19,15,0.5588,125.73,chain1_F_chain2_E,0,3,1,0,3,1,0,4,0,2,12,10,0,1,1,1,1,1,1,0,0,pass_conserved_motif,0.69318,0,
backbone_long,RAPCID_backbone_rapcid_backbone_203_model_4.cif.gz,/scratch/a2149a01/RAPCID_2610_output/backbone_long/RAPCID_backbone_rapcid_backbone_203_model_4.cif.gz,B,A,38,30,2.985,3.021,2.636,6,7,18,23,0.439,106.94,chain1_F_chain2_E,1,3,2,0,3,2,0,18,1,2,13,11,0,1,1,1,1,1,1,0,0,pass_conserved_motif,0.64492,0,
backbone_long,RAPCID_backbone_rapcid_backbone_203_model_5.cif.gz,/scratch/a2149a01/RAPCID_2610_output/backbone_long/RAPCID_backbone_rapcid_backbone_203_model_5.cif.gz,B,A,38,30,3.196,3.022,3.231,2,3,6,7,0.4615,139.67,chain1_F_chain2_E,0,2,1,0,2,1,0,1,0,0,12,10,0,1,1,1,1,1,1,0,0,pass_conserved_motif,0.6709,0,
backbone_long,RAPCID_backbone_rapcid_backbone_203_model_6.cif.gz,/scratch/a2149a01/RAPCID_2610_output/backbone_long/RAPCID_backbone_rapcid_backbone_203_model_6.cif.gz,B,A,38,30,4.15,2.682,2.792,4,2,12,6,0.6667,127.71,chain1_F_chain2_E,0,2,1,0,2,1,0,0,0,0,10,9,0,1,1,1,1,1,1,0,0,pass_conserved_motif,0.57476,0,
backbone_long,RAPCID_backbone_rapcid_backbone_203_model_7.cif.gz,/scratch/a2149a01/RAPCID_2610_output/backbone_long/RAPCID_backbone_rapcid_backbone_203_model_7.cif.gz,B,A,38,30,2.664,3.004,2.876,6,6,14,25,0.359,130.7,chain1_F_chain2_E,1,3,2,0,3,2,1,19,0,0,11,11,1,1,1,1,1,1,1,1,1,,0.66569,1,325
backbone_long,RAPCID_backbone_rapcid_backbone_204_model_0.cif.gz,/scratch/a2149a01/RAPCID_2610_output/backbone_long/RAPCID_backbone_rapcid_backbone_204_model_0.cif.gz,A,B,39,37,3.579,2.874,3.602,3,5,8,12,0.4,174.65,chain1_E_chain2_F,1,0,0,3,1,3,0,1,0,0,10,15,1,0,1,1,1,1,1,0,0,pass_conserved_motif,0.68712,0,
backbone_long,RAPCID_backbone_rapcid_backbone_204_model_1.cif.gz,/scratch/a2149a01/RAPCID_2610_output/backbone_long/RAPCID_backbone_rapcid_backbone_204_model_1.cif.gz,A,B,39,37,3.458,3.118,3.629,3,6,7,14,0.3333,167.48,chain1_E_chain2_F,1,0,0,3,1,3,0,2,0,0,10,15,2,0,1,1,1,1,1,0,0,pass_conserved_motif,0.68935,0,
backbone_long,RAPCID_backbone_rapcid_backbone_204_model_2.cif.gz,/scratch/a2149a01/RAPCID_2610_output/backbone_long/RAPCID_backbone_rapcid_backbone_204_model_2.cif.gz,A,B,39,37,10.257,2.775,3.216,3,5,5,22,0.1852,170.66,chain1_E_chain2_F,1,0,0,3,1,3,0,0,0,0,7,15,1,0,1,1,1,1,1,0,0,pass_conserved_motif,0.60948,0,
backbone_long,RAPCID_backbone_rapcid_backbone_204_model_3.cif.gz,/scratch/a2149a01/RAPCID_2610_output/backbone_long/RAPCID_backbone_rapcid_backbone_204_model_3.cif.gz,A,B,39,37,7.641,2.926,3.344,5,6,15,15,0.5,158.23,chain1_E_chain2_F,1,0,0,3,1,3,0,0,0,0,10,14,1,0,1,1,1,1,1,0,0,pass_conserved_motif,0.77171,0,
backbone_long,RAPCID_backbone_rapcid_backbone_204_model_4.cif.gz,/scratch/a2149a01/RAPCID_2610_output/backbone_long/RAPCID_backbone_rapcid_backbone_204_model_4.cif.gz,A,B,39,37,2.957,2.436,3.163,7,5,18,12,0.6,152.5,chain1_E_chain2_F,1,0,0,3,1,3,0,2,0,0,10,15,1,1,1,1,1,1,1,1,1,,0.72262,1,132
backbone_long,RAPCID_backbone_rapcid_backbone_204_model_5.cif.gz,/scratch/a2149a01/RAPCID_2610_output/backbone_long/RAPCID_backbone_rapcid_backbone_204_model_5.cif.gz,A,B,39,37,9.617,3.002,3.318,4,5,10,14,0.4167,163.27,chain1_E_chain2_F,1,0,0,3,1,3,0,0,0,0,9,15,1,0,1,1,1,1,1,0,0,pass_conserved_motif,0.72673,0,
backbone_long,RAPCID_backbone_rapcid_backbone_204_model_6.cif.gz,/scratch/a2149a01/RAPCID_2610_output/backbone_long/RAPCID_backbone_rapcid_backbone_204_model_6.cif.gz,A,B,39,37,8.924,2.962,3.832,4,5,8,8,0.5,155.71,chain1_E_chain2_F,1,0,0,3,1,3,0,0,0,0,11,14,1,1,1,1,1,1,1,1,1,,0.76332,1,41
backbone_long,RAPCID_backbone_rapcid_backbone_204_model_7.cif.gz,/scratch/a2149a01/RAPCID_2610_output/backbone_long/RAPCID_backbone_rapcid_backbone_204_model_7.cif.gz,A,B,39,37,3.452,3.066,3.453,4,6,8,18,0.3077,161.0,chain1_E_chain2_F,1,0,0,3,1,3,0,2,0,0,10,15,1,0,1,1,1,1,1,0,0,pass_conserved_motif,0.70071,0,
backbone_long,RAPCID_backbone_rapcid_backbone_205_model_0.cif.gz,/scratch/a2149a01/RAPCID_2610_output/backbone_long/RAPCID_backbone_rapcid_backbone_205_model_0.cif.gz,A,B,48,40,2.254,3.075,3.484,3,6,7,18,0.28,147.8,chain1_E_chain2_F,1,0,0,3,1,3,0,6,0,0,10,14,1,0,1,1,1,1,1,0,0,pass_conserved_motif,0.67895,0,
backbone_long,RAPCID_backbone_rapcid_backbone_205_model_1.cif.gz,/scratch/a2149a01/RAPCID_2610_output/backbone_long/RAPCID_backbone_rapcid_backbone_205_model_1.cif.gz,A,B,48,40,10.519,3.024,3.529,3,6,8,17,0.32,154.62,chain1_E_chain2_F,1,0,0,3,1,3,0,0,0,0,10,15,2,1,1,1,1,1,1,1,1,,0.68767,1,247
backbone_long,RAPCID_backbone_rapcid_backbone_205_model_2.cif.gz,/scratch/a2149a01/RAPCID_2610_output/backbone_long/RAPCID_backbone_rapcid_backbone_205_model_2.cif.gz,A,B,48,40,10.151,2.98,3.579,5,6,13,18,0.4194,151.56,chain1_E_chain2_F,1,0,0,3,1,3,0,0,0,0,10,14,1,1,1,1,1,1,1,1,1,,0.71722,1,145
backbone_long,RAPCID_backbone_rapcid_backbone_205_model_3.cif.gz,/scratch/a2149a01/RAPCID_2610_output/backbone_long/RAPCID_backbone_rapcid_backbone_205_model_3.cif.gz,A,B,48,40,2.735,2.755,3.645,5,6,19,11,0.6333,145.08,chain1_E_chain2_F,2,0,0,3,2,3,0,25,0,0,14,15,1,0,1,1,1,1,1,0,0,pass_conserved_motif,0.65813,0,
backbone_long,RAPCID_backbone_rapcid_backbone_205_model_4.cif.gz,/scratch/a2149a01/RAPCID_2610_output/backbone_long/RAPCID_backbone_rapcid_backbone_205_model_4.cif.gz,A,B,48,40,10.656,2.784,3.609,3,6,7,15,0.3182,158.43,chain1_E_chain2_F,1,0,0,3,1,3,0,0,0,0,9,14,1,0,1,1,1,1,1,0,0,pass_conserved_motif,0.69966,0,
backbone_long,RAPCID_backbone_rapcid_backbone_205_model_5.cif.gz,/scratch/a2149a01/RAPCID_2610_output/backbone_long/RAPCID_backbone_rapcid_backbone_205_model_5.cif.gz,A,B,48,40,2.891,2.653,3.551,3,6,11,17,0.3929,133.66,chain1_E_chain2_F,1,0,0,3,1,3,0,11,0,0,8,15,1,1,1,1,1,1,1,1,1,,0.67195,1,304
backbone_long,RAPCID_backbone_rapcid_backbone_205_model_6.cif.gz,/scratch/a2149a01/RAPCID_2610_output/backbone_long/RAPCID_backbone_rapcid_backbone_205_model_6.cif.gz,A,B,48,40,3.554,2.672,3.27,6,6,12,10,0.5455,159.07,chain1_E_chain2_F,2,0,0,3,2,3,0,7,0,0,15,16,1,0,1,1,1,1,1,0,0,pass_conserved_motif,0.81945,0,
backbone_long,RAPCID_backbone_rapcid_backbone_205_model_7.cif.gz,/scratch/a2149a01/RAPCID_2610_output/backbone_long/RAPCID_backbone_rapcid_backbone_205_model_7.cif.gz,A,B,48,40,3.139,2.524,3.548,5,5,14,14,0.5,153.45,chain1_E_chain2_F,1,0,0,3,1,3,0,3,0,0,10,15,1,0,1,1,1,1,1,0,0,pass_conserved_motif,0.7708,0,
backbone_long,RAPCID_backbone_rapcid_backbone_206_model_0.cif.gz,/scratch/a2149a01/RAPCID_2610_output/backbone_long/RAPCID_backbone_rapcid_backbone_206_model_0.cif.gz,A,B,50,44,3.43,3.285,2.892,4,5,7,11,0.3889,143.58,chain1_E_chain2_F,1,0,0,3,1,3,0,10,0,0,9,11,1,0,1,1,1,1,1,0,0,pass_conserved_motif,0.70845,0,
backbone_long,RAPCID_backbone_rapcid_backbone_206_model_1.cif.gz,/scratch/a2149a01/RAPCID_2610_output/backbone_long/RAPCID_backbone_rapcid_backbone_206_model_1.cif.gz,A,B,50,44,3.244,3.012,2.072,3,4,12,17,0.4138,106.71,chain1_E_chain2_F,1,0,0,2,1,2,0,4,0,0,10,8,1,0,1,1,1,1,1,0,0,pass_conserved_motif,0.55692,0,
backbone_long,RAPCID_backbone_rapcid_backbone_206_model_2.cif.gz,/scratch/a2149a01/RAPCID_2610_output/backbone_long/RAPCID_backbone_rapcid_backbone_206_model_2.cif.gz,A,B,50,44,3.208,3.098,3.244,3,6,11,14,0.44,161.62,chain1_E_chain2_F,2,0,0,3,2,3,1,2,0,0,8,12,2,1,1,1,1,1,1,1,1,,0.80869,1,6
backbone_long,RAPCID_backbone_rapcid_backbone_206_model_3.cif.gz,/scratch/a2149a01/RAPCID_2610_output/backbone_long/RAPCID_backbone_rapcid_backbone_206_model_3.cif.gz,A,B,50,44,3.294,2.73,2.848,5,6,12,13,0.48,140.76,chain1_E_chain2_F,1,0,0,3,1,3,0,2,0,0,12,11,1,0,1,1,1,1,1,0,0,pass_conserved_motif,0.71548,0,
backbone_long,RAPCID_backbone_rapcid_backbone_206_model_4.cif.gz,/scratch/a2149a01/RAPCID_2610_output/backbone_long/RAPCID_backbone_rapcid_backbone_206_model_4.cif.gz,A,B,50,44,2.549,3.118,3.035,4,6,13,19,0.4062,131.38,chain1_E_chain2_F,1,0,1,3,1,3,0,20,1,0,10,13,1,1,1,1,1,1,1,1,1,,0.64139,1,404
backbone_long,RAPCID_backbone_rapcid_backbone_206_model_5.cif.gz,/scratch/a2149a01/RAPCID_2610_output/backbone_long/RAPCID_backbone_rapcid_backbone_206_model_5.cif.gz,A,B,50,44,2.976,2.368,3.544,5,5,16,15,0.5161,140.79,chain1_E_chain2_F,1,0,0,3,1,3,0,12,0,0,12,11,1,0,1,1,1,1,1,0,0,pass_conserved_motif,0.72714,0,
backbone_long,RAPCID_backbone_rapcid_backbone_206_model_6.cif.gz,/scratch/a2149a01/RAPCID_2610_output/backbone_long/RAPCID_backbone_rapcid_backbone_206_model_6.cif.gz,A,B,50,44,3.025,3.169,3.521,4,4,8,11,0.4211,130.85,chain1_E_chain2_F,2,0,0,3,2,3,1,9,0,0,10,13,2,0,1,1,1,1,1,0,0,pass_conserved_motif,0.74102,0,
backbone_long,RAPCID_backbone_rapcid_backbone_206_model_7.cif.gz,/scratch/a2149a01/RAPCID_2610_output/backbone_long/RAPCID_backbone_rapcid_backbone_206_model_7.cif.gz,A,B,50,44,3.529,2.763,3.649,4,6,17,17,0.5,128.43,chain1_E_chain2_F,1,0,1,3,1,3,0,5,0,0,13,13,2,1,1,1,1,1,1,1,1,,0.69737,1,212
backbone_long,RAPCID_backbone_rapcid_backbone_207_model_0.cif.gz,/scratch/a2149a01/RAPCID_2610_output/backbone_long/RAPCID_backbone_rapcid_backbone_207_model_0.cif.gz,A,B,37,37,2.618,3.02,2.824,4,3,14,15,0.4828,109.98,chain1_E_chain2_F,1,0,1,2,1,2,0,15,1,0,10,11,1,0,1,1,1,1,1,0,0,pass_conserved_motif,0.5971,0,
backbone_long,RAPCID_backbone_rapcid_backbone_207_model_1.cif.gz,/scratch/a2149a01/RAPCID_2610_output/backbone_long/RAPCID_backbone_rapcid_backbone_207_model_1.cif.gz,A,B,37,37,2.812,2.89,2.851,5,4,20,14,0.5882,110.8,chain1_E_chain2_F,1,0,0,2,1,2,0,13,1,0,10,8,2,0,1,1,1,1,1,0,0,pass_conserved_motif,0.58141,0,
backbone_long,RAPCID_backbone_rapcid_backbone_207_model_2.cif.gz,/scratch/a2149a01/RAPCID_2610_output/backbone_long/RAPCID_backbone_rapcid_backbone_207_model_2.cif.gz,A,B,37,37,3.447,2.667,2.933,3,4,7,11,0.3889,134.57,chain1_E_chain2_F,1,0,0,2,1,2,0,10,0,0,10,10,2,0,1,1,1,1,1,0,0,pass_conserved_motif,0.64983,0,
backbone_long,RAPCID_backbone_rapcid_backbone_207_model_3.cif.gz,/scratch/a2149a01/RAPCID_2610_output/backbone_long/RAPCID_backbone_rapcid_backbone_207_model_3.cif.gz,A,B,37,37,2.807,2.713,3.133,4,4,17,12,0.5862,124.59,chain1_E_chain2_F,2,0,0,2,2,2,1,17,0,0,11,10,1,0,1,1,1,1,1,0,0,pass_conserved_motif,0.64868,0,
backbone_long,RAPCID_backbone_rapcid_backbone_207_model_4.cif.gz,/scratch/a2149a01/RAPCID_2610_output/backbone_long/RAPCID_backbone_rapcid_backbone_207_model_4.cif.gz,A,B,37,37,1.859,2.58,2.65,6,5,18,20,0.4737,89.27,chain1_E_chain2_F,1,0,1,2,1,2,0,15,0,1,14,10,1,1,0,1,1,1,1,1,0,pass_no_clash,0.52443,0,
backbone_long,RAPCID_backbone_rapcid_backbone_207_model_5.cif.gz,/scratch/a2149a01/RAPCID_2610_output/backbone_long/RAPCID_backbone_rapcid_backbone_207_model_5.cif.gz,A,B,37,37,3.328,2.891,2.216,5,4,11,16,0.4074,118.82,chain1_E_chain2_F,1,0,0,2,1,2,0,8,0,1,10,9,1,0,1,1,1,1,1,0,0,pass_conserved_motif,0.63141,0,
backbone_long,RAPCID_backbone_rapcid_backbone_207_model_6.cif.gz,/scratch/a2149a01/RAPCID_2610_output/backbone_long/RAPCID_backbone_rapcid_backbone_207_model_6.cif.gz,A,B,37,37,3.048,2.91,2.931,5,4,16,12,0.5714,117.04,chain1_E_chain2_F,2,0,0,2,2,2,0,10,1,0,10,11,2,0,1,1,1,1,1,0,0,pass_conserved_motif,0.65252,0,
backbone_long,RAPCID_backbone_rapcid_backbone_207_model_7.cif.gz,/scratch/a2149a01/RAPCID_2610_output/backbone_long/RAPCID_backbone_rapcid_backbone_207_model_7.cif.gz,A,B,37,37,3.093,2.8,2.227,4,3,13,13,0.5,104.85,chain1_E_chain2_F,1,0,0,1,1,1,0,20,1,1,11,9,1,0,1,1,1,1,1,0,0,pass_conserved_motif,0.54996,0,
backbone_long,RAPCID_backbone_rapcid_backbone_208_model_0.cif.gz,/scratch/a2149a01/RAPCID_2610_output/backbone_long/RAPCID_backbone_rapcid_backbone_208_model_0.cif.gz,A,B,43,40,8.714,2.748,3.549,4,5,10,11,0.4762,151.6,chain1_E_chain2_F,1,0,0,3,1,3,0,0,0,0,10,14,1,0,1,1,1,1,1,0,0,pass_conserved_motif,0.74009,0,
backbone_long,RAPCID_backbone_rapcid_backbone_208_model_1.cif.gz,/scratch/a2149a01/RAPCID_2610_output/backbone_long/RAPCID_backbone_rapcid_backbone_208_model_1.cif.gz,A,B,43,40,8.997,3.281,3.692,2,6,8,18,0.3077,142.53,chain1_E_chain2_F,1,0,0,3,1,3,0,0,0,0,9,14,1,0,1,1,1,1,1,0,0,pass_conserved_motif,0.64247,0,
backbone_long,RAPCID_backbone_rapcid_backbone_208_model_2.cif.gz,/scratch/a2149a01/RAPCID_2610_output/backbone_long/RAPCID_backbone_rapcid_backbone_208_model_2.cif.gz,A,B,43,40,11.955,3.394,3.084,3,5,6,16,0.2727,143.94,chain1_E_chain2_F,2,0,0,3,2,3,0,0,0,0,8,16,1,0,1,1,1,1,1,0,0,pass_conserved_motif,0.66175,0,
backbone_long,RAPCID_backbone_rapcid_backbone_208_model_3.cif.gz,/scratch/a2149a01/RAPCID_2610_output/backbone_long/RAPCID_backbone_rapcid_backbone_208_model_3.cif.gz,A,B,43,40,4.664,2.939,3.352,4,6,14,17,0.4516,155.67,chain1_E_chain2_F,1,0,0,3,1,3,0,0,0,0,10,15,1,0,1,1,1,1,1,0,0,pass_conserved_motif,0.74384,0,
backbone_long,RAPCID_backbone_rapcid_backbone_208_model_4.cif.gz,/scratch/a2149a01/RAPCID_2610_output/backbone_long/RAPCID_backbone_rapcid_backbone_208_model_4.cif.gz,A,B,43,40,13.059,3.07,2.999,5,5,10,10,0.5,161.15,chain1_E_chain2_F,1,0,0,3,1,3,0,0,0,0,10,14,1,0,1,1,1,1,1,0,0,pass_conserved_motif,0.7671,0,
backbone_long,RAPCID_backbone_rapcid_backbone_208_model_5.cif.gz,/scratch/a2149a01/RAPCID_2610_output/backbone_long/RAPCID_backbone_rapcid_backbone_208_model_5.cif.gz,A,B,43,40,5.201,2.593,3.17,4,3,15,9,0.625,156.89,chain1_E_chain2_F,1,0,0,3,1,3,0,0,0,0,13,14,1,0,1,1,1,1,1,0,0,pass_conserved_motif,0.71725,0,
backbone_long,RAPCID_backbone_rapcid_backbone_208_model_6.cif.gz,/scratch/a2149a01/RAPCID_2610_output/backbone_long/RAPCID_backbone_rapcid_backbone_208_model_6.cif.gz,A,B,43,40,11.32,3.092,3.615,5,5,11,12,0.4783,156.02,chain1_E_chain2_F,1,0,0,3,1,3,0,0,0,0,9,15,1,0,1,1,1,1,1,0,0,pass_conserved_motif,0.75566,0,
backbone_long,RAPCID_backbone_rapcid_backbone_208_model_7.cif.gz,/scratch/a2149a01/RAPCID_2610_output/backbone_long/RAPCID_backbone_rapcid_backbone_208_model_7.cif.gz,A,B,43,40,5.16,2.845,3.488,4,7,12,24,0.3333,168.04,chain1_E_chain2_F,1,0,0,3,1,3,1,0,0,0,11,20,2,0,1,1,1,1,1,0,0,pass_conserved_motif,0.70606,0,
backbone_long,RAPCID_backbone_rapcid_backbone_209_model_0.cif.gz,/scratch/a2149a01/RAPCID_2610_output/backbone_long/RAPCID_backbone_rapcid_backbone_209_model_0.cif.gz,B,A,49,38,2.036,3.082,2.859,5,3,14,7,0.6667,167.12,chain1_F_chain2_E,0,3,1,0,3,1,0,4,0,0,16,10,0,1,1,1,1,1,1,0,0,pass_conserved_motif,0.70054,0,
backbone_long,RAPCID_backbone_rapcid_backbone_209_model_1.cif.gz,/scratch/a2149a01/RAPCID_2610_output/backbone_long/RAPCID_backbone_rapcid_backbone_209_model_1.cif.gz,B,A,49,38,3.241,2.87,2.645,3,4,17,11,0.6071,108.03,chain1_F_chain2_E,1,2,1,0,2,1,0,11,0,1,10,11,0,1,1,1,1,1,1,0,0,pass_conserved_motif,0.57462,0,
backbone_long,RAPCID_backbone_rapcid_backbone_209_model_2.cif.gz,/scratch/a2149a01/RAPCID_2610_output/backbone_long/RAPCID_backbone_rapcid_backbone_209_model_2.cif.gz,B,A,49,38,2.443,3.561,2.324,9,6,26,19,0.5778,160.8,chain1_F_chain2_E,0,3,1,0,3,1,1,18,0,1,18,10,1,1,1,1,1,1,1,1,1,,0.77242,1,29
backbone_long,RAPCID_backbone_rapcid_backbone_209_model_3.cif.gz,/scratch/a2149a01/RAPCID_2610_output/backbone_long/RAPCID_backbone_rapcid_backbone_209_model_3.cif.gz,B,A,49,38,2.548,2.793,2.882,10,4,34,13,0.7234,117.65,chain1_F_chain2_E,1,3,2,0,3,2,0,11,1,1,19,13,0,1,1,1,1,1,1,0,0,pass_conserved_motif,0.63401,0,
backbone_long,RAPCID_backbone_rapcid_backbone_209_model_4.cif.gz,/scratch/a2149a01/RAPCID_2610_output/backbone_long/RAPCID_backbone_rapcid_backbone_209_model_4.cif.gz,B,A,49,38,2.803,2.805,2.987,5,2,16,3,0.8421,133.21,chain1_F_chain2_E,0,2,1,0,2,1,0,8,0,0,9,9,0,1,1,0,1,1,1,0,0,pass_dual_rap_contact;pass_conserved_motif,0.56291,0,
backbone_long,RAPCID_backbone_rapcid_backbone_209_model_5.cif.gz,/scratch/a2149a01/RAPCID_2610_output/backbone_long/RAPCID_backbone_rapcid_backbone_209_model_5.cif.gz,B,A,49,38,3.053,3.195,2.61,8,6,23,20,0.5349,141.64,chain1_F_chain2_E,0,3,1,0,3,1,1,14,1,1,19,14,2,1,1,1,1,1,1,1,1,,0.77438,1,27
backbone_long,RAPCID_backbone_rapcid_backbone_209_model_6.cif.gz,/scratch/a2149a01/RAPCID_2610_output/backbone_long/RAPCID_backbone_rapcid_backbone_209_model_6.cif.gz,B,A,49,38,2.913,2.373,3.295,10,3,36,9,0.8,150.52,chain1_F_chain2_E,1,3,1,0,3,1,0,3,2,0,17,10,1,2,1,1,1,1,1,1,1,,0.67436,1,288
backbone_long,RAPCID_backbone_rapcid_backbone_209_model_7.cif.gz,/scratch/a2149a01/RAPCID_2610_output/backbone_long/RAPCID_backbone_rapcid_backbone_209_model_7.cif.gz,B,A,49,38,3.02,3.522,2.71,10,5,30,16,0.6522,156.56,chain1_F_chain2_E,0,3,1,0,3,1,1,7,1,1,17,10,0,1,1,1,1,1,1,0,0,pass_conserved_motif,0.80218,0,
backbone_long,RAPCID_backbone_rapcid_backbone_20_model_0.cif.gz,/scratch/a2149a01/RAPCID_2610_output/backbone_long/RAPCID_backbone_rapcid_backbone_20_model_0.cif.gz,A,B,34,33,3.363,2.244,3.485,6,5,16,12,0.5714,141.09,chain1_E_chain2_F,1,0,0,3,1,3,0,2,0,0,12,14,1,1,1,1,1,1,1,1,1,,0.696,1,217
backbone_long,RAPCID_backbone_rapcid_backbone_20_model_1.cif.gz,/scratch/a2149a01/RAPCID_2610_output/backbone_long/RAPCID_backbone_rapcid_backbone_20_model_1.cif.gz,A,B,34,33,12.777,3.141,3.154,2,6,4,13,0.2353,161.09,chain1_E_chain2_F,1,0,0,3,1,3,0,0,0,0,6,14,1,0,1,1,1,1,1,0,0,pass_conserved_motif,0.66144,0,
backbone_long,RAPCID_backbone_rapcid_backbone_20_model_2.cif.gz,/scratch/a2149a01/RAPCID_2610_output/backbone_long/RAPCID_backbone_rapcid_backbone_20_model_2.cif.gz,A,B,34,33,6.161,2.739,3.41,4,8,12,19,0.3871,167.96,chain1_E_chain2_F,2,0,0,3,2,3,1,0,0,0,11,17,1,0,1,1,1,1,1,0,0,pass_conserved_motif,0.7564,0,
backbone_long,RAPCID_backbone_rapcid_backbone_20_model_3.cif.gz,/scratch/a2149a01/RAPCID_2610_output/backbone_long/RAPCID_backbone_rapcid_backbone_20_model_3.cif.gz,A,B,34,33,5.483,3.06,3.073,5,6,12,17,0.4138,140.54,chain1_E_chain2_F,1,0,0,3,1,3,0,0,0,0,10,16,1,0,1,1,1,1,1,0,0,pass_conserved_motif,0.67826,0,
backbone_long,RAPCID_backbone_rapcid_backbone_20_model_4.cif.gz,/scratch/a2149a01/RAPCID_2610_output/backbone_long/RAPCID_backbone_rapcid_backbone_20_model_4.cif.gz,A,B,34,33,6.591,2.392,3.486,4,6,17,17,0.5,155.19,chain1_E_chain2_F,2,0,0,3,2,3,0,0,0,0,11,16,1,0,1,1,1,1,1,0,0,pass_conserved_motif,0.79014,0,
backbone_long,RAPCID_backbone_rapcid_backbone_20_model_5.cif.gz,/scratch/a2149a01/RAPCID_2610_output/backbone_long/RAPCID_backbone_rapcid_backbone_20_model_5.cif.gz,A,B,34,33,9.348,2.813,3.086,4,6,12,16,0.4286,168.59,chain1_E_chain2_F,1,0,0,3,1,3,0,0,0,0,11,16,1,0,1,1,1,1,1,0,0,pass_conserved_motif,0.71375,0,
backbone_long,RAPCID_backbone_rapcid_backbone_20_model_6.cif.gz,/scratch/a2149a01/RAPCID_2610_output/backbone_long/RAPCID_backbone_rapcid_backbone_20_model_6.cif.gz,A,B,34,33,3.4,2.32,3.449,8,6,19,22,0.4634,136.09,chain1_E_chain2_F,1,0,0,3,1,3,0,2,1,1,13,16,1,1,1,1,1,1,1,1,1,,0.72663,1,124
backbone_long,RAPCID_backbone_rapcid_backbone_20_model_7.cif.gz,/scratch/a2149a01/RAPCID_2610_output/backbone_long/RAPCID_backbone_rapcid_backbone_20_model_7.cif.gz,A,B,34,33,2.74,2.689,2.718,5,5,13,16,0.4483,98.02,chain1_E_chain2_F,1,0,0,2,1,2,0,20,2,1,8,9,1,0,1,1,1,1,1,0,0,pass_conserved_motif,0.55177,0,
backbone_long,RAPCID_backbone_rapcid_backbone_210_model_0.cif.gz,/scratch/a2149a01/RAPCID_2610_output/backbone_long/RAPCID_backbone_rapcid_backbone_210_model_0.cif.gz,A,B,45,42,3.074,2.279,3.206,7,6,21,18,0.5385,137.75,chain1_E_chain2_F,2,0,0,3,2,3,0,11,0,2,11,18,1,0,1,1,1,1,1,0,0,pass_conserved_motif,0.77497,0,
backbone_long,RAPCID_backbone_rapcid_backbone_210_model_1.cif.gz,/scratch/a2149a01/RAPCID_2610_output/backbone_long/RAPCID_backbone_rapcid_backbone_210_model_1.cif.gz,A,B,45,42,3.051,2.863,3.328,6,6,15,20,0.4286,105.87,chain1_E_chain2_F,1,0,0,3,1,3,0,21,1,1,9,16,1,0,1,1,1,1,1,0,0,pass_conserved_motif,0.57693,0,
backbone_long,RAPCID_backbone_rapcid_backbone_210_model_2.cif.gz,/scratch/a2149a01/RAPCID_2610_output/backbone_long/RAPCID_backbone_rapcid_backbone_210_model_2.cif.gz,A,B,45,42,2.804,2.872,3.309,4,6,16,17,0.4848,156.62,chain1_E_chain2_F,2,0,0,3,2,3,0,6,0,0,11,14,1,0,1,1,1,1,1,0,0,pass_conserved_motif,0.81886,0,
backbone_long,RAPCID_backbone_rapcid_backbone_210_model_3.cif.gz,/scratch/a2149a01/RAPCID_2610_output/backbone_long/RAPCID_backbone_rapcid_backbone_210_model_3.cif.gz,A,B,45,42,10.182,2.961,3.348,3,6,9,17,0.3462,161.63,chain1_E_chain2_F,1,0,0,3,1,3,0,0,0,0,10,15,1,1,1,1,1,1,1,1,1,,0.70398,1,181
backbone_long,RAPCID_backbone_rapcid_backbone_210_model_4.cif.gz,/scratch/a2149a01/RAPCID_2610_output/backbone_long/RAPCID_backbone_rapcid_backbone_210_model_4.cif.gz,A,B,45,42,12.8,2.926,3.541,3,5,7,17,0.2917,150.38,chain1_E_chain2_F,2,0,0,3,2,3,0,0,0,0,8,16,1,0,1,1,1,1,1,0,0,pass_conserved_motif,0.69078,0,
backbone_long,RAPCID_backbone_rapcid_backbone_210_model_5.cif.gz,/scratch/a2149a01/RAPCID_2610_output/backbone_long/RAPCID_backbone_rapcid_backbone_210_model_5.cif.gz,A,B,45,42,3.987,3.081,3.348,4,5,13,16,0.4483,149.04,chain1_E_chain2_F,2,0,0,3,2,3,0,1,0,0,11,16,1,0,1,1,1,1,1,0,0,pass_conserved_motif,0.75396,0,
backbone_long,RAPCID_backbone_rapcid_backbone_210_model_6.cif.gz,/scratch/a2149a01/RAPCID_2610_output/backbone_long/RAPCID_backbone_rapcid_backbone_210_model_6.cif.gz,A,B,45,42,12.222,3.176,3.193,4,5,11,15,0.4231,163.31,chain1_E_chain2_F,2,0,0,3,2,3,0,0,0,0,10,16,1,0,1,1,1,1,1,0,0,pass_conserved_motif,0.75773,0,
backbone_long,RAPCID_backbone_rapcid_backbone_210_model_7.cif.gz,/scratch/a2149a01/RAPCID_2610_output/backbone_long/RAPCID_backbone_rapcid_backbone_210_model_7.cif.gz,A,B,45,42,2.534,2.663,3.403,4,6,17,22,0.4359,152.23,chain1_E_chain2_F,2,0,0,3,2,3,1,8,0,0,11,15,1,0,1,1,1,1,1,0,0,pass_conserved_motif,0.82323,0,
backbone_long,RAPCID_backbone_rapcid_backbone_211_model_0.cif.gz,/scratch/a2149a01/RAPCID_2610_output/backbone_long/RAPCID_backbone_rapcid_backbone_211_model_0.cif.gz,B,A,43,40,3.294,2.962,2.509,4,7,18,19,0.4865,118.13,chain1_F_chain2_E,1,2,2,0,2,2,0,16,1,1,11,13,1,1,1,1,1,1,1,1,1,,0.66596,1,324
backbone_long,RAPCID_backbone_rapcid_backbone_211_model_1.cif.gz,/scratch/a2149a01/RAPCID_2610_output/backbone_long/RAPCID_backbone_rapcid_backbone_211_model_1.cif.gz,B,A,43,40,7.013,3.151,2.239,5,6,15,13,0.5357,153.86,chain1_F_chain2_E,0,3,1,0,3,1,0,0,0,0,16,12,0,2,1,1,1,1,1,0,0,pass_conserved_motif,0.74287,0,
backbone_long,RAPCID_backbone_rapcid_backbone_211_model_2.cif.gz,/scratch/a2149a01/RAPCID_2610_output/backbone_long/RAPCID_backbone_rapcid_backbone_211_model_2.cif.gz,B,A,43,40,13.758,3.614,4.406,5,2,14,2,0.875,176.46,chain1_F_chain2_E,0,3,1,0,3,1,0,0,0,0,14,6,0,1,1,0,1,1,1,0,0,pass_dual_rap_contact;pass_conserved_motif,0.5661,0,
backbone_long,RAPCID_backbone_rapcid_backbone_211_model_3.cif.gz,/scratch/a2149a01/RAPCID_2610_output/backbone_long/RAPCID_backbone_rapcid_backbone_211_model_3.cif.gz,B,A,43,40,4.484,3.691,2.158,5,6,13,15,0.4643,139.56,chain1_F_chain2_E,0,3,1,0,3,1,0,0,0,0,14,11,0,1,1,1,1,1,1,0,0,pass_conserved_motif,0.69522,0,
backbone_long,RAPCID_backbone_rapcid_backbone_211_model_4.cif.gz,/scratch/a2149a01/RAPCID_2610_output/backbone_long/RAPCID_backbone_rapcid_backbone_211_model_4.cif.gz,B,A,43,40,9.062,3.162,3.043,6,2,19,8,0.7037,156.02,chain1_F_chain2_E,0,3,1,0,3,1,0,0,0,0,15,9,0,1,1,1,1,1,1,0,0,pass_conserved_motif,0.68286,0,
backbone_long,RAPCID_backbone_rapcid_backbone_211_model_5.cif.gz,/scratch/a2149a01/RAPCID_2610_output/backbone_long/RAPCID_backbone_rapcid_backbone_211_model_5.cif.gz,B,A,43,40,12.634,3.344,2.899,5,3,18,5,0.7826,155.67,chain1_F_chain2_E,0,3,1,0,3,1,0,0,0,0,16,8,0,1,1,1,1,1,1,0,0,pass_conserved_motif,0.65014,0,
backbone_long,RAPCID_backbone_rapcid_backbone_211_model_6.cif.gz,/scratch/a2149a01/RAPCID_2610_output/backbone_long/RAPCID_backbone_rapcid_backbone_211_model_6.cif.gz,B,A,43,40,11.451,3.256,2.888,6,2,17,7,0.7083,143.68,chain1_F_chain2_E,0,3,2,0,3,2,0,0,0,0,15,8,0,1,1,1,1,1,1,0,0,pass_conserved_motif,0.66845,0,
backbone_long,RAPCID_backbone_rapcid_backbone_211_model_7.cif.gz,/scratch/a2149a01/RAPCID_2610_output/backbone_long/RAPCID_backbone_rapcid_backbone_211_model_7.cif.gz,B,A,43,40,13.444,3.676,3.3,5,2,14,4,0.7778,169.19,chain1_F_chain2_E,0,3,1,0,3,1,0,0,0,0,16,6,1,1,1,1,1,1,1,1,1,,0.62922,1,437
backbone_long,RAPCID_backbone_rapcid_backbone_212_model_0.cif.gz,/scratch/a2149a01/RAPCID_2610_output/backbone_long/RAPCID_backbone_rapcid_backbone_212_model_0.cif.gz,A,B,45,39,2.614,3.054,2.242,5,4,13,12,0.52,109.63,chain1_E_chain2_F,1,0,0,2,1,2,0,10,0,1,10,9,1,0,1,1,1,1,1,0,0,pass_conserved_motif,0.61983,0,
backbone_long,RAPCID_backbone_rapcid_backbone_212_model_1.cif.gz,/scratch/a2149a01/RAPCID_2610_output/backbone_long/RAPCID_backbone_rapcid_backbone_212_model_1.cif.gz,A,B,45,39,9.446,3.022,3.448,4,5,7,17,0.2917,155.18,chain1_E_chain2_F,1,0,0,3,1,3,0,0,0,0,10,15,1,0,1,1,1,1,1,0,0,pass_conserved_motif,0.6782,0,
backbone_long,RAPCID_backbone_rapcid_backbone_212_model_2.cif.gz,/scratch/a2149a01/RAPCID_2610_output/backbone_long/RAPCID_backbone_rapcid_backbone_212_model_2.cif.gz,A,B,45,39,11.559,3.353,3.55,3,5,9,16,0.36,164.84,chain1_E_chain2_F,1,0,0,3,1,3,0,0,0,0,9,15,1,0,1,1,1,1,1,0,0,pass_conserved_motif,0.69881,0,
backbone_long,RAPCID_backbone_rapcid_backbone_212_model_3.cif.gz,/scratch/a2149a01/RAPCID_2610_output/backbone_long/RAPCID_backbone_rapcid_backbone_212_model_3.cif.gz,A,B,45,39,3.26,2.959,2.956,4,5,9,17,0.3462,121.06,chain1_E_chain2_F,1,0,0,2,1,2,0,4,0,1,10,8,2,1,1,1,1,1,1,1,1,,0.59439,1,513
backbone_long,RAPCID_backbone_rapcid_backbone_212_model_4.cif.gz,/scratch/a2149a01/RAPCID_2610_output/backbone_long/RAPCID_backbone_rapcid_backbone_212_model_4.cif.gz,A,B,45,39,3.121,2.904,2.491,4,7,11,16,0.4074,111.49,chain1_E_chain2_F,1,0,0,3,1,3,0,7,1,1,9,15,2,0,1,1,1,1,1,0,0,pass_conserved_motif,0.64723,0,
backbone_long,RAPCID_backbone_rapcid_backbone_212_model_5.cif.gz,/scratch/a2149a01/RAPCID_2610_output/backbone_long/RAPCID_backbone_rapcid_backbone_212_model_5.cif.gz,A,B,45,39,7.705,2.761,2.643,4,4,15,12,0.5556,129.29,chain1_E_chain2_F,2,0,0,2,2,2,0,0,0,0,11,14,1,0,1,1,1,1,1,0,0,pass_conserved_motif,0.65303,0,
backbone_long,RAPCID_backbone_rapcid_backbone_212_model_6.cif.gz,/scratch/a2149a01/RAPCID_2610_output/backbone_long/RAPCID_backbone_rapcid_backbone_212_model_6.cif.gz,A,B,45,39,2.82,2.953,3.072,5,8,18,28,0.3913,167.05,chain1_E_chain2_F,1,0,0,3,1,3,1,7,0,0,12,17,2,1,1,1,1,1,1,1,1,,0.76754,1,35
backbone_long,RAPCID_backbone_rapcid_backbone_212_model_7.cif.gz,/scratch/a2149a01/RAPCID_2610_output/backbone_long/RAPCID_backbone_rapcid_backbone_212_model_7.cif.gz,A,B,45,39,2.992,2.728,2.843,4,4,15,12,0.5556,112.49,chain1_E_chain2_F,1,0,0,2,1,2,0,9,0,0,11,11,1,1,1,1,1,1,1,1,1,,0.60345,1,501
backbone_long,RAPCID_backbone_rapcid_backbone_213_model_0.cif.gz,/scratch/a2149a01/RAPCID_2610_output/backbone_long/RAPCID_backbone_rapcid_backbone_213_model_0.cif.gz,B,A,53,41,3.18,2.767,2.004,4,4,11,20,0.3548,109.13,chain1_F_chain2_E,0,2,1,0,2,1,0,11,0,0,10,10,0,2,1,1,1,1,1,0,0,pass_conserved_motif,0.54641,0,
backbone_long,RAPCID_backbone_rapcid_backbone_213_model_1.cif.gz,/scratch/a2149a01/RAPCID_2610_output/backbone_long/RAPCID_backbone_rapcid_backbone_213_model_1.cif.gz,B,A,53,41,3.191,2.998,2.502,4,5,16,16,0.5,118.44,chain1_F_chain2_E,1,2,1,0,2,1,0,14,0,1,12,9,0,2,1,1,1,1,1,0,0,pass_conserved_motif,0.6372,0,
backbone_long,RAPCID_backbone_rapcid_backbone_213_model_2.cif.gz,/scratch/a2149a01/RAPCID_2610_output/backbone_long/RAPCID_backbone_rapcid_backbone_213_model_2.cif.gz,B,A,53,41,3.189,3.301,1.766,4,5,12,19,0.3871,133.81,chain1_F_chain2_E,0,2,2,0,2,2,0,10,0,0,9,10,0,1,0,1,1,1,1,0,0,pass_no_clash;pass_conserved_motif,0.67517,0,
backbone_long,RAPCID_backbone_rapcid_backbone_213_model_3.cif.gz,/scratch/a2149a01/RAPCID_2610_output/backbone_long/RAPCID_backbone_rapcid_backbone_213_model_3.cif.gz,B,A,53,41,2.989,2.908,2.325,6,6,22,18,0.55,121.18,chain1_F_chain2_E,0,3,1,0,3,1,0,15,0,0,10,10,0,1,1,1,1,1,1,0,0,pass_conserved_motif,0.63321,0,
backbone_long,RAPCID_backbone_rapcid_backbone_213_model_4.cif.gz,/scratch/a2149a01/RAPCID_2610_output/backbone_long/RAPCID_backbone_rapcid_backbone_213_model_4.cif.gz,B,A,53,41,2.942,3.149,3.185,6,3,18,7,0.72,130.41,chain1_F_chain2_E,0,2,2,0,2,2,0,12,0,0,12,15,0,1,1,1,1,1,1,0,0,pass_conserved_motif,0.611,0,
backbone_long,RAPCID_backbone_rapcid_backbone_213_model_5.cif.gz,/scratch/a2149a01/RAPCID_2610_output/backbone_long/RAPCID_backbone_rapcid_backbone_213_model_5.cif.gz,B,A,53,41,2.671,3.1,2.982,4,4,13,14,0.4815,105.98,chain1_F_chain2_E,1,3,1,0,3,1,0,22,1,1,11,10,1,2,1,1,1,1,1,1,1,,0.59349,1,514
backbone_long,RAPCID_backbone_rapcid_backbone_213_model_6.cif.gz,/scratch/a2149a01/RAPCID_2610_output/backbone_long/RAPCID_backbone_rapcid_backbone_213_model_6.cif.gz,B,A,53,41,3.251,2.107,3.213,5,4,14,11,0.56,108.22,chain1_F_chain2_E,0,2,1,0,2,1,0,9,1,1,10,9,0,1,1,1,1,1,1,0,0,pass_conserved_motif,0.62078,0,
backbone_long,RAPCID_backbone_rapcid_backbone_213_model_7.cif.gz,/scratch/a2149a01/RAPCID_2610_output/backbone_long/RAPCID_backbone_rapcid_backbone_213_model_7.cif.gz,B,A,53,41,2.95,3.372,2.635,5,4,12,9,0.5714,117.78,chain1_F_chain2_E,0,2,1,0,2,1,0,7,0,0,9,9,0,1,1,1,1,1,1,0,0,pass_conserved_motif,0.61473,0,
backbone_long,RAPCID_backbone_rapcid_backbone_214_model_0.cif.gz,/scratch/a2149a01/RAPCID_2610_output/backbone_long/RAPCID_backbone_rapcid_backbone_214_model_0.cif.gz,A,B,47,33,8.957,3.046,2.949,2,5,5,16,0.2381,168.6,chain1_E_chain2_F,1,0,0,3,1,3,0,0,0,0,8,16,1,0,1,1,1,1,1,0,0,pass_conserved_motif,0.63753,0,
backbone_long,RAPCID_backbone_rapcid_backbone_214_model_1.cif.gz,/scratch/a2149a01/RAPCID_2610_output/backbone_long/RAPCID_backbone_rapcid_backbone_214_model_1.cif.gz,A,B,47,33,8.871,2.896,3.305,3,4,8,15,0.3478,152.23,chain1_E_chain2_F,1,0,0,2,1,2,0,0,0,0,9,15,2,0,1,1,1,1,1,0,0,pass_conserved_motif,0.66229,0,
backbone_long,RAPCID_backbone_rapcid_backbone_214_model_2.cif.gz,/scratch/a2149a01/RAPCID_2610_output/backbone_long/RAPCID_backbone_rapcid_backbone_214_model_2.cif.gz,A,B,47,33,3.614,2.467,3.741,4,5,9,9,0.5,160.94,chain1_E_chain2_F,1,0,0,3,1,3,0,1,0,0,10,15,1,0,1,1,1,1,1,0,0,pass_conserved_motif,0.77281,0,
backbone_long,RAPCID_backbone_rapcid_backbone_214_model_3.cif.gz,/scratch/a2149a01/RAPCID_2610_output/backbone_long/RAPCID_backbone_rapcid_backbone_214_model_3.cif.gz,A,B,47,33,10.445,3.009,3.193,5,5,8,20,0.2857,149.36,chain1_E_chain2_F,2,0,0,3,2,3,0,0,0,0,14,15,1,0,1,1,1,1,1,0,0,pass_conserved_motif,0.685,0,
backbone_long,RAPCID_backbone_rapcid_backbone_214_model_4.cif.gz,/scratch/a2149a01/RAPCID_2610_output/backbone_long/RAPCID_backbone_rapcid_backbone_214_model_4.cif.gz,A,B,47,33,8.778,3.154,3.403,4,6,19,21,0.475,175.8,chain1_E_chain2_F,1,0,0,3,1,3,0,0,0,0,11,15,3,1,1,1,1,1,1,1,1,,0.7083,1,175
backbone_long,RAPCID_backbone_rapcid_backbone_214_model_5.cif.gz,/scratch/a2149a01/RAPCID_2610_output/backbone_long/RAPCID_backbone_rapcid_backbone_214_model_5.cif.gz,A,B,47,33,13.944,3.331,3.536,2,5,4,13,0.2353,156.86,chain1_E_chain2_F,1,0,0,3,1,3,0,0,0,0,8,16,1,1,1,1,1,1,1,1,1,,0.66129,1,344
backbone_long,RAPCID_backbone_rapcid_backbone_214_model_6.cif.gz,/scratch/a2149a01/RAPCID_2610_output/backbone_long/RAPCID_backbone_rapcid_backbone_214_model_6.cif.gz,A,B,47,33,12.726,3.091,2.919,2,5,11,15,0.4231,149.63,chain1_E_chain2_F,2,0,0,3,2,3,0,0,0,0,8,16,2,0,1,1,1,1,1,0,0,pass_conserved_motif,0.74084,0,
backbone_long,RAPCID_backbone_rapcid_backbone_214_model_7.cif.gz,/scratch/a2149a01/RAPCID_2610_output/backbone_long/RAPCID_backbone_rapcid_backbone_214_model_7.cif.gz,A,B,47,33,10.384,2.68,3.355,2,4,7,17,0.2917,169.2,chain1_E_chain2_F,1,0,0,2,1,2,0,0,0,0,7,15,1,0,1,1,1,1,1,0,0,pass_conserved_motif,0.62839,0,
backbone_long,RAPCID_backbone_rapcid_backbone_215_model_0.cif.gz,/scratch/a2149a01/RAPCID_2610_output/backbone_long/RAPCID_backbone_rapcid_backbone_215_model_0.cif.gz,B,A,41,37,3.588,2.65,3.53,5,4,14,9,0.6087,118.14,chain1_F_chain2_E,0,2,1,0,2,1,0,3,0,0,8,8,0,1,1,1,1,1,1,0,0,pass_conserved_motif,0.58103,0,
backbone_long,RAPCID_backbone_rapcid_backbone_215_model_1.cif.gz,/scratch/a2149a01/RAPCID_2610_output/backbone_long/RAPCID_backbone_rapcid_backbone_215_model_1.cif.gz,B,A,41,37,2.893,2.427,2.643,6,5,21,18,0.5385,107.76,chain1_F_chain2_E,0,2,1,0,2,1,0,15,1,1,10,10,0,2,1,1,1,1,1,0,0,pass_conserved_motif,0.59786,0,
backbone_long,RAPCID_backbone_rapcid_backbone_215_model_2.cif.gz,/scratch/a2149a01/RAPCID_2610_output/backbone_long/RAPCID_backbone_rapcid_backbone_215_model_2.cif.gz,B,A,41,37,3.199,3.256,2.992,6,6,13,14,0.4815,118.24,chain1_F_chain2_E,1,3,3,0,3,3,0,16,1,1,14,16,0,2,1,1,1,1,1,0,0,pass_conserved_motif,0.72148,0,
backbone_long,RAPCID_backbone_rapcid_backbone_215_model_3.cif.gz,/scratch/a2149a01/RAPCID_2610_output/backbone_long/RAPCID_backbone_rapcid_backbone_215_model_3.cif.gz,B,A,41,37,3.374,2.822,2.964,4,4,18,10,0.6429,122.31,chain1_F_chain2_E,1,2,1,0,2,1,0,10,1,0,10,10,0,1,1,1,1,1,1,0,0,pass_conserved_motif,0.61294,0,
backbone_long,RAPCID_backbone_rapcid_backbone_215_model_4.cif.gz,/scratch/a2149a01/RAPCID_2610_output/backbone_long/RAPCID_backbone_rapcid_backbone_215_model_4.cif.gz,B,A,41,37,3.258,3.772,2.871,5,7,15,19,0.4412,119.91,chain1_F_chain2_E,0,3,2,0,3,2,0,6,0,1,15,10,0,1,1,1,1,1,1,0,0,pass_conserved_motif,0.69571,0,
backbone_long,RAPCID_backbone_rapcid_backbone_215_model_5.cif.gz,/scratch/a2149a01/RAPCID_2610_output/backbone_long/RAPCID_backbone_rapcid_backbone_215_model_5.cif.gz,B,A,41,37,3.044,3.242,2.758,6,5,12,13,0.48,125.3,chain1_F_chain2_E,0,3,1,0,3,1,0,14,0,1,14,11,0,1,1,1,1,1,1,0,0,pass_conserved_motif,0.68061,0,
backbone_long,RAPCID_backbone_rapcid_backbone_215_model_6.cif.gz,/scratch/a2149a01/RAPCID_2610_output/backbone_long/RAPCID_backbone_rapcid_backbone_215_model_6.cif.gz,B,A,41,37,3.957,3.673,2.942,4,3,6,8,0.4286,129.14,chain1_F_chain2_E,0,3,1,0,3,1,0,1,0,0,10,9,0,2,1,1,1,1,1,0,0,pass_conserved_motif,0.65119,0,
backbone_long,RAPCID_backbone_rapcid_backbone_215_model_7.cif.gz,/scratch/a2149a01/RAPCID_2610_output/backbone_long/RAPCID_backbone_rapcid_backbone_215_model_7.cif.gz,B,A,41,37,3.139,2.84,3.414,5,4,18,10,0.6429,123.74,chain1_F_chain2_E,1,2,1,0,2,1,0,17,0,1,12,9,0,1,1,1,1,1,1,0,0,pass_conserved_motif,0.58269,0,
backbone_long,RAPCID_backbone_rapcid_backbone_216_model_0.cif.gz,/scratch/a2149a01/RAPCID_2610_output/backbone_long/RAPCID_backbone_rapcid_backbone_216_model_0.cif.gz,B,A,47,41,4.022,2.706,2.533,4,3,7,7,0.5,139.71,chain1_F_chain2_E,0,1,1,0,1,1,0,0,0,0,9,9,0,1,1,1,1,1,1,0,0,pass_conserved_motif,0.65285,0,
backbone_long,RAPCID_backbone_rapcid_backbone_216_model_1.cif.gz,/scratch/a2149a01/RAPCID_2610_output/backbone_long/RAPCID_backbone_rapcid_backbone_216_model_1.cif.gz,B,A,47,41,3.53,2.87,2.551,7,4,22,14,0.6111,124.14,chain1_F_chain2_E,1,3,2,0,3,2,1,4,0,1,15,8,0,1,1,1,1,1,1,0,0,pass_conserved_motif,0.70744,0,
backbone_long,RAPCID_backbone_rapcid_backbone_216_model_2.cif.gz,/scratch/a2149a01/RAPCID_2610_output/backbone_long/RAPCID_backbone_rapcid_backbone_216_model_2.cif.gz,B,A,47,41,3.466,2.144,3.195,5,4,17,9,0.6538,122.11,chain1_F_chain2_E,0,2,1,0,2,1,0,5,1,1,8,10,0,1,1,1,1,1,1,0,0,pass_conserved_motif,0.61955,0,
backbone_long,RAPCID_backbone_rapcid_backbone_216_model_3.cif.gz,/scratch/a2149a01/RAPCID_2610_output/backbone_long/RAPCID_backbone_rapcid_backbone_216_model_3.cif.gz,B,A,47,41,3.249,3.065,2.777,4,3,7,8,0.4667,138.69,chain1_F_chain2_E,0,3,1,0,3,1,0,2,0,0,13,9,0,1,1,1,1,1,1,0,0,pass_conserved_motif,0.70325,0,
backbone_long,RAPCID_backbone_rapcid_backbone_216_model_4.cif.gz,/scratch/a2149a01/RAPCID_2610_output/backbone_long/RAPCID_backbone_rapcid_backbone_216_model_4.cif.gz,B,A,47,41,3.168,2.931,2.989,4,4,15,11,0.5769,107.86,chain1_F_chain2_E,1,2,1,0,2,1,0,10,0,0,10,10,0,1,1,1,1,1,1,0,0,pass_conserved_motif,0.57447,0,
backbone_long,RAPCID_backbone_rapcid_backbone_216_model_5.cif.gz,/scratch/a2149a01/RAPCID_2610_output/backbone_long/RAPCID_backbone_rapcid_backbone_216_model_5.cif.gz,B,A,47,41,3.432,3.648,3.166,5,5,12,11,0.5217,132.78,chain1_F_chain2_E,0,3,1,0,3,1,0,3,0,0,11,10,0,1,1,1,1,1,1,0,0,pass_conserved_motif,0.69318,0,
backbone_long,RAPCID_backbone_rapcid_backbone_216_model_6.cif.gz,/scratch/a2149a01/RAPCID_2610_output/backbone_long/RAPCID_backbone_rapcid_backbone_216_model_6.cif.gz,B,A,47,41,3.452,3.566,2.899,5,3,9,9,0.5,153.17,chain1_F_chain2_E,0,3,1,0,3,1,0,2,0,0,13,10,0,1,1,1,1,1,1,0,0,pass_conserved_motif,0.76485,0,
backbone_long,RAPCID_backbone_rapcid_backbone_216_model_7.cif.gz,/scratch/a2149a01/RAPCID_2610_output/backbone_long/RAPCID_backbone_rapcid_backbone_216_model_7.cif.gz,B,A,47,41,3.147,2.861,2.942,6,3,15,13,0.5357,128.86,chain1_F_chain2_E,0,3,2,0,3,2,0,12,0,0,12,11,0,1,1,1,1,1,1,0,0,pass_conserved_motif,0.70811,0,
backbone_long,RAPCID_backbone_rapcid_backbone_217_model_0.cif.gz,/scratch/a2149a01/RAPCID_2610_output/backbone_long/RAPCID_backbone_rapcid_backbone_217_model_0.cif.gz,B,A,46,41,2.776,2.532,3.006,4,3,15,13,0.5357,116.44,chain1_F_chain2_E,1,2,1,0,2,1,0,22,0,1,12,10,0,2,1,1,1,1,1,0,0,pass_conserved_motif,0.57624,0,
backbone_long,RAPCID_backbone_rapcid_backbone_217_model_1.cif.gz,/scratch/a2149a01/RAPCID_2610_output/backbone_long/RAPCID_backbone_rapcid_backbone_217_model_1.cif.gz,B,A,46,41,2.624,2.609,1.289,5,4,13,15,0.4643,103.42,chain1_F_chain2_E,0,2,1,0,2,1,0,15,1,1,8,11,0,2,0,1,1,1,1,0,0,pass_no_clash;pass_conserved_motif,0.58448,0,
backbone_long,RAPCID_backbone_rapcid_backbone_217_model_2.cif.gz,/scratch/a2149a01/RAPCID_2610_output/backbone_long/RAPCID_backbone_rapcid_backbone_217_model_2.cif.gz,B,A,46,41,2.746,3.496,2.512,5,5,12,16,0.4286,125.06,chain1_F_chain2_E,0,3,1,0,3,1,0,22,0,0,12,9,0,1,1,1,1,1,1,0,0,pass_conserved_motif,0.60258,0,
backbone_long,RAPCID_backbone_rapcid_backbone_217_model_3.cif.gz,/scratch/a2149a01/RAPCID_2610_output/backbone_long/RAPCID_backbone_rapcid_backbone_217_model_3.cif.gz,B,A,46,41,3.198,2.861,2.985,5,4,14,14,0.5,115.35,chain1_F_chain2_E,0,2,1,0,2,1,0,14,1,1,9,10,1,1,1,1,1,1,1,1,1,,0.64355,1,398
backbone_long,RAPCID_backbone_rapcid_backbone_217_model_4.cif.gz,/scratch/a2149a01/RAPCID_2610_output/backbone_long/RAPCID_backbone_rapcid_backbone_217_model_4.cif.gz,B,A,46,41,3.027,2.666,3.333,5,5,9,11,0.45,131.73,chain1_F_chain2_E,0,3,1,0,3,1,0,21,0,0,11,8,0,1,1,1,1,1,1,0,0,pass_conserved_motif,0.63837,0,
backbone_long,RAPCID_backbone_rapcid_backbone_217_model_5.cif.gz,/scratch/a2149a01/RAPCID_2610_output/backbone_long/RAPCID_backbone_rapcid_backbone_217_model_5.cif.gz,B,A,46,41,3.132,3.178,3.039,6,3,17,7,0.7083,106.23,chain1_F_chain2_E,2,2,2,0,2,2,0,16,2,1,10,8,0,1,1,1,1,1,1,0,0,pass_conserved_motif,0.56505,0,
backbone_long,RAPCID_backbone_rapcid_backbone_217_model_6.cif.gz,/scratch/a2149a01/RAPCID_2610_output/backbone_long/RAPCID_backbone_rapcid_backbone_217_model_6.cif.gz,B,A,46,41,3.252,3.147,2.389,6,3,14,11,0.56,133.47,chain1_F_chain2_E,0,3,2,0,3,2,0,11,0,0,9,10,0,1,1,1,1,1,1,0,0,pass_conserved_motif,0.71875,0,
backbone_long,RAPCID_backbone_rapcid_backbone_217_model_7.cif.gz,/scratch/a2149a01/RAPCID_2610_output/backbone_long/RAPCID_backbone_rapcid_backbone_217_model_7.cif.gz,B,A,46,41,3.417,3.131,2.686,3,5,9,13,0.4091,126.85,chain1_F_chain2_E,0,2,1,0,2,1,0,3,0,0,12,10,0,1,1,1,1,1,1,0,0,pass_conserved_motif,0.61717,0,
backbone_long,RAPCID_backbone_rapcid_backbone_218_model_0.cif.gz,/scratch/a2149a01/RAPCID_2610_output/backbone_long/RAPCID_backbone_rapcid_backbone_218_model_0.cif.gz,B,A,48,46,3.164,2.797,2.448,5,5,13,13,0.5,120.52,chain1_F_chain2_E,0,2,1,0,2,1,0,9,1,0,10,10,0,1,1,1,1,1,1,0,0,pass_conserved_motif,0.6691,0,
backbone_long,RAPCID_backbone_rapcid_backbone_218_model_1.cif.gz,/scratch/a2149a01/RAPCID_2610_output/backbone_long/RAPCID_backbone_rapcid_backbone_218_model_1.cif.gz,B,A,48,46,2.873,3.032,2.224,6,5,14,13,0.5185,131.66,chain1_F_chain2_E,0,2,2,0,2,2,0,10,0,0,14,13,0,1,1,1,1,1,1,0,0,pass_conserved_motif,0.70574,0,
backbone_long,RAPCID_backbone_rapcid_backbone_218_model_2.cif.gz,/scratch/a2149a01/RAPCID_2610_output/backbone_long/RAPCID_backbone_rapcid_backbone_218_model_2.cif.gz,B,A,48,46,3.363,3.517,2.966,5,3,14,7,0.6667,129.76,chain1_F_chain2_E,0,2,1,0,2,1,0,3,0,0,8,10,0,1,1,1,1,1,1,0,0,pass_conserved_motif,0.59658,0,
backbone_long,RAPCID_backbone_rapcid_backbone_218_model_3.cif.gz,/scratch/a2149a01/RAPCID_2610_output/backbone_long/RAPCID_backbone_rapcid_backbone_218_model_3.cif.gz,B,A,48,46,2.762,2.403,3.086,5,3,15,6,0.7143,125.1,chain1_F_chain2_E,0,2,1,0,2,1,0,7,1,0,8,10,0,2,1,1,1,1,1,0,0,pass_conserved_motif,0.59865,0,
backbone_long,RAPCID_backbone_rapcid_backbone_218_model_4.cif.gz,/scratch/a2149a01/RAPCID_2610_output/backbone_long/RAPCID_backbone_rapcid_backbone_218_model_4.cif.gz,B,A,48,46,3.053,2.475,3.0,3,5,13,17,0.4333,116.02,chain1_F_chain2_E,1,2,2,0,2,2,1,18,0,1,9,10,0,1,1,1,1,1,1,0,0,pass_conserved_motif,0.6396,0,
backbone_long,RAPCID_backbone_rapcid_backbone_218_model_5.cif.gz,/scratch/a2149a01/RAPCID_2610_output/backbone_long/RAPCID_backbone_rapcid_backbone_218_model_5.cif.gz,B,A,48,46,2.817,2.887,2.323,4,4,10,15,0.4,132.17,chain1_F_chain2_E,0,2,2,0,2,2,1,19,0,0,8,13,0,2,1,1,1,1,1,0,0,pass_conserved_motif,0.65844,0,
backbone_long,RAPCID_backbone_rapcid_backbone_218_model_6.cif.gz,/scratch/a2149a01/RAPCID_2610_output/backbone_long/RAPCID_backbone_rapcid_backbone_218_model_6.cif.gz,B,A,48,46,2.187,2.758,2.542,4,4,14,14,0.5,114.51,chain1_F_chain2_E,1,2,1,0,2,1,0,18,0,1,10,10,0,1,1,1,1,1,1,0,0,pass_conserved_motif,0.60407,0,
backbone_long,RAPCID_backbone_rapcid_backbone_218_model_7.cif.gz,/scratch/a2149a01/RAPCID_2610_output/backbone_long/RAPCID_backbone_rapcid_backbone_218_model_7.cif.gz,B,A,48,46,2.99,2.658,3.043,6,5,13,15,0.4643,127.32,chain1_F_chain2_E,1,2,2,0,2,2,0,8,1,1,9,13,0,1,1,1,1,1,1,0,0,pass_conserved_motif,0.72773,0,
backbone_long,RAPCID_backbone_rapcid_backbone_219_model_0.cif.gz,/scratch/a2149a01/RAPCID_2610_output/backbone_long/RAPCID_backbone_rapcid_backbone_219_model_0.cif.gz,B,A,40,29,2.615,2.755,2.844,7,3,16,7,0.6957,109.37,chain1_F_chain2_E,1,3,1,0,3,1,0,10,0,0,13,10,0,1,1,1,1,1,1,0,0,pass_conserved_motif,0.56059,0,
backbone_long,RAPCID_backbone_rapcid_backbone_219_model_1.cif.gz,/scratch/a2149a01/RAPCID_2610_output/backbone_long/RAPCID_backbone_rapcid_backbone_219_model_1.cif.gz,B,A,40,29,3.189,2.615,2.889,4,4,17,12,0.5862,130.35,chain1_F_chain2_E,1,2,1,0,2,1,0,3,0,0,12,10,0,1,1,1,1,1,1,0,0,pass_conserved_motif,0.63072,0,
backbone_long,RAPCID_backbone_rapcid_backbone_219_model_2.cif.gz,/scratch/a2149a01/RAPCID_2610_output/backbone_long/RAPCID_backbone_rapcid_backbone_219_model_2.cif.gz,B,A,40,29,3.254,2.924,3.804,4,4,9,7,0.5625,118.15,chain1_F_chain2_E,1,2,1,0,2,1,0,3,1,0,10,11,1,1,1,1,1,1,1,1,1,,0.61621,1,476
backbone_long,RAPCID_backbone_rapcid_backbone_219_model_3.cif.gz,/scratch/a2149a01/RAPCID_2610_output/backbone_long/RAPCID_backbone_rapcid_backbone_219_model_3.cif.gz,B,A,40,29,3.616,2.355,2.774,5,3,13,10,0.5652,118.12,chain1_F_chain2_E,1,2,1,0,2,1,0,5,0,0,11,10,0,1,1,1,1,1,1,0,0,pass_conserved_motif,0.60836,0,
backbone_long,RAPCID_backbone_rapcid_backbone_219_model_4.cif.gz,/scratch/a2149a01/RAPCID_2610_output/backbone_long/RAPCID_backbone_rapcid_backbone_219_model_4.cif.gz,B,A,40,29,3.026,2.856,3.191,5,6,13,17,0.4333,117.75,chain1_F_chain2_E,0,2,2,0,2,2,0,7,0,0,10,12,0,2,1,1,1,1,1,0,0,pass_conserved_motif,0.64512,0,
backbone_long,RAPCID_backbone_rapcid_backbone_219_model_5.cif.gz,/scratch/a2149a01/RAPCID_2610_output/backbone_long/RAPCID_backbone_rapcid_backbone_219_model_5.cif.gz,B,A,40,29,2.47,3.511,2.642,4,3,11,12,0.4783,110.1,chain1_F_chain2_E,0,2,1,0,2,1,0,3,1,1,9,10,0,2,1,1,1,1,1,0,0,pass_conserved_motif,0.62236,0,
backbone_long,RAPCID_backbone_rapcid_backbone_219_model_6.cif.gz,/scratch/a2149a01/RAPCID_2610_output/backbone_long/RAPCID_backbone_rapcid_backbone_219_model_6.cif.gz,B,A,40,29,3.282,4.087,2.897,3,6,4,14,0.2222,111.75,chain1_F_chain2_E,0,2,1,0,2,1,0,7,0,0,12,11,0,1,1,1,1,1,1,0,0,pass_conserved_motif,0.51211,0,
backbone_long,RAPCID_backbone_rapcid_backbone_219_model_7.cif.gz,/scratch/a2149a01/RAPCID_2610_output/backbone_long/RAPCID_backbone_rapcid_backbone_219_model_7.cif.gz,B,A,40,29,3.185,3.123,3.104,5,6,9,13,0.4091,118.18,chain1_F_chain2_E,0,3,1,0,3,1,0,6,0,1,12,10,0,1,1,1,1,1,1,0,0,pass_conserved_motif,0.64851,0,
backbone_long,RAPCID_backbone_rapcid_backbone_21_model_0.cif.gz,/scratch/a2149a01/RAPCID_2610_output/backbone_long/RAPCID_backbone_rapcid_backbone_21_model_0.cif.gz,B,A,41,26,3.549,3.467,3.019,6,3,17,6,0.7391,111.99,chain1_F_chain2_E,0,2,1,0,2,1,0,2,1,1,10,9,0,1,1,1,1,1,1,0,0,pass_conserved_motif,0.53669,0,
backbone_long,RAPCID_backbone_rapcid_backbone_21_model_1.cif.gz,/scratch/a2149a01/RAPCID_2610_output/backbone_long/RAPCID_backbone_rapcid_backbone_21_model_1.cif.gz,B,A,41,26,6.427,3.326,2.807,4,4,12,12,0.5,120.39,chain1_F_chain2_E,1,3,3,0,3,3,0,0,0,0,12,9,0,1,1,1,1,1,1,0,0,pass_conserved_motif,0.70272,0,
backbone_long,RAPCID_backbone_rapcid_backbone_21_model_2.cif.gz,/scratch/a2149a01/RAPCID_2610_output/backbone_long/RAPCID_backbone_rapcid_backbone_21_model_2.cif.gz,B,A,41,26,7.968,3.423,3.084,6,4,15,17,0.4688,163.92,chain1_F_chain2_E,0,3,2,0,3,2,1,0,0,0,13,12,1,1,1,1,1,1,1,1,1,,0.80254,1,9
backbone_long,RAPCID_backbone_rapcid_backbone_21_model_3.cif.gz,/scratch/a2149a01/RAPCID_2610_output/backbone_long/RAPCID_backbone_rapcid_backbone_21_model_3.cif.gz,B,A,41,26,3.49,2.916,2.552,5,4,16,18,0.4706,113.63,chain1_F_chain2_E,0,2,2,0,2,2,0,4,1,1,9,11,0,1,1,1,1,1,1,0,0,pass_conserved_motif,0.66462,0,
backbone_long,RAPCID_backbone_rapcid_backbone_21_model_4.cif.gz,/scratch/a2149a01/RAPCID_2610_output/backbone_long/RAPCID_backbone_rapcid_backbone_21_model_4.cif.gz,B,A,41,26,13.606,3.707,3.493,2,3,6,7,0.4615,151.83,chain1_F_chain2_E,0,2,1,0,2,1,0,0,0,0,9,6,0,1,1,1,1,1,1,0,0,pass_conserved_motif,0.70642,0,
backbone_long,RAPCID_backbone_rapcid_backbone_21_model_5.cif.gz,/scratch/a2149a01/RAPCID_2610_output/backbone_long/RAPCID_backbone_rapcid_backbone_21_model_5.cif.gz,B,A,41,26,9.893,3.592,3.236,6,4,12,9,0.5714,150.84,chain1_F_chain2_E,0,3,2,0,3,2,0,0,0,0,10,11,0,1,1,1,1,1,1,0,0,pass_conserved_motif,0.74708,0,
backbone_long,RAPCID_backbone_rapcid_backbone_21_model_6.cif.gz,/scratch/a2149a01/RAPCID_2610_output/backbone_long/RAPCID_backbone_rapcid_backbone_21_model_6.cif.gz,B,A,41,26,8.139,3.441,2.263,6,3,12,8,0.6,147.56,chain1_F_chain2_E,0,2,2,0,2,2,0,0,0,0,12,10,0,1,1,1,1,1,1,0,0,pass_conserved_motif,0.69616,0,
backbone_long,RAPCID_backbone_rapcid_backbone_21_model_7.cif.gz,/scratch/a2149a01/RAPCID_2610_output/backbone_long/RAPCID_backbone_rapcid_backbone_21_model_7.cif.gz,B,A,41,26,3.87,3.19,2.999,5,4,14,13,0.5185,133.9,chain1_F_chain2_E,0,2,2,0,2,2,0,2,0,0,11,12,0,1,1,1,1,1,1,0,0,pass_conserved_motif,0.69321,0,
backbone_long,RAPCID_backbone_rapcid_backbone_220_model_0.cif.gz,/scratch/a2149a01/RAPCID_2610_output/backbone_long/RAPCID_backbone_rapcid_backbone_220_model_0.cif.gz,B,A,49,42,3.068,2.86,3.091,4,3,13,7,0.65,112.53,chain1_F_chain2_E,0,2,1,0,2,1,0,16,0,0,9,9,0,1,1,1,1,1,1,0,0,pass_conserved_motif,0.53081,0,
backbone_long,RAPCID_backbone_rapcid_backbone_220_model_1.cif.gz,/scratch/a2149a01/RAPCID_2610_output/backbone_long/RAPCID_backbone_rapcid_backbone_220_model_1.cif.gz,B,A,49,42,2.799,3.401,2.89,5,4,13,15,0.4643,103.95,chain1_F_chain2_E,0,2,1,0,2,1,0,16,1,1,12,11,0,3,1,1,1,1,1,0,0,pass_conserved_motif,0.58125,0,
backbone_long,RAPCID_backbone_rapcid_backbone_220_model_2.cif.gz,/scratch/a2149a01/RAPCID_2610_output/backbone_long/RAPCID_backbone_rapcid_backbone_220_model_2.cif.gz,B,A,49,42,2.98,3.377,3.042,5,4,15,11,0.5769,123.29,chain1_F_chain2_E,0,2,1,0,2,1,0,13,0,1,8,11,1,1,1,1,1,1,1,1,1,,0.62759,1,444
backbone_long,RAPCID_backbone_rapcid_backbone_220_model_3.cif.gz,/scratch/a2149a01/RAPCID_2610_output/backbone_long/RAPCID_backbone_rapcid_backbone_220_model_3.cif.gz,B,A,49,42,3.286,2.642,2.658,4,5,17,17,0.5,118.62,chain1_F_chain2_E,1,2,1,0,2,1,0,13,0,0,11,9,1,1,1,1,1,1,1,1,1,,0.6261,1,449
backbone_long,RAPCID_backbone_rapcid_backbone_220_model_4.cif.gz,/scratch/a2149a01/RAPCID_2610_output/backbone_long/RAPCID_backbone_rapcid_backbone_220_model_4.cif.gz,B,A,49,42,3.038,3.062,2.586,7,4,18,11,0.6207,123.55,chain1_F_chain2_E,1,3,1,0,3,1,0,12,0,0,10,9,1,1,1,1,1,1,1,1,1,,0.62784,1,443
backbone_long,RAPCID_backbone_rapcid_backbone_220_model_5.cif.gz,/scratch/a2149a01/RAPCID_2610_output/backbone_long/RAPCID_backbone_rapcid_backbone_220_model_5.cif.gz,B,A,49,42,3.238,2.951,3.275,6,4,11,7,0.6111,120.48,chain1_F_chain2_E,0,3,1,0,3,1,0,9,0,1,16,9,0,1,1,1,1,1,1,0,0,pass_conserved_motif,0.65312,0,
backbone_long,RAPCID_backbone_rapcid_backbone_220_model_6.cif.gz,/scratch/a2149a01/RAPCID_2610_output/backbone_long/RAPCID_backbone_rapcid_backbone_220_model_6.cif.gz,B,A,49,42,3.342,2.925,2.242,4,4,15,12,0.5556,123.03,chain1_F_chain2_E,1,2,1,0,2,1,0,14,0,1,10,13,1,1,1,1,1,1,1,1,1,,0.63026,1,431
backbone_long,RAPCID_backbone_rapcid_backbone_220_model_7.cif.gz,/scratch/a2149a01/RAPCID_2610_output/backbone_long/RAPCID_backbone_rapcid_backbone_220_model_7.cif.gz,B,A,49,42,3.183,2.834,2.653,6,3,18,16,0.5294,108.95,chain1_F_chain2_E,1,2,2,0,2,2,0,15,0,2,11,8,0,1,1,1,1,1,1,0,0,pass_conserved_motif,0.634,0,
backbone_long,RAPCID_backbone_rapcid_backbone_221_model_0.cif.gz,/scratch/a2149a01/RAPCID_2610_output/backbone_long/RAPCID_backbone_rapcid_backbone_221_model_0.cif.gz,A,B,57,36,12.539,3.497,2.997,3,6,5,17,0.2273,174.69,chain1_E_chain2_F,1,0,0,3,1,3,0,0,0,0,9,16,1,0,1,1,1,1,1,0,0,pass_conserved_motif,0.61288,0,
backbone_long,RAPCID_backbone_rapcid_backbone_221_model_1.cif.gz,/scratch/a2149a01/RAPCID_2610_output/backbone_long/RAPCID_backbone_rapcid_backbone_221_model_1.cif.gz,A,B,57,36,9.404,2.987,3.651,3,6,11,16,0.4074,146.12,chain1_E_chain2_F,1,0,0,3,1,3,0,0,0,0,9,14,1,0,1,1,1,1,1,0,0,pass_conserved_motif,0.6943,0,
backbone_long,RAPCID_backbone_rapcid_backbone_221_model_2.cif.gz,/scratch/a2149a01/RAPCID_2610_output/backbone_long/RAPCID_backbone_rapcid_backbone_221_model_2.cif.gz,A,B,57,36,3.334,2.798,3.416,6,6,15,18,0.4545,146.92,chain1_E_chain2_F,2,0,0,3,2,3,0,6,0,0,14,14,2,0,1,1,1,1,1,0,0,pass_conserved_motif,0.77441,0,
backbone_long,RAPCID_backbone_rapcid_backbone_221_model_3.cif.gz,/scratch/a2149a01/RAPCID_2610_output/backbone_long/RAPCID_backbone_rapcid_backbone_221_model_3.cif.gz,A,B,57,36,7.683,2.488,3.305,4,5,14,16,0.4667,149.36,chain1_E_chain2_F,1,0,0,3,1,3,0,0,0,0,11,16,1,1,1,1,1,1,1,1,1,,0.72882,1,115
backbone_long,RAPCID_backbone_rapcid_backbone_221_model_4.cif.gz,/scratch/a2149a01/RAPCID_2610_output/backbone_long/RAPCID_backbone_rapcid_backbone_221_model_4.cif.gz,A,B,57,36,10.188,2.894,3.32,4,5,13,14,0.4815,165.81,chain1_E_chain2_F,1,0,0,3,1,3,0,0,0,0,12,16,1,0,1,1,1,1,1,0,0,pass_conserved_motif,0.74419,0,
backbone_long,RAPCID_backbone_rapcid_backbone_221_model_5.cif.gz,/scratch/a2149a01/RAPCID_2610_output/backbone_long/RAPCID_backbone_rapcid_backbone_221_model_5.cif.gz,A,B,57,36,7.262,3.071,3.238,4,6,18,27,0.4,156.37,chain1_E_chain2_F,2,0,0,3,2,3,0,0,0,0,12,16,1,1,1,1,1,1,1,1,1,,0.75409,1,54
backbone_long,RAPCID_backbone_rapcid_backbone_221_model_6.cif.gz,/scratch/a2149a01/RAPCID_2610_output/backbone_long/RAPCID_backbone_rapcid_backbone_221_model_6.cif.gz,A,B,57,36,8.741,3.263,2.635,4,6,15,16,0.4839,150.54,chain1_E_chain2_F,1,0,0,3,1,3,0,0,0,0,11,15,1,0,1,1,1,1,1,0,0,pass_conserved_motif,0.73965,0,
backbone_long,RAPCID_backbone_rapcid_backbone_221_model_7.cif.gz,/scratch/a2149a01/RAPCID_2610_output/backbone_long/RAPCID_backbone_rapcid_backbone_221_model_7.cif.gz,A,B,57,36,6.475,2.436,3.524,4,6,12,11,0.5217,161.09,chain1_E_chain2_F,1,0,0,3,1,3,0,0,0,0,10,16,1,0,1,1,1,1,1,0,0,pass_conserved_motif,0.75863,0,
backbone_long,RAPCID_backbone_rapcid_backbone_222_model_0.cif.gz,/scratch/a2149a01/RAPCID_2610_output/backbone_long/RAPCID_backbone_rapcid_backbone_222_model_0.cif.gz,B,A,54,52,3.058,2.797,2.745,4,6,13,15,0.4643,107.61,chain1_F_chain2_E,0,2,1,0,2,1,0,19,1,1,8,14,1,1,1,1,1,1,1,1,1,,0.57845,1,555
backbone_long,RAPCID_backbone_rapcid_backbone_222_model_1.cif.gz,/scratch/a2149a01/RAPCID_2610_output/backbone_long/RAPCID_backbone_rapcid_backbone_222_model_1.cif.gz,B,A,54,52,2.598,3.284,3.11,4,2,14,6,0.7,138.08,chain1_F_chain2_E,0,2,1,0,2,1,0,6,0,0,10,8,0,1,1,1,1,1,1,0,0,pass_conserved_motif,0.62598,0,
backbone_long,RAPCID_backbone_rapcid_backbone_222_model_2.cif.gz,/scratch/a2149a01/RAPCID_2610_output/backbone_long/RAPCID_backbone_rapcid_backbone_222_model_2.cif.gz,B,A,54,52,3.019,3.493,2.45,5,3,9,13,0.4091,136.05,chain1_F_chain2_E,0,2,2,0,2,2,1,22,0,1,10,11,0,1,1,1,1,1,1,0,0,pass_conserved_motif,0.67666,0,
backbone_long,RAPCID_backbone_rapcid_backbone_222_model_3.cif.gz,/scratch/a2149a01/RAPCID_2610_output/backbone_long/RAPCID_backbone_rapcid_backbone_222_model_3.cif.gz,B,A,54,52,3.091,1.786,3.071,5,3,22,6,0.7857,113.43,chain1_F_chain2_E,1,2,1,0,2,1,0,15,0,1,10,9,1,2,0,1,1,1,1,1,0,pass_no_clash,0.5012,0,
backbone_long,RAPCID_backbone_rapcid_backbone_222_model_4.cif.gz,/scratch/a2149a01/RAPCID_2610_output/backbone_long/RAPCID_backbone_rapcid_backbone_222_model_4.cif.gz,B,A,54,52,3.007,2.511,3.002,4,5,19,18,0.5135,114.02,chain1_F_chain2_E,0,2,1,0,2,1,0,16,1,1,10,11,0,2,1,1,1,1,1,0,0,pass_conserved_motif,0.6237,0,
backbone_long,RAPCID_backbone_rapcid_backbone_222_model_5.cif.gz,/scratch/a2149a01/RAPCID_2610_output/backbone_long/RAPCID_backbone_rapcid_backbone_222_model_5.cif.gz,B,A,54,52,3.146,1.744,2.923,5,4,18,10,0.6429,115.62,chain1_F_chain2_E,1,2,1,0,2,1,0,12,0,0,9,9,1,2,0,1,1,1,1,1,0,pass_no_clash,0.56398,0,
backbone_long,RAPCID_backbone_rapcid_backbone_222_model_6.cif.gz,/scratch/a2149a01/RAPCID_2610_output/backbone_long/RAPCID_backbone_rapcid_backbone_222_model_6.cif.gz,B,A,54,52,3.087,2.271,2.962,3,3,13,13,0.5,99.33,chain1_F_chain2_E,0,2,1,0,2,1,0,11,1,1,9,9,0,1,1,1,1,1,1,0,0,pass_conserved_motif,0.60514,0,
backbone_long,RAPCID_backbone_rapcid_backbone_222_model_7.cif.gz,/scratch/a2149a01/RAPCID_2610_output/backbone_long/RAPCID_backbone_rapcid_backbone_222_model_7.cif.gz,B,A,54,52,2.487,2.269,2.512,5,4,17,12,0.5862,116.67,chain1_F_chain2_E,1,2,1,0,2,1,0,24,0,0,9,11,0,1,1,1,1,1,1,0,0,pass_conserved_motif,0.53015,0,
backbone_long,RAPCID_backbone_rapcid_backbone_223_model_0.cif.gz,/scratch/a2149a01/RAPCID_2610_output/backbone_long/RAPCID_backbone_rapcid_backbone_223_model_0.cif.gz,B,A,52,40,2.562,2.441,2.871,5,5,18,16,0.5294,122.44,chain1_F_chain2_E,0,2,2,0,2,2,0,11,1,0,10,11,1,1,1,1,1,1,1,1,1,,0.68232,1,262
backbone_long,RAPCID_backbone_rapcid_backbone_223_model_1.cif.gz,/scratch/a2149a01/RAPCID_2610_output/backbone_long/RAPCID_backbone_rapcid_backbone_223_model_1.cif.gz,B,A,52,40,3.184,2.356,3.01,7,5,15,13,0.5357,121.74,chain1_F_chain2_E,0,3,1,0,3,1,0,9,0,1,14,11,0,1,1,1,1,1,1,0,0,pass_conserved_motif,0.68746,0,
backbone_long,RAPCID_backbone_rapcid_backbone_223_model_2.cif.gz,/scratch/a2149a01/RAPCID_2610_output/backbone_long/RAPCID_backbone_rapcid_backbone_223_model_2.cif.gz,B,A,52,40,1.863,3.269,3.037,4,4,15,17,0.4688,131.62,chain1_F_chain2_E,0,2,1,0,2,1,0,11,0,0,8,10,0,1,0,1,1,1,1,0,0,pass_no_clash;pass_conserved_motif,0.66696,0,
backbone_long,RAPCID_backbone_rapcid_backbone_223_model_3.cif.gz,/scratch/a2149a01/RAPCID_2610_output/backbone_long/RAPCID_backbone_rapcid_backbone_223_model_3.cif.gz,B,A,52,40,3.191,2.527,2.992,4,4,14,12,0.5385,118.95,chain1_F_chain2_E,1,2,1,0,2,1,0,13,0,0,9,10,0,1,1,1,1,1,1,0,0,pass_conserved_motif,0.61181,0,
backbone_long,RAPCID_backbone_rapcid_backbone_223_model_4.cif.gz,/scratch/a2149a01/RAPCID_2610_output/backbone_long/RAPCID_backbone_rapcid_backbone_223_model_4.cif.gz,B,A,52,40,3.375,1.966,2.632,3,4,15,14,0.5172,124.37,chain1_F_chain2_E,1,2,1,0,2,1,0,19,0,1,12,9,1,1,0,1,1,1,1,1,0,pass_no_clash,0.62506,0,
backbone_long,RAPCID_backbone_rapcid_backbone_223_model_5.cif.gz,/scratch/a2149a01/RAPCID_2610_output/backbone_long/RAPCID_backbone_rapcid_backbone_223_model_5.cif.gz,B,A,52,40,2.161,3.103,2.348,4,4,17,19,0.4722,101.7,chain1_F_chain2_E,1,2,1,0,2,1,0,19,0,1,10,9,0,1,1,1,1,1,1,0,0,pass_conserved_motif,0.54526,0,
backbone_long,RAPCID_backbone_rapcid_backbone_223_model_6.cif.gz,/scratch/a2149a01/RAPCID_2610_output/backbone_long/RAPCID_backbone_rapcid_backbone_223_model_6.cif.gz,B,A,52,40,3.203,3.032,2.522,3,4,7,15,0.3182,125.99,chain1_F_chain2_E,0,2,1,0,2,1,0,12,0,0,7,9,0,1,1,1,1,1,1,0,0,pass_conserved_motif,0.58294,0,
backbone_long,RAPCID_backbone_rapcid_backbone_223_model_7.cif.gz,/scratch/a2149a01/RAPCID_2610_output/backbone_long/RAPCID_backbone_rapcid_backbone_223_model_7.cif.gz,B,A,52,40,3.117,3.349,3.28,4,5,11,10,0.5238,126.42,chain1_F_chain2_E,0,2,1,0,2,1,0,3,0,0,11,10,0,1,1,1,1,1,1,0,0,pass_conserved_motif,0.6426,0,
backbone_long,RAPCID_backbone_rapcid_backbone_224_model_0.cif.gz,/scratch/a2149a01/RAPCID_2610_output/backbone_long/RAPCID_backbone_rapcid_backbone_224_model_0.cif.gz,B,A,57,40,3.242,3.16,3.567,5,3,15,5,0.75,129.53,chain1_F_chain2_E,0,2,1,0,2,1,0,6,0,0,13,10,0,1,1,1,1,1,1,0,0,pass_conserved_motif,0.57748,0,
backbone_long,RAPCID_backbone_rapcid_backbone_224_model_1.cif.gz,/scratch/a2149a01/RAPCID_2610_output/backbone_long/RAPCID_backbone_rapcid_backbone_224_model_1.cif.gz,B,A,57,40,3.313,3.278,2.945,6,6,15,14,0.5172,110.86,chain1_F_chain2_E,1,3,1,0,3,1,0,3,0,0,9,12,0,1,1,1,1,1,1,0,0,pass_conserved_motif,0.62192,0,
backbone_long,RAPCID_backbone_rapcid_backbone_224_model_2.cif.gz,/scratch/a2149a01/RAPCID_2610_output/backbone_long/RAPCID_backbone_rapcid_backbone_224_model_2.cif.gz,B,A,57,40,2.985,3.654,2.837,5,3,8,9,0.4706,122.9,chain1_F_chain2_E,1,2,1,0,2,1,0,8,0,0,11,9,0,1,1,1,1,1,1,0,0,pass_conserved_motif,0.65361,0,
backbone_long,RAPCID_backbone_rapcid_backbone_224_model_3.cif.gz,/scratch/a2149a01/RAPCID_2610_output/backbone_long/RAPCID_backbone_rapcid_backbone_224_model_3.cif.gz,B,A,57,40,3.435,2.315,3.535,6,4,16,11,0.5926,125.74,chain1_F_chain2_E,1,3,1,0,3,1,0,7,0,1,14,9,0,1,1,1,1,1,1,0,0,pass_conserved_motif,0.67803,0,
backbone_long,RAPCID_backbone_rapcid_backbone_224_model_4.cif.gz,/scratch/a2149a01/RAPCID_2610_output/backbone_long/RAPCID_backbone_rapcid_backbone_224_model_4.cif.gz,B,A,57,40,3.752,3.187,3.418,5,4,12,14,0.4615,137.0,chain1_F_chain2_E,0,2,2,0,2,2,1,3,0,0,11,10,0,1,1,1,1,1,1,0,0,pass_conserved_motif,0.72915,0,
backbone_long,RAPCID_backbone_rapcid_backbone_224_model_5.cif.gz,/scratch/a2149a01/RAPCID_2610_output/backbone_long/RAPCID_backbone_rapcid_backbone_224_model_5.cif.gz,B,A,57,40,2.955,2.864,2.717,6,3,15,12,0.5556,134.36,chain1_F_chain2_E,0,3,1,0,3,1,0,6,0,0,13,9,0,1,1,1,1,1,1,0,0,pass_conserved_motif,0.69993,0,
backbone_long,RAPCID_backbone_rapcid_backbone_224_model_6.cif.gz,/scratch/a2149a01/RAPCID_2610_output/backbone_long/RAPCID_backbone_rapcid_backbone_224_model_6.cif.gz,B,A,57,40,2.656,2.489,2.591,5,4,14,14,0.5,123.41,chain1_F_chain2_E,1,2,2,0,2,2,1,11,0,1,9,9,0,1,1,1,1,1,1,0,0,pass_conserved_motif,0.72588,0,
backbone_long,RAPCID_backbone_rapcid_backbone_224_model_7.cif.gz,/scratch/a2149a01/RAPCID_2610_output/backbone_long/RAPCID_backbone_rapcid_backbone_224_model_7.cif.gz,B,A,57,40,2.746,3.04,2.531,5,2,13,9,0.5909,153.78,chain1_F_chain2_E,0,2,2,0,2,2,1,8,0,0,11,8,0,1,1,1,1,1,1,0,0,pass_conserved_motif,0.7891,0,
backbone_long,RAPCID_backbone_rapcid_backbone_225_model_0.cif.gz,/scratch/a2149a01/RAPCID_2610_output/backbone_long/RAPCID_backbone_rapcid_backbone_225_model_0.cif.gz,B,A,43,36,7.789,3.426,2.721,5,5,19,18,0.5135,156.49,chain1_F_chain2_E,0,3,2,0,3,2,0,0,0,0,16,9,2,1,1,1,1,1,1,1,1,,0.78907,1,12
backbone_long,RAPCID_backbone_rapcid_backbone_225_model_1.cif.gz,/scratch/a2149a01/RAPCID_2610_output/backbone_long/RAPCID_backbone_rapcid_backbone_225_model_1.cif.gz,B,A,43,36,11.026,3.071,2.972,6,2,15,6,0.7143,139.08,chain1_F_chain2_E,0,3,2,0,3,2,0,0,0,0,16,8,0,1,1,1,1,1,1,0,0,pass_conserved_motif,0.65073,0,
backbone_long,RAPCID_backbone_rapcid_backbone_225_model_2.cif.gz,/scratch/a2149a01/RAPCID_2610_output/backbone_long/RAPCID_backbone_rapcid_backbone_225_model_2.cif.gz,B,A,43,36,3.189,3.372,2.95,7,4,21,20,0.5122,172.59,chain1_F_chain2_E,0,3,2,0,3,2,1,10,0,0,18,11,0,1,1,1,1,1,1,0,0,pass_conserved_motif,0.81124,0,
backbone_long,RAPCID_backbone_rapcid_backbone_225_model_3.cif.gz,/scratch/a2149a01/RAPCID_2610_output/backbone_long/RAPCID_backbone_rapcid_backbone_225_model_3.cif.gz,B,A,43,36,3.16,3.605,2.655,5,6,15,14,0.5172,142.03,chain1_F_chain2_E,0,3,1,0,3,1,0,6,0,0,14,11,0,2,1,1,1,1,1,0,0,pass_conserved_motif,0.74081,0,
backbone_long,RAPCID_backbone_rapcid_backbone_225_model_4.cif.gz,/scratch/a2149a01/RAPCID_2610_output/backbone_long/RAPCID_backbone_rapcid_backbone_225_model_4.cif.gz,B,A,43,36,3.436,3.492,2.653,5,3,13,7,0.65,148.16,chain1_F_chain2_E,0,3,1,0,3,1,0,3,0,0,15,10,1,1,1,1,1,1,1,1,1,,0.69316,1,229
backbone_long,RAPCID_backbone_rapcid_backbone_225_model_5.cif.gz,/scratch/a2149a01/RAPCID_2610_output/backbone_long/RAPCID_backbone_rapcid_backbone_225_model_5.cif.gz,B,A,43,36,10.591,3.949,2.943,4,3,6,9,0.4,155.35,chain1_F_chain2_E,0,2,1,0,2,1,0,0,0,0,14,9,0,1,1,1,1,1,1,0,0,pass_conserved_motif,0.69354,0,
backbone_long,RAPCID_backbone_rapcid_backbone_225_model_6.cif.gz,/scratch/a2149a01/RAPCID_2610_output/backbone_long/RAPCID_backbone_rapcid_backbone_225_model_6.cif.gz,B,A,43,36,3.563,3.237,3.001,5,2,11,10,0.5238,130.24,chain1_F_chain2_E,0,3,1,0,3,1,0,2,0,0,17,10,0,2,1,1,1,1,1,0,0,pass_conserved_motif,0.67889,0,
backbone_long,RAPCID_backbone_rapcid_backbone_225_model_7.cif.gz,/scratch/a2149a01/RAPCID_2610_output/backbone_long/RAPCID_backbone_rapcid_backbone_225_model_7.cif.gz,B,A,43,36,3.385,3.825,2.958,5,4,8,7,0.5333,157.58,chain1_F_chain2_E,0,3,1,0,3,1,0,9,0,0,15,10,0,2,1,1,1,1,1,0,0,pass_conserved_motif,0.79121,0,
backbone_long,RAPCID_backbone_rapcid_backbone_226_model_0.cif.gz,/scratch/a2149a01/RAPCID_2610_output/backbone_long/RAPCID_backbone_rapcid_backbone_226_model_0.cif.gz,B,A,40,38,11.849,3.62,2.571,6,3,16,11,0.5926,156.73,chain1_F_chain2_E,0,3,1,0,3,1,0,0,0,0,15,9,0,1,1,1,1,1,1,0,0,pass_conserved_motif,0.72967,0,
backbone_long,RAPCID_backbone_rapcid_backbone_226_model_1.cif.gz,/scratch/a2149a01/RAPCID_2610_output/backbone_long/RAPCID_backbone_rapcid_backbone_226_model_1.cif.gz,B,A,40,38,11.854,3.324,3.043,6,4,17,7,0.7083,165.38,chain1_F_chain2_E,0,3,1,0,3,1,0,0,0,0,16,9,1,1,1,1,1,1,1,1,1,,0.66969,1,312
backbone_long,RAPCID_backbone_rapcid_backbone_226_model_2.cif.gz,/scratch/a2149a01/RAPCID_2610_output/backbone_long/RAPCID_backbone_rapcid_backbone_226_model_2.cif.gz,B,A,40,38,9.712,3.514,3.086,6,5,21,12,0.6364,164.9,chain1_F_chain2_E,0,3,2,0,3,2,0,0,0,0,16,10,1,1,1,1,1,1,1,1,1,,0.72864,1,119
backbone_long,RAPCID_backbone_rapcid_backbone_226_model_3.cif.gz,/scratch/a2149a01/RAPCID_2610_output/backbone_long/RAPCID_backbone_rapcid_backbone_226_model_3.cif.gz,B,A,40,38,10.178,3.503,3.356,7,3,19,11,0.6333,153.3,chain1_F_chain2_E,0,3,1,0,3,1,0,0,0,0,17,10,0,2,1,1,1,1,1,0,0,pass_conserved_motif,0.70194,0,
backbone_long,RAPCID_backbone_rapcid_backbone_226_model_4.cif.gz,/scratch/a2149a01/RAPCID_2610_output/backbone_long/RAPCID_backbone_rapcid_backbone_226_model_4.cif.gz,B,A,40,38,12.732,3.379,3.458,5,2,21,3,0.875,169.54,chain1_F_chain2_E,0,3,1,0,3,1,0,0,0,0,16,6,0,1,1,0,1,1,1,0,0,pass_dual_rap_contact;pass_conserved_motif,0.58916,0,
backbone_long,RAPCID_backbone_rapcid_backbone_226_model_5.cif.gz,/scratch/a2149a01/RAPCID_2610_output/backbone_long/RAPCID_backbone_rapcid_backbone_226_model_5.cif.gz,B,A,40,38,3.315,3.24,2.246,6,5,22,13,0.6286,144.06,chain1_F_chain2_E,0,3,1,0,3,1,0,2,0,0,15,12,0,1,1,1,1,1,1,0,0,pass_conserved_motif,0.68305,0,
backbone_long,RAPCID_backbone_rapcid_backbone_226_model_6.cif.gz,/scratch/a2149a01/RAPCID_2610_output/backbone_long/RAPCID_backbone_rapcid_backbone_226_model_6.cif.gz,B,A,40,38,8.655,3.279,3.103,7,4,18,19,0.4865,159.71,chain1_F_chain2_E,0,3,1,0,3,1,0,0,0,0,16,14,0,1,1,1,1,1,1,0,0,pass_conserved_motif,0.76653,0,
backbone_long,RAPCID_backbone_rapcid_backbone_226_model_7.cif.gz,/scratch/a2149a01/RAPCID_2610_output/backbone_long/RAPCID_backbone_rapcid_backbone_226_model_7.cif.gz,B,A,40,38,9.003,3.603,3.001,6,4,15,8,0.6522,151.35,chain1_F_chain2_E,0,3,1,0,3,1,0,0,0,0,15,10,0,1,1,1,1,1,1,0,0,pass_conserved_motif,0.68792,0,
backbone_long,RAPCID_backbone_rapcid_backbone_227_model_0.cif.gz,/scratch/a2149a01/RAPCID_2610_output/backbone_long/RAPCID_backbone_rapcid_backbone_227_model_0.cif.gz,B,A,50,48,3.316,3.414,2.932,7,4,17,14,0.5484,126.4,chain1_F_chain2_E,1,3,1,0,3,1,0,13,1,0,12,9,0,1,1,1,1,1,1,0,0,pass_conserved_motif,0.67794,0,
backbone_long,RAPCID_backbone_rapcid_backbone_227_model_1.cif.gz,/scratch/a2149a01/RAPCID_2610_output/backbone_long/RAPCID_backbone_rapcid_backbone_227_model_1.cif.gz,B,A,50,48,2.752,2.758,2.504,4,4,16,12,0.5714,112.53,chain1_F_chain2_E,1,2,1,0,2,1,0,18,0,0,10,9,0,1,1,1,1,1,1,0,0,pass_conserved_motif,0.55223,0,
backbone_long,RAPCID_backbone_rapcid_backbone_227_model_2.cif.gz,/scratch/a2149a01/RAPCID_2610_output/backbone_long/RAPCID_backbone_rapcid_backbone_227_model_2.cif.gz,B,A,50,48,2.671,3.37,3.294,4,2,12,8,0.6,124.13,chain1_F_chain2_E,0,2,1,0,2,1,0,14,0,0,11,9,0,1,1,1,1,1,1,0,0,pass_conserved_motif,0.59949,0,
backbone_long,RAPCID_backbone_rapcid_backbone_227_model_3.cif.gz,/scratch/a2149a01/RAPCID_2610_output/backbone_long/RAPCID_backbone_rapcid_backbone_227_model_3.cif.gz,B,A,50,48,3.301,2.432,1.742,5,3,14,12,0.5385,107.61,chain1_F_chain2_E,0,2,1,0,2,1,0,12,1,1,10,11,0,1,0,1,1,1,1,0,0,pass_no_clash;pass_conserved_motif,0.61237,0,
backbone_long,RAPCID_backbone_rapcid_backbone_227_model_4.cif.gz,/scratch/a2149a01/RAPCID_2610_output/backbone_long/RAPCID_backbone_rapcid_backbone_227_model_4.cif.gz,B,A,50,48,3.183,2.561,3.055,6,3,16,9,0.64,117.33,chain1_F_chain2_E,0,2,1,0,2,1,0,17,0,1,11,9,2,2,1,1,1,1,1,1,1,,0.56249,1,579
backbone_long,RAPCID_backbone_rapcid_backbone_227_model_5.cif.gz,/scratch/a2149a01/RAPCID_2610_output/backbone_long/RAPCID_backbone_rapcid_backbone_227_model_5.cif.gz,B,A,50,48,2.905,3.48,2.97,6,3,14,7,0.6667,132.91,chain1_F_chain2_E,0,2,1,0,2,1,0,10,0,0,13,11,0,1,1,1,1,1,1,0,0,pass_conserved_motif,0.62209,0,
backbone_long,RAPCID_backbone_rapcid_backbone_227_model_6.cif.gz,/scratch/a2149a01/RAPCID_2610_output/backbone_long/RAPCID_backbone_rapcid_backbone_227_model_6.cif.gz,B,A,50,48,3.027,3.011,3.956,6,1,13,2,0.8667,137.44,chain1_F_chain2_E,0,2,0,0,2,0,0,8,0,0,11,8,0,1,1,0,1,1,1,0,0,pass_dual_rap_contact;pass_conserved_motif,0.53862,0,
backbone_long,RAPCID_backbone_rapcid_backbone_227_model_7.cif.gz,/scratch/a2149a01/RAPCID_2610_output/backbone_long/RAPCID_backbone_rapcid_backbone_227_model_7.cif.gz,B,A,50,48,3.34,2.314,2.464,5,4,17,20,0.4595,142.91,chain1_F_chain2_E,0,2,2,0,2,2,1,10,0,1,10,9,1,1,1,1,1,1,1,1,1,,0.77966,1,22
backbone_long,RAPCID_backbone_rapcid_backbone_228_model_0.cif.gz,/scratch/a2149a01/RAPCID_2610_output/backbone_long/RAPCID_backbone_rapcid_backbone_228_model_0.cif.gz,A,B,44,32,11.437,3.298,3.12,2,5,3,25,0.1071,139.6,chain1_E_chain2_F,2,0,0,3,2,3,0,0,0,0,7,16,1,0,1,0,1,1,1,0,0,pass_dual_rap_contact;pass_conserved_motif,0.58106,0,
backbone_long,RAPCID_backbone_rapcid_backbone_228_model_1.cif.gz,/scratch/a2149a01/RAPCID_2610_output/backbone_long/RAPCID_backbone_rapcid_backbone_228_model_1.cif.gz,A,B,44,32,7.256,2.97,3.21,3,7,9,18,0.3333,154.25,chain1_E_chain2_F,1,0,0,3,1,3,0,0,0,0,9,17,2,0,1,1,1,1,1,0,0,pass_conserved_motif,0.69178,0,
backbone_long,RAPCID_backbone_rapcid_backbone_228_model_2.cif.gz,/scratch/a2149a01/RAPCID_2610_output/backbone_long/RAPCID_backbone_rapcid_backbone_228_model_2.cif.gz,A,B,44,32,10.863,3.384,3.628,3,5,7,13,0.35,151.83,chain1_E_chain2_F,1,0,0,3,1,3,0,0,0,0,12,15,1,0,1,1,1,1,1,0,0,pass_conserved_motif,0.69037,0,
backbone_long,RAPCID_backbone_rapcid_backbone_228_model_3.cif.gz,/scratch/a2149a01/RAPCID_2610_output/backbone_long/RAPCID_backbone_rapcid_backbone_228_model_3.cif.gz,A,B,44,32,11.768,3.586,3.281,4,4,8,12,0.4,176.26,chain1_E_chain2_F,1,0,0,2,1,2,0,0,0,0,6,15,1,0,1,1,1,1,1,0,0,pass_conserved_motif,0.64818,0,
backbone_long,RAPCID_backbone_rapcid_backbone_228_model_4.cif.gz,/scratch/a2149a01/RAPCID_2610_output/backbone_long/RAPCID_backbone_rapcid_backbone_228_model_4.cif.gz,A,B,44,32,5.613,2.75,3.607,5,6,18,9,0.6667,148.93,chain1_E_chain2_F,1,0,0,3,1,3,0,0,0,0,11,14,2,0,1,1,1,1,1,0,0,pass_conserved_motif,0.67404,0,
backbone_long,RAPCID_backbone_rapcid_backbone_228_model_5.cif.gz,/scratch/a2149a01/RAPCID_2610_output/backbone_long/RAPCID_backbone_rapcid_backbone_228_model_5.cif.gz,A,B,44,32,8.496,2.738,3.351,5,5,11,17,0.3929,160.58,chain1_E_chain2_F,1,0,0,3,1,3,0,0,0,0,9,16,1,0,1,1,1,1,1,0,0,pass_conserved_motif,0.72616,0,
backbone_long,RAPCID_backbone_rapcid_backbone_228_model_6.cif.gz,/scratch/a2149a01/RAPCID_2610_output/backbone_long/RAPCID_backbone_rapcid_backbone_228_model_6.cif.gz,A,B,44,32,8.769,2.609,2.88,3,5,14,22,0.3889,153.73,chain1_E_chain2_F,2,0,0,3,2,3,0,0,0,0,10,15,3,1,1,1,1,1,1,1,1,,0.74084,1,80
backbone_long,RAPCID_backbone_rapcid_backbone_228_model_7.cif.gz,/scratch/a2149a01/RAPCID_2610_output/backbone_long/RAPCID_backbone_rapcid_backbone_228_model_7.cif.gz,A,B,44,32,11.503,2.563,3.21,4,6,11,16,0.4074,157.05,chain1_E_chain2_F,2,0,0,3,2,3,0,0,0,0,8,15,1,0,1,1,1,1,1,0,0,pass_conserved_motif,0.75932,0,
backbone_long,RAPCID_backbone_rapcid_backbone_229_model_0.cif.gz,/scratch/a2149a01/RAPCID_2610_output/backbone_long/RAPCID_backbone_rapcid_backbone_229_model_0.cif.gz,B,A,47,31,3.467,3.465,3.5,8,3,9,5,0.6429,120.99,chain1_F_chain2_E,0,3,1,0,3,1,0,2,1,1,14,19,0,1,1,1,1,1,1,0,0,pass_conserved_motif,0.63378,0,
backbone_long,RAPCID_backbone_rapcid_backbone_229_model_1.cif.gz,/scratch/a2149a01/RAPCID_2610_output/backbone_long/RAPCID_backbone_rapcid_backbone_229_model_1.cif.gz,B,A,47,31,8.354,3.185,3.357,7,4,30,5,0.8571,165.98,chain1_F_chain2_E,0,3,1,0,3,1,0,0,0,0,16,7,0,1,1,1,1,1,1,0,0,pass_conserved_motif,0.60815,0,
backbone_long,RAPCID_backbone_rapcid_backbone_229_model_2.cif.gz,/scratch/a2149a01/RAPCID_2610_output/backbone_long/RAPCID_backbone_rapcid_backbone_229_model_2.cif.gz,B,A,47,31,6.647,2.905,2.466,5,7,15,11,0.5769,148.17,chain1_F_chain2_E,0,3,1,0,3,1,0,0,0,0,14,11,0,1,1,1,1,1,1,0,0,pass_conserved_motif,0.70743,0,
backbone_long,RAPCID_backbone_rapcid_backbone_229_model_3.cif.gz,/scratch/a2149a01/RAPCID_2610_output/backbone_long/RAPCID_backbone_rapcid_backbone_229_model_3.cif.gz,B,A,47,31,3.75,3.354,2.485,6,9,24,19,0.5581,141.6,chain1_F_chain2_E,0,3,2,0,3,2,0,1,1,1,16,11,1,1,1,1,1,1,1,1,1,,0.75993,1,48
backbone_long,RAPCID_backbone_rapcid_backbone_229_model_4.cif.gz,/scratch/a2149a01/RAPCID_2610_output/backbone_long/RAPCID_backbone_rapcid_backbone_229_model_4.cif.gz,B,A,47,31,4.625,3.338,2.969,7,7,20,20,0.5,138.79,chain1_F_chain2_E,0,3,1,0,3,1,0,0,0,0,16,12,0,1,1,1,1,1,1,0,0,pass_conserved_motif,0.7069,0,
backbone_long,RAPCID_backbone_rapcid_backbone_229_model_5.cif.gz,/scratch/a2149a01/RAPCID_2610_output/backbone_long/RAPCID_backbone_rapcid_backbone_229_model_5.cif.gz,B,A,47,31,5.088,3.445,3.259,6,6,15,15,0.5,142.89,chain1_F_chain2_E,0,3,2,0,3,2,0,0,0,0,15,14,0,1,1,1,1,1,1,0,0,pass_conserved_motif,0.74915,0,
backbone_long,RAPCID_backbone_rapcid_backbone_229_model_6.cif.gz,/scratch/a2149a01/RAPCID_2610_output/backbone_long/RAPCID_backbone_rapcid_backbone_229_model_6.cif.gz,B,A,47,31,3.341,3.102,2.3,8,3,22,9,0.7097,118.35,chain1_F_chain2_E,1,3,1,0,3,1,0,7,1,1,15,7,0,1,1,1,1,1,1,0,0,pass_conserved_motif,0.62326,0,
backbone_long,RAPCID_backbone_rapcid_backbone_229_model_7.cif.gz,/scratch/a2149a01/RAPCID_2610_output/backbone_long/RAPCID_backbone_rapcid_backbone_229_model_7.cif.gz,B,A,47,31,2.729,1.848,3.464,8,2,32,4,0.8889,84.05,chain1_F_chain2_E,2,2,1,0,2,1,0,38,2,0,10,8,1,1,0,1,1,1,1,1,0,pass_no_clash,0.31367,0,
backbone_long,RAPCID_backbone_rapcid_backbone_22_model_0.cif.gz,/scratch/a2149a01/RAPCID_2610_output/backbone_long/RAPCID_backbone_rapcid_backbone_22_model_0.cif.gz,A,B,50,40,3.456,2.777,3.671,4,5,15,9,0.625,151.32,chain1_E_chain2_F,2,0,0,3,2,3,0,1,0,0,11,12,2,1,1,1,1,1,1,1,1,,0.73226,1,107
backbone_long,RAPCID_backbone_rapcid_backbone_22_model_1.cif.gz,/scratch/a2149a01/RAPCID_2610_output/backbone_long/RAPCID_backbone_rapcid_backbone_22_model_1.cif.gz,A,B,50,40,3.543,2.933,3.187,4,6,8,15,0.3478,152.27,chain1_E_chain2_F,1,0,0,3,1,3,0,4,0,0,10,12,1,0,1,1,1,1,1,0,0,pass_conserved_motif,0.71098,0,
backbone_long,RAPCID_backbone_rapcid_backbone_22_model_2.cif.gz,/scratch/a2149a01/RAPCID_2610_output/backbone_long/RAPCID_backbone_rapcid_backbone_22_model_2.cif.gz,A,B,50,40,3.567,3.191,3.043,3,7,8,18,0.3077,142.77,chain1_E_chain2_F,1,0,1,3,1,3,0,2,0,1,9,17,2,0,1,1,1,1,1,0,0,pass_conserved_motif,0.66992,0,
backbone_long,RAPCID_backbone_rapcid_backbone_22_model_3.cif.gz,/scratch/a2149a01/RAPCID_2610_output/backbone_long/RAPCID_backbone_rapcid_backbone_22_model_3.cif.gz,A,B,50,40,3.405,3.136,3.163,3,4,9,12,0.4286,138.91,chain1_E_chain2_F,2,0,0,2,2,2,0,7,0,0,8,8,2,0,1,1,1,1,1,0,0,pass_conserved_motif,0.71374,0,
backbone_long,RAPCID_backbone_rapcid_backbone_22_model_4.cif.gz,/scratch/a2149a01/RAPCID_2610_output/backbone_long/RAPCID_backbone_rapcid_backbone_22_model_4.cif.gz,A,B,50,40,2.658,2.985,3.139,3,6,8,9,0.4706,133.18,chain1_E_chain2_F,1,0,0,3,1,3,0,7,0,0,10,11,1,0,1,1,1,1,1,0,0,pass_conserved_motif,0.71145,0,
backbone_long,RAPCID_backbone_rapcid_backbone_22_model_5.cif.gz,/scratch/a2149a01/RAPCID_2610_output/backbone_long/RAPCID_backbone_rapcid_backbone_22_model_5.cif.gz,A,B,50,40,3.416,2.469,2.632,4,5,10,13,0.4348,129.57,chain1_E_chain2_F,1,0,0,2,1,2,0,6,0,0,8,11,1,0,1,1,1,1,1,0,0,pass_conserved_motif,0.65152,0,
backbone_long,RAPCID_backbone_rapcid_backbone_22_model_6.cif.gz,/scratch/a2149a01/RAPCID_2610_output/backbone_long/RAPCID_backbone_rapcid_backbone_22_model_6.cif.gz,A,B,50,40,3.209,2.715,2.807,3,4,14,14,0.5,120.45,chain1_E_chain2_F,1,0,1,2,1,2,0,8,0,0,10,9,1,0,1,1,1,1,1,0,0,pass_conserved_motif,0.65723,0,
backbone_long,RAPCID_backbone_rapcid_backbone_22_model_7.cif.gz,/scratch/a2149a01/RAPCID_2610_output/backbone_long/RAPCID_backbone_rapcid_backbone_22_model_7.cif.gz,A,B,50,40,2.756,2.635,2.783,5,6,14,14,0.5,107.25,chain1_E_chain2_F,1,0,0,2,1,2,0,15,1,0,13,10,1,0,1,1,1,1,1,0,0,pass_conserved_motif,0.59487,0,
backbone_long,RAPCID_backbone_rapcid_backbone_230_model_0.cif.gz,/scratch/a2149a01/RAPCID_2610_output/backbone_long/RAPCID_backbone_rapcid_backbone_230_model_0.cif.gz,A,B,33,32,6.383,2.916,3.457,6,5,18,16,0.5294,153.44,chain1_E_chain2_F,1,0,0,3,1,3,0,0,0,0,11,15,1,0,1,1,1,1,1,0,0,pass_conserved_motif,0.74398,0,
backbone_long,RAPCID_backbone_rapcid_backbone_230_model_1.cif.gz,/scratch/a2149a01/RAPCID_2610_output/backbone_long/RAPCID_backbone_rapcid_backbone_230_model_1.cif.gz,A,B,33,32,8.348,3.051,3.225,6,6,14,19,0.4242,155.61,chain1_E_chain2_F,1,0,0,3,1,3,0,0,0,0,13,16,1,0,1,1,1,1,1,0,0,pass_conserved_motif,0.7327,0,
backbone_long,RAPCID_backbone_rapcid_backbone_230_model_2.cif.gz,/scratch/a2149a01/RAPCID_2610_output/backbone_long/RAPCID_backbone_rapcid_backbone_230_model_2.cif.gz,A,B,33,32,2.985,3.05,2.868,3,5,10,16,0.3846,124.4,chain1_E_chain2_F,1,0,1,3,1,3,0,3,1,0,13,13,1,2,1,1,1,1,1,1,1,,0.64445,1,395
backbone_long,RAPCID_backbone_rapcid_backbone_230_model_3.cif.gz,/scratch/a2149a01/RAPCID_2610_output/backbone_long/RAPCID_backbone_rapcid_backbone_230_model_3.cif.gz,A,B,33,32,4.806,2.779,3.582,4,5,10,12,0.4545,150.48,chain1_E_chain2_F,1,0,0,3,1,3,0,0,0,0,10,14,1,1,1,1,1,1,1,1,1,,0.7277,1,122
backbone_long,RAPCID_backbone_rapcid_backbone_230_model_4.cif.gz,/scratch/a2149a01/RAPCID_2610_output/backbone_long/RAPCID_backbone_rapcid_backbone_230_model_4.cif.gz,A,B,33,32,9.503,2.725,3.26,4,6,13,21,0.3824,162.02,chain1_E_chain2_F,2,0,0,3,2,3,1,0,0,0,9,16,1,0,1,1,1,1,1,0,0,pass_conserved_motif,0.77429,0,
backbone_long,RAPCID_backbone_rapcid_backbone_230_model_5.cif.gz,/scratch/a2149a01/RAPCID_2610_output/backbone_long/RAPCID_backbone_rapcid_backbone_230_model_5.cif.gz,A,B,33,32,10.008,2.925,3.49,5,6,14,19,0.4242,167.39,chain1_E_chain2_F,2,0,0,3,2,3,0,0,0,0,13,15,1,0,1,1,1,1,1,0,0,pass_conserved_motif,0.74458,0,
backbone_long,RAPCID_backbone_rapcid_backbone_230_model_6.cif.gz,/scratch/a2149a01/RAPCID_2610_output/backbone_long/RAPCID_backbone_rapcid_backbone_230_model_6.cif.gz,A,B,33,32,8.769,3.105,3.029,3,6,11,20,0.3548,150.76,chain1_E_chain2_F,2,0,0,3,2,3,0,0,0,0,10,16,2,0,1,1,1,1,1,0,0,pass_conserved_motif,0.71732,0,
backbone_long,RAPCID_backbone_rapcid_backbone_230_model_7.cif.gz,/scratch/a2149a01/RAPCID_2610_output/backbone_long/RAPCID_backbone_rapcid_backbone_230_model_7.cif.gz,A,B,33,32,13.067,3.021,3.565,2,5,6,15,0.2857,152.9,chain1_E_chain2_F,2,0,0,3,2,3,0,0,0,0,8,14,1,1,1,1,1,1,1,1,1,,0.69681,1,214
backbone_long,RAPCID_backbone_rapcid_backbone_231_model_0.cif.gz,/scratch/a2149a01/RAPCID_2610_output/backbone_long/RAPCID_backbone_rapcid_backbone_231_model_0.cif.gz,B,A,47,45,2.87,2.7,3.04,4,4,15,10,0.6,122.46,chain1_F_chain2_E,1,2,1,0,2,1,0,6,0,1,11,11,1,1,1,1,1,1,1,1,1,,0.63059,1,429
backbone_long,RAPCID_backbone_rapcid_backbone_231_model_1.cif.gz,/scratch/a2149a01/RAPCID_2610_output/backbone_long/RAPCID_backbone_rapcid_backbone_231_model_1.cif.gz,B,A,47,45,6.491,2.83,2.627,9,4,37,14,0.7255,150.17,chain1_F_chain2_E,1,3,1,0,3,1,0,0,0,0,21,10,1,1,1,1,1,1,1,1,1,,0.65464,1,361
backbone_long,RAPCID_backbone_rapcid_backbone_231_model_2.cif.gz,/scratch/a2149a01/RAPCID_2610_output/backbone_long/RAPCID_backbone_rapcid_backbone_231_model_2.cif.gz,B,A,47,45,11.68,3.269,2.445,5,4,11,11,0.5,157.15,chain1_F_chain2_E,0,3,2,0,3,2,0,0,0,0,14,10,0,2,1,1,1,1,1,0,0,pass_conserved_motif,0.79669,0,
backbone_long,RAPCID_backbone_rapcid_backbone_231_model_3.cif.gz,/scratch/a2149a01/RAPCID_2610_output/backbone_long/RAPCID_backbone_rapcid_backbone_231_model_3.cif.gz,B,A,47,45,3.039,2.596,3.038,7,4,28,7,0.8,121.88,chain1_F_chain2_E,1,3,2,0,3,2,0,12,1,1,17,17,1,1,1,1,1,1,1,1,1,,0.61244,1,482
backbone_long,RAPCID_backbone_rapcid_backbone_231_model_4.cif.gz,/scratch/a2149a01/RAPCID_2610_output/backbone_long/RAPCID_backbone_rapcid_backbone_231_model_4.cif.gz,B,A,47,45,5.738,3.481,2.562,6,6,16,15,0.5161,141.16,chain1_F_chain2_E,0,3,1,0,3,1,0,0,0,0,14,10,1,1,1,1,1,1,1,1,1,,0.70837,1,174
backbone_long,RAPCID_backbone_rapcid_backbone_231_model_5.cif.gz,/scratch/a2149a01/RAPCID_2610_output/backbone_long/RAPCID_backbone_rapcid_backbone_231_model_5.cif.gz,B,A,47,45,3.557,3.037,2.895,8,3,21,8,0.7241,139.87,chain1_F_chain2_E,1,3,2,0,3,2,0,1,0,0,16,8,0,1,1,1,1,1,1,0,0,pass_conserved_motif,0.65444,0,
backbone_long,RAPCID_backbone_rapcid_backbone_231_model_6.cif.gz,/scratch/a2149a01/RAPCID_2610_output/backbone_long/RAPCID_backbone_rapcid_backbone_231_model_6.cif.gz,B,A,47,45,2.403,3.189,3.036,10,3,21,14,0.6,140.55,chain1_F_chain2_E,1,3,1,0,3,1,0,17,1,1,22,10,0,1,1,1,1,1,1,0,0,pass_conserved_motif,0.7011,0,
backbone_long,RAPCID_backbone_rapcid_backbone_231_model_7.cif.gz,/scratch/a2149a01/RAPCID_2610_output/backbone_long/RAPCID_backbone_rapcid_backbone_231_model_7.cif.gz,B,A,47,45,2.972,2.797,2.952,5,6,15,17,0.4688,103.4,chain1_F_chain2_E,1,2,1,0,2,1,0,14,0,1,10,16,0,1,1,1,1,1,1,0,0,pass_conserved_motif,0.57455,0,
backbone_long,RAPCID_backbone_rapcid_backbone_232_model_0.cif.gz,/scratch/a2149a01/RAPCID_2610_output/backbone_long/RAPCID_backbone_rapcid_backbone_232_model_0.cif.gz,A,B,43,38,3.594,2.326,3.36,7,6,19,17,0.5278,152.38,chain1_E_chain2_F,2,0,0,3,2,3,0,2,0,0,10,16,2,0,1,1,1,1,1,0,0,pass_conserved_motif,0.77969,0,
backbone_long,RAPCID_backbone_rapcid_backbone_232_model_1.cif.gz,/scratch/a2149a01/RAPCID_2610_output/backbone_long/RAPCID_backbone_rapcid_backbone_232_model_1.cif.gz,A,B,43,38,3.553,3.237,3.873,5,5,9,9,0.5,156.45,chain1_E_chain2_F,1,0,0,3,1,3,0,4,0,0,10,14,1,0,1,1,1,1,1,0,0,pass_conserved_motif,0.78578,0,
backbone_long,RAPCID_backbone_rapcid_backbone_232_model_2.cif.gz,/scratch/a2149a01/RAPCID_2610_output/backbone_long/RAPCID_backbone_rapcid_backbone_232_model_2.cif.gz,A,B,43,38,3.621,2.887,3.039,6,6,11,17,0.3929,125.95,chain1_E_chain2_F,1,0,1,3,1,3,0,7,2,1,10,10,1,0,1,1,1,1,1,0,0,pass_conserved_motif,0.70625,0,
backbone_long,RAPCID_backbone_rapcid_backbone_232_model_3.cif.gz,/scratch/a2149a01/RAPCID_2610_output/backbone_long/RAPCID_backbone_rapcid_backbone_232_model_3.cif.gz,A,B,43,38,3.083,2.143,3.394,5,5,13,16,0.4483,150.93,chain1_E_chain2_F,1,0,0,3,1,3,0,4,0,0,10,16,2,0,1,1,1,1,1,0,0,pass_conserved_motif,0.74671,0,
backbone_long,RAPCID_backbone_rapcid_backbone_232_model_4.cif.gz,/scratch/a2149a01/RAPCID_2610_output/backbone_long/RAPCID_backbone_rapcid_backbone_232_model_4.cif.gz,A,B,43,38,3.085,2.966,3.35,3,6,6,20,0.2308,170.87,chain1_E_chain2_F,1,0,0,3,1,3,0,3,0,0,10,17,1,0,1,1,1,1,1,0,0,pass_conserved_motif,0.64204,0,
backbone_long,RAPCID_backbone_rapcid_backbone_232_model_5.cif.gz,/scratch/a2149a01/RAPCID_2610_output/backbone_long/RAPCID_backbone_rapcid_backbone_232_model_5.cif.gz,A,B,43,38,3.643,2.63,3.42,6,6,11,17,0.3929,156.92,chain1_E_chain2_F,1,0,0,3,1,3,0,2,0,0,10,16,1,0,1,1,1,1,1,0,0,pass_conserved_motif,0.7345,0,
backbone_long,RAPCID_backbone_rapcid_backbone_232_model_6.cif.gz,/scratch/a2149a01/RAPCID_2610_output/backbone_long/RAPCID_backbone_rapcid_backbone_232_model_6.cif.gz,A,B,43,38,8.749,2.883,3.553,5,5,10,10,0.5,151.3,chain1_E_chain2_F,1,0,0,3,1,3,0,0,0,0,9,14,1,1,1,1,1,1,1,1,1,,0.74863,1,66
backbone_long,RAPCID_backbone_rapcid_backbone_232_model_7.cif.gz,/scratch/a2149a01/RAPCID_2610_output/backbone_long/RAPCID_backbone_rapcid_backbone_232_model_7.cif.gz,A,B,43,38,2.919,2.635,3.027,6,6,14,13,0.5185,152.03,chain1_E_chain2_F,2,0,0,3,2,3,0,4,0,0,10,17,1,0,1,1,1,1,1,0,0,pass_conserved_motif,0.7922,0,
backbone_long,RAPCID_backbone_rapcid_backbone_233_model_0.cif.gz,/scratch/a2149a01/RAPCID_2610_output/backbone_long/RAPCID_backbone_rapcid_backbone_233_model_0.cif.gz,A,B,53,43,10.264,2.777,3.194,3,5,12,22,0.3529,154.88,chain1_E_chain2_F,2,0,0,3,2,3,0,0,0,0,10,16,1,1,1,1,1,1,1,1,1,,0.73031,1,110
backbone_long,RAPCID_backbone_rapcid_backbone_233_model_1.cif.gz,/scratch/a2149a01/RAPCID_2610_output/backbone_long/RAPCID_backbone_rapcid_backbone_233_model_1.cif.gz,A,B,53,43,3.178,2.426,3.643,5,6,14,13,0.5185,162.09,chain1_E_chain2_F,1,0,0,3,1,3,0,8,0,0,11,18,2,0,1,1,1,1,1,0,0,pass_conserved_motif,0.79659,0,
backbone_long,RAPCID_backbone_rapcid_backbone_233_model_2.cif.gz,/scratch/a2149a01/RAPCID_2610_output/backbone_long/RAPCID_backbone_rapcid_backbone_233_model_2.cif.gz,A,B,53,43,3.161,2.565,2.596,5,5,13,18,0.4194,119.6,chain1_E_chain2_F,1,0,1,2,1,2,0,17,0,1,17,12,1,0,1,1,1,1,1,0,0,pass_conserved_motif,0.59379,0,
backbone_long,RAPCID_backbone_rapcid_backbone_233_model_3.cif.gz,/scratch/a2149a01/RAPCID_2610_output/backbone_long/RAPCID_backbone_rapcid_backbone_233_model_3.cif.gz,A,B,53,43,3.115,3.435,2.607,4,9,11,27,0.2895,170.83,chain1_E_chain2_F,1,0,0,2,1,2,1,3,0,0,9,16,2,0,1,1,1,1,1,0,0,pass_conserved_motif,0.66565,0,
backbone_long,RAPCID_backbone_rapcid_backbone_233_model_4.cif.gz,/scratch/a2149a01/RAPCID_2610_output/backbone_long/RAPCID_backbone_rapcid_backbone_233_model_4.cif.gz,A,B,53,43,8.747,3.061,3.684,6,5,13,14,0.4815,155.47,chain1_E_chain2_F,2,0,0,3,2,3,0,0,0,0,9,15,1,1,1,1,1,1,1,1,1,,0.78368,1,17
backbone_long,RAPCID_backbone_rapcid_backbone_233_model_5.cif.gz,/scratch/a2149a01/RAPCID_2610_output/backbone_long/RAPCID_backbone_rapcid_backbone_233_model_5.cif.gz,A,B,53,43,7.308,2.744,3.323,4,11,9,25,0.2647,174.95,chain1_E_chain2_F,1,0,0,3,1,3,1,0,0,0,10,19,2,0,1,1,1,1,1,0,0,pass_conserved_motif,0.65558,0,
backbone_long,RAPCID_backbone_rapcid_backbone_233_model_6.cif.gz,/scratch/a2149a01/RAPCID_2610_output/backbone_long/RAPCID_backbone_rapcid_backbone_233_model_6.cif.gz,A,B,53,43,2.793,3.187,2.407,3,3,6,13,0.3158,115.46,chain1_E_chain2_F,1,0,1,2,1,2,0,12,0,0,10,9,1,0,1,1,1,1,1,0,0,pass_conserved_motif,0.54689,0,
backbone_long,RAPCID_backbone_rapcid_backbone_233_model_7.cif.gz,/scratch/a2149a01/RAPCID_2610_output/backbone_long/RAPCID_backbone_rapcid_backbone_233_model_7.cif.gz,A,B,53,43,10.21,2.857,3.696,4,5,12,11,0.5217,169.26,chain1_E_chain2_F,2,0,0,3,2,3,1,0,0,0,9,14,1,1,1,1,1,1,1,1,1,,0.78852,1,13
backbone_long,RAPCID_backbone_rapcid_backbone_234_model_0.cif.gz,/scratch/a2149a01/RAPCID_2610_output/backbone_long/RAPCID_backbone_rapcid_backbone_234_model_0.cif.gz,A,B,53,33,8.481,2.919,3.116,4,6,12,22,0.3529,154.38,chain1_E_chain2_F,1,0,0,3,1,3,0,0,0,0,10,16,1,0,1,1,1,1,1,0,0,pass_conserved_motif,0.70005,0,
backbone_long,RAPCID_backbone_rapcid_backbone_234_model_1.cif.gz,/scratch/a2149a01/RAPCID_2610_output/backbone_long/RAPCID_backbone_rapcid_backbone_234_model_1.cif.gz,A,B,53,33,11.905,2.841,3.423,4,5,10,13,0.4348,156.82,chain1_E_chain2_F,2,0,0,3,2,3,1,0,0,0,9,15,1,0,1,1,1,1,1,0,0,pass_conserved_motif,0.79807,0,
backbone_long,RAPCID_backbone_rapcid_backbone_234_model_2.cif.gz,/scratch/a2149a01/RAPCID_2610_output/backbone_long/RAPCID_backbone_rapcid_backbone_234_model_2.cif.gz,A,B,53,33,12.162,2.55,3.737,3,5,9,13,0.4091,159.81,chain1_E_chain2_F,2,0,0,3,2,3,0,0,0,0,8,14,1,0,1,1,1,1,1,0,0,pass_conserved_motif,0.7638,0,
backbone_long,RAPCID_backbone_rapcid_backbone_234_model_3.cif.gz,/scratch/a2149a01/RAPCID_2610_output/backbone_long/RAPCID_backbone_rapcid_backbone_234_model_3.cif.gz,A,B,53,33,11.14,2.87,3.551,3,6,6,17,0.2609,166.02,chain1_E_chain2_F,1,0,0,3,1,3,0,0,0,0,11,15,1,0,1,1,1,1,1,0,0,pass_conserved_motif,0.65522,0,
backbone_long,RAPCID_backbone_rapcid_backbone_234_model_4.cif.gz,/scratch/a2149a01/RAPCID_2610_output/backbone_long/RAPCID_backbone_rapcid_backbone_234_model_4.cif.gz,A,B,53,33,8.685,2.902,3.457,4,5,10,13,0.4348,160.09,chain1_E_chain2_F,1,0,0,3,1,3,0,0,0,0,10,14,1,0,1,1,1,1,1,0,0,pass_conserved_motif,0.74457,0,
backbone_long,RAPCID_backbone_rapcid_backbone_234_model_5.cif.gz,/scratch/a2149a01/RAPCID_2610_output/backbone_long/RAPCID_backbone_rapcid_backbone_234_model_5.cif.gz,A,B,53,33,3.051,2.908,3.62,3,6,7,16,0.3043,169.9,chain1_E_chain2_F,1,0,0,3,1,3,0,3,0,0,9,16,1,0,1,1,1,1,1,0,0,pass_conserved_motif,0.67469,0,
backbone_long,RAPCID_backbone_rapcid_backbone_234_model_6.cif.gz,/scratch/a2149a01/RAPCID_2610_output/backbone_long/RAPCID_backbone_rapcid_backbone_234_model_6.cif.gz,A,B,53,33,8.786,2.918,3.385,4,5,11,21,0.3438,152.44,chain1_E_chain2_F,1,0,0,3,1,3,0,0,0,0,10,16,1,0,1,1,1,1,1,0,0,pass_conserved_motif,0.68991,0,
backbone_long,RAPCID_backbone_rapcid_backbone_234_model_7.cif.gz,/scratch/a2149a01/RAPCID_2610_output/backbone_long/RAPCID_backbone_rapcid_backbone_234_model_7.cif.gz,A,B,53,33,10.338,2.808,3.623,4,6,10,18,0.3571,161.82,chain1_E_chain2_F,1,0,0,3,1,3,0,0,0,0,10,14,2,0,1,1,1,1,1,0,0,pass_conserved_motif,0.70775,0,
backbone_long,RAPCID_backbone_rapcid_backbone_235_model_0.cif.gz,/scratch/a2149a01/RAPCID_2610_output/backbone_long/RAPCID_backbone_rapcid_backbone_235_model_0.cif.gz,B,A,46,34,2.815,2.948,2.851,5,4,12,13,0.48,136.0,chain1_F_chain2_E,0,2,1,0,2,1,0,5,0,0,9,12,0,1,1,1,1,1,1,0,0,pass_conserved_motif,0.68606,0,
backbone_long,RAPCID_backbone_rapcid_backbone_235_model_1.cif.gz,/scratch/a2149a01/RAPCID_2610_output/backbone_long/RAPCID_backbone_rapcid_backbone_235_model_1.cif.gz,B,A,46,34,3.889,3.194,2.903,5,6,22,11,0.6667,123.01,chain1_F_chain2_E,0,3,2,0,3,2,0,1,1,0,17,14,0,1,1,1,1,1,1,0,0,pass_conserved_motif,0.63787,0,
backbone_long,RAPCID_backbone_rapcid_backbone_235_model_2.cif.gz,/scratch/a2149a01/RAPCID_2610_output/backbone_long/RAPCID_backbone_rapcid_backbone_235_model_2.cif.gz,B,A,46,34,7.963,3.288,3.035,5,6,18,11,0.6207,162.35,chain1_F_chain2_E,0,3,1,0,3,1,0,0,0,0,16,13,0,1,1,1,1,1,1,0,0,pass_conserved_motif,0.71484,0,
backbone_long,RAPCID_backbone_rapcid_backbone_235_model_3.cif.gz,/scratch/a2149a01/RAPCID_2610_output/backbone_long/RAPCID_backbone_rapcid_backbone_235_model_3.cif.gz,B,A,46,34,3.438,3.158,3.187,6,3,12,10,0.5455,123.96,chain1_F_chain2_E,0,3,1,0,3,1,0,8,1,1,13,10,0,1,1,1,1,1,1,0,0,pass_conserved_motif,0.71264,0,
backbone_long,RAPCID_backbone_rapcid_backbone_235_model_4.cif.gz,/scratch/a2149a01/RAPCID_2610_output/backbone_long/RAPCID_backbone_rapcid_backbone_235_model_4.cif.gz,B,A,46,34,13.747,3.579,3.383,5,2,14,5,0.7368,171.74,chain1_F_chain2_E,0,3,1,0,3,1,0,0,0,0,16,7,0,1,1,1,1,1,1,0,0,pass_conserved_motif,0.63708,0,
backbone_long,RAPCID_backbone_rapcid_backbone_235_model_5.cif.gz,/scratch/a2149a01/RAPCID_2610_output/backbone_long/RAPCID_backbone_rapcid_backbone_235_model_5.cif.gz,B,A,46,34,5.825,2.766,2.803,8,5,34,17,0.6667,123.08,chain1_F_chain2_E,1,2,3,0,2,3,0,0,0,0,20,11,0,1,1,1,1,1,1,0,0,pass_conserved_motif,0.61646,0,
backbone_long,RAPCID_backbone_rapcid_backbone_235_model_6.cif.gz,/scratch/a2149a01/RAPCID_2610_output/backbone_long/RAPCID_backbone_rapcid_backbone_235_model_6.cif.gz,B,A,46,34,7.095,3.231,2.917,5,6,20,16,0.5556,152.83,chain1_F_chain2_E,0,3,2,0,3,2,0,0,0,0,16,14,1,1,1,1,1,1,1,1,1,,0.76007,1,46
backbone_long,RAPCID_backbone_rapcid_backbone_235_model_7.cif.gz,/scratch/a2149a01/RAPCID_2610_output/backbone_long/RAPCID_backbone_rapcid_backbone_235_model_7.cif.gz,B,A,46,34,11.077,3.283,2.976,4,2,16,7,0.6957,162.67,chain1_F_chain2_E,0,2,1,0,2,1,0,0,0,0,15,9,2,1,1,1,1,1,1,1,1,,0.65523,1,357
backbone_long,RAPCID_backbone_rapcid_backbone_236_model_0.cif.gz,/scratch/a2149a01/RAPCID_2610_output/backbone_long/RAPCID_backbone_rapcid_backbone_236_model_0.cif.gz,A,B,52,43,2.581,2.86,2.435,3,5,8,14,0.3636,119.42,chain1_E_chain2_F,1,0,0,2,1,2,0,13,0,1,10,11,2,0,1,1,1,1,1,0,0,pass_conserved_motif,0.59089,0,
backbone_long,RAPCID_backbone_rapcid_backbone_236_model_1.cif.gz,/scratch/a2149a01/RAPCID_2610_output/backbone_long/RAPCID_backbone_rapcid_backbone_236_model_1.cif.gz,A,B,52,43,3.514,2.693,2.595,4,4,13,13,0.5,112.5,chain1_E_chain2_F,1,0,1,2,1,2,0,11,1,1,9,9,1,0,1,1,1,1,1,0,0,pass_conserved_motif,0.64905,0,
backbone_long,RAPCID_backbone_rapcid_backbone_236_model_2.cif.gz,/scratch/a2149a01/RAPCID_2610_output/backbone_long/RAPCID_backbone_rapcid_backbone_236_model_2.cif.gz,A,B,52,43,2.743,2.814,3.559,5,4,15,12,0.5556,110.12,chain1_E_chain2_F,1,0,0,2,1,2,0,10,1,1,10,8,1,0,1,1,1,1,1,0,0,pass_conserved_motif,0.6239,0,
backbone_long,RAPCID_backbone_rapcid_backbone_236_model_3.cif.gz,/scratch/a2149a01/RAPCID_2610_output/backbone_long/RAPCID_backbone_rapcid_backbone_236_model_3.cif.gz,A,B,52,43,2.798,2.931,2.411,4,5,14,19,0.4242,109.97,chain1_E_chain2_F,1,0,1,2,1,2,0,10,0,0,9,9,2,1,1,1,1,1,1,1,1,,0.58196,1,546
backbone_long,RAPCID_backbone_rapcid_backbone_236_model_4.cif.gz,/scratch/a2149a01/RAPCID_2610_output/backbone_long/RAPCID_backbone_rapcid_backbone_236_model_4.cif.gz,A,B,52,43,3.278,3.156,2.018,4,4,9,15,0.375,124.68,chain1_E_chain2_F,1,0,0,2,1,2,0,6,0,1,8,9,2,0,1,1,1,1,1,0,0,pass_conserved_motif,0.62798,0,
backbone_long,RAPCID_backbone_rapcid_backbone_236_model_5.cif.gz,/scratch/a2149a01/RAPCID_2610_output/backbone_long/RAPCID_backbone_rapcid_backbone_236_model_5.cif.gz,A,B,52,43,3.061,2.7,2.888,3,6,12,18,0.4,102.1,chain1_E_chain2_F,1,0,0,2,1,2,0,11,1,1,10,10,1,0,1,1,1,1,1,0,0,pass_conserved_motif,0.57439,0,
backbone_long,RAPCID_backbone_rapcid_backbone_236_model_6.cif.gz,/scratch/a2149a01/RAPCID_2610_output/backbone_long/RAPCID_backbone_rapcid_backbone_236_model_6.cif.gz,A,B,52,43,2.76,3.098,2.9,4,4,9,11,0.45,127.86,chain1_E_chain2_F,1,0,0,2,1,2,0,12,0,0,10,8,1,0,1,1,1,1,1,0,0,pass_conserved_motif,0.64191,0,
backbone_long,RAPCID_backbone_rapcid_backbone_236_model_7.cif.gz,/scratch/a2149a01/RAPCID_2610_output/backbone_long/RAPCID_backbone_rapcid_backbone_236_model_7.cif.gz,A,B,52,43,3.203,3.296,3.583,2,4,3,6,0.3333,148.4,chain1_E_chain2_F,0,0,0,3,0,3,0,3,0,0,9,8,1,1,1,0,1,1,1,1,0,pass_dual_rap_contact,0.65871,0,
backbone_long,RAPCID_backbone_rapcid_backbone_237_model_0.cif.gz,/scratch/a2149a01/RAPCID_2610_output/backbone_long/RAPCID_backbone_rapcid_backbone_237_model_0.cif.gz,B,A,56,47,3.138,2.704,3.025,4,4,13,12,0.52,109.57,chain1_F_chain2_E,0,2,1,0,2,1,0,12,0,0,11,11,1,4,1,1,1,1,1,1,1,,0.59294,1,517
backbone_long,RAPCID_backbone_rapcid_backbone_237_model_1.cif.gz,/scratch/a2149a01/RAPCID_2610_output/backbone_long/RAPCID_backbone_rapcid_backbone_237_model_1.cif.gz,B,A,56,47,2.814,3.745,2.514,5,4,7,10,0.4118,121.63,chain1_F_chain2_E,0,2,2,0,2,2,0,14,0,0,12,10,0,1,1,1,1,1,1,0,0,pass_conserved_motif,0.62441,0,
backbone_long,RAPCID_backbone_rapcid_backbone_237_model_2.cif.gz,/scratch/a2149a01/RAPCID_2610_output/backbone_long/RAPCID_backbone_rapcid_backbone_237_model_2.cif.gz,B,A,56,47,3.417,2.012,3.06,4,6,16,15,0.5161,109.58,chain1_F_chain2_E,1,2,1,0,2,1,0,11,1,1,9,10,0,2,1,1,1,1,1,0,0,pass_conserved_motif,0.63288,0,
backbone_long,RAPCID_backbone_rapcid_backbone_237_model_3.cif.gz,/scratch/a2149a01/RAPCID_2610_output/backbone_long/RAPCID_backbone_rapcid_backbone_237_model_3.cif.gz,B,A,56,47,2.828,2.804,3.135,5,4,12,10,0.5455,130.84,chain1_F_chain2_E,0,2,1,0,2,1,0,9,0,1,10,10,0,1,1,1,1,1,1,0,0,pass_conserved_motif,0.68533,0,
backbone_long,RAPCID_backbone_rapcid_backbone_237_model_4.cif.gz,/scratch/a2149a01/RAPCID_2610_output/backbone_long/RAPCID_backbone_rapcid_backbone_237_model_4.cif.gz,B,A,56,47,3.104,3.048,3.047,8,4,17,17,0.5,121.88,chain1_F_chain2_E,0,2,3,0,2,3,0,14,1,2,15,13,0,1,1,1,1,1,1,0,0,pass_conserved_motif,0.73912,0,
backbone_long,RAPCID_backbone_rapcid_backbone_237_model_5.cif.gz,/scratch/a2149a01/RAPCID_2610_output/backbone_long/RAPCID_backbone_rapcid_backbone_237_model_5.cif.gz,B,A,56,47,2.732,2.912,2.76,5,3,16,5,0.7619,141.72,chain1_F_chain2_E,0,2,2,0,2,2,0,6,2,1,10,10,0,2,1,1,1,1,1,0,0,pass_conserved_motif,0.69194,0,
backbone_long,RAPCID_backbone_rapcid_backbone_237_model_6.cif.gz,/scratch/a2149a01/RAPCID_2610_output/backbone_long/RAPCID_backbone_rapcid_backbone_237_model_6.cif.gz,B,A,56,47,3.193,2.817,2.563,6,6,11,12,0.4783,111.45,chain1_F_chain2_E,0,3,1,0,3,1,0,5,0,1,14,10,0,1,1,1,1,1,1,0,0,pass_conserved_motif,0.64875,0,
backbone_long,RAPCID_backbone_rapcid_backbone_237_model_7.cif.gz,/scratch/a2149a01/RAPCID_2610_output/backbone_long/RAPCID_backbone_rapcid_backbone_237_model_7.cif.gz,B,A,56,47,2.993,2.797,2.34,5,4,19,17,0.5278,108.64,chain1_F_chain2_E,1,2,2,0,2,2,0,17,0,1,10,7,0,3,1,1,1,1,1,0,0,pass_conserved_motif,0.60697,0,
backbone_long,RAPCID_backbone_rapcid_backbone_238_model_0.cif.gz,/scratch/a2149a01/RAPCID_2610_output/backbone_long/RAPCID_backbone_rapcid_backbone_238_model_0.cif.gz,A,B,34,32,3.687,1.972,3.292,6,5,19,17,0.5278,154.08,chain1_E_chain2_F,1,0,0,3,1,3,0,2,0,0,12,16,1,0,0,1,1,1,1,0,0,pass_no_clash;pass_conserved_motif,0.75678,0,
backbone_long,RAPCID_backbone_rapcid_backbone_238_model_1.cif.gz,/scratch/a2149a01/RAPCID_2610_output/backbone_long/RAPCID_backbone_rapcid_backbone_238_model_1.cif.gz,A,B,34,32,3.461,2.663,3.278,6,6,12,21,0.3636,141.33,chain1_E_chain2_F,1,0,0,3,1,3,0,2,0,0,12,16,1,0,1,1,1,1,1,0,0,pass_conserved_motif,0.67084,0,
backbone_long,RAPCID_backbone_rapcid_backbone_238_model_2.cif.gz,/scratch/a2149a01/RAPCID_2610_output/backbone_long/RAPCID_backbone_rapcid_backbone_238_model_2.cif.gz,A,B,34,32,2.898,2.346,3.112,5,6,15,17,0.4688,131.43,chain1_E_chain2_F,2,0,0,2,2,2,0,9,0,1,10,12,2,0,1,1,1,1,1,0,0,pass_conserved_motif,0.72155,0,
backbone_long,RAPCID_backbone_rapcid_backbone_238_model_3.cif.gz,/scratch/a2149a01/RAPCID_2610_output/backbone_long/RAPCID_backbone_rapcid_backbone_238_model_3.cif.gz,A,B,34,32,3.882,2.364,3.532,6,6,14,14,0.5,139.83,chain1_E_chain2_F,1,0,0,3,1,3,0,1,0,0,16,18,1,0,1,1,1,1,1,0,0,pass_conserved_motif,0.71539,0,
backbone_long,RAPCID_backbone_rapcid_backbone_238_model_4.cif.gz,/scratch/a2149a01/RAPCID_2610_output/backbone_long/RAPCID_backbone_rapcid_backbone_238_model_4.cif.gz,A,B,34,32,2.836,1.898,3.501,7,5,21,19,0.525,148.03,chain1_E_chain2_F,2,0,0,3,2,3,0,6,0,0,10,16,1,1,0,1,1,1,1,1,0,pass_no_clash,0.78629,0,
backbone_long,RAPCID_backbone_rapcid_backbone_238_model_5.cif.gz,/scratch/a2149a01/RAPCID_2610_output/backbone_long/RAPCID_backbone_rapcid_backbone_238_model_5.cif.gz,A,B,34,32,4.25,2.403,3.449,5,10,16,23,0.4103,135.76,chain1_E_chain2_F,1,0,1,3,1,3,0,0,0,0,12,21,1,0,1,1,1,1,1,0,0,pass_conserved_motif,0.66093,0,
backbone_long,RAPCID_backbone_rapcid_backbone_238_model_6.cif.gz,/scratch/a2149a01/RAPCID_2610_output/backbone_long/RAPCID_backbone_rapcid_backbone_238_model_6.cif.gz,A,B,34,32,2.855,2.711,3.784,6,3,12,5,0.7059,107.51,chain1_E_chain2_F,1,0,0,2,1,2,0,8,1,0,11,10,1,0,1,1,1,1,1,0,0,pass_conserved_motif,0.54838,0,
backbone_long,RAPCID_backbone_rapcid_backbone_238_model_7.cif.gz,/scratch/a2149a01/RAPCID_2610_output/backbone_long/RAPCID_backbone_rapcid_backbone_238_model_7.cif.gz,A,B,34,32,2.901,2.215,3.35,7,5,21,19,0.525,137.84,chain1_E_chain2_F,1,0,0,3,1,3,0,5,0,0,12,15,2,0,1,1,1,1,1,0,0,pass_conserved_motif,0.71876,0,
backbone_long,RAPCID_backbone_rapcid_backbone_239_model_0.cif.gz,/scratch/a2149a01/RAPCID_2610_output/backbone_long/RAPCID_backbone_rapcid_backbone_239_model_0.cif.gz,B,A,48,37,3.175,3.561,2.912,4,3,8,13,0.381,121.64,chain1_F_chain2_E,0,2,2,0,2,2,0,6,0,1,9,9,0,2,1,1,1,1,1,0,0,pass_conserved_motif,0.6488,0,
backbone_long,RAPCID_backbone_rapcid_backbone_239_model_1.cif.gz,/scratch/a2149a01/RAPCID_2610_output/backbone_long/RAPCID_backbone_rapcid_backbone_239_model_1.cif.gz,B,A,48,37,3.533,3.283,3.209,5,3,15,12,0.5556,138.74,chain1_F_chain2_E,0,2,2,0,2,2,1,7,0,0,12,10,0,1,1,1,1,1,1,0,0,pass_conserved_motif,0.74809,0,
backbone_long,RAPCID_backbone_rapcid_backbone_239_model_2.cif.gz,/scratch/a2149a01/RAPCID_2610_output/backbone_long/RAPCID_backbone_rapcid_backbone_239_model_2.cif.gz,B,A,48,37,2.766,2.848,2.802,4,3,11,14,0.44,109.65,chain1_F_chain2_E,0,2,1,0,2,1,0,6,1,1,9,12,1,1,1,1,1,1,1,1,1,,0.62054,1,468
backbone_long,RAPCID_backbone_rapcid_backbone_239_model_3.cif.gz,/scratch/a2149a01/RAPCID_2610_output/backbone_long/RAPCID_backbone_rapcid_backbone_239_model_3.cif.gz,B,A,48,37,3.197,2.79,2.726,4,3,17,8,0.68,113.08,chain1_F_chain2_E,1,2,1,0,2,1,0,8,0,0,10,8,0,1,1,1,1,1,1,0,0,pass_conserved_motif,0.56064,0,
backbone_long,RAPCID_backbone_rapcid_backbone_239_model_4.cif.gz,/scratch/a2149a01/RAPCID_2610_output/backbone_long/RAPCID_backbone_rapcid_backbone_239_model_4.cif.gz,B,A,48,37,3.59,3.763,2.667,6,4,13,10,0.5652,109.64,chain1_F_chain2_E,0,3,1,0,3,1,0,3,0,0,14,11,0,1,1,1,1,1,1,0,0,pass_conserved_motif,0.59868,0,
backbone_long,RAPCID_backbone_rapcid_backbone_239_model_5.cif.gz,/scratch/a2149a01/RAPCID_2610_output/backbone_long/RAPCID_backbone_rapcid_backbone_239_model_5.cif.gz,B,A,48,37,3.485,3.17,3.074,4,3,12,6,0.6667,115.81,chain1_F_chain2_E,1,2,1,0,2,1,0,2,0,0,8,9,0,1,1,1,1,1,1,0,0,pass_conserved_motif,0.54507,0,
backbone_long,RAPCID_backbone_rapcid_backbone_239_model_6.cif.gz,/scratch/a2149a01/RAPCID_2610_output/backbone_long/RAPCID_backbone_rapcid_backbone_239_model_6.cif.gz,B,A,48,37,3.309,2.822,2.646,7,4,20,14,0.5882,98.33,chain1_F_chain2_E,0,3,1,0,3,1,0,4,1,1,13,9,0,1,1,1,1,1,1,0,0,pass_conserved_motif,0.59008,0,
backbone_long,RAPCID_backbone_rapcid_backbone_239_model_7.cif.gz,/scratch/a2149a01/RAPCID_2610_output/backbone_long/RAPCID_backbone_rapcid_backbone_239_model_7.cif.gz,B,A,48,37,3.314,3.331,3.033,6,2,17,5,0.7727,128.38,chain1_F_chain2_E,1,3,1,0,3,1,0,2,0,1,12,7,0,1,1,1,1,1,1,0,0,pass_conserved_motif,0.58979,0,
backbone_long,RAPCID_backbone_rapcid_backbone_23_model_0.cif.gz,/scratch/a2149a01/RAPCID_2610_output/backbone_long/RAPCID_backbone_rapcid_backbone_23_model_0.cif.gz,A,B,36,34,4.525,1.999,2.531,4,5,22,13,0.6286,135.32,chain1_E_chain2_F,2,0,0,2,2,2,1,0,0,0,11,10,1,0,0,1,1,1,1,0,0,pass_no_clash;pass_conserved_motif,0.67249,0,
backbone_long,RAPCID_backbone_rapcid_backbone_23_model_1.cif.gz,/scratch/a2149a01/RAPCID_2610_output/backbone_long/RAPCID_backbone_rapcid_backbone_23_model_1.cif.gz,A,B,36,34,2.837,3.157,2.998,3,5,6,14,0.3,124.29,chain1_E_chain2_F,1,0,1,2,1,2,0,10,1,0,9,10,1,1,1,1,1,1,1,1,1,,0.59669,1,510
backbone_long,RAPCID_backbone_rapcid_backbone_23_model_2.cif.gz,/scratch/a2149a01/RAPCID_2610_output/backbone_long/RAPCID_backbone_rapcid_backbone_23_model_2.cif.gz,A,B,36,34,2.744,2.725,3.149,3,4,10,11,0.4762,122.81,chain1_E_chain2_F,1,0,0,2,1,2,0,8,1,1,11,9,1,0,1,1,1,1,1,0,0,pass_conserved_motif,0.6889,0,
backbone_long,RAPCID_backbone_rapcid_backbone_23_model_3.cif.gz,/scratch/a2149a01/RAPCID_2610_output/backbone_long/RAPCID_backbone_rapcid_backbone_23_model_3.cif.gz,A,B,36,34,3.34,2.991,3.387,4,7,12,15,0.4444,126.5,chain1_E_chain2_F,2,0,1,3,2,3,0,3,1,0,10,14,1,0,1,1,1,1,1,0,0,pass_conserved_motif,0.70396,0,
backbone_long,RAPCID_backbone_rapcid_backbone_23_model_4.cif.gz,/scratch/a2149a01/RAPCID_2610_output/backbone_long/RAPCID_backbone_rapcid_backbone_23_model_4.cif.gz,A,B,36,34,4.729,2.9,3.46,4,4,16,10,0.6154,124.49,chain1_E_chain2_F,1,0,0,2,1,2,0,0,0,0,10,10,1,0,1,1,1,1,1,0,0,pass_conserved_motif,0.58454,0,
backbone_long,RAPCID_backbone_rapcid_backbone_23_model_5.cif.gz,/scratch/a2149a01/RAPCID_2610_output/backbone_long/RAPCID_backbone_rapcid_backbone_23_model_5.cif.gz,A,B,36,34,4.493,3.201,3.411,4,5,24,12,0.6667,124.59,chain1_E_chain2_F,1,0,0,3,1,3,0,0,0,0,11,13,1,0,1,1,1,1,1,0,0,pass_conserved_motif,0.59293,0,
backbone_long,RAPCID_backbone_rapcid_backbone_23_model_6.cif.gz,/scratch/a2149a01/RAPCID_2610_output/backbone_long/RAPCID_backbone_rapcid_backbone_23_model_6.cif.gz,A,B,36,34,2.519,2.873,2.947,3,6,11,14,0.44,122.68,chain1_E_chain2_F,1,0,0,2,1,2,0,14,1,0,13,11,1,0,1,1,1,1,1,0,0,pass_conserved_motif,0.62732,0,
backbone_long,RAPCID_backbone_rapcid_backbone_23_model_7.cif.gz,/scratch/a2149a01/RAPCID_2610_output/backbone_long/RAPCID_backbone_rapcid_backbone_23_model_7.cif.gz,A,B,36,34,3.006,3.418,3.116,4,5,18,11,0.6207,130.74,chain1_E_chain2_F,2,0,0,2,2,2,0,5,0,0,13,12,2,0,1,1,1,1,1,0,0,pass_conserved_motif,0.6568,0,
backbone_long,RAPCID_backbone_rapcid_backbone_240_model_0.cif.gz,/scratch/a2149a01/RAPCID_2610_output/backbone_long/RAPCID_backbone_rapcid_backbone_240_model_0.cif.gz,B,A,54,31,3.271,2.334,2.834,5,4,13,9,0.5909,126.68,chain1_F_chain2_E,0,2,1,0,2,1,0,5,0,1,10,8,0,2,1,1,1,1,1,0,0,pass_conserved_motif,0.64329,0,
backbone_long,RAPCID_backbone_rapcid_backbone_240_model_1.cif.gz,/scratch/a2149a01/RAPCID_2610_output/backbone_long/RAPCID_backbone_rapcid_backbone_240_model_1.cif.gz,B,A,54,31,2.515,3.235,2.771,4,7,14,16,0.4667,106.46,chain1_F_chain2_E,0,3,1,0,3,1,0,6,1,1,12,11,0,1,1,1,1,1,1,0,0,pass_conserved_motif,0.64915,0,
backbone_long,RAPCID_backbone_rapcid_backbone_240_model_2.cif.gz,/scratch/a2149a01/RAPCID_2610_output/backbone_long/RAPCID_backbone_rapcid_backbone_240_model_2.cif.gz,B,A,54,31,2.632,2.789,3.158,4,6,16,17,0.4848,104.74,chain1_F_chain2_E,1,2,1,0,2,1,0,7,0,1,9,10,0,1,1,1,1,1,1,0,0,pass_conserved_motif,0.61046,0,
backbone_long,RAPCID_backbone_rapcid_backbone_240_model_3.cif.gz,/scratch/a2149a01/RAPCID_2610_output/backbone_long/RAPCID_backbone_rapcid_backbone_240_model_3.cif.gz,B,A,54,31,3.655,2.841,3.529,6,3,13,5,0.7222,125.66,chain1_F_chain2_E,1,3,1,0,3,1,0,4,0,0,14,10,0,1,1,1,1,1,1,0,0,pass_conserved_motif,0.59427,0,
backbone_long,RAPCID_backbone_rapcid_backbone_240_model_4.cif.gz,/scratch/a2149a01/RAPCID_2610_output/backbone_long/RAPCID_backbone_rapcid_backbone_240_model_4.cif.gz,B,A,54,31,3.375,2.943,2.411,5,3,13,12,0.52,124.88,chain1_F_chain2_E,0,3,1,0,3,1,0,6,0,0,11,9,0,1,1,1,1,1,1,0,0,pass_conserved_motif,0.68255,0,
backbone_long,RAPCID_backbone_rapcid_backbone_240_model_5.cif.gz,/scratch/a2149a01/RAPCID_2610_output/backbone_long/RAPCID_backbone_rapcid_backbone_240_model_5.cif.gz,B,A,54,31,2.803,2.556,2.386,3,10,10,26,0.2778,112.51,chain1_F_chain2_E,0,2,3,0,2,3,0,7,0,1,5,18,0,1,1,1,1,1,1,0,0,pass_conserved_motif,0.61067,0,
backbone_long,RAPCID_backbone_rapcid_backbone_240_model_6.cif.gz,/scratch/a2149a01/RAPCID_2610_output/backbone_long/RAPCID_backbone_rapcid_backbone_240_model_6.cif.gz,B,A,54,31,3.864,2.884,3.182,5,1,16,7,0.6957,148.3,chain1_F_chain2_E,1,3,1,0,3,1,0,1,0,0,12,8,0,1,1,0,1,1,1,0,0,pass_dual_rap_contact;pass_conserved_motif,0.66536,0,
backbone_long,RAPCID_backbone_rapcid_backbone_240_model_7.cif.gz,/scratch/a2149a01/RAPCID_2610_output/backbone_long/RAPCID_backbone_rapcid_backbone_240_model_7.cif.gz,B,A,54,31,3.314,3.222,2.909,5,5,12,14,0.4615,119.77,chain1_F_chain2_E,1,2,2,0,2,2,0,14,0,0,13,10,0,2,1,1,1,1,1,0,0,pass_conserved_motif,0.63812,0,
backbone_long,RAPCID_backbone_rapcid_backbone_241_model_0.cif.gz,/scratch/a2149a01/RAPCID_2610_output/backbone_long/RAPCID_backbone_rapcid_backbone_241_model_0.cif.gz,A,B,53,32,8.155,2.894,3.538,5,5,11,18,0.3793,145.22,chain1_E_chain2_F,2,0,0,3,2,3,0,0,0,0,12,14,1,1,1,1,1,1,1,1,1,,0.70864,1,171
backbone_long,RAPCID_backbone_rapcid_backbone_241_model_1.cif.gz,/scratch/a2149a01/RAPCID_2610_output/backbone_long/RAPCID_backbone_rapcid_backbone_241_model_1.cif.gz,A,B,53,32,7.59,2.79,2.999,4,5,11,19,0.3667,144.53,chain1_E_chain2_F,1,0,0,3,1,3,0,0,0,0,10,15,1,0,1,1,1,1,1,0,0,pass_conserved_motif,0.67273,0,
backbone_long,RAPCID_backbone_rapcid_backbone_241_model_2.cif.gz,/scratch/a2149a01/RAPCID_2610_output/backbone_long/RAPCID_backbone_rapcid_backbone_241_model_2.cif.gz,A,B,53,32,11.11,2.725,3.562,3,6,7,19,0.2692,150.2,chain1_E_chain2_F,2,0,0,3,2,3,0,0,0,0,9,15,2,0,1,1,1,1,1,0,0,pass_conserved_motif,0.68122,0,
backbone_long,RAPCID_backbone_rapcid_backbone_241_model_3.cif.gz,/scratch/a2149a01/RAPCID_2610_output/backbone_long/RAPCID_backbone_rapcid_backbone_241_model_3.cif.gz,A,B,53,32,11.511,3.157,3.372,4,6,10,18,0.3571,168.62,chain1_E_chain2_F,2,0,0,3,2,3,0,0,0,0,9,16,1,0,1,1,1,1,1,0,0,pass_conserved_motif,0.71365,0,
backbone_long,RAPCID_backbone_rapcid_backbone_241_model_4.cif.gz,/scratch/a2149a01/RAPCID_2610_output/backbone_long/RAPCID_backbone_rapcid_backbone_241_model_4.cif.gz,A,B,53,32,13.471,3.456,3.73,3,5,6,11,0.3529,169.36,chain1_E_chain2_F,0,0,0,3,0,3,0,0,0,0,6,15,2,0,1,1,1,1,1,0,0,pass_conserved_motif,0.65234,0,
backbone_long,RAPCID_backbone_rapcid_backbone_241_model_5.cif.gz,/scratch/a2149a01/RAPCID_2610_output/backbone_long/RAPCID_backbone_rapcid_backbone_241_model_5.cif.gz,A,B,53,32,8.754,2.988,3.189,4,5,10,23,0.303,158.94,chain1_E_chain2_F,1,0,0,3,1,3,0,0,0,0,12,15,1,1,1,1,1,1,1,1,1,,0.69531,1,220
backbone_long,RAPCID_backbone_rapcid_backbone_241_model_6.cif.gz,/scratch/a2149a01/RAPCID_2610_output/backbone_long/RAPCID_backbone_rapcid_backbone_241_model_6.cif.gz,A,B,53,32,4.826,2.374,3.349,6,5,16,19,0.4571,155.61,chain1_E_chain2_F,2,0,0,3,2,3,0,0,0,0,12,16,1,0,1,1,1,1,1,0,0,pass_conserved_motif,0.7744,0,
backbone_long,RAPCID_backbone_rapcid_backbone_241_model_7.cif.gz,/scratch/a2149a01/RAPCID_2610_output/backbone_long/RAPCID_backbone_rapcid_backbone_241_model_7.cif.gz,A,B,53,32,2.694,2.705,3.499,4,5,14,18,0.4375,157.91,chain1_E_chain2_F,1,0,0,3,1,3,0,1,0,0,11,16,1,0,1,1,1,1,1,0,0,pass_conserved_motif,0.75065,0,
backbone_long,RAPCID_backbone_rapcid_backbone_242_model_0.cif.gz,/scratch/a2149a01/RAPCID_2610_output/backbone_long/RAPCID_backbone_rapcid_backbone_242_model_0.cif.gz,A,B,46,33,3.34,2.771,3.205,3,9,12,32,0.2727,151.74,chain1_E_chain2_F,1,0,1,3,1,3,0,3,1,1,10,17,1,0,1,1,1,1,1,0,0,pass_conserved_motif,0.70752,0,
backbone_long,RAPCID_backbone_rapcid_backbone_242_model_1.cif.gz,/scratch/a2149a01/RAPCID_2610_output/backbone_long/RAPCID_backbone_rapcid_backbone_242_model_1.cif.gz,A,B,46,33,6.392,3.02,3.393,4,8,12,24,0.3333,160.05,chain1_E_chain2_F,1,0,0,3,1,3,0,0,0,0,9,18,1,0,1,1,1,1,1,0,0,pass_conserved_motif,0.7041,0,
backbone_long,RAPCID_backbone_rapcid_backbone_242_model_2.cif.gz,/scratch/a2149a01/RAPCID_2610_output/backbone_long/RAPCID_backbone_rapcid_backbone_242_model_2.cif.gz,A,B,46,33,3.331,1.847,2.803,5,5,18,13,0.5806,117.72,chain1_E_chain2_F,1,0,0,2,1,2,0,5,0,1,12,8,2,0,0,1,1,1,1,0,0,pass_no_clash;pass_conserved_motif,0.61753,0,
backbone_long,RAPCID_backbone_rapcid_backbone_242_model_3.cif.gz,/scratch/a2149a01/RAPCID_2610_output/backbone_long/RAPCID_backbone_rapcid_backbone_242_model_3.cif.gz,A,B,46,33,2.925,3.058,1.728,5,5,9,17,0.3462,111.85,chain1_E_chain2_F,1,0,1,2,1,2,0,5,1,1,10,8,1,0,0,1,1,1,1,0,0,pass_no_clash;pass_conserved_motif,0.58535,0,
backbone_long,RAPCID_backbone_rapcid_backbone_242_model_4.cif.gz,/scratch/a2149a01/RAPCID_2610_output/backbone_long/RAPCID_backbone_rapcid_backbone_242_model_4.cif.gz,A,B,46,33,3.32,2.51,2.819,4,5,15,13,0.5357,139.15,chain1_E_chain2_F,1,0,0,3,1,3,0,9,0,0,10,12,1,0,1,1,1,1,1,0,0,pass_conserved_motif,0.72885,0,
backbone_long,RAPCID_backbone_rapcid_backbone_242_model_5.cif.gz,/scratch/a2149a01/RAPCID_2610_output/backbone_long/RAPCID_backbone_rapcid_backbone_242_model_5.cif.gz,A,B,46,33,11.469,3.199,3.09,4,5,10,17,0.3704,168.01,chain1_E_chain2_F,1,0,0,3,1,3,0,0,0,0,10,16,1,0,1,1,1,1,1,0,0,pass_conserved_motif,0.69239,0,
backbone_long,RAPCID_backbone_rapcid_backbone_242_model_6.cif.gz,/scratch/a2149a01/RAPCID_2610_output/backbone_long/RAPCID_backbone_rapcid_backbone_242_model_6.cif.gz,A,B,46,33,3.312,2.845,3.48,4,5,14,15,0.4828,130.31,chain1_E_chain2_F,2,0,0,2,2,2,0,5,0,0,13,11,1,0,1,1,1,1,1,0,0,pass_conserved_motif,0.69675,0,
backbone_long,RAPCID_backbone_rapcid_backbone_242_model_7.cif.gz,/scratch/a2149a01/RAPCID_2610_output/backbone_long/RAPCID_backbone_rapcid_backbone_242_model_7.cif.gz,A,B,46,33,7.647,3.643,3.675,2,7,3,13,0.1875,153.05,chain1_E_chain2_F,2,0,0,3,2,3,1,0,0,0,6,17,1,1,1,0,1,1,1,1,0,pass_dual_rap_contact,0.68661,0,
backbone_long,RAPCID_backbone_rapcid_backbone_243_model_0.cif.gz,/scratch/a2149a01/RAPCID_2610_output/backbone_long/RAPCID_backbone_rapcid_backbone_243_model_0.cif.gz,A,B,33,33,3.028,1.973,3.054,7,5,18,17,0.5143,145.5,chain1_E_chain2_F,1,0,0,3,1,3,0,6,0,0,12,15,1,0,0,1,1,1,1,0,0,pass_no_clash;pass_conserved_motif,0.75357,0,
backbone_long,RAPCID_backbone_rapcid_backbone_243_model_1.cif.gz,/scratch/a2149a01/RAPCID_2610_output/backbone_long/RAPCID_backbone_rapcid_backbone_243_model_1.cif.gz,A,B,33,33,3.204,3.142,3.362,4,5,12,19,0.3871,160.92,chain1_E_chain2_F,1,0,0,3,1,3,0,3,0,0,11,16,1,0,1,1,1,1,1,0,0,pass_conserved_motif,0.73771,0,
backbone_long,RAPCID_backbone_rapcid_backbone_243_model_2.cif.gz,/scratch/a2149a01/RAPCID_2610_output/backbone_long/RAPCID_backbone_rapcid_backbone_243_model_2.cif.gz,A,B,33,33,3.154,2.756,3.319,5,6,13,11,0.5417,123.74,chain1_E_chain2_F,1,0,0,3,1,3,0,4,0,0,10,16,1,0,1,1,1,1,1,0,0,pass_conserved_motif,0.66008,0,
backbone_long,RAPCID_backbone_rapcid_backbone_243_model_3.cif.gz,/scratch/a2149a01/RAPCID_2610_output/backbone_long/RAPCID_backbone_rapcid_backbone_243_model_3.cif.gz,A,B,33,33,4.289,2.702,3.564,5,5,14,19,0.4242,155.56,chain1_E_chain2_F,1,0,0,3,1,3,0,0,0,0,11,15,1,0,1,1,1,1,1,0,0,pass_conserved_motif,0.73251,0,
backbone_long,RAPCID_backbone_rapcid_backbone_243_model_4.cif.gz,/scratch/a2149a01/RAPCID_2610_output/backbone_long/RAPCID_backbone_rapcid_backbone_243_model_4.cif.gz,A,B,33,33,6.388,2.685,3.477,6,6,13,19,0.4062,161.39,chain1_E_chain2_F,1,0,0,3,1,3,0,0,0,0,10,16,1,1,1,1,1,1,1,1,1,,0.72881,1,116
backbone_long,RAPCID_backbone_rapcid_backbone_243_model_5.cif.gz,/scratch/a2149a01/RAPCID_2610_output/backbone_long/RAPCID_backbone_rapcid_backbone_243_model_5.cif.gz,A,B,33,33,10.049,2.939,3.041,4,5,13,16,0.4483,157.8,chain1_E_chain2_F,1,0,0,3,1,3,0,0,0,0,10,16,1,0,1,1,1,1,1,0,0,pass_conserved_motif,0.74961,0,
backbone_long,RAPCID_backbone_rapcid_backbone_243_model_6.cif.gz,/scratch/a2149a01/RAPCID_2610_output/backbone_long/RAPCID_backbone_rapcid_backbone_243_model_6.cif.gz,A,B,33,33,3.412,2.943,3.605,6,6,12,17,0.4138,162.35,chain1_E_chain2_F,1,0,0,3,1,3,0,4,0,0,10,17,1,0,1,1,1,1,1,0,0,pass_conserved_motif,0.74862,0,
backbone_long,RAPCID_backbone_rapcid_backbone_243_model_7.cif.gz,/scratch/a2149a01/RAPCID_2610_output/backbone_long/RAPCID_backbone_rapcid_backbone_243_model_7.cif.gz,A,B,33,33,3.416,2.845,3.549,4,5,9,12,0.4286,166.06,chain1_E_chain2_F,1,0,0,3,1,3,0,1,0,0,10,15,1,0,1,1,1,1,1,0,0,pass_conserved_motif,0.72719,0,
backbone_long,RAPCID_backbone_rapcid_backbone_244_model_0.cif.gz,/scratch/a2149a01/RAPCID_2610_output/backbone_long/RAPCID_backbone_rapcid_backbone_244_model_0.cif.gz,A,B,46,40,2.893,2.851,3.394,4,8,11,16,0.4074,123.37,chain1_E_chain2_F,1,0,1,3,1,3,0,13,0,2,11,15,2,0,1,1,1,1,1,0,0,pass_conserved_motif,0.66683,0,
backbone_long,RAPCID_backbone_rapcid_backbone_244_model_1.cif.gz,/scratch/a2149a01/RAPCID_2610_output/backbone_long/RAPCID_backbone_rapcid_backbone_244_model_1.cif.gz,A,B,46,40,3.066,2.67,2.571,6,4,11,14,0.44,127.89,chain1_E_chain2_F,1,0,0,2,1,2,0,10,1,1,14,9,1,0,1,1,1,1,1,0,0,pass_conserved_motif,0.68136,0,
backbone_long,RAPCID_backbone_rapcid_backbone_244_model_2.cif.gz,/scratch/a2149a01/RAPCID_2610_output/backbone_long/RAPCID_backbone_rapcid_backbone_244_model_2.cif.gz,A,B,46,40,3.122,3.103,2.894,5,5,10,19,0.3448,110.18,chain1_E_chain2_F,1,0,1,2,1,2,0,15,1,1,18,9,2,0,1,1,1,1,1,0,0,pass_conserved_motif,0.55924,0,
backbone_long,RAPCID_backbone_rapcid_backbone_244_model_3.cif.gz,/scratch/a2149a01/RAPCID_2610_output/backbone_long/RAPCID_backbone_rapcid_backbone_244_model_3.cif.gz,A,B,46,40,3.512,3.052,2.136,5,5,11,11,0.5,129.19,chain1_E_chain2_F,2,0,0,3,2,3,0,1,0,0,10,11,1,0,1,1,1,1,1,0,0,pass_conserved_motif,0.70851,0,
backbone_long,RAPCID_backbone_rapcid_backbone_244_model_4.cif.gz,/scratch/a2149a01/RAPCID_2610_output/backbone_long/RAPCID_backbone_rapcid_backbone_244_model_4.cif.gz,A,B,46,40,3.384,3.188,3.724,4,5,11,12,0.4783,119.39,chain1_E_chain2_F,1,0,0,2,1,2,0,6,1,1,13,8,1,0,1,1,1,1,1,0,0,pass_conserved_motif,0.66833,0,
backbone_long,RAPCID_backbone_rapcid_backbone_244_model_5.cif.gz,/scratch/a2149a01/RAPCID_2610_output/backbone_long/RAPCID_backbone_rapcid_backbone_244_model_5.cif.gz,A,B,46,40,2.959,2.802,3.22,4,5,15,7,0.6818,145.6,chain1_E_chain2_F,1,0,0,3,1,3,0,8,0,0,10,13,1,0,1,1,1,1,1,0,0,pass_conserved_motif,0.69688,0,
backbone_long,RAPCID_backbone_rapcid_backbone_244_model_6.cif.gz,/scratch/a2149a01/RAPCID_2610_output/backbone_long/RAPCID_backbone_rapcid_backbone_244_model_6.cif.gz,A,B,46,40,2.507,3.57,2.691,3,5,9,16,0.36,116.14,chain1_E_chain2_F,1,0,0,2,1,2,0,12,1,1,8,11,1,0,1,1,1,1,1,0,0,pass_conserved_motif,0.60018,0,
backbone_long,RAPCID_backbone_rapcid_backbone_244_model_7.cif.gz,/scratch/a2149a01/RAPCID_2610_output/backbone_long/RAPCID_backbone_rapcid_backbone_244_model_7.cif.gz,A,B,46,40,2.887,2.952,2.662,7,5,16,19,0.4571,107.92,chain1_E_chain2_F,2,0,0,2,2,2,0,25,1,2,11,10,2,1,1,1,1,1,1,1,1,,0.59188,1,519
backbone_long,RAPCID_backbone_rapcid_backbone_245_model_0.cif.gz,/scratch/a2149a01/RAPCID_2610_output/backbone_long/RAPCID_backbone_rapcid_backbone_245_model_0.cif.gz,B,A,48,42,2.87,2.459,2.856,4,3,15,10,0.6,126.1,chain1_F_chain2_E,1,2,1,0,2,1,0,7,0,0,9,9,0,1,1,1,1,1,1,0,0,pass_conserved_motif,0.63104,0,
backbone_long,RAPCID_backbone_rapcid_backbone_245_model_1.cif.gz,/scratch/a2149a01/RAPCID_2610_output/backbone_long/RAPCID_backbone_rapcid_backbone_245_model_1.cif.gz,B,A,48,42,3.187,2.958,3.06,6,3,21,8,0.7241,124.5,chain1_F_chain2_E,1,3,1,0,3,1,0,7,0,0,13,12,0,1,1,1,1,1,1,0,0,pass_conserved_motif,0.60463,0,
backbone_long,RAPCID_backbone_rapcid_backbone_245_model_2.cif.gz,/scratch/a2149a01/RAPCID_2610_output/backbone_long/RAPCID_backbone_rapcid_backbone_245_model_2.cif.gz,B,A,48,42,2.733,3.527,2.7,6,4,11,16,0.4074,108.49,chain1_F_chain2_E,1,3,1,0,3,1,0,17,0,1,11,11,0,1,1,1,1,1,1,0,0,pass_conserved_motif,0.58055,0,
backbone_long,RAPCID_backbone_rapcid_backbone_245_model_3.cif.gz,/scratch/a2149a01/RAPCID_2610_output/backbone_long/RAPCID_backbone_rapcid_backbone_245_model_3.cif.gz,B,A,48,42,2.84,2.84,2.832,6,5,18,12,0.6,115.01,chain1_F_chain2_E,1,2,1,0,2,1,0,7,0,0,11,9,0,3,1,1,1,1,1,0,0,pass_conserved_motif,0.59407,0,
backbone_long,RAPCID_backbone_rapcid_backbone_245_model_4.cif.gz,/scratch/a2149a01/RAPCID_2610_output/backbone_long/RAPCID_backbone_rapcid_backbone_245_model_4.cif.gz,B,A,48,42,3.351,2.458,3.16,4,5,10,17,0.3704,120.37,chain1_F_chain2_E,0,2,1,0,2,1,0,12,1,1,10,11,0,1,1,1,1,1,1,0,0,pass_conserved_motif,0.61843,0,
backbone_long,RAPCID_backbone_rapcid_backbone_245_model_5.cif.gz,/scratch/a2149a01/RAPCID_2610_output/backbone_long/RAPCID_backbone_rapcid_backbone_245_model_5.cif.gz,B,A,48,42,3.109,2.39,2.74,4,4,17,9,0.6538,116.77,chain1_F_chain2_E,1,2,1,0,2,1,0,9,0,0,9,9,0,1,1,1,1,1,1,0,0,pass_conserved_motif,0.5784,0,
backbone_long,RAPCID_backbone_rapcid_backbone_245_model_6.cif.gz,/scratch/a2149a01/RAPCID_2610_output/backbone_long/RAPCID_backbone_rapcid_backbone_245_model_6.cif.gz,B,A,48,42,2.835,2.886,2.263,5,3,14,7,0.6667,105.35,chain1_F_chain2_E,0,2,1,0,2,1,0,13,1,1,10,10,0,1,1,1,1,1,1,0,0,pass_conserved_motif,0.54854,0,
backbone_long,RAPCID_backbone_rapcid_backbone_245_model_7.cif.gz,/scratch/a2149a01/RAPCID_2610_output/backbone_long/RAPCID_backbone_rapcid_backbone_245_model_7.cif.gz,B,A,48,42,2.663,3.101,3.016,4,3,11,10,0.5238,114.48,chain1_F_chain2_E,0,2,1,0,2,1,0,10,0,1,10,10,0,2,1,1,1,1,1,0,0,pass_conserved_motif,0.63445,0,
backbone_long,RAPCID_backbone_rapcid_backbone_246_model_0.cif.gz,/scratch/a2149a01/RAPCID_2610_output/backbone_long/RAPCID_backbone_rapcid_backbone_246_model_0.cif.gz,B,A,38,29,13.23,3.232,3.205,5,2,17,5,0.7727,167.84,chain1_F_chain2_E,0,3,0,0,3,0,0,0,0,0,16,7,0,1,1,1,1,1,1,0,0,pass_conserved_motif,0.60717,0,
backbone_long,RAPCID_backbone_rapcid_backbone_246_model_1.cif.gz,/scratch/a2149a01/RAPCID_2610_output/backbone_long/RAPCID_backbone_rapcid_backbone_246_model_1.cif.gz,B,A,38,29,5.752,1.965,3.159,5,3,12,7,0.6316,130.59,chain1_F_chain2_E,0,1,1,0,1,1,0,0,0,0,11,9,0,1,0,1,1,1,1,0,0,pass_no_clash;pass_conserved_motif,0.5698,0,
backbone_long,RAPCID_backbone_rapcid_backbone_246_model_2.cif.gz,/scratch/a2149a01/RAPCID_2610_output/backbone_long/RAPCID_backbone_rapcid_backbone_246_model_2.cif.gz,B,A,38,29,3.669,2.519,3.078,4,6,12,20,0.375,134.57,chain1_F_chain2_E,0,2,2,0,2,2,0,1,0,0,10,18,0,2,1,1,1,1,1,0,0,pass_conserved_motif,0.64786,0,
backbone_long,RAPCID_backbone_rapcid_backbone_246_model_3.cif.gz,/scratch/a2149a01/RAPCID_2610_output/backbone_long/RAPCID_backbone_rapcid_backbone_246_model_3.cif.gz,B,A,38,29,3.299,1.998,2.377,5,5,12,14,0.4615,108.99,chain1_F_chain2_E,1,3,1,0,3,1,0,1,0,0,10,13,0,1,0,1,1,1,1,0,0,pass_no_clash;pass_conserved_motif,0.59721,0,
backbone_long,RAPCID_backbone_rapcid_backbone_246_model_4.cif.gz,/scratch/a2149a01/RAPCID_2610_output/backbone_long/RAPCID_backbone_rapcid_backbone_246_model_4.cif.gz,B,A,38,29,4.705,3.684,2.954,5,7,11,16,0.4074,148.86,chain1_F_chain2_E,0,3,1,0,3,1,0,0,0,0,14,12,1,1,1,1,1,1,1,1,1,,0.70345,1,183
backbone_long,RAPCID_backbone_rapcid_backbone_246_model_5.cif.gz,/scratch/a2149a01/RAPCID_2610_output/backbone_long/RAPCID_backbone_rapcid_backbone_246_model_5.cif.gz,B,A,38,29,3.306,2.396,2.557,5,6,11,19,0.3667,112.71,chain1_F_chain2_E,0,2,2,0,2,2,0,1,1,1,9,9,0,1,1,1,1,1,1,0,0,pass_conserved_motif,0.60498,0,
backbone_long,RAPCID_backbone_rapcid_backbone_246_model_6.cif.gz,/scratch/a2149a01/RAPCID_2610_output/backbone_long/RAPCID_backbone_rapcid_backbone_246_model_6.cif.gz,B,A,38,29,4.3,2.724,3.019,9,3,34,8,0.8095,166.0,chain1_F_chain2_E,0,3,1,0,3,1,1,0,0,0,19,9,1,2,1,1,1,1,1,1,1,,0.65571,1,356
backbone_long,RAPCID_backbone_rapcid_backbone_246_model_7.cif.gz,/scratch/a2149a01/RAPCID_2610_output/backbone_long/RAPCID_backbone_rapcid_backbone_246_model_7.cif.gz,B,A,38,29,3.281,2.501,3.291,4,4,12,11,0.5217,108.53,chain1_F_chain2_E,0,2,1,0,2,1,0,4,0,0,10,9,0,1,1,1,1,1,1,0,0,pass_conserved_motif,0.58877,0,
backbone_long,RAPCID_backbone_rapcid_backbone_247_model_0.cif.gz,/scratch/a2149a01/RAPCID_2610_output/backbone_long/RAPCID_backbone_rapcid_backbone_247_model_0.cif.gz,B,A,54,45,3.104,2.867,2.834,5,5,11,11,0.5,135.92,chain1_F_chain2_E,0,2,2,0,2,2,0,6,0,1,10,9,0,1,1,1,1,1,1,0,0,pass_conserved_motif,0.74403,0,
backbone_long,RAPCID_backbone_rapcid_backbone_247_model_1.cif.gz,/scratch/a2149a01/RAPCID_2610_output/backbone_long/RAPCID_backbone_rapcid_backbone_247_model_1.cif.gz,B,A,54,45,3.329,3.559,3.019,5,3,8,10,0.4444,124.07,chain1_F_chain2_E,0,2,1,0,2,1,0,15,0,0,8,12,0,2,1,1,1,1,1,0,0,pass_conserved_motif,0.61206,0,
backbone_long,RAPCID_backbone_rapcid_backbone_247_model_2.cif.gz,/scratch/a2149a01/RAPCID_2610_output/backbone_long/RAPCID_backbone_rapcid_backbone_247_model_2.cif.gz,B,A,54,45,3.187,2.583,3.429,5,3,15,9,0.625,128.65,chain1_F_chain2_E,0,2,2,0,2,2,0,11,0,0,13,8,1,1,1,1,1,1,1,1,1,,0.64813,1,385
backbone_long,RAPCID_backbone_rapcid_backbone_247_model_3.cif.gz,/scratch/a2149a01/RAPCID_2610_output/backbone_long/RAPCID_backbone_rapcid_backbone_247_model_3.cif.gz,B,A,54,45,2.617,3.205,3.194,4,4,8,9,0.4706,124.05,chain1_F_chain2_E,1,3,1,0,3,1,0,16,0,0,12,12,0,1,1,1,1,1,1,0,0,pass_conserved_motif,0.64602,0,
backbone_long,RAPCID_backbone_rapcid_backbone_247_model_4.cif.gz,/scratch/a2149a01/RAPCID_2610_output/backbone_long/RAPCID_backbone_rapcid_backbone_247_model_4.cif.gz,B,A,54,45,3.101,3.391,3.274,8,2,17,6,0.7391,146.48,chain1_F_chain2_E,1,3,1,0,3,1,0,5,0,0,15,6,0,1,1,1,1,1,1,0,0,pass_conserved_motif,0.6619,0,
backbone_long,RAPCID_backbone_rapcid_backbone_247_model_5.cif.gz,/scratch/a2149a01/RAPCID_2610_output/backbone_long/RAPCID_backbone_rapcid_backbone_247_model_5.cif.gz,B,A,54,45,3.273,2.386,3.08,5,4,12,8,0.6,115.88,chain1_F_chain2_E,0,2,1,0,2,1,0,6,0,0,10,9,0,2,1,1,1,1,1,0,0,pass_conserved_motif,0.59198,0,
backbone_long,RAPCID_backbone_rapcid_backbone_247_model_6.cif.gz,/scratch/a2149a01/RAPCID_2610_output/backbone_long/RAPCID_backbone_rapcid_backbone_247_model_6.cif.gz,B,A,54,45,3.38,3.1,2.95,6,4,11,10,0.5238,127.69,chain1_F_chain2_E,0,3,2,0,3,2,0,1,0,0,11,9,0,2,1,1,1,1,1,0,0,pass_conserved_motif,0.69398,0,
backbone_long,RAPCID_backbone_rapcid_backbone_247_model_7.cif.gz,/scratch/a2149a01/RAPCID_2610_output/backbone_long/RAPCID_backbone_rapcid_backbone_247_model_7.cif.gz,B,A,54,45,2.569,2.845,2.835,4,4,12,18,0.4,122.6,chain1_F_chain2_E,0,2,2,0,2,2,0,8,0,0,10,9,1,2,1,1,1,1,1,1,1,,0.65295,1,370
backbone_long,RAPCID_backbone_rapcid_backbone_248_model_0.cif.gz,/scratch/a2149a01/RAPCID_2610_output/backbone_long/RAPCID_backbone_rapcid_backbone_248_model_0.cif.gz,B,A,61,29,2.408,2.995,2.881,6,6,12,12,0.5,124.52,chain1_F_chain2_E,1,3,1,0,3,1,0,9,1,0,12,8,0,1,1,1,1,1,1,0,0,pass_conserved_motif,0.71103,0,
backbone_long,RAPCID_backbone_rapcid_backbone_248_model_1.cif.gz,/scratch/a2149a01/RAPCID_2610_output/backbone_long/RAPCID_backbone_rapcid_backbone_248_model_1.cif.gz,B,A,61,29,2.858,2.958,1.877,5,4,17,11,0.6071,122.25,chain1_F_chain2_E,0,2,1,0,2,1,0,3,0,0,12,10,1,1,0,1,1,1,1,1,0,pass_no_clash,0.59537,0,
backbone_long,RAPCID_backbone_rapcid_backbone_248_model_2.cif.gz,/scratch/a2149a01/RAPCID_2610_output/backbone_long/RAPCID_backbone_rapcid_backbone_248_model_2.cif.gz,B,A,61,29,3.317,3.032,2.65,5,3,20,9,0.6897,123.51,chain1_F_chain2_E,0,2,1,0,2,1,0,9,1,1,11,9,1,1,1,1,1,1,1,1,1,,0.61989,1,471
backbone_long,RAPCID_backbone_rapcid_backbone_248_model_3.cif.gz,/scratch/a2149a01/RAPCID_2610_output/backbone_long/RAPCID_backbone_rapcid_backbone_248_model_3.cif.gz,B,A,61,29,3.08,2.588,2.77,7,2,13,9,0.5909,137.44,chain1_F_chain2_E,0,3,2,0,3,2,0,1,0,1,13,8,0,1,1,1,1,1,1,0,0,pass_conserved_motif,0.7163,0,
backbone_long,RAPCID_backbone_rapcid_backbone_248_model_4.cif.gz,/scratch/a2149a01/RAPCID_2610_output/backbone_long/RAPCID_backbone_rapcid_backbone_248_model_4.cif.gz,B,A,61,29,3.643,2.841,2.992,5,2,19,5,0.7917,123.16,chain1_F_chain2_E,1,2,1,0,2,1,0,2,0,0,9,8,1,2,1,1,1,1,1,1,1,,0.51957,1,623
backbone_long,RAPCID_backbone_rapcid_backbone_248_model_5.cif.gz,/scratch/a2149a01/RAPCID_2610_output/backbone_long/RAPCID_backbone_rapcid_backbone_248_model_5.cif.gz,B,A,61,29,3.511,3.291,3.476,3,3,11,4,0.7333,115.13,chain1_F_chain2_E,0,2,1,0,2,1,0,3,1,0,9,9,0,1,1,1,1,1,1,0,0,pass_conserved_motif,0.53782,0,
backbone_long,RAPCID_backbone_rapcid_backbone_248_model_6.cif.gz,/scratch/a2149a01/RAPCID_2610_output/backbone_long/RAPCID_backbone_rapcid_backbone_248_model_6.cif.gz,B,A,61,29,8.411,3.348,2.607,4,5,13,18,0.4194,154.62,chain1_F_chain2_E,0,2,2,0,2,2,1,0,0,0,10,10,0,2,1,1,1,1,1,0,0,pass_conserved_motif,0.75601,0,
backbone_long,RAPCID_backbone_rapcid_backbone_248_model_7.cif.gz,/scratch/a2149a01/RAPCID_2610_output/backbone_long/RAPCID_backbone_rapcid_backbone_248_model_7.cif.gz,B,A,61,29,2.947,3.211,2.713,4,5,15,15,0.5,108.11,chain1_F_chain2_E,1,2,1,0,2,1,0,5,0,0,12,10,0,1,1,1,1,1,1,0,0,pass_conserved_motif,0.60109,0,
backbone_long,RAPCID_backbone_rapcid_backbone_249_model_0.cif.gz,/scratch/a2149a01/RAPCID_2610_output/backbone_long/RAPCID_backbone_rapcid_backbone_249_model_0.cif.gz,A,B,40,39,3.201,3.009,2.513,4,4,12,14,0.4615,123.42,chain1_E_chain2_F,1,0,0,2,1,2,0,3,0,0,10,10,3,0,1,1,1,1,1,0,0,pass_conserved_motif,0.62672,0,
backbone_long,RAPCID_backbone_rapcid_backbone_249_model_1.cif.gz,/scratch/a2149a01/RAPCID_2610_output/backbone_long/RAPCID_backbone_rapcid_backbone_249_model_1.cif.gz,A,B,40,39,10.604,3.238,3.167,3,5,6,10,0.375,142.73,chain1_E_chain2_F,1,0,0,2,1,2,0,0,0,0,9,11,1,0,1,1,1,1,1,0,0,pass_conserved_motif,0.64147,0,
backbone_long,RAPCID_backbone_rapcid_backbone_249_model_2.cif.gz,/scratch/a2149a01/RAPCID_2610_output/backbone_long/RAPCID_backbone_rapcid_backbone_249_model_2.cif.gz,A,B,40,39,2.963,2.977,3.331,5,5,10,13,0.4348,135.95,chain1_E_chain2_F,1,0,0,3,1,3,0,6,1,0,10,14,1,0,1,1,1,1,1,0,0,pass_conserved_motif,0.71803,0,
backbone_long,RAPCID_backbone_rapcid_backbone_249_model_3.cif.gz,/scratch/a2149a01/RAPCID_2610_output/backbone_long/RAPCID_backbone_rapcid_backbone_249_model_3.cif.gz,A,B,40,39,6.072,2.649,3.203,4,5,10,13,0.4348,145.34,chain1_E_chain2_F,1,0,0,3,1,3,0,0,0,0,14,12,1,0,1,1,1,1,1,0,0,pass_conserved_motif,0.70267,0,
backbone_long,RAPCID_backbone_rapcid_backbone_249_model_4.cif.gz,/scratch/a2149a01/RAPCID_2610_output/backbone_long/RAPCID_backbone_rapcid_backbone_249_model_4.cif.gz,A,B,40,39,6.101,2.868,2.888,6,5,13,13,0.5,125.44,chain1_E_chain2_F,2,0,0,2,2,2,0,0,0,0,10,9,1,0,1,1,1,1,1,0,0,pass_conserved_motif,0.66243,0,
backbone_long,RAPCID_backbone_rapcid_backbone_249_model_5.cif.gz,/scratch/a2149a01/RAPCID_2610_output/backbone_long/RAPCID_backbone_rapcid_backbone_249_model_5.cif.gz,A,B,40,39,2.89,2.812,3.547,4,7,14,14,0.5,122.64,chain1_E_chain2_F,1,0,0,3,1,3,0,4,1,0,11,11,1,0,1,1,1,1,1,0,0,pass_conserved_motif,0.68976,0,
backbone_long,RAPCID_backbone_rapcid_backbone_249_model_6.cif.gz,/scratch/a2149a01/RAPCID_2610_output/backbone_long/RAPCID_backbone_rapcid_backbone_249_model_6.cif.gz,A,B,40,39,3.64,2.932,2.574,3,4,11,13,0.4583,123.05,chain1_E_chain2_F,1,0,0,2,1,2,0,7,0,1,11,10,1,0,1,1,1,1,1,0,0,pass_conserved_motif,0.6609,0,
backbone_long,RAPCID_backbone_rapcid_backbone_249_model_7.cif.gz,/scratch/a2149a01/RAPCID_2610_output/backbone_long/RAPCID_backbone_rapcid_backbone_249_model_7.cif.gz,A,B,40,39,3.123,2.96,3.566,4,5,12,10,0.5455,120.59,chain1_E_chain2_F,1,0,0,3,1,3,0,9,1,0,11,11,1,0,1,1,1,1,1,0,0,pass_conserved_motif,0.67975,0,
backbone_long,RAPCID_backbone_rapcid_backbone_24_model_0.cif.gz,/scratch/a2149a01/RAPCID_2610_output/backbone_long/RAPCID_backbone_rapcid_backbone_24_model_0.cif.gz,A,B,40,37,13.412,2.852,3.224,3,6,7,16,0.3043,168.31,chain1_E_chain2_F,1,0,0,3,1,3,0,0,0,0,7,16,1,0,1,1,1,1,1,0,0,pass_conserved_motif,0.66499,0,
backbone_long,RAPCID_backbone_rapcid_backbone_24_model_1.cif.gz,/scratch/a2149a01/RAPCID_2610_output/backbone_long/RAPCID_backbone_rapcid_backbone_24_model_1.cif.gz,A,B,40,37,7.805,3.134,3.544,4,5,11,17,0.3929,151.01,chain1_E_chain2_F,1,0,0,3,1,3,0,0,0,0,10,15,1,1,1,1,1,1,1,1,1,,0.7048,1,179
backbone_long,RAPCID_backbone_rapcid_backbone_24_model_2.cif.gz,/scratch/a2149a01/RAPCID_2610_output/backbone_long/RAPCID_backbone_rapcid_backbone_24_model_2.cif.gz,A,B,40,37,9.842,2.662,3.522,4,6,9,14,0.3913,152.61,chain1_E_chain2_F,1,0,0,3,1,3,0,0,0,0,11,15,2,0,1,1,1,1,1,0,0,pass_conserved_motif,0.70952,0,
backbone_long,RAPCID_backbone_rapcid_backbone_24_model_3.cif.gz,/scratch/a2149a01/RAPCID_2610_output/backbone_long/RAPCID_backbone_rapcid_backbone_24_model_3.cif.gz,A,B,40,37,12.783,2.964,2.682,3,4,8,16,0.3333,142.58,chain1_E_chain2_F,2,0,0,3,2,3,0,0,0,0,8,12,1,0,1,1,1,1,1,0,0,pass_conserved_motif,0.68145,0,
backbone_long,RAPCID_backbone_rapcid_backbone_24_model_4.cif.gz,/scratch/a2149a01/RAPCID_2610_output/backbone_long/RAPCID_backbone_rapcid_backbone_24_model_4.cif.gz,A,B,40,37,2.965,2.996,2.421,4,6,16,18,0.4706,119.95,chain1_E_chain2_F,1,0,1,2,1,2,0,17,2,0,10,12,1,0,1,1,1,1,1,0,0,pass_conserved_motif,0.63212,0,
backbone_long,RAPCID_backbone_rapcid_backbone_24_model_5.cif.gz,/scratch/a2149a01/RAPCID_2610_output/backbone_long/RAPCID_backbone_rapcid_backbone_24_model_5.cif.gz,A,B,40,37,10.69,2.957,3.34,3,5,8,23,0.2581,148.09,chain1_E_chain2_F,2,0,0,3,2,3,0,0,0,0,8,16,2,0,1,1,1,1,1,0,0,pass_conserved_motif,0.6697,0,
backbone_long,RAPCID_backbone_rapcid_backbone_24_model_6.cif.gz,/scratch/a2149a01/RAPCID_2610_output/backbone_long/RAPCID_backbone_rapcid_backbone_24_model_6.cif.gz,A,B,40,37,6.374,2.675,3.449,5,5,12,18,0.4,165.8,chain1_E_chain2_F,1,0,0,3,1,3,0,0,0,0,12,16,1,0,1,1,1,1,1,0,0,pass_conserved_motif,0.71162,0,
backbone_long,RAPCID_backbone_rapcid_backbone_24_model_7.cif.gz,/scratch/a2149a01/RAPCID_2610_output/backbone_long/RAPCID_backbone_rapcid_backbone_24_model_7.cif.gz,A,B,40,37,8.232,3.151,3.364,4,5,13,19,0.4062,141.04,chain1_E_chain2_F,2,0,0,3,2,3,0,0,0,0,10,16,1,0,1,1,1,1,1,0,0,pass_conserved_motif,0.70549,0,
backbone_long,RAPCID_backbone_rapcid_backbone_25_model_0.cif.gz,/scratch/a2149a01/RAPCID_2610_output/backbone_long/RAPCID_backbone_rapcid_backbone_25_model_0.cif.gz,B,A,32,23,14.414,3.328,4.702,5,0,15,0,1.0,nan,chain1_F_chain2_E,0,3,0,0,3,0,0,0,0,0,14,5,0,1,1,0,0,0,1,0,0,pass_dual_rap_contact;pass_contact_balance;pass_face_angle;pass_conserved_motif,0.24571,0,
backbone_long,RAPCID_backbone_rapcid_backbone_25_model_1.cif.gz,/scratch/a2149a01/RAPCID_2610_output/backbone_long/RAPCID_backbone_rapcid_backbone_25_model_1.cif.gz,B,A,32,23,9.1,3.562,2.964,6,4,11,13,0.4583,162.45,chain1_F_chain2_E,0,3,1,0,3,1,0,0,0,0,14,10,0,1,1,1,1,1,1,0,0,pass_conserved_motif,0.74611,0,
backbone_long,RAPCID_backbone_rapcid_backbone_25_model_2.cif.gz,/scratch/a2149a01/RAPCID_2610_output/backbone_long/RAPCID_backbone_rapcid_backbone_25_model_2.cif.gz,B,A,32,23,7.632,3.47,2.987,6,4,24,16,0.6,142.44,chain1_F_chain2_E,0,3,1,0,3,1,0,0,0,0,15,10,0,1,1,1,1,1,1,0,0,pass_conserved_motif,0.67909,0,
backbone_long,RAPCID_backbone_rapcid_backbone_25_model_3.cif.gz,/scratch/a2149a01/RAPCID_2610_output/backbone_long/RAPCID_backbone_rapcid_backbone_25_model_3.cif.gz,B,A,32,23,15.227,3.29,5.417,5,0,16,0,1.0,nan,chain1_F_chain2_E,0,3,0,0,3,0,0,0,0,0,15,4,1,1,1,0,0,0,1,1,0,pass_dual_rap_contact;pass_contact_balance;pass_face_angle,0.24571,0,
backbone_long,RAPCID_backbone_rapcid_backbone_25_model_4.cif.gz,/scratch/a2149a01/RAPCID_2610_output/backbone_long/RAPCID_backbone_rapcid_backbone_25_model_4.cif.gz,B,A,32,23,7.324,3.544,3.307,5,4,19,9,0.6786,137.55,chain1_F_chain2_E,0,3,1,0,3,1,0,0,0,0,15,10,1,1,1,1,1,1,1,1,1,,0.63134,1,427
backbone_long,RAPCID_backbone_rapcid_backbone_25_model_5.cif.gz,/scratch/a2149a01/RAPCID_2610_output/backbone_long/RAPCID_backbone_rapcid_backbone_25_model_5.cif.gz,B,A,32,23,8.941,3.396,2.918,5,4,20,10,0.6667,153.66,chain1_F_chain2_E,0,3,1,0,3,1,0,0,0,0,15,9,0,1,1,1,1,1,1,0,0,pass_conserved_motif,0.68982,0,
backbone_long,RAPCID_backbone_rapcid_backbone_25_model_6.cif.gz,/scratch/a2149a01/RAPCID_2610_output/backbone_long/RAPCID_backbone_rapcid_backbone_25_model_6.cif.gz,B,A,32,23,3.504,2.986,3.559,7,4,17,11,0.6071,108.33,chain1_F_chain2_E,1,3,1,0,3,1,0,3,1,1,13,12,0,1,1,1,1,1,1,0,0,pass_conserved_motif,0.61087,0,
backbone_long,RAPCID_backbone_rapcid_backbone_25_model_7.cif.gz,/scratch/a2149a01/RAPCID_2610_output/backbone_long/RAPCID_backbone_rapcid_backbone_25_model_7.cif.gz,B,A,32,23,8.392,3.692,2.698,5,4,15,10,0.6,152.48,chain1_F_chain2_E,0,3,1,0,3,1,0,0,0,0,15,12,0,1,1,1,1,1,1,0,0,pass_conserved_motif,0.71257,0,
backbone_long,RAPCID_backbone_rapcid_backbone_26_model_0.cif.gz,/scratch/a2149a01/RAPCID_2610_output/backbone_long/RAPCID_backbone_rapcid_backbone_26_model_0.cif.gz,B,A,60,50,3.027,3.415,2.328,8,4,16,13,0.5517,121.48,chain1_F_chain2_E,1,3,2,0,3,2,0,12,0,1,17,8,0,1,1,1,1,1,1,0,0,pass_conserved_motif,0.69375,0,
backbone_long,RAPCID_backbone_rapcid_backbone_26_model_1.cif.gz,/scratch/a2149a01/RAPCID_2610_output/backbone_long/RAPCID_backbone_rapcid_backbone_26_model_1.cif.gz,B,A,60,50,3.37,2.388,2.65,6,5,12,11,0.5217,125.26,chain1_F_chain2_E,0,3,1,0,3,1,0,7,1,1,11,10,0,2,1,1,1,1,1,0,0,pass_conserved_motif,0.72144,0,
backbone_long,RAPCID_backbone_rapcid_backbone_26_model_2.cif.gz,/scratch/a2149a01/RAPCID_2610_output/backbone_long/RAPCID_backbone_rapcid_backbone_26_model_2.cif.gz,B,A,60,50,3.092,2.791,2.215,4,4,12,19,0.3871,113.38,chain1_F_chain2_E,0,2,1,0,2,1,0,14,0,0,8,10,0,3,1,1,1,1,1,0,0,pass_conserved_motif,0.5585,0,
backbone_long,RAPCID_backbone_rapcid_backbone_26_model_3.cif.gz,/scratch/a2149a01/RAPCID_2610_output/backbone_long/RAPCID_backbone_rapcid_backbone_26_model_3.cif.gz,B,A,60,50,3.068,3.082,2.571,6,4,18,9,0.6667,110.17,chain1_F_chain2_E,0,2,1,0,2,1,0,13,1,1,12,10,0,3,1,1,1,1,1,0,0,pass_conserved_motif,0.56462,0,
backbone_long,RAPCID_backbone_rapcid_backbone_26_model_4.cif.gz,/scratch/a2149a01/RAPCID_2610_output/backbone_long/RAPCID_backbone_rapcid_backbone_26_model_4.cif.gz,B,A,60,50,3.224,2.796,2.864,5,4,14,11,0.56,108.82,chain1_F_chain2_E,0,2,1,0,2,1,0,17,0,1,11,11,0,1,1,1,1,1,1,0,0,pass_conserved_motif,0.56612,0,
backbone_long,RAPCID_backbone_rapcid_backbone_26_model_5.cif.gz,/scratch/a2149a01/RAPCID_2610_output/backbone_long/RAPCID_backbone_rapcid_backbone_26_model_5.cif.gz,B,A,60,50,2.371,2.673,2.871,6,5,17,17,0.5,117.02,chain1_F_chain2_E,1,3,1,0,3,1,0,14,1,1,12,10,1,2,1,1,1,1,1,1,1,,0.67768,1,277
backbone_long,RAPCID_backbone_rapcid_backbone_26_model_6.cif.gz,/scratch/a2149a01/RAPCID_2610_output/backbone_long/RAPCID_backbone_rapcid_backbone_26_model_6.cif.gz,B,A,60,50,3.018,3.254,3.065,6,5,14,17,0.4516,123.07,chain1_F_chain2_E,1,2,1,0,2,1,0,7,1,1,9,12,0,1,1,1,1,1,1,0,0,pass_conserved_motif,0.67492,0,
backbone_long,RAPCID_backbone_rapcid_backbone_26_model_7.cif.gz,/scratch/a2149a01/RAPCID_2610_output/backbone_long/RAPCID_backbone_rapcid_backbone_26_model_7.cif.gz,B,A,60,50,3.101,3.024,2.685,4,5,14,20,0.4118,126.24,chain1_F_chain2_E,1,2,1,0,2,1,0,9,0,0,9,9,0,2,1,1,1,1,1,0,0,pass_conserved_motif,0.63622,0,
backbone_long,RAPCID_backbone_rapcid_backbone_27_model_0.cif.gz,/scratch/a2149a01/RAPCID_2610_output/backbone_long/RAPCID_backbone_rapcid_backbone_27_model_0.cif.gz,A,B,48,42,3.323,2.679,2.544,4,4,11,15,0.4231,122.12,chain1_E_chain2_F,1,0,1,2,1,2,0,12,1,1,9,11,1,0,1,1,1,1,1,0,0,pass_conserved_motif,0.64536,0,
backbone_long,RAPCID_backbone_rapcid_backbone_27_model_1.cif.gz,/scratch/a2149a01/RAPCID_2610_output/backbone_long/RAPCID_backbone_rapcid_backbone_27_model_1.cif.gz,A,B,48,42,4.574,2.225,2.489,4,4,13,10,0.5652,121.43,chain1_E_chain2_F,1,0,0,2,1,2,0,0,0,0,11,10,1,0,1,1,1,1,1,0,0,pass_conserved_motif,0.59439,0,
backbone_long,RAPCID_backbone_rapcid_backbone_27_model_2.cif.gz,/scratch/a2149a01/RAPCID_2610_output/backbone_long/RAPCID_backbone_rapcid_backbone_27_model_2.cif.gz,A,B,48,42,3.683,2.67,3.595,4,4,15,7,0.6818,130.22,chain1_E_chain2_F,1,0,0,2,1,2,0,1,0,0,12,11,1,0,1,1,1,1,1,0,0,pass_conserved_motif,0.58207,0,
backbone_long,RAPCID_backbone_rapcid_backbone_27_model_3.cif.gz,/scratch/a2149a01/RAPCID_2610_output/backbone_long/RAPCID_backbone_rapcid_backbone_27_model_3.cif.gz,A,B,48,42,3.316,2.971,3.64,4,6,8,10,0.4444,135.52,chain1_E_chain2_F,1,0,0,3,1,3,0,1,0,0,11,13,1,0,1,1,1,1,1,0,0,pass_conserved_motif,0.6788,0,
backbone_long,RAPCID_backbone_rapcid_backbone_27_model_4.cif.gz,/scratch/a2149a01/RAPCID_2610_output/backbone_long/RAPCID_backbone_rapcid_backbone_27_model_4.cif.gz,A,B,48,42,2.656,3.119,2.358,4,4,13,13,0.5,114.03,chain1_E_chain2_F,1,0,0,2,1,2,0,17,0,0,11,8,1,2,1,1,1,1,1,1,1,,0.59082,1,523
backbone_long,RAPCID_backbone_rapcid_backbone_27_model_5.cif.gz,/scratch/a2149a01/RAPCID_2610_output/backbone_long/RAPCID_backbone_rapcid_backbone_27_model_5.cif.gz,A,B,48,42,3.479,2.675,3.495,3,6,10,18,0.3571,134.86,chain1_E_chain2_F,1,0,1,3,1,3,0,7,0,0,10,16,1,0,1,1,1,1,1,0,0,pass_conserved_motif,0.67169,0,
backbone_long,RAPCID_backbone_rapcid_backbone_27_model_6.cif.gz,/scratch/a2149a01/RAPCID_2610_output/backbone_long/RAPCID_backbone_rapcid_backbone_27_model_6.cif.gz,A,B,48,42,2.66,2.283,3.065,7,7,21,19,0.525,108.14,chain1_E_chain2_F,1,0,1,3,1,3,0,15,1,2,18,15,2,0,1,1,1,1,1,0,0,pass_conserved_motif,0.64976,0,
backbone_long,RAPCID_backbone_rapcid_backbone_27_model_7.cif.gz,/scratch/a2149a01/RAPCID_2610_output/backbone_long/RAPCID_backbone_rapcid_backbone_27_model_7.cif.gz,A,B,48,42,2.338,2.331,3.712,5,4,22,8,0.7333,122.66,chain1_E_chain2_F,1,0,0,2,1,2,0,9,1,0,10,12,2,0,1,1,1,1,1,0,0,pass_conserved_motif,0.58292,0,
backbone_long,RAPCID_backbone_rapcid_backbone_28_model_0.cif.gz,/scratch/a2149a01/RAPCID_2610_output/backbone_long/RAPCID_backbone_rapcid_backbone_28_model_0.cif.gz,A,B,44,39,3.322,2.507,2.715,2,4,8,14,0.3636,111.22,chain1_E_chain2_F,1,0,0,2,1,2,0,7,1,1,10,10,2,0,1,1,1,1,1,0,0,pass_conserved_motif,0.60025,0,
backbone_long,RAPCID_backbone_rapcid_backbone_28_model_1.cif.gz,/scratch/a2149a01/RAPCID_2610_output/backbone_long/RAPCID_backbone_rapcid_backbone_28_model_1.cif.gz,A,B,44,39,5.206,2.989,3.622,3,4,8,9,0.4706,126.65,chain1_E_chain2_F,1,0,0,2,1,2,0,0,0,0,9,11,1,0,1,1,1,1,1,0,0,pass_conserved_motif,0.62612,0,
backbone_long,RAPCID_backbone_rapcid_backbone_28_model_2.cif.gz,/scratch/a2149a01/RAPCID_2610_output/backbone_long/RAPCID_backbone_rapcid_backbone_28_model_2.cif.gz,A,B,44,39,2.893,2.905,2.705,4,4,10,14,0.4167,118.54,chain1_E_chain2_F,1,0,1,2,1,2,0,13,1,0,10,8,1,0,1,1,1,1,1,0,0,pass_conserved_motif,0.60919,0,
backbone_long,RAPCID_backbone_rapcid_backbone_28_model_3.cif.gz,/scratch/a2149a01/RAPCID_2610_output/backbone_long/RAPCID_backbone_rapcid_backbone_28_model_3.cif.gz,A,B,44,39,2.898,2.689,2.126,7,5,16,13,0.5517,141.47,chain1_E_chain2_F,3,0,0,2,3,2,1,17,1,1,20,9,1,0,1,1,1,1,1,0,0,pass_conserved_motif,0.78063,0,
backbone_long,RAPCID_backbone_rapcid_backbone_28_model_4.cif.gz,/scratch/a2149a01/RAPCID_2610_output/backbone_long/RAPCID_backbone_rapcid_backbone_28_model_4.cif.gz,A,B,44,39,2.951,3.148,2.735,3,6,6,13,0.3158,123.42,chain1_E_chain2_F,1,0,0,2,1,2,0,16,0,1,10,12,2,0,1,1,1,1,1,0,0,pass_conserved_motif,0.57011,0,
backbone_long,RAPCID_backbone_rapcid_backbone_28_model_5.cif.gz,/scratch/a2149a01/RAPCID_2610_output/backbone_long/RAPCID_backbone_rapcid_backbone_28_model_5.cif.gz,A,B,44,39,3.793,2.945,2.555,3,5,10,16,0.3846,117.14,chain1_E_chain2_F,1,0,0,2,1,2,0,7,0,0,9,10,1,1,1,1,1,1,1,1,1,,0.59501,1,512
backbone_long,RAPCID_backbone_rapcid_backbone_28_model_6.cif.gz,/scratch/a2149a01/RAPCID_2610_output/backbone_long/RAPCID_backbone_rapcid_backbone_28_model_6.cif.gz,A,B,44,39,3.085,2.891,3.697,7,3,20,12,0.625,87.33,chain1_E_chain2_F,2,0,0,2,2,2,0,20,1,1,13,10,1,1,1,1,1,1,1,1,1,,0.49872,1,657
backbone_long,RAPCID_backbone_rapcid_backbone_28_model_7.cif.gz,/scratch/a2149a01/RAPCID_2610_output/backbone_long/RAPCID_backbone_rapcid_backbone_28_model_7.cif.gz,A,B,44,39,3.171,2.911,2.684,3,4,10,14,0.4167,116.81,chain1_E_chain2_F,1,0,0,2,1,2,0,11,0,0,12,9,1,1,1,1,1,1,1,1,1,,0.59673,1,509
backbone_long,RAPCID_backbone_rapcid_backbone_29_model_0.cif.gz,/scratch/a2149a01/RAPCID_2610_output/backbone_long/RAPCID_backbone_rapcid_backbone_29_model_0.cif.gz,A,B,48,48,3.377,3.153,3.229,3,5,10,12,0.4545,123.92,chain1_E_chain2_F,1,0,0,2,1,2,0,17,1,1,10,10,1,0,1,1,1,1,1,0,0,pass_conserved_motif,0.63895,0,
backbone_long,RAPCID_backbone_rapcid_backbone_29_model_1.cif.gz,/scratch/a2149a01/RAPCID_2610_output/backbone_long/RAPCID_backbone_rapcid_backbone_29_model_1.cif.gz,A,B,48,48,3.715,2.477,3.2,4,7,17,23,0.425,141.26,chain1_E_chain2_F,3,0,0,3,3,3,1,6,1,1,13,17,2,1,1,1,1,1,1,1,1,,0.8342,1,1
backbone_long,RAPCID_backbone_rapcid_backbone_29_model_2.cif.gz,/scratch/a2149a01/RAPCID_2610_output/backbone_long/RAPCID_backbone_rapcid_backbone_29_model_2.cif.gz,A,B,48,48,2.919,2.458,3.365,3,5,8,8,0.5,140.46,chain1_E_chain2_F,1,0,0,2,1,2,0,6,0,1,10,11,1,0,1,1,1,1,1,0,0,pass_conserved_motif,0.73059,0,
backbone_long,RAPCID_backbone_rapcid_backbone_29_model_3.cif.gz,/scratch/a2149a01/RAPCID_2610_output/backbone_long/RAPCID_backbone_rapcid_backbone_29_model_3.cif.gz,A,B,48,48,3.051,3.164,2.412,3,5,9,13,0.4091,115.38,chain1_E_chain2_F,1,0,0,2,1,2,0,11,0,0,9,9,1,0,1,1,1,1,1,0,0,pass_conserved_motif,0.58897,0,
backbone_long,RAPCID_backbone_rapcid_backbone_29_model_4.cif.gz,/scratch/a2149a01/RAPCID_2610_output/backbone_long/RAPCID_backbone_rapcid_backbone_29_model_4.cif.gz,A,B,48,48,3.397,2.647,2.553,5,6,17,20,0.4595,112.46,chain1_E_chain2_F,1,0,1,2,1,2,0,14,0,0,11,11,1,0,1,1,1,1,1,0,0,pass_conserved_motif,0.58436,0,
backbone_long,RAPCID_backbone_rapcid_backbone_29_model_5.cif.gz,/scratch/a2149a01/RAPCID_2610_output/backbone_long/RAPCID_backbone_rapcid_backbone_29_model_5.cif.gz,A,B,48,48,2.96,2.615,2.182,5,3,17,12,0.5862,112.39,chain1_E_chain2_F,1,0,0,2,1,2,0,16,1,1,10,9,1,1,1,1,1,1,1,1,1,,0.58919,1,529
backbone_long,RAPCID_backbone_rapcid_backbone_29_model_6.cif.gz,/scratch/a2149a01/RAPCID_2610_output/backbone_long/RAPCID_backbone_rapcid_backbone_29_model_6.cif.gz,A,B,48,48,3.176,2.893,3.423,4,5,9,10,0.4737,133.44,chain1_E_chain2_F,1,0,0,3,1,3,0,9,0,0,11,12,1,0,1,1,1,1,1,0,0,pass_conserved_motif,0.71357,0,
backbone_long,RAPCID_backbone_rapcid_backbone_29_model_7.cif.gz,/scratch/a2149a01/RAPCID_2610_output/backbone_long/RAPCID_backbone_rapcid_backbone_29_model_7.cif.gz,A,B,48,48,9.247,3.246,3.404,3,6,5,16,0.2381,163.96,chain1_E_chain2_F,1,0,0,3,1,3,0,0,0,0,10,16,1,0,1,1,1,1,1,0,0,pass_conserved_motif,0.653,0,
backbone_long,RAPCID_backbone_rapcid_backbone_2_model_0.cif.gz,/scratch/a2149a01/RAPCID_2610_output/backbone_long/RAPCID_backbone_rapcid_backbone_2_model_0.cif.gz,B,A,27,22,3.76,3.214,2.672,4,5,11,16,0.4074,116.19,chain1_F_chain2_E,0,3,1,0,3,1,0,1,0,1,12,12,0,1,1,1,1,1,1,0,0,pass_conserved_motif,0.61621,0,
backbone_long,RAPCID_backbone_rapcid_backbone_2_model_1.cif.gz,/scratch/a2149a01/RAPCID_2610_output/backbone_long/RAPCID_backbone_rapcid_backbone_2_model_1.cif.gz,B,A,27,22,7.903,3.051,2.858,6,4,25,14,0.641,157.03,chain1_F_chain2_E,0,3,1,0,3,1,0,0,0,0,16,10,1,2,1,1,1,1,1,1,1,,0.7113,1,163
backbone_long,RAPCID_backbone_rapcid_backbone_2_model_2.cif.gz,/scratch/a2149a01/RAPCID_2610_output/backbone_long/RAPCID_backbone_rapcid_backbone_2_model_2.cif.gz,B,A,27,22,8.265,3.223,2.811,5,5,21,13,0.6176,154.03,chain1_F_chain2_E,0,3,1,0,3,1,0,0,0,0,15,12,0,1,1,1,1,1,1,0,0,pass_conserved_motif,0.71067,0,
backbone_long,RAPCID_backbone_rapcid_backbone_2_model_3.cif.gz,/scratch/a2149a01/RAPCID_2610_output/backbone_long/RAPCID_backbone_rapcid_backbone_2_model_3.cif.gz,B,A,27,22,3.101,2.834,3.015,4,4,16,11,0.5926,112.18,chain1_F_chain2_E,1,2,1,0,2,1,0,5,1,1,10,12,0,1,1,1,1,1,1,0,0,pass_conserved_motif,0.61093,0,
backbone_long,RAPCID_backbone_rapcid_backbone_2_model_4.cif.gz,/scratch/a2149a01/RAPCID_2610_output/backbone_long/RAPCID_backbone_rapcid_backbone_2_model_4.cif.gz,B,A,27,22,13.179,3.785,2.664,5,2,10,7,0.5882,172.17,chain1_F_chain2_E,0,3,1,0,3,1,0,0,0,0,14,9,0,1,1,1,1,1,1,0,0,pass_conserved_motif,0.69508,0,
backbone_long,RAPCID_backbone_rapcid_backbone_2_model_5.cif.gz,/scratch/a2149a01/RAPCID_2610_output/backbone_long/RAPCID_backbone_rapcid_backbone_2_model_5.cif.gz,B,A,27,22,11.064,3.271,3.184,5,4,18,9,0.6667,170.13,chain1_F_chain2_E,0,3,1,0,3,1,0,0,0,0,15,9,0,1,1,1,1,1,1,0,0,pass_conserved_motif,0.67052,0,
backbone_long,RAPCID_backbone_rapcid_backbone_2_model_6.cif.gz,/scratch/a2149a01/RAPCID_2610_output/backbone_long/RAPCID_backbone_rapcid_backbone_2_model_6.cif.gz,B,A,27,22,9.834,3.436,2.769,5,3,22,10,0.6875,160.69,chain1_F_chain2_E,0,3,2,0,3,2,0,0,0,0,16,10,1,1,1,1,1,1,1,1,1,,0.72223,1,133
backbone_long,RAPCID_backbone_rapcid_backbone_2_model_7.cif.gz,/scratch/a2149a01/RAPCID_2610_output/backbone_long/RAPCID_backbone_rapcid_backbone_2_model_7.cif.gz,B,A,27,22,3.869,3.549,2.881,6,4,20,10,0.6667,134.93,chain1_F_chain2_E,0,3,1,0,3,1,1,1,0,0,15,9,1,1,1,1,1,1,1,1,1,,0.66095,1,347
backbone_long,RAPCID_backbone_rapcid_backbone_30_model_0.cif.gz,/scratch/a2149a01/RAPCID_2610_output/backbone_long/RAPCID_backbone_rapcid_backbone_30_model_0.cif.gz,A,B,46,29,3.531,2.65,3.051,5,6,12,15,0.4444,158.76,chain1_E_chain2_F,1,0,0,3,1,3,0,2,0,0,10,16,1,0,1,1,1,1,1,0,0,pass_conserved_motif,0.76125,0,
backbone_long,RAPCID_backbone_rapcid_backbone_30_model_1.cif.gz,/scratch/a2149a01/RAPCID_2610_output/backbone_long/RAPCID_backbone_rapcid_backbone_30_model_1.cif.gz,A,B,46,29,11.046,3.025,3.487,3,4,9,13,0.4091,160.85,chain1_E_chain2_F,1,0,0,2,1,2,0,0,0,0,9,16,2,0,1,1,1,1,1,0,0,pass_conserved_motif,0.70318,0,
backbone_long,RAPCID_backbone_rapcid_backbone_30_model_2.cif.gz,/scratch/a2149a01/RAPCID_2610_output/backbone_long/RAPCID_backbone_rapcid_backbone_30_model_2.cif.gz,A,B,46,29,10.362,2.954,3.159,3,6,8,20,0.2857,160.22,chain1_E_chain2_F,1,0,0,3,1,3,0,0,0,0,12,16,1,0,1,1,1,1,1,0,0,pass_conserved_motif,0.68452,0,
backbone_long,RAPCID_backbone_rapcid_backbone_30_model_3.cif.gz,/scratch/a2149a01/RAPCID_2610_output/backbone_long/RAPCID_backbone_rapcid_backbone_30_model_3.cif.gz,A,B,46,29,8.739,2.921,2.923,4,6,11,21,0.3438,154.1,chain1_E_chain2_F,1,0,0,3,1,3,0,0,0,0,10,16,1,0,1,1,1,1,1,0,0,pass_conserved_motif,0.69546,0,
backbone_long,RAPCID_backbone_rapcid_backbone_30_model_4.cif.gz,/scratch/a2149a01/RAPCID_2610_output/backbone_long/RAPCID_backbone_rapcid_backbone_30_model_4.cif.gz,A,B,46,29,9.416,3.329,3.379,3,6,11,21,0.3438,161.08,chain1_E_chain2_F,2,0,0,3,2,3,1,0,0,0,10,15,1,0,1,1,1,1,1,0,0,pass_conserved_motif,0.76199,0,
backbone_long,RAPCID_backbone_rapcid_backbone_30_model_5.cif.gz,/scratch/a2149a01/RAPCID_2610_output/backbone_long/RAPCID_backbone_rapcid_backbone_30_model_5.cif.gz,A,B,46,29,9.049,2.888,3.352,3,5,14,16,0.4667,171.46,chain1_E_chain2_F,1,0,0,3,1,3,0,0,0,0,9,15,1,0,1,1,1,1,1,0,0,pass_conserved_motif,0.71941,0,
backbone_long,RAPCID_backbone_rapcid_backbone_30_model_6.cif.gz,/scratch/a2149a01/RAPCID_2610_output/backbone_long/RAPCID_backbone_rapcid_backbone_30_model_6.cif.gz,A,B,46,29,8.019,3.216,3.588,3,5,15,17,0.4688,151.4,chain1_E_chain2_F,1,0,0,3,1,3,0,0,0,0,12,15,1,0,1,1,1,1,1,0,0,pass_conserved_motif,0.73645,0,
backbone_long,RAPCID_backbone_rapcid_backbone_30_model_7.cif.gz,/scratch/a2149a01/RAPCID_2610_output/backbone_long/RAPCID_backbone_rapcid_backbone_30_model_7.cif.gz,A,B,46,29,10.18,2.9,3.267,3,6,10,18,0.3571,161.43,chain1_E_chain2_F,1,0,0,3,1,3,0,0,0,0,10,16,1,0,1,1,1,1,1,0,0,pass_conserved_motif,0.70904,0,
backbone_long,RAPCID_backbone_rapcid_backbone_31_model_0.cif.gz,/scratch/a2149a01/RAPCID_2610_output/backbone_long/RAPCID_backbone_rapcid_backbone_31_model_0.cif.gz,B,A,48,46,3.306,3.042,2.7,3,4,12,10,0.5455,118.11,chain1_F_chain2_E,1,2,1,0,2,1,0,22,0,1,10,9,0,1,1,1,1,1,1,0,0,pass_conserved_motif,0.5779,0,
backbone_long,RAPCID_backbone_rapcid_backbone_31_model_1.cif.gz,/scratch/a2149a01/RAPCID_2610_output/backbone_long/RAPCID_backbone_rapcid_backbone_31_model_1.cif.gz,B,A,48,46,3.34,2.762,2.801,4,4,13,14,0.4815,122.04,chain1_F_chain2_E,1,2,2,0,2,2,0,6,1,0,10,8,0,1,1,1,1,1,1,0,0,pass_conserved_motif,0.69033,0,
backbone_long,RAPCID_backbone_rapcid_backbone_31_model_2.cif.gz,/scratch/a2149a01/RAPCID_2610_output/backbone_long/RAPCID_backbone_rapcid_backbone_31_model_2.cif.gz,B,A,48,46,3.487,3.084,2.891,6,3,17,8,0.68,146.95,chain1_F_chain2_E,0,2,2,0,2,2,1,7,1,0,10,7,0,1,1,1,1,1,1,0,0,pass_conserved_motif,0.74234,0,
backbone_long,RAPCID_backbone_rapcid_backbone_31_model_3.cif.gz,/scratch/a2149a01/RAPCID_2610_output/backbone_long/RAPCID_backbone_rapcid_backbone_31_model_3.cif.gz,B,A,48,46,2.555,1.657,3.055,5,4,17,12,0.5862,112.3,chain1_F_chain2_E,0,2,1,0,2,1,0,15,1,0,9,10,0,2,0,1,1,1,1,0,0,pass_no_clash;pass_conserved_motif,0.57722,0,
backbone_long,RAPCID_backbone_rapcid_backbone_31_model_4.cif.gz,/scratch/a2149a01/RAPCID_2610_output/backbone_long/RAPCID_backbone_rapcid_backbone_31_model_4.cif.gz,B,A,48,46,3.279,2.626,2.626,4,4,13,12,0.52,112.69,chain1_F_chain2_E,0,2,1,0,2,1,0,4,0,0,9,12,0,1,1,1,1,1,1,0,0,pass_conserved_motif,0.60336,0,
backbone_long,RAPCID_backbone_rapcid_backbone_31_model_5.cif.gz,/scratch/a2149a01/RAPCID_2610_output/backbone_long/RAPCID_backbone_rapcid_backbone_31_model_5.cif.gz,B,A,48,46,3.034,3.157,2.756,3,3,8,13,0.381,123.62,chain1_F_chain2_E,0,2,1,0,2,1,0,8,0,1,9,10,0,2,1,1,1,1,1,0,0,pass_conserved_motif,0.63682,0,
backbone_long,RAPCID_backbone_rapcid_backbone_31_model_6.cif.gz,/scratch/a2149a01/RAPCID_2610_output/backbone_long/RAPCID_backbone_rapcid_backbone_31_model_6.cif.gz,B,A,48,46,2.782,2.667,3.088,6,6,20,21,0.4878,111.9,chain1_F_chain2_E,1,2,3,0,2,3,0,33,0,2,12,16,0,2,1,1,1,1,1,0,0,pass_conserved_motif,0.61431,0,
backbone_long,RAPCID_backbone_rapcid_backbone_31_model_7.cif.gz,/scratch/a2149a01/RAPCID_2610_output/backbone_long/RAPCID_backbone_rapcid_backbone_31_model_7.cif.gz,B,A,48,46,3.441,2.124,3.25,4,3,13,9,0.5909,104.87,chain1_F_chain2_E,1,2,1,0,2,1,0,6,0,0,11,11,1,2,1,1,1,1,1,1,1,,0.55892,1,584
backbone_long,RAPCID_backbone_rapcid_backbone_32_model_0.cif.gz,/scratch/a2149a01/RAPCID_2610_output/backbone_long/RAPCID_backbone_rapcid_backbone_32_model_0.cif.gz,A,B,33,29,6.524,3.083,3.097,5,4,11,16,0.4074,163.55,chain1_E_chain2_F,1,0,0,2,1,2,0,0,0,0,9,16,1,0,1,1,1,1,1,0,0,pass_conserved_motif,0.6935,0,
backbone_long,RAPCID_backbone_rapcid_backbone_32_model_1.cif.gz,/scratch/a2149a01/RAPCID_2610_output/backbone_long/RAPCID_backbone_rapcid_backbone_32_model_1.cif.gz,A,B,33,29,8.305,2.841,3.404,4,6,18,19,0.4865,152.24,chain1_E_chain2_F,1,0,0,3,1,3,1,0,0,0,11,16,1,0,1,1,1,1,1,0,0,pass_conserved_motif,0.7749,0,
backbone_long,RAPCID_backbone_rapcid_backbone_32_model_2.cif.gz,/scratch/a2149a01/RAPCID_2610_output/backbone_long/RAPCID_backbone_rapcid_backbone_32_model_2.cif.gz,A,B,33,29,11.295,2.699,3.121,6,6,20,20,0.5,140.01,chain1_E_chain2_F,2,0,0,3,2,3,1,0,0,0,13,16,1,0,1,1,1,1,1,0,0,pass_conserved_motif,0.76814,0,
backbone_long,RAPCID_backbone_rapcid_backbone_32_model_3.cif.gz,/scratch/a2149a01/RAPCID_2610_output/backbone_long/RAPCID_backbone_rapcid_backbone_32_model_3.cif.gz,A,B,33,29,8.145,3.145,3.254,3,6,8,21,0.2759,143.23,chain1_E_chain2_F,1,0,0,3,1,3,0,0,0,0,9,15,1,0,1,1,1,1,1,0,0,pass_conserved_motif,0.63205,0,
backbone_long,RAPCID_backbone_rapcid_backbone_32_model_4.cif.gz,/scratch/a2149a01/RAPCID_2610_output/backbone_long/RAPCID_backbone_rapcid_backbone_32_model_4.cif.gz,A,B,33,29,14.233,2.843,3.558,4,5,7,14,0.3333,177.87,chain1_E_chain2_F,1,0,0,3,1,3,0,0,0,0,9,16,1,0,1,1,1,1,1,0,0,pass_conserved_motif,0.64471,0,
backbone_long,RAPCID_backbone_rapcid_backbone_32_model_5.cif.gz,/scratch/a2149a01/RAPCID_2610_output/backbone_long/RAPCID_backbone_rapcid_backbone_32_model_5.cif.gz,A,B,33,29,14.902,4.415,3.324,1,5,1,15,0.0625,152.29,chain1_E_chain2_F,0,0,0,3,0,3,0,0,0,0,5,15,1,0,1,0,0,1,1,0,0,pass_dual_rap_contact;pass_contact_balance;pass_conserved_motif,0.54835,0,
backbone_long,RAPCID_backbone_rapcid_backbone_32_model_6.cif.gz,/scratch/a2149a01/RAPCID_2610_output/backbone_long/RAPCID_backbone_rapcid_backbone_32_model_6.cif.gz,A,B,33,29,2.751,2.853,3.306,4,4,9,11,0.45,138.02,chain1_E_chain2_F,1,0,0,2,1,2,0,3,1,0,15,10,1,0,1,1,1,1,1,0,0,pass_conserved_motif,0.68746,0,
backbone_long,RAPCID_backbone_rapcid_backbone_32_model_7.cif.gz,/scratch/a2149a01/RAPCID_2610_output/backbone_long/RAPCID_backbone_rapcid_backbone_32_model_7.cif.gz,A,B,33,29,9.522,2.833,3.463,4,5,10,18,0.3571,162.52,chain1_E_chain2_F,1,0,0,3,1,3,0,0,0,0,10,16,2,0,1,1,1,1,1,0,0,pass_conserved_motif,0.70541,0,
backbone_long,RAPCID_backbone_rapcid_backbone_33_model_0.cif.gz,/scratch/a2149a01/RAPCID_2610_output/backbone_long/RAPCID_backbone_rapcid_backbone_33_model_0.cif.gz,B,A,44,38,6.948,3.859,3.05,4,3,8,10,0.4444,135.15,chain1_F_chain2_E,0,2,1,0,2,1,0,0,0,0,9,9,0,1,1,1,1,1,1,0,0,pass_conserved_motif,0.64401,0,
backbone_long,RAPCID_backbone_rapcid_backbone_33_model_1.cif.gz,/scratch/a2149a01/RAPCID_2610_output/backbone_long/RAPCID_backbone_rapcid_backbone_33_model_1.cif.gz,B,A,44,38,2.631,3.382,3.139,6,4,17,13,0.5667,122.57,chain1_F_chain2_E,1,3,1,0,3,1,0,13,1,2,12,10,1,1,1,1,1,1,1,1,1,,0.69117,1,234
backbone_long,RAPCID_backbone_rapcid_backbone_33_model_2.cif.gz,/scratch/a2149a01/RAPCID_2610_output/backbone_long/RAPCID_backbone_rapcid_backbone_33_model_2.cif.gz,B,A,44,38,2.944,3.251,3.086,7,4,17,12,0.5862,105.98,chain1_F_chain2_E,0,2,1,0,2,1,0,13,1,1,14,10,0,3,1,1,1,1,1,0,0,pass_conserved_motif,0.58284,0,
backbone_long,RAPCID_backbone_rapcid_backbone_33_model_3.cif.gz,/scratch/a2149a01/RAPCID_2610_output/backbone_long/RAPCID_backbone_rapcid_backbone_33_model_3.cif.gz,B,A,44,38,2.859,2.925,2.381,4,3,14,11,0.56,114.93,chain1_F_chain2_E,1,2,1,0,2,1,0,6,0,1,9,9,0,1,1,1,1,1,1,0,0,pass_conserved_motif,0.62147,0,
backbone_long,RAPCID_backbone_rapcid_backbone_33_model_4.cif.gz,/scratch/a2149a01/RAPCID_2610_output/backbone_long/RAPCID_backbone_rapcid_backbone_33_model_4.cif.gz,B,A,44,38,2.79,2.941,2.86,6,4,12,10,0.5455,117.75,chain1_F_chain2_E,0,2,2,0,2,2,0,4,1,1,12,11,0,2,1,1,1,1,1,0,0,pass_conserved_motif,0.67194,0,
backbone_long,RAPCID_backbone_rapcid_backbone_33_model_5.cif.gz,/scratch/a2149a01/RAPCID_2610_output/backbone_long/RAPCID_backbone_rapcid_backbone_33_model_5.cif.gz,B,A,44,38,2.703,2.219,2.379,6,5,14,11,0.56,125.62,chain1_F_chain2_E,0,3,1,0,3,1,0,10,0,0,12,9,1,1,1,1,1,1,1,1,1,,0.66902,1,313
backbone_long,RAPCID_backbone_rapcid_backbone_33_model_6.cif.gz,/scratch/a2149a01/RAPCID_2610_output/backbone_long/RAPCID_backbone_rapcid_backbone_33_model_6.cif.gz,B,A,44,38,3.485,3.035,2.772,5,5,17,19,0.4722,139.1,chain1_F_chain2_E,1,2,2,0,2,2,1,7,0,1,11,12,0,1,1,1,1,1,1,0,0,pass_conserved_motif,0.77709,0,
backbone_long,RAPCID_backbone_rapcid_backbone_33_model_7.cif.gz,/scratch/a2149a01/RAPCID_2610_output/backbone_long/RAPCID_backbone_rapcid_backbone_33_model_7.cif.gz,B,A,44,38,3.195,2.793,2.518,5,4,15,13,0.5357,108.74,chain1_F_chain2_E,1,2,1,0,2,1,0,8,0,1,10,10,0,2,1,1,1,1,1,0,0,pass_conserved_motif,0.62055,0,
backbone_long,RAPCID_backbone_rapcid_backbone_34_model_0.cif.gz,/scratch/a2149a01/RAPCID_2610_output/backbone_long/RAPCID_backbone_rapcid_backbone_34_model_0.cif.gz,A,B,52,51,2.277,2.45,2.729,4,4,12,16,0.4286,116.1,chain1_E_chain2_F,1,0,1,2,1,2,0,29,0,1,10,9,1,0,1,1,1,1,1,0,0,pass_conserved_motif,0.53082,0,
backbone_long,RAPCID_backbone_rapcid_backbone_34_model_1.cif.gz,/scratch/a2149a01/RAPCID_2610_output/backbone_long/RAPCID_backbone_rapcid_backbone_34_model_1.cif.gz,A,B,52,51,3.566,3.074,2.8,6,6,15,14,0.5172,116.39,chain1_E_chain2_F,1,0,1,2,1,2,0,6,1,0,12,10,1,0,1,1,1,1,1,0,0,pass_conserved_motif,0.64346,0,
backbone_long,RAPCID_backbone_rapcid_backbone_34_model_2.cif.gz,/scratch/a2149a01/RAPCID_2610_output/backbone_long/RAPCID_backbone_rapcid_backbone_34_model_2.cif.gz,A,B,52,51,3.093,2.902,2.263,4,4,10,13,0.4348,110.93,chain1_E_chain2_F,1,0,0,2,1,2,0,5,0,0,9,9,3,1,1,1,1,1,1,1,1,,0.58441,1,537
backbone_long,RAPCID_backbone_rapcid_backbone_34_model_3.cif.gz,/scratch/a2149a01/RAPCID_2610_output/backbone_long/RAPCID_backbone_rapcid_backbone_34_model_3.cif.gz,A,B,52,51,2.351,2.949,2.72,6,4,15,21,0.4167,95.22,chain1_E_chain2_F,1,0,1,2,1,2,0,27,1,2,12,8,2,0,1,1,1,1,1,0,0,pass_conserved_motif,0.4948,0,
backbone_long,RAPCID_backbone_rapcid_backbone_34_model_4.cif.gz,/scratch/a2149a01/RAPCID_2610_output/backbone_long/RAPCID_backbone_rapcid_backbone_34_model_4.cif.gz,A,B,52,51,2.549,2.852,2.836,4,8,10,20,0.3333,121.21,chain1_E_chain2_F,1,0,0,2,1,2,0,13,0,0,12,14,1,0,1,1,1,1,1,0,0,pass_conserved_motif,0.56807,0,
backbone_long,RAPCID_backbone_rapcid_backbone_34_model_5.cif.gz,/scratch/a2149a01/RAPCID_2610_output/backbone_long/RAPCID_backbone_rapcid_backbone_34_model_5.cif.gz,A,B,52,51,3.122,3.303,2.567,4,3,6,10,0.375,138.55,chain1_E_chain2_F,1,0,0,2,1,2,0,7,0,0,11,9,1,0,1,1,1,1,1,0,0,pass_conserved_motif,0.66254,0,
backbone_long,RAPCID_backbone_rapcid_backbone_34_model_6.cif.gz,/scratch/a2149a01/RAPCID_2610_output/backbone_long/RAPCID_backbone_rapcid_backbone_34_model_6.cif.gz,A,B,52,51,3.028,3.273,3.094,5,6,16,15,0.5161,112.3,chain1_E_chain2_F,1,0,0,2,1,2,0,21,0,1,10,10,1,1,1,1,1,1,1,1,1,,0.57527,1,559
backbone_long,RAPCID_backbone_rapcid_backbone_34_model_7.cif.gz,/scratch/a2149a01/RAPCID_2610_output/backbone_long/RAPCID_backbone_rapcid_backbone_34_model_7.cif.gz,A,B,52,51,2.585,3.34,3.468,4,4,7,10,0.4118,124.7,chain1_E_chain2_F,1,0,0,2,1,2,0,6,0,0,9,10,1,0,1,1,1,1,1,0,0,pass_conserved_motif,0.62609,0,
backbone_long,RAPCID_backbone_rapcid_backbone_35_model_0.cif.gz,/scratch/a2149a01/RAPCID_2610_output/backbone_long/RAPCID_backbone_rapcid_backbone_35_model_0.cif.gz,A,B,42,36,3.183,2.998,3.092,4,5,12,15,0.4444,128.19,chain1_E_chain2_F,1,0,0,2,1,2,0,9,0,0,14,11,2,0,1,1,1,1,1,0,0,pass_conserved_motif,0.65578,0,
backbone_long,RAPCID_backbone_rapcid_backbone_35_model_1.cif.gz,/scratch/a2149a01/RAPCID_2610_output/backbone_long/RAPCID_backbone_rapcid_backbone_35_model_1.cif.gz,A,B,42,36,3.336,2.858,2.606,3,3,10,6,0.625,139.11,chain1_E_chain2_F,1,0,0,2,1,2,0,7,0,0,11,9,1,0,1,1,1,1,1,0,0,pass_conserved_motif,0.66443,0,
backbone_long,RAPCID_backbone_rapcid_backbone_35_model_2.cif.gz,/scratch/a2149a01/RAPCID_2610_output/backbone_long/RAPCID_backbone_rapcid_backbone_35_model_2.cif.gz,A,B,42,36,5.088,3.193,2.692,3,7,8,21,0.2759,133.81,chain1_E_chain2_F,1,0,1,3,1,3,0,0,0,0,9,21,1,0,1,1,1,1,1,0,0,pass_conserved_motif,0.60066,0,
backbone_long,RAPCID_backbone_rapcid_backbone_35_model_3.cif.gz,/scratch/a2149a01/RAPCID_2610_output/backbone_long/RAPCID_backbone_rapcid_backbone_35_model_3.cif.gz,A,B,42,36,3.621,3.079,2.387,5,4,12,17,0.4138,125.3,chain1_E_chain2_F,1,0,0,2,1,2,0,2,0,0,13,9,2,0,1,1,1,1,1,0,0,pass_conserved_motif,0.60888,0,
backbone_long,RAPCID_backbone_rapcid_backbone_35_model_4.cif.gz,/scratch/a2149a01/RAPCID_2610_output/backbone_long/RAPCID_backbone_rapcid_backbone_35_model_4.cif.gz,A,B,42,36,2.869,2.56,2.12,5,4,16,15,0.5161,123.6,chain1_E_chain2_F,1,0,0,2,1,2,0,5,0,0,12,9,2,0,1,1,1,1,1,0,0,pass_conserved_motif,0.64625,0,
backbone_long,RAPCID_backbone_rapcid_backbone_35_model_5.cif.gz,/scratch/a2149a01/RAPCID_2610_output/backbone_long/RAPCID_backbone_rapcid_backbone_35_model_5.cif.gz,A,B,42,36,2.608,2.699,3.309,4,8,6,18,0.25,135.4,chain1_E_chain2_F,1,0,1,3,1,3,0,10,0,0,13,14,1,1,1,1,1,1,1,1,1,,0.62561,1,451
backbone_long,RAPCID_backbone_rapcid_backbone_35_model_6.cif.gz,/scratch/a2149a01/RAPCID_2610_output/backbone_long/RAPCID_backbone_rapcid_backbone_35_model_6.cif.gz,A,B,42,36,3.431,3.105,2.678,4,4,11,13,0.4583,117.68,chain1_E_chain2_F,1,0,1,2,1,2,0,7,0,0,10,8,2,0,1,1,1,1,1,0,0,pass_conserved_motif,0.62632,0,
backbone_long,RAPCID_backbone_rapcid_backbone_35_model_7.cif.gz,/scratch/a2149a01/RAPCID_2610_output/backbone_long/RAPCID_backbone_rapcid_backbone_35_model_7.cif.gz,A,B,42,36,3.131,2.962,2.889,4,4,12,13,0.48,133.89,chain1_E_chain2_F,1,0,1,2,1,2,1,15,0,0,9,11,1,0,1,1,1,1,1,0,0,pass_conserved_motif,0.6876,0,
backbone_long,RAPCID_backbone_rapcid_backbone_36_model_0.cif.gz,/scratch/a2149a01/RAPCID_2610_output/backbone_long/RAPCID_backbone_rapcid_backbone_36_model_0.cif.gz,B,A,56,46,2.991,2.901,3.097,4,5,10,16,0.3846,120.02,chain1_F_chain2_E,0,2,1,0,2,1,0,17,0,1,9,13,1,1,1,1,1,1,1,1,1,,0.58128,1,549
backbone_long,RAPCID_backbone_rapcid_backbone_36_model_1.cif.gz,/scratch/a2149a01/RAPCID_2610_output/backbone_long/RAPCID_backbone_rapcid_backbone_36_model_1.cif.gz,B,A,56,46,3.097,2.952,2.995,4,4,12,12,0.5,126.78,chain1_F_chain2_E,0,2,1,0,2,1,0,10,0,0,9,11,1,1,1,1,1,1,1,1,1,,0.6683,1,318
backbone_long,RAPCID_backbone_rapcid_backbone_36_model_2.cif.gz,/scratch/a2149a01/RAPCID_2610_output/backbone_long/RAPCID_backbone_rapcid_backbone_36_model_2.cif.gz,B,A,56,46,3.151,2.833,2.972,4,5,13,15,0.4643,114.45,chain1_F_chain2_E,1,2,1,0,2,1,0,18,1,1,10,11,0,1,1,1,1,1,1,0,0,pass_conserved_motif,0.60626,0,
backbone_long,RAPCID_backbone_rapcid_backbone_36_model_3.cif.gz,/scratch/a2149a01/RAPCID_2610_output/backbone_long/RAPCID_backbone_rapcid_backbone_36_model_3.cif.gz,B,A,56,46,2.789,2.664,2.64,7,6,25,11,0.6944,106.16,chain1_F_chain2_E,1,2,1,0,2,1,0,20,0,1,12,14,1,1,1,1,1,1,1,1,1,,0.48847,1,676
backbone_long,RAPCID_backbone_rapcid_backbone_36_model_4.cif.gz,/scratch/a2149a01/RAPCID_2610_output/backbone_long/RAPCID_backbone_rapcid_backbone_36_model_4.cif.gz,B,A,56,46,3.214,2.551,2.598,5,3,14,10,0.5833,118.69,chain1_F_chain2_E,1,2,1,0,2,1,0,15,0,0,11,10,0,1,1,1,1,1,1,0,0,pass_conserved_motif,0.58301,0,
backbone_long,RAPCID_backbone_rapcid_backbone_36_model_5.cif.gz,/scratch/a2149a01/RAPCID_2610_output/backbone_long/RAPCID_backbone_rapcid_backbone_36_model_5.cif.gz,B,A,56,46,2.804,2.187,2.994,5,6,19,11,0.6333,99.24,chain1_F_chain2_E,1,2,1,0,2,1,0,25,1,1,8,9,0,1,1,1,1,1,1,0,0,pass_conserved_motif,0.48152,0,
backbone_long,RAPCID_backbone_rapcid_backbone_36_model_6.cif.gz,/scratch/a2149a01/RAPCID_2610_output/backbone_long/RAPCID_backbone_rapcid_backbone_36_model_6.cif.gz,B,A,56,46,2.739,2.183,2.817,5,5,15,11,0.5769,104.46,chain1_F_chain2_E,0,2,1,0,2,1,0,19,1,1,9,10,0,1,1,1,1,1,1,0,0,pass_conserved_motif,0.55147,0,
backbone_long,RAPCID_backbone_rapcid_backbone_36_model_7.cif.gz,/scratch/a2149a01/RAPCID_2610_output/backbone_long/RAPCID_backbone_rapcid_backbone_36_model_7.cif.gz,B,A,56,46,3.055,3.814,3.534,7,6,13,16,0.4483,136.5,chain1_F_chain2_E,0,3,3,0,3,3,0,6,0,0,14,19,0,1,1,1,1,1,1,0,0,pass_conserved_motif,0.76575,0,
backbone_long,RAPCID_backbone_rapcid_backbone_37_model_0.cif.gz,/scratch/a2149a01/RAPCID_2610_output/backbone_long/RAPCID_backbone_rapcid_backbone_37_model_0.cif.gz,B,A,44,27,3.281,2.591,2.393,4,7,8,18,0.3077,109.3,chain1_F_chain2_E,0,3,1,0,3,1,0,6,1,1,14,11,0,2,1,1,1,1,1,0,0,pass_conserved_motif,0.59503,0,
backbone_long,RAPCID_backbone_rapcid_backbone_37_model_1.cif.gz,/scratch/a2149a01/RAPCID_2610_output/backbone_long/RAPCID_backbone_rapcid_backbone_37_model_1.cif.gz,B,A,44,27,3.677,2.995,3.326,3,3,9,7,0.5625,126.9,chain1_F_chain2_E,0,3,1,0,3,1,0,1,0,0,10,9,0,1,1,1,1,1,1,0,0,pass_conserved_motif,0.64728,0,
backbone_long,RAPCID_backbone_rapcid_backbone_37_model_2.cif.gz,/scratch/a2149a01/RAPCID_2610_output/backbone_long/RAPCID_backbone_rapcid_backbone_37_model_2.cif.gz,B,A,44,27,2.814,2.219,3.784,6,3,16,4,0.8,136.92,chain1_F_chain2_E,0,2,0,0,2,0,0,2,0,0,10,8,0,1,1,1,1,1,1,0,0,pass_conserved_motif,0.53353,0,
backbone_long,RAPCID_backbone_rapcid_backbone_37_model_3.cif.gz,/scratch/a2149a01/RAPCID_2610_output/backbone_long/RAPCID_backbone_rapcid_backbone_37_model_3.cif.gz,B,A,44,27,3.031,3.396,2.394,6,5,8,15,0.3478,122.92,chain1_F_chain2_E,0,2,2,0,2,2,0,3,0,0,9,10,1,2,1,1,1,1,1,1,1,,0.60816,1,492
backbone_long,RAPCID_backbone_rapcid_backbone_37_model_4.cif.gz,/scratch/a2149a01/RAPCID_2610_output/backbone_long/RAPCID_backbone_rapcid_backbone_37_model_4.cif.gz,B,A,44,27,8.538,3.627,3.263,4,3,9,9,0.5,158.3,chain1_F_chain2_E,0,2,1,0,2,1,1,0,0,0,8,8,0,1,1,1,1,1,1,0,0,pass_conserved_motif,0.77196,0,
backbone_long,RAPCID_backbone_rapcid_backbone_37_model_5.cif.gz,/scratch/a2149a01/RAPCID_2610_output/backbone_long/RAPCID_backbone_rapcid_backbone_37_model_5.cif.gz,B,A,44,27,4.057,3.552,3.654,7,3,15,4,0.7895,131.41,chain1_F_chain2_E,0,2,1,0,2,1,0,0,0,0,15,9,0,1,1,1,1,1,1,0,0,pass_conserved_motif,0.53795,0,
backbone_long,RAPCID_backbone_rapcid_backbone_37_model_6.cif.gz,/scratch/a2149a01/RAPCID_2610_output/backbone_long/RAPCID_backbone_rapcid_backbone_37_model_6.cif.gz,B,A,44,27,3.237,2.553,2.768,3,5,10,13,0.4348,121.93,chain1_F_chain2_E,0,2,1,0,2,1,0,4,0,1,9,10,1,1,1,1,1,1,1,1,1,,0.63272,1,423
backbone_long,RAPCID_backbone_rapcid_backbone_37_model_7.cif.gz,/scratch/a2149a01/RAPCID_2610_output/backbone_long/RAPCID_backbone_rapcid_backbone_37_model_7.cif.gz,B,A,44,27,3.388,2.61,2.507,4,4,12,11,0.5217,123.61,chain1_F_chain2_E,1,2,1,0,2,1,0,3,1,1,9,9,0,1,1,1,1,1,1,0,0,pass_conserved_motif,0.66739,0,
backbone_long,RAPCID_backbone_rapcid_backbone_38_model_0.cif.gz,/scratch/a2149a01/RAPCID_2610_output/backbone_long/RAPCID_backbone_rapcid_backbone_38_model_0.cif.gz,A,B,49,46,3.005,3.044,3.435,5,5,13,8,0.619,150.74,chain1_E_chain2_F,1,0,0,3,1,3,0,3,0,0,10,11,2,0,1,1,1,1,1,0,0,pass_conserved_motif,0.71415,0,
backbone_long,RAPCID_backbone_rapcid_backbone_38_model_1.cif.gz,/scratch/a2149a01/RAPCID_2610_output/backbone_long/RAPCID_backbone_rapcid_backbone_38_model_1.cif.gz,A,B,49,46,2.5,3.077,2.868,3,6,11,12,0.4783,134.6,chain1_E_chain2_F,2,0,0,3,2,3,0,8,0,0,11,12,1,0,1,1,1,1,1,0,0,pass_conserved_motif,0.75282,0,
backbone_long,RAPCID_backbone_rapcid_backbone_38_model_2.cif.gz,/scratch/a2149a01/RAPCID_2610_output/backbone_long/RAPCID_backbone_rapcid_backbone_38_model_2.cif.gz,A,B,49,46,2.883,3.027,3.455,3,6,7,15,0.3182,146.27,chain1_E_chain2_F,1,0,0,3,1,3,0,12,0,0,10,14,1,0,1,1,1,1,1,0,0,pass_conserved_motif,0.67914,0,
backbone_long,RAPCID_backbone_rapcid_backbone_38_model_3.cif.gz,/scratch/a2149a01/RAPCID_2610_output/backbone_long/RAPCID_backbone_rapcid_backbone_38_model_3.cif.gz,A,B,49,46,3.262,3.136,3.604,3,3,11,13,0.4583,126.68,chain1_E_chain2_F,2,0,0,2,2,2,0,8,0,0,10,11,1,0,1,1,1,1,1,0,0,pass_conserved_motif,0.6899,0,
backbone_long,RAPCID_backbone_rapcid_backbone_38_model_4.cif.gz,/scratch/a2149a01/RAPCID_2610_output/backbone_long/RAPCID_backbone_rapcid_backbone_38_model_4.cif.gz,A,B,49,46,3.634,2.984,2.258,5,6,18,15,0.5455,119.59,chain1_E_chain2_F,2,0,1,2,2,2,0,4,0,0,11,12,1,1,1,1,1,1,1,1,1,,0.64475,1,391
backbone_long,RAPCID_backbone_rapcid_backbone_38_model_5.cif.gz,/scratch/a2149a01/RAPCID_2610_output/backbone_long/RAPCID_backbone_rapcid_backbone_38_model_5.cif.gz,A,B,49,46,3.62,2.945,3.172,4,5,12,13,0.48,123.21,chain1_E_chain2_F,2,0,0,2,2,2,0,3,0,0,9,11,1,0,1,1,1,1,1,0,0,pass_conserved_motif,0.66197,0,
backbone_long,RAPCID_backbone_rapcid_backbone_38_model_6.cif.gz,/scratch/a2149a01/RAPCID_2610_output/backbone_long/RAPCID_backbone_rapcid_backbone_38_model_6.cif.gz,A,B,49,46,2.989,3.034,3.088,4,5,15,16,0.4839,113.59,chain1_E_chain2_F,1,0,0,2,1,2,0,6,1,1,9,8,1,0,1,1,1,1,1,0,0,pass_conserved_motif,0.65125,0,
backbone_long,RAPCID_backbone_rapcid_backbone_38_model_7.cif.gz,/scratch/a2149a01/RAPCID_2610_output/backbone_long/RAPCID_backbone_rapcid_backbone_38_model_7.cif.gz,A,B,49,46,3.223,3.53,3.479,5,7,9,14,0.3913,140.08,chain1_E_chain2_F,1,0,0,3,1,3,0,7,0,0,9,14,2,0,1,1,1,1,1,0,0,pass_conserved_motif,0.70273,0,
backbone_long,RAPCID_backbone_rapcid_backbone_39_model_0.cif.gz,/scratch/a2149a01/RAPCID_2610_output/backbone_long/RAPCID_backbone_rapcid_backbone_39_model_0.cif.gz,A,B,39,32,8.574,2.934,3.527,4,5,8,16,0.3333,155.09,chain1_E_chain2_F,1,0,0,3,1,3,0,0,0,0,9,15,1,0,1,1,1,1,1,0,0,pass_conserved_motif,0.69459,0,
backbone_long,RAPCID_backbone_rapcid_backbone_39_model_1.cif.gz,/scratch/a2149a01/RAPCID_2610_output/backbone_long/RAPCID_backbone_rapcid_backbone_39_model_1.cif.gz,A,B,39,32,3.361,2.977,2.676,3,6,7,15,0.3182,109.83,chain1_E_chain2_F,1,0,0,2,1,2,0,5,0,1,12,10,1,0,1,1,1,1,1,0,0,pass_conserved_motif,0.55076,0,
backbone_long,RAPCID_backbone_rapcid_backbone_39_model_2.cif.gz,/scratch/a2149a01/RAPCID_2610_output/backbone_long/RAPCID_backbone_rapcid_backbone_39_model_2.cif.gz,A,B,39,32,3.85,2.987,3.157,4,6,13,17,0.4333,134.19,chain1_E_chain2_F,2,0,1,3,2,3,0,1,0,0,10,14,1,0,1,1,1,1,1,0,0,pass_conserved_motif,0.69848,0,
backbone_long,RAPCID_backbone_rapcid_backbone_39_model_3.cif.gz,/scratch/a2149a01/RAPCID_2610_output/backbone_long/RAPCID_backbone_rapcid_backbone_39_model_3.cif.gz,A,B,39,32,12.028,3.109,3.226,2,6,7,18,0.28,160.44,chain1_E_chain2_F,2,0,0,3,2,3,0,0,0,0,7,15,1,0,1,1,1,1,1,0,0,pass_conserved_motif,0.71007,0,
backbone_long,RAPCID_backbone_rapcid_backbone_39_model_4.cif.gz,/scratch/a2149a01/RAPCID_2610_output/backbone_long/RAPCID_backbone_rapcid_backbone_39_model_4.cif.gz,A,B,39,32,13.188,2.914,3.226,3,5,5,19,0.2083,175.9,chain1_E_chain2_F,1,0,0,3,1,3,0,0,0,0,8,16,1,0,1,1,1,1,1,0,0,pass_conserved_motif,0.6013,0,
backbone_long,RAPCID_backbone_rapcid_backbone_39_model_5.cif.gz,/scratch/a2149a01/RAPCID_2610_output/backbone_long/RAPCID_backbone_rapcid_backbone_39_model_5.cif.gz,A,B,39,32,11.004,2.88,3.434,3,6,7,18,0.28,164.66,chain1_E_chain2_F,1,0,0,3,1,3,0,0,0,0,7,16,1,0,1,1,1,1,1,0,0,pass_conserved_motif,0.66742,0,
backbone_long,RAPCID_backbone_rapcid_backbone_39_model_6.cif.gz,/scratch/a2149a01/RAPCID_2610_output/backbone_long/RAPCID_backbone_rapcid_backbone_39_model_6.cif.gz,A,B,39,32,4.058,2.936,2.883,5,8,17,24,0.4146,117.49,chain1_E_chain2_F,1,0,1,3,1,3,0,0,0,0,10,15,1,0,1,1,1,1,1,0,0,pass_conserved_motif,0.60178,0,
backbone_long,RAPCID_backbone_rapcid_backbone_39_model_7.cif.gz,/scratch/a2149a01/RAPCID_2610_output/backbone_long/RAPCID_backbone_rapcid_backbone_39_model_7.cif.gz,A,B,39,32,8.503,2.998,3.494,3,5,11,20,0.3548,154.67,chain1_E_chain2_F,1,0,0,3,1,3,0,0,0,0,10,16,2,0,1,1,1,1,1,0,0,pass_conserved_motif,0.7018,0,
backbone_long,RAPCID_backbone_rapcid_backbone_3_model_0.cif.gz,/scratch/a2149a01/RAPCID_2610_output/backbone_long/RAPCID_backbone_rapcid_backbone_3_model_0.cif.gz,A,B,51,46,2.999,3.321,3.23,4,5,14,10,0.5833,115.09,chain1_E_chain2_F,1,0,0,2,1,2,0,11,0,0,13,10,2,0,1,1,1,1,1,0,0,pass_conserved_motif,0.59102,0,
backbone_long,RAPCID_backbone_rapcid_backbone_3_model_1.cif.gz,/scratch/a2149a01/RAPCID_2610_output/backbone_long/RAPCID_backbone_rapcid_backbone_3_model_1.cif.gz,A,B,51,46,2.43,2.405,2.267,5,6,12,27,0.3077,107.72,chain1_E_chain2_F,1,0,1,2,1,2,0,20,0,0,9,12,2,0,1,1,1,1,1,0,0,pass_conserved_motif,0.47787,0,
backbone_long,RAPCID_backbone_rapcid_backbone_3_model_2.cif.gz,/scratch/a2149a01/RAPCID_2610_output/backbone_long/RAPCID_backbone_rapcid_backbone_3_model_2.cif.gz,A,B,51,46,3.585,2.882,3.226,3,9,11,18,0.3793,147.7,chain1_E_chain2_F,2,0,1,3,2,3,0,1,0,0,9,21,2,0,1,1,1,1,1,0,0,pass_conserved_motif,0.72192,0,
backbone_long,RAPCID_backbone_rapcid_backbone_3_model_3.cif.gz,/scratch/a2149a01/RAPCID_2610_output/backbone_long/RAPCID_backbone_rapcid_backbone_3_model_3.cif.gz,A,B,51,46,3.098,2.812,2.656,4,6,11,18,0.3793,123.45,chain1_E_chain2_F,1,0,1,3,1,3,0,12,0,0,11,9,1,1,1,1,1,1,1,1,1,,0.62751,1,445
backbone_long,RAPCID_backbone_rapcid_backbone_3_model_4.cif.gz,/scratch/a2149a01/RAPCID_2610_output/backbone_long/RAPCID_backbone_rapcid_backbone_3_model_4.cif.gz,A,B,51,46,2.898,2.925,3.115,4,6,9,19,0.3214,110.38,chain1_E_chain2_F,1,0,0,2,1,2,0,8,0,1,12,13,1,1,1,1,1,1,1,1,1,,0.56888,1,571
backbone_long,RAPCID_backbone_rapcid_backbone_3_model_5.cif.gz,/scratch/a2149a01/RAPCID_2610_output/backbone_long/RAPCID_backbone_rapcid_backbone_3_model_5.cif.gz,A,B,51,46,2.95,3.155,2.633,4,5,14,12,0.5385,131.31,chain1_E_chain2_F,1,0,0,2,1,2,0,7,0,0,11,11,1,0,1,1,1,1,1,0,0,pass_conserved_motif,0.67303,0,
backbone_long,RAPCID_backbone_rapcid_backbone_3_model_6.cif.gz,/scratch/a2149a01/RAPCID_2610_output/backbone_long/RAPCID_backbone_rapcid_backbone_3_model_6.cif.gz,A,B,51,46,3.125,3.315,2.803,4,9,8,25,0.2424,109.47,chain1_E_chain2_F,1,0,1,3,1,3,0,18,1,2,10,16,1,0,1,1,1,1,1,0,0,pass_conserved_motif,0.54614,0,
backbone_long,RAPCID_backbone_rapcid_backbone_3_model_7.cif.gz,/scratch/a2149a01/RAPCID_2610_output/backbone_long/RAPCID_backbone_rapcid_backbone_3_model_7.cif.gz,A,B,51,46,3.093,2.666,3.551,5,8,18,15,0.5455,109.3,chain1_E_chain2_F,1,0,0,3,1,3,0,10,0,1,12,15,1,0,1,1,1,1,1,0,0,pass_conserved_motif,0.63711,0,
backbone_long,RAPCID_backbone_rapcid_backbone_40_model_0.cif.gz,/scratch/a2149a01/RAPCID_2610_output/backbone_long/RAPCID_backbone_rapcid_backbone_40_model_0.cif.gz,A,B,60,55,2.42,2.904,3.003,3,5,11,14,0.44,109.02,chain1_E_chain2_F,1,0,1,2,1,2,0,20,0,1,10,10,3,0,1,1,1,1,1,0,0,pass_conserved_motif,0.55178,0,
backbone_long,RAPCID_backbone_rapcid_backbone_40_model_1.cif.gz,/scratch/a2149a01/RAPCID_2610_output/backbone_long/RAPCID_backbone_rapcid_backbone_40_model_1.cif.gz,A,B,60,55,2.652,2.853,2.779,4,6,22,18,0.55,115.55,chain1_E_chain2_F,2,0,0,2,2,2,1,20,1,1,9,10,3,1,1,1,1,1,1,1,1,,0.65136,1,376
backbone_long,RAPCID_backbone_rapcid_backbone_40_model_2.cif.gz,/scratch/a2149a01/RAPCID_2610_output/backbone_long/RAPCID_backbone_rapcid_backbone_40_model_2.cif.gz,A,B,60,55,3.031,3.063,3.015,4,5,9,18,0.3333,117.11,chain1_E_chain2_F,1,0,0,2,1,2,0,24,0,0,10,10,2,0,1,1,1,1,1,0,0,pass_conserved_motif,0.49943,0,
backbone_long,RAPCID_backbone_rapcid_backbone_40_model_3.cif.gz,/scratch/a2149a01/RAPCID_2610_output/backbone_long/RAPCID_backbone_rapcid_backbone_40_model_3.cif.gz,A,B,60,55,2.389,2.629,3.163,5,7,15,17,0.4688,111.22,chain1_E_chain2_F,1,0,0,2,1,2,0,28,1,0,9,13,2,1,1,1,1,1,1,1,1,,0.5306,1,611
backbone_long,RAPCID_backbone_rapcid_backbone_40_model_4.cif.gz,/scratch/a2149a01/RAPCID_2610_output/backbone_long/RAPCID_backbone_rapcid_backbone_40_model_4.cif.gz,A,B,60,55,2.717,2.281,2.652,5,4,12,21,0.3636,108.54,chain1_E_chain2_F,1,0,1,2,1,2,0,27,0,0,13,10,2,1,1,1,1,1,1,1,1,,0.46797,1,714
backbone_long,RAPCID_backbone_rapcid_backbone_40_model_5.cif.gz,/scratch/a2149a01/RAPCID_2610_output/backbone_long/RAPCID_backbone_rapcid_backbone_40_model_5.cif.gz,A,B,60,55,3.252,2.721,2.644,5,5,17,19,0.4722,103.81,chain1_E_chain2_F,1,0,1,2,1,2,0,15,0,1,11,10,1,0,1,1,1,1,1,0,0,pass_conserved_motif,0.57229,0,
backbone_long,RAPCID_backbone_rapcid_backbone_40_model_6.cif.gz,/scratch/a2149a01/RAPCID_2610_output/backbone_long/RAPCID_backbone_rapcid_backbone_40_model_6.cif.gz,A,B,60,55,2.987,2.959,3.411,6,6,15,13,0.5357,117.79,chain1_E_chain2_F,1,0,0,2,1,2,0,19,0,0,10,13,1,0,1,1,1,1,1,0,0,pass_conserved_motif,0.57907,0,
backbone_long,RAPCID_backbone_rapcid_backbone_40_model_7.cif.gz,/scratch/a2149a01/RAPCID_2610_output/backbone_long/RAPCID_backbone_rapcid_backbone_40_model_7.cif.gz,A,B,60,55,2.931,3.474,2.309,4,5,9,20,0.3103,122.48,chain1_E_chain2_F,1,0,1,2,1,2,0,16,1,0,9,10,2,0,1,1,1,1,1,0,0,pass_conserved_motif,0.56477,0,
backbone_long,RAPCID_backbone_rapcid_backbone_41_model_0.cif.gz,/scratch/a2149a01/RAPCID_2610_output/backbone_long/RAPCID_backbone_rapcid_backbone_41_model_0.cif.gz,A,B,47,32,3.408,2.681,3.528,3,4,6,9,0.4,130.3,chain1_E_chain2_F,1,0,0,2,1,2,0,3,0,0,10,7,1,0,1,1,1,1,1,0,0,pass_conserved_motif,0.62506,0,
backbone_long,RAPCID_backbone_rapcid_backbone_41_model_1.cif.gz,/scratch/a2149a01/RAPCID_2610_output/backbone_long/RAPCID_backbone_rapcid_backbone_41_model_1.cif.gz,A,B,47,32,4.282,3.398,3.768,4,5,11,7,0.6111,128.06,chain1_E_chain2_F,1,0,0,2,1,2,0,0,0,0,10,17,1,0,1,1,1,1,1,0,0,pass_conserved_motif,0.59813,0,
backbone_long,RAPCID_backbone_rapcid_backbone_41_model_2.cif.gz,/scratch/a2149a01/RAPCID_2610_output/backbone_long/RAPCID_backbone_rapcid_backbone_41_model_2.cif.gz,A,B,47,32,3.324,2.509,3.094,5,4,16,12,0.5714,110.0,chain1_E_chain2_F,1,0,1,2,1,2,0,9,1,0,10,12,1,0,1,1,1,1,1,0,0,pass_conserved_motif,0.60549,0,
backbone_long,RAPCID_backbone_rapcid_backbone_41_model_3.cif.gz,/scratch/a2149a01/RAPCID_2610_output/backbone_long/RAPCID_backbone_rapcid_backbone_41_model_3.cif.gz,A,B,47,32,2.792,2.55,2.826,7,4,21,11,0.6562,120.36,chain1_E_chain2_F,2,0,0,2,2,2,0,3,0,1,17,9,1,0,1,1,1,1,1,0,0,pass_conserved_motif,0.61467,0,
backbone_long,RAPCID_backbone_rapcid_backbone_41_model_4.cif.gz,/scratch/a2149a01/RAPCID_2610_output/backbone_long/RAPCID_backbone_rapcid_backbone_41_model_4.cif.gz,A,B,47,32,3.261,2.833,2.074,3,3,6,12,0.3333,123.32,chain1_E_chain2_F,1,0,0,2,1,2,0,9,0,0,10,8,1,0,1,1,1,1,1,0,0,pass_conserved_motif,0.59512,0,
backbone_long,RAPCID_backbone_rapcid_backbone_41_model_5.cif.gz,/scratch/a2149a01/RAPCID_2610_output/backbone_long/RAPCID_backbone_rapcid_backbone_41_model_5.cif.gz,A,B,47,32,2.83,3.04,2.427,4,6,15,17,0.4688,102.52,chain1_E_chain2_F,1,0,0,2,1,2,0,14,1,1,12,10,1,0,1,1,1,1,1,0,0,pass_conserved_motif,0.58828,0,
backbone_long,RAPCID_backbone_rapcid_backbone_41_model_6.cif.gz,/scratch/a2149a01/RAPCID_2610_output/backbone_long/RAPCID_backbone_rapcid_backbone_41_model_6.cif.gz,A,B,47,32,4.508,2.95,3.487,4,9,12,22,0.3529,173.01,chain1_E_chain2_F,1,0,0,3,1,3,1,0,0,0,10,19,1,0,1,1,1,1,1,0,0,pass_conserved_motif,0.69734,0,
backbone_long,RAPCID_backbone_rapcid_backbone_41_model_7.cif.gz,/scratch/a2149a01/RAPCID_2610_output/backbone_long/RAPCID_backbone_rapcid_backbone_41_model_7.cif.gz,A,B,47,32,2.851,2.947,2.811,4,4,15,16,0.4839,120.92,chain1_E_chain2_F,2,0,1,2,2,2,0,11,0,1,10,9,1,0,1,1,1,1,1,0,0,pass_conserved_motif,0.68258,0,
backbone_long,RAPCID_backbone_rapcid_backbone_42_model_0.cif.gz,/scratch/a2149a01/RAPCID_2610_output/backbone_long/RAPCID_backbone_rapcid_backbone_42_model_0.cif.gz,B,A,51,38,2.774,3.061,2.895,5,1,14,6,0.7,142.54,chain1_F_chain2_E,1,2,2,0,2,2,1,12,0,0,14,10,0,1,1,0,1,1,1,0,0,pass_dual_rap_contact;pass_conserved_motif,0.68797,0,
backbone_long,RAPCID_backbone_rapcid_backbone_42_model_1.cif.gz,/scratch/a2149a01/RAPCID_2610_output/backbone_long/RAPCID_backbone_rapcid_backbone_42_model_1.cif.gz,B,A,51,38,2.839,3.254,2.587,4,5,11,12,0.4783,131.58,chain1_F_chain2_E,0,2,1,0,2,1,0,9,0,0,10,11,0,1,1,1,1,1,1,0,0,pass_conserved_motif,0.6806,0,
backbone_long,RAPCID_backbone_rapcid_backbone_42_model_2.cif.gz,/scratch/a2149a01/RAPCID_2610_output/backbone_long/RAPCID_backbone_rapcid_backbone_42_model_2.cif.gz,B,A,51,38,3.673,3.164,2.804,5,4,23,10,0.697,135.54,chain1_F_chain2_E,0,3,1,0,3,1,0,3,0,1,16,12,1,1,1,1,1,1,1,1,1,,0.64897,1,382
backbone_long,RAPCID_backbone_rapcid_backbone_42_model_3.cif.gz,/scratch/a2149a01/RAPCID_2610_output/backbone_long/RAPCID_backbone_rapcid_backbone_42_model_3.cif.gz,B,A,51,38,3.673,3.443,3.131,4,8,7,20,0.2593,108.94,chain1_F_chain2_E,0,2,1,0,2,1,0,2,0,1,14,14,0,1,1,1,1,1,1,0,0,pass_conserved_motif,0.50923,0,
backbone_long,RAPCID_backbone_rapcid_backbone_42_model_4.cif.gz,/scratch/a2149a01/RAPCID_2610_output/backbone_long/RAPCID_backbone_rapcid_backbone_42_model_4.cif.gz,B,A,51,38,2.886,3.5,3.317,6,3,15,8,0.6522,136.44,chain1_F_chain2_E,1,3,1,0,3,1,0,13,1,1,11,8,1,2,1,1,1,1,1,1,1,,0.68655,1,253
backbone_long,RAPCID_backbone_rapcid_backbone_42_model_5.cif.gz,/scratch/a2149a01/RAPCID_2610_output/backbone_long/RAPCID_backbone_rapcid_backbone_42_model_5.cif.gz,B,A,51,38,3.24,3.641,2.754,5,3,7,11,0.3889,137.67,chain1_F_chain2_E,0,3,1,0,3,1,0,3,0,0,11,10,0,1,1,1,1,1,1,0,0,pass_conserved_motif,0.67374,0,
backbone_long,RAPCID_backbone_rapcid_backbone_42_model_6.cif.gz,/scratch/a2149a01/RAPCID_2610_output/backbone_long/RAPCID_backbone_rapcid_backbone_42_model_6.cif.gz,B,A,51,38,2.635,2.563,2.814,7,5,21,15,0.5833,129.62,chain1_F_chain2_E,1,3,2,0,3,2,0,3,2,1,13,11,0,2,1,1,1,1,1,0,0,pass_conserved_motif,0.73659,0,
backbone_long,RAPCID_backbone_rapcid_backbone_42_model_7.cif.gz,/scratch/a2149a01/RAPCID_2610_output/backbone_long/RAPCID_backbone_rapcid_backbone_42_model_7.cif.gz,B,A,51,38,3.453,3.458,2.722,5,4,10,10,0.5,130.01,chain1_F_chain2_E,0,3,1,0,3,1,0,3,0,0,14,10,0,1,1,1,1,1,1,0,0,pass_conserved_motif,0.69267,0,
backbone_long,RAPCID_backbone_rapcid_backbone_43_model_0.cif.gz,/scratch/a2149a01/RAPCID_2610_output/backbone_long/RAPCID_backbone_rapcid_backbone_43_model_0.cif.gz,A,B,54,32,10.383,2.582,3.395,5,6,14,16,0.4667,152.51,chain1_E_chain2_F,2,0,0,3,2,3,0,0,0,0,11,16,1,0,1,1,1,1,1,0,0,pass_conserved_motif,0.76788,0,
backbone_long,RAPCID_backbone_rapcid_backbone_43_model_1.cif.gz,/scratch/a2149a01/RAPCID_2610_output/backbone_long/RAPCID_backbone_rapcid_backbone_43_model_1.cif.gz,A,B,54,32,3.379,2.704,3.066,5,4,14,12,0.5385,125.78,chain1_E_chain2_F,1,0,0,2,1,2,0,10,1,0,10,10,1,0,1,1,1,1,1,0,0,pass_conserved_motif,0.66625,0,
backbone_long,RAPCID_backbone_rapcid_backbone_43_model_2.cif.gz,/scratch/a2149a01/RAPCID_2610_output/backbone_long/RAPCID_backbone_rapcid_backbone_43_model_2.cif.gz,A,B,54,32,4.457,2.718,3.15,4,7,11,18,0.3793,170.67,chain1_E_chain2_F,1,0,0,3,1,3,1,0,0,0,10,16,2,0,1,1,1,1,1,0,0,pass_conserved_motif,0.71567,0,
backbone_long,RAPCID_backbone_rapcid_backbone_43_model_3.cif.gz,/scratch/a2149a01/RAPCID_2610_output/backbone_long/RAPCID_backbone_rapcid_backbone_43_model_3.cif.gz,A,B,54,32,10.793,3.271,3.247,3,6,8,17,0.32,163.77,chain1_E_chain2_F,1,0,0,3,1,3,0,0,0,0,9,15,1,1,1,1,1,1,1,1,1,,0.68638,1,254
backbone_long,RAPCID_backbone_rapcid_backbone_43_model_4.cif.gz,/scratch/a2149a01/RAPCID_2610_output/backbone_long/RAPCID_backbone_rapcid_backbone_43_model_4.cif.gz,A,B,54,32,10.854,3.098,2.937,2,6,5,23,0.1786,164.42,chain1_E_chain2_F,1,0,0,3,1,3,0,0,0,0,10,16,1,0,1,1,1,1,1,0,0,pass_conserved_motif,0.62763,0,
backbone_long,RAPCID_backbone_rapcid_backbone_43_model_5.cif.gz,/scratch/a2149a01/RAPCID_2610_output/backbone_long/RAPCID_backbone_rapcid_backbone_43_model_5.cif.gz,A,B,54,32,4.428,2.946,3.447,5,8,13,29,0.3095,156.08,chain1_E_chain2_F,1,0,0,3,1,3,1,0,0,0,11,17,1,0,1,1,1,1,1,0,0,pass_conserved_motif,0.71692,0,
backbone_long,RAPCID_backbone_rapcid_backbone_43_model_6.cif.gz,/scratch/a2149a01/RAPCID_2610_output/backbone_long/RAPCID_backbone_rapcid_backbone_43_model_6.cif.gz,A,B,54,32,6.46,1.901,3.479,6,6,16,21,0.4324,138.33,chain1_E_chain2_F,1,0,0,3,1,3,0,0,0,0,10,14,1,0,0,1,1,1,1,0,0,pass_no_clash;pass_conserved_motif,0.67835,0,
backbone_long,RAPCID_backbone_rapcid_backbone_43_model_7.cif.gz,/scratch/a2149a01/RAPCID_2610_output/backbone_long/RAPCID_backbone_rapcid_backbone_43_model_7.cif.gz,A,B,54,32,3.612,3.28,3.241,3,5,9,14,0.3913,127.59,chain1_E_chain2_F,2,0,1,2,2,2,0,3,0,0,11,10,1,1,1,1,1,1,1,1,1,,0.64111,1,405
backbone_long,RAPCID_backbone_rapcid_backbone_44_model_0.cif.gz,/scratch/a2149a01/RAPCID_2610_output/backbone_long/RAPCID_backbone_rapcid_backbone_44_model_0.cif.gz,B,A,43,35,2.644,2.516,2.929,10,8,27,19,0.587,118.37,chain1_F_chain2_E,1,2,2,0,2,2,0,8,2,1,14,14,0,1,1,1,1,1,1,0,0,pass_conserved_motif,0.69407,0,
backbone_long,RAPCID_backbone_rapcid_backbone_44_model_1.cif.gz,/scratch/a2149a01/RAPCID_2610_output/backbone_long/RAPCID_backbone_rapcid_backbone_44_model_1.cif.gz,B,A,43,35,3.083,2.863,3.081,5,5,21,11,0.6562,107.34,chain1_F_chain2_E,1,2,1,0,2,1,0,14,0,1,9,8,1,1,1,1,1,1,1,1,1,,0.53769,1,604
backbone_long,RAPCID_backbone_rapcid_backbone_44_model_2.cif.gz,/scratch/a2149a01/RAPCID_2610_output/backbone_long/RAPCID_backbone_rapcid_backbone_44_model_2.cif.gz,B,A,43,35,3.006,3.053,2.533,5,4,14,11,0.56,118.81,chain1_F_chain2_E,0,2,1,0,2,1,0,10,0,0,9,10,0,1,1,1,1,1,1,0,0,pass_conserved_motif,0.61775,0,
backbone_long,RAPCID_backbone_rapcid_backbone_44_model_3.cif.gz,/scratch/a2149a01/RAPCID_2610_output/backbone_long/RAPCID_backbone_rapcid_backbone_44_model_3.cif.gz,B,A,43,35,3.047,3.5,2.961,7,3,14,9,0.6087,128.64,chain1_F_chain2_E,0,3,1,0,3,1,0,5,1,0,15,11,0,1,1,1,1,1,1,0,0,pass_conserved_motif,0.67128,0,
backbone_long,RAPCID_backbone_rapcid_backbone_44_model_4.cif.gz,/scratch/a2149a01/RAPCID_2610_output/backbone_long/RAPCID_backbone_rapcid_backbone_44_model_4.cif.gz,B,A,43,35,3.301,2.963,2.757,4,3,14,10,0.5833,122.49,chain1_F_chain2_E,1,2,1,0,2,1,0,6,0,0,11,8,0,1,1,1,1,1,1,0,0,pass_conserved_motif,0.62069,0,
backbone_long,RAPCID_backbone_rapcid_backbone_44_model_5.cif.gz,/scratch/a2149a01/RAPCID_2610_output/backbone_long/RAPCID_backbone_rapcid_backbone_44_model_5.cif.gz,B,A,43,35,2.135,3.344,2.775,4,4,11,13,0.4583,113.35,chain1_F_chain2_E,0,1,1,0,1,1,0,11,0,0,9,12,1,2,1,1,1,1,1,1,1,,0.5733,1,564
backbone_long,RAPCID_backbone_rapcid_backbone_44_model_6.cif.gz,/scratch/a2149a01/RAPCID_2610_output/backbone_long/RAPCID_backbone_rapcid_backbone_44_model_6.cif.gz,B,A,43,35,3.161,2.998,2.751,6,3,17,9,0.6538,145.17,chain1_F_chain2_E,0,3,2,0,3,2,1,5,0,0,12,8,0,1,1,1,1,1,1,0,0,pass_conserved_motif,0.74879,0,
backbone_long,RAPCID_backbone_rapcid_backbone_44_model_7.cif.gz,/scratch/a2149a01/RAPCID_2610_output/backbone_long/RAPCID_backbone_rapcid_backbone_44_model_7.cif.gz,B,A,43,35,3.43,2.607,2.962,6,4,18,11,0.6207,121.71,chain1_F_chain2_E,1,3,2,0,3,2,1,11,0,0,15,12,0,2,1,1,1,1,1,0,0,pass_conserved_motif,0.68385,0,
backbone_long,RAPCID_backbone_rapcid_backbone_45_model_0.cif.gz,/scratch/a2149a01/RAPCID_2610_output/backbone_long/RAPCID_backbone_rapcid_backbone_45_model_0.cif.gz,B,A,44,38,3.206,2.933,3.152,5,4,17,10,0.6296,165.1,chain1_F_chain2_E,0,3,1,0,3,1,0,5,0,0,16,10,0,1,1,1,1,1,1,0,0,pass_conserved_motif,0.72709,0,
backbone_long,RAPCID_backbone_rapcid_backbone_45_model_1.cif.gz,/scratch/a2149a01/RAPCID_2610_output/backbone_long/RAPCID_backbone_rapcid_backbone_45_model_1.cif.gz,B,A,44,38,5.042,3.199,3.017,5,3,19,13,0.5938,143.52,chain1_F_chain2_E,0,3,1,0,3,1,0,0,0,0,15,10,0,1,1,1,1,1,1,0,0,pass_conserved_motif,0.68519,0,
backbone_long,RAPCID_backbone_rapcid_backbone_45_model_2.cif.gz,/scratch/a2149a01/RAPCID_2610_output/backbone_long/RAPCID_backbone_rapcid_backbone_45_model_2.cif.gz,B,A,44,38,3.343,3.467,2.968,5,4,16,13,0.5517,163.04,chain1_F_chain2_E,0,3,1,0,3,1,0,1,0,0,17,10,0,1,1,1,1,1,1,0,0,pass_conserved_motif,0.74513,0,
backbone_long,RAPCID_backbone_rapcid_backbone_45_model_3.cif.gz,/scratch/a2149a01/RAPCID_2610_output/backbone_long/RAPCID_backbone_rapcid_backbone_45_model_3.cif.gz,B,A,44,38,3.812,3.239,2.329,5,4,21,13,0.6176,166.82,chain1_F_chain2_E,0,3,2,0,3,2,0,2,0,0,16,9,1,2,1,1,1,1,1,1,1,,0.73974,1,85
backbone_long,RAPCID_backbone_rapcid_backbone_45_model_4.cif.gz,/scratch/a2149a01/RAPCID_2610_output/backbone_long/RAPCID_backbone_rapcid_backbone_45_model_4.cif.gz,B,A,44,38,4.029,3.488,4.272,5,1,16,1,0.9412,165.89,chain1_F_chain2_E,0,3,0,0,3,0,0,0,0,0,15,8,0,2,1,0,0,1,1,0,0,pass_dual_rap_contact;pass_contact_balance;pass_conserved_motif,0.54628,0,
backbone_long,RAPCID_backbone_rapcid_backbone_45_model_5.cif.gz,/scratch/a2149a01/RAPCID_2610_output/backbone_long/RAPCID_backbone_rapcid_backbone_45_model_5.cif.gz,B,A,44,38,10.748,3.373,2.971,5,5,15,13,0.5357,164.12,chain1_F_chain2_E,0,3,1,0,3,1,0,0,0,0,15,9,0,1,1,1,1,1,1,0,0,pass_conserved_motif,0.74294,0,
backbone_long,RAPCID_backbone_rapcid_backbone_45_model_6.cif.gz,/scratch/a2149a01/RAPCID_2610_output/backbone_long/RAPCID_backbone_rapcid_backbone_45_model_6.cif.gz,B,A,44,38,3.519,3.52,2.663,5,5,18,15,0.5455,153.55,chain1_F_chain2_E,0,3,1,0,3,1,0,2,0,0,15,9,1,1,1,1,1,1,1,1,1,,0.74793,1,67
backbone_long,RAPCID_backbone_rapcid_backbone_45_model_7.cif.gz,/scratch/a2149a01/RAPCID_2610_output/backbone_long/RAPCID_backbone_rapcid_backbone_45_model_7.cif.gz,B,A,44,38,2.988,3.241,2.015,6,8,20,17,0.5405,137.77,chain1_F_chain2_E,0,3,1,0,3,1,0,16,1,1,16,13,0,1,1,1,1,1,1,0,0,pass_conserved_motif,0.72062,0,
backbone_long,RAPCID_backbone_rapcid_backbone_46_model_0.cif.gz,/scratch/a2149a01/RAPCID_2610_output/backbone_long/RAPCID_backbone_rapcid_backbone_46_model_0.cif.gz,A,B,34,33,3.539,2.348,3.402,8,5,21,16,0.5676,137.6,chain1_E_chain2_F,1,0,0,3,1,3,0,5,1,1,14,13,1,1,1,1,1,1,1,1,1,,0.73427,1,103
backbone_long,RAPCID_backbone_rapcid_backbone_46_model_1.cif.gz,/scratch/a2149a01/RAPCID_2610_output/backbone_long/RAPCID_backbone_rapcid_backbone_46_model_1.cif.gz,A,B,34,33,11.622,2.833,2.992,2,5,11,20,0.3548,153.15,chain1_E_chain2_F,2,0,0,3,2,3,0,0,0,0,8,14,1,0,1,1,1,1,1,0,0,pass_conserved_motif,0.72529,0,
backbone_long,RAPCID_backbone_rapcid_backbone_46_model_2.cif.gz,/scratch/a2149a01/RAPCID_2610_output/backbone_long/RAPCID_backbone_rapcid_backbone_46_model_2.cif.gz,A,B,34,33,12.999,3.013,3.855,3,6,9,9,0.5,161.38,chain1_E_chain2_F,2,0,0,3,2,3,0,0,0,0,9,13,1,0,1,1,1,1,1,0,0,pass_conserved_motif,0.79494,0,
backbone_long,RAPCID_backbone_rapcid_backbone_46_model_3.cif.gz,/scratch/a2149a01/RAPCID_2610_output/backbone_long/RAPCID_backbone_rapcid_backbone_46_model_3.cif.gz,A,B,34,33,9.361,3.317,3.678,2,6,5,14,0.2632,163.77,chain1_E_chain2_F,1,0,0,3,1,3,0,0,0,0,10,13,1,0,1,1,1,1,1,0,0,pass_conserved_motif,0.66364,0,
backbone_long,RAPCID_backbone_rapcid_backbone_46_model_4.cif.gz,/scratch/a2149a01/RAPCID_2610_output/backbone_long/RAPCID_backbone_rapcid_backbone_46_model_4.cif.gz,A,B,34,33,3.382,2.651,3.498,4,9,10,31,0.2439,137.9,chain1_E_chain2_F,1,0,0,3,1,3,0,9,0,0,10,18,1,1,1,1,1,1,1,1,1,,0.63651,1,414
backbone_long,RAPCID_backbone_rapcid_backbone_46_model_5.cif.gz,/scratch/a2149a01/RAPCID_2610_output/backbone_long/RAPCID_backbone_rapcid_backbone_46_model_5.cif.gz,A,B,34,33,5.054,3.129,3.408,2,6,6,13,0.3158,167.93,chain1_E_chain2_F,1,0,0,3,1,3,0,0,0,0,9,14,1,0,1,1,1,1,1,0,0,pass_conserved_motif,0.67085,0,
backbone_long,RAPCID_backbone_rapcid_backbone_46_model_6.cif.gz,/scratch/a2149a01/RAPCID_2610_output/backbone_long/RAPCID_backbone_rapcid_backbone_46_model_6.cif.gz,A,B,34,33,5.097,2.32,3.791,6,5,18,14,0.5625,138.27,chain1_E_chain2_F,1,0,0,3,1,3,0,0,0,0,12,14,1,0,1,1,1,1,1,0,0,pass_conserved_motif,0.68019,0,
backbone_long,RAPCID_backbone_rapcid_backbone_46_model_7.cif.gz,/scratch/a2149a01/RAPCID_2610_output/backbone_long/RAPCID_backbone_rapcid_backbone_46_model_7.cif.gz,A,B,34,33,2.952,1.954,3.149,6,6,17,20,0.4595,154.18,chain1_E_chain2_F,1,0,0,3,1,3,0,2,0,0,12,14,2,0,0,1,1,1,1,0,0,pass_no_clash;pass_conserved_motif,0.752,0,
backbone_long,RAPCID_backbone_rapcid_backbone_47_model_0.cif.gz,/scratch/a2149a01/RAPCID_2610_output/backbone_long/RAPCID_backbone_rapcid_backbone_47_model_0.cif.gz,A,B,43,41,8.02,3.051,3.371,3,4,10,16,0.3846,149.95,chain1_E_chain2_F,1,0,0,2,1,2,0,0,0,0,10,16,1,0,1,1,1,1,1,0,0,pass_conserved_motif,0.66938,0,
backbone_long,RAPCID_backbone_rapcid_backbone_47_model_1.cif.gz,/scratch/a2149a01/RAPCID_2610_output/backbone_long/RAPCID_backbone_rapcid_backbone_47_model_1.cif.gz,A,B,43,41,8.734,3.013,3.631,3,5,8,13,0.381,156.29,chain1_E_chain2_F,2,0,0,3,2,3,0,0,0,0,9,15,1,0,1,1,1,1,1,0,0,pass_conserved_motif,0.7462,0,
backbone_long,RAPCID_backbone_rapcid_backbone_47_model_2.cif.gz,/scratch/a2149a01/RAPCID_2610_output/backbone_long/RAPCID_backbone_rapcid_backbone_47_model_2.cif.gz,A,B,43,41,5.186,2.876,3.316,4,5,9,18,0.3333,150.02,chain1_E_chain2_F,1,0,0,3,1,3,0,0,0,0,13,15,1,0,1,1,1,1,1,0,0,pass_conserved_motif,0.67767,0,
backbone_long,RAPCID_backbone_rapcid_backbone_47_model_3.cif.gz,/scratch/a2149a01/RAPCID_2610_output/backbone_long/RAPCID_backbone_rapcid_backbone_47_model_3.cif.gz,A,B,43,41,3.043,1.87,3.436,6,5,15,10,0.6,133.53,chain1_E_chain2_F,1,0,0,3,1,3,0,4,0,0,11,14,1,0,0,1,1,1,1,0,0,pass_no_clash;pass_conserved_motif,0.66939,0,
backbone_long,RAPCID_backbone_rapcid_backbone_47_model_4.cif.gz,/scratch/a2149a01/RAPCID_2610_output/backbone_long/RAPCID_backbone_rapcid_backbone_47_model_4.cif.gz,A,B,43,41,2.714,2.31,3.261,5,6,20,23,0.4651,162.91,chain1_E_chain2_F,1,0,0,3,1,3,0,10,0,0,7,15,1,1,1,1,1,1,1,1,1,,0.7773,1,25
backbone_long,RAPCID_backbone_rapcid_backbone_47_model_5.cif.gz,/scratch/a2149a01/RAPCID_2610_output/backbone_long/RAPCID_backbone_rapcid_backbone_47_model_5.cif.gz,A,B,43,41,9.784,2.456,3.282,5,6,12,18,0.4,168.09,chain1_E_chain2_F,1,0,0,3,1,3,0,0,0,0,14,16,2,0,1,1,1,1,1,0,0,pass_conserved_motif,0.70399,0,
backbone_long,RAPCID_backbone_rapcid_backbone_47_model_6.cif.gz,/scratch/a2149a01/RAPCID_2610_output/backbone_long/RAPCID_backbone_rapcid_backbone_47_model_6.cif.gz,A,B,43,41,11.158,2.933,3.357,3,5,10,18,0.3571,154.51,chain1_E_chain2_F,2,0,0,3,2,3,0,0,0,0,10,15,1,0,1,1,1,1,1,0,0,pass_conserved_motif,0.73076,0,
backbone_long,RAPCID_backbone_rapcid_backbone_47_model_7.cif.gz,/scratch/a2149a01/RAPCID_2610_output/backbone_long/RAPCID_backbone_rapcid_backbone_47_model_7.cif.gz,A,B,43,41,3.138,2.729,3.179,4,6,10,14,0.4167,163.44,chain1_E_chain2_F,1,0,0,3,1,3,0,3,0,0,10,18,1,0,1,1,1,1,1,0,0,pass_conserved_motif,0.74115,0,
backbone_long,RAPCID_backbone_rapcid_backbone_48_model_0.cif.gz,/scratch/a2149a01/RAPCID_2610_output/backbone_long/RAPCID_backbone_rapcid_backbone_48_model_0.cif.gz,B,A,52,43,3.434,2.817,2.746,5,4,21,10,0.6774,120.49,chain1_F_chain2_E,1,2,1,0,2,1,0,13,0,0,8,10,0,1,1,1,1,1,1,0,0,pass_conserved_motif,0.56137,0,
backbone_long,RAPCID_backbone_rapcid_backbone_48_model_1.cif.gz,/scratch/a2149a01/RAPCID_2610_output/backbone_long/RAPCID_backbone_rapcid_backbone_48_model_1.cif.gz,B,A,52,43,2.279,3.325,2.988,11,4,28,13,0.6829,147.72,chain1_F_chain2_E,1,3,1,0,3,1,1,4,1,1,17,9,0,1,1,1,1,1,1,0,0,pass_conserved_motif,0.74541,0,
backbone_long,RAPCID_backbone_rapcid_backbone_48_model_2.cif.gz,/scratch/a2149a01/RAPCID_2610_output/backbone_long/RAPCID_backbone_rapcid_backbone_48_model_2.cif.gz,B,A,52,43,2.563,3.57,3.094,3,4,8,11,0.4211,121.24,chain1_F_chain2_E,0,2,1,0,2,1,0,16,1,1,9,10,0,2,1,1,1,1,1,0,0,pass_conserved_motif,0.62159,0,
backbone_long,RAPCID_backbone_rapcid_backbone_48_model_3.cif.gz,/scratch/a2149a01/RAPCID_2610_output/backbone_long/RAPCID_backbone_rapcid_backbone_48_model_3.cif.gz,B,A,52,43,3.462,3.236,1.772,9,6,31,14,0.6889,162.27,chain1_F_chain2_E,0,3,1,0,3,1,1,8,0,0,18,15,0,1,0,1,1,1,1,0,0,pass_no_clash;pass_conserved_motif,0.75641,0,
backbone_long,RAPCID_backbone_rapcid_backbone_48_model_4.cif.gz,/scratch/a2149a01/RAPCID_2610_output/backbone_long/RAPCID_backbone_rapcid_backbone_48_model_4.cif.gz,B,A,52,43,3.046,3.036,2.771,6,3,15,9,0.625,131.98,chain1_F_chain2_E,1,2,1,0,2,1,0,12,0,0,11,9,0,1,1,1,1,1,1,0,0,pass_conserved_motif,0.62564,0,
backbone_long,RAPCID_backbone_rapcid_backbone_48_model_5.cif.gz,/scratch/a2149a01/RAPCID_2610_output/backbone_long/RAPCID_backbone_rapcid_backbone_48_model_5.cif.gz,B,A,52,43,2.957,2.415,2.857,4,3,15,12,0.5556,123.33,chain1_F_chain2_E,1,2,2,0,2,2,1,19,0,0,10,10,0,1,1,1,1,1,1,0,0,pass_conserved_motif,0.64672,0,
backbone_long,RAPCID_backbone_rapcid_backbone_48_model_6.cif.gz,/scratch/a2149a01/RAPCID_2610_output/backbone_long/RAPCID_backbone_rapcid_backbone_48_model_6.cif.gz,B,A,52,43,2.986,3.433,3.195,5,2,18,4,0.8182,170.77,chain1_F_chain2_E,0,3,1,0,3,1,0,4,0,0,16,10,0,1,1,1,1,1,1,0,0,pass_conserved_motif,0.62779,0,
backbone_long,RAPCID_backbone_rapcid_backbone_48_model_7.cif.gz,/scratch/a2149a01/RAPCID_2610_output/backbone_long/RAPCID_backbone_rapcid_backbone_48_model_7.cif.gz,B,A,52,43,3.648,2.841,3.2,6,3,18,7,0.72,162.38,chain1_F_chain2_E,0,3,1,0,3,1,0,3,0,0,18,9,0,1,1,1,1,1,1,0,0,pass_conserved_motif,0.69,0,
backbone_long,RAPCID_backbone_rapcid_backbone_49_model_0.cif.gz,/scratch/a2149a01/RAPCID_2610_output/backbone_long/RAPCID_backbone_rapcid_backbone_49_model_0.cif.gz,B,A,43,41,3.054,3.703,2.888,6,4,17,14,0.5484,151.06,chain1_F_chain2_E,0,3,1,0,3,1,0,11,0,0,17,12,0,1,1,1,1,1,1,0,0,pass_conserved_motif,0.75345,0,
backbone_long,RAPCID_backbone_rapcid_backbone_49_model_1.cif.gz,/scratch/a2149a01/RAPCID_2610_output/backbone_long/RAPCID_backbone_rapcid_backbone_49_model_1.cif.gz,B,A,43,41,11.709,3.089,3.066,6,2,20,7,0.7407,170.54,chain1_F_chain2_E,0,3,1,0,3,1,0,0,0,0,17,7,0,1,1,1,1,1,1,0,0,pass_conserved_motif,0.63951,0,
backbone_long,RAPCID_backbone_rapcid_backbone_49_model_2.cif.gz,/scratch/a2149a01/RAPCID_2610_output/backbone_long/RAPCID_backbone_rapcid_backbone_49_model_2.cif.gz,B,A,43,41,3.114,3.625,3.433,5,4,15,8,0.6522,153.37,chain1_F_chain2_E,0,3,1,0,3,1,0,4,0,0,15,9,0,1,1,1,1,1,1,0,0,pass_conserved_motif,0.71464,0,
backbone_long,RAPCID_backbone_rapcid_backbone_49_model_3.cif.gz,/scratch/a2149a01/RAPCID_2610_output/backbone_long/RAPCID_backbone_rapcid_backbone_49_model_3.cif.gz,B,A,43,41,9.769,3.268,3.082,4,3,15,8,0.6522,157.2,chain1_F_chain2_E,0,2,1,0,2,1,0,0,0,0,16,10,0,2,1,1,1,1,1,0,0,pass_conserved_motif,0.67884,0,
backbone_long,RAPCID_backbone_rapcid_backbone_49_model_4.cif.gz,/scratch/a2149a01/RAPCID_2610_output/backbone_long/RAPCID_backbone_rapcid_backbone_49_model_4.cif.gz,B,A,43,41,3.749,2.527,2.134,4,4,13,14,0.4815,107.0,chain1_F_chain2_E,0,2,1,0,2,1,0,3,0,0,9,9,0,2,1,1,1,1,1,0,0,pass_conserved_motif,0.57998,0,
backbone_long,RAPCID_backbone_rapcid_backbone_49_model_5.cif.gz,/scratch/a2149a01/RAPCID_2610_output/backbone_long/RAPCID_backbone_rapcid_backbone_49_model_5.cif.gz,B,A,43,41,12.879,3.657,3.088,5,1,16,3,0.8421,159.95,chain1_F_chain2_E,0,3,1,0,3,1,0,0,0,0,14,6,1,1,1,0,1,1,1,1,0,pass_dual_rap_contact,0.63428,0,
backbone_long,RAPCID_backbone_rapcid_backbone_49_model_6.cif.gz,/scratch/a2149a01/RAPCID_2610_output/backbone_long/RAPCID_backbone_rapcid_backbone_49_model_6.cif.gz,B,A,43,41,3.61,2.867,2.629,5,6,17,12,0.5862,151.21,chain1_F_chain2_E,0,3,1,0,3,1,0,2,0,0,16,10,0,1,1,1,1,1,1,0,0,pass_conserved_motif,0.72385,0,
backbone_long,RAPCID_backbone_rapcid_backbone_49_model_7.cif.gz,/scratch/a2149a01/RAPCID_2610_output/backbone_long/RAPCID_backbone_rapcid_backbone_49_model_7.cif.gz,B,A,43,41,3.626,3.703,2.922,5,8,12,27,0.3077,132.13,chain1_F_chain2_E,0,3,3,0,3,3,0,1,0,0,14,19,0,1,1,1,1,1,1,0,0,pass_conserved_motif,0.66995,0,
backbone_long,RAPCID_backbone_rapcid_backbone_4_model_0.cif.gz,/scratch/a2149a01/RAPCID_2610_output/backbone_long/RAPCID_backbone_rapcid_backbone_4_model_0.cif.gz,A,B,47,43,4.234,2.977,3.241,5,5,16,21,0.4324,158.73,chain1_E_chain2_F,2,0,0,3,2,3,0,0,0,0,15,16,1,0,1,1,1,1,1,0,0,pass_conserved_motif,0.77492,0,
backbone_long,RAPCID_backbone_rapcid_backbone_4_model_1.cif.gz,/scratch/a2149a01/RAPCID_2610_output/backbone_long/RAPCID_backbone_rapcid_backbone_4_model_1.cif.gz,A,B,47,43,11.998,3.934,2.958,2,6,3,19,0.1364,164.76,chain1_E_chain2_F,1,0,0,3,1,3,0,0,0,0,6,17,1,0,1,0,1,1,1,0,0,pass_dual_rap_contact;pass_conserved_motif,0.60964,0,
backbone_long,RAPCID_backbone_rapcid_backbone_4_model_2.cif.gz,/scratch/a2149a01/RAPCID_2610_output/backbone_long/RAPCID_backbone_rapcid_backbone_4_model_2.cif.gz,A,B,47,43,2.189,2.712,3.301,4,6,9,18,0.3333,164.42,chain1_E_chain2_F,1,0,0,3,1,3,0,6,0,0,9,16,1,0,1,1,1,1,1,0,0,pass_conserved_motif,0.71955,0,
backbone_long,RAPCID_backbone_rapcid_backbone_4_model_3.cif.gz,/scratch/a2149a01/RAPCID_2610_output/backbone_long/RAPCID_backbone_rapcid_backbone_4_model_3.cif.gz,A,B,47,43,8.602,2.846,3.307,3,7,6,24,0.2,156.45,chain1_E_chain2_F,1,0,0,3,1,3,0,0,0,0,10,16,2,0,1,1,1,1,1,0,0,pass_conserved_motif,0.6458,0,
backbone_long,RAPCID_backbone_rapcid_backbone_4_model_4.cif.gz,/scratch/a2149a01/RAPCID_2610_output/backbone_long/RAPCID_backbone_rapcid_backbone_4_model_4.cif.gz,A,B,47,43,5.173,1.95,3.415,6,5,16,16,0.5,157.97,chain1_E_chain2_F,1,0,0,3,1,3,0,0,0,0,13,15,1,0,0,1,1,1,1,0,0,pass_no_clash;pass_conserved_motif,0.77086,0,
backbone_long,RAPCID_backbone_rapcid_backbone_4_model_5.cif.gz,/scratch/a2149a01/RAPCID_2610_output/backbone_long/RAPCID_backbone_rapcid_backbone_4_model_5.cif.gz,A,B,47,43,3.418,2.739,2.965,4,6,18,23,0.439,155.55,chain1_E_chain2_F,2,0,0,3,2,3,1,5,0,0,9,16,1,0,1,1,1,1,1,0,0,pass_conserved_motif,0.82054,0,
backbone_long,RAPCID_backbone_rapcid_backbone_4_model_6.cif.gz,/scratch/a2149a01/RAPCID_2610_output/backbone_long/RAPCID_backbone_rapcid_backbone_4_model_6.cif.gz,A,B,47,43,3.029,2.569,3.629,3,5,8,10,0.4444,155.8,chain1_E_chain2_F,1,0,0,3,1,3,0,7,0,0,13,15,1,0,1,1,1,1,1,0,0,pass_conserved_motif,0.77641,0,
backbone_long,RAPCID_backbone_rapcid_backbone_4_model_7.cif.gz,/scratch/a2149a01/RAPCID_2610_output/backbone_long/RAPCID_backbone_rapcid_backbone_4_model_7.cif.gz,A,B,47,43,9.778,2.595,3.02,3,6,10,20,0.3333,157.24,chain1_E_chain2_F,2,0,0,3,2,3,0,0,0,0,9,16,1,0,1,1,1,1,1,0,0,pass_conserved_motif,0.73034,0,
backbone_long,RAPCID_backbone_rapcid_backbone_50_model_0.cif.gz,/scratch/a2149a01/RAPCID_2610_output/backbone_long/RAPCID_backbone_rapcid_backbone_50_model_0.cif.gz,A,B,49,24,8.328,2.817,3.448,3,6,17,17,0.5,154.97,chain1_E_chain2_F,2,0,0,3,2,3,0,0,0,0,12,15,1,0,1,1,1,1,1,0,0,pass_conserved_motif,0.78943,0,
backbone_long,RAPCID_backbone_rapcid_backbone_50_model_1.cif.gz,/scratch/a2149a01/RAPCID_2610_output/backbone_long/RAPCID_backbone_rapcid_backbone_50_model_1.cif.gz,A,B,49,24,9.167,2.914,3.863,4,5,12,9,0.5714,161.24,chain1_E_chain2_F,1,0,0,3,1,3,0,0,0,0,10,14,1,0,1,1,1,1,1,0,0,pass_conserved_motif,0.73823,0,
backbone_long,RAPCID_backbone_rapcid_backbone_50_model_2.cif.gz,/scratch/a2149a01/RAPCID_2610_output/backbone_long/RAPCID_backbone_rapcid_backbone_50_model_2.cif.gz,A,B,49,24,11.237,2.916,3.836,3,6,8,11,0.4211,160.07,chain1_E_chain2_F,1,0,0,3,1,3,0,0,0,0,10,14,1,1,1,1,1,1,1,1,1,,0.73913,1,89
backbone_long,RAPCID_backbone_rapcid_backbone_50_model_3.cif.gz,/scratch/a2149a01/RAPCID_2610_output/backbone_long/RAPCID_backbone_rapcid_backbone_50_model_3.cif.gz,A,B,49,24,10.105,2.984,3.305,4,5,12,20,0.375,163.53,chain1_E_chain2_F,1,0,0,3,1,3,1,0,0,0,10,15,2,0,1,1,1,1,1,0,0,pass_conserved_motif,0.73774,0,
backbone_long,RAPCID_backbone_rapcid_backbone_50_model_4.cif.gz,/scratch/a2149a01/RAPCID_2610_output/backbone_long/RAPCID_backbone_rapcid_backbone_50_model_4.cif.gz,A,B,49,24,8.719,3.269,3.762,3,5,7,11,0.3889,147.64,chain1_E_chain2_F,1,0,0,3,1,3,0,0,0,0,7,14,1,0,1,1,1,1,1,0,0,pass_conserved_motif,0.69198,0,
backbone_long,RAPCID_backbone_rapcid_backbone_50_model_5.cif.gz,/scratch/a2149a01/RAPCID_2610_output/backbone_long/RAPCID_backbone_rapcid_backbone_50_model_5.cif.gz,A,B,49,24,10.169,3.144,3.488,5,6,8,15,0.3478,158.17,chain1_E_chain2_F,1,0,0,3,1,3,0,0,0,0,10,15,1,0,1,1,1,1,1,0,0,pass_conserved_motif,0.71065,0,
backbone_long,RAPCID_backbone_rapcid_backbone_50_model_6.cif.gz,/scratch/a2149a01/RAPCID_2610_output/backbone_long/RAPCID_backbone_rapcid_backbone_50_model_6.cif.gz,A,B,49,24,6.081,2.415,3.484,6,6,14,19,0.4242,146.47,chain1_E_chain2_F,1,0,0,3,1,3,0,0,0,0,12,14,1,1,1,1,1,1,1,1,1,,0.70222,1,190
backbone_long,RAPCID_backbone_rapcid_backbone_50_model_7.cif.gz,/scratch/a2149a01/RAPCID_2610_output/backbone_long/RAPCID_backbone_rapcid_backbone_50_model_7.cif.gz,A,B,49,24,13.639,3.008,3.486,3,6,8,12,0.4,174.92,chain1_E_chain2_F,1,0,0,3,1,3,0,0,0,0,7,15,1,0,1,1,1,1,1,0,0,pass_conserved_motif,0.68122,0,
backbone_long,RAPCID_backbone_rapcid_backbone_51_model_0.cif.gz,/scratch/a2149a01/RAPCID_2610_output/backbone_long/RAPCID_backbone_rapcid_backbone_51_model_0.cif.gz,A,B,50,39,13.863,3.269,3.641,3,6,7,10,0.4118,156.46,chain1_E_chain2_F,2,0,0,3,2,3,0,0,0,0,8,15,1,0,1,1,1,1,1,0,0,pass_conserved_motif,0.7591,0,
backbone_long,RAPCID_backbone_rapcid_backbone_51_model_1.cif.gz,/scratch/a2149a01/RAPCID_2610_output/backbone_long/RAPCID_backbone_rapcid_backbone_51_model_1.cif.gz,A,B,50,39,3.024,2.724,3.646,4,2,10,6,0.625,151.48,chain1_E_chain2_F,1,0,0,2,1,2,0,14,0,0,12,11,1,0,1,1,1,1,1,0,0,pass_conserved_motif,0.68064,0,
backbone_long,RAPCID_backbone_rapcid_backbone_51_model_2.cif.gz,/scratch/a2149a01/RAPCID_2610_output/backbone_long/RAPCID_backbone_rapcid_backbone_51_model_2.cif.gz,A,B,50,39,12.804,3.411,3.337,2,5,4,13,0.2353,172.67,chain1_E_chain2_F,1,0,0,3,1,3,0,0,0,0,7,15,2,1,1,1,1,1,1,1,1,,0.62285,1,459
backbone_long,RAPCID_backbone_rapcid_backbone_51_model_3.cif.gz,/scratch/a2149a01/RAPCID_2610_output/backbone_long/RAPCID_backbone_rapcid_backbone_51_model_3.cif.gz,A,B,50,39,12.23,2.87,3.324,3,5,7,13,0.35,156.58,chain1_E_chain2_F,2,0,0,3,2,3,0,0,0,0,11,16,2,0,1,1,1,1,1,0,0,pass_conserved_motif,0.73478,0,
backbone_long,RAPCID_backbone_rapcid_backbone_51_model_4.cif.gz,/scratch/a2149a01/RAPCID_2610_output/backbone_long/RAPCID_backbone_rapcid_backbone_51_model_4.cif.gz,A,B,50,39,7.867,2.966,2.717,4,5,12,16,0.4286,158.19,chain1_E_chain2_F,2,0,0,3,2,3,1,0,0,0,10,16,1,0,1,1,1,1,1,0,0,pass_conserved_motif,0.80015,0,
backbone_long,RAPCID_backbone_rapcid_backbone_51_model_5.cif.gz,/scratch/a2149a01/RAPCID_2610_output/backbone_long/RAPCID_backbone_rapcid_backbone_51_model_5.cif.gz,A,B,50,39,3.027,3.062,2.57,3,5,10,18,0.3571,121.97,chain1_E_chain2_F,1,0,1,2,1,2,0,12,0,0,9,12,1,0,1,1,1,1,1,0,0,pass_conserved_motif,0.58515,0,
backbone_long,RAPCID_backbone_rapcid_backbone_51_model_6.cif.gz,/scratch/a2149a01/RAPCID_2610_output/backbone_long/RAPCID_backbone_rapcid_backbone_51_model_6.cif.gz,A,B,50,39,3.071,2.857,2.575,5,3,12,14,0.4615,109.54,chain1_E_chain2_F,1,0,0,2,1,2,0,8,0,1,11,9,1,0,1,1,1,1,1,0,0,pass_conserved_motif,0.62213,0,
backbone_long,RAPCID_backbone_rapcid_backbone_51_model_7.cif.gz,/scratch/a2149a01/RAPCID_2610_output/backbone_long/RAPCID_backbone_rapcid_backbone_51_model_7.cif.gz,A,B,50,39,11.487,3.395,3.141,2,5,2,18,0.1,175.58,chain1_E_chain2_F,0,0,0,3,0,3,0,0,0,0,8,16,1,0,1,0,1,1,1,0,0,pass_dual_rap_contact;pass_conserved_motif,0.53044,0,
backbone_long,RAPCID_backbone_rapcid_backbone_52_model_0.cif.gz,/scratch/a2149a01/RAPCID_2610_output/backbone_long/RAPCID_backbone_rapcid_backbone_52_model_0.cif.gz,A,B,40,40,3.353,3.017,3.281,3,5,7,16,0.3043,113.31,chain1_E_chain2_F,1,0,0,2,1,2,0,7,1,1,11,9,1,0,1,1,1,1,1,0,0,pass_conserved_motif,0.58349,0,
backbone_long,RAPCID_backbone_rapcid_backbone_52_model_1.cif.gz,/scratch/a2149a01/RAPCID_2610_output/backbone_long/RAPCID_backbone_rapcid_backbone_52_model_1.cif.gz,A,B,40,40,3.099,2.593,2.926,4,3,10,12,0.4545,130.29,chain1_E_chain2_F,2,0,1,2,2,2,1,11,1,1,9,10,1,0,1,1,1,1,1,0,0,pass_conserved_motif,0.7473,0,
backbone_long,RAPCID_backbone_rapcid_backbone_52_model_2.cif.gz,/scratch/a2149a01/RAPCID_2610_output/backbone_long/RAPCID_backbone_rapcid_backbone_52_model_2.cif.gz,A,B,40,40,3.158,2.961,2.463,7,5,24,18,0.5714,102.88,chain1_E_chain2_F,1,0,0,2,1,2,0,8,1,1,11,10,2,0,1,1,1,1,1,0,0,pass_conserved_motif,0.60342,0,
backbone_long,RAPCID_backbone_rapcid_backbone_52_model_3.cif.gz,/scratch/a2149a01/RAPCID_2610_output/backbone_long/RAPCID_backbone_rapcid_backbone_52_model_3.cif.gz,A,B,40,40,3.782,3.327,3.378,4,6,11,12,0.4783,135.52,chain1_E_chain2_F,1,0,0,3,1,3,0,3,0,0,12,13,2,1,1,1,1,1,1,1,1,,0.70233,1,189
backbone_long,RAPCID_backbone_rapcid_backbone_52_model_4.cif.gz,/scratch/a2149a01/RAPCID_2610_output/backbone_long/RAPCID_backbone_rapcid_backbone_52_model_4.cif.gz,A,B,40,40,4.647,2.954,3.178,3,4,10,13,0.4348,151.3,chain1_E_chain2_F,1,0,0,2,1,2,0,0,0,0,11,14,2,0,1,1,1,1,1,0,0,pass_conserved_motif,0.69395,0,
backbone_long,RAPCID_backbone_rapcid_backbone_52_model_5.cif.gz,/scratch/a2149a01/RAPCID_2610_output/backbone_long/RAPCID_backbone_rapcid_backbone_52_model_5.cif.gz,A,B,40,40,3.136,2.986,2.554,5,7,12,20,0.375,125.73,chain1_E_chain2_F,1,0,1,3,1,3,0,13,0,0,13,12,1,0,1,1,1,1,1,0,0,pass_conserved_motif,0.62838,0,
backbone_long,RAPCID_backbone_rapcid_backbone_52_model_6.cif.gz,/scratch/a2149a01/RAPCID_2610_output/backbone_long/RAPCID_backbone_rapcid_backbone_52_model_6.cif.gz,A,B,40,40,2.59,2.646,2.698,6,4,15,15,0.5,100.19,chain1_E_chain2_F,1,0,1,2,1,2,0,10,0,2,12,10,1,0,1,1,1,1,1,0,0,pass_conserved_motif,0.613,0,
backbone_long,RAPCID_backbone_rapcid_backbone_52_model_7.cif.gz,/scratch/a2149a01/RAPCID_2610_output/backbone_long/RAPCID_backbone_rapcid_backbone_52_model_7.cif.gz,A,B,40,40,3.088,2.817,3.255,3,5,13,15,0.4643,120.54,chain1_E_chain2_F,1,0,0,2,1,2,0,7,1,1,12,10,1,0,1,1,1,1,1,0,0,pass_conserved_motif,0.67157,0,
backbone_long,RAPCID_backbone_rapcid_backbone_53_model_0.cif.gz,/scratch/a2149a01/RAPCID_2610_output/backbone_long/RAPCID_backbone_rapcid_backbone_53_model_0.cif.gz,B,A,52,40,3.068,3.386,2.74,7,6,12,16,0.4286,128.13,chain1_F_chain2_E,0,3,1,0,3,1,0,6,0,1,13,11,1,1,1,1,1,1,1,1,1,,0.68947,1,240
backbone_long,RAPCID_backbone_rapcid_backbone_53_model_1.cif.gz,/scratch/a2149a01/RAPCID_2610_output/backbone_long/RAPCID_backbone_rapcid_backbone_53_model_1.cif.gz,B,A,52,40,3.372,2.76,2.863,4,5,13,10,0.5652,129.53,chain1_F_chain2_E,0,2,1,0,2,1,0,8,0,0,13,14,1,1,1,1,1,1,1,1,1,,0.6614,1,343
backbone_long,RAPCID_backbone_rapcid_backbone_53_model_2.cif.gz,/scratch/a2149a01/RAPCID_2610_output/backbone_long/RAPCID_backbone_rapcid_backbone_53_model_2.cif.gz,B,A,52,40,2.823,2.958,2.777,6,4,15,18,0.4545,139.67,chain1_F_chain2_E,0,3,2,0,3,2,1,5,1,1,12,13,0,1,1,1,1,1,1,0,0,pass_conserved_motif,0.80713,0,
backbone_long,RAPCID_backbone_rapcid_backbone_53_model_3.cif.gz,/scratch/a2149a01/RAPCID_2610_output/backbone_long/RAPCID_backbone_rapcid_backbone_53_model_3.cif.gz,B,A,52,40,3.009,3.222,2.411,5,6,13,14,0.4815,123.55,chain1_F_chain2_E,0,2,1,0,2,1,0,14,1,0,10,9,0,1,1,1,1,1,1,0,0,pass_conserved_motif,0.6468,0,
backbone_long,RAPCID_backbone_rapcid_backbone_53_model_4.cif.gz,/scratch/a2149a01/RAPCID_2610_output/backbone_long/RAPCID_backbone_rapcid_backbone_53_model_4.cif.gz,B,A,52,40,1.94,2.886,2.782,7,5,12,17,0.4138,115.07,chain1_F_chain2_E,0,3,1,0,3,1,0,10,1,1,14,10,1,1,0,1,1,1,1,1,0,pass_no_clash,0.6567,0,
backbone_long,RAPCID_backbone_rapcid_backbone_53_model_5.cif.gz,/scratch/a2149a01/RAPCID_2610_output/backbone_long/RAPCID_backbone_rapcid_backbone_53_model_5.cif.gz,B,A,52,40,2.912,3.544,2.498,7,5,15,15,0.5,123.74,chain1_F_chain2_E,1,3,2,0,3,2,0,6,0,0,13,10,1,2,1,1,1,1,1,1,1,,0.71532,1,151
backbone_long,RAPCID_backbone_rapcid_backbone_53_model_6.cif.gz,/scratch/a2149a01/RAPCID_2610_output/backbone_long/RAPCID_backbone_rapcid_backbone_53_model_6.cif.gz,B,A,52,40,3.132,3.369,2.613,6,5,14,10,0.5833,126.93,chain1_F_chain2_E,1,3,1,0,3,1,0,1,0,0,14,11,0,1,1,1,1,1,1,0,0,pass_conserved_motif,0.63905,0,
backbone_long,RAPCID_backbone_rapcid_backbone_53_model_7.cif.gz,/scratch/a2149a01/RAPCID_2610_output/backbone_long/RAPCID_backbone_rapcid_backbone_53_model_7.cif.gz,B,A,52,40,1.309,2.695,3.03,4,3,18,7,0.72,119.09,chain1_F_chain2_E,1,2,1,0,2,1,0,21,0,0,10,9,1,2,0,1,1,1,1,1,0,pass_no_clash,0.49968,0,
backbone_long,RAPCID_backbone_rapcid_backbone_54_model_0.cif.gz,/scratch/a2149a01/RAPCID_2610_output/backbone_long/RAPCID_backbone_rapcid_backbone_54_model_0.cif.gz,A,B,34,28,3.137,2.576,3.546,6,5,18,18,0.5,127.44,chain1_E_chain2_F,1,0,0,3,1,3,0,5,0,0,12,15,1,1,1,1,1,1,1,1,1,,0.6941,1,224
backbone_long,RAPCID_backbone_rapcid_backbone_54_model_1.cif.gz,/scratch/a2149a01/RAPCID_2610_output/backbone_long/RAPCID_backbone_rapcid_backbone_54_model_1.cif.gz,A,B,34,28,3.43,2.761,3.493,5,5,17,18,0.4857,144.59,chain1_E_chain2_F,1,0,0,3,1,3,0,5,0,1,11,15,1,0,1,1,1,1,1,0,0,pass_conserved_motif,0.76221,0,
backbone_long,RAPCID_backbone_rapcid_backbone_54_model_2.cif.gz,/scratch/a2149a01/RAPCID_2610_output/backbone_long/RAPCID_backbone_rapcid_backbone_54_model_2.cif.gz,A,B,34,28,9.737,2.592,3.3,4,5,13,17,0.4333,147.25,chain1_E_chain2_F,2,0,0,3,2,3,0,0,0,0,10,16,1,0,1,1,1,1,1,0,0,pass_conserved_motif,0.73703,0,
backbone_long,RAPCID_backbone_rapcid_backbone_54_model_3.cif.gz,/scratch/a2149a01/RAPCID_2610_output/backbone_long/RAPCID_backbone_rapcid_backbone_54_model_3.cif.gz,A,B,34,28,2.891,2.572,3.185,8,6,22,16,0.5789,121.7,chain1_E_chain2_F,1,0,0,3,1,3,0,2,1,0,12,16,1,0,1,1,1,1,1,0,0,pass_conserved_motif,0.64505,0,
backbone_long,RAPCID_backbone_rapcid_backbone_54_model_4.cif.gz,/scratch/a2149a01/RAPCID_2610_output/backbone_long/RAPCID_backbone_rapcid_backbone_54_model_4.cif.gz,A,B,34,28,14.246,4.13,3.563,1,5,1,17,0.0556,147.13,chain1_E_chain2_F,1,0,0,3,1,3,0,0,0,0,6,16,2,0,1,0,0,1,1,0,0,pass_dual_rap_contact;pass_contact_balance;pass_conserved_motif,0.55693,0,
backbone_long,RAPCID_backbone_rapcid_backbone_54_model_5.cif.gz,/scratch/a2149a01/RAPCID_2610_output/backbone_long/RAPCID_backbone_rapcid_backbone_54_model_5.cif.gz,A,B,34,28,3.065,2.054,3.29,7,5,14,18,0.4375,153.22,chain1_E_chain2_F,1,0,0,3,1,3,0,3,1,1,12,16,1,2,1,1,1,1,1,1,1,,0.77836,1,24
backbone_long,RAPCID_backbone_rapcid_backbone_54_model_6.cif.gz,/scratch/a2149a01/RAPCID_2610_output/backbone_long/RAPCID_backbone_rapcid_backbone_54_model_6.cif.gz,A,B,34,28,7.127,2.883,3.672,5,5,10,14,0.4167,162.62,chain1_E_chain2_F,1,0,0,3,1,3,0,0,0,0,11,16,1,0,1,1,1,1,1,0,0,pass_conserved_motif,0.72887,0,
backbone_long,RAPCID_backbone_rapcid_backbone_54_model_7.cif.gz,/scratch/a2149a01/RAPCID_2610_output/backbone_long/RAPCID_backbone_rapcid_backbone_54_model_7.cif.gz,A,B,34,28,3.669,2.563,3.37,5,9,16,18,0.4706,122.0,chain1_E_chain2_F,2,0,1,3,2,3,0,4,1,2,11,16,2,0,1,1,1,1,1,0,0,pass_conserved_motif,0.73776,0,
backbone_long,RAPCID_backbone_rapcid_backbone_55_model_0.cif.gz,/scratch/a2149a01/RAPCID_2610_output/backbone_long/RAPCID_backbone_rapcid_backbone_55_model_0.cif.gz,A,B,52,38,3.435,2.906,3.289,4,4,7,13,0.35,126.8,chain1_E_chain2_F,1,0,0,2,1,2,0,3,0,0,10,11,2,0,1,1,1,1,1,0,0,pass_conserved_motif,0.59339,0,
backbone_long,RAPCID_backbone_rapcid_backbone_55_model_1.cif.gz,/scratch/a2149a01/RAPCID_2610_output/backbone_long/RAPCID_backbone_rapcid_backbone_55_model_1.cif.gz,A,B,52,38,2.882,3.547,2.872,3,6,4,11,0.2667,132.22,chain1_E_chain2_F,0,0,0,3,0,3,0,5,1,0,14,15,1,0,1,1,1,1,1,0,0,pass_conserved_motif,0.60479,0,
backbone_long,RAPCID_backbone_rapcid_backbone_55_model_2.cif.gz,/scratch/a2149a01/RAPCID_2610_output/backbone_long/RAPCID_backbone_rapcid_backbone_55_model_2.cif.gz,A,B,52,38,3.204,3.043,2.909,3,11,11,22,0.3333,139.45,chain1_E_chain2_F,2,0,1,3,2,3,0,1,0,0,10,17,1,0,1,1,1,1,1,0,0,pass_conserved_motif,0.67604,0,
backbone_long,RAPCID_backbone_rapcid_backbone_55_model_3.cif.gz,/scratch/a2149a01/RAPCID_2610_output/backbone_long/RAPCID_backbone_rapcid_backbone_55_model_3.cif.gz,A,B,52,38,3.072,2.173,3.28,5,5,17,16,0.5152,112.4,chain1_E_chain2_F,1,0,0,2,1,2,0,12,0,1,10,8,2,1,1,1,1,1,1,1,1,,0.621,1,463
backbone_long,RAPCID_backbone_rapcid_backbone_55_model_4.cif.gz,/scratch/a2149a01/RAPCID_2610_output/backbone_long/RAPCID_backbone_rapcid_backbone_55_model_4.cif.gz,A,B,52,38,2.879,3.13,3.227,3,9,9,24,0.2727,158.17,chain1_E_chain2_F,1,0,0,3,1,3,1,1,1,1,8,20,2,0,1,1,1,1,1,0,0,pass_conserved_motif,0.7475,0,
backbone_long,RAPCID_backbone_rapcid_backbone_55_model_5.cif.gz,/scratch/a2149a01/RAPCID_2610_output/backbone_long/RAPCID_backbone_rapcid_backbone_55_model_5.cif.gz,A,B,52,38,3.222,2.69,2.71,5,4,15,12,0.5556,140.86,chain1_E_chain2_F,2,0,0,2,2,2,0,4,0,0,11,10,2,0,1,1,1,1,1,0,0,pass_conserved_motif,0.7116,0,
backbone_long,RAPCID_backbone_rapcid_backbone_55_model_6.cif.gz,/scratch/a2149a01/RAPCID_2610_output/backbone_long/RAPCID_backbone_rapcid_backbone_55_model_6.cif.gz,A,B,52,38,2.982,3.248,3.112,3,4,9,12,0.4286,114.23,chain1_E_chain2_F,1,0,0,2,1,2,0,7,0,0,8,10,1,1,1,1,1,1,1,1,1,,0.60292,1,502
backbone_long,RAPCID_backbone_rapcid_backbone_55_model_7.cif.gz,/scratch/a2149a01/RAPCID_2610_output/backbone_long/RAPCID_backbone_rapcid_backbone_55_model_7.cif.gz,A,B,52,38,2.897,2.951,2.55,4,4,9,17,0.3462,118.8,chain1_E_chain2_F,1,0,1,2,1,2,0,12,0,0,10,10,1,0,1,1,1,1,1,0,0,pass_conserved_motif,0.57018,0,
backbone_long,RAPCID_backbone_rapcid_backbone_56_model_0.cif.gz,/scratch/a2149a01/RAPCID_2610_output/backbone_long/RAPCID_backbone_rapcid_backbone_56_model_0.cif.gz,A,B,40,34,3.178,2.783,2.108,5,4,21,15,0.5833,105.98,chain1_E_chain2_F,2,0,1,2,2,2,0,9,2,1,10,8,1,0,1,1,1,1,1,0,0,pass_conserved_motif,0.64922,0,
backbone_long,RAPCID_backbone_rapcid_backbone_56_model_1.cif.gz,/scratch/a2149a01/RAPCID_2610_output/backbone_long/RAPCID_backbone_rapcid_backbone_56_model_1.cif.gz,A,B,40,34,3.042,2.741,3.181,5,6,18,10,0.6429,112.6,chain1_E_chain2_F,1,0,0,3,1,3,0,10,0,0,14,12,1,0,1,1,1,1,1,0,0,pass_conserved_motif,0.59248,0,
backbone_long,RAPCID_backbone_rapcid_backbone_56_model_2.cif.gz,/scratch/a2149a01/RAPCID_2610_output/backbone_long/RAPCID_backbone_rapcid_backbone_56_model_2.cif.gz,A,B,40,34,3.366,2.864,3.473,7,5,17,16,0.5152,133.02,chain1_E_chain2_F,1,0,0,3,1,3,0,7,0,0,11,12,1,0,1,1,1,1,1,0,0,pass_conserved_motif,0.71661,0,
backbone_long,RAPCID_backbone_rapcid_backbone_56_model_3.cif.gz,/scratch/a2149a01/RAPCID_2610_output/backbone_long/RAPCID_backbone_rapcid_backbone_56_model_3.cif.gz,A,B,40,34,4.25,2.903,3.13,4,4,8,15,0.3478,148.19,chain1_E_chain2_F,1,0,0,3,1,3,0,0,0,0,11,12,1,0,1,1,1,1,1,0,0,pass_conserved_motif,0.67738,0,
backbone_long,RAPCID_backbone_rapcid_backbone_56_model_4.cif.gz,/scratch/a2149a01/RAPCID_2610_output/backbone_long/RAPCID_backbone_rapcid_backbone_56_model_4.cif.gz,A,B,40,34,3.344,2.061,3.056,7,11,19,34,0.3585,168.33,chain1_E_chain2_F,3,0,0,3,3,3,1,7,1,0,10,20,1,0,1,1,1,1,1,0,0,pass_conserved_motif,0.82396,0,
backbone_long,RAPCID_backbone_rapcid_backbone_56_model_5.cif.gz,/scratch/a2149a01/RAPCID_2610_output/backbone_long/RAPCID_backbone_rapcid_backbone_56_model_5.cif.gz,A,B,40,34,3.53,2.852,3.749,4,3,9,5,0.6429,155.67,chain1_E_chain2_F,1,0,0,3,1,3,0,2,0,0,12,11,1,0,1,1,1,1,1,0,0,pass_conserved_motif,0.71605,0,
backbone_long,RAPCID_backbone_rapcid_backbone_56_model_6.cif.gz,/scratch/a2149a01/RAPCID_2610_output/backbone_long/RAPCID_backbone_rapcid_backbone_56_model_6.cif.gz,A,B,40,34,5.765,3.062,3.401,3,6,6,9,0.4,137.23,chain1_E_chain2_F,1,0,0,3,1,3,0,0,0,0,11,12,1,0,1,1,1,1,1,0,0,pass_conserved_motif,0.66172,0,
backbone_long,RAPCID_backbone_rapcid_backbone_56_model_7.cif.gz,/scratch/a2149a01/RAPCID_2610_output/backbone_long/RAPCID_backbone_rapcid_backbone_56_model_7.cif.gz,A,B,40,34,3.31,2.267,2.672,4,6,13,20,0.3939,115.43,chain1_E_chain2_F,1,0,0,2,1,2,0,8,1,1,12,11,1,0,1,1,1,1,1,0,0,pass_conserved_motif,0.63139,0,
backbone_long,RAPCID_backbone_rapcid_backbone_57_model_0.cif.gz,/scratch/a2149a01/RAPCID_2610_output/backbone_long/RAPCID_backbone_rapcid_backbone_57_model_0.cif.gz,A,B,31,31,3.562,2.756,3.295,7,5,27,24,0.5294,133.98,chain1_E_chain2_F,1,0,0,3,1,3,0,3,0,0,10,16,1,0,1,1,1,1,1,0,0,pass_conserved_motif,0.69411,0,
backbone_long,RAPCID_backbone_rapcid_backbone_57_model_1.cif.gz,/scratch/a2149a01/RAPCID_2610_output/backbone_long/RAPCID_backbone_rapcid_backbone_57_model_1.cif.gz,A,B,31,31,3.982,2.316,3.567,6,6,13,16,0.4483,150.21,chain1_E_chain2_F,1,0,0,3,1,3,0,1,0,0,12,16,1,0,1,1,1,1,1,0,0,pass_conserved_motif,0.7293,0,
backbone_long,RAPCID_backbone_rapcid_backbone_57_model_2.cif.gz,/scratch/a2149a01/RAPCID_2610_output/backbone_long/RAPCID_backbone_rapcid_backbone_57_model_2.cif.gz,A,B,31,31,2.181,1.924,3.25,8,6,20,23,0.4651,134.23,chain1_E_chain2_F,1,0,0,3,1,3,0,6,0,1,14,16,2,0,0,1,1,1,1,0,0,pass_no_clash;pass_conserved_motif,0.72443,0,
backbone_long,RAPCID_backbone_rapcid_backbone_57_model_3.cif.gz,/scratch/a2149a01/RAPCID_2610_output/backbone_long/RAPCID_backbone_rapcid_backbone_57_model_3.cif.gz,A,B,31,31,3.159,2.699,3.5,7,4,17,16,0.5152,142.42,chain1_E_chain2_F,1,0,0,2,1,2,0,5,1,0,10,16,2,0,1,1,1,1,1,0,0,pass_conserved_motif,0.72606,0,
backbone_long,RAPCID_backbone_rapcid_backbone_57_model_4.cif.gz,/scratch/a2149a01/RAPCID_2610_output/backbone_long/RAPCID_backbone_rapcid_backbone_57_model_4.cif.gz,A,B,31,31,12.535,2.969,3.505,2,6,5,18,0.2174,170.83,chain1_E_chain2_F,1,0,0,3,1,3,0,0,0,0,10,16,1,1,1,1,1,1,1,1,1,,0.62182,1,461
backbone_long,RAPCID_backbone_rapcid_backbone_57_model_5.cif.gz,/scratch/a2149a01/RAPCID_2610_output/backbone_long/RAPCID_backbone_rapcid_backbone_57_model_5.cif.gz,A,B,31,31,13.411,2.674,3.4,3,5,7,20,0.2593,165.18,chain1_E_chain2_F,1,0,0,3,1,3,0,0,0,0,6,15,1,1,1,1,1,1,1,1,1,,0.6574,1,353
backbone_long,RAPCID_backbone_rapcid_backbone_57_model_6.cif.gz,/scratch/a2149a01/RAPCID_2610_output/backbone_long/RAPCID_backbone_rapcid_backbone_57_model_6.cif.gz,A,B,31,31,3.34,1.962,3.04,7,5,18,16,0.5294,146.73,chain1_E_chain2_F,1,0,0,3,1,3,0,6,0,0,13,16,1,0,0,1,1,1,1,0,0,pass_no_clash;pass_conserved_motif,0.75162,0,
backbone_long,RAPCID_backbone_rapcid_backbone_57_model_7.cif.gz,/scratch/a2149a01/RAPCID_2610_output/backbone_long/RAPCID_backbone_rapcid_backbone_57_model_7.cif.gz,A,B,31,31,3.751,2.68,3.614,7,5,18,16,0.5294,137.18,chain1_E_chain2_F,1,0,0,3,1,3,0,2,0,0,11,15,1,0,1,1,1,1,1,0,0,pass_conserved_motif,0.69977,0,
backbone_long,RAPCID_backbone_rapcid_backbone_58_model_0.cif.gz,/scratch/a2149a01/RAPCID_2610_output/backbone_long/RAPCID_backbone_rapcid_backbone_58_model_0.cif.gz,A,B,34,32,5.029,2.719,3.137,3,5,10,9,0.5263,161.79,chain1_E_chain2_F,2,0,0,3,2,3,1,0,0,0,10,17,1,0,1,1,1,1,1,0,0,pass_conserved_motif,0.8116,0,
backbone_long,RAPCID_backbone_rapcid_backbone_58_model_1.cif.gz,/scratch/a2149a01/RAPCID_2610_output/backbone_long/RAPCID_backbone_rapcid_backbone_58_model_1.cif.gz,A,B,34,32,3.768,2.927,3.567,3,4,10,6,0.625,125.29,chain1_E_chain2_F,1,0,0,2,1,2,0,1,0,0,9,12,1,0,1,1,1,1,1,0,0,pass_conserved_motif,0.58833,0,
backbone_long,RAPCID_backbone_rapcid_backbone_58_model_2.cif.gz,/scratch/a2149a01/RAPCID_2610_output/backbone_long/RAPCID_backbone_rapcid_backbone_58_model_2.cif.gz,A,B,34,32,3.729,2.631,3.238,7,5,15,18,0.4545,119.77,chain1_E_chain2_F,1,0,0,3,1,3,0,3,0,0,11,13,1,1,1,1,1,1,1,1,1,,0.64033,1,407
backbone_long,RAPCID_backbone_rapcid_backbone_58_model_3.cif.gz,/scratch/a2149a01/RAPCID_2610_output/backbone_long/RAPCID_backbone_rapcid_backbone_58_model_3.cif.gz,A,B,34,32,10.316,2.76,3.709,4,5,11,10,0.5238,152.85,chain1_E_chain2_F,1,0,0,3,1,3,0,0,0,0,13,15,1,0,1,1,1,1,1,0,0,pass_conserved_motif,0.74425,0,
backbone_long,RAPCID_backbone_rapcid_backbone_58_model_4.cif.gz,/scratch/a2149a01/RAPCID_2610_output/backbone_long/RAPCID_backbone_rapcid_backbone_58_model_4.cif.gz,A,B,34,32,5.695,2.999,2.913,3,6,14,19,0.4242,134.51,chain1_E_chain2_F,2,0,0,3,2,3,0,0,0,0,10,12,1,2,1,1,1,1,1,1,1,,0.69091,1,237
backbone_long,RAPCID_backbone_rapcid_backbone_58_model_5.cif.gz,/scratch/a2149a01/RAPCID_2610_output/backbone_long/RAPCID_backbone_rapcid_backbone_58_model_5.cif.gz,A,B,34,32,2.708,3.062,2.47,5,7,12,25,0.3243,89.3,chain1_E_chain2_F,2,0,1,2,2,2,0,34,1,2,12,10,3,1,1,1,1,1,1,1,1,,0.46167,1,726
backbone_long,RAPCID_backbone_rapcid_backbone_58_model_6.cif.gz,/scratch/a2149a01/RAPCID_2610_output/backbone_long/RAPCID_backbone_rapcid_backbone_58_model_6.cif.gz,A,B,34,32,3.25,2.863,3.364,5,6,17,22,0.4359,112.3,chain1_E_chain2_F,1,0,1,3,1,3,0,6,1,1,12,15,1,0,1,1,1,1,1,0,0,pass_conserved_motif,0.65633,0,
backbone_long,RAPCID_backbone_rapcid_backbone_58_model_7.cif.gz,/scratch/a2149a01/RAPCID_2610_output/backbone_long/RAPCID_backbone_rapcid_backbone_58_model_7.cif.gz,A,B,34,32,2.932,2.559,3.358,5,5,16,19,0.4571,131.46,chain1_E_chain2_F,1,0,0,3,1,3,0,5,1,0,10,14,1,0,1,1,1,1,1,0,0,pass_conserved_motif,0.707,0,
backbone_long,RAPCID_backbone_rapcid_backbone_59_model_0.cif.gz,/scratch/a2149a01/RAPCID_2610_output/backbone_long/RAPCID_backbone_rapcid_backbone_59_model_0.cif.gz,A,B,42,29,6.338,3.531,3.228,4,6,10,22,0.3125,131.43,chain1_E_chain2_F,1,0,0,3,1,3,0,0,0,0,10,15,1,0,1,1,1,1,1,0,0,pass_conserved_motif,0.60737,0,
backbone_long,RAPCID_backbone_rapcid_backbone_59_model_1.cif.gz,/scratch/a2149a01/RAPCID_2610_output/backbone_long/RAPCID_backbone_rapcid_backbone_59_model_1.cif.gz,A,B,42,29,11.935,3.126,3.301,3,5,6,15,0.2857,165.38,chain1_E_chain2_F,1,0,0,3,1,3,0,0,0,0,13,15,1,0,1,1,1,1,1,0,0,pass_conserved_motif,0.6673,0,
backbone_long,RAPCID_backbone_rapcid_backbone_59_model_2.cif.gz,/scratch/a2149a01/RAPCID_2610_output/backbone_long/RAPCID_backbone_rapcid_backbone_59_model_2.cif.gz,A,B,42,29,9.991,3.022,3.564,4,6,9,13,0.4091,154.41,chain1_E_chain2_F,1,0,0,3,1,3,0,0,0,0,10,14,1,0,1,1,1,1,1,0,0,pass_conserved_motif,0.72262,0,
backbone_long,RAPCID_backbone_rapcid_backbone_59_model_3.cif.gz,/scratch/a2149a01/RAPCID_2610_output/backbone_long/RAPCID_backbone_rapcid_backbone_59_model_3.cif.gz,A,B,42,29,4.109,2.3,3.571,6,5,16,16,0.5,160.81,chain1_E_chain2_F,1,0,0,3,1,3,0,0,0,0,13,15,1,0,1,1,1,1,1,0,0,pass_conserved_motif,0.76824,0,
backbone_long,RAPCID_backbone_rapcid_backbone_59_model_4.cif.gz,/scratch/a2149a01/RAPCID_2610_output/backbone_long/RAPCID_backbone_rapcid_backbone_59_model_4.cif.gz,A,B,42,29,10.383,3.038,3.28,3,6,11,16,0.4074,146.11,chain1_E_chain2_F,2,0,0,3,2,3,0,0,0,0,8,14,1,0,1,1,1,1,1,0,0,pass_conserved_motif,0.72287,0,
backbone_long,RAPCID_backbone_rapcid_backbone_59_model_5.cif.gz,/scratch/a2149a01/RAPCID_2610_output/backbone_long/RAPCID_backbone_rapcid_backbone_59_model_5.cif.gz,A,B,42,29,6.33,2.389,3.445,5,5,15,17,0.4688,156.89,chain1_E_chain2_F,1,0,0,3,1,3,0,0,0,0,11,15,1,0,1,1,1,1,1,0,0,pass_conserved_motif,0.75476,0,
backbone_long,RAPCID_backbone_rapcid_backbone_59_model_6.cif.gz,/scratch/a2149a01/RAPCID_2610_output/backbone_long/RAPCID_backbone_rapcid_backbone_59_model_6.cif.gz,A,B,42,29,12.554,3.612,3.911,2,6,4,11,0.2667,157.22,chain1_E_chain2_F,1,0,0,3,1,3,0,0,0,0,9,14,1,0,1,1,1,1,1,0,0,pass_conserved_motif,0.675,0,
backbone_long,RAPCID_backbone_rapcid_backbone_59_model_7.cif.gz,/scratch/a2149a01/RAPCID_2610_output/backbone_long/RAPCID_backbone_rapcid_backbone_59_model_7.cif.gz,A,B,42,29,13.213,2.776,3.533,3,6,9,13,0.4091,140.1,chain1_E_chain2_F,2,0,0,3,2,3,0,0,0,0,8,15,1,0,1,1,1,1,1,0,0,pass_conserved_motif,0.70351,0,
backbone_long,RAPCID_backbone_rapcid_backbone_5_model_0.cif.gz,/scratch/a2149a01/RAPCID_2610_output/backbone_long/RAPCID_backbone_rapcid_backbone_5_model_0.cif.gz,A,B,46,43,7.396,2.331,3.476,4,6,17,21,0.4474,143.58,chain1_E_chain2_F,2,0,0,3,2,3,0,0,0,0,9,16,2,0,1,1,1,1,1,0,0,pass_conserved_motif,0.73039,0,
backbone_long,RAPCID_backbone_rapcid_backbone_5_model_1.cif.gz,/scratch/a2149a01/RAPCID_2610_output/backbone_long/RAPCID_backbone_rapcid_backbone_5_model_1.cif.gz,A,B,46,43,2.924,1.839,3.409,7,8,21,24,0.4667,169.06,chain1_E_chain2_F,2,0,0,3,2,3,1,12,0,0,12,18,1,1,0,1,1,1,1,1,0,pass_no_clash,0.80455,0,
backbone_long,RAPCID_backbone_rapcid_backbone_5_model_2.cif.gz,/scratch/a2149a01/RAPCID_2610_output/backbone_long/RAPCID_backbone_rapcid_backbone_5_model_2.cif.gz,A,B,46,43,3.184,2.909,3.214,4,5,9,15,0.375,115.15,chain1_E_chain2_F,1,0,1,2,1,2,0,7,0,0,10,10,1,0,1,1,1,1,1,0,0,pass_conserved_motif,0.58456,0,
backbone_long,RAPCID_backbone_rapcid_backbone_5_model_3.cif.gz,/scratch/a2149a01/RAPCID_2610_output/backbone_long/RAPCID_backbone_rapcid_backbone_5_model_3.cif.gz,A,B,46,43,3.789,3.186,3.65,3,6,11,21,0.3438,157.75,chain1_E_chain2_F,1,0,0,3,1,3,0,2,0,0,11,16,1,0,1,1,1,1,1,0,0,pass_conserved_motif,0.71763,0,
backbone_long,RAPCID_backbone_rapcid_backbone_5_model_4.cif.gz,/scratch/a2149a01/RAPCID_2610_output/backbone_long/RAPCID_backbone_rapcid_backbone_5_model_4.cif.gz,A,B,46,43,11.094,3.44,2.473,2,9,9,28,0.2432,149.73,chain1_E_chain2_F,1,0,0,3,1,3,0,0,0,0,7,21,1,0,1,1,1,1,1,0,0,pass_conserved_motif,0.6407,0,
backbone_long,RAPCID_backbone_rapcid_backbone_5_model_5.cif.gz,/scratch/a2149a01/RAPCID_2610_output/backbone_long/RAPCID_backbone_rapcid_backbone_5_model_5.cif.gz,A,B,46,43,9.671,3.158,3.391,3,5,11,14,0.44,154.54,chain1_E_chain2_F,1,0,0,3,1,3,0,0,0,0,10,15,2,0,1,1,1,1,1,0,0,pass_conserved_motif,0.73542,0,
backbone_long,RAPCID_backbone_rapcid_backbone_5_model_6.cif.gz,/scratch/a2149a01/RAPCID_2610_output/backbone_long/RAPCID_backbone_rapcid_backbone_5_model_6.cif.gz,A,B,46,43,8.215,2.953,3.571,3,6,9,12,0.4286,174.49,chain1_E_chain2_F,1,0,0,3,1,3,0,0,0,0,11,15,1,0,1,1,1,1,1,0,0,pass_conserved_motif,0.69407,0,
backbone_long,RAPCID_backbone_rapcid_backbone_5_model_7.cif.gz,/scratch/a2149a01/RAPCID_2610_output/backbone_long/RAPCID_backbone_rapcid_backbone_5_model_7.cif.gz,A,B,46,43,8.535,2.839,3.606,4,5,12,15,0.4444,151.5,chain1_E_chain2_F,1,0,0,3,1,3,0,0,0,0,10,16,1,0,1,1,1,1,1,0,0,pass_conserved_motif,0.72705,0,
backbone_long,RAPCID_backbone_rapcid_backbone_60_model_0.cif.gz,/scratch/a2149a01/RAPCID_2610_output/backbone_long/RAPCID_backbone_rapcid_backbone_60_model_0.cif.gz,B,A,40,31,13.287,3.42,3.838,5,1,18,2,0.9,172.96,chain1_F_chain2_E,0,3,1,0,3,1,0,0,0,0,16,6,0,1,1,0,1,1,1,0,0,pass_dual_rap_contact;pass_conserved_motif,0.56774,0,
backbone_long,RAPCID_backbone_rapcid_backbone_60_model_1.cif.gz,/scratch/a2149a01/RAPCID_2610_output/backbone_long/RAPCID_backbone_rapcid_backbone_60_model_1.cif.gz,B,A,40,31,3.409,3.403,3.376,5,5,17,11,0.6071,134.38,chain1_F_chain2_E,0,3,1,0,3,1,0,2,0,1,14,11,0,1,1,1,1,1,1,0,0,pass_conserved_motif,0.67603,0,
backbone_long,RAPCID_backbone_rapcid_backbone_60_model_2.cif.gz,/scratch/a2149a01/RAPCID_2610_output/backbone_long/RAPCID_backbone_rapcid_backbone_60_model_2.cif.gz,B,A,40,31,14.09,3.261,3.043,6,1,18,4,0.8182,160.25,chain1_F_chain2_E,0,3,0,0,3,0,0,0,0,0,16,7,0,1,1,0,1,1,1,0,0,pass_dual_rap_contact;pass_conserved_motif,0.61428,0,
backbone_long,RAPCID_backbone_rapcid_backbone_60_model_3.cif.gz,/scratch/a2149a01/RAPCID_2610_output/backbone_long/RAPCID_backbone_rapcid_backbone_60_model_3.cif.gz,B,A,40,31,2.765,3.879,3.02,5,6,13,15,0.4643,124.07,chain1_F_chain2_E,0,3,1,0,3,1,0,1,0,1,14,13,2,1,1,1,1,1,1,1,1,,0.66522,1,326
backbone_long,RAPCID_backbone_rapcid_backbone_60_model_4.cif.gz,/scratch/a2149a01/RAPCID_2610_output/backbone_long/RAPCID_backbone_rapcid_backbone_60_model_4.cif.gz,B,A,40,31,2.973,3.266,2.127,6,5,20,13,0.6061,106.47,chain1_F_chain2_E,0,2,1,0,2,1,0,11,0,1,14,12,0,2,1,1,1,1,1,0,0,pass_conserved_motif,0.56987,0,
backbone_long,RAPCID_backbone_rapcid_backbone_60_model_5.cif.gz,/scratch/a2149a01/RAPCID_2610_output/backbone_long/RAPCID_backbone_rapcid_backbone_60_model_5.cif.gz,B,A,40,31,10.389,3.301,2.849,5,5,12,11,0.5217,168.78,chain1_F_chain2_E,0,3,1,0,3,1,0,0,0,0,16,9,0,1,1,1,1,1,1,0,0,pass_conserved_motif,0.73299,0,
backbone_long,RAPCID_backbone_rapcid_backbone_60_model_6.cif.gz,/scratch/a2149a01/RAPCID_2610_output/backbone_long/RAPCID_backbone_rapcid_backbone_60_model_6.cif.gz,B,A,40,31,4.228,3.439,2.571,5,5,21,14,0.6,163.93,chain1_F_chain2_E,0,3,1,0,3,1,0,0,0,0,16,14,0,1,1,1,1,1,1,0,0,pass_conserved_motif,0.71786,0,
backbone_long,RAPCID_backbone_rapcid_backbone_60_model_7.cif.gz,/scratch/a2149a01/RAPCID_2610_output/backbone_long/RAPCID_backbone_rapcid_backbone_60_model_7.cif.gz,B,A,40,31,3.801,3.392,3.114,5,4,17,21,0.4474,135.83,chain1_F_chain2_E,0,3,2,0,3,2,0,1,1,0,15,11,0,1,1,1,1,1,1,0,0,pass_conserved_motif,0.72622,0,
backbone_long,RAPCID_backbone_rapcid_backbone_61_model_0.cif.gz,/scratch/a2149a01/RAPCID_2610_output/backbone_long/RAPCID_backbone_rapcid_backbone_61_model_0.cif.gz,A,B,44,43,10.56,3.164,3.688,3,7,9,9,0.5,159.02,chain1_E_chain2_F,2,0,0,3,2,3,0,0,0,0,11,16,1,0,1,1,1,1,1,0,0,pass_conserved_motif,0.80281,0,
backbone_long,RAPCID_backbone_rapcid_backbone_61_model_1.cif.gz,/scratch/a2149a01/RAPCID_2610_output/backbone_long/RAPCID_backbone_rapcid_backbone_61_model_1.cif.gz,A,B,44,43,11.583,3.196,3.455,3,6,5,20,0.2,150.06,chain1_E_chain2_F,2,0,0,3,2,3,0,0,0,0,8,16,1,1,1,1,1,1,1,1,1,,0.65307,1,368
backbone_long,RAPCID_backbone_rapcid_backbone_61_model_2.cif.gz,/scratch/a2149a01/RAPCID_2610_output/backbone_long/RAPCID_backbone_rapcid_backbone_61_model_2.cif.gz,A,B,44,43,11.68,3.253,3.7,4,6,6,9,0.4,165.03,chain1_E_chain2_F,1,0,0,3,1,3,0,0,0,0,13,15,1,0,1,1,1,1,1,0,0,pass_conserved_motif,0.7142,0,
backbone_long,RAPCID_backbone_rapcid_backbone_61_model_3.cif.gz,/scratch/a2149a01/RAPCID_2610_output/backbone_long/RAPCID_backbone_rapcid_backbone_61_model_3.cif.gz,A,B,44,43,4.297,3.026,2.809,4,5,8,21,0.2759,151.92,chain1_E_chain2_F,2,0,0,3,2,3,0,0,0,0,9,18,2,0,1,1,1,1,1,0,0,pass_conserved_motif,0.68961,0,
backbone_long,RAPCID_backbone_rapcid_backbone_61_model_4.cif.gz,/scratch/a2149a01/RAPCID_2610_output/backbone_long/RAPCID_backbone_rapcid_backbone_61_model_4.cif.gz,A,B,44,43,3.43,2.524,3.401,7,6,23,21,0.5227,152.79,chain1_E_chain2_F,3,0,0,3,3,3,0,3,0,0,20,16,2,0,1,1,1,1,1,0,0,pass_conserved_motif,0.81664,0,
backbone_long,RAPCID_backbone_rapcid_backbone_61_model_5.cif.gz,/scratch/a2149a01/RAPCID_2610_output/backbone_long/RAPCID_backbone_rapcid_backbone_61_model_5.cif.gz,A,B,44,43,9.483,2.942,3.363,3,4,13,16,0.4483,177.06,chain1_E_chain2_F,1,0,0,2,1,2,0,0,0,0,8,15,1,0,1,1,1,1,1,0,0,pass_conserved_motif,0.66483,0,
backbone_long,RAPCID_backbone_rapcid_backbone_61_model_6.cif.gz,/scratch/a2149a01/RAPCID_2610_output/backbone_long/RAPCID_backbone_rapcid_backbone_61_model_6.cif.gz,A,B,44,43,3.203,2.929,3.26,4,7,11,21,0.3438,158.23,chain1_E_chain2_F,1,0,0,3,1,3,0,8,0,0,12,17,1,0,1,1,1,1,1,0,0,pass_conserved_motif,0.74921,0,
backbone_long,RAPCID_backbone_rapcid_backbone_61_model_7.cif.gz,/scratch/a2149a01/RAPCID_2610_output/backbone_long/RAPCID_backbone_rapcid_backbone_61_model_7.cif.gz,A,B,44,43,3.913,3.506,3.323,4,5,12,15,0.4444,153.04,chain1_E_chain2_F,1,0,0,3,1,3,0,1,0,0,10,15,1,1,1,1,1,1,1,1,1,,0.7372,1,95
backbone_long,RAPCID_backbone_rapcid_backbone_62_model_0.cif.gz,/scratch/a2149a01/RAPCID_2610_output/backbone_long/RAPCID_backbone_rapcid_backbone_62_model_0.cif.gz,A,B,50,34,8.695,3.067,3.107,4,6,9,19,0.3214,151.84,chain1_E_chain2_F,1,0,0,3,1,3,0,0,0,0,9,16,2,0,1,1,1,1,1,0,0,pass_conserved_motif,0.67899,0,
backbone_long,RAPCID_backbone_rapcid_backbone_62_model_1.cif.gz,/scratch/a2149a01/RAPCID_2610_output/backbone_long/RAPCID_backbone_rapcid_backbone_62_model_1.cif.gz,A,B,50,34,9.53,3.07,3.072,5,5,16,21,0.4324,156.09,chain1_E_chain2_F,2,0,0,3,2,3,1,0,0,0,10,15,1,0,1,1,1,1,1,0,0,pass_conserved_motif,0.7947,0,
backbone_long,RAPCID_backbone_rapcid_backbone_62_model_2.cif.gz,/scratch/a2149a01/RAPCID_2610_output/backbone_long/RAPCID_backbone_rapcid_backbone_62_model_2.cif.gz,A,B,50,34,9.648,3.16,3.407,3,6,10,19,0.3448,160.23,chain1_E_chain2_F,2,0,0,3,2,3,0,0,0,0,12,16,2,0,1,1,1,1,1,0,0,pass_conserved_motif,0.7367,0,
backbone_long,RAPCID_backbone_rapcid_backbone_62_model_3.cif.gz,/scratch/a2149a01/RAPCID_2610_output/backbone_long/RAPCID_backbone_rapcid_backbone_62_model_3.cif.gz,A,B,50,34,10.925,3.198,3.694,3,6,6,15,0.2857,160.81,chain1_E_chain2_F,1,0,0,3,1,3,0,0,0,0,9,15,1,0,1,1,1,1,1,0,0,pass_conserved_motif,0.68253,0,
backbone_long,RAPCID_backbone_rapcid_backbone_62_model_4.cif.gz,/scratch/a2149a01/RAPCID_2610_output/backbone_long/RAPCID_backbone_rapcid_backbone_62_model_4.cif.gz,A,B,50,34,3.158,2.958,3.448,3,5,6,18,0.25,165.3,chain1_E_chain2_F,1,0,0,3,1,3,0,2,0,0,10,16,2,0,1,1,1,1,1,0,0,pass_conserved_motif,0.66328,0,
backbone_long,RAPCID_backbone_rapcid_backbone_62_model_5.cif.gz,/scratch/a2149a01/RAPCID_2610_output/backbone_long/RAPCID_backbone_rapcid_backbone_62_model_5.cif.gz,A,B,50,34,9.372,3.092,2.962,3,5,5,19,0.2083,172.06,chain1_E_chain2_F,0,0,0,3,0,3,0,0,0,0,8,16,1,0,1,1,1,1,1,0,0,pass_conserved_motif,0.58552,0,
backbone_long,RAPCID_backbone_rapcid_backbone_62_model_6.cif.gz,/scratch/a2149a01/RAPCID_2610_output/backbone_long/RAPCID_backbone_rapcid_backbone_62_model_6.cif.gz,A,B,50,34,12.599,3.481,3.522,2,5,4,13,0.2353,156.29,chain1_E_chain2_F,1,0,0,3,1,3,0,0,0,0,8,14,1,0,1,1,1,1,1,0,0,pass_conserved_motif,0.65936,0,
backbone_long,RAPCID_backbone_rapcid_backbone_62_model_7.cif.gz,/scratch/a2149a01/RAPCID_2610_output/backbone_long/RAPCID_backbone_rapcid_backbone_62_model_7.cif.gz,A,B,50,34,10.172,2.529,3.472,4,5,8,15,0.3478,163.57,chain1_E_chain2_F,1,0,0,3,1,3,0,0,0,0,11,15,2,0,1,1,1,1,1,0,0,pass_conserved_motif,0.69817,0,
backbone_long,RAPCID_backbone_rapcid_backbone_63_model_0.cif.gz,/scratch/a2149a01/RAPCID_2610_output/backbone_long/RAPCID_backbone_rapcid_backbone_63_model_0.cif.gz,A,B,53,32,9.919,2.834,3.225,3,4,9,13,0.4091,136.36,chain1_E_chain2_F,1,0,0,3,1,3,0,0,0,0,11,8,1,1,1,1,1,1,1,1,1,,0.66246,1,338
backbone_long,RAPCID_backbone_rapcid_backbone_63_model_1.cif.gz,/scratch/a2149a01/RAPCID_2610_output/backbone_long/RAPCID_backbone_rapcid_backbone_63_model_1.cif.gz,A,B,53,32,11.584,2.551,3.297,3,5,13,14,0.4815,162.17,chain1_E_chain2_F,3,0,0,3,3,3,1,0,0,0,9,16,1,0,1,1,1,1,1,0,0,pass_conserved_motif,0.84202,0,
backbone_long,RAPCID_backbone_rapcid_backbone_63_model_2.cif.gz,/scratch/a2149a01/RAPCID_2610_output/backbone_long/RAPCID_backbone_rapcid_backbone_63_model_2.cif.gz,A,B,53,32,9.643,2.967,3.399,2,6,3,17,0.15,158.04,chain1_E_chain2_F,0,0,0,3,0,3,0,0,0,0,7,15,1,0,1,0,1,1,1,0,0,pass_dual_rap_contact;pass_conserved_motif,0.60251,0,
backbone_long,RAPCID_backbone_rapcid_backbone_63_model_3.cif.gz,/scratch/a2149a01/RAPCID_2610_output/backbone_long/RAPCID_backbone_rapcid_backbone_63_model_3.cif.gz,A,B,53,32,7.834,2.983,3.569,4,5,12,17,0.4138,151.56,chain1_E_chain2_F,1,0,0,3,1,3,0,0,0,0,11,14,2,0,1,1,1,1,1,0,0,pass_conserved_motif,0.71499,0,
backbone_long,RAPCID_backbone_rapcid_backbone_63_model_4.cif.gz,/scratch/a2149a01/RAPCID_2610_output/backbone_long/RAPCID_backbone_rapcid_backbone_63_model_4.cif.gz,A,B,53,32,9.327,2.93,3.139,5,5,17,18,0.4857,152.78,chain1_E_chain2_F,2,0,0,3,2,3,0,0,0,0,11,16,1,0,1,1,1,1,1,0,0,pass_conserved_motif,0.77643,0,
backbone_long,RAPCID_backbone_rapcid_backbone_63_model_5.cif.gz,/scratch/a2149a01/RAPCID_2610_output/backbone_long/RAPCID_backbone_rapcid_backbone_63_model_5.cif.gz,A,B,53,32,3.569,3.07,3.044,4,5,9,18,0.3333,164.73,chain1_E_chain2_F,1,0,0,3,1,3,0,1,0,0,9,15,1,0,1,1,1,1,1,0,0,pass_conserved_motif,0.6935,0,
backbone_long,RAPCID_backbone_rapcid_backbone_63_model_6.cif.gz,/scratch/a2149a01/RAPCID_2610_output/backbone_long/RAPCID_backbone_rapcid_backbone_63_model_6.cif.gz,A,B,53,32,12.321,2.554,3.511,1,5,3,19,0.1364,159.26,chain1_E_chain2_F,1,0,0,3,1,3,0,0,0,0,8,15,1,1,1,0,1,1,1,1,0,pass_dual_rap_contact,0.62796,0,
backbone_long,RAPCID_backbone_rapcid_backbone_63_model_7.cif.gz,/scratch/a2149a01/RAPCID_2610_output/backbone_long/RAPCID_backbone_rapcid_backbone_63_model_7.cif.gz,A,B,53,32,10.121,3.085,2.844,5,7,13,21,0.3824,162.44,chain1_E_chain2_F,1,0,0,3,1,3,0,0,0,0,11,16,2,0,1,1,1,1,1,0,0,pass_conserved_motif,0.71578,0,
backbone_long,RAPCID_backbone_rapcid_backbone_64_model_0.cif.gz,/scratch/a2149a01/RAPCID_2610_output/backbone_long/RAPCID_backbone_rapcid_backbone_64_model_0.cif.gz,A,B,34,34,2.482,3.014,3.624,6,5,21,12,0.6364,126.24,chain1_E_chain2_F,1,0,0,3,1,3,0,8,1,0,10,14,1,0,1,1,1,1,1,0,0,pass_conserved_motif,0.66722,0,
backbone_long,RAPCID_backbone_rapcid_backbone_64_model_1.cif.gz,/scratch/a2149a01/RAPCID_2610_output/backbone_long/RAPCID_backbone_rapcid_backbone_64_model_1.cif.gz,A,B,34,34,12.143,3.421,3.083,3,6,10,15,0.4,169.45,chain1_E_chain2_F,1,0,0,3,1,3,0,0,0,0,8,15,1,0,1,1,1,1,1,0,0,pass_conserved_motif,0.69944,0,
backbone_long,RAPCID_backbone_rapcid_backbone_64_model_2.cif.gz,/scratch/a2149a01/RAPCID_2610_output/backbone_long/RAPCID_backbone_rapcid_backbone_64_model_2.cif.gz,A,B,34,34,11.22,3.111,3.185,3,5,6,22,0.2143,154.04,chain1_E_chain2_F,2,0,0,3,2,3,0,0,0,0,9,16,1,1,1,1,1,1,1,1,1,,0.67205,1,303
backbone_long,RAPCID_backbone_rapcid_backbone_64_model_3.cif.gz,/scratch/a2149a01/RAPCID_2610_output/backbone_long/RAPCID_backbone_rapcid_backbone_64_model_3.cif.gz,A,B,34,34,3.016,2.909,3.152,5,5,13,16,0.4483,139.19,chain1_E_chain2_F,1,0,0,3,1,3,0,1,0,0,10,15,1,0,1,1,1,1,1,0,0,pass_conserved_motif,0.69256,0,
backbone_long,RAPCID_backbone_rapcid_backbone_64_model_4.cif.gz,/scratch/a2149a01/RAPCID_2610_output/backbone_long/RAPCID_backbone_rapcid_backbone_64_model_4.cif.gz,A,B,34,34,3.688,2.523,3.432,7,4,20,12,0.625,124.49,chain1_E_chain2_F,1,0,0,2,1,2,0,1,0,0,11,15,2,0,1,1,1,1,1,0,0,pass_conserved_motif,0.58568,0,
backbone_long,RAPCID_backbone_rapcid_backbone_64_model_5.cif.gz,/scratch/a2149a01/RAPCID_2610_output/backbone_long/RAPCID_backbone_rapcid_backbone_64_model_5.cif.gz,A,B,34,34,3.429,2.591,3.588,7,6,18,15,0.5455,133.23,chain1_E_chain2_F,1,0,0,3,1,3,0,3,0,0,14,14,1,0,1,1,1,1,1,0,0,pass_conserved_motif,0.68521,0,
backbone_long,RAPCID_backbone_rapcid_backbone_64_model_6.cif.gz,/scratch/a2149a01/RAPCID_2610_output/backbone_long/RAPCID_backbone_rapcid_backbone_64_model_6.cif.gz,A,B,34,34,3.444,2.864,3.259,7,5,17,12,0.5862,120.35,chain1_E_chain2_F,1,0,0,3,1,3,0,2,0,0,11,14,1,1,1,1,1,1,1,1,1,,0.62097,1,464
backbone_long,RAPCID_backbone_rapcid_backbone_64_model_7.cif.gz,/scratch/a2149a01/RAPCID_2610_output/backbone_long/RAPCID_backbone_rapcid_backbone_64_model_7.cif.gz,A,B,34,34,3.558,3.012,3.16,7,5,13,23,0.3611,145.45,chain1_E_chain2_F,1,0,0,3,1,3,0,2,0,0,11,16,1,1,1,1,1,1,1,1,1,,0.68357,1,258
backbone_long,RAPCID_backbone_rapcid_backbone_65_model_0.cif.gz,/scratch/a2149a01/RAPCID_2610_output/backbone_long/RAPCID_backbone_rapcid_backbone_65_model_0.cif.gz,B,A,48,45,2.796,3.416,2.785,6,5,11,9,0.55,114.72,chain1_F_chain2_E,1,1,1,0,1,1,0,9,0,0,10,9,0,1,1,1,1,1,1,0,0,pass_conserved_motif,0.58456,0,
backbone_long,RAPCID_backbone_rapcid_backbone_65_model_1.cif.gz,/scratch/a2149a01/RAPCID_2610_output/backbone_long/RAPCID_backbone_rapcid_backbone_65_model_1.cif.gz,B,A,48,45,3.283,2.372,2.903,4,5,14,14,0.5,118.95,chain1_F_chain2_E,1,2,1,0,2,1,0,15,1,1,8,11,1,1,1,1,1,1,1,1,1,,0.65055,1,379
backbone_long,RAPCID_backbone_rapcid_backbone_65_model_2.cif.gz,/scratch/a2149a01/RAPCID_2610_output/backbone_long/RAPCID_backbone_rapcid_backbone_65_model_2.cif.gz,B,A,48,45,3.36,3.23,2.756,6,5,11,15,0.4231,137.01,chain1_F_chain2_E,1,3,2,0,3,2,0,3,0,0,12,10,0,1,1,1,1,1,1,0,0,pass_conserved_motif,0.71378,0,
backbone_long,RAPCID_backbone_rapcid_backbone_65_model_3.cif.gz,/scratch/a2149a01/RAPCID_2610_output/backbone_long/RAPCID_backbone_rapcid_backbone_65_model_3.cif.gz,B,A,48,45,3.08,2.889,2.809,5,5,19,12,0.6129,117.37,chain1_F_chain2_E,0,2,1,0,2,1,0,5,1,1,8,10,0,2,1,1,1,1,1,0,0,pass_conserved_motif,0.62014,0,
backbone_long,RAPCID_backbone_rapcid_backbone_65_model_4.cif.gz,/scratch/a2149a01/RAPCID_2610_output/backbone_long/RAPCID_backbone_rapcid_backbone_65_model_4.cif.gz,B,A,48,45,2.887,2.67,2.831,4,4,10,13,0.4348,115.74,chain1_F_chain2_E,0,2,1,0,2,1,0,18,0,0,7,10,0,2,1,1,1,1,1,0,0,pass_conserved_motif,0.56543,0,
backbone_long,RAPCID_backbone_rapcid_backbone_65_model_5.cif.gz,/scratch/a2149a01/RAPCID_2610_output/backbone_long/RAPCID_backbone_rapcid_backbone_65_model_5.cif.gz,B,A,48,45,2.931,3.174,2.759,3,4,10,21,0.3226,123.06,chain1_F_chain2_E,1,2,2,0,2,2,1,14,0,1,10,9,0,1,1,1,1,1,1,0,0,pass_conserved_motif,0.63876,0,
backbone_long,RAPCID_backbone_rapcid_backbone_65_model_6.cif.gz,/scratch/a2149a01/RAPCID_2610_output/backbone_long/RAPCID_backbone_rapcid_backbone_65_model_6.cif.gz,B,A,48,45,3.24,3.223,2.677,6,4,12,12,0.5,151.02,chain1_F_chain2_E,0,3,2,0,3,2,1,7,0,0,14,10,0,1,1,1,1,1,1,0,0,pass_conserved_motif,0.83983,0,
backbone_long,RAPCID_backbone_rapcid_backbone_65_model_7.cif.gz,/scratch/a2149a01/RAPCID_2610_output/backbone_long/RAPCID_backbone_rapcid_backbone_65_model_7.cif.gz,B,A,48,45,3.249,3.663,2.514,5,4,11,9,0.55,125.91,chain1_F_chain2_E,0,3,1,0,3,1,0,16,0,0,13,9,0,1,1,1,1,1,1,0,0,pass_conserved_motif,0.64397,0,
backbone_long,RAPCID_backbone_rapcid_backbone_66_model_0.cif.gz,/scratch/a2149a01/RAPCID_2610_output/backbone_long/RAPCID_backbone_rapcid_backbone_66_model_0.cif.gz,B,A,48,33,3.666,3.52,3.004,5,6,14,17,0.4516,112.52,chain1_F_chain2_E,0,3,2,1,3,2,1,1,0,0,15,8,1,1,1,1,1,1,1,1,1,,0.66214,1,339
backbone_long,RAPCID_backbone_rapcid_backbone_66_model_1.cif.gz,/scratch/a2149a01/RAPCID_2610_output/backbone_long/RAPCID_backbone_rapcid_backbone_66_model_1.cif.gz,B,A,48,33,7.252,3.157,2.89,7,3,21,8,0.7241,156.89,chain1_F_chain2_E,0,3,1,0,3,1,0,0,0,0,16,9,0,2,1,1,1,1,1,0,0,pass_conserved_motif,0.67759,0,
backbone_long,RAPCID_backbone_rapcid_backbone_66_model_2.cif.gz,/scratch/a2149a01/RAPCID_2610_output/backbone_long/RAPCID_backbone_rapcid_backbone_66_model_2.cif.gz,B,A,48,33,3.663,3.203,2.963,4,3,11,5,0.6875,141.59,chain1_F_chain2_E,0,2,1,0,2,1,0,1,0,0,9,8,0,1,1,1,1,1,1,0,0,pass_conserved_motif,0.6177,0,
backbone_long,RAPCID_backbone_rapcid_backbone_66_model_3.cif.gz,/scratch/a2149a01/RAPCID_2610_output/backbone_long/RAPCID_backbone_rapcid_backbone_66_model_3.cif.gz,B,A,48,33,3.614,3.092,2.759,7,5,25,14,0.641,139.56,chain1_F_chain2_E,0,2,2,0,2,2,1,1,0,0,18,12,1,2,1,1,1,1,1,1,1,,0.68665,1,251
backbone_long,RAPCID_backbone_rapcid_backbone_66_model_4.cif.gz,/scratch/a2149a01/RAPCID_2610_output/backbone_long/RAPCID_backbone_rapcid_backbone_66_model_4.cif.gz,B,A,48,33,1.533,3.494,2.761,5,7,14,24,0.3684,132.07,chain1_F_chain2_E,0,3,1,0,3,1,0,4,1,1,15,8,1,1,0,1,1,1,1,1,0,pass_no_clash,0.68523,0,
backbone_long,RAPCID_backbone_rapcid_backbone_66_model_5.cif.gz,/scratch/a2149a01/RAPCID_2610_output/backbone_long/RAPCID_backbone_rapcid_backbone_66_model_5.cif.gz,B,A,48,33,3.247,2.933,2.99,5,4,16,11,0.5926,113.63,chain1_F_chain2_E,1,3,1,0,3,1,0,6,0,1,11,9,0,1,1,1,1,1,1,0,0,pass_conserved_motif,0.63268,0,
backbone_long,RAPCID_backbone_rapcid_backbone_66_model_6.cif.gz,/scratch/a2149a01/RAPCID_2610_output/backbone_long/RAPCID_backbone_rapcid_backbone_66_model_6.cif.gz,B,A,48,33,3.374,3.09,3.175,3,5,13,9,0.5909,129.4,chain1_F_chain2_E,1,2,2,0,2,2,0,7,0,1,11,13,0,1,1,1,1,1,1,0,0,pass_conserved_motif,0.69092,0,
backbone_long,RAPCID_backbone_rapcid_backbone_66_model_7.cif.gz,/scratch/a2149a01/RAPCID_2610_output/backbone_long/RAPCID_backbone_rapcid_backbone_66_model_7.cif.gz,B,A,48,33,7.437,3.748,3.082,6,6,11,13,0.4583,144.9,chain1_F_chain2_E,0,3,1,0,3,1,0,0,0,0,14,11,0,1,1,1,1,1,1,0,0,pass_conserved_motif,0.71062,0,
backbone_long,RAPCID_backbone_rapcid_backbone_67_model_0.cif.gz,/scratch/a2149a01/RAPCID_2610_output/backbone_long/RAPCID_backbone_rapcid_backbone_67_model_0.cif.gz,B,A,53,33,3.441,2.987,2.786,4,3,6,7,0.4615,138.4,chain1_F_chain2_E,0,3,1,0,3,1,0,2,0,0,14,8,0,1,1,1,1,1,1,0,0,pass_conserved_motif,0.70024,0,
backbone_long,RAPCID_backbone_rapcid_backbone_67_model_1.cif.gz,/scratch/a2149a01/RAPCID_2610_output/backbone_long/RAPCID_backbone_rapcid_backbone_67_model_1.cif.gz,B,A,53,33,7.27,3.05,2.709,5,4,15,11,0.5769,138.21,chain1_F_chain2_E,0,3,1,0,3,1,0,0,0,0,11,12,1,1,1,1,1,1,1,1,1,,0.67421,1,290
backbone_long,RAPCID_backbone_rapcid_backbone_67_model_2.cif.gz,/scratch/a2149a01/RAPCID_2610_output/backbone_long/RAPCID_backbone_rapcid_backbone_67_model_2.cif.gz,B,A,53,33,3.208,2.653,2.52,5,5,17,14,0.5484,120.52,chain1_F_chain2_E,1,3,1,0,3,1,0,8,0,1,11,14,0,1,1,1,1,1,1,0,0,pass_conserved_motif,0.68334,0,
backbone_long,RAPCID_backbone_rapcid_backbone_67_model_3.cif.gz,/scratch/a2149a01/RAPCID_2610_output/backbone_long/RAPCID_backbone_rapcid_backbone_67_model_3.cif.gz,B,A,53,33,3.065,2.41,2.357,5,6,13,20,0.3939,97.78,chain1_F_chain2_E,0,2,1,0,2,1,0,2,0,1,9,10,0,1,1,1,1,1,1,0,0,pass_conserved_motif,0.52588,0,
backbone_long,RAPCID_backbone_rapcid_backbone_67_model_4.cif.gz,/scratch/a2149a01/RAPCID_2610_output/backbone_long/RAPCID_backbone_rapcid_backbone_67_model_4.cif.gz,B,A,53,33,2.858,2.726,2.801,5,3,13,11,0.5417,122.81,chain1_F_chain2_E,0,2,1,0,2,1,0,11,0,0,10,10,1,1,1,1,1,1,1,1,1,,0.63342,1,422
backbone_long,RAPCID_backbone_rapcid_backbone_67_model_5.cif.gz,/scratch/a2149a01/RAPCID_2610_output/backbone_long/RAPCID_backbone_rapcid_backbone_67_model_5.cif.gz,B,A,53,33,2.641,3.211,3.091,7,3,17,7,0.7083,121.49,chain1_F_chain2_E,1,3,1,0,3,1,0,11,1,1,13,10,0,1,1,1,1,1,1,0,0,pass_conserved_motif,0.62424,0,
backbone_long,RAPCID_backbone_rapcid_backbone_67_model_6.cif.gz,/scratch/a2149a01/RAPCID_2610_output/backbone_long/RAPCID_backbone_rapcid_backbone_67_model_6.cif.gz,B,A,53,33,3.132,2.508,2.83,6,4,17,18,0.4857,104.66,chain1_F_chain2_E,1,2,1,0,2,1,0,4,1,1,10,10,0,2,1,1,1,1,1,0,0,pass_conserved_motif,0.6122,0,
backbone_long,RAPCID_backbone_rapcid_backbone_67_model_7.cif.gz,/scratch/a2149a01/RAPCID_2610_output/backbone_long/RAPCID_backbone_rapcid_backbone_67_model_7.cif.gz,B,A,53,33,6.737,2.843,2.684,4,3,13,14,0.4815,137.16,chain1_F_chain2_E,0,2,2,0,2,2,1,0,0,0,9,12,0,1,1,1,1,1,1,0,0,pass_conserved_motif,0.72264,0,
backbone_long,RAPCID_backbone_rapcid_backbone_68_model_0.cif.gz,/scratch/a2149a01/RAPCID_2610_output/backbone_long/RAPCID_backbone_rapcid_backbone_68_model_0.cif.gz,A,B,46,46,2.546,3.06,3.211,3,4,5,14,0.2632,131.23,chain1_E_chain2_F,1,0,0,2,1,2,0,23,0,0,9,10,2,0,1,1,1,1,1,0,0,pass_conserved_motif,0.5234,0,
backbone_long,RAPCID_backbone_rapcid_backbone_68_model_1.cif.gz,/scratch/a2149a01/RAPCID_2610_output/backbone_long/RAPCID_backbone_rapcid_backbone_68_model_1.cif.gz,A,B,46,46,3.306,3.141,3.567,5,5,14,8,0.6364,107.08,chain1_E_chain2_F,1,0,0,2,1,2,0,9,2,0,9,9,1,1,1,1,1,1,1,1,1,,0.58645,1,532
backbone_long,RAPCID_backbone_rapcid_backbone_68_model_2.cif.gz,/scratch/a2149a01/RAPCID_2610_output/backbone_long/RAPCID_backbone_rapcid_backbone_68_model_2.cif.gz,A,B,46,46,2.857,2.884,3.557,4,5,16,16,0.5,118.8,chain1_E_chain2_F,1,0,0,3,1,3,0,10,1,1,9,16,1,0,1,1,1,1,1,0,0,pass_conserved_motif,0.70362,0,
backbone_long,RAPCID_backbone_rapcid_backbone_68_model_3.cif.gz,/scratch/a2149a01/RAPCID_2610_output/backbone_long/RAPCID_backbone_rapcid_backbone_68_model_3.cif.gz,A,B,46,46,2.845,3.103,3.237,3,5,6,11,0.3529,137.83,chain1_E_chain2_F,1,0,0,2,1,2,0,3,0,0,8,10,1,0,1,1,1,1,1,0,0,pass_conserved_motif,0.63133,0,
backbone_long,RAPCID_backbone_rapcid_backbone_68_model_4.cif.gz,/scratch/a2149a01/RAPCID_2610_output/backbone_long/RAPCID_backbone_rapcid_backbone_68_model_4.cif.gz,A,B,46,46,1.749,2.954,2.725,3,5,7,15,0.3182,125.97,chain1_E_chain2_F,1,0,1,2,1,2,0,12,0,1,10,11,1,0,0,1,1,1,1,0,0,pass_no_clash;pass_conserved_motif,0.59957,0,
backbone_long,RAPCID_backbone_rapcid_backbone_68_model_5.cif.gz,/scratch/a2149a01/RAPCID_2610_output/backbone_long/RAPCID_backbone_rapcid_backbone_68_model_5.cif.gz,A,B,46,46,3.315,2.838,3.385,3,5,15,14,0.5172,106.33,chain1_E_chain2_F,1,0,0,2,1,2,0,17,1,1,10,8,2,1,1,1,1,1,1,1,1,,0.59159,1,521
backbone_long,RAPCID_backbone_rapcid_backbone_68_model_6.cif.gz,/scratch/a2149a01/RAPCID_2610_output/backbone_long/RAPCID_backbone_rapcid_backbone_68_model_6.cif.gz,A,B,46,46,2.268,2.676,3.135,5,4,15,11,0.5769,98.45,chain1_E_chain2_F,1,0,1,2,1,2,0,28,0,1,9,9,2,0,1,1,1,1,1,0,0,pass_conserved_motif,0.46976,0,
backbone_long,RAPCID_backbone_rapcid_backbone_68_model_7.cif.gz,/scratch/a2149a01/RAPCID_2610_output/backbone_long/RAPCID_backbone_rapcid_backbone_68_model_7.cif.gz,A,B,46,46,6.409,2.207,3.213,3,5,12,12,0.5,150.62,chain1_E_chain2_F,2,0,0,3,2,3,0,0,0,0,9,16,2,0,1,1,1,1,1,0,0,pass_conserved_motif,0.77492,0,
backbone_long,RAPCID_backbone_rapcid_backbone_69_model_0.cif.gz,/scratch/a2149a01/RAPCID_2610_output/backbone_long/RAPCID_backbone_rapcid_backbone_69_model_0.cif.gz,A,B,29,23,2.981,2.672,3.043,7,5,19,21,0.475,122.57,chain1_E_chain2_F,2,0,0,3,2,3,0,2,1,0,10,16,1,0,1,1,1,1,1,0,0,pass_conserved_motif,0.69809,0,
backbone_long,RAPCID_backbone_rapcid_backbone_69_model_1.cif.gz,/scratch/a2149a01/RAPCID_2610_output/backbone_long/RAPCID_backbone_rapcid_backbone_69_model_1.cif.gz,A,B,29,23,7.601,2.273,3.086,7,5,17,18,0.4857,164.75,chain1_E_chain2_F,2,0,0,3,2,3,0,0,0,0,10,16,1,0,1,1,1,1,1,0,0,pass_conserved_motif,0.77798,0,
backbone_long,RAPCID_backbone_rapcid_backbone_69_model_2.cif.gz,/scratch/a2149a01/RAPCID_2610_output/backbone_long/RAPCID_backbone_rapcid_backbone_69_model_2.cif.gz,A,B,29,23,5.206,2.726,3.463,6,6,16,19,0.4571,143.05,chain1_E_chain2_F,1,0,0,3,1,3,0,0,0,0,13,16,1,0,1,1,1,1,1,0,0,pass_conserved_motif,0.70398,0,
backbone_long,RAPCID_backbone_rapcid_backbone_69_model_3.cif.gz,/scratch/a2149a01/RAPCID_2610_output/backbone_long/RAPCID_backbone_rapcid_backbone_69_model_3.cif.gz,A,B,29,23,3.306,2.646,3.319,8,6,19,19,0.5,131.11,chain1_E_chain2_F,1,0,0,3,1,3,0,5,1,1,10,15,1,1,1,1,1,1,1,1,1,,0.73966,1,86
backbone_long,RAPCID_backbone_rapcid_backbone_69_model_4.cif.gz,/scratch/a2149a01/RAPCID_2610_output/backbone_long/RAPCID_backbone_rapcid_backbone_69_model_4.cif.gz,A,B,29,23,5.368,2.872,3.334,4,6,10,18,0.3571,156.21,chain1_E_chain2_F,1,0,0,3,1,3,0,0,0,0,14,16,1,0,1,1,1,1,1,0,0,pass_conserved_motif,0.70784,0,
backbone_long,RAPCID_backbone_rapcid_backbone_69_model_5.cif.gz,/scratch/a2149a01/RAPCID_2610_output/backbone_long/RAPCID_backbone_rapcid_backbone_69_model_5.cif.gz,A,B,29,23,3.391,2.274,3.45,8,5,20,17,0.5405,144.27,chain1_E_chain2_F,1,0,0,3,1,3,0,1,0,0,12,16,1,0,1,1,1,1,1,0,0,pass_conserved_motif,0.71396,0,
backbone_long,RAPCID_backbone_rapcid_backbone_69_model_6.cif.gz,/scratch/a2149a01/RAPCID_2610_output/backbone_long/RAPCID_backbone_rapcid_backbone_69_model_6.cif.gz,A,B,29,23,9.771,2.956,3.267,5,5,9,23,0.2812,166.11,chain1_E_chain2_F,1,0,0,3,1,3,0,0,0,0,10,16,1,0,1,1,1,1,1,0,0,pass_conserved_motif,0.66307,0,
backbone_long,RAPCID_backbone_rapcid_backbone_69_model_7.cif.gz,/scratch/a2149a01/RAPCID_2610_output/backbone_long/RAPCID_backbone_rapcid_backbone_69_model_7.cif.gz,A,B,29,23,8.264,3.038,3.253,3,5,9,19,0.3214,149.95,chain1_E_chain2_F,1,0,0,3,1,3,0,0,0,0,9,15,1,0,1,1,1,1,1,0,0,pass_conserved_motif,0.67269,0,
backbone_long,RAPCID_backbone_rapcid_backbone_6_model_0.cif.gz,/scratch/a2149a01/RAPCID_2610_output/backbone_long/RAPCID_backbone_rapcid_backbone_6_model_0.cif.gz,A,B,43,43,6.615,3.041,3.254,7,5,14,17,0.4516,155.69,chain1_E_chain2_F,1,0,0,3,1,3,0,0,0,0,10,16,1,0,1,1,1,1,1,0,0,pass_conserved_motif,0.74391,0,
backbone_long,RAPCID_backbone_rapcid_backbone_6_model_1.cif.gz,/scratch/a2149a01/RAPCID_2610_output/backbone_long/RAPCID_backbone_rapcid_backbone_6_model_1.cif.gz,A,B,43,43,3.089,3.116,3.58,9,5,25,17,0.5952,126.25,chain1_E_chain2_F,1,0,0,3,1,3,0,3,1,1,11,14,1,0,1,1,1,1,1,0,0,pass_conserved_motif,0.67534,0,
backbone_long,RAPCID_backbone_rapcid_backbone_6_model_2.cif.gz,/scratch/a2149a01/RAPCID_2610_output/backbone_long/RAPCID_backbone_rapcid_backbone_6_model_2.cif.gz,A,B,43,43,4.409,3.038,3.819,5,5,16,9,0.64,159.38,chain1_E_chain2_F,2,0,0,3,2,3,1,0,0,0,11,15,1,0,1,1,1,1,1,0,0,pass_conserved_motif,0.77415,0,
backbone_long,RAPCID_backbone_rapcid_backbone_6_model_3.cif.gz,/scratch/a2149a01/RAPCID_2610_output/backbone_long/RAPCID_backbone_rapcid_backbone_6_model_3.cif.gz,A,B,43,43,3.263,1.916,3.605,7,5,22,12,0.6471,143.32,chain1_E_chain2_F,1,0,0,3,1,3,0,2,0,0,13,14,1,0,0,1,1,1,1,0,0,pass_no_clash;pass_conserved_motif,0.67321,0,
backbone_long,RAPCID_backbone_rapcid_backbone_6_model_4.cif.gz,/scratch/a2149a01/RAPCID_2610_output/backbone_long/RAPCID_backbone_rapcid_backbone_6_model_4.cif.gz,A,B,43,43,8.908,3.17,3.386,3,5,11,19,0.3667,158.32,chain1_E_chain2_F,2,0,0,3,2,3,0,0,0,0,9,16,1,0,1,1,1,1,1,0,0,pass_conserved_motif,0.74726,0,
backbone_long,RAPCID_backbone_rapcid_backbone_6_model_5.cif.gz,/scratch/a2149a01/RAPCID_2610_output/backbone_long/RAPCID_backbone_rapcid_backbone_6_model_5.cif.gz,A,B,43,43,1.87,2.897,3.169,4,6,10,25,0.2857,154.0,chain1_E_chain2_F,1,0,0,3,1,3,0,3,0,0,10,16,1,0,0,1,1,1,1,0,0,pass_no_clash;pass_conserved_motif,0.68691,0,
backbone_long,RAPCID_backbone_rapcid_backbone_6_model_6.cif.gz,/scratch/a2149a01/RAPCID_2610_output/backbone_long/RAPCID_backbone_rapcid_backbone_6_model_6.cif.gz,A,B,43,43,3.762,1.845,3.775,8,5,19,8,0.7037,123.55,chain1_E_chain2_F,1,0,0,3,1,3,0,1,0,0,13,14,1,0,0,1,1,1,1,0,0,pass_no_clash;pass_conserved_motif,0.57962,0,
backbone_long,RAPCID_backbone_rapcid_backbone_6_model_7.cif.gz,/scratch/a2149a01/RAPCID_2610_output/backbone_long/RAPCID_backbone_rapcid_backbone_6_model_7.cif.gz,A,B,43,43,8.332,2.933,3.529,4,5,15,15,0.5,162.16,chain1_E_chain2_F,2,0,0,3,2,3,0,0,0,0,10,15,1,0,1,1,1,1,1,0,0,pass_conserved_motif,0.79234,0,
backbone_long,RAPCID_backbone_rapcid_backbone_70_model_0.cif.gz,/scratch/a2149a01/RAPCID_2610_output/backbone_long/RAPCID_backbone_rapcid_backbone_70_model_0.cif.gz,A,B,26,26,8.31,2.75,3.282,5,6,16,19,0.4571,157.47,chain1_E_chain2_F,2,0,0,3,2,3,0,0,0,0,11,14,1,0,1,1,1,1,1,0,0,pass_conserved_motif,0.78062,0,
backbone_long,RAPCID_backbone_rapcid_backbone_70_model_1.cif.gz,/scratch/a2149a01/RAPCID_2610_output/backbone_long/RAPCID_backbone_rapcid_backbone_70_model_1.cif.gz,A,B,26,26,8.905,2.981,3.398,5,5,15,16,0.4839,146.04,chain1_E_chain2_F,2,0,0,3,2,3,0,0,0,0,11,16,2,0,1,1,1,1,1,0,0,pass_conserved_motif,0.7532,0,
backbone_long,RAPCID_backbone_rapcid_backbone_70_model_2.cif.gz,/scratch/a2149a01/RAPCID_2610_output/backbone_long/RAPCID_backbone_rapcid_backbone_70_model_2.cif.gz,A,B,26,26,5.384,3.629,3.604,1,5,3,18,0.1429,175.07,chain1_E_chain2_F,1,0,0,3,1,3,0,0,0,0,8,15,2,1,1,0,1,1,1,1,0,pass_dual_rap_contact,0.57785,0,
backbone_long,RAPCID_backbone_rapcid_backbone_70_model_3.cif.gz,/scratch/a2149a01/RAPCID_2610_output/backbone_long/RAPCID_backbone_rapcid_backbone_70_model_3.cif.gz,A,B,26,26,6.752,3.051,2.824,5,5,14,14,0.5,142.3,chain1_E_chain2_F,2,0,0,3,2,3,0,0,0,0,10,16,1,0,1,1,1,1,1,0,0,pass_conserved_motif,0.74718,0,
backbone_long,RAPCID_backbone_rapcid_backbone_70_model_4.cif.gz,/scratch/a2149a01/RAPCID_2610_output/backbone_long/RAPCID_backbone_rapcid_backbone_70_model_4.cif.gz,A,B,26,26,3.879,2.353,3.563,5,6,21,18,0.5385,135.54,chain1_E_chain2_F,1,0,0,3,1,3,0,1,1,1,11,16,1,1,1,1,1,1,1,1,1,,0.71904,1,141
backbone_long,RAPCID_backbone_rapcid_backbone_70_model_5.cif.gz,/scratch/a2149a01/RAPCID_2610_output/backbone_long/RAPCID_backbone_rapcid_backbone_70_model_5.cif.gz,A,B,26,26,8.783,2.775,3.415,3,5,8,15,0.3478,159.98,chain1_E_chain2_F,1,0,0,3,1,3,0,0,0,0,10,16,1,0,1,1,1,1,1,0,0,pass_conserved_motif,0.71014,0,
backbone_long,RAPCID_backbone_rapcid_backbone_70_model_6.cif.gz,/scratch/a2149a01/RAPCID_2610_output/backbone_long/RAPCID_backbone_rapcid_backbone_70_model_6.cif.gz,A,B,26,26,12.303,3.093,2.968,2,5,5,19,0.2083,164.15,chain1_E_chain2_F,1,0,0,3,1,3,0,0,0,0,9,16,1,0,1,1,1,1,1,0,0,pass_conserved_motif,0.64046,0,
backbone_long,RAPCID_backbone_rapcid_backbone_70_model_7.cif.gz,/scratch/a2149a01/RAPCID_2610_output/backbone_long/RAPCID_backbone_rapcid_backbone_70_model_7.cif.gz,A,B,26,26,8.797,2.618,2.608,5,8,14,30,0.3182,150.17,chain1_E_chain2_F,1,0,0,3,1,3,0,0,0,0,12,18,3,0,1,1,1,1,1,0,0,pass_conserved_motif,0.67212,0,
backbone_long,RAPCID_backbone_rapcid_backbone_71_model_0.cif.gz,/scratch/a2149a01/RAPCID_2610_output/backbone_long/RAPCID_backbone_rapcid_backbone_71_model_0.cif.gz,B,A,43,37,12.507,3.512,2.486,5,5,12,13,0.48,171.95,chain1_F_chain2_E,0,3,1,0,3,1,0,0,0,0,16,9,0,1,1,1,1,1,1,0,0,pass_conserved_motif,0.72312,0,
backbone_long,RAPCID_backbone_rapcid_backbone_71_model_1.cif.gz,/scratch/a2149a01/RAPCID_2610_output/backbone_long/RAPCID_backbone_rapcid_backbone_71_model_1.cif.gz,B,A,43,37,2.545,3.24,2.883,3,4,10,12,0.4545,123.64,chain1_F_chain2_E,0,2,1,0,2,1,0,6,0,0,13,10,0,1,1,1,1,1,1,0,0,pass_conserved_motif,0.63965,0,
backbone_long,RAPCID_backbone_rapcid_backbone_71_model_2.cif.gz,/scratch/a2149a01/RAPCID_2610_output/backbone_long/RAPCID_backbone_rapcid_backbone_71_model_2.cif.gz,B,A,43,37,2.943,2.678,2.868,6,3,23,7,0.7667,131.58,chain1_F_chain2_E,0,2,1,0,2,1,0,21,1,1,13,7,0,1,1,1,1,1,1,0,0,pass_conserved_motif,0.55597,0,
backbone_long,RAPCID_backbone_rapcid_backbone_71_model_3.cif.gz,/scratch/a2149a01/RAPCID_2610_output/backbone_long/RAPCID_backbone_rapcid_backbone_71_model_3.cif.gz,B,A,43,37,2.824,3.288,2.165,5,10,23,34,0.4035,145.18,chain1_F_chain2_E,0,2,3,0,2,3,1,1,0,0,17,23,1,2,1,1,1,1,1,1,1,,0.75175,1,59
backbone_long,RAPCID_backbone_rapcid_backbone_71_model_4.cif.gz,/scratch/a2149a01/RAPCID_2610_output/backbone_long/RAPCID_backbone_rapcid_backbone_71_model_4.cif.gz,B,A,43,37,2.235,3.206,3.01,7,3,27,10,0.7297,163.95,chain1_F_chain2_E,0,3,1,0,3,1,1,3,0,1,18,8,0,1,1,1,1,1,1,0,0,pass_conserved_motif,0.72613,0,
backbone_long,RAPCID_backbone_rapcid_backbone_71_model_5.cif.gz,/scratch/a2149a01/RAPCID_2610_output/backbone_long/RAPCID_backbone_rapcid_backbone_71_model_5.cif.gz,B,A,43,37,2.878,2.563,3.543,6,3,22,6,0.7857,122.99,chain1_F_chain2_E,1,2,1,0,2,1,0,16,0,0,14,9,1,1,1,1,1,1,1,1,1,,0.51138,1,640
backbone_long,RAPCID_backbone_rapcid_backbone_71_model_6.cif.gz,/scratch/a2149a01/RAPCID_2610_output/backbone_long/RAPCID_backbone_rapcid_backbone_71_model_6.cif.gz,B,A,43,37,3.217,2.89,2.882,3,4,9,8,0.5294,122.79,chain1_F_chain2_E,0,2,1,0,2,1,0,2,0,0,9,10,0,1,1,1,1,1,1,0,0,pass_conserved_motif,0.62325,0,
backbone_long,RAPCID_backbone_rapcid_backbone_71_model_7.cif.gz,/scratch/a2149a01/RAPCID_2610_output/backbone_long/RAPCID_backbone_rapcid_backbone_71_model_7.cif.gz,B,A,43,37,3.136,2.661,2.841,3,4,9,9,0.5,126.29,chain1_F_chain2_E,0,2,1,0,2,1,0,3,0,0,9,10,0,1,1,1,1,1,1,0,0,pass_conserved_motif,0.65168,0,
backbone_long,RAPCID_backbone_rapcid_backbone_72_model_0.cif.gz,/scratch/a2149a01/RAPCID_2610_output/backbone_long/RAPCID_backbone_rapcid_backbone_72_model_0.cif.gz,A,B,53,39,7.517,2.889,3.701,4,5,15,11,0.5769,146.75,chain1_E_chain2_F,1,0,0,3,1,3,0,0,0,0,12,14,2,1,1,1,1,1,1,1,1,,0.70269,1,187
backbone_long,RAPCID_backbone_rapcid_backbone_72_model_1.cif.gz,/scratch/a2149a01/RAPCID_2610_output/backbone_long/RAPCID_backbone_rapcid_backbone_72_model_1.cif.gz,A,B,53,39,5.782,2.845,3.447,4,2,14,9,0.6087,115.89,chain1_E_chain2_F,1,0,0,2,1,2,0,0,0,0,11,10,1,0,1,1,1,1,1,0,0,pass_conserved_motif,0.55854,0,
backbone_long,RAPCID_backbone_rapcid_backbone_72_model_2.cif.gz,/scratch/a2149a01/RAPCID_2610_output/backbone_long/RAPCID_backbone_rapcid_backbone_72_model_2.cif.gz,A,B,53,39,3.114,2.241,3.284,4,5,15,18,0.4545,129.04,chain1_E_chain2_F,1,0,0,2,1,2,1,13,0,0,9,9,1,0,1,1,1,1,1,0,0,pass_conserved_motif,0.67122,0,
backbone_long,RAPCID_backbone_rapcid_backbone_72_model_3.cif.gz,/scratch/a2149a01/RAPCID_2610_output/backbone_long/RAPCID_backbone_rapcid_backbone_72_model_3.cif.gz,A,B,53,39,2.873,2.897,3.112,6,8,13,23,0.3611,177.35,chain1_E_chain2_F,1,0,0,2,1,2,1,5,0,1,11,16,1,0,1,1,1,1,1,0,0,pass_conserved_motif,0.69924,0,
backbone_long,RAPCID_backbone_rapcid_backbone_72_model_4.cif.gz,/scratch/a2149a01/RAPCID_2610_output/backbone_long/RAPCID_backbone_rapcid_backbone_72_model_4.cif.gz,A,B,53,39,3.267,2.721,3.125,3,9,7,20,0.2593,151.45,chain1_E_chain2_F,1,0,1,3,1,3,0,2,0,1,9,17,1,0,1,1,1,1,1,0,0,pass_conserved_motif,0.6795,0,
backbone_long,RAPCID_backbone_rapcid_backbone_72_model_5.cif.gz,/scratch/a2149a01/RAPCID_2610_output/backbone_long/RAPCID_backbone_rapcid_backbone_72_model_5.cif.gz,A,B,53,39,1.652,2.348,3.155,4,7,14,32,0.3043,166.73,chain1_E_chain2_F,1,0,0,3,1,3,1,1,1,0,12,17,2,0,0,1,1,1,1,0,0,pass_no_clash;pass_conserved_motif,0.72051,0,
backbone_long,RAPCID_backbone_rapcid_backbone_72_model_6.cif.gz,/scratch/a2149a01/RAPCID_2610_output/backbone_long/RAPCID_backbone_rapcid_backbone_72_model_6.cif.gz,A,B,53,39,10.732,2.37,3.378,4,8,12,23,0.3429,161.66,chain1_E_chain2_F,1,0,0,3,1,3,0,0,0,0,11,20,1,0,1,1,1,1,1,0,0,pass_conserved_motif,0.70256,0,
backbone_long,RAPCID_backbone_rapcid_backbone_72_model_7.cif.gz,/scratch/a2149a01/RAPCID_2610_output/backbone_long/RAPCID_backbone_rapcid_backbone_72_model_7.cif.gz,A,B,53,39,3.537,2.814,2.33,4,5,15,18,0.4545,112.99,chain1_E_chain2_F,1,0,0,2,1,2,0,1,0,0,10,8,1,0,1,1,1,1,1,0,0,pass_conserved_motif,0.57916,0,
backbone_long,RAPCID_backbone_rapcid_backbone_73_model_0.cif.gz,/scratch/a2149a01/RAPCID_2610_output/backbone_long/RAPCID_backbone_rapcid_backbone_73_model_0.cif.gz,A,B,40,33,11.832,2.664,2.561,3,3,7,13,0.35,166.62,chain1_E_chain2_F,1,0,0,2,1,2,0,0,0,0,7,12,1,0,1,1,1,1,1,0,0,pass_conserved_motif,0.66033,0,
backbone_long,RAPCID_backbone_rapcid_backbone_73_model_1.cif.gz,/scratch/a2149a01/RAPCID_2610_output/backbone_long/RAPCID_backbone_rapcid_backbone_73_model_1.cif.gz,A,B,40,33,2.955,3.018,3.396,4,8,12,23,0.3429,126.71,chain1_E_chain2_F,2,0,1,3,2,3,0,4,0,1,10,15,1,1,1,1,1,1,1,1,1,,0.66902,1,314
backbone_long,RAPCID_backbone_rapcid_backbone_73_model_2.cif.gz,/scratch/a2149a01/RAPCID_2610_output/backbone_long/RAPCID_backbone_rapcid_backbone_73_model_2.cif.gz,A,B,40,33,6.587,3.078,3.528,2,6,8,16,0.3333,138.27,chain1_E_chain2_F,1,0,0,3,1,3,0,0,0,0,9,16,2,0,1,1,1,1,1,0,0,pass_conserved_motif,0.63853,0,
backbone_long,RAPCID_backbone_rapcid_backbone_73_model_3.cif.gz,/scratch/a2149a01/RAPCID_2610_output/backbone_long/RAPCID_backbone_rapcid_backbone_73_model_3.cif.gz,A,B,40,33,3.16,2.856,2.976,4,7,11,23,0.3235,124.55,chain1_E_chain2_F,1,0,1,2,1,2,0,4,0,1,11,18,1,0,1,1,1,1,1,0,0,pass_conserved_motif,0.59695,0,
backbone_long,RAPCID_backbone_rapcid_backbone_73_model_4.cif.gz,/scratch/a2149a01/RAPCID_2610_output/backbone_long/RAPCID_backbone_rapcid_backbone_73_model_4.cif.gz,A,B,40,33,3.358,2.878,3.11,4,5,10,16,0.3846,141.28,chain1_E_chain2_F,1,0,0,3,1,3,0,3,0,0,11,14,1,0,1,1,1,1,1,0,0,pass_conserved_motif,0.68406,0,
backbone_long,RAPCID_backbone_rapcid_backbone_73_model_5.cif.gz,/scratch/a2149a01/RAPCID_2610_output/backbone_long/RAPCID_backbone_rapcid_backbone_73_model_5.cif.gz,A,B,40,33,3.05,2.752,2.835,5,5,15,18,0.4545,112.08,chain1_E_chain2_F,1,0,0,2,1,2,0,8,0,1,10,9,1,0,1,1,1,1,1,0,0,pass_conserved_motif,0.62779,0,
backbone_long,RAPCID_backbone_rapcid_backbone_73_model_6.cif.gz,/scratch/a2149a01/RAPCID_2610_output/backbone_long/RAPCID_backbone_rapcid_backbone_73_model_6.cif.gz,A,B,40,33,8.379,3.097,3.531,4,3,8,5,0.6154,157.82,chain1_E_chain2_F,2,0,0,3,2,3,0,0,0,0,12,13,1,0,1,1,1,1,1,0,0,pass_conserved_motif,0.75278,0,
backbone_long,RAPCID_backbone_rapcid_backbone_73_model_7.cif.gz,/scratch/a2149a01/RAPCID_2610_output/backbone_long/RAPCID_backbone_rapcid_backbone_73_model_7.cif.gz,A,B,40,33,3.132,2.772,3.013,4,11,11,22,0.3333,123.92,chain1_E_chain2_F,1,0,1,3,1,3,0,7,1,2,11,20,1,1,1,1,1,1,1,1,1,,0.67568,1,284
backbone_long,RAPCID_backbone_rapcid_backbone_74_model_0.cif.gz,/scratch/a2149a01/RAPCID_2610_output/backbone_long/RAPCID_backbone_rapcid_backbone_74_model_0.cif.gz,A,B,49,44,2.877,2.633,3.334,10,4,30,12,0.7143,110.08,chain1_E_chain2_F,1,0,0,2,1,2,0,27,1,2,16,7,1,0,1,1,1,1,1,0,0,pass_conserved_motif,0.49193,0,
backbone_long,RAPCID_backbone_rapcid_backbone_74_model_1.cif.gz,/scratch/a2149a01/RAPCID_2610_output/backbone_long/RAPCID_backbone_rapcid_backbone_74_model_1.cif.gz,A,B,49,44,4.554,2.901,3.203,4,6,12,21,0.3636,150.09,chain1_E_chain2_F,2,0,0,3,2,3,0,0,0,0,13,15,1,0,1,1,1,1,1,0,0,pass_conserved_motif,0.7186,0,
backbone_long,RAPCID_backbone_rapcid_backbone_74_model_2.cif.gz,/scratch/a2149a01/RAPCID_2610_output/backbone_long/RAPCID_backbone_rapcid_backbone_74_model_2.cif.gz,A,B,49,44,3.115,2.975,3.104,5,6,12,21,0.3636,163.74,chain1_E_chain2_F,1,0,0,3,1,3,0,9,0,0,12,17,2,0,1,1,1,1,1,0,0,pass_conserved_motif,0.73893,0,
backbone_long,RAPCID_backbone_rapcid_backbone_74_model_3.cif.gz,/scratch/a2149a01/RAPCID_2610_output/backbone_long/RAPCID_backbone_rapcid_backbone_74_model_3.cif.gz,A,B,49,44,6.165,2.802,3.63,4,7,14,15,0.4828,143.93,chain1_E_chain2_F,2,0,0,3,2,3,0,0,0,0,9,16,1,0,1,1,1,1,1,0,0,pass_conserved_motif,0.74572,0,
backbone_long,RAPCID_backbone_rapcid_backbone_74_model_4.cif.gz,/scratch/a2149a01/RAPCID_2610_output/backbone_long/RAPCID_backbone_rapcid_backbone_74_model_4.cif.gz,A,B,49,44,3.84,3.818,2.917,3,6,4,16,0.2,168.69,chain1_E_chain2_F,0,0,0,3,0,3,0,1,0,0,8,17,2,0,1,1,1,1,1,0,0,pass_conserved_motif,0.59843,0,
backbone_long,RAPCID_backbone_rapcid_backbone_74_model_5.cif.gz,/scratch/a2149a01/RAPCID_2610_output/backbone_long/RAPCID_backbone_rapcid_backbone_74_model_5.cif.gz,A,B,49,44,10.281,3.095,2.783,2,5,3,19,0.1364,148.26,chain1_E_chain2_F,1,0,0,3,1,3,0,0,0,0,7,14,1,0,1,0,1,1,1,0,0,pass_dual_rap_contact;pass_conserved_motif,0.59304,0,
backbone_long,RAPCID_backbone_rapcid_backbone_74_model_6.cif.gz,/scratch/a2149a01/RAPCID_2610_output/backbone_long/RAPCID_backbone_rapcid_backbone_74_model_6.cif.gz,A,B,49,44,2.901,2.891,2.901,3,5,15,20,0.4286,160.41,chain1_E_chain2_F,2,0,0,3,2,3,0,9,0,0,13,17,2,0,1,1,1,1,1,0,0,pass_conserved_motif,0.8046,0,
backbone_long,RAPCID_backbone_rapcid_backbone_74_model_7.cif.gz,/scratch/a2149a01/RAPCID_2610_output/backbone_long/RAPCID_backbone_rapcid_backbone_74_model_7.cif.gz,A,B,49,44,3.562,3.383,3.124,3,8,4,31,0.1143,163.43,chain1_E_chain2_F,1,0,0,3,1,3,0,2,0,0,9,17,1,0,1,1,1,1,1,0,0,pass_conserved_motif,0.61522,0,
backbone_long,RAPCID_backbone_rapcid_backbone_75_model_0.cif.gz,/scratch/a2149a01/RAPCID_2610_output/backbone_long/RAPCID_backbone_rapcid_backbone_75_model_0.cif.gz,A,B,56,35,10.09,3.058,3.399,3,5,5,20,0.2,163.25,chain1_E_chain2_F,1,0,0,3,1,3,0,0,0,0,8,16,1,1,1,1,1,1,1,1,1,,0.64012,1,408
backbone_long,RAPCID_backbone_rapcid_backbone_75_model_1.cif.gz,/scratch/a2149a01/RAPCID_2610_output/backbone_long/RAPCID_backbone_rapcid_backbone_75_model_1.cif.gz,A,B,56,35,9.919,3.029,3.653,4,5,9,13,0.4091,152.33,chain1_E_chain2_F,1,0,0,3,1,3,0,0,0,0,12,14,1,0,1,1,1,1,1,0,0,pass_conserved_motif,0.7157,0,
backbone_long,RAPCID_backbone_rapcid_backbone_75_model_2.cif.gz,/scratch/a2149a01/RAPCID_2610_output/backbone_long/RAPCID_backbone_rapcid_backbone_75_model_2.cif.gz,A,B,56,35,3.739,2.923,3.512,4,5,14,16,0.4667,153.03,chain1_E_chain2_F,1,0,0,3,1,3,0,1,0,0,8,15,1,0,1,1,1,1,1,0,0,pass_conserved_motif,0.74604,0,
backbone_long,RAPCID_backbone_rapcid_backbone_75_model_3.cif.gz,/scratch/a2149a01/RAPCID_2610_output/backbone_long/RAPCID_backbone_rapcid_backbone_75_model_3.cif.gz,A,B,56,35,5.057,2.682,3.23,4,6,9,21,0.3,152.5,chain1_E_chain2_F,1,0,0,3,1,3,0,0,0,0,12,16,1,0,1,1,1,1,1,0,0,pass_conserved_motif,0.67263,0,
backbone_long,RAPCID_backbone_rapcid_backbone_75_model_4.cif.gz,/scratch/a2149a01/RAPCID_2610_output/backbone_long/RAPCID_backbone_rapcid_backbone_75_model_4.cif.gz,A,B,56,35,4.027,2.577,3.533,6,5,13,14,0.4815,155.25,chain1_E_chain2_F,1,0,0,3,1,3,0,0,0,0,10,16,1,0,1,1,1,1,1,0,0,pass_conserved_motif,0.75437,0,
backbone_long,RAPCID_backbone_rapcid_backbone_75_model_5.cif.gz,/scratch/a2149a01/RAPCID_2610_output/backbone_long/RAPCID_backbone_rapcid_backbone_75_model_5.cif.gz,A,B,56,35,7.801,3.354,3.42,4,5,15,18,0.4545,139.68,chain1_E_chain2_F,1,0,0,3,1,3,0,0,0,0,11,15,3,0,1,1,1,1,1,0,0,pass_conserved_motif,0.69171,0,
backbone_long,RAPCID_backbone_rapcid_backbone_75_model_6.cif.gz,/scratch/a2149a01/RAPCID_2610_output/backbone_long/RAPCID_backbone_rapcid_backbone_75_model_6.cif.gz,A,B,56,35,2.738,2.342,3.374,5,6,11,16,0.4074,156.41,chain1_E_chain2_F,1,0,0,3,1,3,0,4,0,0,11,15,2,0,1,1,1,1,1,0,0,pass_conserved_motif,0.74862,0,
backbone_long,RAPCID_backbone_rapcid_backbone_75_model_7.cif.gz,/scratch/a2149a01/RAPCID_2610_output/backbone_long/RAPCID_backbone_rapcid_backbone_75_model_7.cif.gz,A,B,56,35,6.748,2.697,2.745,3,7,14,23,0.3784,163.48,chain1_E_chain2_F,2,0,0,3,2,3,0,0,0,0,11,17,4,2,1,1,1,1,1,1,1,,0.73927,1,88
backbone_long,RAPCID_backbone_rapcid_backbone_76_model_0.cif.gz,/scratch/a2149a01/RAPCID_2610_output/backbone_long/RAPCID_backbone_rapcid_backbone_76_model_0.cif.gz,B,A,60,27,3.325,2.756,2.954,6,4,19,9,0.6786,116.52,chain1_F_chain2_E,1,2,1,0,2,1,0,8,0,1,12,10,3,1,1,1,1,1,1,1,1,,0.58935,1,528
backbone_long,RAPCID_backbone_rapcid_backbone_76_model_1.cif.gz,/scratch/a2149a01/RAPCID_2610_output/backbone_long/RAPCID_backbone_rapcid_backbone_76_model_1.cif.gz,B,A,60,27,2.881,3.12,2.617,7,4,19,13,0.5938,113.21,chain1_F_chain2_E,0,3,1,0,3,1,0,9,1,0,14,10,0,1,1,1,1,1,1,0,0,pass_conserved_motif,0.63584,0,
backbone_long,RAPCID_backbone_rapcid_backbone_76_model_2.cif.gz,/scratch/a2149a01/RAPCID_2610_output/backbone_long/RAPCID_backbone_rapcid_backbone_76_model_2.cif.gz,B,A,60,27,3.185,3.705,2.927,5,6,6,15,0.2857,117.02,chain1_F_chain2_E,0,3,1,0,3,1,0,4,0,0,10,9,0,1,1,1,1,1,1,0,0,pass_conserved_motif,0.56863,0,
backbone_long,RAPCID_backbone_rapcid_backbone_76_model_3.cif.gz,/scratch/a2149a01/RAPCID_2610_output/backbone_long/RAPCID_backbone_rapcid_backbone_76_model_3.cif.gz,B,A,60,27,2.692,2.458,2.518,5,6,14,19,0.4242,105.46,chain1_F_chain2_E,0,2,1,0,2,1,0,11,1,1,9,11,0,1,1,1,1,1,1,0,0,pass_conserved_motif,0.59526,0,
backbone_long,RAPCID_backbone_rapcid_backbone_76_model_4.cif.gz,/scratch/a2149a01/RAPCID_2610_output/backbone_long/RAPCID_backbone_rapcid_backbone_76_model_4.cif.gz,B,A,60,27,3.942,2.581,2.643,5,3,19,9,0.6786,130.42,chain1_F_chain2_E,1,2,1,0,2,1,0,1,1,1,10,6,0,1,1,1,1,1,1,0,0,pass_conserved_motif,0.61737,0,
backbone_long,RAPCID_backbone_rapcid_backbone_76_model_5.cif.gz,/scratch/a2149a01/RAPCID_2610_output/backbone_long/RAPCID_backbone_rapcid_backbone_76_model_5.cif.gz,B,A,60,27,3.532,3.286,2.777,6,4,15,11,0.5769,117.71,chain1_F_chain2_E,0,2,1,0,2,1,0,3,0,0,13,11,1,1,1,1,1,1,1,1,1,,0.59232,1,518
backbone_long,RAPCID_backbone_rapcid_backbone_76_model_6.cif.gz,/scratch/a2149a01/RAPCID_2610_output/backbone_long/RAPCID_backbone_rapcid_backbone_76_model_6.cif.gz,B,A,60,27,2.816,3.059,3.443,5,6,11,12,0.4783,113.19,chain1_F_chain2_E,0,2,1,0,2,1,0,8,0,1,13,10,0,1,1,1,1,1,1,0,0,pass_conserved_motif,0.64099,0,
backbone_long,RAPCID_backbone_rapcid_backbone_76_model_7.cif.gz,/scratch/a2149a01/RAPCID_2610_output/backbone_long/RAPCID_backbone_rapcid_backbone_76_model_7.cif.gz,B,A,60,27,3.262,2.885,2.237,6,3,12,8,0.6,145.78,chain1_F_chain2_E,0,3,2,0,3,2,0,2,0,0,11,10,0,1,1,1,1,1,1,0,0,pass_conserved_motif,0.72877,0,
backbone_long,RAPCID_backbone_rapcid_backbone_77_model_0.cif.gz,/scratch/a2149a01/RAPCID_2610_output/backbone_long/RAPCID_backbone_rapcid_backbone_77_model_0.cif.gz,B,A,57,46,2.426,2.854,2.828,5,3,18,11,0.6207,113.35,chain1_F_chain2_E,1,2,2,0,2,2,0,15,1,0,9,17,0,1,1,1,1,1,1,0,0,pass_conserved_motif,0.5955,0,
backbone_long,RAPCID_backbone_rapcid_backbone_77_model_1.cif.gz,/scratch/a2149a01/RAPCID_2610_output/backbone_long/RAPCID_backbone_rapcid_backbone_77_model_1.cif.gz,B,A,57,46,2.967,3.235,3.047,6,4,15,14,0.5172,121.59,chain1_F_chain2_E,0,2,2,0,2,2,0,17,0,0,11,10,0,1,1,1,1,1,1,0,0,pass_conserved_motif,0.63769,0,
backbone_long,RAPCID_backbone_rapcid_backbone_77_model_2.cif.gz,/scratch/a2149a01/RAPCID_2610_output/backbone_long/RAPCID_backbone_rapcid_backbone_77_model_2.cif.gz,B,A,57,46,2.915,3.301,2.619,6,3,8,10,0.4444,134.64,chain1_F_chain2_E,0,3,1,0,3,1,0,11,0,0,11,9,0,1,1,1,1,1,1,0,0,pass_conserved_motif,0.69587,0,
backbone_long,RAPCID_backbone_rapcid_backbone_77_model_3.cif.gz,/scratch/a2149a01/RAPCID_2610_output/backbone_long/RAPCID_backbone_rapcid_backbone_77_model_3.cif.gz,B,A,57,46,2.475,3.053,3.126,5,4,15,11,0.5769,119.94,chain1_F_chain2_E,0,2,1,0,2,1,0,17,1,1,8,9,0,1,1,1,1,1,1,0,0,pass_conserved_motif,0.61309,0,
backbone_long,RAPCID_backbone_rapcid_backbone_77_model_4.cif.gz,/scratch/a2149a01/RAPCID_2610_output/backbone_long/RAPCID_backbone_rapcid_backbone_77_model_4.cif.gz,B,A,57,46,3.308,3.545,2.519,7,4,14,12,0.5385,114.21,chain1_F_chain2_E,0,3,2,0,3,2,0,13,2,1,13,9,0,1,1,1,1,1,1,0,0,pass_conserved_motif,0.70317,0,
backbone_long,RAPCID_backbone_rapcid_backbone_77_model_5.cif.gz,/scratch/a2149a01/RAPCID_2610_output/backbone_long/RAPCID_backbone_rapcid_backbone_77_model_5.cif.gz,B,A,57,46,3.217,3.642,2.18,6,5,11,17,0.3929,123.36,chain1_F_chain2_E,0,3,1,0,3,1,0,7,0,0,13,10,1,1,1,1,1,1,1,1,1,,0.64763,1,386
backbone_long,RAPCID_backbone_rapcid_backbone_77_model_6.cif.gz,/scratch/a2149a01/RAPCID_2610_output/backbone_long/RAPCID_backbone_rapcid_backbone_77_model_6.cif.gz,B,A,57,46,2.941,3.62,3.037,5,4,9,15,0.375,123.03,chain1_F_chain2_E,0,2,2,0,2,2,0,18,0,1,9,11,0,1,1,1,1,1,1,0,0,pass_conserved_motif,0.61106,0,
backbone_long,RAPCID_backbone_rapcid_backbone_77_model_7.cif.gz,/scratch/a2149a01/RAPCID_2610_output/backbone_long/RAPCID_backbone_rapcid_backbone_77_model_7.cif.gz,B,A,57,46,2.268,2.811,2.533,4,6,18,23,0.439,109.99,chain1_F_chain2_E,1,2,3,0,2,3,0,35,1,1,10,18,0,3,1,1,1,1,1,0,0,pass_conserved_motif,0.58845,0,
backbone_long,RAPCID_backbone_rapcid_backbone_78_model_0.cif.gz,/scratch/a2149a01/RAPCID_2610_output/backbone_long/RAPCID_backbone_rapcid_backbone_78_model_0.cif.gz,A,B,42,26,11.304,3.077,3.746,4,6,8,13,0.381,143.16,chain1_E_chain2_F,1,0,0,3,1,3,0,0,0,0,9,14,1,0,1,1,1,1,1,0,0,pass_conserved_motif,0.67386,0,
backbone_long,RAPCID_backbone_rapcid_backbone_78_model_1.cif.gz,/scratch/a2149a01/RAPCID_2610_output/backbone_long/RAPCID_backbone_rapcid_backbone_78_model_1.cif.gz,A,B,42,26,9.607,2.632,3.315,5,6,15,14,0.5172,168.47,chain1_E_chain2_F,1,0,0,3,1,3,0,0,0,0,10,15,1,0,1,1,1,1,1,0,0,pass_conserved_motif,0.73583,0,
backbone_long,RAPCID_backbone_rapcid_backbone_78_model_2.cif.gz,/scratch/a2149a01/RAPCID_2610_output/backbone_long/RAPCID_backbone_rapcid_backbone_78_model_2.cif.gz,A,B,42,26,9.597,2.708,3.675,4,5,16,11,0.5926,154.38,chain1_E_chain2_F,1,0,0,3,1,3,0,0,0,0,8,14,1,0,1,1,1,1,1,0,0,pass_conserved_motif,0.72185,0,
backbone_long,RAPCID_backbone_rapcid_backbone_78_model_3.cif.gz,/scratch/a2149a01/RAPCID_2610_output/backbone_long/RAPCID_backbone_rapcid_backbone_78_model_3.cif.gz,A,B,42,26,9.634,3.284,3.26,2,6,4,16,0.2,158.12,chain1_E_chain2_F,1,0,0,3,1,3,0,0,0,0,9,15,1,0,1,1,1,1,1,0,0,pass_conserved_motif,0.65134,0,
backbone_long,RAPCID_backbone_rapcid_backbone_78_model_4.cif.gz,/scratch/a2149a01/RAPCID_2610_output/backbone_long/RAPCID_backbone_rapcid_backbone_78_model_4.cif.gz,A,B,42,26,10.895,3.059,3.196,4,5,9,14,0.3913,154.3,chain1_E_chain2_F,2,0,0,3,2,3,1,0,0,0,9,15,1,0,1,1,1,1,1,0,0,pass_conserved_motif,0.77227,0,
backbone_long,RAPCID_backbone_rapcid_backbone_78_model_5.cif.gz,/scratch/a2149a01/RAPCID_2610_output/backbone_long/RAPCID_backbone_rapcid_backbone_78_model_5.cif.gz,A,B,42,26,8.124,3.259,3.35,6,5,12,14,0.4615,155.27,chain1_E_chain2_F,1,0,0,3,1,3,0,0,0,0,13,15,1,0,1,1,1,1,1,0,0,pass_conserved_motif,0.74646,0,
backbone_long,RAPCID_backbone_rapcid_backbone_78_model_6.cif.gz,/scratch/a2149a01/RAPCID_2610_output/backbone_long/RAPCID_backbone_rapcid_backbone_78_model_6.cif.gz,A,B,42,26,10.142,2.64,3.77,4,5,13,13,0.5,164.98,chain1_E_chain2_F,1,0,0,3,1,3,0,0,0,0,11,15,1,0,1,1,1,1,1,0,0,pass_conserved_motif,0.75435,0,
backbone_long,RAPCID_backbone_rapcid_backbone_78_model_7.cif.gz,/scratch/a2149a01/RAPCID_2610_output/backbone_long/RAPCID_backbone_rapcid_backbone_78_model_7.cif.gz,A,B,42,26,4.696,3.434,3.034,6,6,12,16,0.4286,170.56,chain1_E_chain2_F,2,0,0,3,2,3,1,0,0,0,11,15,1,0,1,1,1,1,1,0,0,pass_conserved_motif,0.76432,0,
backbone_long,RAPCID_backbone_rapcid_backbone_79_model_0.cif.gz,/scratch/a2149a01/RAPCID_2610_output/backbone_long/RAPCID_backbone_rapcid_backbone_79_model_0.cif.gz,A,B,49,47,4.529,2.852,3.442,5,7,10,18,0.3571,174.49,chain1_E_chain2_F,1,0,0,3,1,3,1,0,0,0,10,18,1,2,1,1,1,1,1,1,1,,0.69409,1,225
backbone_long,RAPCID_backbone_rapcid_backbone_79_model_1.cif.gz,/scratch/a2149a01/RAPCID_2610_output/backbone_long/RAPCID_backbone_rapcid_backbone_79_model_1.cif.gz,A,B,49,47,3.126,2.331,3.269,6,7,11,20,0.3548,156.52,chain1_E_chain2_F,1,0,0,3,1,3,0,10,0,0,13,16,1,0,1,1,1,1,1,0,0,pass_conserved_motif,0.73795,0,
backbone_long,RAPCID_backbone_rapcid_backbone_79_model_2.cif.gz,/scratch/a2149a01/RAPCID_2610_output/backbone_long/RAPCID_backbone_rapcid_backbone_79_model_2.cif.gz,A,B,49,47,2.994,2.904,3.158,5,7,18,20,0.4737,127.61,chain1_E_chain2_F,1,0,1,3,1,3,0,17,1,1,11,13,3,0,1,1,1,1,1,0,0,pass_conserved_motif,0.68747,0,
backbone_long,RAPCID_backbone_rapcid_backbone_79_model_3.cif.gz,/scratch/a2149a01/RAPCID_2610_output/backbone_long/RAPCID_backbone_rapcid_backbone_79_model_3.cif.gz,A,B,49,47,9.371,2.978,3.188,2,6,4,16,0.2,167.37,chain1_E_chain2_F,1,0,0,3,1,3,0,0,0,0,9,16,1,0,1,1,1,1,1,0,0,pass_conserved_motif,0.62639,0,
backbone_long,RAPCID_backbone_rapcid_backbone_79_model_4.cif.gz,/scratch/a2149a01/RAPCID_2610_output/backbone_long/RAPCID_backbone_rapcid_backbone_79_model_4.cif.gz,A,B,49,47,3.547,3.08,3.141,4,8,11,22,0.3333,158.55,chain1_E_chain2_F,1,0,0,3,1,3,0,5,0,0,10,20,1,0,1,1,1,1,1,0,0,pass_conserved_motif,0.73111,0,
backbone_long,RAPCID_backbone_rapcid_backbone_79_model_5.cif.gz,/scratch/a2149a01/RAPCID_2610_output/backbone_long/RAPCID_backbone_rapcid_backbone_79_model_5.cif.gz,A,B,49,47,3.469,2.785,3.302,2,5,3,14,0.1765,173.76,chain1_E_chain2_F,1,0,0,3,1,3,0,5,0,0,9,18,1,0,1,0,1,1,1,0,0,pass_dual_rap_contact;pass_conserved_motif,0.62067,0,
backbone_long,RAPCID_backbone_rapcid_backbone_79_model_6.cif.gz,/scratch/a2149a01/RAPCID_2610_output/backbone_long/RAPCID_backbone_rapcid_backbone_79_model_6.cif.gz,A,B,49,47,2.891,2.993,3.042,5,6,11,27,0.2895,133.68,chain1_E_chain2_F,1,0,1,2,1,2,0,11,2,0,11,17,2,0,1,1,1,1,1,0,0,pass_conserved_motif,0.63543,0,
backbone_long,RAPCID_backbone_rapcid_backbone_79_model_7.cif.gz,/scratch/a2149a01/RAPCID_2610_output/backbone_long/RAPCID_backbone_rapcid_backbone_79_model_7.cif.gz,A,B,49,47,2.757,3.049,3.424,4,4,15,12,0.5556,109.3,chain1_E_chain2_F,1,0,0,2,1,2,0,10,1,0,10,8,1,1,1,1,1,1,1,1,1,,0.60451,1,499
backbone_long,RAPCID_backbone_rapcid_backbone_7_model_0.cif.gz,/scratch/a2149a01/RAPCID_2610_output/backbone_long/RAPCID_backbone_rapcid_backbone_7_model_0.cif.gz,B,A,43,42,3.243,3.512,2.106,4,7,14,14,0.5,150.85,chain1_F_chain2_E,0,2,1,0,2,1,0,2,0,0,14,11,0,1,1,1,1,1,1,0,0,pass_conserved_motif,0.72854,0,
backbone_long,RAPCID_backbone_rapcid_backbone_7_model_1.cif.gz,/scratch/a2149a01/RAPCID_2610_output/backbone_long/RAPCID_backbone_rapcid_backbone_7_model_1.cif.gz,B,A,43,42,9.879,3.26,2.487,5,4,15,16,0.4839,167.98,chain1_F_chain2_E,0,3,2,0,3,2,0,0,0,0,15,10,0,2,1,1,1,1,1,0,0,pass_conserved_motif,0.76646,0,
backbone_long,RAPCID_backbone_rapcid_backbone_7_model_2.cif.gz,/scratch/a2149a01/RAPCID_2610_output/backbone_long/RAPCID_backbone_rapcid_backbone_7_model_2.cif.gz,B,A,43,42,13.012,3.074,3.429,6,2,18,4,0.8182,142.04,chain1_F_chain2_E,0,3,2,0,3,2,0,0,0,0,16,8,0,1,1,1,1,1,1,0,0,pass_conserved_motif,0.61906,0,
backbone_long,RAPCID_backbone_rapcid_backbone_7_model_3.cif.gz,/scratch/a2149a01/RAPCID_2610_output/backbone_long/RAPCID_backbone_rapcid_backbone_7_model_3.cif.gz,B,A,43,42,8.367,3.558,3.162,5,4,18,14,0.5625,155.76,chain1_F_chain2_E,0,3,1,0,3,1,0,0,0,0,15,10,1,1,1,1,1,1,1,1,1,,0.73848,1,91
backbone_long,RAPCID_backbone_rapcid_backbone_7_model_4.cif.gz,/scratch/a2149a01/RAPCID_2610_output/backbone_long/RAPCID_backbone_rapcid_backbone_7_model_4.cif.gz,B,A,43,42,10.176,3.107,3.11,5,2,21,9,0.7,150.93,chain1_F_chain2_E,0,3,2,0,3,2,0,0,0,0,15,9,0,1,1,1,1,1,1,0,0,pass_conserved_motif,0.69594,0,
backbone_long,RAPCID_backbone_rapcid_backbone_7_model_5.cif.gz,/scratch/a2149a01/RAPCID_2610_output/backbone_long/RAPCID_backbone_rapcid_backbone_7_model_5.cif.gz,B,A,43,42,8.224,3.231,2.686,6,5,21,14,0.6,149.34,chain1_F_chain2_E,0,3,1,0,3,1,0,0,0,0,15,14,0,1,1,1,1,1,1,0,0,pass_conserved_motif,0.70208,0,
backbone_long,RAPCID_backbone_rapcid_backbone_7_model_6.cif.gz,/scratch/a2149a01/RAPCID_2610_output/backbone_long/RAPCID_backbone_rapcid_backbone_7_model_6.cif.gz,B,A,43,42,2.984,3.104,1.925,7,7,18,17,0.5143,154.26,chain1_F_chain2_E,0,3,1,0,3,1,0,3,0,0,17,14,0,1,0,1,1,1,1,0,0,pass_no_clash;pass_conserved_motif,0.76779,0,
backbone_long,RAPCID_backbone_rapcid_backbone_7_model_7.cif.gz,/scratch/a2149a01/RAPCID_2610_output/backbone_long/RAPCID_backbone_rapcid_backbone_7_model_7.cif.gz,B,A,43,42,12.509,3.832,3.989,6,1,19,2,0.9048,154.37,chain1_F_chain2_E,0,3,0,0,3,0,0,0,0,0,14,7,0,1,1,0,0,1,1,0,0,pass_dual_rap_contact;pass_contact_balance;pass_conserved_motif,0.56838,0,
backbone_long,RAPCID_backbone_rapcid_backbone_80_model_0.cif.gz,/scratch/a2149a01/RAPCID_2610_output/backbone_long/RAPCID_backbone_rapcid_backbone_80_model_0.cif.gz,A,B,54,45,3.393,2.815,2.98,3,9,15,20,0.4286,172.38,chain1_E_chain2_F,1,0,0,3,1,3,1,6,1,0,10,17,2,0,1,1,1,1,1,0,0,pass_conserved_motif,0.77634,0,
backbone_long,RAPCID_backbone_rapcid_backbone_80_model_1.cif.gz,/scratch/a2149a01/RAPCID_2610_output/backbone_long/RAPCID_backbone_rapcid_backbone_80_model_1.cif.gz,A,B,54,45,11.143,2.964,3.116,3,5,6,25,0.1935,164.36,chain1_E_chain2_F,1,0,0,3,1,3,0,0,0,0,11,16,1,0,1,1,1,1,1,0,0,pass_conserved_motif,0.63384,0,
backbone_long,RAPCID_backbone_rapcid_backbone_80_model_2.cif.gz,/scratch/a2149a01/RAPCID_2610_output/backbone_long/RAPCID_backbone_rapcid_backbone_80_model_2.cif.gz,A,B,54,45,2.969,2.744,3.077,6,10,14,32,0.3043,144.15,chain1_E_chain2_F,1,0,1,3,1,3,0,24,0,0,13,21,1,1,1,1,1,1,1,1,1,,0.60654,1,496
backbone_long,RAPCID_backbone_rapcid_backbone_80_model_3.cif.gz,/scratch/a2149a01/RAPCID_2610_output/backbone_long/RAPCID_backbone_rapcid_backbone_80_model_3.cif.gz,A,B,54,45,2.243,3.089,2.494,5,3,16,13,0.5517,103.69,chain1_E_chain2_F,1,0,0,2,1,2,0,10,1,1,12,9,1,0,1,1,1,1,1,0,0,pass_conserved_motif,0.60399,0,
backbone_long,RAPCID_backbone_rapcid_backbone_80_model_4.cif.gz,/scratch/a2149a01/RAPCID_2610_output/backbone_long/RAPCID_backbone_rapcid_backbone_80_model_4.cif.gz,A,B,54,45,2.935,2.271,3.403,4,5,17,13,0.5667,134.89,chain1_E_chain2_F,2,0,1,3,2,3,1,7,0,0,10,12,1,0,1,1,1,1,1,0,0,pass_conserved_motif,0.7594,0,
backbone_long,RAPCID_backbone_rapcid_backbone_80_model_5.cif.gz,/scratch/a2149a01/RAPCID_2610_output/backbone_long/RAPCID_backbone_rapcid_backbone_80_model_5.cif.gz,A,B,54,45,12.79,3.308,3.419,2,5,6,19,0.24,158.1,chain1_E_chain2_F,1,0,0,3,1,3,0,0,0,0,8,16,1,1,1,1,1,1,1,1,1,,0.6673,1,320
backbone_long,RAPCID_backbone_rapcid_backbone_80_model_6.cif.gz,/scratch/a2149a01/RAPCID_2610_output/backbone_long/RAPCID_backbone_rapcid_backbone_80_model_6.cif.gz,A,B,54,45,7.105,3.801,2.999,2,8,3,25,0.1071,153.69,chain1_E_chain2_F,1,0,0,2,1,2,0,0,0,0,9,19,1,0,1,0,1,1,1,0,0,pass_dual_rap_contact;pass_conserved_motif,0.57086,0,
backbone_long,RAPCID_backbone_rapcid_backbone_80_model_7.cif.gz,/scratch/a2149a01/RAPCID_2610_output/backbone_long/RAPCID_backbone_rapcid_backbone_80_model_7.cif.gz,A,B,54,45,3.833,2.879,3.531,3,9,12,28,0.3,168.5,chain1_E_chain2_F,1,0,0,3,1,3,1,1,1,0,9,16,1,0,1,1,1,1,1,0,0,pass_conserved_motif,0.71285,0,
backbone_long,RAPCID_backbone_rapcid_backbone_81_model_0.cif.gz,/scratch/a2149a01/RAPCID_2610_output/backbone_long/RAPCID_backbone_rapcid_backbone_81_model_0.cif.gz,A,B,45,26,9.755,2.781,3.563,1,6,9,17,0.3462,145.08,chain1_E_chain2_F,2,0,0,3,2,3,1,0,0,0,7,15,2,0,1,0,1,1,1,0,0,pass_dual_rap_contact;pass_conserved_motif,0.7235,0,
backbone_long,RAPCID_backbone_rapcid_backbone_81_model_1.cif.gz,/scratch/a2149a01/RAPCID_2610_output/backbone_long/RAPCID_backbone_rapcid_backbone_81_model_1.cif.gz,A,B,45,26,9.299,2.756,2.611,3,7,7,24,0.2258,146.28,chain1_E_chain2_F,2,0,0,3,2,3,0,0,0,0,8,15,1,0,1,1,1,1,1,0,0,pass_conserved_motif,0.65077,0,
backbone_long,RAPCID_backbone_rapcid_backbone_81_model_2.cif.gz,/scratch/a2149a01/RAPCID_2610_output/backbone_long/RAPCID_backbone_rapcid_backbone_81_model_2.cif.gz,A,B,45,26,10.424,2.92,3.301,3,5,6,15,0.2857,168.01,chain1_E_chain2_F,1,0,0,3,1,3,0,0,0,0,9,15,1,0,1,1,1,1,1,0,0,pass_conserved_motif,0.65854,0,
backbone_long,RAPCID_backbone_rapcid_backbone_81_model_3.cif.gz,/scratch/a2149a01/RAPCID_2610_output/backbone_long/RAPCID_backbone_rapcid_backbone_81_model_3.cif.gz,A,B,45,26,12.178,2.916,3.019,2,5,4,22,0.1538,163.68,chain1_E_chain2_F,1,0,0,3,1,3,0,0,0,0,7,16,2,0,1,1,1,1,1,0,0,pass_conserved_motif,0.62024,0,
backbone_long,RAPCID_backbone_rapcid_backbone_81_model_4.cif.gz,/scratch/a2149a01/RAPCID_2610_output/backbone_long/RAPCID_backbone_rapcid_backbone_81_model_4.cif.gz,A,B,45,26,9.426,2.77,3.024,2,4,6,22,0.2143,156.27,chain1_E_chain2_F,1,0,0,2,1,2,0,0,0,0,10,14,1,0,1,1,1,1,1,0,0,pass_conserved_motif,0.62233,0,
backbone_long,RAPCID_backbone_rapcid_backbone_81_model_5.cif.gz,/scratch/a2149a01/RAPCID_2610_output/backbone_long/RAPCID_backbone_rapcid_backbone_81_model_5.cif.gz,A,B,45,26,9.071,2.863,3.524,3,6,12,14,0.4615,163.19,chain1_E_chain2_F,2,0,0,3,2,3,1,0,0,0,10,14,1,0,1,1,1,1,1,0,0,pass_conserved_motif,0.80208,0,
backbone_long,RAPCID_backbone_rapcid_backbone_81_model_6.cif.gz,/scratch/a2149a01/RAPCID_2610_output/backbone_long/RAPCID_backbone_rapcid_backbone_81_model_6.cif.gz,A,B,45,26,13.361,3.298,2.988,2,5,4,20,0.1667,149.36,chain1_E_chain2_F,2,0,0,3,2,3,0,0,0,0,8,16,1,0,1,1,1,1,1,0,0,pass_conserved_motif,0.63738,0,
backbone_long,RAPCID_backbone_rapcid_backbone_81_model_7.cif.gz,/scratch/a2149a01/RAPCID_2610_output/backbone_long/RAPCID_backbone_rapcid_backbone_81_model_7.cif.gz,A,B,45,26,7.655,2.595,3.014,4,6,13,21,0.3824,148.78,chain1_E_chain2_F,1,0,0,3,1,3,0,0,0,0,11,16,1,0,1,1,1,1,1,0,0,pass_conserved_motif,0.69315,0,
backbone_long,RAPCID_backbone_rapcid_backbone_82_model_0.cif.gz,/scratch/a2149a01/RAPCID_2610_output/backbone_long/RAPCID_backbone_rapcid_backbone_82_model_0.cif.gz,A,B,46,30,10.45,3.112,3.404,2,6,8,13,0.381,160.95,chain1_E_chain2_F,1,0,0,3,1,3,0,0,0,0,11,14,1,0,1,1,1,1,1,0,0,pass_conserved_motif,0.72015,0,
backbone_long,RAPCID_backbone_rapcid_backbone_82_model_1.cif.gz,/scratch/a2149a01/RAPCID_2610_output/backbone_long/RAPCID_backbone_rapcid_backbone_82_model_1.cif.gz,A,B,46,30,12.418,3.099,2.898,3,6,8,18,0.3077,143.95,chain1_E_chain2_F,2,0,0,3,2,3,0,0,0,0,8,16,2,0,1,1,1,1,1,0,0,pass_conserved_motif,0.67576,0,
backbone_long,RAPCID_backbone_rapcid_backbone_82_model_2.cif.gz,/scratch/a2149a01/RAPCID_2610_output/backbone_long/RAPCID_backbone_rapcid_backbone_82_model_2.cif.gz,A,B,46,30,9.305,3.04,3.476,3,5,9,17,0.3462,146.7,chain1_E_chain2_F,1,0,0,3,1,3,0,0,0,0,10,15,1,0,1,1,1,1,1,0,0,pass_conserved_motif,0.67174,0,
backbone_long,RAPCID_backbone_rapcid_backbone_82_model_3.cif.gz,/scratch/a2149a01/RAPCID_2610_output/backbone_long/RAPCID_backbone_rapcid_backbone_82_model_3.cif.gz,A,B,46,30,5.146,3.197,3.544,2,8,7,20,0.2593,146.09,chain1_E_chain2_F,2,0,0,3,2,3,0,0,0,0,9,18,2,0,1,1,1,1,1,0,0,pass_conserved_motif,0.66353,0,
backbone_long,RAPCID_backbone_rapcid_backbone_82_model_4.cif.gz,/scratch/a2149a01/RAPCID_2610_output/backbone_long/RAPCID_backbone_rapcid_backbone_82_model_4.cif.gz,A,B,46,30,12.023,3.373,3.21,4,5,12,15,0.4444,154.01,chain1_E_chain2_F,2,0,0,3,2,3,0,0,0,0,9,16,1,1,1,1,1,1,1,1,1,,0.76401,1,40
backbone_long,RAPCID_backbone_rapcid_backbone_82_model_5.cif.gz,/scratch/a2149a01/RAPCID_2610_output/backbone_long/RAPCID_backbone_rapcid_backbone_82_model_5.cif.gz,A,B,46,30,8.623,2.898,3.425,6,6,23,18,0.561,164.16,chain1_E_chain2_F,2,0,0,3,2,3,1,0,0,0,11,15,1,0,1,1,1,1,1,0,0,pass_conserved_motif,0.78985,0,
backbone_long,RAPCID_backbone_rapcid_backbone_82_model_6.cif.gz,/scratch/a2149a01/RAPCID_2610_output/backbone_long/RAPCID_backbone_rapcid_backbone_82_model_6.cif.gz,A,B,46,30,10.647,3.05,3.383,3,5,9,24,0.2727,160.75,chain1_E_chain2_F,1,0,0,3,1,3,0,0,0,0,9,16,1,0,1,1,1,1,1,0,0,pass_conserved_motif,0.67754,0,
backbone_long,RAPCID_backbone_rapcid_backbone_82_model_7.cif.gz,/scratch/a2149a01/RAPCID_2610_output/backbone_long/RAPCID_backbone_rapcid_backbone_82_model_7.cif.gz,A,B,46,30,8.124,2.954,3.158,2,9,6,27,0.1818,171.13,chain1_E_chain2_F,1,0,0,3,1,3,1,0,0,0,9,17,1,0,1,1,1,1,1,0,0,pass_conserved_motif,0.63515,0,
backbone_long,RAPCID_backbone_rapcid_backbone_83_model_0.cif.gz,/scratch/a2149a01/RAPCID_2610_output/backbone_long/RAPCID_backbone_rapcid_backbone_83_model_0.cif.gz,B,A,58,40,3.551,2.961,2.89,4,4,15,11,0.5769,115.23,chain1_F_chain2_E,0,2,1,0,2,1,0,5,1,1,11,9,0,1,1,1,1,1,1,0,0,pass_conserved_motif,0.62739,0,
backbone_long,RAPCID_backbone_rapcid_backbone_83_model_1.cif.gz,/scratch/a2149a01/RAPCID_2610_output/backbone_long/RAPCID_backbone_rapcid_backbone_83_model_1.cif.gz,B,A,58,40,2.507,3.597,2.855,4,7,9,17,0.3462,108.19,chain1_F_chain2_E,1,2,2,0,2,2,0,14,0,1,13,11,1,2,1,1,1,1,1,1,1,,0.57005,1,568
backbone_long,RAPCID_backbone_rapcid_backbone_83_model_2.cif.gz,/scratch/a2149a01/RAPCID_2610_output/backbone_long/RAPCID_backbone_rapcid_backbone_83_model_2.cif.gz,B,A,58,40,3.648,2.873,3.224,4,4,12,8,0.6,125.2,chain1_F_chain2_E,1,2,1,0,2,1,0,4,0,0,10,8,0,1,1,1,1,1,1,0,0,pass_conserved_motif,0.61306,0,
backbone_long,RAPCID_backbone_rapcid_backbone_83_model_3.cif.gz,/scratch/a2149a01/RAPCID_2610_output/backbone_long/RAPCID_backbone_rapcid_backbone_83_model_3.cif.gz,B,A,58,40,3.22,2.151,2.832,6,3,19,8,0.7037,128.4,chain1_F_chain2_E,1,3,1,0,3,1,0,14,0,0,11,11,0,1,1,1,1,1,1,0,0,pass_conserved_motif,0.60081,0,
backbone_long,RAPCID_backbone_rapcid_backbone_83_model_4.cif.gz,/scratch/a2149a01/RAPCID_2610_output/backbone_long/RAPCID_backbone_rapcid_backbone_83_model_4.cif.gz,B,A,58,40,2.016,2.338,3.127,5,3,20,7,0.7407,118.19,chain1_F_chain2_E,1,2,2,0,2,2,0,13,1,1,10,8,1,1,1,1,1,1,1,1,1,,0.59029,1,524
backbone_long,RAPCID_backbone_rapcid_backbone_83_model_5.cif.gz,/scratch/a2149a01/RAPCID_2610_output/backbone_long/RAPCID_backbone_rapcid_backbone_83_model_5.cif.gz,B,A,58,40,2.434,2.682,2.71,4,4,16,15,0.5161,110.61,chain1_F_chain2_E,1,2,2,0,2,2,0,10,1,1,10,10,1,2,1,1,1,1,1,1,1,,0.66985,1,310
backbone_long,RAPCID_backbone_rapcid_backbone_83_model_6.cif.gz,/scratch/a2149a01/RAPCID_2610_output/backbone_long/RAPCID_backbone_rapcid_backbone_83_model_6.cif.gz,B,A,58,40,3.021,3.207,3.03,7,2,22,8,0.7333,116.99,chain1_F_chain2_E,1,3,2,0,3,2,0,13,1,0,16,8,0,3,1,1,1,1,1,0,0,pass_conserved_motif,0.60115,0,
backbone_long,RAPCID_backbone_rapcid_backbone_83_model_7.cif.gz,/scratch/a2149a01/RAPCID_2610_output/backbone_long/RAPCID_backbone_rapcid_backbone_83_model_7.cif.gz,B,A,58,40,3.308,2.66,2.826,6,3,16,6,0.7273,110.94,chain1_F_chain2_E,0,3,1,0,3,1,0,4,1,1,11,7,0,1,1,1,1,1,1,0,0,pass_conserved_motif,0.57653,0,
backbone_long,RAPCID_backbone_rapcid_backbone_84_model_0.cif.gz,/scratch/a2149a01/RAPCID_2610_output/backbone_long/RAPCID_backbone_rapcid_backbone_84_model_0.cif.gz,A,B,54,34,10.387,3.167,3.469,4,5,10,19,0.3448,152.43,chain1_E_chain2_F,1,0,0,3,1,3,0,0,0,0,9,13,2,0,1,1,1,1,1,0,0,pass_conserved_motif,0.6903,0,
backbone_long,RAPCID_backbone_rapcid_backbone_84_model_1.cif.gz,/scratch/a2149a01/RAPCID_2610_output/backbone_long/RAPCID_backbone_rapcid_backbone_84_model_1.cif.gz,A,B,54,34,3.695,2.975,3.403,3,5,10,26,0.2778,155.66,chain1_E_chain2_F,1,0,0,3,1,3,0,1,0,0,10,14,3,0,1,1,1,1,1,0,0,pass_conserved_motif,0.67927,0,
backbone_long,RAPCID_backbone_rapcid_backbone_84_model_2.cif.gz,/scratch/a2149a01/RAPCID_2610_output/backbone_long/RAPCID_backbone_rapcid_backbone_84_model_2.cif.gz,A,B,54,34,3.644,2.427,3.594,5,5,15,15,0.5,165.47,chain1_E_chain2_F,2,0,0,3,2,3,0,2,0,0,12,14,2,0,1,1,1,1,1,0,0,pass_conserved_motif,0.79128,0,
backbone_long,RAPCID_backbone_rapcid_backbone_84_model_3.cif.gz,/scratch/a2149a01/RAPCID_2610_output/backbone_long/RAPCID_backbone_rapcid_backbone_84_model_3.cif.gz,A,B,54,34,10.276,3.175,3.312,3,5,7,21,0.25,151.86,chain1_E_chain2_F,1,0,0,3,1,3,0,0,0,0,8,14,1,0,1,1,1,1,1,0,0,pass_conserved_motif,0.65048,0,
backbone_long,RAPCID_backbone_rapcid_backbone_84_model_4.cif.gz,/scratch/a2149a01/RAPCID_2610_output/backbone_long/RAPCID_backbone_rapcid_backbone_84_model_4.cif.gz,A,B,54,34,11.102,3.205,3.332,3,6,5,19,0.2083,163.37,chain1_E_chain2_F,1,0,0,3,1,3,0,0,0,0,10,13,1,0,1,1,1,1,1,0,0,pass_conserved_motif,0.64306,0,
backbone_long,RAPCID_backbone_rapcid_backbone_84_model_5.cif.gz,/scratch/a2149a01/RAPCID_2610_output/backbone_long/RAPCID_backbone_rapcid_backbone_84_model_5.cif.gz,A,B,54,34,3.245,2.974,3.508,3,7,11,17,0.3929,163.67,chain1_E_chain2_F,1,0,0,3,1,3,0,5,0,0,10,16,1,0,1,1,1,1,1,0,0,pass_conserved_motif,0.74086,0,
backbone_long,RAPCID_backbone_rapcid_backbone_84_model_6.cif.gz,/scratch/a2149a01/RAPCID_2610_output/backbone_long/RAPCID_backbone_rapcid_backbone_84_model_6.cif.gz,A,B,54,34,3.456,2.413,3.299,4,5,10,19,0.3448,166.14,chain1_E_chain2_F,1,0,0,3,1,3,0,2,0,0,11,14,1,0,1,1,1,1,1,0,0,pass_conserved_motif,0.69842,0,
backbone_long,RAPCID_backbone_rapcid_backbone_84_model_7.cif.gz,/scratch/a2149a01/RAPCID_2610_output/backbone_long/RAPCID_backbone_rapcid_backbone_84_model_7.cif.gz,A,B,54,34,3.685,2.729,3.488,5,5,12,17,0.4138,149.83,chain1_E_chain2_F,2,0,0,3,2,3,0,3,0,0,13,14,1,1,1,1,1,1,1,1,1,,0.75281,1,57
backbone_long,RAPCID_backbone_rapcid_backbone_85_model_0.cif.gz,/scratch/a2149a01/RAPCID_2610_output/backbone_long/RAPCID_backbone_rapcid_backbone_85_model_0.cif.gz,A,B,50,40,9.813,3.019,3.494,3,6,13,13,0.5,150.94,chain1_E_chain2_F,1,0,0,3,1,3,0,0,0,0,10,16,1,0,1,1,1,1,1,0,0,pass_conserved_motif,0.7474,0,
backbone_long,RAPCID_backbone_rapcid_backbone_85_model_1.cif.gz,/scratch/a2149a01/RAPCID_2610_output/backbone_long/RAPCID_backbone_rapcid_backbone_85_model_1.cif.gz,A,B,50,40,6.172,2.655,3.505,5,5,14,20,0.4118,146.89,chain1_E_chain2_F,2,0,0,3,2,3,0,0,0,0,11,15,1,0,1,1,1,1,1,0,0,pass_conserved_motif,0.72718,0,
backbone_long,RAPCID_backbone_rapcid_backbone_85_model_2.cif.gz,/scratch/a2149a01/RAPCID_2610_output/backbone_long/RAPCID_backbone_rapcid_backbone_85_model_2.cif.gz,A,B,50,40,3.608,3.17,3.666,6,4,13,12,0.52,151.58,chain1_E_chain2_F,1,0,0,2,1,2,0,2,0,0,11,14,1,0,1,1,1,1,1,0,0,pass_conserved_motif,0.72298,0,
backbone_long,RAPCID_backbone_rapcid_backbone_85_model_3.cif.gz,/scratch/a2149a01/RAPCID_2610_output/backbone_long/RAPCID_backbone_rapcid_backbone_85_model_3.cif.gz,A,B,50,40,3.239,2.633,3.605,4,7,11,17,0.3929,162.83,chain1_E_chain2_F,1,0,0,3,1,3,1,1,1,0,12,16,1,0,1,1,1,1,1,0,0,pass_conserved_motif,0.7689,0,
backbone_long,RAPCID_backbone_rapcid_backbone_85_model_4.cif.gz,/scratch/a2149a01/RAPCID_2610_output/backbone_long/RAPCID_backbone_rapcid_backbone_85_model_4.cif.gz,A,B,50,40,9.505,3.347,3.011,3,5,7,16,0.3043,153.04,chain1_E_chain2_F,2,0,0,3,2,3,0,0,0,0,8,16,1,0,1,1,1,1,1,0,0,pass_conserved_motif,0.70473,0,
backbone_long,RAPCID_backbone_rapcid_backbone_85_model_5.cif.gz,/scratch/a2149a01/RAPCID_2610_output/backbone_long/RAPCID_backbone_rapcid_backbone_85_model_5.cif.gz,A,B,50,40,6.919,2.851,2.545,3,10,7,32,0.1795,129.07,chain1_E_chain2_F,3,0,0,3,3,3,0,0,0,0,8,16,1,0,1,1,1,1,1,0,0,pass_conserved_motif,0.60344,0,
backbone_long,RAPCID_backbone_rapcid_backbone_85_model_6.cif.gz,/scratch/a2149a01/RAPCID_2610_output/backbone_long/RAPCID_backbone_rapcid_backbone_85_model_6.cif.gz,A,B,50,40,10.771,3.086,3.124,2,6,5,17,0.2273,158.24,chain1_E_chain2_F,1,0,0,3,1,3,0,0,0,0,6,14,1,0,1,1,1,1,1,0,0,pass_conserved_motif,0.66265,0,
backbone_long,RAPCID_backbone_rapcid_backbone_85_model_7.cif.gz,/scratch/a2149a01/RAPCID_2610_output/backbone_long/RAPCID_backbone_rapcid_backbone_85_model_7.cif.gz,A,B,50,40,2.862,2.63,2.678,5,5,14,14,0.5,115.51,chain1_E_chain2_F,1,0,0,2,1,2,0,18,1,1,10,9,1,0,1,1,1,1,1,0,0,pass_conserved_motif,0.62409,0,
backbone_long,RAPCID_backbone_rapcid_backbone_86_model_0.cif.gz,/scratch/a2149a01/RAPCID_2610_output/backbone_long/RAPCID_backbone_rapcid_backbone_86_model_0.cif.gz,A,B,40,35,11.069,3.0,3.004,2,4,4,20,0.1667,171.32,chain1_E_chain2_F,1,0,0,2,1,2,0,0,0,0,9,15,1,0,1,1,1,1,1,0,0,pass_conserved_motif,0.5713,0,
backbone_long,RAPCID_backbone_rapcid_backbone_86_model_1.cif.gz,/scratch/a2149a01/RAPCID_2610_output/backbone_long/RAPCID_backbone_rapcid_backbone_86_model_1.cif.gz,A,B,40,35,3.461,2.514,3.719,6,6,11,14,0.44,155.27,chain1_E_chain2_F,1,0,0,3,1,3,0,1,0,0,10,14,2,0,1,1,1,1,1,0,0,pass_conserved_motif,0.74285,0,
backbone_long,RAPCID_backbone_rapcid_backbone_86_model_2.cif.gz,/scratch/a2149a01/RAPCID_2610_output/backbone_long/RAPCID_backbone_rapcid_backbone_86_model_2.cif.gz,A,B,40,35,11.794,3.233,3.161,4,5,7,18,0.28,159.65,chain1_E_chain2_F,1,0,0,3,1,3,0,0,0,0,10,15,1,0,1,1,1,1,1,0,0,pass_conserved_motif,0.68413,0,
backbone_long,RAPCID_backbone_rapcid_backbone_86_model_3.cif.gz,/scratch/a2149a01/RAPCID_2610_output/backbone_long/RAPCID_backbone_rapcid_backbone_86_model_3.cif.gz,A,B,40,35,2.545,2.475,3.798,6,5,15,11,0.5769,155.43,chain1_E_chain2_F,1,0,0,3,1,3,0,4,0,0,12,14,1,0,1,1,1,1,1,0,0,pass_conserved_motif,0.75162,0,
backbone_long,RAPCID_backbone_rapcid_backbone_86_model_4.cif.gz,/scratch/a2149a01/RAPCID_2610_output/backbone_long/RAPCID_backbone_rapcid_backbone_86_model_4.cif.gz,A,B,40,35,7.776,2.612,3.106,5,6,15,22,0.4054,154.59,chain1_E_chain2_F,1,0,0,3,1,3,0,0,0,0,10,14,1,1,1,1,1,1,1,1,1,,0.72175,1,134
backbone_long,RAPCID_backbone_rapcid_backbone_86_model_5.cif.gz,/scratch/a2149a01/RAPCID_2610_output/backbone_long/RAPCID_backbone_rapcid_backbone_86_model_5.cif.gz,A,B,40,35,4.104,2.51,2.729,5,5,16,22,0.4211,156.38,chain1_E_chain2_F,1,0,0,3,1,3,0,0,0,0,10,15,1,0,1,1,1,1,1,0,0,pass_conserved_motif,0.73399,0,
backbone_long,RAPCID_backbone_rapcid_backbone_86_model_6.cif.gz,/scratch/a2149a01/RAPCID_2610_output/backbone_long/RAPCID_backbone_rapcid_backbone_86_model_6.cif.gz,A,B,40,35,3.56,2.838,3.726,6,6,17,16,0.5152,152.96,chain1_E_chain2_F,2,0,0,3,2,3,0,4,0,0,11,17,1,0,1,1,1,1,1,0,0,pass_conserved_motif,0.79666,0,
backbone_long,RAPCID_backbone_rapcid_backbone_86_model_7.cif.gz,/scratch/a2149a01/RAPCID_2610_output/backbone_long/RAPCID_backbone_rapcid_backbone_86_model_7.cif.gz,A,B,40,35,3.518,2.876,3.69,4,6,10,14,0.4167,158.0,chain1_E_chain2_F,2,0,0,3,2,3,0,6,0,0,10,14,1,0,1,1,1,1,1,0,0,pass_conserved_motif,0.7962,0,
backbone_long,RAPCID_backbone_rapcid_backbone_87_model_0.cif.gz,/scratch/a2149a01/RAPCID_2610_output/backbone_long/RAPCID_backbone_rapcid_backbone_87_model_0.cif.gz,B,A,52,48,2.98,2.906,2.734,4,4,14,14,0.5,149.18,chain1_F_chain2_E,1,2,2,0,2,2,1,6,0,1,11,8,1,1,1,1,1,1,1,1,1,,0.81679,1,3
backbone_long,RAPCID_backbone_rapcid_backbone_87_model_1.cif.gz,/scratch/a2149a01/RAPCID_2610_output/backbone_long/RAPCID_backbone_rapcid_backbone_87_model_1.cif.gz,B,A,52,48,3.403,3.136,3.05,4,4,8,9,0.4706,130.44,chain1_F_chain2_E,0,2,1,0,2,1,0,3,0,0,8,10,0,1,1,1,1,1,1,0,0,pass_conserved_motif,0.65376,0,
backbone_long,RAPCID_backbone_rapcid_backbone_87_model_2.cif.gz,/scratch/a2149a01/RAPCID_2610_output/backbone_long/RAPCID_backbone_rapcid_backbone_87_model_2.cif.gz,B,A,52,48,2.889,2.976,2.684,7,5,15,18,0.4545,122.54,chain1_F_chain2_E,0,3,1,0,3,1,0,15,0,0,13,13,0,3,1,1,1,1,1,0,0,pass_conserved_motif,0.63956,0,
backbone_long,RAPCID_backbone_rapcid_backbone_87_model_3.cif.gz,/scratch/a2149a01/RAPCID_2610_output/backbone_long/RAPCID_backbone_rapcid_backbone_87_model_3.cif.gz,B,A,52,48,3.105,2.75,2.838,5,3,16,8,0.6667,118.27,chain1_F_chain2_E,1,2,1,0,2,1,0,11,1,0,10,8,0,2,1,1,1,1,1,0,0,pass_conserved_motif,0.58493,0,
backbone_long,RAPCID_backbone_rapcid_backbone_87_model_4.cif.gz,/scratch/a2149a01/RAPCID_2610_output/backbone_long/RAPCID_backbone_rapcid_backbone_87_model_4.cif.gz,B,A,52,48,3.544,3.329,2.759,6,3,15,6,0.7143,126.75,chain1_F_chain2_E,0,2,1,0,2,1,0,8,0,0,10,9,0,1,1,1,1,1,1,0,0,pass_conserved_motif,0.59249,0,
backbone_long,RAPCID_backbone_rapcid_backbone_87_model_5.cif.gz,/scratch/a2149a01/RAPCID_2610_output/backbone_long/RAPCID_backbone_rapcid_backbone_87_model_5.cif.gz,B,A,52,48,3.228,2.702,2.505,3,4,11,24,0.3143,118.83,chain1_F_chain2_E,0,2,2,0,2,2,0,11,0,1,11,11,1,2,1,1,1,1,1,1,1,,0.60778,1,493
backbone_long,RAPCID_backbone_rapcid_backbone_87_model_6.cif.gz,/scratch/a2149a01/RAPCID_2610_output/backbone_long/RAPCID_backbone_rapcid_backbone_87_model_6.cif.gz,B,A,52,48,2.175,2.787,2.809,5,5,26,19,0.5778,110.08,chain1_F_chain2_E,1,2,2,0,2,2,1,16,0,1,12,9,1,2,1,1,1,1,1,1,1,,0.62534,1,452
backbone_long,RAPCID_backbone_rapcid_backbone_87_model_7.cif.gz,/scratch/a2149a01/RAPCID_2610_output/backbone_long/RAPCID_backbone_rapcid_backbone_87_model_7.cif.gz,B,A,52,48,2.836,2.717,2.511,7,5,17,20,0.4595,132.86,chain1_F_chain2_E,1,3,1,0,3,1,1,11,0,1,13,11,0,1,1,1,1,1,1,0,0,pass_conserved_motif,0.74118,0,
backbone_long,RAPCID_backbone_rapcid_backbone_88_model_0.cif.gz,/scratch/a2149a01/RAPCID_2610_output/backbone_long/RAPCID_backbone_rapcid_backbone_88_model_0.cif.gz,A,B,44,33,4.07,3.106,3.095,4,9,12,24,0.3333,162.93,chain1_E_chain2_F,1,0,0,3,1,3,1,0,0,0,10,17,1,0,1,1,1,1,1,0,0,pass_conserved_motif,0.72309,0,
backbone_long,RAPCID_backbone_rapcid_backbone_88_model_1.cif.gz,/scratch/a2149a01/RAPCID_2610_output/backbone_long/RAPCID_backbone_rapcid_backbone_88_model_1.cif.gz,A,B,44,33,3.119,2.59,1.828,5,4,13,12,0.52,108.65,chain1_E_chain2_F,1,0,0,2,1,2,0,12,0,1,12,10,1,0,0,1,1,1,1,0,0,pass_no_clash;pass_conserved_motif,0.60654,0,
backbone_long,RAPCID_backbone_rapcid_backbone_88_model_2.cif.gz,/scratch/a2149a01/RAPCID_2610_output/backbone_long/RAPCID_backbone_rapcid_backbone_88_model_2.cif.gz,A,B,44,33,3.06,2.552,2.883,4,8,15,31,0.3261,155.52,chain1_E_chain2_F,1,0,0,3,1,3,1,1,1,1,10,20,1,1,1,1,1,1,1,1,1,,0.76003,1,47
backbone_long,RAPCID_backbone_rapcid_backbone_88_model_3.cif.gz,/scratch/a2149a01/RAPCID_2610_output/backbone_long/RAPCID_backbone_rapcid_backbone_88_model_3.cif.gz,A,B,44,33,7.85,2.508,3.313,5,5,19,17,0.5278,150.14,chain1_E_chain2_F,2,0,0,3,2,3,0,0,0,0,17,16,2,0,1,1,1,1,1,0,0,pass_conserved_motif,0.7622,0,
backbone_long,RAPCID_backbone_rapcid_backbone_88_model_4.cif.gz,/scratch/a2149a01/RAPCID_2610_output/backbone_long/RAPCID_backbone_rapcid_backbone_88_model_4.cif.gz,A,B,44,33,3.128,3.219,2.945,4,4,15,19,0.4412,107.24,chain1_E_chain2_F,1,0,1,2,1,2,0,13,1,0,10,9,1,0,1,1,1,1,1,0,0,pass_conserved_motif,0.58132,0,
backbone_long,RAPCID_backbone_rapcid_backbone_88_model_5.cif.gz,/scratch/a2149a01/RAPCID_2610_output/backbone_long/RAPCID_backbone_rapcid_backbone_88_model_5.cif.gz,A,B,44,33,1.955,2.943,3.085,4,7,18,21,0.4615,157.02,chain1_E_chain2_F,2,0,0,3,2,3,1,4,1,0,11,16,1,0,0,1,1,1,1,0,0,pass_no_clash;pass_conserved_motif,0.84611,0,
backbone_long,RAPCID_backbone_rapcid_backbone_88_model_6.cif.gz,/scratch/a2149a01/RAPCID_2610_output/backbone_long/RAPCID_backbone_rapcid_backbone_88_model_6.cif.gz,A,B,44,33,11.116,3.483,3.321,2,6,8,10,0.4444,176.76,chain1_E_chain2_F,1,0,0,3,1,3,0,0,0,0,9,14,1,0,1,1,1,1,1,0,0,pass_conserved_motif,0.69287,0,
backbone_long,RAPCID_backbone_rapcid_backbone_88_model_7.cif.gz,/scratch/a2149a01/RAPCID_2610_output/backbone_long/RAPCID_backbone_rapcid_backbone_88_model_7.cif.gz,A,B,44,33,6.633,2.952,2.976,3,5,10,17,0.3704,126.34,chain1_E_chain2_F,1,0,0,3,1,3,0,0,0,0,11,11,1,0,1,1,1,1,1,0,0,pass_conserved_motif,0.61356,0,
backbone_long,RAPCID_backbone_rapcid_backbone_89_model_0.cif.gz,/scratch/a2149a01/RAPCID_2610_output/backbone_long/RAPCID_backbone_rapcid_backbone_89_model_0.cif.gz,B,A,47,32,2.93,2.564,2.433,4,5,15,15,0.5,116.51,chain1_F_chain2_E,1,2,1,0,2,1,0,12,1,0,11,10,0,1,1,1,1,1,1,0,0,pass_conserved_motif,0.64075,0,
backbone_long,RAPCID_backbone_rapcid_backbone_89_model_1.cif.gz,/scratch/a2149a01/RAPCID_2610_output/backbone_long/RAPCID_backbone_rapcid_backbone_89_model_1.cif.gz,B,A,47,32,2.757,2.882,2.873,4,4,16,9,0.64,116.41,chain1_F_chain2_E,1,2,1,0,2,1,0,8,0,1,10,11,0,1,1,1,1,1,1,0,0,pass_conserved_motif,0.60442,0,
backbone_long,RAPCID_backbone_rapcid_backbone_89_model_2.cif.gz,/scratch/a2149a01/RAPCID_2610_output/backbone_long/RAPCID_backbone_rapcid_backbone_89_model_2.cif.gz,B,A,47,32,2.495,2.034,2.859,5,5,15,13,0.5357,117.19,chain1_F_chain2_E,1,2,1,0,2,1,0,8,0,0,8,10,0,1,1,1,1,1,1,0,0,pass_conserved_motif,0.63205,0,
backbone_long,RAPCID_backbone_rapcid_backbone_89_model_3.cif.gz,/scratch/a2149a01/RAPCID_2610_output/backbone_long/RAPCID_backbone_rapcid_backbone_89_model_3.cif.gz,B,A,47,32,3.528,3.298,2.923,6,3,13,9,0.5909,122.78,chain1_F_chain2_E,0,2,1,0,2,1,0,7,0,0,12,9,0,1,1,1,1,1,1,0,0,pass_conserved_motif,0.62361,0,
backbone_long,RAPCID_backbone_rapcid_backbone_89_model_4.cif.gz,/scratch/a2149a01/RAPCID_2610_output/backbone_long/RAPCID_backbone_rapcid_backbone_89_model_4.cif.gz,B,A,47,32,3.566,3.212,3.153,6,5,12,14,0.4615,116.46,chain1_F_chain2_E,0,3,1,0,3,1,0,2,0,0,15,10,0,1,1,1,1,1,1,0,0,pass_conserved_motif,0.6271,0,
backbone_long,RAPCID_backbone_rapcid_backbone_89_model_5.cif.gz,/scratch/a2149a01/RAPCID_2610_output/backbone_long/RAPCID_backbone_rapcid_backbone_89_model_5.cif.gz,B,A,47,32,3.236,3.082,2.831,5,4,16,18,0.4706,119.07,chain1_F_chain2_E,0,2,1,0,2,1,0,10,1,1,9,11,0,2,1,1,1,1,1,0,0,pass_conserved_motif,0.6642,0,
backbone_long,RAPCID_backbone_rapcid_backbone_89_model_6.cif.gz,/scratch/a2149a01/RAPCID_2610_output/backbone_long/RAPCID_backbone_rapcid_backbone_89_model_6.cif.gz,B,A,47,32,1.969,2.927,2.988,6,5,14,11,0.56,125.29,chain1_F_chain2_E,0,2,2,0,2,2,0,14,1,1,12,14,0,1,0,1,1,1,1,0,0,pass_no_clash;pass_conserved_motif,0.68125,0,
backbone_long,RAPCID_backbone_rapcid_backbone_89_model_7.cif.gz,/scratch/a2149a01/RAPCID_2610_output/backbone_long/RAPCID_backbone_rapcid_backbone_89_model_7.cif.gz,B,A,47,32,3.283,2.639,3.011,6,4,18,10,0.6429,102.81,chain1_F_chain2_E,0,2,1,0,2,1,0,10,1,1,13,9,0,1,1,1,1,1,1,0,0,pass_conserved_motif,0.5646,0,
backbone_long,RAPCID_backbone_rapcid_backbone_8_model_0.cif.gz,/scratch/a2149a01/RAPCID_2610_output/backbone_long/RAPCID_backbone_rapcid_backbone_8_model_0.cif.gz,B,A,44,32,2.677,3.403,2.556,5,3,12,13,0.48,104.89,chain1_F_chain2_E,0,3,1,0,3,1,0,12,1,1,8,8,0,1,1,1,1,1,1,0,0,pass_conserved_motif,0.63924,0,
backbone_long,RAPCID_backbone_rapcid_backbone_8_model_1.cif.gz,/scratch/a2149a01/RAPCID_2610_output/backbone_long/RAPCID_backbone_rapcid_backbone_8_model_1.cif.gz,B,A,44,32,2.751,2.21,2.652,7,4,25,17,0.5952,115.29,chain1_F_chain2_E,1,2,2,0,2,2,0,14,1,1,10,10,0,1,1,1,1,1,1,0,0,pass_conserved_motif,0.63382,0,
backbone_long,RAPCID_backbone_rapcid_backbone_8_model_2.cif.gz,/scratch/a2149a01/RAPCID_2610_output/backbone_long/RAPCID_backbone_rapcid_backbone_8_model_2.cif.gz,B,A,44,32,3.146,2.869,3.423,4,3,14,8,0.6364,126.01,chain1_F_chain2_E,1,2,1,0,2,1,0,11,0,0,11,9,0,1,1,1,1,1,1,0,0,pass_conserved_motif,0.60619,0,
backbone_long,RAPCID_backbone_rapcid_backbone_8_model_3.cif.gz,/scratch/a2149a01/RAPCID_2610_output/backbone_long/RAPCID_backbone_rapcid_backbone_8_model_3.cif.gz,B,A,44,32,3.131,2.039,2.717,8,4,16,12,0.5714,112.49,chain1_F_chain2_E,1,3,1,0,3,1,0,19,0,1,13,13,0,1,1,1,1,1,1,0,0,pass_conserved_motif,0.59234,0,
backbone_long,RAPCID_backbone_rapcid_backbone_8_model_4.cif.gz,/scratch/a2149a01/RAPCID_2610_output/backbone_long/RAPCID_backbone_rapcid_backbone_8_model_4.cif.gz,B,A,44,32,3.423,2.013,2.982,4,6,14,13,0.5185,108.96,chain1_F_chain2_E,0,2,1,0,2,1,0,3,1,0,9,10,0,1,1,1,1,1,1,0,0,pass_conserved_motif,0.60318,0,
backbone_long,RAPCID_backbone_rapcid_backbone_8_model_5.cif.gz,/scratch/a2149a01/RAPCID_2610_output/backbone_long/RAPCID_backbone_rapcid_backbone_8_model_5.cif.gz,B,A,44,32,3.387,3.146,2.955,6,7,15,19,0.4412,119.36,chain1_F_chain2_E,1,3,1,0,3,1,0,2,0,0,11,10,0,2,1,1,1,1,1,0,0,pass_conserved_motif,0.62862,0,
backbone_long,RAPCID_backbone_rapcid_backbone_8_model_6.cif.gz,/scratch/a2149a01/RAPCID_2610_output/backbone_long/RAPCID_backbone_rapcid_backbone_8_model_6.cif.gz,B,A,44,32,2.877,3.619,3.2,4,3,8,7,0.5333,132.21,chain1_F_chain2_E,0,2,1,0,2,1,0,5,0,0,11,10,0,1,1,1,1,1,1,0,0,pass_conserved_motif,0.66808,0,
backbone_long,RAPCID_backbone_rapcid_backbone_8_model_7.cif.gz,/scratch/a2149a01/RAPCID_2610_output/backbone_long/RAPCID_backbone_rapcid_backbone_8_model_7.cif.gz,B,A,44,32,2.629,2.415,2.576,4,4,15,12,0.5556,112.1,chain1_F_chain2_E,1,2,1,0,2,1,0,6,0,1,10,9,0,1,1,1,1,1,1,0,0,pass_conserved_motif,0.61384,0,
backbone_long,RAPCID_backbone_rapcid_backbone_90_model_0.cif.gz,/scratch/a2149a01/RAPCID_2610_output/backbone_long/RAPCID_backbone_rapcid_backbone_90_model_0.cif.gz,A,B,50,38,8.802,3.279,3.45,3,6,11,17,0.3929,158.42,chain1_E_chain2_F,1,0,0,3,1,3,0,0,0,0,9,15,1,0,1,1,1,1,1,0,0,pass_conserved_motif,0.72949,0,
backbone_long,RAPCID_backbone_rapcid_backbone_90_model_1.cif.gz,/scratch/a2149a01/RAPCID_2610_output/backbone_long/RAPCID_backbone_rapcid_backbone_90_model_1.cif.gz,A,B,50,38,9.054,3.065,3.476,3,6,7,19,0.2692,156.37,chain1_E_chain2_F,1,0,0,3,1,3,0,0,0,0,8,15,1,0,1,1,1,1,1,0,0,pass_conserved_motif,0.6732,0,
backbone_long,RAPCID_backbone_rapcid_backbone_90_model_2.cif.gz,/scratch/a2149a01/RAPCID_2610_output/backbone_long/RAPCID_backbone_rapcid_backbone_90_model_2.cif.gz,A,B,50,38,10.897,3.493,3.257,4,6,8,19,0.2963,169.89,chain1_E_chain2_F,1,0,0,3,1,3,0,0,0,0,9,15,1,0,1,1,1,1,1,0,0,pass_conserved_motif,0.65651,0,
backbone_long,RAPCID_backbone_rapcid_backbone_90_model_3.cif.gz,/scratch/a2149a01/RAPCID_2610_output/backbone_long/RAPCID_backbone_rapcid_backbone_90_model_3.cif.gz,A,B,50,38,9.577,2.962,3.34,4,5,12,18,0.4,149.87,chain1_E_chain2_F,2,0,0,3,2,3,0,0,0,0,11,15,1,0,1,1,1,1,1,0,0,pass_conserved_motif,0.73241,0,
backbone_long,RAPCID_backbone_rapcid_backbone_90_model_4.cif.gz,/scratch/a2149a01/RAPCID_2610_output/backbone_long/RAPCID_backbone_rapcid_backbone_90_model_4.cif.gz,A,B,50,38,11.894,3.013,3.202,1,5,3,16,0.1579,167.24,chain1_E_chain2_F,1,0,0,3,1,3,0,0,0,0,9,15,1,0,1,0,1,1,1,0,0,pass_dual_rap_contact;pass_conserved_motif,0.60996,0,
backbone_long,RAPCID_backbone_rapcid_backbone_90_model_5.cif.gz,/scratch/a2149a01/RAPCID_2610_output/backbone_long/RAPCID_backbone_rapcid_backbone_90_model_5.cif.gz,A,B,50,38,12.109,3.096,3.722,3,5,6,15,0.2857,146.93,chain1_E_chain2_F,2,0,0,3,2,3,0,0,0,0,8,15,1,0,1,1,1,1,1,0,0,pass_conserved_motif,0.67691,0,
backbone_long,RAPCID_backbone_rapcid_backbone_90_model_6.cif.gz,/scratch/a2149a01/RAPCID_2610_output/backbone_long/RAPCID_backbone_rapcid_backbone_90_model_6.cif.gz,A,B,50,38,2.576,3.054,3.499,4,6,9,14,0.3913,152.22,chain1_E_chain2_F,1,0,0,3,1,3,0,7,0,0,12,14,1,0,1,1,1,1,1,0,0,pass_conserved_motif,0.74321,0,
backbone_long,RAPCID_backbone_rapcid_backbone_90_model_7.cif.gz,/scratch/a2149a01/RAPCID_2610_output/backbone_long/RAPCID_backbone_rapcid_backbone_90_model_7.cif.gz,A,B,50,38,10.869,2.986,3.176,3,6,5,18,0.2174,159.14,chain1_E_chain2_F,1,0,0,3,1,3,0,0,0,0,10,15,1,0,1,1,1,1,1,0,0,pass_conserved_motif,0.66079,0,
backbone_long,RAPCID_backbone_rapcid_backbone_91_model_0.cif.gz,/scratch/a2149a01/RAPCID_2610_output/backbone_long/RAPCID_backbone_rapcid_backbone_91_model_0.cif.gz,B,A,55,38,3.947,2.296,2.942,3,3,10,12,0.4545,116.79,chain1_F_chain2_E,0,2,2,0,2,2,0,1,1,1,8,8,1,1,1,1,1,1,1,1,1,,0.65374,1,365
backbone_long,RAPCID_backbone_rapcid_backbone_91_model_1.cif.gz,/scratch/a2149a01/RAPCID_2610_output/backbone_long/RAPCID_backbone_rapcid_backbone_91_model_1.cif.gz,B,A,55,38,3.104,2.775,3.006,4,1,9,5,0.6429,136.12,chain1_F_chain2_E,0,2,1,0,2,1,0,4,0,0,12,7,0,1,1,0,1,1,1,0,0,pass_dual_rap_contact;pass_conserved_motif,0.63232,0,
backbone_long,RAPCID_backbone_rapcid_backbone_91_model_2.cif.gz,/scratch/a2149a01/RAPCID_2610_output/backbone_long/RAPCID_backbone_rapcid_backbone_91_model_2.cif.gz,B,A,55,38,2.435,3.416,2.956,5,3,8,8,0.5,138.9,chain1_F_chain2_E,0,3,2,0,3,2,0,8,1,0,14,10,0,1,1,1,1,1,1,0,0,pass_conserved_motif,0.79252,0,
backbone_long,RAPCID_backbone_rapcid_backbone_91_model_3.cif.gz,/scratch/a2149a01/RAPCID_2610_output/backbone_long/RAPCID_backbone_rapcid_backbone_91_model_3.cif.gz,B,A,55,38,3.542,3.322,3.235,4,3,8,12,0.4,140.83,chain1_F_chain2_E,0,3,2,0,3,2,0,8,0,0,12,15,0,1,1,1,1,1,1,0,0,pass_conserved_motif,0.7423,0,
backbone_long,RAPCID_backbone_rapcid_backbone_91_model_4.cif.gz,/scratch/a2149a01/RAPCID_2610_output/backbone_long/RAPCID_backbone_rapcid_backbone_91_model_4.cif.gz,B,A,55,38,3.104,2.86,2.934,6,2,19,8,0.7037,110.68,chain1_F_chain2_E,1,2,1,0,2,1,0,13,1,1,10,10,0,1,1,1,1,1,1,0,0,pass_conserved_motif,0.55151,0,
backbone_long,RAPCID_backbone_rapcid_backbone_91_model_5.cif.gz,/scratch/a2149a01/RAPCID_2610_output/backbone_long/RAPCID_backbone_rapcid_backbone_91_model_5.cif.gz,B,A,55,38,3.184,3.608,2.696,4,2,9,3,0.75,153.04,chain1_F_chain2_E,0,3,1,0,3,1,0,2,0,0,12,9,0,1,1,0,1,1,1,0,0,pass_dual_rap_contact;pass_conserved_motif,0.66442,0,
backbone_long,RAPCID_backbone_rapcid_backbone_91_model_6.cif.gz,/scratch/a2149a01/RAPCID_2610_output/backbone_long/RAPCID_backbone_rapcid_backbone_91_model_6.cif.gz,B,A,55,38,2.566,3.353,2.729,5,4,12,16,0.4286,111.62,chain1_F_chain2_E,0,2,2,0,2,2,0,12,1,2,9,11,0,1,1,1,1,1,1,0,0,pass_conserved_motif,0.65778,0,
backbone_long,RAPCID_backbone_rapcid_backbone_91_model_7.cif.gz,/scratch/a2149a01/RAPCID_2610_output/backbone_long/RAPCID_backbone_rapcid_backbone_91_model_7.cif.gz,B,A,55,38,3.077,2.756,2.88,4,5,17,15,0.5312,117.25,chain1_F_chain2_E,1,2,1,0,2,1,0,11,1,1,10,15,0,1,1,1,1,1,1,0,0,pass_conserved_motif,0.65237,0,
backbone_long,RAPCID_backbone_rapcid_backbone_92_model_0.cif.gz,/scratch/a2149a01/RAPCID_2610_output/backbone_long/RAPCID_backbone_rapcid_backbone_92_model_0.cif.gz,B,A,48,33,3.752,3.385,2.828,6,5,21,16,0.5676,123.95,chain1_F_chain2_E,0,3,1,0,3,1,0,3,0,0,17,11,0,1,1,1,1,1,1,0,0,pass_conserved_motif,0.64542,0,
backbone_long,RAPCID_backbone_rapcid_backbone_92_model_1.cif.gz,/scratch/a2149a01/RAPCID_2610_output/backbone_long/RAPCID_backbone_rapcid_backbone_92_model_1.cif.gz,B,A,48,33,3.581,3.488,3.114,6,4,16,11,0.5926,152.26,chain1_F_chain2_E,0,3,1,0,3,1,0,3,0,0,16,11,2,1,1,1,1,1,1,1,1,,0.72978,1,111
backbone_long,RAPCID_backbone_rapcid_backbone_92_model_2.cif.gz,/scratch/a2149a01/RAPCID_2610_output/backbone_long/RAPCID_backbone_rapcid_backbone_92_model_2.cif.gz,B,A,48,33,3.271,2.839,3.277,6,5,21,12,0.6364,157.42,chain1_F_chain2_E,0,3,1,0,3,1,0,5,0,0,22,12,0,1,1,1,1,1,1,0,0,pass_conserved_motif,0.73946,0,
backbone_long,RAPCID_backbone_rapcid_backbone_92_model_3.cif.gz,/scratch/a2149a01/RAPCID_2610_output/backbone_long/RAPCID_backbone_rapcid_backbone_92_model_3.cif.gz,B,A,48,33,3.31,3.393,2.995,4,4,7,19,0.2692,133.26,chain1_F_chain2_E,0,2,2,0,2,2,1,11,0,1,10,10,0,1,1,1,1,1,1,0,0,pass_conserved_motif,0.6664,0,
backbone_long,RAPCID_backbone_rapcid_backbone_92_model_4.cif.gz,/scratch/a2149a01/RAPCID_2610_output/backbone_long/RAPCID_backbone_rapcid_backbone_92_model_4.cif.gz,B,A,48,33,3.215,3.53,3.413,6,4,17,8,0.68,161.34,chain1_F_chain2_E,0,3,1,0,3,1,0,2,0,0,15,10,0,1,1,1,1,1,1,0,0,pass_conserved_motif,0.70449,0,
backbone_long,RAPCID_backbone_rapcid_backbone_92_model_5.cif.gz,/scratch/a2149a01/RAPCID_2610_output/backbone_long/RAPCID_backbone_rapcid_backbone_92_model_5.cif.gz,B,A,48,33,9.819,3.279,2.691,5,4,18,9,0.6667,168.02,chain1_F_chain2_E,0,3,1,0,3,1,0,0,0,0,16,10,0,2,1,1,1,1,1,0,0,pass_conserved_motif,0.67756,0,
backbone_long,RAPCID_backbone_rapcid_backbone_92_model_6.cif.gz,/scratch/a2149a01/RAPCID_2610_output/backbone_long/RAPCID_backbone_rapcid_backbone_92_model_6.cif.gz,B,A,48,33,2.607,3.026,2.762,7,6,27,14,0.6585,164.62,chain1_F_chain2_E,1,3,1,0,3,1,0,4,1,1,18,10,1,1,1,1,1,1,1,1,1,,0.74546,1,73
backbone_long,RAPCID_backbone_rapcid_backbone_92_model_7.cif.gz,/scratch/a2149a01/RAPCID_2610_output/backbone_long/RAPCID_backbone_rapcid_backbone_92_model_7.cif.gz,B,A,48,33,3.65,3.399,2.397,9,6,31,18,0.6327,161.84,chain1_F_chain2_E,0,3,1,0,3,1,1,3,0,1,19,10,0,1,1,1,1,1,1,0,0,pass_conserved_motif,0.77199,0,
backbone_long,RAPCID_backbone_rapcid_backbone_93_model_0.cif.gz,/scratch/a2149a01/RAPCID_2610_output/backbone_long/RAPCID_backbone_rapcid_backbone_93_model_0.cif.gz,B,A,43,32,2.473,2.791,3.254,8,2,16,12,0.5714,142.12,chain1_F_chain2_E,1,3,2,0,3,2,1,15,0,1,14,13,0,1,1,1,1,1,1,0,0,pass_conserved_motif,0.76827,0,
backbone_long,RAPCID_backbone_rapcid_backbone_93_model_1.cif.gz,/scratch/a2149a01/RAPCID_2610_output/backbone_long/RAPCID_backbone_rapcid_backbone_93_model_1.cif.gz,B,A,43,32,3.198,2.666,2.985,4,3,11,12,0.4783,120.12,chain1_F_chain2_E,0,2,1,0,2,1,0,4,0,0,10,10,0,1,1,1,1,1,1,0,0,pass_conserved_motif,0.6274,0,
backbone_long,RAPCID_backbone_rapcid_backbone_93_model_2.cif.gz,/scratch/a2149a01/RAPCID_2610_output/backbone_long/RAPCID_backbone_rapcid_backbone_93_model_2.cif.gz,B,A,43,32,2.898,2.51,2.626,6,2,17,6,0.7391,137.59,chain1_F_chain2_E,1,2,1,0,2,1,0,7,1,0,12,7,0,1,1,1,1,1,1,0,0,pass_conserved_motif,0.63036,0,
backbone_long,RAPCID_backbone_rapcid_backbone_93_model_3.cif.gz,/scratch/a2149a01/RAPCID_2610_output/backbone_long/RAPCID_backbone_rapcid_backbone_93_model_3.cif.gz,B,A,43,32,2.724,2.207,2.954,3,5,13,11,0.5417,111.27,chain1_F_chain2_E,1,2,1,0,2,1,0,9,0,1,8,10,0,1,1,1,1,1,1,0,0,pass_conserved_motif,0.62162,0,
backbone_long,RAPCID_backbone_rapcid_backbone_93_model_4.cif.gz,/scratch/a2149a01/RAPCID_2610_output/backbone_long/RAPCID_backbone_rapcid_backbone_93_model_4.cif.gz,B,A,43,32,3.452,3.399,2.58,6,3,12,12,0.5,134.36,chain1_F_chain2_E,1,2,2,0,2,2,1,13,0,1,13,8,0,1,1,1,1,1,1,0,0,pass_conserved_motif,0.7524,0,
backbone_long,RAPCID_backbone_rapcid_backbone_93_model_5.cif.gz,/scratch/a2149a01/RAPCID_2610_output/backbone_long/RAPCID_backbone_rapcid_backbone_93_model_5.cif.gz,B,A,43,32,3.249,3.185,2.787,6,6,12,17,0.4138,119.15,chain1_F_chain2_E,0,3,1,0,3,1,0,4,1,1,11,9,0,2,1,1,1,1,1,0,0,pass_conserved_motif,0.6603,0,
backbone_long,RAPCID_backbone_rapcid_backbone_93_model_6.cif.gz,/scratch/a2149a01/RAPCID_2610_output/backbone_long/RAPCID_backbone_rapcid_backbone_93_model_6.cif.gz,B,A,43,32,5.717,3.104,2.453,5,3,13,7,0.65,130.43,chain1_F_chain2_E,0,3,1,0,3,1,0,0,0,0,10,12,0,1,1,1,1,1,1,0,0,pass_conserved_motif,0.61904,0,
backbone_long,RAPCID_backbone_rapcid_backbone_93_model_7.cif.gz,/scratch/a2149a01/RAPCID_2610_output/backbone_long/RAPCID_backbone_rapcid_backbone_93_model_7.cif.gz,B,A,43,32,3.375,2.701,2.851,3,6,7,14,0.3333,92.85,chain1_F_chain2_E,0,2,1,0,2,1,0,8,1,1,11,11,0,1,1,1,1,1,1,0,0,pass_conserved_motif,0.53187,0,
backbone_long,RAPCID_backbone_rapcid_backbone_94_model_0.cif.gz,/scratch/a2149a01/RAPCID_2610_output/backbone_long/RAPCID_backbone_rapcid_backbone_94_model_0.cif.gz,A,B,39,37,6.365,3.075,3.262,3,5,11,12,0.4783,120.6,chain1_E_chain2_F,1,0,0,3,1,3,0,0,0,0,10,11,1,0,1,1,1,1,1,0,0,pass_conserved_motif,0.63759,0,
backbone_long,RAPCID_backbone_rapcid_backbone_94_model_1.cif.gz,/scratch/a2149a01/RAPCID_2610_output/backbone_long/RAPCID_backbone_rapcid_backbone_94_model_1.cif.gz,A,B,39,37,5.382,2.88,3.186,3,5,8,11,0.4211,139.9,chain1_E_chain2_F,1,0,0,3,1,3,0,0,0,0,10,16,1,0,1,1,1,1,1,0,0,pass_conserved_motif,0.67903,0,
backbone_long,RAPCID_backbone_rapcid_backbone_94_model_2.cif.gz,/scratch/a2149a01/RAPCID_2610_output/backbone_long/RAPCID_backbone_rapcid_backbone_94_model_2.cif.gz,A,B,39,37,3.53,2.75,2.91,4,5,12,13,0.48,126.97,chain1_E_chain2_F,1,0,1,2,1,2,0,3,1,0,10,9,2,1,1,1,1,1,1,1,1,,0.6626,1,335
backbone_long,RAPCID_backbone_rapcid_backbone_94_model_3.cif.gz,/scratch/a2149a01/RAPCID_2610_output/backbone_long/RAPCID_backbone_rapcid_backbone_94_model_3.cif.gz,A,B,39,37,2.729,3.017,2.95,3,6,7,24,0.2258,105.28,chain1_E_chain2_F,1,0,0,3,1,3,0,9,2,2,8,14,1,0,1,1,1,1,1,0,0,pass_conserved_motif,0.58722,0,
backbone_long,RAPCID_backbone_rapcid_backbone_94_model_4.cif.gz,/scratch/a2149a01/RAPCID_2610_output/backbone_long/RAPCID_backbone_rapcid_backbone_94_model_4.cif.gz,A,B,39,37,2.953,2.656,3.014,6,4,13,16,0.4483,112.35,chain1_E_chain2_F,1,0,1,2,1,2,0,14,1,0,13,9,1,0,1,1,1,1,1,0,0,pass_conserved_motif,0.59619,0,
backbone_long,RAPCID_backbone_rapcid_backbone_94_model_5.cif.gz,/scratch/a2149a01/RAPCID_2610_output/backbone_long/RAPCID_backbone_rapcid_backbone_94_model_5.cif.gz,A,B,39,37,3.078,2.81,3.309,3,5,9,10,0.4737,124.88,chain1_E_chain2_F,1,0,0,2,1,2,0,6,0,1,10,8,2,0,1,1,1,1,1,0,0,pass_conserved_motif,0.66811,0,
backbone_long,RAPCID_backbone_rapcid_backbone_94_model_6.cif.gz,/scratch/a2149a01/RAPCID_2610_output/backbone_long/RAPCID_backbone_rapcid_backbone_94_model_6.cif.gz,A,B,39,37,2.992,2.675,2.88,7,4,25,21,0.5435,101.47,chain1_E_chain2_F,2,0,1,2,2,2,0,16,1,1,12,10,1,1,1,1,1,1,1,1,1,,0.59846,1,507
backbone_long,RAPCID_backbone_rapcid_backbone_94_model_7.cif.gz,/scratch/a2149a01/RAPCID_2610_output/backbone_long/RAPCID_backbone_rapcid_backbone_94_model_7.cif.gz,A,B,39,37,3.314,3.012,3.283,2,4,4,10,0.2857,127.34,chain1_E_chain2_F,1,0,1,3,1,3,0,6,0,0,8,11,2,0,1,1,1,1,1,0,0,pass_conserved_motif,0.61304,0,
backbone_long,RAPCID_backbone_rapcid_backbone_95_model_0.cif.gz,/scratch/a2149a01/RAPCID_2610_output/backbone_long/RAPCID_backbone_rapcid_backbone_95_model_0.cif.gz,B,A,50,45,2.88,3.163,3.203,5,5,9,10,0.4737,122.71,chain1_F_chain2_E,0,2,1,0,2,1,0,16,0,0,8,10,0,1,1,1,1,1,1,0,0,pass_conserved_motif,0.61421,0,
backbone_long,RAPCID_backbone_rapcid_backbone_95_model_1.cif.gz,/scratch/a2149a01/RAPCID_2610_output/backbone_long/RAPCID_backbone_rapcid_backbone_95_model_1.cif.gz,B,A,50,45,2.857,2.747,2.665,4,5,16,20,0.4444,99.42,chain1_F_chain2_E,1,2,1,0,2,1,0,17,1,1,9,10,0,4,1,1,1,1,1,0,0,pass_conserved_motif,0.55323,0,
backbone_long,RAPCID_backbone_rapcid_backbone_95_model_2.cif.gz,/scratch/a2149a01/RAPCID_2610_output/backbone_long/RAPCID_backbone_rapcid_backbone_95_model_2.cif.gz,B,A,50,45,3.444,3.291,2.74,5,5,12,16,0.4286,110.58,chain1_F_chain2_E,1,3,1,0,3,1,0,13,1,2,10,12,0,1,1,1,1,1,1,0,0,pass_conserved_motif,0.64932,0,
backbone_long,RAPCID_backbone_rapcid_backbone_95_model_3.cif.gz,/scratch/a2149a01/RAPCID_2610_output/backbone_long/RAPCID_backbone_rapcid_backbone_95_model_3.cif.gz,B,A,50,45,3.245,2.446,2.798,4,4,13,13,0.5,110.92,chain1_F_chain2_E,1,2,1,0,2,1,0,10,0,0,8,10,0,1,1,1,1,1,1,0,0,pass_conserved_motif,0.61545,0,
backbone_long,RAPCID_backbone_rapcid_backbone_95_model_4.cif.gz,/scratch/a2149a01/RAPCID_2610_output/backbone_long/RAPCID_backbone_rapcid_backbone_95_model_4.cif.gz,B,A,50,45,3.906,2.95,2.588,5,4,9,9,0.5,133.14,chain1_F_chain2_E,0,3,1,0,3,1,0,1,0,0,11,9,0,1,1,1,1,1,1,0,0,pass_conserved_motif,0.6931,0,
backbone_long,RAPCID_backbone_rapcid_backbone_95_model_5.cif.gz,/scratch/a2149a01/RAPCID_2610_output/backbone_long/RAPCID_backbone_rapcid_backbone_95_model_5.cif.gz,B,A,50,45,2.752,2.541,2.232,7,5,26,14,0.65,101.79,chain1_F_chain2_E,2,2,2,0,2,2,0,13,2,1,10,13,0,1,1,1,1,1,1,0,0,pass_conserved_motif,0.58858,0,
backbone_long,RAPCID_backbone_rapcid_backbone_95_model_6.cif.gz,/scratch/a2149a01/RAPCID_2610_output/backbone_long/RAPCID_backbone_rapcid_backbone_95_model_6.cif.gz,B,A,50,45,2.748,2.638,3.132,6,6,19,10,0.6552,115.33,chain1_F_chain2_E,0,2,1,0,2,1,0,12,0,1,9,10,0,1,1,1,1,1,1,0,0,pass_conserved_motif,0.57474,0,
backbone_long,RAPCID_backbone_rapcid_backbone_95_model_7.cif.gz,/scratch/a2149a01/RAPCID_2610_output/backbone_long/RAPCID_backbone_rapcid_backbone_95_model_7.cif.gz,B,A,50,45,2.655,2.857,2.833,4,3,16,7,0.6957,120.91,chain1_F_chain2_E,1,2,1,0,2,1,0,17,0,0,9,15,0,1,1,1,1,1,1,0,0,pass_conserved_motif,0.53548,0,
backbone_long,RAPCID_backbone_rapcid_backbone_96_model_0.cif.gz,/scratch/a2149a01/RAPCID_2610_output/backbone_long/RAPCID_backbone_rapcid_backbone_96_model_0.cif.gz,B,A,44,39,3.034,3.138,2.81,5,2,14,5,0.7368,170.58,chain1_F_chain2_E,0,3,1,0,3,1,0,21,0,0,15,10,0,1,1,1,1,1,1,0,0,pass_conserved_motif,0.61596,0,
backbone_long,RAPCID_backbone_rapcid_backbone_96_model_1.cif.gz,/scratch/a2149a01/RAPCID_2610_output/backbone_long/RAPCID_backbone_rapcid_backbone_96_model_1.cif.gz,B,A,44,39,3.574,3.4,2.754,5,4,16,14,0.5333,171.06,chain1_F_chain2_E,0,3,1,0,3,1,0,4,0,0,17,9,0,1,1,1,1,1,1,0,0,pass_conserved_motif,0.74075,0,
backbone_long,RAPCID_backbone_rapcid_backbone_96_model_2.cif.gz,/scratch/a2149a01/RAPCID_2610_output/backbone_long/RAPCID_backbone_rapcid_backbone_96_model_2.cif.gz,B,A,44,39,3.465,3.705,2.972,6,4,15,8,0.6522,171.62,chain1_F_chain2_E,0,3,1,0,3,1,0,7,0,0,17,10,0,1,1,1,1,1,1,0,0,pass_conserved_motif,0.70635,0,
backbone_long,RAPCID_backbone_rapcid_backbone_96_model_3.cif.gz,/scratch/a2149a01/RAPCID_2610_output/backbone_long/RAPCID_backbone_rapcid_backbone_96_model_3.cif.gz,B,A,44,39,3.404,3.255,3.025,5,4,16,13,0.5517,162.24,chain1_F_chain2_E,0,3,1,0,3,1,0,5,0,0,16,10,0,1,1,1,1,1,1,0,0,pass_conserved_motif,0.76781,0,
backbone_long,RAPCID_backbone_rapcid_backbone_96_model_4.cif.gz,/scratch/a2149a01/RAPCID_2610_output/backbone_long/RAPCID_backbone_rapcid_backbone_96_model_4.cif.gz,B,A,44,39,2.523,3.176,2.733,5,3,19,10,0.6552,157.77,chain1_F_chain2_E,0,3,1,0,3,1,0,7,0,0,15,10,0,1,1,1,1,1,1,0,0,pass_conserved_motif,0.74311,0,
backbone_long,RAPCID_backbone_rapcid_backbone_96_model_5.cif.gz,/scratch/a2149a01/RAPCID_2610_output/backbone_long/RAPCID_backbone_rapcid_backbone_96_model_5.cif.gz,B,A,44,39,2.109,3.068,1.872,6,9,26,15,0.6341,140.43,chain1_F_chain2_E,0,3,1,0,3,1,0,14,2,1,17,10,0,1,0,1,1,1,1,0,0,pass_no_clash;pass_conserved_motif,0.71872,0,
backbone_long,RAPCID_backbone_rapcid_backbone_96_model_6.cif.gz,/scratch/a2149a01/RAPCID_2610_output/backbone_long/RAPCID_backbone_rapcid_backbone_96_model_6.cif.gz,B,A,44,39,2.618,3.246,2.368,6,6,18,15,0.5455,142.55,chain1_F_chain2_E,0,3,1,0,3,1,0,22,0,1,16,12,0,2,1,1,1,1,1,0,0,pass_conserved_motif,0.68793,0,
backbone_long,RAPCID_backbone_rapcid_backbone_96_model_7.cif.gz,/scratch/a2149a01/RAPCID_2610_output/backbone_long/RAPCID_backbone_rapcid_backbone_96_model_7.cif.gz,B,A,44,39,3.272,3.572,2.2,6,6,20,13,0.6061,144.03,chain1_F_chain2_E,0,3,1,0,3,1,0,7,0,0,15,10,1,1,1,1,1,1,1,1,1,,0.71695,1,146
backbone_long,RAPCID_backbone_rapcid_backbone_97_model_0.cif.gz,/scratch/a2149a01/RAPCID_2610_output/backbone_long/RAPCID_backbone_rapcid_backbone_97_model_0.cif.gz,B,A,47,37,3.189,3.266,3.013,4,5,17,10,0.6296,148.19,chain1_F_chain2_E,0,3,2,0,3,2,0,3,0,0,15,14,0,1,1,1,1,1,1,0,0,pass_conserved_motif,0.72998,0,
backbone_long,RAPCID_backbone_rapcid_backbone_97_model_1.cif.gz,/scratch/a2149a01/RAPCID_2610_output/backbone_long/RAPCID_backbone_rapcid_backbone_97_model_1.cif.gz,B,A,47,37,3.333,2.492,2.717,4,4,17,10,0.6296,115.2,chain1_F_chain2_E,1,2,1,0,2,1,0,2,1,1,8,10,0,1,1,1,1,1,1,0,0,pass_conserved_motif,0.5912,0,
backbone_long,RAPCID_backbone_rapcid_backbone_97_model_2.cif.gz,/scratch/a2149a01/RAPCID_2610_output/backbone_long/RAPCID_backbone_rapcid_backbone_97_model_2.cif.gz,B,A,47,37,3.107,3.242,2.759,6,3,18,7,0.72,115.47,chain1_F_chain2_E,1,3,1,0,3,1,0,13,1,1,10,11,2,1,1,1,1,1,1,1,1,,0.5895,1,527
backbone_long,RAPCID_backbone_rapcid_backbone_97_model_3.cif.gz,/scratch/a2149a01/RAPCID_2610_output/backbone_long/RAPCID_backbone_rapcid_backbone_97_model_3.cif.gz,B,A,47,37,11.801,3.297,2.834,4,2,11,4,0.7333,156.72,chain1_F_chain2_E,0,3,1,0,3,1,0,0,0,0,10,7,0,2,1,1,1,1,1,0,0,pass_conserved_motif,0.67334,0,
backbone_long,RAPCID_backbone_rapcid_backbone_97_model_4.cif.gz,/scratch/a2149a01/RAPCID_2610_output/backbone_long/RAPCID_backbone_rapcid_backbone_97_model_4.cif.gz,B,A,47,37,3.33,3.509,2.999,6,5,11,8,0.5789,145.7,chain1_F_chain2_E,0,3,2,0,3,2,0,4,0,0,15,8,0,1,1,1,1,1,1,0,0,pass_conserved_motif,0.74695,0,
backbone_long,RAPCID_backbone_rapcid_backbone_97_model_5.cif.gz,/scratch/a2149a01/RAPCID_2610_output/backbone_long/RAPCID_backbone_rapcid_backbone_97_model_5.cif.gz,B,A,47,37,3.084,3.52,2.763,6,3,14,6,0.7,123.61,chain1_F_chain2_E,0,3,1,0,3,1,0,6,0,0,13,6,0,1,1,1,1,1,1,0,0,pass_conserved_motif,0.60631,0,
backbone_long,RAPCID_backbone_rapcid_backbone_97_model_6.cif.gz,/scratch/a2149a01/RAPCID_2610_output/backbone_long/RAPCID_backbone_rapcid_backbone_97_model_6.cif.gz,B,A,47,37,2.838,2.656,2.642,3,6,14,17,0.4516,114.5,chain1_F_chain2_E,1,2,3,0,2,3,0,8,0,0,11,11,2,1,1,1,1,1,1,1,1,,0.67518,1,285
backbone_long,RAPCID_backbone_rapcid_backbone_97_model_7.cif.gz,/scratch/a2149a01/RAPCID_2610_output/backbone_long/RAPCID_backbone_rapcid_backbone_97_model_7.cif.gz,B,A,47,37,3.265,2.709,2.503,6,5,13,11,0.5417,123.32,chain1_F_chain2_E,0,3,1,0,3,1,0,10,0,0,11,9,1,2,1,1,1,1,1,1,1,,0.66868,1,316
backbone_long,RAPCID_backbone_rapcid_backbone_98_model_0.cif.gz,/scratch/a2149a01/RAPCID_2610_output/backbone_long/RAPCID_backbone_rapcid_backbone_98_model_0.cif.gz,A,B,44,43,3.239,2.691,3.035,6,4,17,13,0.5667,120.42,chain1_E_chain2_F,2,0,0,2,2,2,0,5,1,0,11,9,1,0,1,1,1,1,1,0,0,pass_conserved_motif,0.66069,0,
backbone_long,RAPCID_backbone_rapcid_backbone_98_model_1.cif.gz,/scratch/a2149a01/RAPCID_2610_output/backbone_long/RAPCID_backbone_rapcid_backbone_98_model_1.cif.gz,A,B,44,43,3.025,2.709,2.594,5,4,18,14,0.5625,111.2,chain1_E_chain2_F,2,0,0,2,2,2,0,14,0,0,17,8,1,0,1,1,1,1,1,0,0,pass_conserved_motif,0.59996,0,
backbone_long,RAPCID_backbone_rapcid_backbone_98_model_2.cif.gz,/scratch/a2149a01/RAPCID_2610_output/backbone_long/RAPCID_backbone_rapcid_backbone_98_model_2.cif.gz,A,B,44,43,3.64,2.843,2.325,4,5,15,13,0.5357,128.35,chain1_E_chain2_F,2,0,1,2,2,2,0,2,0,0,10,13,2,0,1,1,1,1,1,0,0,pass_conserved_motif,0.66784,0,
backbone_long,RAPCID_backbone_rapcid_backbone_98_model_3.cif.gz,/scratch/a2149a01/RAPCID_2610_output/backbone_long/RAPCID_backbone_rapcid_backbone_98_model_3.cif.gz,A,B,44,43,3.139,3.138,3.251,4,4,10,10,0.5,122.75,chain1_E_chain2_F,2,0,0,2,2,2,0,11,1,1,12,9,1,0,1,1,1,1,1,0,0,pass_conserved_motif,0.7118,0,
backbone_long,RAPCID_backbone_rapcid_backbone_98_model_4.cif.gz,/scratch/a2149a01/RAPCID_2610_output/backbone_long/RAPCID_backbone_rapcid_backbone_98_model_4.cif.gz,A,B,44,43,3.494,3.09,2.78,4,4,11,10,0.5238,126.77,chain1_E_chain2_F,1,0,0,2,1,2,0,2,0,0,11,10,1,0,1,1,1,1,1,0,0,pass_conserved_motif,0.63876,0,
backbone_long,RAPCID_backbone_rapcid_backbone_98_model_5.cif.gz,/scratch/a2149a01/RAPCID_2610_output/backbone_long/RAPCID_backbone_rapcid_backbone_98_model_5.cif.gz,A,B,44,43,3.26,2.713,2.666,4,6,17,17,0.5,115.11,chain1_E_chain2_F,2,0,1,2,2,2,1,14,1,1,11,11,1,0,1,1,1,1,1,0,0,pass_conserved_motif,0.69989,0,
backbone_long,RAPCID_backbone_rapcid_backbone_98_model_6.cif.gz,/scratch/a2149a01/RAPCID_2610_output/backbone_long/RAPCID_backbone_rapcid_backbone_98_model_6.cif.gz,A,B,44,43,2.887,3.007,2.527,5,4,11,18,0.3793,119.14,chain1_E_chain2_F,1,0,1,2,1,2,0,8,0,0,10,11,1,0,1,1,1,1,1,0,0,pass_conserved_motif,0.60456,0,
backbone_long,RAPCID_backbone_rapcid_backbone_98_model_7.cif.gz,/scratch/a2149a01/RAPCID_2610_output/backbone_long/RAPCID_backbone_rapcid_backbone_98_model_7.cif.gz,A,B,44,43,3.484,2.291,2.757,4,5,10,18,0.3571,115.54,chain1_E_chain2_F,1,0,1,2,1,2,0,10,0,0,8,10,1,1,1,1,1,1,1,1,1,,0.5737,1,562
backbone_long,RAPCID_backbone_rapcid_backbone_99_model_0.cif.gz,/scratch/a2149a01/RAPCID_2610_output/backbone_long/RAPCID_backbone_rapcid_backbone_99_model_0.cif.gz,B,A,40,30,3.371,3.779,3.123,6,6,10,9,0.5263,143.03,chain1_F_chain2_E,0,3,1,0,3,1,0,1,0,0,14,12,0,1,1,1,1,1,1,0,0,pass_conserved_motif,0.71553,0,
backbone_long,RAPCID_backbone_rapcid_backbone_99_model_1.cif.gz,/scratch/a2149a01/RAPCID_2610_output/backbone_long/RAPCID_backbone_rapcid_backbone_99_model_1.cif.gz,B,A,40,30,8.388,3.744,2.991,6,4,19,10,0.6552,153.36,chain1_F_chain2_E,0,3,2,0,3,2,0,0,0,0,15,14,0,2,1,1,1,1,1,0,0,pass_conserved_motif,0.722,0,
backbone_long,RAPCID_backbone_rapcid_backbone_99_model_2.cif.gz,/scratch/a2149a01/RAPCID_2610_output/backbone_long/RAPCID_backbone_rapcid_backbone_99_model_2.cif.gz,B,A,40,30,6.808,3.502,2.429,6,5,17,15,0.5312,157.67,chain1_F_chain2_E,0,3,1,0,3,1,0,0,0,0,16,13,0,2,1,1,1,1,1,0,0,pass_conserved_motif,0.75735,0,
backbone_long,RAPCID_backbone_rapcid_backbone_99_model_3.cif.gz,/scratch/a2149a01/RAPCID_2610_output/backbone_long/RAPCID_backbone_rapcid_backbone_99_model_3.cif.gz,B,A,40,30,4.19,3.313,2.779,6,8,19,20,0.4872,138.4,chain1_F_chain2_E,0,3,2,0,3,2,0,0,0,0,19,14,0,1,1,1,1,1,1,0,0,pass_conserved_motif,0.72906,0,
backbone_long,RAPCID_backbone_rapcid_backbone_99_model_4.cif.gz,/scratch/a2149a01/RAPCID_2610_output/backbone_long/RAPCID_backbone_rapcid_backbone_99_model_4.cif.gz,B,A,40,30,9.905,3.555,3.26,6,5,18,11,0.6207,151.11,chain1_F_chain2_E,0,3,1,0,3,1,0,0,0,0,16,9,2,1,1,1,1,1,1,1,1,,0.69972,1,199
backbone_long,RAPCID_backbone_rapcid_backbone_99_model_5.cif.gz,/scratch/a2149a01/RAPCID_2610_output/backbone_long/RAPCID_backbone_rapcid_backbone_99_model_5.cif.gz,B,A,40,30,4.056,3.473,2.994,5,7,16,18,0.4706,150.02,chain1_F_chain2_E,0,3,1,0,3,1,0,0,0,0,15,13,0,1,1,1,1,1,1,0,0,pass_conserved_motif,0.73259,0,
backbone_long,RAPCID_backbone_rapcid_backbone_99_model_6.cif.gz,/scratch/a2149a01/RAPCID_2610_output/backbone_long/RAPCID_backbone_rapcid_backbone_99_model_6.cif.gz,B,A,40,30,3.239,3.043,3.256,8,3,22,7,0.7586,119.09,chain1_F_chain2_E,0,3,1,0,3,1,0,6,1,1,17,10,0,1,1,1,1,1,1,0,0,pass_conserved_motif,0.60113,0,
backbone_long,RAPCID_backbone_rapcid_backbone_99_model_7.cif.gz,/scratch/a2149a01/RAPCID_2610_output/backbone_long/RAPCID_backbone_rapcid_backbone_99_model_7.cif.gz,B,A,40,30,3.516,3.397,2.279,5,6,16,14,0.5333,142.61,chain1_F_chain2_E,0,3,1,0,3,1,0,1,0,1,15,12,0,1,1,1,1,1,1,0,0,pass_conserved_motif,0.72798,0,
backbone_long,RAPCID_backbone_rapcid_backbone_9_model_0.cif.gz,/scratch/a2149a01/RAPCID_2610_output/backbone_long/RAPCID_backbone_rapcid_backbone_9_model_0.cif.gz,A,B,34,26,10.357,2.973,3.74,3,5,10,10,0.5,150.47,chain1_E_chain2_F,1,0,0,3,1,3,0,0,0,0,9,15,1,0,1,1,1,1,1,0,0,pass_conserved_motif,0.74587,0,
backbone_long,RAPCID_backbone_rapcid_backbone_9_model_1.cif.gz,/scratch/a2149a01/RAPCID_2610_output/backbone_long/RAPCID_backbone_rapcid_backbone_9_model_1.cif.gz,A,B,34,26,2.585,2.804,3.392,7,4,18,16,0.5294,142.85,chain1_E_chain2_F,1,0,0,2,1,2,0,6,0,0,12,16,1,1,1,1,1,1,1,1,1,,0.71012,1,167
backbone_long,RAPCID_backbone_rapcid_backbone_9_model_2.cif.gz,/scratch/a2149a01/RAPCID_2610_output/backbone_long/RAPCID_backbone_rapcid_backbone_9_model_2.cif.gz,A,B,34,26,3.872,2.334,3.328,6,5,13,19,0.4062,140.07,chain1_E_chain2_F,1,0,0,3,1,3,0,1,0,0,12,15,1,0,1,1,1,1,1,0,0,pass_conserved_motif,0.67869,0,
backbone_long,RAPCID_backbone_rapcid_backbone_9_model_3.cif.gz,/scratch/a2149a01/RAPCID_2610_output/backbone_long/RAPCID_backbone_rapcid_backbone_9_model_3.cif.gz,A,B,34,26,2.6,2.064,3.21,8,5,19,19,0.5,140.6,chain1_E_chain2_F,1,0,0,3,1,3,0,9,0,0,12,15,1,0,1,1,1,1,1,0,0,pass_conserved_motif,0.74797,0,
backbone_long,RAPCID_backbone_rapcid_backbone_9_model_4.cif.gz,/scratch/a2149a01/RAPCID_2610_output/backbone_long/RAPCID_backbone_rapcid_backbone_9_model_4.cif.gz,A,B,34,26,3.004,2.365,3.313,6,5,16,18,0.4706,148.03,chain1_E_chain2_F,2,0,0,3,2,3,0,8,0,1,12,15,1,0,1,1,1,1,1,0,0,pass_conserved_motif,0.81118,0,
backbone_long,RAPCID_backbone_rapcid_backbone_9_model_5.cif.gz,/scratch/a2149a01/RAPCID_2610_output/backbone_long/RAPCID_backbone_rapcid_backbone_9_model_5.cif.gz,A,B,34,26,2.439,2.189,3.391,6,6,12,21,0.3636,147.8,chain1_E_chain2_F,1,0,0,3,1,3,0,6,0,0,10,16,1,0,1,1,1,1,1,0,0,pass_conserved_motif,0.71241,0,
backbone_long,RAPCID_backbone_rapcid_backbone_9_model_6.cif.gz,/scratch/a2149a01/RAPCID_2610_output/backbone_long/RAPCID_backbone_rapcid_backbone_9_model_6.cif.gz,A,B,34,26,3.133,2.108,3.237,6,5,13,19,0.4062,146.11,chain1_E_chain2_F,1,0,0,3,1,3,0,4,0,0,12,16,1,0,1,1,1,1,1,0,0,pass_conserved_motif,0.71381,0,
backbone_long,RAPCID_backbone_rapcid_backbone_9_model_7.cif.gz,/scratch/a2149a01/RAPCID_2610_output/backbone_long/RAPCID_backbone_rapcid_backbone_9_model_7.cif.gz,A,B,34,26,3.116,1.907,3.273,7,5,15,16,0.4839,141.39,chain1_E_chain2_F,1,0,0,3,1,3,0,3,0,1,12,16,2,0,0,1,1,1,1,0,0,pass_no_clash;pass_conserved_motif,0.74079,0,
