group,file,path,chain1,chain2,chain1_length,chain2_length,min_chain_chain_dist_A,min_chain1_RAP_dist_A,min_chain2_RAP_dist_A,chain1_RAP_contact_residues,chain2_RAP_contact_residues,chain1_RAP_contact_atoms,chain2_RAP_contact_atoms,RAP_contact_balance_chain1,RAP_face_angle_deg,orientation,chain1_E_hotspots,chain1_F_hotspots,chain2_E_hotspots,chain2_F_hotspots,assigned_face1_hotspots,assigned_face2_hotspots,shared_seam_contact,direct_residue_pairs_4A,chain1_tripartite_residues,chain2_tripartite_residues,assigned_chain1_reachable_residues,assigned_chain2_reachable_residues,chain1_TYR_count,chain2_TYR_count,pass_no_clash,pass_dual_rap_contact,pass_contact_balance,pass_face_angle,pass_direct_interface,pass_conserved_motif,hard_pass,failed_filters,soft_score,selected_final,selected_rank_global
backbone_denovo,RAPCID_backbone_rapcid_backbone_0_model_0.cif.gz,/scratch/a2149a01/RAPCID_2610_output/backbone_denovo/RAPCID_backbone_rapcid_backbone_0_model_0.cif.gz,B,A,63,54,2.969,2.793,3.219,5,6,9,16,0.36,79.38,chain1_E_chain2_F,1,1,0,3,1,3,0,52,1,0,9,14,0,0,1,1,1,1,0,1,0,pass_direct_interface,0.40956,0,
backbone_denovo,RAPCID_backbone_rapcid_backbone_0_model_1.cif.gz,/scratch/a2149a01/RAPCID_2610_output/backbone_denovo/RAPCID_backbone_rapcid_backbone_0_model_1.cif.gz,B,A,63,54,2.563,4.259,2.882,2,2,2,4,0.3333,19.03,chain1_E_chain2_F,0,1,0,1,0,1,0,42,0,1,0,9,0,0,1,0,1,0,0,1,0,pass_dual_rap_contact;pass_face_angle;pass_direct_interface,0.26857,0,
backbone_denovo,RAPCID_backbone_rapcid_backbone_0_model_2.cif.gz,/scratch/a2149a01/RAPCID_2610_output/backbone_denovo/RAPCID_backbone_rapcid_backbone_0_model_2.cif.gz,B,A,63,54,2.086,3.606,3.342,5,3,15,8,0.6522,69.58,chain1_F_chain2_E,0,3,1,0,3,1,0,63,1,1,13,10,0,0,1,1,1,1,0,1,0,pass_direct_interface,0.38867,0,
backbone_denovo,RAPCID_backbone_rapcid_backbone_0_model_3.cif.gz,/scratch/a2149a01/RAPCID_2610_output/backbone_denovo/RAPCID_backbone_rapcid_backbone_0_model_3.cif.gz,B,A,63,54,2.22,1.617,8.525,4,0,15,0,1.0,nan,chain1_E_chain2_F,1,0,0,0,1,0,0,46,0,0,8,0,1,0,0,0,0,0,0,1,0,pass_no_clash;pass_dual_rap_contact;pass_contact_balance;pass_face_angle;pass_direct_interface,0.10857,0,
backbone_denovo,RAPCID_backbone_rapcid_backbone_0_model_4.cif.gz,/scratch/a2149a01/RAPCID_2610_output/backbone_denovo/RAPCID_backbone_rapcid_backbone_0_model_4.cif.gz,B,A,63,54,10.03,23.609,3.044,0,11,0,30,0.0,nan,chain1_F_chain2_E,0,0,2,1,0,2,0,0,0,0,0,20,0,0,1,0,0,0,1,1,0,pass_dual_rap_contact;pass_contact_balance;pass_face_angle,0.21714,0,
backbone_denovo,RAPCID_backbone_rapcid_backbone_0_model_5.cif.gz,/scratch/a2149a01/RAPCID_2610_output/backbone_denovo/RAPCID_backbone_rapcid_backbone_0_model_5.cif.gz,B,A,63,54,2.476,2.658,3.115,6,1,23,3,0.8846,61.46,chain1_E_chain2_F,2,0,0,0,2,0,0,40,1,1,8,0,0,0,1,0,1,1,1,1,0,pass_dual_rap_contact,0.21663,0,
backbone_denovo,RAPCID_backbone_rapcid_backbone_0_model_6.cif.gz,/scratch/a2149a01/RAPCID_2610_output/backbone_denovo/RAPCID_backbone_rapcid_backbone_0_model_6.cif.gz,B,A,63,54,2.257,3.102,3.476,5,7,9,11,0.45,63.28,chain1_E_chain2_F,1,1,0,3,1,3,0,45,3,1,9,12,0,0,1,1,1,1,0,1,0,pass_direct_interface,0.46095,0,
backbone_denovo,RAPCID_backbone_rapcid_backbone_0_model_7.cif.gz,/scratch/a2149a01/RAPCID_2610_output/backbone_denovo/RAPCID_backbone_rapcid_backbone_0_model_7.cif.gz,B,A,63,54,2.357,2.821,8.884,4,0,18,0,1.0,nan,chain1_E_chain2_F,2,0,0,0,2,0,0,50,0,0,10,0,1,0,1,0,0,0,0,1,0,pass_dual_rap_contact;pass_contact_balance;pass_face_angle;pass_direct_interface,0.15714,0,
backbone_denovo,RAPCID_backbone_rapcid_backbone_100_model_0.cif.gz,/scratch/a2149a01/RAPCID_2610_output/backbone_denovo/RAPCID_backbone_rapcid_backbone_100_model_0.cif.gz,B,A,35,34,2.616,3.243,3.572,3,4,7,11,0.3889,51.91,chain1_E_chain2_F,1,0,1,0,1,0,0,25,1,0,8,6,0,0,1,1,1,0,1,1,0,pass_face_angle,0.31579,0,
backbone_denovo,RAPCID_backbone_rapcid_backbone_100_model_1.cif.gz,/scratch/a2149a01/RAPCID_2610_output/backbone_denovo/RAPCID_backbone_rapcid_backbone_100_model_1.cif.gz,B,A,35,34,2.448,3.387,3.177,3,4,6,15,0.2857,83.07,chain1_F_chain2_E,0,3,1,0,3,1,0,36,1,1,11,10,0,0,1,1,1,1,1,1,1,,0.40881,1,866
backbone_denovo,RAPCID_backbone_rapcid_backbone_100_model_2.cif.gz,/scratch/a2149a01/RAPCID_2610_output/backbone_denovo/RAPCID_backbone_rapcid_backbone_100_model_2.cif.gz,B,A,35,34,2.796,3.494,3.303,4,3,12,11,0.5217,71.08,chain1_E_chain2_F,2,0,1,0,2,0,0,24,0,1,9,5,0,0,1,1,1,1,1,1,1,,0.39205,1,910
backbone_denovo,RAPCID_backbone_rapcid_backbone_100_model_3.cif.gz,/scratch/a2149a01/RAPCID_2610_output/backbone_denovo/RAPCID_backbone_rapcid_backbone_100_model_3.cif.gz,B,A,35,34,2.648,3.42,2.138,2,4,5,20,0.2,46.68,chain1_E_chain2_F,2,0,1,1,2,1,0,29,1,1,7,3,0,0,1,1,1,0,1,1,0,pass_face_angle,0.29905,0,
backbone_denovo,RAPCID_backbone_rapcid_backbone_100_model_4.cif.gz,/scratch/a2149a01/RAPCID_2610_output/backbone_denovo/RAPCID_backbone_rapcid_backbone_100_model_4.cif.gz,B,A,35,34,2.553,3.167,3.188,3,3,13,11,0.5417,68.68,chain1_E_chain2_F,2,0,2,0,2,0,1,34,1,1,9,0,0,0,1,1,1,1,1,1,1,,0.39238,1,909
backbone_denovo,RAPCID_backbone_rapcid_backbone_100_model_5.cif.gz,/scratch/a2149a01/RAPCID_2610_output/backbone_denovo/RAPCID_backbone_rapcid_backbone_100_model_5.cif.gz,B,A,35,34,2.363,2.551,9.993,4,0,19,0,1.0,nan,chain1_F_chain2_E,1,2,0,0,2,0,0,35,0,0,9,0,0,0,1,0,0,0,1,1,0,pass_dual_rap_contact;pass_contact_balance;pass_face_angle,0.14714,0,
backbone_denovo,RAPCID_backbone_rapcid_backbone_100_model_6.cif.gz,/scratch/a2149a01/RAPCID_2610_output/backbone_denovo/RAPCID_backbone_rapcid_backbone_100_model_6.cif.gz,B,A,35,34,2.671,2.875,3.298,5,4,16,9,0.64,81.98,chain1_F_chain2_E,0,3,1,0,3,1,0,40,0,1,9,10,0,0,1,1,1,1,1,1,1,,0.41821,1,841
backbone_denovo,RAPCID_backbone_rapcid_backbone_100_model_7.cif.gz,/scratch/a2149a01/RAPCID_2610_output/backbone_denovo/RAPCID_backbone_rapcid_backbone_100_model_7.cif.gz,B,A,35,34,2.867,3.098,4.149,3,1,9,1,0.9,45.36,chain1_E_chain2_F,2,0,0,0,2,0,1,27,1,0,10,0,0,0,1,0,1,0,1,1,0,pass_dual_rap_contact;pass_face_angle,0.24738,0,
backbone_denovo,RAPCID_backbone_rapcid_backbone_101_model_0.cif.gz,/scratch/a2149a01/RAPCID_2610_output/backbone_denovo/RAPCID_backbone_rapcid_backbone_101_model_0.cif.gz,B,A,54,34,2.729,3.324,3.06,2,4,6,20,0.2308,70.34,chain1_E_chain2_F,0,0,1,2,0,2,0,35,1,2,0,9,0,0,1,1,1,1,1,1,1,,0.29391,0,
backbone_denovo,RAPCID_backbone_rapcid_backbone_101_model_1.cif.gz,/scratch/a2149a01/RAPCID_2610_output/backbone_denovo/RAPCID_backbone_rapcid_backbone_101_model_1.cif.gz,B,A,54,34,2.023,3.124,3.301,5,3,16,7,0.6957,68.55,chain1_E_chain2_F,2,0,1,0,2,0,0,32,1,1,9,2,0,0,1,1,1,1,1,1,1,,0.31222,0,
backbone_denovo,RAPCID_backbone_rapcid_backbone_101_model_2.cif.gz,/scratch/a2149a01/RAPCID_2610_output/backbone_denovo/RAPCID_backbone_rapcid_backbone_101_model_2.cif.gz,B,A,54,34,2.556,2.886,3.47,4,2,14,4,0.7778,82.9,chain1_E_chain2_F,0,0,0,0,0,0,0,31,1,1,0,2,0,0,1,1,1,1,1,1,1,,0.18855,0,
backbone_denovo,RAPCID_backbone_rapcid_backbone_101_model_3.cif.gz,/scratch/a2149a01/RAPCID_2610_output/backbone_denovo/RAPCID_backbone_rapcid_backbone_101_model_3.cif.gz,B,A,54,34,2.101,3.323,2.975,7,1,14,3,0.8235,95.72,chain1_F_chain2_E,0,2,0,0,2,0,0,27,0,0,16,3,0,0,1,0,1,1,1,1,0,pass_dual_rap_contact,0.3218,0,
backbone_denovo,RAPCID_backbone_rapcid_backbone_101_model_4.cif.gz,/scratch/a2149a01/RAPCID_2610_output/backbone_denovo/RAPCID_backbone_rapcid_backbone_101_model_4.cif.gz,B,A,54,34,2.684,3.453,2.95,1,4,3,16,0.1579,45.54,chain1_F_chain2_E,0,0,2,0,0,2,0,26,1,1,0,10,1,0,1,0,1,0,1,1,0,pass_dual_rap_contact;pass_face_angle,0.26363,0,
backbone_denovo,RAPCID_backbone_rapcid_backbone_101_model_5.cif.gz,/scratch/a2149a01/RAPCID_2610_output/backbone_denovo/RAPCID_backbone_rapcid_backbone_101_model_5.cif.gz,B,A,54,34,0.71,2.94,2.615,2,2,9,13,0.4091,69.77,chain1_F_chain2_E,0,0,2,0,0,2,0,34,1,1,3,10,0,1,0,1,1,1,1,1,0,pass_no_clash,0.3567,0,
backbone_denovo,RAPCID_backbone_rapcid_backbone_101_model_6.cif.gz,/scratch/a2149a01/RAPCID_2610_output/backbone_denovo/RAPCID_backbone_rapcid_backbone_101_model_6.cif.gz,B,A,54,34,2.59,3.501,3.337,3,4,6,8,0.4286,81.9,chain1_E_chain2_F,1,0,0,2,1,2,0,28,1,1,10,10,0,0,1,1,1,1,1,1,1,,0.43347,1,800
backbone_denovo,RAPCID_backbone_rapcid_backbone_101_model_7.cif.gz,/scratch/a2149a01/RAPCID_2610_output/backbone_denovo/RAPCID_backbone_rapcid_backbone_101_model_7.cif.gz,B,A,54,34,2.657,2.739,2.789,7,4,19,15,0.5588,86.07,chain1_F_chain2_E,0,3,2,0,3,2,0,33,2,1,13,11,0,0,1,1,1,1,1,1,1,,0.52622,1,616
backbone_denovo,RAPCID_backbone_rapcid_backbone_102_model_0.cif.gz,/scratch/a2149a01/RAPCID_2610_output/backbone_denovo/RAPCID_backbone_rapcid_backbone_102_model_0.cif.gz,B,A,62,33,3.244,3.118,3.298,4,2,12,4,0.75,93.37,chain1_E_chain2_F,1,0,0,1,1,1,0,18,0,0,10,6,0,0,1,1,1,1,1,1,1,,0.38837,1,924
backbone_denovo,RAPCID_backbone_rapcid_backbone_102_model_1.cif.gz,/scratch/a2149a01/RAPCID_2610_output/backbone_denovo/RAPCID_backbone_rapcid_backbone_102_model_1.cif.gz,B,A,62,33,1.904,2.35,2.683,3,2,7,5,0.5833,81.67,chain1_E_chain2_F,1,0,0,0,1,0,0,34,0,0,7,3,0,0,0,1,1,1,1,1,0,pass_no_clash,0.33746,0,
backbone_denovo,RAPCID_backbone_rapcid_backbone_102_model_2.cif.gz,/scratch/a2149a01/RAPCID_2610_output/backbone_denovo/RAPCID_backbone_rapcid_backbone_102_model_2.cif.gz,B,A,62,33,2.779,2.898,3.812,4,1,13,2,0.8667,58.92,chain1_E_chain2_F,1,0,0,0,1,0,0,29,1,0,9,0,0,0,1,0,1,0,1,1,0,pass_dual_rap_contact;pass_face_angle,0.18857,0,
backbone_denovo,RAPCID_backbone_rapcid_backbone_102_model_3.cif.gz,/scratch/a2149a01/RAPCID_2610_output/backbone_denovo/RAPCID_backbone_rapcid_backbone_102_model_3.cif.gz,B,A,62,33,2.248,2.846,3.916,7,1,26,3,0.8966,54.64,chain1_E_chain2_F,2,1,1,0,2,0,0,43,2,1,10,0,2,0,1,0,1,0,0,1,0,pass_dual_rap_contact;pass_face_angle;pass_direct_interface,0.24852,0,
backbone_denovo,RAPCID_backbone_rapcid_backbone_102_model_4.cif.gz,/scratch/a2149a01/RAPCID_2610_output/backbone_denovo/RAPCID_backbone_rapcid_backbone_102_model_4.cif.gz,B,A,62,33,2.818,2.862,8.37,4,0,10,0,1.0,nan,chain1_E_chain2_F,1,0,0,0,1,0,0,32,0,0,8,0,0,0,1,0,0,0,1,1,0,pass_dual_rap_contact;pass_contact_balance;pass_face_angle,0.10857,0,
backbone_denovo,RAPCID_backbone_rapcid_backbone_102_model_5.cif.gz,/scratch/a2149a01/RAPCID_2610_output/backbone_denovo/RAPCID_backbone_rapcid_backbone_102_model_5.cif.gz,B,A,62,33,2.836,3.785,3.549,2,3,2,8,0.2,114.65,chain1_E_chain2_F,0,0,0,0,0,0,0,20,0,0,6,7,0,0,1,0,1,1,1,1,0,pass_dual_rap_contact,0.37216,0,
backbone_denovo,RAPCID_backbone_rapcid_backbone_102_model_6.cif.gz,/scratch/a2149a01/RAPCID_2610_output/backbone_denovo/RAPCID_backbone_rapcid_backbone_102_model_6.cif.gz,B,A,62,33,2.773,3.034,2.32,6,2,15,6,0.7143,107.42,chain1_F_chain2_E,1,1,1,0,1,1,0,32,1,0,13,3,0,0,1,1,1,1,1,1,1,,0.41618,1,846
backbone_denovo,RAPCID_backbone_rapcid_backbone_102_model_7.cif.gz,/scratch/a2149a01/RAPCID_2610_output/backbone_denovo/RAPCID_backbone_rapcid_backbone_102_model_7.cif.gz,B,A,62,33,2.935,4.149,2.724,2,5,2,17,0.1053,80.95,chain1_E_chain2_F,0,0,1,2,0,2,0,42,0,0,6,8,0,0,1,0,1,1,0,1,0,pass_dual_rap_contact;pass_direct_interface,0.23909,0,
backbone_denovo,RAPCID_backbone_rapcid_backbone_103_model_0.cif.gz,/scratch/a2149a01/RAPCID_2610_output/backbone_denovo/RAPCID_backbone_rapcid_backbone_103_model_0.cif.gz,B,A,57,48,2.576,3.181,2.789,6,4,16,12,0.5714,87.07,chain1_F_chain2_E,0,3,1,1,3,1,0,55,1,1,15,9,0,0,1,1,1,1,0,1,0,pass_direct_interface,0.47927,0,
backbone_denovo,RAPCID_backbone_rapcid_backbone_103_model_1.cif.gz,/scratch/a2149a01/RAPCID_2610_output/backbone_denovo/RAPCID_backbone_rapcid_backbone_103_model_1.cif.gz,B,A,57,48,2.246,3.016,2.516,4,5,10,14,0.4167,93.97,chain1_F_chain2_E,1,0,2,0,0,2,1,40,1,1,4,14,0,0,1,1,1,1,1,1,1,,0.46894,1,712
backbone_denovo,RAPCID_backbone_rapcid_backbone_103_model_2.cif.gz,/scratch/a2149a01/RAPCID_2610_output/backbone_denovo/RAPCID_backbone_rapcid_backbone_103_model_2.cif.gz,B,A,57,48,1.834,3.199,3.744,5,5,11,12,0.4783,63.78,chain1_E_chain2_F,1,1,0,3,1,3,0,48,1,0,12,11,0,0,0,1,1,1,0,1,0,pass_no_clash;pass_direct_interface,0.42226,0,
backbone_denovo,RAPCID_backbone_rapcid_backbone_103_model_3.cif.gz,/scratch/a2149a01/RAPCID_2610_output/backbone_denovo/RAPCID_backbone_rapcid_backbone_103_model_3.cif.gz,B,A,57,48,2.986,3.413,6.97,5,0,12,0,1.0,nan,chain1_E_chain2_F,2,0,0,0,2,0,0,35,1,0,9,0,1,0,1,0,0,0,1,1,0,pass_dual_rap_contact;pass_contact_balance;pass_face_angle,0.16381,0,
backbone_denovo,RAPCID_backbone_rapcid_backbone_103_model_4.cif.gz,/scratch/a2149a01/RAPCID_2610_output/backbone_denovo/RAPCID_backbone_rapcid_backbone_103_model_4.cif.gz,B,A,57,48,2.502,2.853,2.661,5,3,10,7,0.5882,71.89,chain1_F_chain2_E,0,3,1,0,3,1,0,51,1,1,14,9,0,0,1,1,1,1,0,1,0,pass_direct_interface,0.42197,0,
backbone_denovo,RAPCID_backbone_rapcid_backbone_103_model_5.cif.gz,/scratch/a2149a01/RAPCID_2610_output/backbone_denovo/RAPCID_backbone_rapcid_backbone_103_model_5.cif.gz,B,A,57,48,2.663,2.954,3.175,5,6,12,17,0.4138,119.67,chain1_E_chain2_F,0,0,1,1,0,1,0,41,1,0,4,12,1,2,1,1,1,1,0,1,0,pass_direct_interface,0.47966,0,
backbone_denovo,RAPCID_backbone_rapcid_backbone_103_model_6.cif.gz,/scratch/a2149a01/RAPCID_2610_output/backbone_denovo/RAPCID_backbone_rapcid_backbone_103_model_6.cif.gz,B,A,57,48,2.293,2.564,4.18,9,1,29,1,0.9667,44.54,chain1_F_chain2_E,1,2,0,0,2,0,0,33,3,0,11,0,1,0,1,0,0,0,1,1,0,pass_dual_rap_contact;pass_contact_balance;pass_face_angle,0.22048,0,
backbone_denovo,RAPCID_backbone_rapcid_backbone_103_model_7.cif.gz,/scratch/a2149a01/RAPCID_2610_output/backbone_denovo/RAPCID_backbone_rapcid_backbone_103_model_7.cif.gz,B,A,57,48,1.997,6.299,2.962,0,4,0,19,0.0,nan,chain1_E_chain2_F,0,0,1,1,0,1,0,40,0,1,3,11,0,0,0,0,0,0,1,1,0,pass_no_clash;pass_dual_rap_contact;pass_contact_balance;pass_face_angle,0.14524,0,
backbone_denovo,RAPCID_backbone_rapcid_backbone_104_model_0.cif.gz,/scratch/a2149a01/RAPCID_2610_output/backbone_denovo/RAPCID_backbone_rapcid_backbone_104_model_0.cif.gz,A,B,68,32,2.652,1.931,9.644,9,0,35,0,1.0,nan,chain1_E_chain2_F,2,2,0,0,2,0,0,37,0,0,10,0,0,0,0,0,0,0,1,1,0,pass_no_clash;pass_dual_rap_contact;pass_contact_balance;pass_face_angle,0.15714,0,
backbone_denovo,RAPCID_backbone_rapcid_backbone_104_model_1.cif.gz,/scratch/a2149a01/RAPCID_2610_output/backbone_denovo/RAPCID_backbone_rapcid_backbone_104_model_1.cif.gz,A,B,68,32,2.922,2.65,4.177,5,1,24,1,0.96,77.42,chain1_E_chain2_F,1,0,1,0,1,0,0,32,1,0,8,0,0,0,1,0,0,1,1,1,0,pass_dual_rap_contact;pass_contact_balance,0.16931,0,
backbone_denovo,RAPCID_backbone_rapcid_backbone_104_model_2.cif.gz,/scratch/a2149a01/RAPCID_2610_output/backbone_denovo/RAPCID_backbone_rapcid_backbone_104_model_2.cif.gz,A,B,68,32,2.45,3.08,3.538,1,3,4,11,0.2667,43.74,chain1_E_chain2_F,1,0,1,0,1,0,0,30,1,1,7,0,0,0,1,0,1,0,1,1,0,pass_dual_rap_contact;pass_face_angle,0.23857,0,
backbone_denovo,RAPCID_backbone_rapcid_backbone_104_model_3.cif.gz,/scratch/a2149a01/RAPCID_2610_output/backbone_denovo/RAPCID_backbone_rapcid_backbone_104_model_3.cif.gz,A,B,68,32,2.219,2.868,2.569,4,4,17,15,0.5312,65.67,chain1_E_chain2_F,3,0,1,1,3,1,0,38,3,1,12,6,0,3,1,1,1,1,1,1,1,,0.46845,1,713
backbone_denovo,RAPCID_backbone_rapcid_backbone_104_model_4.cif.gz,/scratch/a2149a01/RAPCID_2610_output/backbone_denovo/RAPCID_backbone_rapcid_backbone_104_model_4.cif.gz,A,B,68,32,2.544,2.948,3.224,8,1,25,2,0.9259,75.87,chain1_E_chain2_F,2,0,1,0,2,0,0,24,0,1,14,2,0,0,1,0,0,1,1,1,0,pass_dual_rap_contact;pass_contact_balance,0.24632,0,
backbone_denovo,RAPCID_backbone_rapcid_backbone_104_model_5.cif.gz,/scratch/a2149a01/RAPCID_2610_output/backbone_denovo/RAPCID_backbone_rapcid_backbone_104_model_5.cif.gz,A,B,68,32,2.489,3.472,2.761,3,4,11,10,0.5238,61.48,chain1_E_chain2_F,2,0,1,1,2,1,0,33,2,1,8,6,1,0,1,1,1,1,1,1,1,,0.42619,1,818
backbone_denovo,RAPCID_backbone_rapcid_backbone_104_model_6.cif.gz,/scratch/a2149a01/RAPCID_2610_output/backbone_denovo/RAPCID_backbone_rapcid_backbone_104_model_6.cif.gz,A,B,68,32,2.186,2.337,8.971,3,0,10,0,1.0,nan,chain1_E_chain2_F,2,0,0,0,2,0,0,44,0,0,12,0,3,0,1,0,0,0,0,1,0,pass_dual_rap_contact;pass_contact_balance;pass_face_angle;pass_direct_interface,0.15714,0,
backbone_denovo,RAPCID_backbone_rapcid_backbone_104_model_7.cif.gz,/scratch/a2149a01/RAPCID_2610_output/backbone_denovo/RAPCID_backbone_rapcid_backbone_104_model_7.cif.gz,A,B,68,32,2.529,2.965,4.024,3,1,7,2,0.7778,80.93,chain1_E_chain2_F,1,0,0,2,1,2,0,34,1,0,7,6,0,0,1,0,1,1,1,1,0,pass_dual_rap_contact,0.33104,0,
backbone_denovo,RAPCID_backbone_rapcid_backbone_105_model_0.cif.gz,/scratch/a2149a01/RAPCID_2610_output/backbone_denovo/RAPCID_backbone_rapcid_backbone_105_model_0.cif.gz,A,B,55,32,2.488,3.539,10.767,5,0,12,0,1.0,nan,chain1_E_chain2_F,1,1,0,0,1,0,0,33,0,0,9,0,2,0,1,0,0,0,1,1,0,pass_dual_rap_contact;pass_contact_balance;pass_face_angle,0.11857,0,
backbone_denovo,RAPCID_backbone_rapcid_backbone_105_model_1.cif.gz,/scratch/a2149a01/RAPCID_2610_output/backbone_denovo/RAPCID_backbone_rapcid_backbone_105_model_1.cif.gz,A,B,55,32,2.686,2.689,2.967,7,4,17,20,0.4595,103.43,chain1_F_chain2_E,1,1,2,0,1,2,1,30,1,2,10,10,1,0,1,1,1,1,1,1,1,,0.56284,1,578
backbone_denovo,RAPCID_backbone_rapcid_backbone_105_model_2.cif.gz,/scratch/a2149a01/RAPCID_2610_output/backbone_denovo/RAPCID_backbone_rapcid_backbone_105_model_2.cif.gz,A,B,55,32,2.885,3.787,2.974,1,4,3,18,0.1429,97.67,chain1_E_chain2_F,1,0,0,0,1,0,0,24,0,0,6,5,0,0,1,0,1,1,1,1,0,pass_dual_rap_contact,0.3013,0,
backbone_denovo,RAPCID_backbone_rapcid_backbone_105_model_3.cif.gz,/scratch/a2149a01/RAPCID_2610_output/backbone_denovo/RAPCID_backbone_rapcid_backbone_105_model_3.cif.gz,A,B,55,32,3.036,9.709,3.58,0,4,0,5,0.0,nan,chain1_E_chain2_F,0,0,0,0,0,0,0,16,0,0,0,7,0,0,1,0,0,0,1,1,0,pass_dual_rap_contact;pass_contact_balance;pass_face_angle,0.13,0,
backbone_denovo,RAPCID_backbone_rapcid_backbone_105_model_4.cif.gz,/scratch/a2149a01/RAPCID_2610_output/backbone_denovo/RAPCID_backbone_rapcid_backbone_105_model_4.cif.gz,A,B,55,32,2.551,1.771,3.795,5,1,21,1,0.9545,59.57,chain1_E_chain2_F,1,0,1,0,1,0,0,21,1,1,6,0,2,0,0,0,0,0,1,1,0,pass_no_clash;pass_dual_rap_contact;pass_contact_balance;pass_face_angle,0.17509,0,
backbone_denovo,RAPCID_backbone_rapcid_backbone_105_model_5.cif.gz,/scratch/a2149a01/RAPCID_2610_output/backbone_denovo/RAPCID_backbone_rapcid_backbone_105_model_5.cif.gz,A,B,55,32,2.642,4.83,2.433,0,5,0,14,0.0,nan,chain1_F_chain2_E,0,0,1,0,0,1,0,40,0,1,0,7,0,0,1,0,0,0,1,1,0,pass_dual_rap_contact;pass_contact_balance;pass_face_angle,0.11524,0,
backbone_denovo,RAPCID_backbone_rapcid_backbone_105_model_6.cif.gz,/scratch/a2149a01/RAPCID_2610_output/backbone_denovo/RAPCID_backbone_rapcid_backbone_105_model_6.cif.gz,A,B,55,32,2.126,3.378,3.263,4,3,11,7,0.6111,68.05,chain1_E_chain2_F,2,0,0,1,2,1,0,39,1,2,7,6,0,0,1,1,1,1,1,1,1,,0.39127,1,913
backbone_denovo,RAPCID_backbone_rapcid_backbone_105_model_7.cif.gz,/scratch/a2149a01/RAPCID_2610_output/backbone_denovo/RAPCID_backbone_rapcid_backbone_105_model_7.cif.gz,A,B,55,32,2.986,2.367,3.467,4,5,13,14,0.4815,97.43,chain1_E_chain2_F,1,0,0,3,1,3,0,18,1,1,6,9,0,0,1,1,1,1,1,1,1,,0.58497,1,536
backbone_denovo,RAPCID_backbone_rapcid_backbone_106_model_0.cif.gz,/scratch/a2149a01/RAPCID_2610_output/backbone_denovo/RAPCID_backbone_rapcid_backbone_106_model_0.cif.gz,A,B,67,42,2.248,3.713,3.335,3,4,4,10,0.2857,59.94,chain1_E_chain2_F,0,0,0,2,0,2,0,25,1,1,0,11,0,0,1,1,1,0,1,1,0,pass_face_angle,0.31976,0,
backbone_denovo,RAPCID_backbone_rapcid_backbone_106_model_1.cif.gz,/scratch/a2149a01/RAPCID_2610_output/backbone_denovo/RAPCID_backbone_rapcid_backbone_106_model_1.cif.gz,A,B,67,42,3.031,2.79,3.508,5,3,15,9,0.625,62.94,chain1_E_chain2_F,1,2,0,2,1,2,0,20,1,1,7,11,0,0,1,1,1,1,1,1,1,,0.40905,1,862
backbone_denovo,RAPCID_backbone_rapcid_backbone_106_model_2.cif.gz,/scratch/a2149a01/RAPCID_2610_output/backbone_denovo/RAPCID_backbone_rapcid_backbone_106_model_2.cif.gz,A,B,67,42,1.413,3.409,2.893,5,4,11,19,0.3667,93.52,chain1_F_chain2_E,1,0,2,0,0,2,1,18,2,1,5,11,0,1,0,1,1,1,1,1,0,pass_no_clash,0.5141,0,
backbone_denovo,RAPCID_backbone_rapcid_backbone_106_model_3.cif.gz,/scratch/a2149a01/RAPCID_2610_output/backbone_denovo/RAPCID_backbone_rapcid_backbone_106_model_3.cif.gz,A,B,67,42,2.27,2.967,3.252,5,5,14,14,0.5,82.95,chain1_E_chain2_F,1,0,1,1,1,1,0,37,2,1,6,8,0,0,1,1,1,1,1,1,1,,0.45363,1,738
backbone_denovo,RAPCID_backbone_rapcid_backbone_106_model_4.cif.gz,/scratch/a2149a01/RAPCID_2610_output/backbone_denovo/RAPCID_backbone_rapcid_backbone_106_model_4.cif.gz,A,B,67,42,2.545,3.443,3.691,2,4,4,11,0.2667,51.62,chain1_E_chain2_F,0,0,0,2,0,2,0,41,2,0,6,8,0,0,1,1,1,0,0,1,0,pass_face_angle;pass_direct_interface,0.29714,0,
backbone_denovo,RAPCID_backbone_rapcid_backbone_106_model_5.cif.gz,/scratch/a2149a01/RAPCID_2610_output/backbone_denovo/RAPCID_backbone_rapcid_backbone_106_model_5.cif.gz,A,B,67,42,2.702,2.939,3.003,4,3,14,7,0.6667,51.08,chain1_E_chain2_F,1,0,0,1,1,1,0,44,1,2,5,7,0,0,1,1,1,0,0,1,0,pass_face_angle;pass_direct_interface,0.34048,0,
backbone_denovo,RAPCID_backbone_rapcid_backbone_106_model_6.cif.gz,/scratch/a2149a01/RAPCID_2610_output/backbone_denovo/RAPCID_backbone_rapcid_backbone_106_model_6.cif.gz,A,B,67,42,2.462,2.968,3.571,2,6,6,16,0.2727,76.16,chain1_E_chain2_F,0,0,1,3,0,3,0,34,0,0,3,10,0,0,1,1,1,1,1,1,1,,0.31866,0,
backbone_denovo,RAPCID_backbone_rapcid_backbone_106_model_7.cif.gz,/scratch/a2149a01/RAPCID_2610_output/backbone_denovo/RAPCID_backbone_rapcid_backbone_106_model_7.cif.gz,A,B,67,42,1.251,3.04,3.489,4,6,9,27,0.25,72.38,chain1_E_chain2_F,1,0,0,3,1,3,0,52,3,2,10,10,0,0,0,1,1,1,0,1,0,pass_no_clash;pass_direct_interface,0.40889,0,
backbone_denovo,RAPCID_backbone_rapcid_backbone_107_model_0.cif.gz,/scratch/a2149a01/RAPCID_2610_output/backbone_denovo/RAPCID_backbone_rapcid_backbone_107_model_0.cif.gz,B,A,59,43,2.22,2.983,2.517,3,7,5,20,0.2,47.36,chain1_E_chain2_F,2,0,2,0,2,0,0,35,2,3,6,0,0,0,1,1,1,0,1,1,0,pass_face_angle,0.28048,0,
backbone_denovo,RAPCID_backbone_rapcid_backbone_107_model_1.cif.gz,/scratch/a2149a01/RAPCID_2610_output/backbone_denovo/RAPCID_backbone_rapcid_backbone_107_model_1.cif.gz,B,A,59,43,2.134,2.411,2.83,3,3,12,12,0.5,77.89,chain1_F_chain2_E,0,0,3,0,0,3,1,39,1,1,0,12,0,0,1,1,1,1,1,1,1,,0.47726,1,697
backbone_denovo,RAPCID_backbone_rapcid_backbone_107_model_2.cif.gz,/scratch/a2149a01/RAPCID_2610_output/backbone_denovo/RAPCID_backbone_rapcid_backbone_107_model_2.cif.gz,B,A,59,43,1.97,3.414,7.478,3,0,12,0,1.0,nan,chain1_E_chain2_F,3,0,0,0,3,0,0,41,1,0,12,0,0,0,0,0,0,0,0,1,0,pass_no_clash;pass_dual_rap_contact;pass_contact_balance;pass_face_angle;pass_direct_interface,0.20238,0,
backbone_denovo,RAPCID_backbone_rapcid_backbone_107_model_3.cif.gz,/scratch/a2149a01/RAPCID_2610_output/backbone_denovo/RAPCID_backbone_rapcid_backbone_107_model_3.cif.gz,B,A,59,43,2.79,3.179,11.277,5,0,11,0,1.0,nan,chain1_F_chain2_E,0,1,0,0,1,0,0,29,0,0,10,0,0,0,1,0,0,0,1,1,0,pass_dual_rap_contact;pass_contact_balance;pass_face_angle,0.12857,0,
backbone_denovo,RAPCID_backbone_rapcid_backbone_107_model_4.cif.gz,/scratch/a2149a01/RAPCID_2610_output/backbone_denovo/RAPCID_backbone_rapcid_backbone_107_model_4.cif.gz,B,A,59,43,2.107,3.181,3.16,4,2,10,8,0.5556,53.57,chain1_F_chain2_E,1,2,1,0,2,1,0,47,2,2,12,9,0,0,1,1,1,0,0,1,0,pass_face_angle;pass_direct_interface,0.43016,0,
backbone_denovo,RAPCID_backbone_rapcid_backbone_107_model_5.cif.gz,/scratch/a2149a01/RAPCID_2610_output/backbone_denovo/RAPCID_backbone_rapcid_backbone_107_model_5.cif.gz,B,A,59,43,3.122,3.796,3.405,3,4,4,8,0.3333,75.97,chain1_E_chain2_F,2,0,1,1,2,1,0,29,0,0,13,9,0,0,1,1,1,1,1,1,1,,0.34228,0,
backbone_denovo,RAPCID_backbone_rapcid_backbone_107_model_6.cif.gz,/scratch/a2149a01/RAPCID_2610_output/backbone_denovo/RAPCID_backbone_rapcid_backbone_107_model_6.cif.gz,B,A,59,43,2.717,3.744,2.995,3,3,9,13,0.4091,74.41,chain1_E_chain2_F,1,0,1,3,1,3,0,25,0,0,6,8,0,0,1,1,1,1,1,1,1,,0.41096,1,855
backbone_denovo,RAPCID_backbone_rapcid_backbone_107_model_7.cif.gz,/scratch/a2149a01/RAPCID_2610_output/backbone_denovo/RAPCID_backbone_rapcid_backbone_107_model_7.cif.gz,B,A,59,43,3.046,3.432,10.117,2,0,4,0,1.0,nan,chain1_E_chain2_F,1,0,0,0,1,0,0,26,0,0,6,0,0,0,1,0,0,0,1,1,0,pass_dual_rap_contact;pass_contact_balance;pass_face_angle,0.09857,0,
backbone_denovo,RAPCID_backbone_rapcid_backbone_108_model_0.cif.gz,/scratch/a2149a01/RAPCID_2610_output/backbone_denovo/RAPCID_backbone_rapcid_backbone_108_model_0.cif.gz,B,A,65,42,1.973,2.959,3.249,6,3,17,8,0.68,66.39,chain1_E_chain2_F,1,1,0,2,1,2,0,41,2,1,10,9,0,0,0,1,1,1,0,1,0,pass_no_clash;pass_direct_interface,0.36371,0,
backbone_denovo,RAPCID_backbone_rapcid_backbone_108_model_1.cif.gz,/scratch/a2149a01/RAPCID_2610_output/backbone_denovo/RAPCID_backbone_rapcid_backbone_108_model_1.cif.gz,B,A,65,42,2.953,2.73,3.055,4,4,13,14,0.4815,62.38,chain1_F_chain2_E,1,0,2,0,0,2,0,25,2,1,4,13,0,0,1,1,1,1,1,1,1,,0.41474,1,850
backbone_denovo,RAPCID_backbone_rapcid_backbone_108_model_2.cif.gz,/scratch/a2149a01/RAPCID_2610_output/backbone_denovo/RAPCID_backbone_rapcid_backbone_108_model_2.cif.gz,B,A,65,42,2.288,3.235,3.167,1,7,3,18,0.1429,90.42,chain1_E_chain2_F,1,0,1,1,1,1,0,30,0,1,8,8,0,0,1,0,1,1,1,1,0,pass_dual_rap_contact,0.30236,0,
backbone_denovo,RAPCID_backbone_rapcid_backbone_108_model_3.cif.gz,/scratch/a2149a01/RAPCID_2610_output/backbone_denovo/RAPCID_backbone_rapcid_backbone_108_model_3.cif.gz,B,A,65,42,2.029,2.819,2.686,3,6,9,13,0.4091,57.26,chain1_E_chain2_F,2,0,2,0,2,0,0,35,1,2,7,0,0,0,1,1,1,0,1,1,0,pass_face_angle,0.34078,0,
backbone_denovo,RAPCID_backbone_rapcid_backbone_108_model_4.cif.gz,/scratch/a2149a01/RAPCID_2610_output/backbone_denovo/RAPCID_backbone_rapcid_backbone_108_model_4.cif.gz,B,A,65,42,2.442,3.319,2.502,5,5,17,22,0.4359,67.15,chain1_F_chain2_E,1,1,2,0,1,2,0,51,1,2,5,13,1,0,1,1,1,1,0,1,0,pass_direct_interface,0.41007,0,
backbone_denovo,RAPCID_backbone_rapcid_backbone_108_model_5.cif.gz,/scratch/a2149a01/RAPCID_2610_output/backbone_denovo/RAPCID_backbone_rapcid_backbone_108_model_5.cif.gz,B,A,65,42,2.712,3.366,4.098,2,2,3,4,0.4286,52.68,chain1_E_chain2_F,1,0,0,1,1,1,0,56,2,0,4,10,0,0,1,0,1,0,0,1,0,pass_dual_rap_contact;pass_face_angle;pass_direct_interface,0.3619,0,
backbone_denovo,RAPCID_backbone_rapcid_backbone_108_model_6.cif.gz,/scratch/a2149a01/RAPCID_2610_output/backbone_denovo/RAPCID_backbone_rapcid_backbone_108_model_6.cif.gz,B,A,65,42,1.391,3.366,3.012,4,6,11,19,0.3667,85.46,chain1_E_chain2_F,1,0,1,1,1,1,0,34,2,1,7,10,1,0,0,1,1,1,1,1,0,pass_no_clash,0.40869,0,
backbone_denovo,RAPCID_backbone_rapcid_backbone_108_model_7.cif.gz,/scratch/a2149a01/RAPCID_2610_output/backbone_denovo/RAPCID_backbone_rapcid_backbone_108_model_7.cif.gz,B,A,65,42,2.223,2.931,3.204,5,4,15,16,0.4839,94.31,chain1_F_chain2_E,0,0,2,0,0,2,1,39,1,2,3,10,0,0,1,1,1,1,1,1,1,,0.51363,1,635
backbone_denovo,RAPCID_backbone_rapcid_backbone_109_model_0.cif.gz,/scratch/a2149a01/RAPCID_2610_output/backbone_denovo/RAPCID_backbone_rapcid_backbone_109_model_0.cif.gz,B,A,60,41,1.38,3.803,3.556,2,6,5,16,0.2381,83.88,chain1_E_chain2_F,1,0,1,1,1,1,0,39,0,0,6,10,0,0,0,1,1,1,1,1,0,pass_no_clash,0.30199,0,
backbone_denovo,RAPCID_backbone_rapcid_backbone_109_model_1.cif.gz,/scratch/a2149a01/RAPCID_2610_output/backbone_denovo/RAPCID_backbone_rapcid_backbone_109_model_1.cif.gz,B,A,60,41,2.042,2.431,3.932,6,1,17,1,0.9444,63.36,chain1_E_chain2_F,2,2,0,1,2,1,0,51,1,0,9,6,0,0,1,0,0,1,0,1,0,pass_dual_rap_contact;pass_contact_balance;pass_direct_interface,0.2246,0,
backbone_denovo,RAPCID_backbone_rapcid_backbone_109_model_2.cif.gz,/scratch/a2149a01/RAPCID_2610_output/backbone_denovo/RAPCID_backbone_rapcid_backbone_109_model_2.cif.gz,B,A,60,41,2.651,3.021,3.162,3,4,6,18,0.25,52.21,chain1_F_chain2_E,1,0,2,0,0,2,0,39,1,2,0,12,0,0,1,1,1,0,1,1,0,pass_face_angle,0.30714,0,
backbone_denovo,RAPCID_backbone_rapcid_backbone_109_model_3.cif.gz,/scratch/a2149a01/RAPCID_2610_output/backbone_denovo/RAPCID_backbone_rapcid_backbone_109_model_3.cif.gz,B,A,60,41,2.806,3.74,3.03,3,5,3,14,0.1765,60.39,chain1_E_chain2_F,0,0,0,2,0,2,0,17,0,0,6,12,2,0,1,0,1,1,1,1,0,pass_dual_rap_contact,0.28273,0,
backbone_denovo,RAPCID_backbone_rapcid_backbone_109_model_4.cif.gz,/scratch/a2149a01/RAPCID_2610_output/backbone_denovo/RAPCID_backbone_rapcid_backbone_109_model_4.cif.gz,B,A,60,41,2.259,3.007,3.767,5,3,13,9,0.5909,95.16,chain1_E_chain2_F,2,0,1,1,2,1,0,35,2,0,6,9,0,0,1,1,1,1,1,1,1,,0.46989,1,709
backbone_denovo,RAPCID_backbone_rapcid_backbone_109_model_5.cif.gz,/scratch/a2149a01/RAPCID_2610_output/backbone_denovo/RAPCID_backbone_rapcid_backbone_109_model_5.cif.gz,B,A,60,41,2.482,3.662,2.916,4,5,7,27,0.2059,93.72,chain1_F_chain2_E,1,1,2,0,1,2,0,24,0,1,4,15,0,1,1,1,1,1,1,1,1,,0.38714,1,927
backbone_denovo,RAPCID_backbone_rapcid_backbone_109_model_6.cif.gz,/scratch/a2149a01/RAPCID_2610_output/backbone_denovo/RAPCID_backbone_rapcid_backbone_109_model_6.cif.gz,B,A,60,41,1.813,3.431,3.882,3,4,8,9,0.4706,78.65,chain1_E_chain2_F,1,0,0,2,1,2,0,41,1,1,6,10,0,0,0,1,1,1,0,1,0,pass_no_clash;pass_direct_interface,0.43945,0,
backbone_denovo,RAPCID_backbone_rapcid_backbone_109_model_7.cif.gz,/scratch/a2149a01/RAPCID_2610_output/backbone_denovo/RAPCID_backbone_rapcid_backbone_109_model_7.cif.gz,B,A,60,41,2.001,3.035,3.58,5,5,14,12,0.5385,112.61,chain1_E_chain2_F,1,0,1,1,1,1,0,32,0,0,7,9,0,0,1,1,1,1,1,1,1,,0.48713,1,682
backbone_denovo,RAPCID_backbone_rapcid_backbone_10_model_0.cif.gz,/scratch/a2149a01/RAPCID_2610_output/backbone_denovo/RAPCID_backbone_rapcid_backbone_10_model_0.cif.gz,A,B,56,38,2.09,2.627,2.858,4,2,19,5,0.7917,53.01,chain1_E_chain2_F,3,0,1,0,3,0,1,35,2,1,13,1,0,0,1,1,1,0,1,1,0,pass_face_angle,0.34762,0,
backbone_denovo,RAPCID_backbone_rapcid_backbone_10_model_1.cif.gz,/scratch/a2149a01/RAPCID_2610_output/backbone_denovo/RAPCID_backbone_rapcid_backbone_10_model_1.cif.gz,A,B,56,38,2.245,3.254,11.807,6,0,13,0,1.0,nan,chain1_E_chain2_F,1,1,0,0,1,0,0,14,0,0,10,0,0,0,1,0,0,0,1,1,0,pass_dual_rap_contact;pass_contact_balance;pass_face_angle,0.19857,0,
backbone_denovo,RAPCID_backbone_rapcid_backbone_10_model_2.cif.gz,/scratch/a2149a01/RAPCID_2610_output/backbone_denovo/RAPCID_backbone_rapcid_backbone_10_model_2.cif.gz,A,B,56,38,2.595,5.651,14.899,0,0,0,0,0.0,nan,chain1_E_chain2_F,0,0,0,0,0,0,0,35,0,0,0,0,0,1,1,0,0,0,1,1,0,pass_dual_rap_contact;pass_contact_balance;pass_face_angle,0.0,0,
backbone_denovo,RAPCID_backbone_rapcid_backbone_10_model_3.cif.gz,/scratch/a2149a01/RAPCID_2610_output/backbone_denovo/RAPCID_backbone_rapcid_backbone_10_model_3.cif.gz,A,B,56,38,1.98,3.193,3.132,6,4,13,7,0.65,91.27,chain1_E_chain2_F,2,0,0,2,2,2,0,43,2,1,11,9,0,0,0,1,1,1,0,1,0,pass_no_clash;pass_direct_interface,0.47851,0,
backbone_denovo,RAPCID_backbone_rapcid_backbone_10_model_4.cif.gz,/scratch/a2149a01/RAPCID_2610_output/backbone_denovo/RAPCID_backbone_rapcid_backbone_10_model_4.cif.gz,A,B,56,38,1.8,3.283,5.449,3,0,10,0,1.0,nan,chain1_E_chain2_F,1,0,0,0,1,0,0,36,1,0,7,0,0,0,0,0,0,0,1,1,0,pass_no_clash;pass_dual_rap_contact;pass_contact_balance;pass_face_angle,0.11524,0,
backbone_denovo,RAPCID_backbone_rapcid_backbone_10_model_5.cif.gz,/scratch/a2149a01/RAPCID_2610_output/backbone_denovo/RAPCID_backbone_rapcid_backbone_10_model_5.cif.gz,A,B,56,38,2.671,2.796,3.126,5,3,17,8,0.68,91.09,chain1_F_chain2_E,0,3,0,0,3,0,0,37,1,2,12,2,1,0,1,1,1,1,1,1,1,,0.43735,1,781
backbone_denovo,RAPCID_backbone_rapcid_backbone_10_model_6.cif.gz,/scratch/a2149a01/RAPCID_2610_output/backbone_denovo/RAPCID_backbone_rapcid_backbone_10_model_6.cif.gz,A,B,56,38,2.942,3.476,2.925,6,4,15,9,0.625,73.36,chain1_F_chain2_E,0,3,1,1,3,1,0,30,2,2,15,11,1,0,1,1,1,1,1,1,1,,0.44549,1,763
backbone_denovo,RAPCID_backbone_rapcid_backbone_10_model_7.cif.gz,/scratch/a2149a01/RAPCID_2610_output/backbone_denovo/RAPCID_backbone_rapcid_backbone_10_model_7.cif.gz,A,B,56,38,2.766,3.778,3.172,1,6,1,17,0.0556,38.76,chain1_E_chain2_F,1,0,1,0,1,0,0,38,1,3,7,5,0,0,1,0,0,0,1,1,0,pass_dual_rap_contact;pass_contact_balance;pass_face_angle,0.21746,0,
backbone_denovo,RAPCID_backbone_rapcid_backbone_110_model_0.cif.gz,/scratch/a2149a01/RAPCID_2610_output/backbone_denovo/RAPCID_backbone_rapcid_backbone_110_model_0.cif.gz,A,B,69,39,2.235,2.801,3.314,5,3,9,8,0.5294,86.86,chain1_E_chain2_F,3,0,1,1,3,1,0,30,0,0,15,7,0,0,1,1,1,1,1,1,1,,0.46204,1,725
backbone_denovo,RAPCID_backbone_rapcid_backbone_110_model_1.cif.gz,/scratch/a2149a01/RAPCID_2610_output/backbone_denovo/RAPCID_backbone_rapcid_backbone_110_model_1.cif.gz,A,B,69,39,2.58,3.17,10.137,5,0,18,0,1.0,nan,chain1_E_chain2_F,2,2,0,0,2,0,0,39,0,0,5,0,0,1,1,0,0,0,1,1,0,pass_dual_rap_contact;pass_contact_balance;pass_face_angle,0.10714,0,
backbone_denovo,RAPCID_backbone_rapcid_backbone_110_model_2.cif.gz,/scratch/a2149a01/RAPCID_2610_output/backbone_denovo/RAPCID_backbone_rapcid_backbone_110_model_2.cif.gz,A,B,69,39,2.733,3.062,3.332,5,5,18,14,0.5625,68.25,chain1_E_chain2_F,2,0,1,0,2,0,0,30,0,1,14,8,0,0,1,1,1,1,1,1,1,,0.34881,0,
backbone_denovo,RAPCID_backbone_rapcid_backbone_110_model_3.cif.gz,/scratch/a2149a01/RAPCID_2610_output/backbone_denovo/RAPCID_backbone_rapcid_backbone_110_model_3.cif.gz,A,B,69,39,2.675,3.185,2.679,4,5,13,16,0.4483,105.07,chain1_E_chain2_F,1,0,1,0,1,0,0,19,1,0,12,1,0,0,1,1,1,1,1,1,1,,0.4898,1,673
backbone_denovo,RAPCID_backbone_rapcid_backbone_110_model_4.cif.gz,/scratch/a2149a01/RAPCID_2610_output/backbone_denovo/RAPCID_backbone_rapcid_backbone_110_model_4.cif.gz,A,B,69,39,2.884,3.444,3.405,3,4,10,8,0.5556,68.16,chain1_F_chain2_E,0,2,1,2,2,1,0,39,1,0,9,7,0,0,1,1,1,1,1,1,1,,0.38016,1,944
backbone_denovo,RAPCID_backbone_rapcid_backbone_110_model_5.cif.gz,/scratch/a2149a01/RAPCID_2610_output/backbone_denovo/RAPCID_backbone_rapcid_backbone_110_model_5.cif.gz,A,B,69,39,3.272,2.407,4.332,4,1,11,2,0.8462,76.67,chain1_E_chain2_F,2,0,0,0,2,0,1,25,0,0,14,0,0,0,1,0,1,1,1,1,0,pass_dual_rap_contact,0.28781,0,
backbone_denovo,RAPCID_backbone_rapcid_backbone_110_model_6.cif.gz,/scratch/a2149a01/RAPCID_2610_output/backbone_denovo/RAPCID_backbone_rapcid_backbone_110_model_6.cif.gz,A,B,69,39,2.537,3.283,2.844,5,3,9,9,0.5,80.91,chain1_E_chain2_F,2,0,1,1,2,1,0,42,2,0,11,5,0,0,1,1,1,1,0,1,0,pass_direct_interface,0.45874,0,
backbone_denovo,RAPCID_backbone_rapcid_backbone_110_model_7.cif.gz,/scratch/a2149a01/RAPCID_2610_output/backbone_denovo/RAPCID_backbone_rapcid_backbone_110_model_7.cif.gz,A,B,69,39,2.549,3.928,3.572,2,5,6,10,0.375,83.49,chain1_E_chain2_F,1,0,0,3,1,3,0,55,0,0,6,9,0,0,1,1,1,1,0,1,0,pass_direct_interface,0.41258,0,
backbone_denovo,RAPCID_backbone_rapcid_backbone_111_model_0.cif.gz,/scratch/a2149a01/RAPCID_2610_output/backbone_denovo/RAPCID_backbone_rapcid_backbone_111_model_0.cif.gz,A,B,47,43,2.937,2.921,3.738,6,3,9,9,0.5,53.93,chain1_F_chain2_E,0,2,1,0,2,1,0,35,1,0,11,9,1,0,1,1,1,0,1,1,0,pass_face_angle,0.40238,0,
backbone_denovo,RAPCID_backbone_rapcid_backbone_111_model_1.cif.gz,/scratch/a2149a01/RAPCID_2610_output/backbone_denovo/RAPCID_backbone_rapcid_backbone_111_model_1.cif.gz,A,B,47,43,2.762,7.821,3.018,0,3,0,17,0.0,nan,chain1_F_chain2_E,0,0,2,0,0,2,0,45,0,1,0,12,0,0,1,0,0,0,0,1,0,pass_dual_rap_contact;pass_contact_balance;pass_face_angle;pass_direct_interface,0.17381,0,
backbone_denovo,RAPCID_backbone_rapcid_backbone_111_model_2.cif.gz,/scratch/a2149a01/RAPCID_2610_output/backbone_denovo/RAPCID_backbone_rapcid_backbone_111_model_2.cif.gz,A,B,47,43,2.687,8.99,3.439,0,8,0,24,0.0,nan,chain1_E_chain2_F,0,0,1,2,0,2,0,48,0,0,0,12,0,0,1,0,0,0,0,1,0,pass_dual_rap_contact;pass_contact_balance;pass_face_angle;pass_direct_interface,0.15714,0,
backbone_denovo,RAPCID_backbone_rapcid_backbone_111_model_3.cif.gz,/scratch/a2149a01/RAPCID_2610_output/backbone_denovo/RAPCID_backbone_rapcid_backbone_111_model_3.cif.gz,A,B,47,43,2.334,3.312,3.372,4,4,21,12,0.6364,73.73,chain1_E_chain2_F,2,0,1,1,2,1,0,39,2,0,11,9,0,0,1,1,1,1,1,1,1,,0.38027,1,943
backbone_denovo,RAPCID_backbone_rapcid_backbone_111_model_4.cif.gz,/scratch/a2149a01/RAPCID_2610_output/backbone_denovo/RAPCID_backbone_rapcid_backbone_111_model_4.cif.gz,A,B,47,43,2.611,2.893,2.73,6,5,16,11,0.5926,76.7,chain1_F_chain2_E,0,3,1,1,3,1,0,47,3,2,14,9,0,0,1,1,1,1,0,1,0,pass_direct_interface,0.48626,0,
backbone_denovo,RAPCID_backbone_rapcid_backbone_111_model_5.cif.gz,/scratch/a2149a01/RAPCID_2610_output/backbone_denovo/RAPCID_backbone_rapcid_backbone_111_model_5.cif.gz,A,B,47,43,2.837,3.703,3.213,2,2,2,6,0.25,44.11,chain1_F_chain2_E,0,1,1,1,1,1,0,49,1,2,11,8,0,0,1,0,1,0,0,1,0,pass_dual_rap_contact;pass_face_angle;pass_direct_interface,0.30714,0,
backbone_denovo,RAPCID_backbone_rapcid_backbone_111_model_6.cif.gz,/scratch/a2149a01/RAPCID_2610_output/backbone_denovo/RAPCID_backbone_rapcid_backbone_111_model_6.cif.gz,A,B,47,43,2.635,3.107,3.064,4,4,13,18,0.4194,97.3,chain1_F_chain2_E,1,1,3,0,1,3,0,37,0,1,11,14,0,0,1,1,1,1,1,1,1,,0.49303,1,669
backbone_denovo,RAPCID_backbone_rapcid_backbone_111_model_7.cif.gz,/scratch/a2149a01/RAPCID_2610_output/backbone_denovo/RAPCID_backbone_rapcid_backbone_111_model_7.cif.gz,A,B,47,43,1.825,3.422,3.197,4,4,12,14,0.4615,65.71,chain1_F_chain2_E,1,0,3,0,0,3,0,42,1,1,7,13,0,0,0,1,1,1,0,1,0,pass_no_clash;pass_direct_interface,0.40366,0,
backbone_denovo,RAPCID_backbone_rapcid_backbone_112_model_0.cif.gz,/scratch/a2149a01/RAPCID_2610_output/backbone_denovo/RAPCID_backbone_rapcid_backbone_112_model_0.cif.gz,B,A,66,46,2.76,7.82,3.223,0,3,0,11,0.0,nan,chain1_F_chain2_E,0,0,3,0,0,3,0,32,0,1,0,9,0,1,1,0,0,0,1,1,0,pass_dual_rap_contact;pass_contact_balance;pass_face_angle,0.19238,0,
backbone_denovo,RAPCID_backbone_rapcid_backbone_112_model_1.cif.gz,/scratch/a2149a01/RAPCID_2610_output/backbone_denovo/RAPCID_backbone_rapcid_backbone_112_model_1.cif.gz,B,A,66,46,2.366,2.591,8.818,3,0,9,0,1.0,nan,chain1_E_chain2_F,1,0,0,0,1,0,0,32,0,0,6,0,0,0,1,0,0,0,1,1,0,pass_dual_rap_contact;pass_contact_balance;pass_face_angle,0.08857,0,
backbone_denovo,RAPCID_backbone_rapcid_backbone_112_model_2.cif.gz,/scratch/a2149a01/RAPCID_2610_output/backbone_denovo/RAPCID_backbone_rapcid_backbone_112_model_2.cif.gz,B,A,66,46,2.583,2.597,3.165,7,4,20,24,0.4545,117.48,chain1_F_chain2_E,1,3,2,0,3,2,1,43,2,1,9,13,0,2,1,1,1,1,0,1,0,pass_direct_interface,0.66486,0,
backbone_denovo,RAPCID_backbone_rapcid_backbone_112_model_3.cif.gz,/scratch/a2149a01/RAPCID_2610_output/backbone_denovo/RAPCID_backbone_rapcid_backbone_112_model_3.cif.gz,B,A,66,46,2.846,3.891,3.023,1,6,1,22,0.0435,65.57,chain1_F_chain2_E,0,1,1,1,1,1,0,32,1,1,7,10,0,0,1,0,0,1,1,1,0,pass_dual_rap_contact;pass_contact_balance,0.20787,0,
backbone_denovo,RAPCID_backbone_rapcid_backbone_112_model_4.cif.gz,/scratch/a2149a01/RAPCID_2610_output/backbone_denovo/RAPCID_backbone_rapcid_backbone_112_model_4.cif.gz,B,A,66,46,2.437,2.402,2.986,3,5,6,12,0.3333,65.29,chain1_F_chain2_E,0,2,1,1,2,1,0,44,1,2,14,9,0,0,1,1,1,1,0,1,0,pass_direct_interface,0.36905,0,
backbone_denovo,RAPCID_backbone_rapcid_backbone_112_model_5.cif.gz,/scratch/a2149a01/RAPCID_2610_output/backbone_denovo/RAPCID_backbone_rapcid_backbone_112_model_5.cif.gz,B,A,66,46,2.662,2.893,3.325,2,4,7,13,0.35,56.96,chain1_F_chain2_E,0,1,1,1,1,1,0,35,1,1,6,9,0,0,1,1,1,0,1,1,0,pass_face_angle,0.33048,0,
backbone_denovo,RAPCID_backbone_rapcid_backbone_112_model_6.cif.gz,/scratch/a2149a01/RAPCID_2610_output/backbone_denovo/RAPCID_backbone_rapcid_backbone_112_model_6.cif.gz,B,A,66,46,2.769,2.522,3.201,3,5,10,11,0.4762,51.46,chain1_E_chain2_F,0,1,1,2,0,2,0,43,2,1,0,12,0,0,1,1,1,0,0,1,0,pass_face_angle;pass_direct_interface,0.39762,0,
backbone_denovo,RAPCID_backbone_rapcid_backbone_112_model_7.cif.gz,/scratch/a2149a01/RAPCID_2610_output/backbone_denovo/RAPCID_backbone_rapcid_backbone_112_model_7.cif.gz,B,A,66,46,1.991,3.629,3.488,3,5,5,14,0.2632,68.11,chain1_E_chain2_F,1,1,0,3,1,3,0,44,0,1,10,12,0,0,0,1,1,1,0,1,0,pass_no_clash;pass_direct_interface,0.33622,0,
backbone_denovo,RAPCID_backbone_rapcid_backbone_113_model_0.cif.gz,/scratch/a2149a01/RAPCID_2610_output/backbone_denovo/RAPCID_backbone_rapcid_backbone_113_model_0.cif.gz,B,A,70,42,2.644,5.464,3.287,0,4,0,7,0.0,nan,chain1_F_chain2_E,0,0,1,0,0,1,0,33,0,0,0,12,0,0,1,0,0,0,1,1,0,pass_dual_rap_contact;pass_contact_balance;pass_face_angle,0.12857,0,
backbone_denovo,RAPCID_backbone_rapcid_backbone_113_model_1.cif.gz,/scratch/a2149a01/RAPCID_2610_output/backbone_denovo/RAPCID_backbone_rapcid_backbone_113_model_1.cif.gz,B,A,70,42,2.046,3.434,11.094,4,0,16,0,1.0,nan,chain1_E_chain2_F,1,1,0,0,1,0,0,41,0,0,5,0,0,0,1,0,0,0,0,1,0,pass_dual_rap_contact;pass_contact_balance;pass_face_angle;pass_direct_interface,0.07857,0,
backbone_denovo,RAPCID_backbone_rapcid_backbone_113_model_2.cif.gz,/scratch/a2149a01/RAPCID_2610_output/backbone_denovo/RAPCID_backbone_rapcid_backbone_113_model_2.cif.gz,B,A,70,42,2.247,3.464,3.186,4,6,11,17,0.3929,83.9,chain1_E_chain2_F,1,0,0,3,1,3,0,36,0,0,10,12,0,0,1,1,1,1,1,1,1,,0.42108,1,832
backbone_denovo,RAPCID_backbone_rapcid_backbone_113_model_3.cif.gz,/scratch/a2149a01/RAPCID_2610_output/backbone_denovo/RAPCID_backbone_rapcid_backbone_113_model_3.cif.gz,B,A,70,42,2.963,3.607,3.263,4,4,5,14,0.2632,129.9,chain1_F_chain2_E,0,1,2,0,1,2,1,16,0,0,9,13,0,0,1,1,1,1,1,1,1,,0.58254,1,544
backbone_denovo,RAPCID_backbone_rapcid_backbone_113_model_4.cif.gz,/scratch/a2149a01/RAPCID_2610_output/backbone_denovo/RAPCID_backbone_rapcid_backbone_113_model_4.cif.gz,B,A,70,42,2.53,2.137,3.454,6,3,17,10,0.6296,92.75,chain1_E_chain2_F,1,0,1,1,1,1,0,31,1,0,13,6,0,0,1,1,1,1,1,1,1,,0.40113,1,890
backbone_denovo,RAPCID_backbone_rapcid_backbone_113_model_5.cif.gz,/scratch/a2149a01/RAPCID_2610_output/backbone_denovo/RAPCID_backbone_rapcid_backbone_113_model_5.cif.gz,B,A,70,42,2.714,2.859,7.754,4,0,11,0,1.0,nan,chain1_E_chain2_F,2,0,0,0,2,0,0,25,0,0,14,0,0,0,1,0,0,0,1,1,0,pass_dual_rap_contact;pass_contact_balance;pass_face_angle,0.17214,0,
backbone_denovo,RAPCID_backbone_rapcid_backbone_113_model_6.cif.gz,/scratch/a2149a01/RAPCID_2610_output/backbone_denovo/RAPCID_backbone_rapcid_backbone_113_model_6.cif.gz,B,A,70,42,2.623,3.706,3.262,5,3,15,10,0.6,75.2,chain1_F_chain2_E,0,2,1,0,2,1,0,39,1,1,14,10,1,0,1,1,1,1,1,1,1,,0.39972,1,894
backbone_denovo,RAPCID_backbone_rapcid_backbone_113_model_7.cif.gz,/scratch/a2149a01/RAPCID_2610_output/backbone_denovo/RAPCID_backbone_rapcid_backbone_113_model_7.cif.gz,B,A,70,42,1.74,3.218,3.531,2,5,4,8,0.3333,43.06,chain1_F_chain2_E,0,0,2,0,0,2,1,40,1,1,0,9,1,1,0,1,1,0,1,1,0,pass_no_clash;pass_face_angle,0.34238,0,
backbone_denovo,RAPCID_backbone_rapcid_backbone_114_model_0.cif.gz,/scratch/a2149a01/RAPCID_2610_output/backbone_denovo/RAPCID_backbone_rapcid_backbone_114_model_0.cif.gz,A,B,66,50,3.134,3.77,3.067,1,5,1,13,0.0714,82.19,chain1_F_chain2_E,0,0,2,0,0,2,1,35,0,0,0,14,1,0,1,0,0,1,1,1,0,pass_dual_rap_contact;pass_contact_balance,0.25825,0,
backbone_denovo,RAPCID_backbone_rapcid_backbone_114_model_1.cif.gz,/scratch/a2149a01/RAPCID_2610_output/backbone_denovo/RAPCID_backbone_rapcid_backbone_114_model_1.cif.gz,A,B,66,50,2.685,2.584,11.418,7,0,17,0,1.0,nan,chain1_E_chain2_F,1,1,0,0,1,0,0,60,0,0,12,0,3,0,1,0,0,0,0,1,0,pass_dual_rap_contact;pass_contact_balance;pass_face_angle;pass_direct_interface,0.12857,0,
backbone_denovo,RAPCID_backbone_rapcid_backbone_114_model_2.cif.gz,/scratch/a2149a01/RAPCID_2610_output/backbone_denovo/RAPCID_backbone_rapcid_backbone_114_model_2.cif.gz,A,B,66,50,1.038,2.541,4.004,5,4,23,5,0.8214,96.33,chain1_E_chain2_F,1,0,0,2,1,2,0,43,1,0,7,9,0,0,0,1,1,1,0,1,0,pass_no_clash;pass_direct_interface,0.36491,0,
backbone_denovo,RAPCID_backbone_rapcid_backbone_114_model_3.cif.gz,/scratch/a2149a01/RAPCID_2610_output/backbone_denovo/RAPCID_backbone_rapcid_backbone_114_model_3.cif.gz,A,B,66,50,1.8,2.205,5.949,5,0,10,0,1.0,nan,chain1_E_chain2_F,1,0,0,0,1,0,0,46,1,0,6,0,0,0,0,0,0,0,0,1,0,pass_no_clash;pass_dual_rap_contact;pass_contact_balance;pass_face_angle;pass_direct_interface,0.10524,0,
backbone_denovo,RAPCID_backbone_rapcid_backbone_114_model_4.cif.gz,/scratch/a2149a01/RAPCID_2610_output/backbone_denovo/RAPCID_backbone_rapcid_backbone_114_model_4.cif.gz,A,B,66,50,2.055,3.035,10.25,6,0,19,0,1.0,nan,chain1_E_chain2_F,1,0,0,0,1,0,0,50,0,0,11,0,0,0,1,0,0,0,0,1,0,pass_dual_rap_contact;pass_contact_balance;pass_face_angle;pass_direct_interface,0.12857,0,
backbone_denovo,RAPCID_backbone_rapcid_backbone_114_model_5.cif.gz,/scratch/a2149a01/RAPCID_2610_output/backbone_denovo/RAPCID_backbone_rapcid_backbone_114_model_5.cif.gz,A,B,66,50,2.931,3.3,3.313,2,5,3,17,0.15,96.53,chain1_E_chain2_F,0,0,1,1,0,1,0,29,0,1,0,9,0,0,1,0,1,1,1,1,0,pass_dual_rap_contact,0.28699,0,
backbone_denovo,RAPCID_backbone_rapcid_backbone_114_model_6.cif.gz,/scratch/a2149a01/RAPCID_2610_output/backbone_denovo/RAPCID_backbone_rapcid_backbone_114_model_6.cif.gz,A,B,66,50,37.832,2.895,60.887,8,0,21,0,1.0,nan,chain1_E_chain2_F,2,2,0,0,2,0,0,0,0,0,10,0,0,0,1,0,0,0,1,1,0,pass_dual_rap_contact;pass_contact_balance;pass_face_angle,0.21714,0,
backbone_denovo,RAPCID_backbone_rapcid_backbone_114_model_7.cif.gz,/scratch/a2149a01/RAPCID_2610_output/backbone_denovo/RAPCID_backbone_rapcid_backbone_114_model_7.cif.gz,A,B,66,50,2.212,3.087,2.43,3,4,9,11,0.45,69.71,chain1_E_chain2_F,1,0,0,0,1,0,0,30,1,0,8,1,1,0,1,1,1,1,1,1,1,,0.31761,0,
backbone_denovo,RAPCID_backbone_rapcid_backbone_115_model_0.cif.gz,/scratch/a2149a01/RAPCID_2610_output/backbone_denovo/RAPCID_backbone_rapcid_backbone_115_model_0.cif.gz,B,A,58,46,2.589,3.581,3.527,3,3,4,5,0.4444,51.22,chain1_E_chain2_F,0,1,0,2,0,2,0,34,1,1,5,9,1,0,1,1,1,0,1,1,0,pass_face_angle,0.36825,0,
backbone_denovo,RAPCID_backbone_rapcid_backbone_115_model_1.cif.gz,/scratch/a2149a01/RAPCID_2610_output/backbone_denovo/RAPCID_backbone_rapcid_backbone_115_model_1.cif.gz,B,A,58,46,2.526,2.974,11.969,3,0,13,0,1.0,nan,chain1_E_chain2_F,1,0,0,0,1,0,0,43,0,0,8,0,1,0,1,0,0,0,0,1,0,pass_dual_rap_contact;pass_contact_balance;pass_face_angle;pass_direct_interface,0.10857,0,
backbone_denovo,RAPCID_backbone_rapcid_backbone_115_model_2.cif.gz,/scratch/a2149a01/RAPCID_2610_output/backbone_denovo/RAPCID_backbone_rapcid_backbone_115_model_2.cif.gz,B,A,58,46,2.721,3.349,3.448,5,3,13,3,0.8125,45.44,chain1_E_chain2_F,1,2,0,2,1,2,0,53,2,0,5,7,0,0,1,0,1,0,0,1,0,pass_dual_rap_contact;pass_face_angle;pass_direct_interface,0.29405,0,
backbone_denovo,RAPCID_backbone_rapcid_backbone_115_model_3.cif.gz,/scratch/a2149a01/RAPCID_2610_output/backbone_denovo/RAPCID_backbone_rapcid_backbone_115_model_3.cif.gz,B,A,58,46,2.36,2.801,3.261,3,5,11,11,0.5,53.33,chain1_E_chain2_F,1,1,0,2,1,2,0,46,2,2,9,9,0,0,1,1,1,0,0,1,0,pass_face_angle;pass_direct_interface,0.45238,0,
backbone_denovo,RAPCID_backbone_rapcid_backbone_115_model_4.cif.gz,/scratch/a2149a01/RAPCID_2610_output/backbone_denovo/RAPCID_backbone_rapcid_backbone_115_model_4.cif.gz,B,A,58,46,2.654,2.57,3.333,6,3,13,11,0.5417,72.57,chain1_F_chain2_E,2,0,3,0,0,3,0,22,0,0,2,10,0,0,1,1,1,1,1,1,1,,0.41096,1,856
backbone_denovo,RAPCID_backbone_rapcid_backbone_115_model_5.cif.gz,/scratch/a2149a01/RAPCID_2610_output/backbone_denovo/RAPCID_backbone_rapcid_backbone_115_model_5.cif.gz,B,A,58,46,2.787,3.37,3.309,4,6,5,15,0.25,63.98,chain1_E_chain2_F,1,0,0,2,1,2,0,37,1,2,9,12,0,0,1,1,1,1,1,1,1,,0.33571,0,
backbone_denovo,RAPCID_backbone_rapcid_backbone_115_model_6.cif.gz,/scratch/a2149a01/RAPCID_2610_output/backbone_denovo/RAPCID_backbone_rapcid_backbone_115_model_6.cif.gz,B,A,58,46,2.461,3.688,2.938,2,5,6,12,0.3333,45.87,chain1_F_chain2_E,0,1,1,1,1,1,0,47,2,1,10,11,0,0,1,1,1,0,0,1,0,pass_face_angle;pass_direct_interface,0.34048,0,
backbone_denovo,RAPCID_backbone_rapcid_backbone_115_model_7.cif.gz,/scratch/a2149a01/RAPCID_2610_output/backbone_denovo/RAPCID_backbone_rapcid_backbone_115_model_7.cif.gz,B,A,58,46,3.064,3.592,3.994,5,5,10,6,0.625,74.42,chain1_E_chain2_F,2,1,0,3,2,3,0,31,0,0,9,9,1,0,1,1,1,1,1,1,1,,0.41094,1,857
backbone_denovo,RAPCID_backbone_rapcid_backbone_116_model_0.cif.gz,/scratch/a2149a01/RAPCID_2610_output/backbone_denovo/RAPCID_backbone_rapcid_backbone_116_model_0.cif.gz,A,B,67,36,3.111,3.02,19.168,8,0,27,0,1.0,nan,chain1_E_chain2_F,3,2,0,0,3,0,0,3,0,0,15,0,0,0,1,0,0,0,1,1,0,pass_dual_rap_contact;pass_contact_balance;pass_face_angle,0.26071,0,
backbone_denovo,RAPCID_backbone_rapcid_backbone_116_model_1.cif.gz,/scratch/a2149a01/RAPCID_2610_output/backbone_denovo/RAPCID_backbone_rapcid_backbone_116_model_1.cif.gz,A,B,67,36,2.791,3.521,3.25,2,8,3,22,0.12,53.68,chain1_F_chain2_E,0,1,2,2,1,2,0,17,1,2,6,11,0,0,1,0,1,0,1,1,0,pass_dual_rap_contact;pass_face_angle,0.33871,0,
backbone_denovo,RAPCID_backbone_rapcid_backbone_116_model_2.cif.gz,/scratch/a2149a01/RAPCID_2610_output/backbone_denovo/RAPCID_backbone_rapcid_backbone_116_model_2.cif.gz,A,B,67,36,2.595,2.682,10.188,8,0,24,0,1.0,nan,chain1_F_chain2_E,1,2,0,0,2,0,0,38,0,0,9,0,0,0,1,0,0,0,1,1,0,pass_dual_rap_contact;pass_contact_balance;pass_face_angle,0.14714,0,
backbone_denovo,RAPCID_backbone_rapcid_backbone_116_model_3.cif.gz,/scratch/a2149a01/RAPCID_2610_output/backbone_denovo/RAPCID_backbone_rapcid_backbone_116_model_3.cif.gz,A,B,67,36,2.783,2.9,3.21,4,4,15,11,0.5769,89.65,chain1_E_chain2_F,1,0,1,0,1,0,0,31,1,1,11,6,0,0,1,1,1,1,1,1,1,,0.39998,1,892
backbone_denovo,RAPCID_backbone_rapcid_backbone_116_model_4.cif.gz,/scratch/a2149a01/RAPCID_2610_output/backbone_denovo/RAPCID_backbone_rapcid_backbone_116_model_4.cif.gz,A,B,67,36,2.561,3.495,4.55,5,0,9,0,1.0,nan,chain1_E_chain2_F,1,0,0,0,1,0,0,33,1,0,8,0,0,0,1,0,0,0,1,1,0,pass_dual_rap_contact;pass_contact_balance;pass_face_angle,0.12524,0,
backbone_denovo,RAPCID_backbone_rapcid_backbone_116_model_5.cif.gz,/scratch/a2149a01/RAPCID_2610_output/backbone_denovo/RAPCID_backbone_rapcid_backbone_116_model_5.cif.gz,A,B,67,36,2.63,2.278,2.973,4,2,22,10,0.6875,75.09,chain1_E_chain2_F,3,0,1,0,3,0,0,27,1,1,10,4,1,0,1,1,1,1,1,1,1,,0.36933,1,982
backbone_denovo,RAPCID_backbone_rapcid_backbone_116_model_6.cif.gz,/scratch/a2149a01/RAPCID_2610_output/backbone_denovo/RAPCID_backbone_rapcid_backbone_116_model_6.cif.gz,A,B,67,36,2.602,3.396,3.422,5,3,18,4,0.8182,114.61,chain1_E_chain2_F,2,0,0,2,2,2,0,26,1,1,14,6,0,0,1,1,1,1,1,1,1,,0.48238,1,691
backbone_denovo,RAPCID_backbone_rapcid_backbone_116_model_7.cif.gz,/scratch/a2149a01/RAPCID_2610_output/backbone_denovo/RAPCID_backbone_rapcid_backbone_116_model_7.cif.gz,A,B,67,36,2.955,3.546,3.082,1,4,3,12,0.2,72.41,chain1_F_chain2_E,0,1,1,0,1,1,0,29,0,1,7,10,2,0,1,0,1,1,1,1,0,pass_dual_rap_contact,0.26517,0,
backbone_denovo,RAPCID_backbone_rapcid_backbone_117_model_0.cif.gz,/scratch/a2149a01/RAPCID_2610_output/backbone_denovo/RAPCID_backbone_rapcid_backbone_117_model_0.cif.gz,A,B,50,45,2.522,4.223,12.023,1,0,2,0,1.0,nan,chain1_E_chain2_F,0,0,0,0,0,0,0,47,0,0,0,0,0,0,1,0,0,0,0,1,0,pass_dual_rap_contact;pass_contact_balance;pass_face_angle;pass_direct_interface,0.0,0,
backbone_denovo,RAPCID_backbone_rapcid_backbone_117_model_1.cif.gz,/scratch/a2149a01/RAPCID_2610_output/backbone_denovo/RAPCID_backbone_rapcid_backbone_117_model_1.cif.gz,A,B,50,45,2.693,2.891,3.542,4,2,10,5,0.6667,59.15,chain1_E_chain2_F,2,0,0,0,2,0,0,56,1,1,12,0,0,0,1,1,1,0,0,1,0,pass_face_angle;pass_direct_interface,0.32381,0,
backbone_denovo,RAPCID_backbone_rapcid_backbone_117_model_2.cif.gz,/scratch/a2149a01/RAPCID_2610_output/backbone_denovo/RAPCID_backbone_rapcid_backbone_117_model_2.cif.gz,A,B,50,45,3.319,3.32,3.306,4,4,8,10,0.4444,47.64,chain1_F_chain2_E,0,2,0,1,2,0,0,26,1,1,12,0,0,0,1,1,1,0,1,1,0,pass_face_angle,0.37825,0,
backbone_denovo,RAPCID_backbone_rapcid_backbone_117_model_3.cif.gz,/scratch/a2149a01/RAPCID_2610_output/backbone_denovo/RAPCID_backbone_rapcid_backbone_117_model_3.cif.gz,A,B,50,45,3.17,3.263,14.556,3,0,10,0,1.0,nan,chain1_E_chain2_F,1,0,0,0,1,0,0,14,0,0,7,0,0,0,1,0,0,0,1,1,0,pass_dual_rap_contact;pass_contact_balance;pass_face_angle,0.16857,0,
backbone_denovo,RAPCID_backbone_rapcid_backbone_117_model_4.cif.gz,/scratch/a2149a01/RAPCID_2610_output/backbone_denovo/RAPCID_backbone_rapcid_backbone_117_model_4.cif.gz,A,B,50,45,2.754,2.808,3.617,5,2,20,6,0.7692,36.25,chain1_E_chain2_F,3,0,2,0,3,0,1,41,3,2,12,0,0,0,1,1,1,0,0,1,0,pass_face_angle;pass_direct_interface,0.38993,0,
backbone_denovo,RAPCID_backbone_rapcid_backbone_117_model_5.cif.gz,/scratch/a2149a01/RAPCID_2610_output/backbone_denovo/RAPCID_backbone_rapcid_backbone_117_model_5.cif.gz,A,B,50,45,2.852,2.994,3.083,4,6,14,16,0.4667,61.7,chain1_E_chain2_F,3,0,1,1,3,1,0,23,2,2,11,12,0,0,1,1,1,1,1,1,1,,0.49262,1,670
backbone_denovo,RAPCID_backbone_rapcid_backbone_117_model_6.cif.gz,/scratch/a2149a01/RAPCID_2610_output/backbone_denovo/RAPCID_backbone_rapcid_backbone_117_model_6.cif.gz,A,B,50,45,2.925,3.915,3.629,3,5,3,10,0.2308,39.88,chain1_E_chain2_F,0,1,1,2,0,2,0,53,1,2,0,12,0,0,1,0,1,0,0,1,0,pass_dual_rap_contact;pass_face_angle;pass_direct_interface,0.29945,0,
backbone_denovo,RAPCID_backbone_rapcid_backbone_117_model_7.cif.gz,/scratch/a2149a01/RAPCID_2610_output/backbone_denovo/RAPCID_backbone_rapcid_backbone_117_model_7.cif.gz,A,B,50,45,3.191,3.183,10.082,4,0,9,0,1.0,nan,chain1_E_chain2_F,1,0,0,0,1,0,0,22,0,0,5,0,0,0,1,0,0,0,1,1,0,pass_dual_rap_contact;pass_contact_balance;pass_face_angle,0.10857,0,
backbone_denovo,RAPCID_backbone_rapcid_backbone_118_model_0.cif.gz,/scratch/a2149a01/RAPCID_2610_output/backbone_denovo/RAPCID_backbone_rapcid_backbone_118_model_0.cif.gz,A,B,44,39,3.122,2.914,4.966,4,0,18,0,1.0,nan,chain1_E_chain2_F,3,0,0,0,3,0,1,19,1,0,13,0,0,0,1,0,0,0,1,1,0,pass_dual_rap_contact;pass_contact_balance;pass_face_angle,0.27595,0,
backbone_denovo,RAPCID_backbone_rapcid_backbone_118_model_1.cif.gz,/scratch/a2149a01/RAPCID_2610_output/backbone_denovo/RAPCID_backbone_rapcid_backbone_118_model_1.cif.gz,A,B,44,39,2.373,2.693,2.935,5,1,14,2,0.875,48.79,chain1_E_chain2_F,2,0,0,0,2,0,1,18,0,0,12,0,0,0,1,0,1,0,1,1,0,pass_dual_rap_contact;pass_face_angle,0.28571,0,
backbone_denovo,RAPCID_backbone_rapcid_backbone_118_model_2.cif.gz,/scratch/a2149a01/RAPCID_2610_output/backbone_denovo/RAPCID_backbone_rapcid_backbone_118_model_2.cif.gz,A,B,44,39,2.533,2.734,3.006,4,4,10,7,0.5882,49.39,chain1_E_chain2_F,0,1,0,2,0,2,0,38,2,2,0,11,0,0,1,1,1,0,1,1,0,pass_face_angle,0.38852,0,
backbone_denovo,RAPCID_backbone_rapcid_backbone_118_model_3.cif.gz,/scratch/a2149a01/RAPCID_2610_output/backbone_denovo/RAPCID_backbone_rapcid_backbone_118_model_3.cif.gz,A,B,44,39,3.025,3.382,3.155,5,4,15,5,0.75,71.97,chain1_E_chain2_F,1,1,0,3,1,3,0,14,2,1,10,11,0,0,1,1,1,1,1,1,1,,0.44419,1,765
backbone_denovo,RAPCID_backbone_rapcid_backbone_118_model_4.cif.gz,/scratch/a2149a01/RAPCID_2610_output/backbone_denovo/RAPCID_backbone_rapcid_backbone_118_model_4.cif.gz,A,B,44,39,3.102,3.066,3.113,6,5,12,11,0.5217,78.69,chain1_E_chain2_F,1,0,0,3,1,3,0,11,1,0,12,12,0,0,1,1,1,1,1,1,1,,0.53957,1,602
backbone_denovo,RAPCID_backbone_rapcid_backbone_118_model_5.cif.gz,/scratch/a2149a01/RAPCID_2610_output/backbone_denovo/RAPCID_backbone_rapcid_backbone_118_model_5.cif.gz,A,B,44,39,2.058,3.026,3.413,5,3,12,6,0.6667,57.8,chain1_F_chain2_E,1,2,1,0,2,1,0,37,2,1,13,10,0,0,1,1,1,0,1,1,0,pass_face_angle,0.36905,0,
backbone_denovo,RAPCID_backbone_rapcid_backbone_118_model_6.cif.gz,/scratch/a2149a01/RAPCID_2610_output/backbone_denovo/RAPCID_backbone_rapcid_backbone_118_model_6.cif.gz,A,B,44,39,2.267,3.048,3.43,4,2,14,3,0.8235,58.81,chain1_E_chain2_F,1,0,0,1,1,1,0,46,3,1,5,5,0,0,1,0,1,0,0,1,0,pass_dual_rap_contact;pass_face_angle;pass_direct_interface,0.2944,0,
backbone_denovo,RAPCID_backbone_rapcid_backbone_118_model_7.cif.gz,/scratch/a2149a01/RAPCID_2610_output/backbone_denovo/RAPCID_backbone_rapcid_backbone_118_model_7.cif.gz,A,B,44,39,2.746,2.888,3.332,6,4,21,12,0.6364,76.12,chain1_E_chain2_F,1,1,0,3,1,3,0,40,2,2,10,10,0,0,1,1,1,1,1,1,1,,0.45015,1,744
backbone_denovo,RAPCID_backbone_rapcid_backbone_119_model_0.cif.gz,/scratch/a2149a01/RAPCID_2610_output/backbone_denovo/RAPCID_backbone_rapcid_backbone_119_model_0.cif.gz,B,A,61,38,2.938,3.592,2.979,4,4,8,8,0.5,89.53,chain1_E_chain2_F,1,0,1,2,1,2,0,28,1,1,8,8,0,0,1,1,1,1,1,1,1,,0.48747,1,680
backbone_denovo,RAPCID_backbone_rapcid_backbone_119_model_1.cif.gz,/scratch/a2149a01/RAPCID_2610_output/backbone_denovo/RAPCID_backbone_rapcid_backbone_119_model_1.cif.gz,B,A,61,38,2.028,13.91,3.138,0,5,0,11,0.0,nan,chain1_F_chain2_E,0,0,1,0,0,1,0,15,0,0,0,9,2,0,1,0,0,0,1,1,0,pass_dual_rap_contact;pass_contact_balance;pass_face_angle,0.18357,0,
backbone_denovo,RAPCID_backbone_rapcid_backbone_119_model_2.cif.gz,/scratch/a2149a01/RAPCID_2610_output/backbone_denovo/RAPCID_backbone_rapcid_backbone_119_model_2.cif.gz,B,A,61,38,2.201,11.715,3.218,0,5,0,8,0.0,nan,chain1_F_chain2_E,0,0,2,0,0,2,0,12,0,0,0,11,0,0,1,0,0,0,1,1,0,pass_dual_rap_contact;pass_contact_balance;pass_face_angle,0.23714,0,
backbone_denovo,RAPCID_backbone_rapcid_backbone_119_model_3.cif.gz,/scratch/a2149a01/RAPCID_2610_output/backbone_denovo/RAPCID_backbone_rapcid_backbone_119_model_3.cif.gz,B,A,61,38,2.617,2.912,3.528,6,3,19,5,0.7917,55.38,chain1_E_chain2_F,2,1,0,2,2,2,0,43,2,1,10,9,1,0,1,1,1,0,0,1,0,pass_face_angle;pass_direct_interface,0.34762,0,
backbone_denovo,RAPCID_backbone_rapcid_backbone_119_model_4.cif.gz,/scratch/a2149a01/RAPCID_2610_output/backbone_denovo/RAPCID_backbone_rapcid_backbone_119_model_4.cif.gz,B,A,61,38,2.563,2.778,4.047,3,1,10,2,0.8333,54.5,chain1_E_chain2_F,1,0,0,0,1,0,0,32,1,0,7,0,0,0,1,0,1,0,1,1,0,pass_dual_rap_contact;pass_face_angle,0.1819,0,
backbone_denovo,RAPCID_backbone_rapcid_backbone_119_model_5.cif.gz,/scratch/a2149a01/RAPCID_2610_output/backbone_denovo/RAPCID_backbone_rapcid_backbone_119_model_5.cif.gz,B,A,61,38,2.815,3.718,2.846,2,5,2,16,0.1111,51.82,chain1_F_chain2_E,0,2,1,1,2,1,0,42,1,3,10,9,0,1,1,0,1,0,0,1,0,pass_dual_rap_contact;pass_face_angle;pass_direct_interface,0.29683,0,
backbone_denovo,RAPCID_backbone_rapcid_backbone_119_model_6.cif.gz,/scratch/a2149a01/RAPCID_2610_output/backbone_denovo/RAPCID_backbone_rapcid_backbone_119_model_6.cif.gz,B,A,61,38,2.258,6.437,3.601,0,2,0,5,0.0,nan,chain1_F_chain2_E,0,0,1,0,0,1,0,31,0,0,0,10,0,0,1,0,0,0,1,1,0,pass_dual_rap_contact;pass_contact_balance;pass_face_angle,0.12857,0,
backbone_denovo,RAPCID_backbone_rapcid_backbone_119_model_7.cif.gz,/scratch/a2149a01/RAPCID_2610_output/backbone_denovo/RAPCID_backbone_rapcid_backbone_119_model_7.cif.gz,B,A,61,38,1.357,2.586,3.236,4,5,12,13,0.48,94.12,chain1_E_chain2_F,2,0,0,3,2,3,0,38,0,1,8,9,0,1,0,1,1,1,1,1,0,pass_no_clash,0.53524,0,
backbone_denovo,RAPCID_backbone_rapcid_backbone_11_model_0.cif.gz,/scratch/a2149a01/RAPCID_2610_output/backbone_denovo/RAPCID_backbone_rapcid_backbone_11_model_0.cif.gz,A,B,68,33,1.451,2.816,3.232,4,4,18,13,0.5806,104.93,chain1_E_chain2_F,2,0,1,0,2,0,0,32,1,1,15,1,0,0,0,1,1,1,1,1,0,pass_no_clash,0.47797,0,
backbone_denovo,RAPCID_backbone_rapcid_backbone_11_model_1.cif.gz,/scratch/a2149a01/RAPCID_2610_output/backbone_denovo/RAPCID_backbone_rapcid_backbone_11_model_1.cif.gz,A,B,68,33,2.644,3.058,3.276,7,5,19,12,0.6129,99.35,chain1_F_chain2_E,1,3,1,0,3,1,0,38,2,1,14,6,1,0,1,1,1,1,1,1,1,,0.52029,1,622
backbone_denovo,RAPCID_backbone_rapcid_backbone_11_model_2.cif.gz,/scratch/a2149a01/RAPCID_2610_output/backbone_denovo/RAPCID_backbone_rapcid_backbone_11_model_2.cif.gz,A,B,68,33,2.392,2.924,11.995,4,0,11,0,1.0,nan,chain1_E_chain2_F,1,0,0,0,1,0,0,41,0,0,10,0,0,0,1,0,0,0,0,1,0,pass_dual_rap_contact;pass_contact_balance;pass_face_angle;pass_direct_interface,0.12857,0,
backbone_denovo,RAPCID_backbone_rapcid_backbone_11_model_3.cif.gz,/scratch/a2149a01/RAPCID_2610_output/backbone_denovo/RAPCID_backbone_rapcid_backbone_11_model_3.cif.gz,A,B,68,33,2.273,4.882,3.131,0,3,0,10,0.0,nan,chain1_F_chain2_E,0,0,2,0,0,2,0,45,0,1,0,9,0,0,1,0,0,0,0,1,0,pass_dual_rap_contact;pass_contact_balance;pass_face_angle;pass_direct_interface,0.16381,0,
backbone_denovo,RAPCID_backbone_rapcid_backbone_11_model_4.cif.gz,/scratch/a2149a01/RAPCID_2610_output/backbone_denovo/RAPCID_backbone_rapcid_backbone_11_model_4.cif.gz,A,B,68,33,2.947,3.068,5.112,5,0,18,0,1.0,nan,chain1_E_chain2_F,1,0,0,0,1,0,0,35,1,0,5,0,0,0,1,0,0,0,1,1,0,pass_dual_rap_contact;pass_contact_balance;pass_face_angle,0.09524,0,
backbone_denovo,RAPCID_backbone_rapcid_backbone_11_model_5.cif.gz,/scratch/a2149a01/RAPCID_2610_output/backbone_denovo/RAPCID_backbone_rapcid_backbone_11_model_5.cif.gz,A,B,68,33,2.879,2.751,3.752,3,3,9,4,0.6923,81.12,chain1_E_chain2_F,0,0,0,2,0,2,0,26,1,1,4,7,0,0,1,1,1,1,1,1,1,,0.36396,1,996
backbone_denovo,RAPCID_backbone_rapcid_backbone_11_model_6.cif.gz,/scratch/a2149a01/RAPCID_2610_output/backbone_denovo/RAPCID_backbone_rapcid_backbone_11_model_6.cif.gz,A,B,68,33,2.84,3.009,5.085,5,0,19,0,1.0,nan,chain1_F_chain2_E,1,2,0,0,2,0,0,37,1,0,7,0,1,1,1,0,0,0,1,1,0,pass_dual_rap_contact;pass_contact_balance;pass_face_angle,0.14381,0,
backbone_denovo,RAPCID_backbone_rapcid_backbone_11_model_7.cif.gz,/scratch/a2149a01/RAPCID_2610_output/backbone_denovo/RAPCID_backbone_rapcid_backbone_11_model_7.cif.gz,A,B,68,33,2.511,3.134,8.515,6,0,19,0,1.0,nan,chain1_F_chain2_E,2,3,0,0,3,0,0,19,0,0,13,0,1,0,1,0,0,0,1,1,0,pass_dual_rap_contact;pass_contact_balance;pass_face_angle,0.23071,0,
backbone_denovo,RAPCID_backbone_rapcid_backbone_120_model_0.cif.gz,/scratch/a2149a01/RAPCID_2610_output/backbone_denovo/RAPCID_backbone_rapcid_backbone_120_model_0.cif.gz,B,A,56,47,2.979,2.365,3.513,5,5,12,14,0.4615,64.64,chain1_E_chain2_F,0,1,1,2,0,2,0,27,2,1,0,12,0,0,1,1,1,1,1,1,1,,0.39676,1,898
backbone_denovo,RAPCID_backbone_rapcid_backbone_120_model_1.cif.gz,/scratch/a2149a01/RAPCID_2610_output/backbone_denovo/RAPCID_backbone_rapcid_backbone_120_model_1.cif.gz,B,A,56,47,1.714,3.661,3.281,1,5,4,9,0.3077,95.56,chain1_E_chain2_F,0,0,1,1,0,1,0,33,0,0,0,9,0,0,0,0,1,1,1,1,0,pass_no_clash;pass_dual_rap_contact,0.33017,0,
backbone_denovo,RAPCID_backbone_rapcid_backbone_120_model_2.cif.gz,/scratch/a2149a01/RAPCID_2610_output/backbone_denovo/RAPCID_backbone_rapcid_backbone_120_model_2.cif.gz,B,A,56,47,2.778,3.105,3.465,5,4,12,13,0.48,65.96,chain1_E_chain2_F,2,0,1,0,2,0,0,40,0,1,13,2,0,0,1,1,1,1,1,1,1,,0.36581,1,989
backbone_denovo,RAPCID_backbone_rapcid_backbone_120_model_3.cif.gz,/scratch/a2149a01/RAPCID_2610_output/backbone_denovo/RAPCID_backbone_rapcid_backbone_120_model_3.cif.gz,B,A,56,47,2.313,2.34,3.057,4,3,7,8,0.4667,41.5,chain1_E_chain2_F,0,1,0,2,0,2,0,47,2,2,0,12,0,0,1,1,1,0,0,1,0,pass_face_angle;pass_direct_interface,0.41048,0,
backbone_denovo,RAPCID_backbone_rapcid_backbone_120_model_4.cif.gz,/scratch/a2149a01/RAPCID_2610_output/backbone_denovo/RAPCID_backbone_rapcid_backbone_120_model_4.cif.gz,B,A,56,47,2.543,2.616,2.953,3,6,6,19,0.24,74.58,chain1_E_chain2_F,2,0,1,0,2,0,0,35,1,2,10,2,0,0,1,1,1,1,1,1,1,,0.32175,0,
backbone_denovo,RAPCID_backbone_rapcid_backbone_120_model_5.cif.gz,/scratch/a2149a01/RAPCID_2610_output/backbone_denovo/RAPCID_backbone_rapcid_backbone_120_model_5.cif.gz,B,A,56,47,2.686,3.0,3.39,6,4,18,5,0.7826,66.94,chain1_E_chain2_F,1,1,0,2,1,2,0,39,1,1,10,10,0,0,1,1,1,1,1,1,1,,0.306,0,
backbone_denovo,RAPCID_backbone_rapcid_backbone_120_model_6.cif.gz,/scratch/a2149a01/RAPCID_2610_output/backbone_denovo/RAPCID_backbone_rapcid_backbone_120_model_6.cif.gz,B,A,56,47,1.614,2.958,2.195,4,5,13,17,0.4333,98.88,chain1_E_chain2_F,2,0,1,1,2,1,1,33,1,1,13,6,0,1,0,1,1,1,1,1,0,pass_no_clash,0.52056,0,
backbone_denovo,RAPCID_backbone_rapcid_backbone_120_model_7.cif.gz,/scratch/a2149a01/RAPCID_2610_output/backbone_denovo/RAPCID_backbone_rapcid_backbone_120_model_7.cif.gz,B,A,56,47,2.131,3.29,2.976,6,4,12,14,0.4615,57.4,chain1_F_chain2_E,0,3,1,1,3,1,0,50,1,2,19,9,0,0,1,1,1,0,0,1,0,pass_face_angle;pass_direct_interface,0.4489,0,
backbone_denovo,RAPCID_backbone_rapcid_backbone_121_model_0.cif.gz,/scratch/a2149a01/RAPCID_2610_output/backbone_denovo/RAPCID_backbone_rapcid_backbone_121_model_0.cif.gz,A,B,69,64,2.23,3.406,3.402,3,3,6,10,0.375,44.55,chain1_E_chain2_F,1,1,0,1,1,1,0,47,1,1,6,6,0,0,1,1,1,0,0,1,0,pass_face_angle;pass_direct_interface,0.34048,0,
backbone_denovo,RAPCID_backbone_rapcid_backbone_121_model_1.cif.gz,/scratch/a2149a01/RAPCID_2610_output/backbone_denovo/RAPCID_backbone_rapcid_backbone_121_model_1.cif.gz,A,B,69,64,2.138,3.218,9.67,5,0,15,0,1.0,nan,chain1_E_chain2_F,3,0,0,0,3,0,0,43,0,0,16,0,0,0,1,0,0,0,0,1,0,pass_dual_rap_contact;pass_contact_balance;pass_face_angle;pass_direct_interface,0.18571,0,
backbone_denovo,RAPCID_backbone_rapcid_backbone_121_model_2.cif.gz,/scratch/a2149a01/RAPCID_2610_output/backbone_denovo/RAPCID_backbone_rapcid_backbone_121_model_2.cif.gz,A,B,69,64,2.815,3.369,6.753,4,0,9,0,1.0,nan,chain1_E_chain2_F,1,0,0,0,1,0,0,37,0,0,6,0,0,0,1,0,0,0,1,1,0,pass_dual_rap_contact;pass_contact_balance;pass_face_angle,0.08857,0,
backbone_denovo,RAPCID_backbone_rapcid_backbone_121_model_3.cif.gz,/scratch/a2149a01/RAPCID_2610_output/backbone_denovo/RAPCID_backbone_rapcid_backbone_121_model_3.cif.gz,A,B,69,64,2.343,2.806,8.213,7,0,16,0,1.0,nan,chain1_E_chain2_F,2,0,0,0,2,0,0,52,0,0,16,0,0,0,1,0,0,0,0,1,0,pass_dual_rap_contact;pass_contact_balance;pass_face_angle;pass_direct_interface,0.15714,0,
backbone_denovo,RAPCID_backbone_rapcid_backbone_121_model_4.cif.gz,/scratch/a2149a01/RAPCID_2610_output/backbone_denovo/RAPCID_backbone_rapcid_backbone_121_model_4.cif.gz,A,B,69,64,2.436,7.618,3.253,0,2,0,3,0.0,nan,chain1_F_chain2_E,0,0,1,0,0,1,0,40,0,0,0,8,0,1,1,0,0,0,1,1,0,pass_dual_rap_contact;pass_contact_balance;pass_face_angle,0.10857,0,
backbone_denovo,RAPCID_backbone_rapcid_backbone_121_model_5.cif.gz,/scratch/a2149a01/RAPCID_2610_output/backbone_denovo/RAPCID_backbone_rapcid_backbone_121_model_5.cif.gz,A,B,69,64,22.744,42.051,3.037,0,5,0,13,0.0,nan,chain1_F_chain2_E,0,0,1,0,0,1,0,0,0,0,0,11,0,0,1,0,0,0,1,1,0,pass_dual_rap_contact;pass_contact_balance;pass_face_angle,0.18857,0,
backbone_denovo,RAPCID_backbone_rapcid_backbone_121_model_6.cif.gz,/scratch/a2149a01/RAPCID_2610_output/backbone_denovo/RAPCID_backbone_rapcid_backbone_121_model_6.cif.gz,A,B,69,64,32.811,57.847,2.732,0,11,0,30,0.0,nan,chain1_E_chain2_F,0,0,2,3,0,3,0,0,0,0,0,21,0,0,1,0,0,0,1,1,0,pass_dual_rap_contact;pass_contact_balance;pass_face_angle,0.24571,0,
backbone_denovo,RAPCID_backbone_rapcid_backbone_121_model_7.cif.gz,/scratch/a2149a01/RAPCID_2610_output/backbone_denovo/RAPCID_backbone_rapcid_backbone_121_model_7.cif.gz,A,B,69,64,1.824,2.567,3.521,6,2,24,3,0.8889,54.14,chain1_E_chain2_F,2,1,0,0,2,0,0,35,1,0,10,5,0,0,0,0,1,0,1,1,0,pass_no_clash;pass_dual_rap_contact;pass_face_angle,0.21825,0,
backbone_denovo,RAPCID_backbone_rapcid_backbone_122_model_0.cif.gz,/scratch/a2149a01/RAPCID_2610_output/backbone_denovo/RAPCID_backbone_rapcid_backbone_122_model_0.cif.gz,B,A,53,46,2.733,2.372,3.053,4,4,18,19,0.4865,64.0,chain1_E_chain2_F,2,0,2,0,2,0,1,48,1,2,12,0,0,1,1,1,1,1,0,1,0,pass_direct_interface,0.43031,0,
backbone_denovo,RAPCID_backbone_rapcid_backbone_122_model_1.cif.gz,/scratch/a2149a01/RAPCID_2610_output/backbone_denovo/RAPCID_backbone_rapcid_backbone_122_model_1.cif.gz,B,A,53,46,2.646,9.154,3.229,0,5,0,17,0.0,nan,chain1_E_chain2_F,0,0,2,2,0,2,0,37,0,1,1,10,0,1,1,0,0,0,1,1,0,pass_dual_rap_contact;pass_contact_balance;pass_face_angle,0.17381,0,
backbone_denovo,RAPCID_backbone_rapcid_backbone_122_model_2.cif.gz,/scratch/a2149a01/RAPCID_2610_output/backbone_denovo/RAPCID_backbone_rapcid_backbone_122_model_2.cif.gz,B,A,53,46,2.923,3.704,2.252,6,2,12,10,0.5455,56.34,chain1_F_chain2_E,0,2,1,0,2,1,0,35,1,2,14,4,0,1,1,1,1,0,1,1,0,pass_face_angle,0.41753,0,
backbone_denovo,RAPCID_backbone_rapcid_backbone_122_model_3.cif.gz,/scratch/a2149a01/RAPCID_2610_output/backbone_denovo/RAPCID_backbone_rapcid_backbone_122_model_3.cif.gz,B,A,53,46,2.675,3.145,20.675,5,0,16,0,1.0,nan,chain1_E_chain2_F,1,0,0,0,1,0,0,5,0,0,7,0,0,0,1,0,0,0,1,1,0,pass_dual_rap_contact;pass_contact_balance;pass_face_angle,0.18357,0,
backbone_denovo,RAPCID_backbone_rapcid_backbone_122_model_4.cif.gz,/scratch/a2149a01/RAPCID_2610_output/backbone_denovo/RAPCID_backbone_rapcid_backbone_122_model_4.cif.gz,B,A,53,46,2.87,3.32,3.184,6,4,14,11,0.56,67.96,chain1_F_chain2_E,0,3,1,1,3,1,0,42,1,2,13,9,0,0,1,1,1,1,0,1,0,pass_direct_interface,0.44029,0,
backbone_denovo,RAPCID_backbone_rapcid_backbone_122_model_5.cif.gz,/scratch/a2149a01/RAPCID_2610_output/backbone_denovo/RAPCID_backbone_rapcid_backbone_122_model_5.cif.gz,B,A,53,46,2.289,3.23,2.953,3,7,7,19,0.2692,59.09,chain1_F_chain2_E,0,2,1,1,2,1,0,39,2,2,11,10,0,0,1,1,1,0,1,1,0,pass_face_angle,0.36007,0,
backbone_denovo,RAPCID_backbone_rapcid_backbone_122_model_6.cif.gz,/scratch/a2149a01/RAPCID_2610_output/backbone_denovo/RAPCID_backbone_rapcid_backbone_122_model_6.cif.gz,B,A,53,46,2.664,3.674,3.136,4,5,9,11,0.45,70.89,chain1_F_chain2_E,0,2,1,1,2,1,0,42,0,1,10,9,0,0,1,1,1,1,0,1,0,pass_direct_interface,0.38867,0,
backbone_denovo,RAPCID_backbone_rapcid_backbone_122_model_7.cif.gz,/scratch/a2149a01/RAPCID_2610_output/backbone_denovo/RAPCID_backbone_rapcid_backbone_122_model_7.cif.gz,B,A,53,46,1.956,2.453,3.557,4,3,15,7,0.6818,64.16,chain1_E_chain2_F,1,0,0,0,1,0,0,39,0,1,7,1,0,0,0,1,1,1,1,1,0,pass_no_clash,0.25251,0,
backbone_denovo,RAPCID_backbone_rapcid_backbone_123_model_0.cif.gz,/scratch/a2149a01/RAPCID_2610_output/backbone_denovo/RAPCID_backbone_rapcid_backbone_123_model_0.cif.gz,B,A,47,34,2.642,3.82,3.274,5,3,10,4,0.7143,70.62,chain1_E_chain2_F,2,1,0,1,2,1,0,29,1,0,10,7,0,0,1,1,1,1,1,1,1,,0.32206,0,
backbone_denovo,RAPCID_backbone_rapcid_backbone_123_model_1.cif.gz,/scratch/a2149a01/RAPCID_2610_output/backbone_denovo/RAPCID_backbone_rapcid_backbone_123_model_1.cif.gz,B,A,47,34,2.47,2.928,3.315,4,3,13,9,0.5909,76.08,chain1_E_chain2_F,1,1,0,1,1,1,0,34,1,2,10,4,0,1,1,1,1,1,1,1,1,,0.39437,1,904
backbone_denovo,RAPCID_backbone_rapcid_backbone_123_model_2.cif.gz,/scratch/a2149a01/RAPCID_2610_output/backbone_denovo/RAPCID_backbone_rapcid_backbone_123_model_2.cif.gz,B,A,47,34,2.705,3.48,2.638,5,4,13,11,0.5417,92.89,chain1_F_chain2_E,1,1,2,0,1,2,0,31,0,0,10,7,0,0,1,1,1,1,1,1,1,,0.44869,1,751
backbone_denovo,RAPCID_backbone_rapcid_backbone_123_model_3.cif.gz,/scratch/a2149a01/RAPCID_2610_output/backbone_denovo/RAPCID_backbone_rapcid_backbone_123_model_3.cif.gz,B,A,47,34,2.611,3.045,9.899,4,0,14,0,1.0,nan,chain1_E_chain2_F,2,0,0,0,2,0,1,37,0,0,10,0,0,0,1,0,0,0,1,1,0,pass_dual_rap_contact;pass_contact_balance;pass_face_angle,0.18571,0,
backbone_denovo,RAPCID_backbone_rapcid_backbone_123_model_4.cif.gz,/scratch/a2149a01/RAPCID_2610_output/backbone_denovo/RAPCID_backbone_rapcid_backbone_123_model_4.cif.gz,B,A,47,34,2.781,3.49,3.773,4,4,7,9,0.4375,74.27,chain1_F_chain2_E,0,2,1,0,2,1,0,29,0,1,10,9,0,0,1,1,1,1,1,1,1,,0.39494,1,902
backbone_denovo,RAPCID_backbone_rapcid_backbone_123_model_5.cif.gz,/scratch/a2149a01/RAPCID_2610_output/backbone_denovo/RAPCID_backbone_rapcid_backbone_123_model_5.cif.gz,B,A,47,34,2.351,3.251,3.42,3,3,9,12,0.4286,65.14,chain1_E_chain2_F,0,0,0,2,0,2,0,33,1,1,3,6,1,0,1,1,1,1,1,1,1,,0.3519,0,
backbone_denovo,RAPCID_backbone_rapcid_backbone_123_model_6.cif.gz,/scratch/a2149a01/RAPCID_2610_output/backbone_denovo/RAPCID_backbone_rapcid_backbone_123_model_6.cif.gz,B,A,47,34,2.886,2.53,3.098,5,2,15,5,0.75,82.7,chain1_E_chain2_F,2,1,1,0,2,0,0,28,0,1,11,0,0,0,1,1,1,1,1,1,1,,0.31948,0,
backbone_denovo,RAPCID_backbone_rapcid_backbone_123_model_7.cif.gz,/scratch/a2149a01/RAPCID_2610_output/backbone_denovo/RAPCID_backbone_rapcid_backbone_123_model_7.cif.gz,B,A,47,34,3.296,3.539,3.84,2,2,4,2,0.6667,123.72,chain1_E_chain2_F,1,0,0,1,1,1,0,6,0,0,8,9,0,0,1,0,1,1,1,1,0,pass_dual_rap_contact,0.56288,0,
backbone_denovo,RAPCID_backbone_rapcid_backbone_124_model_0.cif.gz,/scratch/a2149a01/RAPCID_2610_output/backbone_denovo/RAPCID_backbone_rapcid_backbone_124_model_0.cif.gz,A,B,61,47,2.396,3.085,3.485,3,4,8,7,0.5333,116.12,chain1_E_chain2_F,1,0,0,2,1,2,0,20,0,0,6,11,0,0,1,1,1,1,1,1,1,,0.56946,1,570
backbone_denovo,RAPCID_backbone_rapcid_backbone_124_model_1.cif.gz,/scratch/a2149a01/RAPCID_2610_output/backbone_denovo/RAPCID_backbone_rapcid_backbone_124_model_1.cif.gz,A,B,61,47,2.327,2.987,3.035,8,5,25,22,0.5319,95.52,chain1_F_chain2_E,0,2,1,2,2,1,1,31,0,2,16,4,0,1,1,1,1,1,1,1,1,,0.52324,1,619
backbone_denovo,RAPCID_backbone_rapcid_backbone_124_model_2.cif.gz,/scratch/a2149a01/RAPCID_2610_output/backbone_denovo/RAPCID_backbone_rapcid_backbone_124_model_2.cif.gz,A,B,61,47,2.515,2.353,3.204,4,4,13,17,0.4333,53.65,chain1_E_chain2_F,1,1,0,3,1,3,0,32,1,2,10,12,0,1,1,1,1,0,1,1,0,pass_face_angle,0.43762,0,
backbone_denovo,RAPCID_backbone_rapcid_backbone_124_model_3.cif.gz,/scratch/a2149a01/RAPCID_2610_output/backbone_denovo/RAPCID_backbone_rapcid_backbone_124_model_3.cif.gz,A,B,61,47,3.022,17.111,3.342,0,9,0,21,0.0,nan,chain1_F_chain2_E,0,0,3,0,0,3,0,5,0,0,0,21,1,0,1,0,0,0,1,1,0,pass_dual_rap_contact;pass_contact_balance;pass_face_angle,0.27071,0,
backbone_denovo,RAPCID_backbone_rapcid_backbone_124_model_4.cif.gz,/scratch/a2149a01/RAPCID_2610_output/backbone_denovo/RAPCID_backbone_rapcid_backbone_124_model_4.cif.gz,A,B,61,47,2.587,3.248,4.185,4,2,9,2,0.8182,50.59,chain1_F_chain2_E,0,3,1,0,3,1,0,55,1,0,12,7,1,0,1,0,1,0,0,1,0,pass_dual_rap_contact;pass_face_angle;pass_direct_interface,0.30368,0,
backbone_denovo,RAPCID_backbone_rapcid_backbone_124_model_5.cif.gz,/scratch/a2149a01/RAPCID_2610_output/backbone_denovo/RAPCID_backbone_rapcid_backbone_124_model_5.cif.gz,A,B,61,47,3.245,9.931,2.804,0,4,0,15,0.0,nan,chain1_F_chain2_E,0,0,2,0,0,2,0,38,0,0,0,10,0,1,1,0,0,0,1,1,0,pass_dual_rap_contact;pass_contact_balance;pass_face_angle,0.15714,0,
backbone_denovo,RAPCID_backbone_rapcid_backbone_124_model_6.cif.gz,/scratch/a2149a01/RAPCID_2610_output/backbone_denovo/RAPCID_backbone_rapcid_backbone_124_model_6.cif.gz,A,B,61,47,2.109,2.941,3.27,4,3,10,8,0.5556,79.71,chain1_E_chain2_F,1,0,1,0,1,0,0,35,1,1,6,0,0,1,1,1,1,1,1,1,1,,0.3354,0,
backbone_denovo,RAPCID_backbone_rapcid_backbone_124_model_7.cif.gz,/scratch/a2149a01/RAPCID_2610_output/backbone_denovo/RAPCID_backbone_rapcid_backbone_124_model_7.cif.gz,A,B,61,47,2.735,2.973,2.946,8,4,27,18,0.6,80.63,chain1_F_chain2_E,1,2,3,0,2,3,0,27,2,2,12,10,0,0,1,1,1,1,1,1,1,,0.51328,1,636
backbone_denovo,RAPCID_backbone_rapcid_backbone_125_model_0.cif.gz,/scratch/a2149a01/RAPCID_2610_output/backbone_denovo/RAPCID_backbone_rapcid_backbone_125_model_0.cif.gz,A,B,60,30,2.472,3.991,2.818,1,4,2,10,0.1667,73.89,chain1_E_chain2_F,0,0,0,1,0,1,0,26,1,0,1,7,0,1,1,0,1,1,1,1,0,pass_dual_rap_contact,0.21821,0,
backbone_denovo,RAPCID_backbone_rapcid_backbone_125_model_1.cif.gz,/scratch/a2149a01/RAPCID_2610_output/backbone_denovo/RAPCID_backbone_rapcid_backbone_125_model_1.cif.gz,A,B,60,30,2.257,2.991,10.083,4,0,12,0,1.0,nan,chain1_E_chain2_F,1,0,0,0,1,0,0,40,0,0,9,0,0,0,1,0,0,0,1,1,0,pass_dual_rap_contact;pass_contact_balance;pass_face_angle,0.11857,0,
backbone_denovo,RAPCID_backbone_rapcid_backbone_125_model_2.cif.gz,/scratch/a2149a01/RAPCID_2610_output/backbone_denovo/RAPCID_backbone_rapcid_backbone_125_model_2.cif.gz,A,B,60,30,2.626,3.314,12.13,7,0,13,0,1.0,nan,chain1_E_chain2_F,2,0,0,0,2,0,0,32,0,0,15,0,0,0,1,0,0,0,1,1,0,pass_dual_rap_contact;pass_contact_balance;pass_face_angle,0.15714,0,
backbone_denovo,RAPCID_backbone_rapcid_backbone_125_model_3.cif.gz,/scratch/a2149a01/RAPCID_2610_output/backbone_denovo/RAPCID_backbone_rapcid_backbone_125_model_3.cif.gz,A,B,60,30,1.885,3.293,9.85,6,0,11,0,1.0,nan,chain1_E_chain2_F,3,0,0,0,3,0,0,27,0,0,16,0,0,0,0,0,0,0,1,1,0,pass_no_clash;pass_dual_rap_contact;pass_contact_balance;pass_face_angle,0.19071,0,
backbone_denovo,RAPCID_backbone_rapcid_backbone_125_model_4.cif.gz,/scratch/a2149a01/RAPCID_2610_output/backbone_denovo/RAPCID_backbone_rapcid_backbone_125_model_4.cif.gz,A,B,60,30,3.162,3.893,2.744,8,4,10,14,0.4167,64.81,chain1_F_chain2_E,0,3,1,0,3,1,0,30,2,2,12,9,0,0,1,1,1,1,1,1,1,,0.44762,1,754
backbone_denovo,RAPCID_backbone_rapcid_backbone_125_model_5.cif.gz,/scratch/a2149a01/RAPCID_2610_output/backbone_denovo/RAPCID_backbone_rapcid_backbone_125_model_5.cif.gz,A,B,60,30,2.282,3.601,2.855,4,5,8,14,0.3636,60.57,chain1_E_chain2_F,1,0,1,1,1,1,0,27,0,2,10,8,0,0,1,1,1,1,1,1,1,,0.34093,0,
backbone_denovo,RAPCID_backbone_rapcid_backbone_125_model_6.cif.gz,/scratch/a2149a01/RAPCID_2610_output/backbone_denovo/RAPCID_backbone_rapcid_backbone_125_model_6.cif.gz,A,B,60,30,1.883,3.542,4.318,3,1,7,1,0.875,42.5,chain1_F_chain2_E,0,1,0,0,1,0,0,27,1,0,6,0,0,0,0,0,1,0,1,1,0,pass_no_clash;pass_dual_rap_contact;pass_face_angle,0.16024,0,
backbone_denovo,RAPCID_backbone_rapcid_backbone_125_model_7.cif.gz,/scratch/a2149a01/RAPCID_2610_output/backbone_denovo/RAPCID_backbone_rapcid_backbone_125_model_7.cif.gz,A,B,60,30,3.25,3.693,20.093,2,0,7,0,1.0,nan,chain1_F_chain2_E,0,2,0,0,2,0,0,17,0,0,4,0,0,0,1,0,0,0,1,1,0,pass_dual_rap_contact;pass_contact_balance;pass_face_angle,0.15214,0,
backbone_denovo,RAPCID_backbone_rapcid_backbone_126_model_0.cif.gz,/scratch/a2149a01/RAPCID_2610_output/backbone_denovo/RAPCID_backbone_rapcid_backbone_126_model_0.cif.gz,A,B,43,43,2.356,2.785,2.92,2,4,3,11,0.2143,57.01,chain1_E_chain2_F,2,0,1,0,2,0,0,38,2,1,6,0,0,0,1,0,1,0,1,1,0,pass_dual_rap_contact;pass_face_angle,0.25286,0,
backbone_denovo,RAPCID_backbone_rapcid_backbone_126_model_1.cif.gz,/scratch/a2149a01/RAPCID_2610_output/backbone_denovo/RAPCID_backbone_rapcid_backbone_126_model_1.cif.gz,A,B,43,43,3.02,2.7,3.559,3,3,14,7,0.6667,138.27,chain1_E_chain2_F,2,0,0,3,2,3,0,29,0,0,12,10,0,0,1,1,1,1,1,1,1,,0.60708,1,494
backbone_denovo,RAPCID_backbone_rapcid_backbone_126_model_2.cif.gz,/scratch/a2149a01/RAPCID_2610_output/backbone_denovo/RAPCID_backbone_rapcid_backbone_126_model_2.cif.gz,A,B,43,43,2.689,2.469,2.844,6,3,16,6,0.7273,67.31,chain1_E_chain2_F,2,1,0,2,2,2,0,46,2,2,11,9,0,0,1,1,1,1,0,1,0,pass_direct_interface,0.39004,0,
backbone_denovo,RAPCID_backbone_rapcid_backbone_126_model_3.cif.gz,/scratch/a2149a01/RAPCID_2610_output/backbone_denovo/RAPCID_backbone_rapcid_backbone_126_model_3.cif.gz,A,B,43,43,2.798,4.13,2.972,1,5,1,15,0.0625,46.48,chain1_F_chain2_E,1,0,2,0,0,2,0,43,0,2,0,13,0,0,1,0,0,0,0,1,0,pass_dual_rap_contact;pass_contact_balance;pass_face_angle;pass_direct_interface,0.21548,0,
backbone_denovo,RAPCID_backbone_rapcid_backbone_126_model_4.cif.gz,/scratch/a2149a01/RAPCID_2610_output/backbone_denovo/RAPCID_backbone_rapcid_backbone_126_model_4.cif.gz,A,B,43,43,2.965,3.341,2.769,4,4,11,14,0.44,58.43,chain1_F_chain2_E,1,0,2,0,0,2,0,16,1,0,0,13,0,0,1,1,1,0,1,1,0,pass_face_angle,0.40981,0,
backbone_denovo,RAPCID_backbone_rapcid_backbone_126_model_5.cif.gz,/scratch/a2149a01/RAPCID_2610_output/backbone_denovo/RAPCID_backbone_rapcid_backbone_126_model_5.cif.gz,A,B,43,43,2.397,3.865,2.965,3,3,5,13,0.2778,72.97,chain1_F_chain2_E,0,1,1,0,1,1,0,38,1,1,10,13,0,0,1,1,1,1,1,1,1,,0.31483,0,
backbone_denovo,RAPCID_backbone_rapcid_backbone_126_model_6.cif.gz,/scratch/a2149a01/RAPCID_2610_output/backbone_denovo/RAPCID_backbone_rapcid_backbone_126_model_6.cif.gz,A,B,43,43,2.531,3.711,2.831,2,6,3,20,0.1304,55.88,chain1_F_chain2_E,0,1,1,1,1,1,0,46,1,1,10,10,0,0,1,0,1,0,0,1,0,pass_dual_rap_contact;pass_face_angle;pass_direct_interface,0.24265,0,
backbone_denovo,RAPCID_backbone_rapcid_backbone_126_model_7.cif.gz,/scratch/a2149a01/RAPCID_2610_output/backbone_denovo/RAPCID_backbone_rapcid_backbone_126_model_7.cif.gz,A,B,43,43,2.923,3.186,3.224,4,1,12,3,0.8,51.81,chain1_E_chain2_F,0,2,0,2,0,2,0,44,1,1,6,9,0,0,1,0,1,0,0,1,0,pass_dual_rap_contact;pass_face_angle;pass_direct_interface,0.27048,0,
backbone_denovo,RAPCID_backbone_rapcid_backbone_127_model_0.cif.gz,/scratch/a2149a01/RAPCID_2610_output/backbone_denovo/RAPCID_backbone_rapcid_backbone_127_model_0.cif.gz,B,A,57,38,2.543,4.463,3.133,1,4,1,7,0.125,63.18,chain1_E_chain2_F,0,0,0,3,0,3,0,26,0,0,2,9,0,0,1,0,1,1,1,1,0,pass_dual_rap_contact,0.24571,0,
backbone_denovo,RAPCID_backbone_rapcid_backbone_127_model_1.cif.gz,/scratch/a2149a01/RAPCID_2610_output/backbone_denovo/RAPCID_backbone_rapcid_backbone_127_model_1.cif.gz,B,A,57,38,2.767,2.854,3.917,2,2,12,5,0.7059,59.55,chain1_E_chain2_F,1,0,1,0,1,0,0,46,1,1,7,2,0,1,1,1,1,0,0,1,0,pass_face_angle;pass_direct_interface,0.26955,0,
backbone_denovo,RAPCID_backbone_rapcid_backbone_127_model_2.cif.gz,/scratch/a2149a01/RAPCID_2610_output/backbone_denovo/RAPCID_backbone_rapcid_backbone_127_model_2.cif.gz,B,A,57,38,2.201,2.648,4.178,5,1,14,1,0.9333,54.77,chain1_E_chain2_F,2,0,1,0,2,0,0,23,0,0,10,0,1,0,1,0,0,0,1,1,0,pass_dual_rap_contact;pass_contact_balance;pass_face_angle,0.20881,0,
backbone_denovo,RAPCID_backbone_rapcid_backbone_127_model_3.cif.gz,/scratch/a2149a01/RAPCID_2610_output/backbone_denovo/RAPCID_backbone_rapcid_backbone_127_model_3.cif.gz,B,A,57,38,3.014,2.919,2.724,5,4,15,11,0.5769,89.05,chain1_F_chain2_E,0,3,2,0,3,2,0,23,1,1,13,11,0,0,1,1,1,1,1,1,1,,0.53726,1,605
backbone_denovo,RAPCID_backbone_rapcid_backbone_127_model_4.cif.gz,/scratch/a2149a01/RAPCID_2610_output/backbone_denovo/RAPCID_backbone_rapcid_backbone_127_model_4.cif.gz,B,A,57,38,3.407,3.765,3.604,5,3,12,3,0.8,60.01,chain1_E_chain2_F,1,1,0,2,1,2,0,15,2,0,10,11,0,0,1,0,1,1,1,1,0,pass_dual_rap_contact,0.36405,0,
backbone_denovo,RAPCID_backbone_rapcid_backbone_127_model_5.cif.gz,/scratch/a2149a01/RAPCID_2610_output/backbone_denovo/RAPCID_backbone_rapcid_backbone_127_model_5.cif.gz,B,A,57,38,3.022,3.214,2.851,5,5,9,14,0.3913,87.79,chain1_E_chain2_F,1,0,1,0,1,0,0,28,1,0,5,0,0,0,1,1,1,1,1,1,1,,0.3144,0,
backbone_denovo,RAPCID_backbone_rapcid_backbone_127_model_6.cif.gz,/scratch/a2149a01/RAPCID_2610_output/backbone_denovo/RAPCID_backbone_rapcid_backbone_127_model_6.cif.gz,B,A,57,38,2.292,3.078,2.996,1,9,3,29,0.0938,53.46,chain1_E_chain2_F,1,0,2,1,1,1,0,34,1,2,9,10,0,0,1,0,0,0,1,1,0,pass_dual_rap_contact;pass_contact_balance;pass_face_angle,0.24464,0,
backbone_denovo,RAPCID_backbone_rapcid_backbone_127_model_7.cif.gz,/scratch/a2149a01/RAPCID_2610_output/backbone_denovo/RAPCID_backbone_rapcid_backbone_127_model_7.cif.gz,B,A,57,38,2.818,9.83,3.085,0,3,0,6,0.0,nan,chain1_F_chain2_E,0,0,2,0,0,2,0,47,0,0,0,13,0,0,1,0,0,0,0,1,0,pass_dual_rap_contact;pass_contact_balance;pass_face_angle;pass_direct_interface,0.15714,0,
backbone_denovo,RAPCID_backbone_rapcid_backbone_128_model_0.cif.gz,/scratch/a2149a01/RAPCID_2610_output/backbone_denovo/RAPCID_backbone_rapcid_backbone_128_model_0.cif.gz,B,A,37,36,2.209,3.028,3.146,4,5,7,14,0.3333,73.06,chain1_F_chain2_E,0,2,2,0,2,2,0,37,1,1,7,10,0,0,1,1,1,1,1,1,1,,0.39447,1,903
backbone_denovo,RAPCID_backbone_rapcid_backbone_128_model_1.cif.gz,/scratch/a2149a01/RAPCID_2610_output/backbone_denovo/RAPCID_backbone_rapcid_backbone_128_model_1.cif.gz,B,A,37,36,2.965,3.618,3.335,3,2,9,4,0.6923,37.53,chain1_E_chain2_F,2,0,1,0,2,0,0,25,1,0,10,0,1,0,1,1,1,0,1,1,0,pass_face_angle,0.31189,0,
backbone_denovo,RAPCID_backbone_rapcid_backbone_128_model_2.cif.gz,/scratch/a2149a01/RAPCID_2610_output/backbone_denovo/RAPCID_backbone_rapcid_backbone_128_model_2.cif.gz,B,A,37,36,2.73,6.941,2.845,0,5,0,16,0.0,nan,chain1_E_chain2_F,0,0,1,1,0,1,0,36,0,2,0,6,0,0,1,0,0,0,1,1,0,pass_dual_rap_contact;pass_contact_balance;pass_face_angle,0.1219,0,
backbone_denovo,RAPCID_backbone_rapcid_backbone_128_model_3.cif.gz,/scratch/a2149a01/RAPCID_2610_output/backbone_denovo/RAPCID_backbone_rapcid_backbone_128_model_3.cif.gz,B,A,37,36,2.496,2.978,3.459,6,3,20,6,0.7692,66.48,chain1_E_chain2_F,1,1,0,1,1,1,0,41,1,2,10,7,0,0,1,1,1,1,0,1,0,pass_direct_interface,0.29945,0,
backbone_denovo,RAPCID_backbone_rapcid_backbone_128_model_4.cif.gz,/scratch/a2149a01/RAPCID_2610_output/backbone_denovo/RAPCID_backbone_rapcid_backbone_128_model_4.cif.gz,B,A,37,36,2.89,3.48,2.931,2,5,4,11,0.2667,58.31,chain1_F_chain2_E,0,1,2,0,1,2,0,33,1,2,6,11,0,0,1,1,1,0,1,1,0,pass_face_angle,0.34238,0,
backbone_denovo,RAPCID_backbone_rapcid_backbone_128_model_5.cif.gz,/scratch/a2149a01/RAPCID_2610_output/backbone_denovo/RAPCID_backbone_rapcid_backbone_128_model_5.cif.gz,B,A,37,36,2.899,2.696,4.752,3,0,9,0,1.0,nan,chain1_E_chain2_F,0,0,0,0,0,0,0,31,1,0,1,0,0,0,1,0,0,0,1,1,0,pass_dual_rap_contact;pass_contact_balance;pass_face_angle,0.02667,0,
backbone_denovo,RAPCID_backbone_rapcid_backbone_128_model_6.cif.gz,/scratch/a2149a01/RAPCID_2610_output/backbone_denovo/RAPCID_backbone_rapcid_backbone_128_model_6.cif.gz,B,A,37,36,2.222,8.574,2.755,0,4,0,16,0.0,nan,chain1_F_chain2_E,0,0,2,0,0,2,0,36,0,0,0,12,0,0,1,0,0,0,1,1,0,pass_dual_rap_contact;pass_contact_balance;pass_face_angle,0.15714,0,
backbone_denovo,RAPCID_backbone_rapcid_backbone_128_model_7.cif.gz,/scratch/a2149a01/RAPCID_2610_output/backbone_denovo/RAPCID_backbone_rapcid_backbone_128_model_7.cif.gz,B,A,37,36,2.791,3.395,2.979,4,6,9,28,0.2432,68.13,chain1_F_chain2_E,0,3,2,1,3,2,0,33,2,2,6,10,0,1,1,1,1,1,1,1,1,,0.40682,1,870
backbone_denovo,RAPCID_backbone_rapcid_backbone_129_model_0.cif.gz,/scratch/a2149a01/RAPCID_2610_output/backbone_denovo/RAPCID_backbone_rapcid_backbone_129_model_0.cif.gz,B,A,56,42,2.658,3.213,3.316,3,4,6,7,0.4615,38.5,chain1_E_chain2_F,0,1,0,3,0,3,0,31,0,1,0,11,0,0,1,1,1,0,1,1,0,pass_face_angle,0.387,0,
backbone_denovo,RAPCID_backbone_rapcid_backbone_129_model_1.cif.gz,/scratch/a2149a01/RAPCID_2610_output/backbone_denovo/RAPCID_backbone_rapcid_backbone_129_model_1.cif.gz,B,A,56,42,2.303,3.159,2.603,1,4,3,16,0.1579,51.65,chain1_F_chain2_E,0,0,2,0,0,2,1,39,1,1,0,10,0,0,1,0,1,0,1,1,0,pass_dual_rap_contact;pass_face_angle,0.28221,0,
backbone_denovo,RAPCID_backbone_rapcid_backbone_129_model_2.cif.gz,/scratch/a2149a01/RAPCID_2610_output/backbone_denovo/RAPCID_backbone_rapcid_backbone_129_model_2.cif.gz,B,A,56,42,2.385,3.022,3.026,4,5,10,13,0.4348,73.5,chain1_F_chain2_E,0,2,2,1,2,2,0,42,2,1,13,11,0,0,1,1,1,1,0,1,0,pass_direct_interface,0.45321,0,
backbone_denovo,RAPCID_backbone_rapcid_backbone_129_model_3.cif.gz,/scratch/a2149a01/RAPCID_2610_output/backbone_denovo/RAPCID_backbone_rapcid_backbone_129_model_3.cif.gz,B,A,56,42,1.657,3.4,2.672,2,4,5,11,0.3125,68.72,chain1_E_chain2_F,0,0,1,2,0,2,0,36,0,2,3,9,0,0,0,1,1,1,1,1,0,pass_no_clash,0.31548,0,
backbone_denovo,RAPCID_backbone_rapcid_backbone_129_model_4.cif.gz,/scratch/a2149a01/RAPCID_2610_output/backbone_denovo/RAPCID_backbone_rapcid_backbone_129_model_4.cif.gz,B,A,56,42,2.388,2.337,2.635,4,4,17,11,0.6071,74.02,chain1_E_chain2_F,1,0,1,0,1,0,0,41,1,2,8,3,0,0,1,1,1,1,0,1,0,pass_direct_interface,0.35244,0,
backbone_denovo,RAPCID_backbone_rapcid_backbone_129_model_5.cif.gz,/scratch/a2149a01/RAPCID_2610_output/backbone_denovo/RAPCID_backbone_rapcid_backbone_129_model_5.cif.gz,B,A,56,42,2.707,10.449,2.411,0,5,0,20,0.0,nan,chain1_F_chain2_E,0,0,2,0,0,2,0,16,0,0,0,15,0,0,1,0,0,0,1,1,0,pass_dual_rap_contact;pass_contact_balance;pass_face_angle,0.21714,0,
backbone_denovo,RAPCID_backbone_rapcid_backbone_129_model_6.cif.gz,/scratch/a2149a01/RAPCID_2610_output/backbone_denovo/RAPCID_backbone_rapcid_backbone_129_model_6.cif.gz,B,A,56,42,2.741,2.428,3.293,6,3,9,7,0.5625,90.25,chain1_E_chain2_F,2,0,0,2,2,2,0,44,1,0,8,12,0,0,1,1,1,1,0,1,0,pass_direct_interface,0.47678,0,
backbone_denovo,RAPCID_backbone_rapcid_backbone_129_model_7.cif.gz,/scratch/a2149a01/RAPCID_2610_output/backbone_denovo/RAPCID_backbone_rapcid_backbone_129_model_7.cif.gz,B,A,56,42,2.041,3.739,3.551,5,3,12,5,0.7059,83.11,chain1_E_chain2_F,1,1,0,0,1,0,0,30,2,1,9,11,0,1,1,1,1,1,1,1,1,,0.34324,0,
backbone_denovo,RAPCID_backbone_rapcid_backbone_12_model_0.cif.gz,/scratch/a2149a01/RAPCID_2610_output/backbone_denovo/RAPCID_backbone_rapcid_backbone_12_model_0.cif.gz,B,A,60,39,2.91,3.167,2.954,5,2,16,4,0.8,45.18,chain1_E_chain2_F,0,2,0,2,0,2,0,36,2,1,5,9,0,0,1,1,1,0,1,1,0,pass_face_angle,0.28714,0,
backbone_denovo,RAPCID_backbone_rapcid_backbone_12_model_1.cif.gz,/scratch/a2149a01/RAPCID_2610_output/backbone_denovo/RAPCID_backbone_rapcid_backbone_12_model_1.cif.gz,B,A,60,39,2.46,3.17,10.156,4,0,13,0,1.0,nan,chain1_E_chain2_F,1,0,0,0,1,0,0,28,0,0,9,0,0,0,1,0,0,0,1,1,0,pass_dual_rap_contact;pass_contact_balance;pass_face_angle,0.11857,0,
backbone_denovo,RAPCID_backbone_rapcid_backbone_12_model_2.cif.gz,/scratch/a2149a01/RAPCID_2610_output/backbone_denovo/RAPCID_backbone_rapcid_backbone_12_model_2.cif.gz,B,A,60,39,2.975,3.009,3.395,3,4,10,13,0.4348,104.46,chain1_E_chain2_F,1,0,1,1,1,1,0,27,1,1,6,6,1,0,1,1,1,1,1,1,1,,0.4876,1,679
backbone_denovo,RAPCID_backbone_rapcid_backbone_12_model_3.cif.gz,/scratch/a2149a01/RAPCID_2610_output/backbone_denovo/RAPCID_backbone_rapcid_backbone_12_model_3.cif.gz,B,A,60,39,2.664,2.662,13.033,7,0,15,0,1.0,nan,chain1_E_chain2_F,2,0,0,0,2,0,0,19,0,0,16,0,1,0,1,0,0,0,1,1,0,pass_dual_rap_contact;pass_contact_balance;pass_face_angle,0.20214,0,
backbone_denovo,RAPCID_backbone_rapcid_backbone_12_model_4.cif.gz,/scratch/a2149a01/RAPCID_2610_output/backbone_denovo/RAPCID_backbone_rapcid_backbone_12_model_4.cif.gz,B,A,60,39,3.007,2.569,2.691,2,4,6,9,0.4,72.5,chain1_E_chain2_F,0,0,0,3,0,3,0,36,0,1,2,8,0,0,1,1,1,1,1,1,1,,0.37405,1,967
backbone_denovo,RAPCID_backbone_rapcid_backbone_12_model_5.cif.gz,/scratch/a2149a01/RAPCID_2610_output/backbone_denovo/RAPCID_backbone_rapcid_backbone_12_model_5.cif.gz,B,A,60,39,1.823,3.198,3.374,4,5,13,14,0.4815,72.01,chain1_E_chain2_F,1,0,0,2,1,2,0,34,1,2,11,8,0,0,0,1,1,1,1,1,0,pass_no_clash,0.43833,0,
backbone_denovo,RAPCID_backbone_rapcid_backbone_12_model_6.cif.gz,/scratch/a2149a01/RAPCID_2610_output/backbone_denovo/RAPCID_backbone_rapcid_backbone_12_model_6.cif.gz,B,A,60,39,2.659,2.494,3.151,3,3,12,8,0.6,59.68,chain1_E_chain2_F,2,0,1,0,2,0,0,29,1,2,8,0,0,0,1,1,1,0,1,1,0,pass_face_angle,0.34714,0,
backbone_denovo,RAPCID_backbone_rapcid_backbone_12_model_7.cif.gz,/scratch/a2149a01/RAPCID_2610_output/backbone_denovo/RAPCID_backbone_rapcid_backbone_12_model_7.cif.gz,B,A,60,39,1.996,3.402,3.997,3,2,9,3,0.75,41.63,chain1_F_chain2_E,0,1,0,0,1,0,0,43,2,1,7,0,1,0,0,0,1,0,0,1,0,pass_no_clash;pass_dual_rap_contact;pass_face_angle;pass_direct_interface,0.24857,0,
backbone_denovo,RAPCID_backbone_rapcid_backbone_130_model_0.cif.gz,/scratch/a2149a01/RAPCID_2610_output/backbone_denovo/RAPCID_backbone_rapcid_backbone_130_model_0.cif.gz,A,B,64,32,2.436,2.628,3.008,6,3,14,9,0.6087,75.39,chain1_E_chain2_F,2,0,0,1,2,1,0,17,3,1,13,7,2,0,1,1,1,1,1,1,1,,0.48519,1,685
backbone_denovo,RAPCID_backbone_rapcid_backbone_130_model_1.cif.gz,/scratch/a2149a01/RAPCID_2610_output/backbone_denovo/RAPCID_backbone_rapcid_backbone_130_model_1.cif.gz,A,B,64,32,1.888,3.695,3.998,3,1,6,1,0.8571,92.95,chain1_F_chain2_E,0,1,0,0,1,0,0,34,0,0,7,5,0,0,0,0,1,1,1,1,0,pass_no_clash;pass_dual_rap_contact,0.26556,0,
backbone_denovo,RAPCID_backbone_rapcid_backbone_130_model_2.cif.gz,/scratch/a2149a01/RAPCID_2610_output/backbone_denovo/RAPCID_backbone_rapcid_backbone_130_model_2.cif.gz,A,B,64,32,2.62,3.613,2.786,2,5,6,14,0.3,66.23,chain1_F_chain2_E,0,2,2,0,2,2,0,32,0,2,8,8,1,0,1,1,1,1,1,1,1,,0.36762,1,984
backbone_denovo,RAPCID_backbone_rapcid_backbone_130_model_3.cif.gz,/scratch/a2149a01/RAPCID_2610_output/backbone_denovo/RAPCID_backbone_rapcid_backbone_130_model_3.cif.gz,A,B,64,32,2.057,2.697,3.536,5,3,18,5,0.7826,77.76,chain1_E_chain2_F,2,0,0,1,2,1,0,29,1,0,12,5,1,0,1,1,1,1,1,1,1,,0.31853,0,
backbone_denovo,RAPCID_backbone_rapcid_backbone_130_model_4.cif.gz,/scratch/a2149a01/RAPCID_2610_output/backbone_denovo/RAPCID_backbone_rapcid_backbone_130_model_4.cif.gz,A,B,64,32,2.764,2.96,3.109,4,4,11,10,0.5238,77.8,chain1_E_chain2_F,1,0,1,0,1,0,0,39,1,1,6,0,0,0,1,1,1,1,1,1,1,,0.34173,0,
backbone_denovo,RAPCID_backbone_rapcid_backbone_130_model_5.cif.gz,/scratch/a2149a01/RAPCID_2610_output/backbone_denovo/RAPCID_backbone_rapcid_backbone_130_model_5.cif.gz,A,B,64,32,2.158,3.036,3.452,3,3,7,4,0.6364,76.72,chain1_E_chain2_F,1,0,0,1,1,1,0,36,0,0,8,4,0,0,1,1,1,1,1,1,1,,0.32833,0,
backbone_denovo,RAPCID_backbone_rapcid_backbone_130_model_6.cif.gz,/scratch/a2149a01/RAPCID_2610_output/backbone_denovo/RAPCID_backbone_rapcid_backbone_130_model_6.cif.gz,A,B,64,32,2.688,4.273,3.144,1,5,1,13,0.0714,87.52,chain1_E_chain2_F,0,0,1,1,0,1,0,28,0,1,0,5,1,0,1,0,0,1,1,1,0,pass_dual_rap_contact;pass_contact_balance,0.18555,0,
backbone_denovo,RAPCID_backbone_rapcid_backbone_130_model_7.cif.gz,/scratch/a2149a01/RAPCID_2610_output/backbone_denovo/RAPCID_backbone_rapcid_backbone_130_model_7.cif.gz,A,B,64,32,3.146,3.043,12.493,6,0,15,0,1.0,nan,chain1_E_chain2_F,2,0,0,0,2,0,0,29,0,0,15,0,0,0,1,0,0,0,1,1,0,pass_dual_rap_contact;pass_contact_balance;pass_face_angle,0.15714,0,
backbone_denovo,RAPCID_backbone_rapcid_backbone_131_model_0.cif.gz,/scratch/a2149a01/RAPCID_2610_output/backbone_denovo/RAPCID_backbone_rapcid_backbone_131_model_0.cif.gz,A,B,70,45,1.908,3.257,3.509,3,5,7,9,0.4375,71.52,chain1_E_chain2_F,1,0,0,2,1,2,0,33,1,1,9,11,0,0,0,1,1,1,1,1,0,pass_no_clash,0.40244,0,
backbone_denovo,RAPCID_backbone_rapcid_backbone_131_model_1.cif.gz,/scratch/a2149a01/RAPCID_2610_output/backbone_denovo/RAPCID_backbone_rapcid_backbone_131_model_1.cif.gz,A,B,70,45,2.558,2.972,25.143,9,0,27,0,1.0,nan,chain1_E_chain2_F,2,2,0,0,2,0,0,12,0,0,13,0,1,0,1,0,0,0,1,1,0,pass_dual_rap_contact;pass_contact_balance;pass_face_angle,0.23714,0,
backbone_denovo,RAPCID_backbone_rapcid_backbone_131_model_2.cif.gz,/scratch/a2149a01/RAPCID_2610_output/backbone_denovo/RAPCID_backbone_rapcid_backbone_131_model_2.cif.gz,A,B,70,45,2.804,2.611,3.125,3,6,7,18,0.28,59.7,chain1_E_chain2_F,3,0,1,1,3,1,0,34,1,0,10,8,1,0,1,1,1,0,1,1,0,pass_face_angle,0.34295,0,
backbone_denovo,RAPCID_backbone_rapcid_backbone_131_model_3.cif.gz,/scratch/a2149a01/RAPCID_2610_output/backbone_denovo/RAPCID_backbone_rapcid_backbone_131_model_3.cif.gz,A,B,70,45,2.608,2.893,3.195,6,4,14,18,0.4375,140.13,chain1_E_chain2_F,2,0,1,2,2,2,1,23,0,0,12,8,0,1,1,1,1,1,1,1,1,,0.67996,1,270
backbone_denovo,RAPCID_backbone_rapcid_backbone_131_model_4.cif.gz,/scratch/a2149a01/RAPCID_2610_output/backbone_denovo/RAPCID_backbone_rapcid_backbone_131_model_4.cif.gz,A,B,70,45,2.313,2.577,2.845,4,5,16,23,0.4103,87.35,chain1_E_chain2_F,2,0,1,3,2,3,0,27,2,2,9,9,2,1,1,1,1,1,1,1,1,,0.5398,1,601
backbone_denovo,RAPCID_backbone_rapcid_backbone_131_model_5.cif.gz,/scratch/a2149a01/RAPCID_2610_output/backbone_denovo/RAPCID_backbone_rapcid_backbone_131_model_5.cif.gz,A,B,70,45,2.489,3.96,2.966,3,5,3,17,0.15,63.33,chain1_E_chain2_F,0,1,1,2,0,2,0,44,1,0,0,9,0,0,1,0,1,1,0,1,0,pass_dual_rap_contact;pass_direct_interface,0.22381,0,
backbone_denovo,RAPCID_backbone_rapcid_backbone_131_model_6.cif.gz,/scratch/a2149a01/RAPCID_2610_output/backbone_denovo/RAPCID_backbone_rapcid_backbone_131_model_6.cif.gz,A,B,70,45,2.249,3.632,3.42,2,5,4,13,0.2353,102.9,chain1_E_chain2_F,0,0,1,1,0,1,0,36,0,0,0,9,0,0,1,1,1,1,1,1,1,,0.3257,0,
backbone_denovo,RAPCID_backbone_rapcid_backbone_131_model_7.cif.gz,/scratch/a2149a01/RAPCID_2610_output/backbone_denovo/RAPCID_backbone_rapcid_backbone_131_model_7.cif.gz,A,B,70,45,2.3,3.104,3.331,3,4,7,8,0.4667,65.53,chain1_F_chain2_E,0,1,1,0,1,1,0,26,0,0,6,7,0,0,1,1,1,1,1,1,1,,0.35381,0,
backbone_denovo,RAPCID_backbone_rapcid_backbone_132_model_0.cif.gz,/scratch/a2149a01/RAPCID_2610_output/backbone_denovo/RAPCID_backbone_rapcid_backbone_132_model_0.cif.gz,B,A,64,50,2.742,6.372,3.364,0,4,0,10,0.0,nan,chain1_F_chain2_E,0,0,2,0,0,2,0,42,0,2,0,10,0,0,1,0,0,0,0,1,0,pass_dual_rap_contact;pass_contact_balance;pass_face_angle;pass_direct_interface,0.19048,0,
backbone_denovo,RAPCID_backbone_rapcid_backbone_132_model_1.cif.gz,/scratch/a2149a01/RAPCID_2610_output/backbone_denovo/RAPCID_backbone_rapcid_backbone_132_model_1.cif.gz,B,A,64,50,2.635,3.074,14.923,5,0,11,0,1.0,nan,chain1_E_chain2_F,1,0,0,0,1,0,0,25,0,0,10,0,0,0,1,0,0,0,1,1,0,pass_dual_rap_contact;pass_contact_balance;pass_face_angle,0.14357,0,
backbone_denovo,RAPCID_backbone_rapcid_backbone_132_model_2.cif.gz,/scratch/a2149a01/RAPCID_2610_output/backbone_denovo/RAPCID_backbone_rapcid_backbone_132_model_2.cif.gz,B,A,64,50,2.652,3.3,3.626,2,4,4,9,0.3077,50.54,chain1_E_chain2_F,1,0,1,0,1,0,0,38,1,2,7,4,0,0,1,1,1,0,1,1,0,pass_face_angle,0.30165,0,
backbone_denovo,RAPCID_backbone_rapcid_backbone_132_model_3.cif.gz,/scratch/a2149a01/RAPCID_2610_output/backbone_denovo/RAPCID_backbone_rapcid_backbone_132_model_3.cif.gz,B,A,64,50,2.547,3.254,3.276,7,4,21,8,0.7241,88.66,chain1_F_chain2_E,0,3,1,0,3,1,0,50,4,2,13,10,1,0,1,1,1,1,0,1,0,pass_direct_interface,0.49016,0,
backbone_denovo,RAPCID_backbone_rapcid_backbone_132_model_4.cif.gz,/scratch/a2149a01/RAPCID_2610_output/backbone_denovo/RAPCID_backbone_rapcid_backbone_132_model_4.cif.gz,B,A,64,50,2.56,15.887,4.008,0,1,0,1,0.0,nan,chain1_E_chain2_F,0,0,0,0,0,0,0,21,0,0,0,4,2,0,1,0,0,0,1,1,0,pass_dual_rap_contact;pass_contact_balance;pass_face_angle,0.075,0,
backbone_denovo,RAPCID_backbone_rapcid_backbone_132_model_5.cif.gz,/scratch/a2149a01/RAPCID_2610_output/backbone_denovo/RAPCID_backbone_rapcid_backbone_132_model_5.cif.gz,B,A,64,50,42.95,2.98,59.523,9,0,29,0,1.0,nan,chain1_E_chain2_F,2,2,0,0,2,0,0,0,0,0,17,0,0,0,1,0,0,0,1,1,0,pass_dual_rap_contact;pass_contact_balance;pass_face_angle,0.21714,0,
backbone_denovo,RAPCID_backbone_rapcid_backbone_132_model_6.cif.gz,/scratch/a2149a01/RAPCID_2610_output/backbone_denovo/RAPCID_backbone_rapcid_backbone_132_model_6.cif.gz,B,A,64,50,2.968,7.694,3.018,0,7,0,18,0.0,nan,chain1_F_chain2_E,0,0,2,1,0,2,0,26,0,0,0,11,0,0,1,0,0,0,1,1,0,pass_dual_rap_contact;pass_contact_balance;pass_face_angle,0.16714,0,
backbone_denovo,RAPCID_backbone_rapcid_backbone_132_model_7.cif.gz,/scratch/a2149a01/RAPCID_2610_output/backbone_denovo/RAPCID_backbone_rapcid_backbone_132_model_7.cif.gz,B,A,64,50,2.643,3.279,3.034,3,4,5,18,0.2174,63.68,chain1_E_chain2_F,0,0,1,3,0,3,0,33,1,1,0,10,0,1,1,1,1,1,1,1,1,,0.306,0,
backbone_denovo,RAPCID_backbone_rapcid_backbone_133_model_0.cif.gz,/scratch/a2149a01/RAPCID_2610_output/backbone_denovo/RAPCID_backbone_rapcid_backbone_133_model_0.cif.gz,B,A,69,53,2.784,3.36,2.869,4,4,9,14,0.3913,80.32,chain1_E_chain2_F,2,0,2,0,2,0,0,43,0,1,14,5,0,0,1,1,1,1,0,1,0,pass_direct_interface,0.36806,0,
backbone_denovo,RAPCID_backbone_rapcid_backbone_133_model_1.cif.gz,/scratch/a2149a01/RAPCID_2610_output/backbone_denovo/RAPCID_backbone_rapcid_backbone_133_model_1.cif.gz,B,A,69,53,2.594,3.12,3.427,3,4,10,10,0.5,85.21,chain1_E_chain2_F,1,0,1,0,1,0,0,41,1,0,3,9,0,0,1,1,1,1,0,1,0,pass_direct_interface,0.39926,0,
backbone_denovo,RAPCID_backbone_rapcid_backbone_133_model_2.cif.gz,/scratch/a2149a01/RAPCID_2610_output/backbone_denovo/RAPCID_backbone_rapcid_backbone_133_model_2.cif.gz,B,A,69,53,2.916,3.274,3.133,5,6,15,13,0.5357,118.22,chain1_E_chain2_F,1,0,1,1,1,1,0,40,0,1,10,9,0,0,1,1,1,1,1,1,1,,0.52359,1,618
backbone_denovo,RAPCID_backbone_rapcid_backbone_133_model_3.cif.gz,/scratch/a2149a01/RAPCID_2610_output/backbone_denovo/RAPCID_backbone_rapcid_backbone_133_model_3.cif.gz,B,A,69,53,3.312,9.164,2.156,0,15,0,43,0.0,nan,chain1_F_chain2_E,0,0,3,2,0,3,0,7,0,0,0,23,0,1,1,0,0,0,1,1,0,pass_dual_rap_contact;pass_contact_balance;pass_face_angle,0.28071,0,
backbone_denovo,RAPCID_backbone_rapcid_backbone_133_model_4.cif.gz,/scratch/a2149a01/RAPCID_2610_output/backbone_denovo/RAPCID_backbone_rapcid_backbone_133_model_4.cif.gz,B,A,69,53,2.856,3.393,3.926,4,3,12,4,0.75,34.13,chain1_E_chain2_F,0,1,0,1,0,1,0,28,0,1,0,6,0,0,1,1,1,0,1,1,0,pass_face_angle,0.20524,0,
backbone_denovo,RAPCID_backbone_rapcid_backbone_133_model_5.cif.gz,/scratch/a2149a01/RAPCID_2610_output/backbone_denovo/RAPCID_backbone_rapcid_backbone_133_model_5.cif.gz,B,A,69,53,1.953,3.8,3.295,2,4,2,14,0.125,73.18,chain1_F_chain2_E,1,0,2,0,0,2,0,39,0,2,6,10,1,0,0,0,1,1,1,1,0,pass_no_clash;pass_dual_rap_contact,0.25441,0,
backbone_denovo,RAPCID_backbone_rapcid_backbone_133_model_6.cif.gz,/scratch/a2149a01/RAPCID_2610_output/backbone_denovo/RAPCID_backbone_rapcid_backbone_133_model_6.cif.gz,B,A,69,53,2.388,3.055,2.947,4,4,15,11,0.5769,69.19,chain1_E_chain2_F,1,0,0,2,1,2,0,35,2,0,10,10,0,0,1,1,1,1,1,1,1,,0.38891,1,921
backbone_denovo,RAPCID_backbone_rapcid_backbone_133_model_7.cif.gz,/scratch/a2149a01/RAPCID_2610_output/backbone_denovo/RAPCID_backbone_rapcid_backbone_133_model_7.cif.gz,B,A,69,53,1.43,3.125,3.343,5,5,16,12,0.5714,93.03,chain1_F_chain2_E,0,2,1,0,2,1,0,43,0,1,13,10,1,0,0,1,1,1,0,1,0,pass_no_clash;pass_direct_interface,0.45391,0,
backbone_denovo,RAPCID_backbone_rapcid_backbone_134_model_0.cif.gz,/scratch/a2149a01/RAPCID_2610_output/backbone_denovo/RAPCID_backbone_rapcid_backbone_134_model_0.cif.gz,A,B,52,49,1.972,3.033,2.741,6,1,24,4,0.8571,85.72,chain1_E_chain2_F,2,0,1,0,2,0,0,40,1,1,5,0,0,0,0,0,1,1,1,1,0,pass_no_clash;pass_dual_rap_contact,0.25336,0,
backbone_denovo,RAPCID_backbone_rapcid_backbone_134_model_1.cif.gz,/scratch/a2149a01/RAPCID_2610_output/backbone_denovo/RAPCID_backbone_rapcid_backbone_134_model_1.cif.gz,A,B,52,49,2.641,2.953,2.769,4,3,15,8,0.6522,81.62,chain1_F_chain2_E,0,0,2,0,0,2,0,38,1,0,4,7,0,0,1,1,1,1,1,1,1,,0.35501,0,
backbone_denovo,RAPCID_backbone_rapcid_backbone_134_model_2.cif.gz,/scratch/a2149a01/RAPCID_2610_output/backbone_denovo/RAPCID_backbone_rapcid_backbone_134_model_2.cif.gz,A,B,52,49,2.414,2.242,3.586,4,3,13,6,0.6842,51.04,chain1_F_chain2_E,1,1,1,0,1,1,0,44,1,1,8,11,0,0,1,1,1,0,0,1,0,pass_face_angle;pass_direct_interface,0.31679,0,
backbone_denovo,RAPCID_backbone_rapcid_backbone_134_model_3.cif.gz,/scratch/a2149a01/RAPCID_2610_output/backbone_denovo/RAPCID_backbone_rapcid_backbone_134_model_3.cif.gz,A,B,52,49,2.699,3.674,3.259,4,5,10,16,0.3846,80.16,chain1_E_chain2_F,1,0,0,3,1,3,0,33,2,1,11,11,0,1,1,1,1,1,1,1,1,,0.45533,1,734
backbone_denovo,RAPCID_backbone_rapcid_backbone_134_model_4.cif.gz,/scratch/a2149a01/RAPCID_2610_output/backbone_denovo/RAPCID_backbone_rapcid_backbone_134_model_4.cif.gz,A,B,52,49,2.528,2.974,3.01,3,4,6,19,0.24,55.97,chain1_F_chain2_E,1,0,3,0,0,3,0,48,1,1,4,11,0,0,1,1,1,0,0,1,0,pass_face_angle;pass_direct_interface,0.31505,0,
backbone_denovo,RAPCID_backbone_rapcid_backbone_134_model_5.cif.gz,/scratch/a2149a01/RAPCID_2610_output/backbone_denovo/RAPCID_backbone_rapcid_backbone_134_model_5.cif.gz,A,B,52,49,2.261,3.077,12.991,5,0,14,0,1.0,nan,chain1_E_chain2_F,1,0,0,0,1,0,0,37,0,0,4,0,0,0,1,0,0,0,1,1,0,pass_dual_rap_contact;pass_contact_balance;pass_face_angle,0.06857,0,
backbone_denovo,RAPCID_backbone_rapcid_backbone_134_model_6.cif.gz,/scratch/a2149a01/RAPCID_2610_output/backbone_denovo/RAPCID_backbone_rapcid_backbone_134_model_6.cif.gz,A,B,52,49,3.768,3.076,24.03,8,0,20,0,1.0,nan,chain1_E_chain2_F,1,1,0,0,1,0,0,1,0,0,13,0,1,0,1,0,0,0,1,1,0,pass_dual_rap_contact;pass_contact_balance;pass_face_angle,0.19357,0,
backbone_denovo,RAPCID_backbone_rapcid_backbone_134_model_7.cif.gz,/scratch/a2149a01/RAPCID_2610_output/backbone_denovo/RAPCID_backbone_rapcid_backbone_134_model_7.cif.gz,A,B,52,49,2.778,9.87,3.076,0,4,0,15,0.0,nan,chain1_E_chain2_F,0,0,1,1,0,1,0,54,0,0,0,8,0,0,1,0,0,0,0,1,0,pass_dual_rap_contact;pass_contact_balance;pass_face_angle;pass_direct_interface,0.10857,0,
backbone_denovo,RAPCID_backbone_rapcid_backbone_135_model_0.cif.gz,/scratch/a2149a01/RAPCID_2610_output/backbone_denovo/RAPCID_backbone_rapcid_backbone_135_model_0.cif.gz,B,A,58,41,2.495,1.33,2.642,6,3,19,11,0.6333,81.35,chain1_F_chain2_E,1,0,2,0,0,2,0,42,1,1,5,11,0,0,0,1,1,1,0,1,0,pass_no_clash;pass_direct_interface,0.3783,0,
backbone_denovo,RAPCID_backbone_rapcid_backbone_135_model_1.cif.gz,/scratch/a2149a01/RAPCID_2610_output/backbone_denovo/RAPCID_backbone_rapcid_backbone_135_model_1.cif.gz,B,A,58,41,2.369,3.259,3.372,4,6,8,15,0.3478,100.31,chain1_E_chain2_F,2,0,0,3,2,3,0,33,0,1,8,12,1,0,1,1,1,1,1,1,1,,0.50302,1,652
backbone_denovo,RAPCID_backbone_rapcid_backbone_135_model_2.cif.gz,/scratch/a2149a01/RAPCID_2610_output/backbone_denovo/RAPCID_backbone_rapcid_backbone_135_model_2.cif.gz,B,A,58,41,2.921,3.702,3.108,5,3,10,3,0.7692,73.9,chain1_E_chain2_F,2,0,0,1,2,1,0,41,1,2,7,9,0,0,1,0,1,1,0,1,0,pass_dual_rap_contact;pass_direct_interface,0.34436,0,
backbone_denovo,RAPCID_backbone_rapcid_backbone_135_model_3.cif.gz,/scratch/a2149a01/RAPCID_2610_output/backbone_denovo/RAPCID_backbone_rapcid_backbone_135_model_3.cif.gz,B,A,58,41,1.96,3.138,3.553,4,3,13,5,0.7222,78.8,chain1_F_chain2_E,0,3,1,0,3,1,0,48,2,1,12,10,1,0,0,1,1,1,0,1,0,pass_no_clash;pass_direct_interface,0.40808,0,
backbone_denovo,RAPCID_backbone_rapcid_backbone_135_model_4.cif.gz,/scratch/a2149a01/RAPCID_2610_output/backbone_denovo/RAPCID_backbone_rapcid_backbone_135_model_4.cif.gz,B,A,58,41,1.721,3.42,3.255,6,4,15,10,0.6,74.11,chain1_F_chain2_E,0,2,1,0,2,1,0,45,1,1,14,10,0,0,0,1,1,1,0,1,0,pass_no_clash;pass_direct_interface,0.39607,0,
backbone_denovo,RAPCID_backbone_rapcid_backbone_135_model_5.cif.gz,/scratch/a2149a01/RAPCID_2610_output/backbone_denovo/RAPCID_backbone_rapcid_backbone_135_model_5.cif.gz,B,A,58,41,2.162,2.814,2.918,3,3,10,6,0.625,79.12,chain1_F_chain2_E,1,0,2,0,0,2,0,41,1,1,3,11,1,0,1,1,1,1,0,1,0,pass_direct_interface,0.37419,0,
backbone_denovo,RAPCID_backbone_rapcid_backbone_135_model_6.cif.gz,/scratch/a2149a01/RAPCID_2610_output/backbone_denovo/RAPCID_backbone_rapcid_backbone_135_model_6.cif.gz,B,A,58,41,1.973,2.69,3.209,5,5,15,9,0.625,97.9,chain1_E_chain2_F,2,0,0,3,2,3,0,37,2,0,10,12,2,0,0,1,1,1,1,1,0,pass_no_clash,0.52251,0,
backbone_denovo,RAPCID_backbone_rapcid_backbone_135_model_7.cif.gz,/scratch/a2149a01/RAPCID_2610_output/backbone_denovo/RAPCID_backbone_rapcid_backbone_135_model_7.cif.gz,B,A,58,41,2.905,3.174,4.157,2,3,4,5,0.4444,50.66,chain1_E_chain2_F,0,0,0,1,0,1,0,34,1,0,3,9,0,0,1,1,1,0,1,1,0,pass_face_angle,0.32302,0,
backbone_denovo,RAPCID_backbone_rapcid_backbone_136_model_0.cif.gz,/scratch/a2149a01/RAPCID_2610_output/backbone_denovo/RAPCID_backbone_rapcid_backbone_136_model_0.cif.gz,B,A,61,31,3.003,3.182,2.888,1,5,3,14,0.1765,57.05,chain1_E_chain2_F,1,0,1,0,1,0,0,16,0,0,7,8,0,0,1,0,1,0,1,1,0,pass_dual_rap_contact;pass_face_angle,0.25916,0,
backbone_denovo,RAPCID_backbone_rapcid_backbone_136_model_1.cif.gz,/scratch/a2149a01/RAPCID_2610_output/backbone_denovo/RAPCID_backbone_rapcid_backbone_136_model_1.cif.gz,B,A,61,31,2.643,3.276,3.799,4,3,9,10,0.4737,80.52,chain1_E_chain2_F,2,0,0,2,2,2,0,29,2,1,8,6,0,0,1,1,1,1,1,1,1,,0.49214,1,672
backbone_denovo,RAPCID_backbone_rapcid_backbone_136_model_2.cif.gz,/scratch/a2149a01/RAPCID_2610_output/backbone_denovo/RAPCID_backbone_rapcid_backbone_136_model_2.cif.gz,B,A,61,31,2.445,10.406,3.031,0,1,0,2,0.0,nan,chain1_F_chain2_E,0,0,1,0,0,1,0,38,0,1,0,4,0,0,1,0,0,0,1,1,0,pass_dual_rap_contact;pass_contact_balance;pass_face_angle,0.08524,0,
backbone_denovo,RAPCID_backbone_rapcid_backbone_136_model_3.cif.gz,/scratch/a2149a01/RAPCID_2610_output/backbone_denovo/RAPCID_backbone_rapcid_backbone_136_model_3.cif.gz,B,A,61,31,2.964,2.431,10.251,4,0,11,0,1.0,nan,chain1_E_chain2_F,1,0,0,0,1,0,0,37,0,0,8,0,1,0,1,0,0,0,1,1,0,pass_dual_rap_contact;pass_contact_balance;pass_face_angle,0.10857,0,
backbone_denovo,RAPCID_backbone_rapcid_backbone_136_model_4.cif.gz,/scratch/a2149a01/RAPCID_2610_output/backbone_denovo/RAPCID_backbone_rapcid_backbone_136_model_4.cif.gz,B,A,61,31,1.66,2.636,3.708,3,2,9,5,0.6429,61.12,chain1_E_chain2_F,1,0,1,0,1,0,0,34,1,1,5,0,0,0,0,1,1,1,1,1,0,pass_no_clash,0.25476,0,
backbone_denovo,RAPCID_backbone_rapcid_backbone_136_model_5.cif.gz,/scratch/a2149a01/RAPCID_2610_output/backbone_denovo/RAPCID_backbone_rapcid_backbone_136_model_5.cif.gz,B,A,61,31,2.733,3.013,8.949,4,0,16,0,1.0,nan,chain1_E_chain2_F,2,0,0,0,2,0,0,38,0,0,13,0,0,0,1,0,0,0,1,1,0,pass_dual_rap_contact;pass_contact_balance;pass_face_angle,0.15714,0,
backbone_denovo,RAPCID_backbone_rapcid_backbone_136_model_6.cif.gz,/scratch/a2149a01/RAPCID_2610_output/backbone_denovo/RAPCID_backbone_rapcid_backbone_136_model_6.cif.gz,B,A,61,31,2.057,2.605,3.416,5,2,14,8,0.6364,74.03,chain1_E_chain2_F,2,0,0,2,2,2,0,31,1,1,8,5,2,0,1,1,1,1,1,1,1,,0.40983,1,859
backbone_denovo,RAPCID_backbone_rapcid_backbone_136_model_7.cif.gz,/scratch/a2149a01/RAPCID_2610_output/backbone_denovo/RAPCID_backbone_rapcid_backbone_136_model_7.cif.gz,B,A,61,31,2.158,2.43,3.708,5,2,20,2,0.9091,37.65,chain1_E_chain2_F,1,1,0,0,1,0,0,35,2,1,10,0,0,0,1,0,0,0,1,1,0,pass_dual_rap_contact;pass_contact_balance;pass_face_angle,0.21494,0,
backbone_denovo,RAPCID_backbone_rapcid_backbone_137_model_0.cif.gz,/scratch/a2149a01/RAPCID_2610_output/backbone_denovo/RAPCID_backbone_rapcid_backbone_137_model_0.cif.gz,A,B,47,36,2.987,3.148,3.303,3,4,10,14,0.4167,94.23,chain1_E_chain2_F,1,0,1,1,1,1,0,30,1,1,5,9,1,0,1,1,1,1,1,1,1,,0.44124,1,774
backbone_denovo,RAPCID_backbone_rapcid_backbone_137_model_1.cif.gz,/scratch/a2149a01/RAPCID_2610_output/backbone_denovo/RAPCID_backbone_rapcid_backbone_137_model_1.cif.gz,A,B,47,36,3.072,3.499,3.676,4,2,14,6,0.7,69.77,chain1_E_chain2_F,1,1,0,1,1,1,0,38,1,0,3,10,1,0,1,1,1,1,1,1,1,,0.29637,0,
backbone_denovo,RAPCID_backbone_rapcid_backbone_137_model_2.cif.gz,/scratch/a2149a01/RAPCID_2610_output/backbone_denovo/RAPCID_backbone_rapcid_backbone_137_model_2.cif.gz,A,B,47,36,3.128,3.329,2.752,4,4,9,9,0.5,37.51,chain1_F_chain2_E,0,2,0,1,2,0,0,33,1,1,12,0,0,1,1,1,1,0,1,1,0,pass_face_angle,0.39048,0,
backbone_denovo,RAPCID_backbone_rapcid_backbone_137_model_3.cif.gz,/scratch/a2149a01/RAPCID_2610_output/backbone_denovo/RAPCID_backbone_rapcid_backbone_137_model_3.cif.gz,A,B,47,36,2.706,2.972,3.825,6,2,19,3,0.8636,58.44,chain1_F_chain2_E,1,1,1,0,1,1,0,34,1,0,8,8,0,1,1,0,1,0,1,1,0,pass_dual_rap_contact;pass_face_angle,0.22835,0,
backbone_denovo,RAPCID_backbone_rapcid_backbone_137_model_4.cif.gz,/scratch/a2149a01/RAPCID_2610_output/backbone_denovo/RAPCID_backbone_rapcid_backbone_137_model_4.cif.gz,A,B,47,36,2.441,3.109,3.632,5,3,18,7,0.72,64.57,chain1_E_chain2_F,1,1,0,2,1,2,0,37,2,1,10,9,0,1,1,1,1,1,1,1,1,,0.34771,0,
backbone_denovo,RAPCID_backbone_rapcid_backbone_137_model_5.cif.gz,/scratch/a2149a01/RAPCID_2610_output/backbone_denovo/RAPCID_backbone_rapcid_backbone_137_model_5.cif.gz,A,B,47,36,17.789,2.894,36.141,9,0,24,0,1.0,nan,chain1_E_chain2_F,2,0,0,0,2,0,0,0,0,0,22,0,0,0,1,0,0,0,1,1,0,pass_dual_rap_contact;pass_contact_balance;pass_face_angle,0.21714,0,
backbone_denovo,RAPCID_backbone_rapcid_backbone_137_model_6.cif.gz,/scratch/a2149a01/RAPCID_2610_output/backbone_denovo/RAPCID_backbone_rapcid_backbone_137_model_6.cif.gz,A,B,47,36,2.858,3.71,12.469,2,0,7,0,1.0,nan,chain1_E_chain2_F,1,0,0,0,1,0,0,35,0,0,9,0,0,0,1,0,0,0,1,1,0,pass_dual_rap_contact;pass_contact_balance;pass_face_angle,0.11857,0,
backbone_denovo,RAPCID_backbone_rapcid_backbone_137_model_7.cif.gz,/scratch/a2149a01/RAPCID_2610_output/backbone_denovo/RAPCID_backbone_rapcid_backbone_137_model_7.cif.gz,A,B,47,36,2.601,4.247,2.586,2,3,2,9,0.1818,78.17,chain1_E_chain2_F,0,1,0,1,0,1,0,31,0,2,2,9,0,0,1,0,1,1,1,1,0,pass_dual_rap_contact,0.26521,0,
backbone_denovo,RAPCID_backbone_rapcid_backbone_138_model_0.cif.gz,/scratch/a2149a01/RAPCID_2610_output/backbone_denovo/RAPCID_backbone_rapcid_backbone_138_model_0.cif.gz,B,A,66,36,1.954,1.673,3.492,3,4,15,18,0.4545,81.59,chain1_E_chain2_F,2,0,1,1,2,1,0,40,1,2,8,8,0,1,0,1,1,1,1,1,0,pass_no_clash,0.45951,0,
backbone_denovo,RAPCID_backbone_rapcid_backbone_138_model_1.cif.gz,/scratch/a2149a01/RAPCID_2610_output/backbone_denovo/RAPCID_backbone_rapcid_backbone_138_model_1.cif.gz,B,A,66,36,2.307,2.215,31.292,15,0,41,0,1.0,nan,chain1_E_chain2_F,3,2,0,0,3,0,1,6,0,0,21,0,0,0,1,0,0,0,1,1,0,pass_dual_rap_contact;pass_contact_balance;pass_face_angle,0.30429,0,
backbone_denovo,RAPCID_backbone_rapcid_backbone_138_model_2.cif.gz,/scratch/a2149a01/RAPCID_2610_output/backbone_denovo/RAPCID_backbone_rapcid_backbone_138_model_2.cif.gz,B,A,66,36,1.714,2.54,3.081,6,5,20,15,0.5714,79.24,chain1_E_chain2_F,0,1,1,2,0,2,0,53,0,2,1,9,1,0,0,1,1,1,0,1,0,pass_no_clash;pass_direct_interface,0.39602,0,
backbone_denovo,RAPCID_backbone_rapcid_backbone_138_model_3.cif.gz,/scratch/a2149a01/RAPCID_2610_output/backbone_denovo/RAPCID_backbone_rapcid_backbone_138_model_3.cif.gz,B,A,66,36,2.852,2.791,3.495,4,2,14,4,0.7778,59.05,chain1_F_chain2_E,1,0,3,0,0,3,0,29,0,0,4,8,0,0,1,1,1,0,1,1,0,pass_face_angle,0.2746,0,
backbone_denovo,RAPCID_backbone_rapcid_backbone_138_model_4.cif.gz,/scratch/a2149a01/RAPCID_2610_output/backbone_denovo/RAPCID_backbone_rapcid_backbone_138_model_4.cif.gz,B,A,66,36,2.461,3.861,2.959,3,4,8,17,0.32,73.02,chain1_F_chain2_E,0,2,2,0,2,2,0,45,0,2,6,10,0,0,1,1,1,1,0,1,0,pass_direct_interface,0.38903,0,
backbone_denovo,RAPCID_backbone_rapcid_backbone_138_model_5.cif.gz,/scratch/a2149a01/RAPCID_2610_output/backbone_denovo/RAPCID_backbone_rapcid_backbone_138_model_5.cif.gz,B,A,66,36,2.46,2.285,2.533,4,5,9,16,0.36,98.37,chain1_F_chain2_E,0,2,1,1,2,1,0,40,1,1,10,10,0,0,1,1,1,1,1,1,1,,0.46094,1,727
backbone_denovo,RAPCID_backbone_rapcid_backbone_138_model_6.cif.gz,/scratch/a2149a01/RAPCID_2610_output/backbone_denovo/RAPCID_backbone_rapcid_backbone_138_model_6.cif.gz,B,A,66,36,2.83,3.415,3.249,2,4,7,14,0.3333,93.72,chain1_E_chain2_F,0,0,0,1,0,1,0,32,0,2,6,5,0,0,1,1,1,1,1,1,1,,0.37763,1,956
backbone_denovo,RAPCID_backbone_rapcid_backbone_138_model_7.cif.gz,/scratch/a2149a01/RAPCID_2610_output/backbone_denovo/RAPCID_backbone_rapcid_backbone_138_model_7.cif.gz,B,A,66,36,2.55,2.567,3.448,4,4,15,9,0.625,139.25,chain1_E_chain2_F,2,0,0,3,2,3,0,24,1,0,11,10,0,0,1,1,1,1,1,1,1,,0.66369,1,331
backbone_denovo,RAPCID_backbone_rapcid_backbone_139_model_0.cif.gz,/scratch/a2149a01/RAPCID_2610_output/backbone_denovo/RAPCID_backbone_rapcid_backbone_139_model_0.cif.gz,B,A,56,39,3.046,3.346,3.389,2,3,4,7,0.3636,82.55,chain1_E_chain2_F,1,0,0,1,1,1,0,20,0,0,5,5,0,0,1,1,1,1,1,1,1,,0.38778,1,925
backbone_denovo,RAPCID_backbone_rapcid_backbone_139_model_1.cif.gz,/scratch/a2149a01/RAPCID_2610_output/backbone_denovo/RAPCID_backbone_rapcid_backbone_139_model_1.cif.gz,B,A,56,39,1.985,2.611,3.494,3,2,9,5,0.6429,73.06,chain1_E_chain2_F,1,0,1,0,1,0,0,34,1,0,7,6,0,0,0,1,1,1,1,1,0,pass_no_clash,0.30163,0,
backbone_denovo,RAPCID_backbone_rapcid_backbone_139_model_2.cif.gz,/scratch/a2149a01/RAPCID_2610_output/backbone_denovo/RAPCID_backbone_rapcid_backbone_139_model_2.cif.gz,B,A,56,39,3.056,2.181,2.334,4,5,16,19,0.4571,78.06,chain1_E_chain2_F,2,0,2,1,2,1,0,32,1,2,8,4,0,0,1,1,1,1,1,1,1,,0.44876,1,749
backbone_denovo,RAPCID_backbone_rapcid_backbone_139_model_3.cif.gz,/scratch/a2149a01/RAPCID_2610_output/backbone_denovo/RAPCID_backbone_rapcid_backbone_139_model_3.cif.gz,B,A,56,39,2.156,3.673,8.355,5,0,8,0,1.0,nan,chain1_F_chain2_E,0,2,0,0,2,0,0,38,0,0,14,0,0,0,1,0,0,0,1,1,0,pass_dual_rap_contact;pass_contact_balance;pass_face_angle,0.15714,0,
backbone_denovo,RAPCID_backbone_rapcid_backbone_139_model_4.cif.gz,/scratch/a2149a01/RAPCID_2610_output/backbone_denovo/RAPCID_backbone_rapcid_backbone_139_model_4.cif.gz,B,A,56,39,3.027,2.663,4.013,3,3,10,5,0.6667,77.68,chain1_E_chain2_F,0,0,0,2,0,2,0,29,1,0,7,11,0,1,1,1,1,1,1,1,1,,0.33608,0,
backbone_denovo,RAPCID_backbone_rapcid_backbone_139_model_5.cif.gz,/scratch/a2149a01/RAPCID_2610_output/backbone_denovo/RAPCID_backbone_rapcid_backbone_139_model_5.cif.gz,B,A,56,39,2.655,12.05,3.692,0,2,0,4,0.0,nan,chain1_F_chain2_E,0,0,1,0,0,1,0,26,0,0,0,4,0,0,1,0,0,0,1,1,0,pass_dual_rap_contact;pass_contact_balance;pass_face_angle,0.07857,0,
backbone_denovo,RAPCID_backbone_rapcid_backbone_139_model_6.cif.gz,/scratch/a2149a01/RAPCID_2610_output/backbone_denovo/RAPCID_backbone_rapcid_backbone_139_model_6.cif.gz,B,A,56,39,9.25,3.659,26.742,7,0,16,0,1.0,nan,chain1_E_chain2_F,2,1,0,0,2,0,0,0,0,0,18,0,0,0,1,0,0,0,1,1,0,pass_dual_rap_contact;pass_contact_balance;pass_face_angle,0.21714,0,
backbone_denovo,RAPCID_backbone_rapcid_backbone_139_model_7.cif.gz,/scratch/a2149a01/RAPCID_2610_output/backbone_denovo/RAPCID_backbone_rapcid_backbone_139_model_7.cif.gz,B,A,56,39,2.822,3.863,3.617,2,3,4,7,0.3636,54.79,chain1_E_chain2_F,0,1,0,1,0,1,0,41,0,1,0,11,0,0,1,1,1,0,0,1,0,pass_face_angle;pass_direct_interface,0.29069,0,
backbone_denovo,RAPCID_backbone_rapcid_backbone_13_model_0.cif.gz,/scratch/a2149a01/RAPCID_2610_output/backbone_denovo/RAPCID_backbone_rapcid_backbone_13_model_0.cif.gz,B,A,67,37,2.623,2.631,2.9,6,3,15,14,0.5172,68.33,chain1_F_chain2_E,1,1,1,0,1,1,0,26,2,1,7,7,0,1,1,1,1,1,1,1,1,,0.41025,1,858
backbone_denovo,RAPCID_backbone_rapcid_backbone_13_model_1.cif.gz,/scratch/a2149a01/RAPCID_2610_output/backbone_denovo/RAPCID_backbone_rapcid_backbone_13_model_1.cif.gz,B,A,67,37,2.931,2.771,3.755,4,1,18,1,0.9474,50.62,chain1_E_chain2_F,0,0,0,1,0,1,0,34,1,1,1,7,0,0,1,0,0,0,1,1,0,pass_dual_rap_contact;pass_contact_balance;pass_face_angle,0.16296,0,
backbone_denovo,RAPCID_backbone_rapcid_backbone_13_model_2.cif.gz,/scratch/a2149a01/RAPCID_2610_output/backbone_denovo/RAPCID_backbone_rapcid_backbone_13_model_2.cif.gz,B,A,67,37,2.198,3.239,11.329,5,0,14,0,1.0,nan,chain1_F_chain2_E,1,2,0,0,2,0,0,34,0,0,9,0,1,0,1,0,0,0,1,1,0,pass_dual_rap_contact;pass_contact_balance;pass_face_angle,0.14714,0,
backbone_denovo,RAPCID_backbone_rapcid_backbone_13_model_3.cif.gz,/scratch/a2149a01/RAPCID_2610_output/backbone_denovo/RAPCID_backbone_rapcid_backbone_13_model_3.cif.gz,B,A,67,37,2.889,2.184,3.443,4,3,14,7,0.6667,75.04,chain1_E_chain2_F,1,0,0,0,1,0,0,35,0,1,9,0,0,0,1,1,1,1,1,1,1,,0.2887,0,
backbone_denovo,RAPCID_backbone_rapcid_backbone_13_model_4.cif.gz,/scratch/a2149a01/RAPCID_2610_output/backbone_denovo/RAPCID_backbone_rapcid_backbone_13_model_4.cif.gz,B,A,67,37,2.018,2.532,3.53,6,3,21,5,0.8077,75.67,chain1_E_chain2_F,1,0,0,1,1,1,0,32,1,1,8,8,0,0,1,1,1,1,1,1,1,,0.28965,0,
backbone_denovo,RAPCID_backbone_rapcid_backbone_13_model_5.cif.gz,/scratch/a2149a01/RAPCID_2610_output/backbone_denovo/RAPCID_backbone_rapcid_backbone_13_model_5.cif.gz,B,A,67,37,1.686,3.353,3.713,3,3,7,6,0.5385,58.28,chain1_E_chain2_F,0,0,0,2,0,2,0,34,2,0,9,8,0,0,0,1,1,0,1,1,0,pass_no_clash;pass_face_angle,0.37509,0,
backbone_denovo,RAPCID_backbone_rapcid_backbone_13_model_6.cif.gz,/scratch/a2149a01/RAPCID_2610_output/backbone_denovo/RAPCID_backbone_rapcid_backbone_13_model_6.cif.gz,B,A,67,37,2.375,3.391,2.025,4,1,14,6,0.7,43.92,chain1_E_chain2_F,1,0,0,0,1,0,0,23,1,1,9,0,0,0,1,0,1,0,1,1,0,pass_dual_rap_contact;pass_face_angle,0.2969,0,
backbone_denovo,RAPCID_backbone_rapcid_backbone_13_model_7.cif.gz,/scratch/a2149a01/RAPCID_2610_output/backbone_denovo/RAPCID_backbone_rapcid_backbone_13_model_7.cif.gz,B,A,67,37,2.492,1.985,2.263,5,5,20,17,0.5405,91.51,chain1_F_chain2_E,0,2,1,1,2,1,0,34,2,1,7,9,0,0,0,1,1,1,1,1,0,pass_no_clash,0.49452,0,
backbone_denovo,RAPCID_backbone_rapcid_backbone_140_model_0.cif.gz,/scratch/a2149a01/RAPCID_2610_output/backbone_denovo/RAPCID_backbone_rapcid_backbone_140_model_0.cif.gz,A,B,65,33,2.827,3.167,3.603,4,3,13,7,0.65,51.46,chain1_E_chain2_F,0,0,0,1,0,1,0,34,1,1,1,6,0,0,1,1,1,0,1,1,0,pass_face_angle,0.2719,0,
backbone_denovo,RAPCID_backbone_rapcid_backbone_140_model_1.cif.gz,/scratch/a2149a01/RAPCID_2610_output/backbone_denovo/RAPCID_backbone_rapcid_backbone_140_model_1.cif.gz,A,B,65,33,3.277,3.284,2.828,4,2,11,6,0.6471,70.85,chain1_E_chain2_F,1,0,0,0,1,0,0,21,1,1,9,0,0,0,1,1,1,1,1,1,1,,0.33423,0,
backbone_denovo,RAPCID_backbone_rapcid_backbone_140_model_2.cif.gz,/scratch/a2149a01/RAPCID_2610_output/backbone_denovo/RAPCID_backbone_rapcid_backbone_140_model_2.cif.gz,A,B,65,33,2.298,2.824,3.371,9,3,24,5,0.8276,75.33,chain1_E_chain2_F,3,0,1,1,3,1,0,29,3,1,15,5,0,0,1,1,1,1,1,1,1,,0.37102,1,974
backbone_denovo,RAPCID_backbone_rapcid_backbone_140_model_3.cif.gz,/scratch/a2149a01/RAPCID_2610_output/backbone_denovo/RAPCID_backbone_rapcid_backbone_140_model_3.cif.gz,A,B,65,33,2.919,2.809,3.474,6,2,14,7,0.6667,97.79,chain1_F_chain2_E,1,1,1,0,1,1,0,20,0,1,10,5,0,0,1,1,1,1,1,1,1,,0.44312,1,766
backbone_denovo,RAPCID_backbone_rapcid_backbone_140_model_4.cif.gz,/scratch/a2149a01/RAPCID_2610_output/backbone_denovo/RAPCID_backbone_rapcid_backbone_140_model_4.cif.gz,A,B,65,33,2.538,3.362,3.187,5,2,18,5,0.7826,82.77,chain1_E_chain2_F,1,1,0,0,1,0,0,28,1,1,5,0,0,0,1,1,1,1,1,1,1,,0.24476,0,
backbone_denovo,RAPCID_backbone_rapcid_backbone_140_model_5.cif.gz,/scratch/a2149a01/RAPCID_2610_output/backbone_denovo/RAPCID_backbone_rapcid_backbone_140_model_5.cif.gz,A,B,65,33,2.538,5.008,3.335,0,2,0,6,0.0,nan,chain1_F_chain2_E,0,0,1,0,0,1,0,42,0,2,0,4,0,0,1,0,0,0,0,1,0,pass_dual_rap_contact;pass_contact_balance;pass_face_angle;pass_direct_interface,0.1019,0,
backbone_denovo,RAPCID_backbone_rapcid_backbone_140_model_6.cif.gz,/scratch/a2149a01/RAPCID_2610_output/backbone_denovo/RAPCID_backbone_rapcid_backbone_140_model_6.cif.gz,A,B,65,33,2.339,3.191,2.529,7,3,11,17,0.3929,69.84,chain1_F_chain2_E,0,3,2,0,3,2,0,35,3,2,11,5,0,0,1,1,1,1,1,1,1,,0.48613,1,683
backbone_denovo,RAPCID_backbone_rapcid_backbone_140_model_7.cif.gz,/scratch/a2149a01/RAPCID_2610_output/backbone_denovo/RAPCID_backbone_rapcid_backbone_140_model_7.cif.gz,A,B,65,33,2.784,2.94,2.603,5,3,10,11,0.4762,95.79,chain1_F_chain2_E,1,2,2,0,2,2,0,34,1,1,7,7,2,0,1,1,1,1,1,1,1,,0.52739,1,615
backbone_denovo,RAPCID_backbone_rapcid_backbone_141_model_0.cif.gz,/scratch/a2149a01/RAPCID_2610_output/backbone_denovo/RAPCID_backbone_rapcid_backbone_141_model_0.cif.gz,A,B,59,44,2.227,2.739,3.386,4,4,15,15,0.5,100.29,chain1_F_chain2_E,1,0,2,0,0,2,1,31,0,1,4,15,0,1,1,1,1,1,1,1,1,,0.50667,1,647
backbone_denovo,RAPCID_backbone_rapcid_backbone_141_model_1.cif.gz,/scratch/a2149a01/RAPCID_2610_output/backbone_denovo/RAPCID_backbone_rapcid_backbone_141_model_1.cif.gz,A,B,59,44,2.979,2.903,17.642,7,0,21,0,1.0,nan,chain1_E_chain2_F,3,0,0,0,3,0,0,14,0,0,16,0,0,0,1,0,0,0,1,1,0,pass_dual_rap_contact;pass_contact_balance;pass_face_angle,0.25571,0,
backbone_denovo,RAPCID_backbone_rapcid_backbone_141_model_2.cif.gz,/scratch/a2149a01/RAPCID_2610_output/backbone_denovo/RAPCID_backbone_rapcid_backbone_141_model_2.cif.gz,A,B,59,44,3.169,3.236,3.151,4,4,6,10,0.375,75.72,chain1_E_chain2_F,1,1,0,3,1,3,0,22,1,1,10,8,0,0,1,1,1,1,1,1,1,,0.45002,1,745
backbone_denovo,RAPCID_backbone_rapcid_backbone_141_model_3.cif.gz,/scratch/a2149a01/RAPCID_2610_output/backbone_denovo/RAPCID_backbone_rapcid_backbone_141_model_3.cif.gz,A,B,59,44,2.518,3.358,3.483,2,3,4,5,0.4444,42.43,chain1_F_chain2_E,0,2,1,0,2,1,0,39,1,1,11,7,0,0,1,1,1,0,1,1,0,pass_face_angle,0.39683,0,
backbone_denovo,RAPCID_backbone_rapcid_backbone_141_model_4.cif.gz,/scratch/a2149a01/RAPCID_2610_output/backbone_denovo/RAPCID_backbone_rapcid_backbone_141_model_4.cif.gz,A,B,59,44,2.674,3.563,2.831,8,6,24,20,0.5455,87.9,chain1_F_chain2_E,0,3,1,3,3,1,1,47,1,2,17,6,0,0,1,1,1,1,0,1,0,pass_direct_interface,0.53767,0,
backbone_denovo,RAPCID_backbone_rapcid_backbone_141_model_5.cif.gz,/scratch/a2149a01/RAPCID_2610_output/backbone_denovo/RAPCID_backbone_rapcid_backbone_141_model_5.cif.gz,A,B,59,44,2.714,3.275,3.909,6,1,15,5,0.75,111.86,chain1_F_chain2_E,0,1,0,0,1,0,0,26,0,0,12,3,0,0,1,0,1,1,1,1,0,pass_dual_rap_contact,0.38145,0,
backbone_denovo,RAPCID_backbone_rapcid_backbone_141_model_6.cif.gz,/scratch/a2149a01/RAPCID_2610_output/backbone_denovo/RAPCID_backbone_rapcid_backbone_141_model_6.cif.gz,A,B,59,44,2.556,3.458,3.236,4,2,7,8,0.4667,75.26,chain1_F_chain2_E,0,3,1,0,3,1,0,48,0,0,12,5,0,0,1,1,1,1,0,1,0,pass_direct_interface,0.42182,0,
backbone_denovo,RAPCID_backbone_rapcid_backbone_141_model_7.cif.gz,/scratch/a2149a01/RAPCID_2610_output/backbone_denovo/RAPCID_backbone_rapcid_backbone_141_model_7.cif.gz,A,B,59,44,2.969,2.727,3.141,7,4,16,11,0.5926,80.56,chain1_F_chain2_E,0,3,1,1,3,1,0,46,0,1,15,10,0,0,1,1,1,1,0,1,0,pass_direct_interface,0.43245,0,
backbone_denovo,RAPCID_backbone_rapcid_backbone_142_model_0.cif.gz,/scratch/a2149a01/RAPCID_2610_output/backbone_denovo/RAPCID_backbone_rapcid_backbone_142_model_0.cif.gz,B,A,67,64,2.469,4.358,3.336,1,3,1,11,0.0833,65.2,chain1_F_chain2_E,0,0,3,0,0,3,0,30,0,0,0,10,0,0,1,0,0,1,1,1,0,pass_dual_rap_contact;pass_contact_balance,0.21905,0,
backbone_denovo,RAPCID_backbone_rapcid_backbone_142_model_1.cif.gz,/scratch/a2149a01/RAPCID_2610_output/backbone_denovo/RAPCID_backbone_rapcid_backbone_142_model_1.cif.gz,B,A,67,64,1.781,4.445,3.255,2,4,2,14,0.125,86.61,chain1_F_chain2_E,0,2,1,0,2,1,0,36,0,1,6,10,0,0,0,0,1,1,1,1,0,pass_no_clash;pass_dual_rap_contact,0.31106,0,
backbone_denovo,RAPCID_backbone_rapcid_backbone_142_model_2.cif.gz,/scratch/a2149a01/RAPCID_2610_output/backbone_denovo/RAPCID_backbone_rapcid_backbone_142_model_2.cif.gz,B,A,67,64,2.574,2.797,5.134,4,0,13,0,1.0,nan,chain1_E_chain2_F,1,1,0,0,1,0,0,39,1,0,6,2,0,0,1,0,0,0,1,1,0,pass_dual_rap_contact;pass_contact_balance;pass_face_angle,0.12524,0,
backbone_denovo,RAPCID_backbone_rapcid_backbone_142_model_3.cif.gz,/scratch/a2149a01/RAPCID_2610_output/backbone_denovo/RAPCID_backbone_rapcid_backbone_142_model_3.cif.gz,B,A,67,64,1.618,3.053,10.343,6,0,22,0,1.0,nan,chain1_E_chain2_F,1,0,0,0,1,0,0,30,0,0,18,0,1,1,0,0,0,0,1,1,0,pass_no_clash;pass_dual_rap_contact;pass_contact_balance;pass_face_angle,0.12857,0,
backbone_denovo,RAPCID_backbone_rapcid_backbone_142_model_4.cif.gz,/scratch/a2149a01/RAPCID_2610_output/backbone_denovo/RAPCID_backbone_rapcid_backbone_142_model_4.cif.gz,B,A,67,64,2.704,2.726,3.824,8,3,32,4,0.8889,94.64,chain1_E_chain2_F,3,0,1,1,3,1,0,63,1,1,13,7,0,0,1,1,1,1,0,1,0,pass_direct_interface,0.37753,0,
backbone_denovo,RAPCID_backbone_rapcid_backbone_142_model_5.cif.gz,/scratch/a2149a01/RAPCID_2610_output/backbone_denovo/RAPCID_backbone_rapcid_backbone_142_model_5.cif.gz,B,A,67,64,3.311,2.056,3.715,5,3,14,7,0.6667,72.92,chain1_E_chain2_F,1,0,1,0,1,0,0,19,0,0,11,4,0,0,1,1,1,1,1,1,1,,0.31999,0,
backbone_denovo,RAPCID_backbone_rapcid_backbone_142_model_6.cif.gz,/scratch/a2149a01/RAPCID_2610_output/backbone_denovo/RAPCID_backbone_rapcid_backbone_142_model_6.cif.gz,B,A,67,64,2.592,13.841,3.337,0,3,0,6,0.0,nan,chain1_F_chain2_E,0,0,1,0,0,1,0,30,0,0,0,8,0,0,1,0,0,0,1,1,0,pass_dual_rap_contact;pass_contact_balance;pass_face_angle,0.10857,0,
backbone_denovo,RAPCID_backbone_rapcid_backbone_142_model_7.cif.gz,/scratch/a2149a01/RAPCID_2610_output/backbone_denovo/RAPCID_backbone_rapcid_backbone_142_model_7.cif.gz,B,A,67,64,29.544,3.295,43.295,8,0,26,0,1.0,nan,chain1_E_chain2_F,2,0,0,0,2,0,0,0,0,0,16,0,0,0,1,0,0,0,1,1,0,pass_dual_rap_contact;pass_contact_balance;pass_face_angle,0.21714,0,
backbone_denovo,RAPCID_backbone_rapcid_backbone_143_model_0.cif.gz,/scratch/a2149a01/RAPCID_2610_output/backbone_denovo/RAPCID_backbone_rapcid_backbone_143_model_0.cif.gz,B,A,68,53,2.814,2.782,10.784,4,0,13,0,1.0,nan,chain1_E_chain2_F,3,0,0,0,3,0,0,27,0,0,15,0,0,0,1,0,0,0,1,1,0,pass_dual_rap_contact;pass_contact_balance;pass_face_angle,0.19071,0,
backbone_denovo,RAPCID_backbone_rapcid_backbone_143_model_1.cif.gz,/scratch/a2149a01/RAPCID_2610_output/backbone_denovo/RAPCID_backbone_rapcid_backbone_143_model_1.cif.gz,B,A,68,53,2.586,2.604,17.901,11,0,44,0,1.0,nan,chain1_F_chain2_E,2,3,0,0,3,0,0,12,0,0,18,0,1,0,1,0,0,0,1,1,0,pass_dual_rap_contact;pass_contact_balance;pass_face_angle,0.26571,0,
backbone_denovo,RAPCID_backbone_rapcid_backbone_143_model_2.cif.gz,/scratch/a2149a01/RAPCID_2610_output/backbone_denovo/RAPCID_backbone_rapcid_backbone_143_model_2.cif.gz,B,A,68,53,1.758,3.472,5.638,4,0,15,0,1.0,nan,chain1_E_chain2_F,1,0,0,0,1,0,0,40,1,0,9,0,0,0,0,0,0,0,1,1,0,pass_no_clash;pass_dual_rap_contact;pass_contact_balance;pass_face_angle,0.13524,0,
backbone_denovo,RAPCID_backbone_rapcid_backbone_143_model_3.cif.gz,/scratch/a2149a01/RAPCID_2610_output/backbone_denovo/RAPCID_backbone_rapcid_backbone_143_model_3.cif.gz,B,A,68,53,2.561,7.47,3.049,0,5,0,15,0.0,nan,chain1_E_chain2_F,0,0,0,0,0,0,0,44,0,0,0,3,0,1,1,0,0,0,0,1,0,pass_dual_rap_contact;pass_contact_balance;pass_face_angle;pass_direct_interface,0.03,0,
backbone_denovo,RAPCID_backbone_rapcid_backbone_143_model_4.cif.gz,/scratch/a2149a01/RAPCID_2610_output/backbone_denovo/RAPCID_backbone_rapcid_backbone_143_model_4.cif.gz,B,A,68,53,1.916,3.641,4.355,4,2,10,2,0.8333,65.29,chain1_E_chain2_F,2,0,0,0,2,0,0,30,2,0,6,0,0,0,0,0,1,1,1,1,0,pass_no_clash;pass_dual_rap_contact,0.21714,0,
backbone_denovo,RAPCID_backbone_rapcid_backbone_143_model_5.cif.gz,/scratch/a2149a01/RAPCID_2610_output/backbone_denovo/RAPCID_backbone_rapcid_backbone_143_model_5.cif.gz,B,A,68,53,2.465,2.635,3.07,3,5,8,14,0.3636,67.68,chain1_F_chain2_E,1,0,2,0,0,2,0,38,0,1,3,13,0,0,1,1,1,1,1,1,1,,0.31926,0,
backbone_denovo,RAPCID_backbone_rapcid_backbone_143_model_6.cif.gz,/scratch/a2149a01/RAPCID_2610_output/backbone_denovo/RAPCID_backbone_rapcid_backbone_143_model_6.cif.gz,B,A,68,53,2.546,3.017,3.122,2,5,6,12,0.3333,72.05,chain1_E_chain2_F,2,0,1,1,2,1,0,30,1,1,5,12,0,1,1,1,1,1,1,1,1,,0.36256,0,
backbone_denovo,RAPCID_backbone_rapcid_backbone_143_model_7.cif.gz,/scratch/a2149a01/RAPCID_2610_output/backbone_denovo/RAPCID_backbone_rapcid_backbone_143_model_7.cif.gz,B,A,68,53,3.087,2.818,14.141,11,0,34,0,1.0,nan,chain1_E_chain2_F,3,2,0,0,3,0,0,10,0,0,21,0,0,1,1,0,0,0,1,1,0,pass_dual_rap_contact;pass_contact_balance;pass_face_angle,0.27571,0,
backbone_denovo,RAPCID_backbone_rapcid_backbone_144_model_0.cif.gz,/scratch/a2149a01/RAPCID_2610_output/backbone_denovo/RAPCID_backbone_rapcid_backbone_144_model_0.cif.gz,A,B,69,38,3.168,3.129,2.704,4,5,12,16,0.4286,52.84,chain1_F_chain2_E,1,0,2,0,0,2,1,35,1,2,1,11,0,0,1,1,1,0,1,1,0,pass_face_angle,0.40714,0,
backbone_denovo,RAPCID_backbone_rapcid_backbone_144_model_1.cif.gz,/scratch/a2149a01/RAPCID_2610_output/backbone_denovo/RAPCID_backbone_rapcid_backbone_144_model_1.cif.gz,A,B,69,38,2.036,2.549,3.743,5,3,20,7,0.7407,69.02,chain1_E_chain2_F,2,0,0,2,2,2,0,43,1,1,9,7,0,0,1,1,1,1,0,1,0,pass_direct_interface,0.35139,0,
backbone_denovo,RAPCID_backbone_rapcid_backbone_144_model_2.cif.gz,/scratch/a2149a01/RAPCID_2610_output/backbone_denovo/RAPCID_backbone_rapcid_backbone_144_model_2.cif.gz,A,B,69,38,2.691,2.302,3.587,8,5,26,10,0.7222,95.12,chain1_E_chain2_F,2,1,0,3,2,3,0,33,1,3,16,9,0,0,1,1,1,1,1,1,1,,0.50771,1,644
backbone_denovo,RAPCID_backbone_rapcid_backbone_144_model_3.cif.gz,/scratch/a2149a01/RAPCID_2610_output/backbone_denovo/RAPCID_backbone_rapcid_backbone_144_model_3.cif.gz,A,B,69,38,2.767,3.162,3.722,6,2,12,2,0.8571,72.75,chain1_E_chain2_F,1,0,0,2,1,2,0,44,1,1,9,5,0,0,1,0,1,1,0,1,0,pass_dual_rap_contact;pass_direct_interface,0.28869,0,
backbone_denovo,RAPCID_backbone_rapcid_backbone_144_model_4.cif.gz,/scratch/a2149a01/RAPCID_2610_output/backbone_denovo/RAPCID_backbone_rapcid_backbone_144_model_4.cif.gz,A,B,69,38,2.388,2.726,3.823,8,3,19,5,0.7917,90.58,chain1_F_chain2_E,1,2,1,0,2,1,0,38,2,0,11,5,0,1,1,1,1,1,1,1,1,,0.37433,1,966
backbone_denovo,RAPCID_backbone_rapcid_backbone_144_model_5.cif.gz,/scratch/a2149a01/RAPCID_2610_output/backbone_denovo/RAPCID_backbone_rapcid_backbone_144_model_5.cif.gz,A,B,69,38,2.764,3.194,2.978,8,5,23,11,0.6765,89.36,chain1_E_chain2_F,2,0,2,0,2,0,0,32,1,1,14,0,0,0,1,1,1,1,1,1,1,,0.38776,1,926
backbone_denovo,RAPCID_backbone_rapcid_backbone_144_model_6.cif.gz,/scratch/a2149a01/RAPCID_2610_output/backbone_denovo/RAPCID_backbone_rapcid_backbone_144_model_6.cif.gz,A,B,69,38,1.885,2.743,3.276,7,4,21,12,0.6364,92.0,chain1_E_chain2_F,2,0,1,1,2,1,1,35,1,1,11,5,1,0,0,1,1,1,1,1,0,pass_no_clash,0.46975,0,
backbone_denovo,RAPCID_backbone_rapcid_backbone_144_model_7.cif.gz,/scratch/a2149a01/RAPCID_2610_output/backbone_denovo/RAPCID_backbone_rapcid_backbone_144_model_7.cif.gz,A,B,69,38,2.777,3.293,3.763,3,2,10,2,0.8333,73.7,chain1_E_chain2_F,1,0,0,1,1,1,0,33,1,0,7,7,0,0,1,0,1,1,1,1,0,pass_dual_rap_contact,0.25615,0,
backbone_denovo,RAPCID_backbone_rapcid_backbone_145_model_0.cif.gz,/scratch/a2149a01/RAPCID_2610_output/backbone_denovo/RAPCID_backbone_rapcid_backbone_145_model_0.cif.gz,B,A,62,60,2.811,2.976,18.919,8,0,24,0,1.0,nan,chain1_E_chain2_F,1,0,0,0,1,0,0,26,0,0,11,0,0,0,1,0,0,0,1,1,0,pass_dual_rap_contact;pass_contact_balance;pass_face_angle,0.13857,0,
backbone_denovo,RAPCID_backbone_rapcid_backbone_145_model_1.cif.gz,/scratch/a2149a01/RAPCID_2610_output/backbone_denovo/RAPCID_backbone_rapcid_backbone_145_model_1.cif.gz,B,A,62,60,2.628,2.515,2.979,7,3,25,9,0.7353,84.25,chain1_E_chain2_F,3,0,1,1,3,1,0,40,2,1,13,11,0,1,1,1,1,1,1,1,1,,0.421,1,833
backbone_denovo,RAPCID_backbone_rapcid_backbone_145_model_2.cif.gz,/scratch/a2149a01/RAPCID_2610_output/backbone_denovo/RAPCID_backbone_rapcid_backbone_145_model_2.cif.gz,B,A,62,60,2.671,3.108,3.455,5,3,12,11,0.5217,93.49,chain1_E_chain2_F,2,0,0,0,2,0,0,30,0,1,10,2,0,1,1,1,1,1,1,1,1,,0.44674,1,758
backbone_denovo,RAPCID_backbone_rapcid_backbone_145_model_3.cif.gz,/scratch/a2149a01/RAPCID_2610_output/backbone_denovo/RAPCID_backbone_rapcid_backbone_145_model_3.cif.gz,B,A,62,60,2.878,11.025,3.312,0,4,0,11,0.0,nan,chain1_F_chain2_E,0,0,1,0,0,1,0,33,0,0,0,9,0,0,1,0,0,0,1,1,0,pass_dual_rap_contact;pass_contact_balance;pass_face_angle,0.11857,0,
backbone_denovo,RAPCID_backbone_rapcid_backbone_145_model_4.cif.gz,/scratch/a2149a01/RAPCID_2610_output/backbone_denovo/RAPCID_backbone_rapcid_backbone_145_model_4.cif.gz,B,A,62,60,2.008,2.645,5.478,5,0,19,0,1.0,nan,chain1_E_chain2_F,3,0,0,0,3,0,0,45,1,0,11,0,1,0,1,0,0,0,0,1,0,pass_dual_rap_contact;pass_contact_balance;pass_face_angle;pass_direct_interface,0.20238,0,
backbone_denovo,RAPCID_backbone_rapcid_backbone_145_model_5.cif.gz,/scratch/a2149a01/RAPCID_2610_output/backbone_denovo/RAPCID_backbone_rapcid_backbone_145_model_5.cif.gz,B,A,62,60,2.691,2.918,3.302,5,5,17,16,0.5152,66.75,chain1_E_chain2_F,3,0,1,0,3,0,0,38,1,2,9,4,0,0,1,1,1,1,1,1,1,,0.42965,1,812
backbone_denovo,RAPCID_backbone_rapcid_backbone_145_model_6.cif.gz,/scratch/a2149a01/RAPCID_2610_output/backbone_denovo/RAPCID_backbone_rapcid_backbone_145_model_6.cif.gz,B,A,62,60,1.86,6.42,5.4,0,0,0,0,0.0,nan,chain1_E_chain2_F,0,0,0,0,0,0,0,37,0,0,0,0,2,0,0,0,0,0,1,1,0,pass_no_clash;pass_dual_rap_contact;pass_contact_balance;pass_face_angle,0.0,0,
backbone_denovo,RAPCID_backbone_rapcid_backbone_145_model_7.cif.gz,/scratch/a2149a01/RAPCID_2610_output/backbone_denovo/RAPCID_backbone_rapcid_backbone_145_model_7.cif.gz,B,A,62,60,2.573,2.694,2.323,5,5,12,22,0.3529,87.25,chain1_E_chain2_F,1,0,1,0,1,0,0,41,1,0,7,2,0,0,1,1,1,1,0,1,0,pass_direct_interface,0.33724,0,
backbone_denovo,RAPCID_backbone_rapcid_backbone_146_model_0.cif.gz,/scratch/a2149a01/RAPCID_2610_output/backbone_denovo/RAPCID_backbone_rapcid_backbone_146_model_0.cif.gz,B,A,54,34,2.811,3.049,3.475,6,2,14,4,0.7778,84.32,chain1_F_chain2_E,0,1,1,0,1,1,0,31,0,1,5,6,0,0,1,1,1,1,1,1,1,,0.31378,0,
backbone_denovo,RAPCID_backbone_rapcid_backbone_146_model_1.cif.gz,/scratch/a2149a01/RAPCID_2610_output/backbone_denovo/RAPCID_backbone_rapcid_backbone_146_model_1.cif.gz,B,A,54,34,2.743,3.324,3.363,4,4,19,13,0.5938,77.38,chain1_F_chain2_E,1,2,2,0,2,2,0,36,2,1,7,9,0,1,1,1,1,1,1,1,1,,0.45471,1,737
backbone_denovo,RAPCID_backbone_rapcid_backbone_146_model_2.cif.gz,/scratch/a2149a01/RAPCID_2610_output/backbone_denovo/RAPCID_backbone_rapcid_backbone_146_model_2.cif.gz,B,A,54,34,2.662,3.026,3.425,5,5,13,18,0.4194,102.94,chain1_E_chain2_F,2,0,1,1,2,1,1,10,0,0,14,7,0,0,1,1,1,1,1,1,1,,0.58516,1,534
backbone_denovo,RAPCID_backbone_rapcid_backbone_146_model_3.cif.gz,/scratch/a2149a01/RAPCID_2610_output/backbone_denovo/RAPCID_backbone_rapcid_backbone_146_model_3.cif.gz,B,A,54,34,2.78,2.722,3.373,5,3,10,7,0.5882,70.18,chain1_E_chain2_F,1,0,0,1,1,1,0,24,1,0,6,9,1,0,1,1,1,1,1,1,1,,0.36246,0,
backbone_denovo,RAPCID_backbone_rapcid_backbone_146_model_4.cif.gz,/scratch/a2149a01/RAPCID_2610_output/backbone_denovo/RAPCID_backbone_rapcid_backbone_146_model_4.cif.gz,B,A,54,34,2.252,2.359,3.409,4,3,12,5,0.7059,58.48,chain1_E_chain2_F,2,0,1,0,2,0,0,35,1,1,7,0,1,0,1,1,1,0,1,1,0,pass_face_angle,0.27812,0,
backbone_denovo,RAPCID_backbone_rapcid_backbone_146_model_5.cif.gz,/scratch/a2149a01/RAPCID_2610_output/backbone_denovo/RAPCID_backbone_rapcid_backbone_146_model_5.cif.gz,B,A,54,34,2.845,3.069,3.601,3,1,8,2,0.8,80.71,chain1_E_chain2_F,1,0,0,0,1,0,0,23,0,0,6,0,0,0,1,0,1,1,1,1,0,pass_dual_rap_contact,0.23262,0,
backbone_denovo,RAPCID_backbone_rapcid_backbone_146_model_6.cif.gz,/scratch/a2149a01/RAPCID_2610_output/backbone_denovo/RAPCID_backbone_rapcid_backbone_146_model_6.cif.gz,B,A,54,34,2.827,3.976,3.004,1,5,1,13,0.0714,41.77,chain1_F_chain2_E,0,0,2,0,0,2,0,28,1,1,0,9,0,0,1,0,0,0,1,1,0,pass_dual_rap_contact;pass_contact_balance;pass_face_angle,0.20905,0,
backbone_denovo,RAPCID_backbone_rapcid_backbone_146_model_7.cif.gz,/scratch/a2149a01/RAPCID_2610_output/backbone_denovo/RAPCID_backbone_rapcid_backbone_146_model_7.cif.gz,B,A,54,34,2.678,2.864,3.458,4,6,8,11,0.4211,62.28,chain1_E_chain2_F,1,1,0,3,1,3,0,29,2,1,9,11,0,0,1,1,1,1,1,1,1,,0.43271,1,803
backbone_denovo,RAPCID_backbone_rapcid_backbone_147_model_0.cif.gz,/scratch/a2149a01/RAPCID_2610_output/backbone_denovo/RAPCID_backbone_rapcid_backbone_147_model_0.cif.gz,A,B,55,45,2.727,13.496,2.579,0,5,0,13,0.0,nan,chain1_F_chain2_E,0,0,2,0,0,2,0,41,0,0,0,10,0,0,1,0,0,0,0,1,0,pass_dual_rap_contact;pass_contact_balance;pass_face_angle;pass_direct_interface,0.15714,0,
backbone_denovo,RAPCID_backbone_rapcid_backbone_147_model_1.cif.gz,/scratch/a2149a01/RAPCID_2610_output/backbone_denovo/RAPCID_backbone_rapcid_backbone_147_model_1.cif.gz,A,B,55,45,2.85,3.218,3.782,5,2,14,3,0.8235,57.92,chain1_F_chain2_E,1,2,1,0,2,1,0,37,3,0,11,10,0,0,1,0,1,0,1,1,0,pass_dual_rap_contact;pass_face_angle,0.3063,0,
backbone_denovo,RAPCID_backbone_rapcid_backbone_147_model_2.cif.gz,/scratch/a2149a01/RAPCID_2610_output/backbone_denovo/RAPCID_backbone_rapcid_backbone_147_model_2.cif.gz,A,B,55,45,2.825,3.329,3.396,4,5,16,18,0.4706,121.97,chain1_F_chain2_E,1,2,2,0,2,2,0,48,2,1,12,8,1,0,1,1,1,1,0,1,0,pass_direct_interface,0.6291,0,
backbone_denovo,RAPCID_backbone_rapcid_backbone_147_model_3.cif.gz,/scratch/a2149a01/RAPCID_2610_output/backbone_denovo/RAPCID_backbone_rapcid_backbone_147_model_3.cif.gz,A,B,55,45,2.392,2.742,3.352,4,2,13,5,0.7222,67.91,chain1_E_chain2_F,2,0,0,0,2,0,0,33,1,0,8,2,0,0,1,1,1,1,1,1,1,,0.28492,0,
backbone_denovo,RAPCID_backbone_rapcid_backbone_147_model_4.cif.gz,/scratch/a2149a01/RAPCID_2610_output/backbone_denovo/RAPCID_backbone_rapcid_backbone_147_model_4.cif.gz,A,B,55,45,2.6,3.114,3.291,6,4,22,8,0.7333,65.39,chain1_E_chain2_F,2,1,0,2,2,2,0,36,1,2,11,11,0,0,1,1,1,1,1,1,1,,0.37095,1,975
backbone_denovo,RAPCID_backbone_rapcid_backbone_147_model_5.cif.gz,/scratch/a2149a01/RAPCID_2610_output/backbone_denovo/RAPCID_backbone_rapcid_backbone_147_model_5.cif.gz,A,B,55,45,2.32,2.915,8.475,5,0,13,0,1.0,nan,chain1_E_chain2_F,1,0,0,0,1,0,0,37,2,0,9,0,0,0,1,0,0,0,1,1,0,pass_dual_rap_contact;pass_contact_balance;pass_face_angle,0.1519,0,
backbone_denovo,RAPCID_backbone_rapcid_backbone_147_model_6.cif.gz,/scratch/a2149a01/RAPCID_2610_output/backbone_denovo/RAPCID_backbone_rapcid_backbone_147_model_6.cif.gz,A,B,55,45,2.544,2.613,2.636,3,2,9,3,0.75,48.96,chain1_E_chain2_F,2,0,2,0,2,0,0,50,2,0,11,0,0,0,1,0,1,0,0,1,0,pass_dual_rap_contact;pass_face_angle;pass_direct_interface,0.29048,0,
backbone_denovo,RAPCID_backbone_rapcid_backbone_147_model_7.cif.gz,/scratch/a2149a01/RAPCID_2610_output/backbone_denovo/RAPCID_backbone_rapcid_backbone_147_model_7.cif.gz,A,B,55,45,2.85,3.123,3.314,5,5,12,13,0.48,88.96,chain1_E_chain2_F,1,1,0,3,1,3,0,46,1,0,10,10,0,0,1,1,1,1,0,1,0,pass_direct_interface,0.48949,0,
backbone_denovo,RAPCID_backbone_rapcid_backbone_148_model_0.cif.gz,/scratch/a2149a01/RAPCID_2610_output/backbone_denovo/RAPCID_backbone_rapcid_backbone_148_model_0.cif.gz,B,A,47,46,2.517,2.227,3.461,5,3,19,6,0.76,74.59,chain1_E_chain2_F,1,1,0,2,1,2,0,42,1,1,10,9,0,0,1,1,1,1,0,1,0,pass_direct_interface,0.33367,0,
backbone_denovo,RAPCID_backbone_rapcid_backbone_148_model_1.cif.gz,/scratch/a2149a01/RAPCID_2610_output/backbone_denovo/RAPCID_backbone_rapcid_backbone_148_model_1.cif.gz,B,A,47,46,3.246,3.037,3.474,5,3,16,8,0.6667,53.26,chain1_F_chain2_E,1,1,1,0,1,1,0,23,1,0,12,8,0,0,1,1,1,0,1,1,0,pass_face_angle,0.33214,0,
backbone_denovo,RAPCID_backbone_rapcid_backbone_148_model_2.cif.gz,/scratch/a2149a01/RAPCID_2610_output/backbone_denovo/RAPCID_backbone_rapcid_backbone_148_model_2.cif.gz,B,A,47,46,2.703,2.916,4.028,4,1,15,1,0.9375,68.32,chain1_E_chain2_F,1,1,0,0,1,0,0,48,1,0,8,0,0,0,1,0,0,1,0,1,0,pass_dual_rap_contact;pass_contact_balance;pass_direct_interface,0.15024,0,
backbone_denovo,RAPCID_backbone_rapcid_backbone_148_model_3.cif.gz,/scratch/a2149a01/RAPCID_2610_output/backbone_denovo/RAPCID_backbone_rapcid_backbone_148_model_3.cif.gz,B,A,47,46,2.091,3.936,3.317,2,4,2,8,0.2,62.23,chain1_E_chain2_F,0,1,0,1,0,1,0,36,1,2,5,9,0,0,1,0,1,1,1,1,0,pass_dual_rap_contact,0.25857,0,
backbone_denovo,RAPCID_backbone_rapcid_backbone_148_model_4.cif.gz,/scratch/a2149a01/RAPCID_2610_output/backbone_denovo/RAPCID_backbone_rapcid_backbone_148_model_4.cif.gz,B,A,47,46,2.652,2.705,8.443,5,0,10,0,1.0,nan,chain1_F_chain2_E,1,2,0,0,2,0,0,49,1,0,11,0,0,0,1,0,0,0,0,1,0,pass_dual_rap_contact;pass_contact_balance;pass_face_angle;pass_direct_interface,0.17381,0,
backbone_denovo,RAPCID_backbone_rapcid_backbone_148_model_5.cif.gz,/scratch/a2149a01/RAPCID_2610_output/backbone_denovo/RAPCID_backbone_rapcid_backbone_148_model_5.cif.gz,B,A,47,46,2.194,2.862,3.725,4,5,11,11,0.5,47.78,chain1_E_chain2_F,0,1,0,2,0,2,0,54,0,1,0,12,0,0,1,1,1,0,0,1,0,pass_face_angle;pass_direct_interface,0.37381,0,
backbone_denovo,RAPCID_backbone_rapcid_backbone_148_model_6.cif.gz,/scratch/a2149a01/RAPCID_2610_output/backbone_denovo/RAPCID_backbone_rapcid_backbone_148_model_6.cif.gz,B,A,47,46,3.098,2.494,2.931,4,1,10,2,0.8333,67.16,chain1_F_chain2_E,0,0,1,0,0,1,0,37,1,0,3,5,0,0,1,0,1,1,1,1,0,pass_dual_rap_contact,0.1919,0,
backbone_denovo,RAPCID_backbone_rapcid_backbone_148_model_7.cif.gz,/scratch/a2149a01/RAPCID_2610_output/backbone_denovo/RAPCID_backbone_rapcid_backbone_148_model_7.cif.gz,B,A,47,46,2.018,3.304,3.454,4,5,6,13,0.3158,83.02,chain1_F_chain2_E,0,3,1,1,3,1,0,36,0,1,10,10,0,0,1,1,1,1,1,1,1,,0.40401,1,880
backbone_denovo,RAPCID_backbone_rapcid_backbone_149_model_0.cif.gz,/scratch/a2149a01/RAPCID_2610_output/backbone_denovo/RAPCID_backbone_rapcid_backbone_149_model_0.cif.gz,A,B,64,63,2.149,2.328,12.578,4,0,16,0,1.0,nan,chain1_E_chain2_F,3,0,0,0,3,0,0,21,0,0,14,0,0,0,1,0,0,0,1,1,0,pass_dual_rap_contact;pass_contact_balance;pass_face_angle,0.22071,0,
backbone_denovo,RAPCID_backbone_rapcid_backbone_149_model_1.cif.gz,/scratch/a2149a01/RAPCID_2610_output/backbone_denovo/RAPCID_backbone_rapcid_backbone_149_model_1.cif.gz,A,B,64,63,2.701,3.562,2.339,3,4,5,13,0.2778,44.26,chain1_F_chain2_E,0,3,1,1,3,1,0,71,1,3,11,9,1,0,1,1,1,0,0,1,0,pass_face_angle;pass_direct_interface,0.39206,0,
backbone_denovo,RAPCID_backbone_rapcid_backbone_149_model_2.cif.gz,/scratch/a2149a01/RAPCID_2610_output/backbone_denovo/RAPCID_backbone_rapcid_backbone_149_model_2.cif.gz,A,B,64,63,2.75,3.933,3.01,1,3,2,8,0.2,55.19,chain1_F_chain2_E,0,0,2,0,0,2,0,44,1,0,5,8,1,0,1,0,1,0,0,1,0,pass_dual_rap_contact;pass_face_angle;pass_direct_interface,0.25381,0,
backbone_denovo,RAPCID_backbone_rapcid_backbone_149_model_3.cif.gz,/scratch/a2149a01/RAPCID_2610_output/backbone_denovo/RAPCID_backbone_rapcid_backbone_149_model_3.cif.gz,A,B,64,63,2.186,3.374,2.949,2,2,4,3,0.5714,58.27,chain1_F_chain2_E,0,0,1,0,0,1,0,33,1,1,0,7,0,0,1,0,1,0,1,1,0,pass_dual_rap_contact;pass_face_angle,0.30333,0,
backbone_denovo,RAPCID_backbone_rapcid_backbone_149_model_4.cif.gz,/scratch/a2149a01/RAPCID_2610_output/backbone_denovo/RAPCID_backbone_rapcid_backbone_149_model_4.cif.gz,A,B,64,63,2.412,2.801,2.269,6,7,24,19,0.5581,61.71,chain1_E_chain2_F,2,0,1,1,2,1,1,44,1,0,13,7,0,0,1,1,1,1,0,1,0,pass_direct_interface,0.4077,0,
backbone_denovo,RAPCID_backbone_rapcid_backbone_149_model_5.cif.gz,/scratch/a2149a01/RAPCID_2610_output/backbone_denovo/RAPCID_backbone_rapcid_backbone_149_model_5.cif.gz,A,B,64,63,14.496,1.804,29.129,12,0,33,0,1.0,nan,chain1_E_chain2_F,3,0,0,0,3,0,0,0,0,0,24,0,3,1,0,0,0,0,1,1,0,pass_no_clash;pass_dual_rap_contact;pass_contact_balance;pass_face_angle,0.24571,0,
backbone_denovo,RAPCID_backbone_rapcid_backbone_149_model_6.cif.gz,/scratch/a2149a01/RAPCID_2610_output/backbone_denovo/RAPCID_backbone_rapcid_backbone_149_model_6.cif.gz,A,B,64,63,2.551,2.708,2.891,2,3,9,11,0.45,81.31,chain1_F_chain2_E,0,2,2,0,2,2,0,44,0,1,5,9,0,0,1,1,1,1,0,1,0,pass_direct_interface,0.45197,0,
backbone_denovo,RAPCID_backbone_rapcid_backbone_149_model_7.cif.gz,/scratch/a2149a01/RAPCID_2610_output/backbone_denovo/RAPCID_backbone_rapcid_backbone_149_model_7.cif.gz,A,B,64,63,2.737,2.388,7.279,9,0,25,0,1.0,nan,chain1_F_chain2_E,0,2,0,0,2,0,0,32,0,0,20,2,2,0,1,0,0,0,1,1,0,pass_dual_rap_contact;pass_contact_balance;pass_face_angle,0.15714,0,
backbone_denovo,RAPCID_backbone_rapcid_backbone_14_model_0.cif.gz,/scratch/a2149a01/RAPCID_2610_output/backbone_denovo/RAPCID_backbone_rapcid_backbone_14_model_0.cif.gz,B,A,50,46,2.208,3.489,3.711,4,4,7,8,0.4667,73.27,chain1_E_chain2_F,1,1,0,3,1,3,0,48,2,0,11,11,0,0,1,1,1,1,0,1,0,pass_direct_interface,0.4485,0,
backbone_denovo,RAPCID_backbone_rapcid_backbone_14_model_1.cif.gz,/scratch/a2149a01/RAPCID_2610_output/backbone_denovo/RAPCID_backbone_rapcid_backbone_14_model_1.cif.gz,B,A,50,46,2.929,2.934,3.094,4,5,10,9,0.5263,72.55,chain1_E_chain2_F,0,1,1,2,0,2,0,45,1,0,0,8,0,0,1,1,1,1,0,1,0,pass_direct_interface,0.3551,0,
backbone_denovo,RAPCID_backbone_rapcid_backbone_14_model_2.cif.gz,/scratch/a2149a01/RAPCID_2610_output/backbone_denovo/RAPCID_backbone_rapcid_backbone_14_model_2.cif.gz,B,A,50,46,2.675,3.157,3.104,4,7,6,22,0.2143,79.62,chain1_F_chain2_E,0,3,2,1,3,2,0,49,1,3,12,10,0,1,1,1,1,1,0,1,0,pass_direct_interface,0.43064,0,
backbone_denovo,RAPCID_backbone_rapcid_backbone_14_model_3.cif.gz,/scratch/a2149a01/RAPCID_2610_output/backbone_denovo/RAPCID_backbone_rapcid_backbone_14_model_3.cif.gz,B,A,50,46,2.852,3.35,2.596,5,4,16,15,0.5161,73.19,chain1_E_chain2_F,1,1,0,3,1,3,0,49,1,0,11,12,0,0,1,1,1,1,0,1,0,pass_direct_interface,0.43846,0,
backbone_denovo,RAPCID_backbone_rapcid_backbone_14_model_4.cif.gz,/scratch/a2149a01/RAPCID_2610_output/backbone_denovo/RAPCID_backbone_rapcid_backbone_14_model_4.cif.gz,B,A,50,46,2.768,3.347,2.089,2,6,6,17,0.2609,55.21,chain1_E_chain2_F,1,0,1,1,1,1,0,34,1,2,9,11,0,0,1,1,1,0,1,1,0,pass_face_angle,0.31149,0,
backbone_denovo,RAPCID_backbone_rapcid_backbone_14_model_5.cif.gz,/scratch/a2149a01/RAPCID_2610_output/backbone_denovo/RAPCID_backbone_rapcid_backbone_14_model_5.cif.gz,B,A,50,46,2.929,3.086,3.403,2,6,7,16,0.3043,102.7,chain1_E_chain2_F,2,0,0,3,2,3,0,19,0,2,7,15,3,1,1,1,1,1,1,1,1,,0.55525,1,590
backbone_denovo,RAPCID_backbone_rapcid_backbone_14_model_6.cif.gz,/scratch/a2149a01/RAPCID_2610_output/backbone_denovo/RAPCID_backbone_rapcid_backbone_14_model_6.cif.gz,B,A,50,46,2.724,3.487,3.244,4,6,7,21,0.25,77.72,chain1_F_chain2_E,0,2,1,1,2,1,0,34,0,0,12,10,0,0,1,1,1,1,1,1,1,,0.31478,0,
backbone_denovo,RAPCID_backbone_rapcid_backbone_14_model_7.cif.gz,/scratch/a2149a01/RAPCID_2610_output/backbone_denovo/RAPCID_backbone_rapcid_backbone_14_model_7.cif.gz,B,A,50,46,2.387,8.084,3.063,0,4,0,16,0.0,nan,chain1_F_chain2_E,0,0,2,0,0,2,0,47,0,1,0,13,0,0,1,0,0,0,0,1,0,pass_dual_rap_contact;pass_contact_balance;pass_face_angle;pass_direct_interface,0.17381,0,
backbone_denovo,RAPCID_backbone_rapcid_backbone_150_model_0.cif.gz,/scratch/a2149a01/RAPCID_2610_output/backbone_denovo/RAPCID_backbone_rapcid_backbone_150_model_0.cif.gz,A,B,46,39,2.138,14.887,9.872,0,0,0,0,0.0,nan,chain1_E_chain2_F,0,0,0,0,0,0,0,32,0,0,0,0,0,1,1,0,0,0,1,1,0,pass_dual_rap_contact;pass_contact_balance;pass_face_angle,0.0,0,
backbone_denovo,RAPCID_backbone_rapcid_backbone_150_model_1.cif.gz,/scratch/a2149a01/RAPCID_2610_output/backbone_denovo/RAPCID_backbone_rapcid_backbone_150_model_1.cif.gz,A,B,46,39,3.047,3.077,3.408,7,1,20,3,0.8696,38.3,chain1_F_chain2_E,1,1,1,0,1,1,0,44,1,1,9,6,0,0,1,0,1,0,0,1,0,pass_dual_rap_contact;pass_face_angle;pass_direct_interface,0.24265,0,
backbone_denovo,RAPCID_backbone_rapcid_backbone_150_model_2.cif.gz,/scratch/a2149a01/RAPCID_2610_output/backbone_denovo/RAPCID_backbone_rapcid_backbone_150_model_2.cif.gz,A,B,46,39,2.954,3.148,3.417,4,3,9,4,0.6923,36.01,chain1_F_chain2_E,0,2,0,1,2,0,0,39,1,1,10,0,0,0,1,1,1,0,1,1,0,pass_face_angle,0.31355,0,
backbone_denovo,RAPCID_backbone_rapcid_backbone_150_model_3.cif.gz,/scratch/a2149a01/RAPCID_2610_output/backbone_denovo/RAPCID_backbone_rapcid_backbone_150_model_3.cif.gz,A,B,46,39,2.598,2.94,5.005,4,0,13,0,1.0,nan,chain1_E_chain2_F,1,1,0,0,1,0,0,41,0,0,7,0,0,0,1,0,0,0,0,1,0,pass_dual_rap_contact;pass_contact_balance;pass_face_angle;pass_direct_interface,0.09857,0,
backbone_denovo,RAPCID_backbone_rapcid_backbone_150_model_4.cif.gz,/scratch/a2149a01/RAPCID_2610_output/backbone_denovo/RAPCID_backbone_rapcid_backbone_150_model_4.cif.gz,A,B,46,39,2.906,3.608,3.355,3,1,7,5,0.5833,75.83,chain1_F_chain2_E,1,1,1,0,1,1,0,19,1,0,10,9,0,0,1,0,1,1,1,1,0,pass_dual_rap_contact,0.40826,0,
backbone_denovo,RAPCID_backbone_rapcid_backbone_150_model_5.cif.gz,/scratch/a2149a01/RAPCID_2610_output/backbone_denovo/RAPCID_backbone_rapcid_backbone_150_model_5.cif.gz,A,B,46,39,2.364,2.96,3.127,5,2,15,4,0.7895,55.45,chain1_F_chain2_E,1,1,1,0,1,1,0,41,1,1,11,9,1,0,1,1,1,0,0,1,0,pass_face_angle;pass_direct_interface,0.27469,0,
backbone_denovo,RAPCID_backbone_rapcid_backbone_150_model_6.cif.gz,/scratch/a2149a01/RAPCID_2610_output/backbone_denovo/RAPCID_backbone_rapcid_backbone_150_model_6.cif.gz,A,B,46,39,2.312,3.796,2.475,1,4,4,10,0.2857,55.98,chain1_E_chain2_F,1,0,1,1,1,1,0,43,1,0,6,4,0,1,1,0,1,0,0,1,0,pass_dual_rap_contact;pass_face_angle;pass_direct_interface,0.2881,0,
backbone_denovo,RAPCID_backbone_rapcid_backbone_150_model_7.cif.gz,/scratch/a2149a01/RAPCID_2610_output/backbone_denovo/RAPCID_backbone_rapcid_backbone_150_model_7.cif.gz,A,B,46,39,2.937,3.275,3.25,5,4,10,7,0.5882,70.76,chain1_E_chain2_F,1,1,0,3,1,3,0,38,1,0,10,10,0,0,1,1,1,1,1,1,1,,0.40153,1,888
backbone_denovo,RAPCID_backbone_rapcid_backbone_151_model_0.cif.gz,/scratch/a2149a01/RAPCID_2610_output/backbone_denovo/RAPCID_backbone_rapcid_backbone_151_model_0.cif.gz,A,B,56,34,2.983,3.076,2.99,2,2,8,9,0.4706,66.6,chain1_F_chain2_E,0,0,1,0,0,1,0,36,1,1,0,7,1,0,1,1,1,1,1,1,1,,0.32014,0,
backbone_denovo,RAPCID_backbone_rapcid_backbone_151_model_1.cif.gz,/scratch/a2149a01/RAPCID_2610_output/backbone_denovo/RAPCID_backbone_rapcid_backbone_151_model_1.cif.gz,A,B,56,34,3.025,3.424,3.474,6,5,16,11,0.5926,71.79,chain1_E_chain2_F,1,1,0,3,1,3,0,18,1,1,10,10,2,0,1,1,1,1,1,1,1,,0.46989,1,710
backbone_denovo,RAPCID_backbone_rapcid_backbone_151_model_2.cif.gz,/scratch/a2149a01/RAPCID_2610_output/backbone_denovo/RAPCID_backbone_rapcid_backbone_151_model_2.cif.gz,A,B,56,34,2.289,3.7,3.374,1,4,1,13,0.0714,69.6,chain1_F_chain2_E,0,0,1,0,0,1,0,27,1,0,0,8,0,0,1,0,0,1,1,1,0,pass_dual_rap_contact;pass_contact_balance,0.16081,0,
backbone_denovo,RAPCID_backbone_rapcid_backbone_151_model_3.cif.gz,/scratch/a2149a01/RAPCID_2610_output/backbone_denovo/RAPCID_backbone_rapcid_backbone_151_model_3.cif.gz,A,B,56,34,2.906,6.801,3.098,0,7,0,21,0.0,nan,chain1_E_chain2_F,0,0,1,1,0,1,0,30,0,1,0,8,0,0,1,0,0,0,1,1,0,pass_dual_rap_contact;pass_contact_balance;pass_face_angle,0.12524,0,
backbone_denovo,RAPCID_backbone_rapcid_backbone_151_model_4.cif.gz,/scratch/a2149a01/RAPCID_2610_output/backbone_denovo/RAPCID_backbone_rapcid_backbone_151_model_4.cif.gz,A,B,56,34,2.533,2.789,3.572,4,4,19,12,0.6129,107.21,chain1_E_chain2_F,1,0,1,1,1,1,0,26,1,1,7,4,1,0,1,1,1,1,1,1,1,,0.48267,1,690
backbone_denovo,RAPCID_backbone_rapcid_backbone_151_model_5.cif.gz,/scratch/a2149a01/RAPCID_2610_output/backbone_denovo/RAPCID_backbone_rapcid_backbone_151_model_5.cif.gz,A,B,56,34,2.521,3.231,2.764,4,4,5,10,0.3333,73.73,chain1_E_chain2_F,1,0,0,3,1,3,0,27,1,1,8,8,0,0,1,1,1,1,1,1,1,,0.4017,1,886
backbone_denovo,RAPCID_backbone_rapcid_backbone_151_model_6.cif.gz,/scratch/a2149a01/RAPCID_2610_output/backbone_denovo/RAPCID_backbone_rapcid_backbone_151_model_6.cif.gz,A,B,56,34,3.311,3.291,20.696,6,0,16,0,1.0,nan,chain1_E_chain2_F,2,0,0,0,2,0,0,6,0,0,11,0,2,0,1,0,0,0,1,1,0,pass_dual_rap_contact;pass_contact_balance;pass_face_angle,0.24714,0,
backbone_denovo,RAPCID_backbone_rapcid_backbone_151_model_7.cif.gz,/scratch/a2149a01/RAPCID_2610_output/backbone_denovo/RAPCID_backbone_rapcid_backbone_151_model_7.cif.gz,A,B,56,34,2.567,3.348,3.156,4,4,5,10,0.3333,39.29,chain1_F_chain2_E,0,2,0,1,2,0,0,28,2,0,10,0,0,0,1,1,1,0,1,1,0,pass_face_angle,0.32381,0,
backbone_denovo,RAPCID_backbone_rapcid_backbone_152_model_0.cif.gz,/scratch/a2149a01/RAPCID_2610_output/backbone_denovo/RAPCID_backbone_rapcid_backbone_152_model_0.cif.gz,A,B,62,38,2.481,2.172,3.611,5,4,23,14,0.6216,85.55,chain1_E_chain2_F,2,0,0,2,2,2,0,40,1,0,8,9,0,0,1,1,1,1,1,1,1,,0.43747,1,780
backbone_denovo,RAPCID_backbone_rapcid_backbone_152_model_1.cif.gz,/scratch/a2149a01/RAPCID_2610_output/backbone_denovo/RAPCID_backbone_rapcid_backbone_152_model_1.cif.gz,A,B,62,38,2.674,3.403,3.929,3,1,12,2,0.8571,77.33,chain1_E_chain2_F,1,0,0,1,1,1,0,38,1,0,7,6,1,0,1,0,1,1,1,1,0,pass_dual_rap_contact,0.25873,0,
backbone_denovo,RAPCID_backbone_rapcid_backbone_152_model_2.cif.gz,/scratch/a2149a01/RAPCID_2610_output/backbone_denovo/RAPCID_backbone_rapcid_backbone_152_model_2.cif.gz,A,B,62,38,2.892,3.016,3.491,2,3,5,8,0.3846,59.61,chain1_E_chain2_F,0,0,0,2,0,2,0,39,0,1,3,9,1,0,1,1,1,0,1,1,0,pass_face_angle,0.32766,0,
backbone_denovo,RAPCID_backbone_rapcid_backbone_152_model_3.cif.gz,/scratch/a2149a01/RAPCID_2610_output/backbone_denovo/RAPCID_backbone_rapcid_backbone_152_model_3.cif.gz,A,B,62,38,2.09,2.707,2.866,4,4,11,12,0.4783,63.7,chain1_E_chain2_F,2,0,0,2,2,2,0,35,2,1,7,9,0,0,1,1,1,1,1,1,1,,0.45559,1,733
backbone_denovo,RAPCID_backbone_rapcid_backbone_152_model_4.cif.gz,/scratch/a2149a01/RAPCID_2610_output/backbone_denovo/RAPCID_backbone_rapcid_backbone_152_model_4.cif.gz,A,B,62,38,1.605,3.101,9.472,3,0,13,0,1.0,nan,chain1_E_chain2_F,1,0,0,0,1,0,0,35,0,0,8,0,1,0,0,0,0,0,1,1,0,pass_no_clash;pass_dual_rap_contact;pass_contact_balance;pass_face_angle,0.10857,0,
backbone_denovo,RAPCID_backbone_rapcid_backbone_152_model_5.cif.gz,/scratch/a2149a01/RAPCID_2610_output/backbone_denovo/RAPCID_backbone_rapcid_backbone_152_model_5.cif.gz,A,B,62,38,1.398,2.778,3.644,4,3,14,8,0.6364,77.3,chain1_E_chain2_F,1,0,1,0,1,0,0,23,0,0,9,1,0,0,0,1,1,1,1,1,0,pass_no_clash,0.3267,0,
backbone_denovo,RAPCID_backbone_rapcid_backbone_152_model_6.cif.gz,/scratch/a2149a01/RAPCID_2610_output/backbone_denovo/RAPCID_backbone_rapcid_backbone_152_model_6.cif.gz,A,B,62,38,2.374,3.493,3.349,3,3,7,8,0.4667,51.89,chain1_E_chain2_F,0,1,0,1,0,1,0,44,1,2,4,4,0,0,1,1,1,0,0,1,0,pass_face_angle;pass_direct_interface,0.34524,0,
backbone_denovo,RAPCID_backbone_rapcid_backbone_152_model_7.cif.gz,/scratch/a2149a01/RAPCID_2610_output/backbone_denovo/RAPCID_backbone_rapcid_backbone_152_model_7.cif.gz,A,B,62,38,2.003,2.887,3.542,5,1,15,4,0.7895,83.87,chain1_E_chain2_F,2,0,1,0,2,0,0,46,2,0,10,0,0,0,1,0,1,1,0,1,0,pass_dual_rap_contact;pass_direct_interface,0.32424,0,
backbone_denovo,RAPCID_backbone_rapcid_backbone_153_model_0.cif.gz,/scratch/a2149a01/RAPCID_2610_output/backbone_denovo/RAPCID_backbone_rapcid_backbone_153_model_0.cif.gz,A,B,65,34,2.438,2.717,7.76,5,0,12,0,1.0,nan,chain1_E_chain2_F,2,0,0,0,2,0,1,44,1,0,13,0,0,0,1,0,0,0,0,1,0,pass_dual_rap_contact;pass_contact_balance;pass_face_angle;pass_direct_interface,0.20238,0,
backbone_denovo,RAPCID_backbone_rapcid_backbone_153_model_1.cif.gz,/scratch/a2149a01/RAPCID_2610_output/backbone_denovo/RAPCID_backbone_rapcid_backbone_153_model_1.cif.gz,A,B,65,34,2.399,2.822,3.454,3,2,8,4,0.6667,60.95,chain1_E_chain2_F,1,0,0,0,1,0,0,8,0,0,7,4,0,0,1,1,1,1,1,1,1,,0.3619,0,
backbone_denovo,RAPCID_backbone_rapcid_backbone_153_model_2.cif.gz,/scratch/a2149a01/RAPCID_2610_output/backbone_denovo/RAPCID_backbone_rapcid_backbone_153_model_2.cif.gz,A,B,65,34,3.276,3.136,3.439,5,5,14,11,0.56,103.27,chain1_E_chain2_F,1,0,1,1,1,1,0,23,2,1,9,9,0,0,1,1,1,1,1,1,1,,0.52238,1,620
backbone_denovo,RAPCID_backbone_rapcid_backbone_153_model_3.cif.gz,/scratch/a2149a01/RAPCID_2610_output/backbone_denovo/RAPCID_backbone_rapcid_backbone_153_model_3.cif.gz,A,B,65,34,2.966,3.528,3.293,4,6,6,11,0.3529,71.49,chain1_F_chain2_E,0,3,2,1,3,2,0,39,1,2,8,10,0,0,1,1,1,1,1,1,1,,0.44233,1,769
backbone_denovo,RAPCID_backbone_rapcid_backbone_153_model_4.cif.gz,/scratch/a2149a01/RAPCID_2610_output/backbone_denovo/RAPCID_backbone_rapcid_backbone_153_model_4.cif.gz,A,B,65,34,2.086,3.528,2.693,3,4,9,12,0.4286,115.12,chain1_F_chain2_E,0,2,1,0,2,1,0,25,0,1,11,5,0,0,1,1,1,1,1,1,1,,0.54256,1,598
backbone_denovo,RAPCID_backbone_rapcid_backbone_153_model_5.cif.gz,/scratch/a2149a01/RAPCID_2610_output/backbone_denovo/RAPCID_backbone_rapcid_backbone_153_model_5.cif.gz,A,B,65,34,2.559,3.677,3.527,5,5,7,15,0.3182,76.66,chain1_F_chain2_E,0,2,1,1,2,1,0,35,2,2,9,12,0,0,1,1,1,1,1,1,1,,0.40519,1,876
backbone_denovo,RAPCID_backbone_rapcid_backbone_153_model_6.cif.gz,/scratch/a2149a01/RAPCID_2610_output/backbone_denovo/RAPCID_backbone_rapcid_backbone_153_model_6.cif.gz,A,B,65,34,2.398,3.456,11.915,5,0,9,0,1.0,nan,chain1_F_chain2_E,0,2,0,0,2,0,0,37,0,0,10,0,1,0,1,0,0,0,1,1,0,pass_dual_rap_contact;pass_contact_balance;pass_face_angle,0.15714,0,
backbone_denovo,RAPCID_backbone_rapcid_backbone_153_model_7.cif.gz,/scratch/a2149a01/RAPCID_2610_output/backbone_denovo/RAPCID_backbone_rapcid_backbone_153_model_7.cif.gz,A,B,65,34,1.867,2.984,3.314,4,3,9,8,0.5294,83.4,chain1_E_chain2_F,1,0,1,1,1,1,0,36,1,1,10,2,0,0,0,1,1,1,1,1,0,pass_no_clash,0.42671,0,
backbone_denovo,RAPCID_backbone_rapcid_backbone_154_model_0.cif.gz,/scratch/a2149a01/RAPCID_2610_output/backbone_denovo/RAPCID_backbone_rapcid_backbone_154_model_0.cif.gz,A,B,68,57,2.68,3.585,2.669,7,3,21,10,0.6774,86.56,chain1_F_chain2_E,1,2,1,0,2,1,0,38,1,0,9,4,0,0,1,1,1,1,1,1,1,,0.38993,1,917
backbone_denovo,RAPCID_backbone_rapcid_backbone_154_model_1.cif.gz,/scratch/a2149a01/RAPCID_2610_output/backbone_denovo/RAPCID_backbone_rapcid_backbone_154_model_1.cif.gz,A,B,68,57,2.893,3.353,3.287,6,3,19,6,0.76,44.57,chain1_F_chain2_E,1,3,0,1,3,0,0,63,2,2,12,0,1,0,1,1,1,0,0,1,0,pass_face_angle;pass_direct_interface,0.34838,0,
backbone_denovo,RAPCID_backbone_rapcid_backbone_154_model_2.cif.gz,/scratch/a2149a01/RAPCID_2610_output/backbone_denovo/RAPCID_backbone_rapcid_backbone_154_model_2.cif.gz,A,B,68,57,2.591,2.966,3.174,7,3,22,6,0.7857,70.05,chain1_F_chain2_E,1,3,0,1,3,0,0,34,0,1,14,0,0,0,1,1,1,1,1,1,1,,0.29159,0,
backbone_denovo,RAPCID_backbone_rapcid_backbone_154_model_3.cif.gz,/scratch/a2149a01/RAPCID_2610_output/backbone_denovo/RAPCID_backbone_rapcid_backbone_154_model_3.cif.gz,A,B,68,57,2.608,6.176,3.26,0,6,0,13,0.0,nan,chain1_E_chain2_F,0,0,1,2,0,2,0,18,0,0,0,11,0,0,1,0,0,0,1,1,0,pass_dual_rap_contact;pass_contact_balance;pass_face_angle,0.20714,0,
backbone_denovo,RAPCID_backbone_rapcid_backbone_154_model_4.cif.gz,/scratch/a2149a01/RAPCID_2610_output/backbone_denovo/RAPCID_backbone_rapcid_backbone_154_model_4.cif.gz,A,B,68,57,2.847,3.796,2.839,1,3,2,9,0.1818,66.44,chain1_E_chain2_F,1,0,1,0,1,0,0,43,1,0,3,3,0,0,1,0,1,1,0,1,0,pass_dual_rap_contact;pass_direct_interface,0.17797,0,
backbone_denovo,RAPCID_backbone_rapcid_backbone_154_model_5.cif.gz,/scratch/a2149a01/RAPCID_2610_output/backbone_denovo/RAPCID_backbone_rapcid_backbone_154_model_5.cif.gz,A,B,68,57,2.859,3.114,3.57,2,4,7,10,0.4118,82.28,chain1_E_chain2_F,1,0,1,0,1,0,0,28,1,0,7,0,0,0,1,1,1,1,1,1,1,,0.3242,0,
backbone_denovo,RAPCID_backbone_rapcid_backbone_154_model_6.cif.gz,/scratch/a2149a01/RAPCID_2610_output/backbone_denovo/RAPCID_backbone_rapcid_backbone_154_model_6.cif.gz,A,B,68,57,2.23,2.514,3.495,5,6,13,19,0.4062,118.66,chain1_E_chain2_F,1,0,0,2,1,2,0,45,1,1,7,13,1,0,1,1,1,1,0,1,0,pass_direct_interface,0.54708,0,
backbone_denovo,RAPCID_backbone_rapcid_backbone_154_model_7.cif.gz,/scratch/a2149a01/RAPCID_2610_output/backbone_denovo/RAPCID_backbone_rapcid_backbone_154_model_7.cif.gz,A,B,68,57,2.498,2.785,3.752,5,3,15,5,0.75,48.68,chain1_E_chain2_F,1,1,0,1,1,1,0,49,2,1,9,11,0,0,1,1,1,0,0,1,0,pass_face_angle;pass_direct_interface,0.30714,0,
backbone_denovo,RAPCID_backbone_rapcid_backbone_155_model_0.cif.gz,/scratch/a2149a01/RAPCID_2610_output/backbone_denovo/RAPCID_backbone_rapcid_backbone_155_model_0.cif.gz,A,B,66,58,2.362,3.313,2.432,3,3,5,12,0.2941,82.81,chain1_F_chain2_E,1,1,1,0,1,1,0,48,2,1,4,9,0,1,1,1,1,1,0,1,0,pass_direct_interface,0.37081,0,
backbone_denovo,RAPCID_backbone_rapcid_backbone_155_model_1.cif.gz,/scratch/a2149a01/RAPCID_2610_output/backbone_denovo/RAPCID_backbone_rapcid_backbone_155_model_1.cif.gz,A,B,66,58,2.774,2.67,2.956,7,4,26,7,0.7879,138.97,chain1_E_chain2_F,2,0,0,0,2,0,0,22,0,0,16,5,0,0,1,1,1,1,1,1,1,,0.50523,1,649
backbone_denovo,RAPCID_backbone_rapcid_backbone_155_model_2.cif.gz,/scratch/a2149a01/RAPCID_2610_output/backbone_denovo/RAPCID_backbone_rapcid_backbone_155_model_2.cif.gz,A,B,66,58,25.658,2.478,40.077,9,0,20,0,1.0,nan,chain1_E_chain2_F,2,2,0,0,2,0,0,0,0,0,10,0,0,0,1,0,0,0,1,1,0,pass_dual_rap_contact;pass_contact_balance;pass_face_angle,0.21714,0,
backbone_denovo,RAPCID_backbone_rapcid_backbone_155_model_3.cif.gz,/scratch/a2149a01/RAPCID_2610_output/backbone_denovo/RAPCID_backbone_rapcid_backbone_155_model_3.cif.gz,A,B,66,58,1.974,12.422,3.021,0,5,0,16,0.0,nan,chain1_F_chain2_E,0,0,2,0,0,2,1,40,0,0,0,10,0,0,0,0,0,0,1,1,0,pass_no_clash;pass_dual_rap_contact;pass_contact_balance;pass_face_angle,0.18571,0,
backbone_denovo,RAPCID_backbone_rapcid_backbone_155_model_4.cif.gz,/scratch/a2149a01/RAPCID_2610_output/backbone_denovo/RAPCID_backbone_rapcid_backbone_155_model_4.cif.gz,A,B,66,58,2.45,2.174,3.431,7,4,26,5,0.8387,67.27,chain1_E_chain2_F,2,0,1,0,2,0,0,51,2,1,8,0,0,0,1,1,1,1,0,1,0,pass_direct_interface,0.25166,0,
backbone_denovo,RAPCID_backbone_rapcid_backbone_155_model_5.cif.gz,/scratch/a2149a01/RAPCID_2610_output/backbone_denovo/RAPCID_backbone_rapcid_backbone_155_model_5.cif.gz,A,B,66,58,2.683,3.152,2.572,5,5,15,12,0.5556,102.41,chain1_E_chain2_F,2,0,1,0,2,0,0,30,0,2,16,2,2,0,1,1,1,1,1,1,1,,0.47963,1,694
backbone_denovo,RAPCID_backbone_rapcid_backbone_155_model_6.cif.gz,/scratch/a2149a01/RAPCID_2610_output/backbone_denovo/RAPCID_backbone_rapcid_backbone_155_model_6.cif.gz,A,B,66,58,2.131,3.224,4.017,2,2,6,2,0.75,98.28,chain1_E_chain2_F,2,0,0,0,2,0,0,48,0,0,11,1,0,0,1,0,1,1,0,1,0,pass_dual_rap_contact;pass_direct_interface,0.35474,0,
backbone_denovo,RAPCID_backbone_rapcid_backbone_155_model_7.cif.gz,/scratch/a2149a01/RAPCID_2610_output/backbone_denovo/RAPCID_backbone_rapcid_backbone_155_model_7.cif.gz,A,B,66,58,2.49,3.211,2.282,2,5,7,16,0.3043,66.3,chain1_F_chain2_E,0,2,0,0,2,0,0,46,1,1,9,5,0,0,1,1,1,1,0,1,0,pass_direct_interface,0.31222,0,
backbone_denovo,RAPCID_backbone_rapcid_backbone_156_model_0.cif.gz,/scratch/a2149a01/RAPCID_2610_output/backbone_denovo/RAPCID_backbone_rapcid_backbone_156_model_0.cif.gz,A,B,53,31,2.814,2.987,3.229,6,5,11,8,0.5789,68.07,chain1_E_chain2_F,1,0,0,1,1,1,0,14,0,1,12,11,1,0,1,1,1,1,1,1,1,,0.41223,1,852
backbone_denovo,RAPCID_backbone_rapcid_backbone_156_model_1.cif.gz,/scratch/a2149a01/RAPCID_2610_output/backbone_denovo/RAPCID_backbone_rapcid_backbone_156_model_1.cif.gz,A,B,53,31,2.571,3.667,10.874,4,0,10,0,1.0,nan,chain1_E_chain2_F,1,0,0,0,1,0,0,33,0,0,10,0,1,0,1,0,0,0,1,1,0,pass_dual_rap_contact;pass_contact_balance;pass_face_angle,0.12857,0,
backbone_denovo,RAPCID_backbone_rapcid_backbone_156_model_2.cif.gz,/scratch/a2149a01/RAPCID_2610_output/backbone_denovo/RAPCID_backbone_rapcid_backbone_156_model_2.cif.gz,A,B,53,31,2.68,3.086,3.689,2,3,4,14,0.2222,76.02,chain1_E_chain2_F,1,0,1,0,1,0,0,36,0,1,6,3,0,1,1,1,1,1,1,1,1,,0.24754,0,
backbone_denovo,RAPCID_backbone_rapcid_backbone_156_model_3.cif.gz,/scratch/a2149a01/RAPCID_2610_output/backbone_denovo/RAPCID_backbone_rapcid_backbone_156_model_3.cif.gz,A,B,53,31,3.562,3.133,7.328,6,0,15,0,1.0,nan,chain1_F_chain2_E,0,3,0,0,3,0,0,12,0,0,12,0,0,0,1,0,0,0,1,1,0,pass_dual_rap_contact;pass_contact_balance;pass_face_angle,0.26571,0,
backbone_denovo,RAPCID_backbone_rapcid_backbone_156_model_4.cif.gz,/scratch/a2149a01/RAPCID_2610_output/backbone_denovo/RAPCID_backbone_rapcid_backbone_156_model_4.cif.gz,A,B,53,31,3.106,9.747,2.95,0,8,0,16,0.0,nan,chain1_F_chain2_E,0,0,1,0,0,1,0,16,0,0,0,11,0,0,1,0,0,0,1,1,0,pass_dual_rap_contact;pass_contact_balance;pass_face_angle,0.18857,0,
backbone_denovo,RAPCID_backbone_rapcid_backbone_156_model_5.cif.gz,/scratch/a2149a01/RAPCID_2610_output/backbone_denovo/RAPCID_backbone_rapcid_backbone_156_model_5.cif.gz,A,B,53,31,2.706,2.963,8.888,4,0,14,0,1.0,nan,chain1_E_chain2_F,2,0,0,0,2,0,0,36,1,0,12,0,1,0,1,0,0,0,1,1,0,pass_dual_rap_contact;pass_contact_balance;pass_face_angle,0.17381,0,
backbone_denovo,RAPCID_backbone_rapcid_backbone_156_model_6.cif.gz,/scratch/a2149a01/RAPCID_2610_output/backbone_denovo/RAPCID_backbone_rapcid_backbone_156_model_6.cif.gz,A,B,53,31,2.83,2.878,2.992,3,3,7,10,0.4118,48.89,chain1_E_chain2_F,2,0,2,0,2,0,0,34,2,2,6,0,0,0,1,1,1,0,1,1,0,pass_face_angle,0.34852,0,
backbone_denovo,RAPCID_backbone_rapcid_backbone_156_model_7.cif.gz,/scratch/a2149a01/RAPCID_2610_output/backbone_denovo/RAPCID_backbone_rapcid_backbone_156_model_7.cif.gz,A,B,53,31,1.662,10.506,3.631,0,3,0,12,0.0,nan,chain1_E_chain2_F,0,0,1,1,0,1,0,37,0,0,0,5,0,0,0,0,0,0,1,1,0,pass_no_clash;pass_dual_rap_contact;pass_contact_balance;pass_face_angle,0.07857,0,
backbone_denovo,RAPCID_backbone_rapcid_backbone_157_model_0.cif.gz,/scratch/a2149a01/RAPCID_2610_output/backbone_denovo/RAPCID_backbone_rapcid_backbone_157_model_0.cif.gz,B,A,67,36,1.946,2.943,10.191,2,0,5,0,1.0,nan,chain1_E_chain2_F,0,0,0,0,0,0,0,37,0,0,0,0,1,0,0,0,0,0,1,1,0,pass_no_clash;pass_dual_rap_contact;pass_contact_balance;pass_face_angle,0.0,0,
backbone_denovo,RAPCID_backbone_rapcid_backbone_157_model_1.cif.gz,/scratch/a2149a01/RAPCID_2610_output/backbone_denovo/RAPCID_backbone_rapcid_backbone_157_model_1.cif.gz,B,A,67,36,0.948,2.859,3.239,5,4,22,11,0.6667,85.38,chain1_E_chain2_F,1,0,1,0,1,0,0,39,1,2,7,4,0,0,0,1,1,1,1,1,0,pass_no_clash,0.36651,0,
backbone_denovo,RAPCID_backbone_rapcid_backbone_157_model_2.cif.gz,/scratch/a2149a01/RAPCID_2610_output/backbone_denovo/RAPCID_backbone_rapcid_backbone_157_model_2.cif.gz,B,A,67,36,2.268,10.115,3.105,0,5,0,13,0.0,nan,chain1_F_chain2_E,0,0,1,0,0,1,0,19,0,0,0,12,1,0,1,0,0,0,1,1,0,pass_dual_rap_contact;pass_contact_balance;pass_face_angle,0.17357,0,
backbone_denovo,RAPCID_backbone_rapcid_backbone_157_model_3.cif.gz,/scratch/a2149a01/RAPCID_2610_output/backbone_denovo/RAPCID_backbone_rapcid_backbone_157_model_3.cif.gz,B,A,67,36,2.463,3.39,4.456,3,1,5,1,0.8333,33.41,chain1_F_chain2_E,0,1,0,0,1,0,0,38,1,0,7,0,0,0,1,0,1,0,1,1,0,pass_dual_rap_contact;pass_face_angle,0.1819,0,
backbone_denovo,RAPCID_backbone_rapcid_backbone_157_model_4.cif.gz,/scratch/a2149a01/RAPCID_2610_output/backbone_denovo/RAPCID_backbone_rapcid_backbone_157_model_4.cif.gz,B,A,67,36,2.57,3.073,10.828,9,0,17,0,1.0,nan,chain1_F_chain2_E,1,2,0,0,2,0,0,35,0,0,12,0,0,0,1,0,0,0,1,1,0,pass_dual_rap_contact;pass_contact_balance;pass_face_angle,0.15714,0,
backbone_denovo,RAPCID_backbone_rapcid_backbone_157_model_5.cif.gz,/scratch/a2149a01/RAPCID_2610_output/backbone_denovo/RAPCID_backbone_rapcid_backbone_157_model_5.cif.gz,B,A,67,36,2.634,3.485,5.85,1,0,2,0,1.0,nan,chain1_E_chain2_F,0,0,0,0,0,0,0,23,0,0,5,0,1,0,1,0,0,0,1,1,0,pass_dual_rap_contact;pass_contact_balance;pass_face_angle,0.075,0,
backbone_denovo,RAPCID_backbone_rapcid_backbone_157_model_6.cif.gz,/scratch/a2149a01/RAPCID_2610_output/backbone_denovo/RAPCID_backbone_rapcid_backbone_157_model_6.cif.gz,B,A,67,36,2.307,3.129,3.435,2,4,8,14,0.3636,45.12,chain1_E_chain2_F,0,0,0,1,0,1,0,33,1,3,6,8,0,0,1,1,1,0,1,1,0,pass_face_angle,0.34069,0,
backbone_denovo,RAPCID_backbone_rapcid_backbone_157_model_7.cif.gz,/scratch/a2149a01/RAPCID_2610_output/backbone_denovo/RAPCID_backbone_rapcid_backbone_157_model_7.cif.gz,B,A,67,36,2.838,2.689,6.265,8,0,20,0,1.0,nan,chain1_E_chain2_F,2,1,0,0,2,0,0,37,0,0,16,0,0,0,1,0,0,0,1,1,0,pass_dual_rap_contact;pass_contact_balance;pass_face_angle,0.15714,0,
backbone_denovo,RAPCID_backbone_rapcid_backbone_158_model_0.cif.gz,/scratch/a2149a01/RAPCID_2610_output/backbone_denovo/RAPCID_backbone_rapcid_backbone_158_model_0.cif.gz,A,B,51,49,2.732,3.314,7.757,3,0,8,0,1.0,nan,chain1_E_chain2_F,1,0,0,0,1,0,0,57,1,0,11,0,0,0,1,0,0,0,0,1,0,pass_dual_rap_contact;pass_contact_balance;pass_face_angle;pass_direct_interface,0.14524,0,
backbone_denovo,RAPCID_backbone_rapcid_backbone_158_model_1.cif.gz,/scratch/a2149a01/RAPCID_2610_output/backbone_denovo/RAPCID_backbone_rapcid_backbone_158_model_1.cif.gz,A,B,51,49,2.354,3.304,3.151,3,3,11,11,0.5,63.02,chain1_E_chain2_F,1,0,0,0,1,0,0,29,2,1,5,3,0,0,1,1,1,1,1,1,1,,0.35857,0,
backbone_denovo,RAPCID_backbone_rapcid_backbone_158_model_2.cif.gz,/scratch/a2149a01/RAPCID_2610_output/backbone_denovo/RAPCID_backbone_rapcid_backbone_158_model_2.cif.gz,A,B,51,49,2.686,3.017,3.82,4,3,13,5,0.7222,80.65,chain1_E_chain2_F,1,0,0,0,1,0,0,29,1,0,10,1,1,0,1,1,1,1,1,1,1,,0.29519,0,
backbone_denovo,RAPCID_backbone_rapcid_backbone_158_model_3.cif.gz,/scratch/a2149a01/RAPCID_2610_output/backbone_denovo/RAPCID_backbone_rapcid_backbone_158_model_3.cif.gz,A,B,51,49,2.671,3.296,3.685,5,3,11,9,0.55,56.9,chain1_E_chain2_F,1,1,0,1,1,1,0,50,1,1,7,10,0,0,1,1,1,0,0,1,0,pass_face_angle;pass_direct_interface,0.37048,0,
backbone_denovo,RAPCID_backbone_rapcid_backbone_158_model_4.cif.gz,/scratch/a2149a01/RAPCID_2610_output/backbone_denovo/RAPCID_backbone_rapcid_backbone_158_model_4.cif.gz,A,B,51,49,2.24,2.303,3.191,4,5,13,16,0.4483,83.01,chain1_E_chain2_F,1,1,1,2,1,2,0,45,1,1,10,12,0,0,1,1,1,1,0,1,0,pass_direct_interface,0.44507,0,
backbone_denovo,RAPCID_backbone_rapcid_backbone_158_model_5.cif.gz,/scratch/a2149a01/RAPCID_2610_output/backbone_denovo/RAPCID_backbone_rapcid_backbone_158_model_5.cif.gz,A,B,51,49,2.819,2.285,4.163,4,1,18,1,0.9474,35.83,chain1_E_chain2_F,2,0,1,0,2,0,0,41,2,0,9,0,0,0,1,0,0,0,0,1,0,pass_dual_rap_contact;pass_contact_balance;pass_face_angle;pass_direct_interface,0.20153,0,
backbone_denovo,RAPCID_backbone_rapcid_backbone_158_model_6.cif.gz,/scratch/a2149a01/RAPCID_2610_output/backbone_denovo/RAPCID_backbone_rapcid_backbone_158_model_6.cif.gz,A,B,51,49,2.735,2.963,3.051,3,2,8,8,0.5,70.26,chain1_E_chain2_F,2,0,1,0,2,0,0,32,1,1,3,0,0,0,1,1,1,1,1,1,1,,0.32469,0,
backbone_denovo,RAPCID_backbone_rapcid_backbone_158_model_7.cif.gz,/scratch/a2149a01/RAPCID_2610_output/backbone_denovo/RAPCID_backbone_rapcid_backbone_158_model_7.cif.gz,A,B,51,49,3.44,2.782,12.698,3,0,12,0,1.0,nan,chain1_E_chain2_F,1,0,0,0,1,0,0,14,0,0,4,0,0,0,1,0,0,0,1,1,0,pass_dual_rap_contact;pass_contact_balance;pass_face_angle,0.13857,0,
backbone_denovo,RAPCID_backbone_rapcid_backbone_159_model_0.cif.gz,/scratch/a2149a01/RAPCID_2610_output/backbone_denovo/RAPCID_backbone_rapcid_backbone_159_model_0.cif.gz,B,A,56,54,2.924,2.827,3.403,5,4,10,11,0.4762,72.79,chain1_F_chain2_E,0,3,1,1,3,1,0,44,1,1,13,9,0,0,1,1,1,1,0,1,0,pass_direct_interface,0.45072,0,
backbone_denovo,RAPCID_backbone_rapcid_backbone_159_model_1.cif.gz,/scratch/a2149a01/RAPCID_2610_output/backbone_denovo/RAPCID_backbone_rapcid_backbone_159_model_1.cif.gz,B,A,56,54,2.682,10.479,3.78,0,2,0,3,0.0,nan,chain1_F_chain2_E,0,0,2,0,0,2,0,30,0,0,0,7,0,0,1,0,0,0,1,1,0,pass_dual_rap_contact;pass_contact_balance;pass_face_angle,0.12714,0,
backbone_denovo,RAPCID_backbone_rapcid_backbone_159_model_2.cif.gz,/scratch/a2149a01/RAPCID_2610_output/backbone_denovo/RAPCID_backbone_rapcid_backbone_159_model_2.cif.gz,B,A,56,54,2.336,3.565,3.004,2,4,3,7,0.3,39.23,chain1_F_chain2_E,0,0,1,0,0,1,1,50,0,1,0,6,0,0,1,0,1,0,0,1,0,pass_dual_rap_contact;pass_face_angle;pass_direct_interface,0.25381,0,
backbone_denovo,RAPCID_backbone_rapcid_backbone_159_model_3.cif.gz,/scratch/a2149a01/RAPCID_2610_output/backbone_denovo/RAPCID_backbone_rapcid_backbone_159_model_3.cif.gz,B,A,56,54,2.595,2.52,3.28,5,6,16,12,0.5714,81.64,chain1_E_chain2_F,1,0,1,0,1,0,0,43,1,3,7,4,0,0,1,1,1,1,0,1,0,pass_direct_interface,0.4088,0,
backbone_denovo,RAPCID_backbone_rapcid_backbone_159_model_4.cif.gz,/scratch/a2149a01/RAPCID_2610_output/backbone_denovo/RAPCID_backbone_rapcid_backbone_159_model_4.cif.gz,B,A,56,54,2.857,9.043,2.402,0,3,0,9,0.0,nan,chain1_F_chain2_E,0,0,2,0,0,2,0,29,0,0,0,7,0,0,1,0,0,0,1,1,0,pass_dual_rap_contact;pass_contact_balance;pass_face_angle,0.12714,0,
backbone_denovo,RAPCID_backbone_rapcid_backbone_159_model_5.cif.gz,/scratch/a2149a01/RAPCID_2610_output/backbone_denovo/RAPCID_backbone_rapcid_backbone_159_model_5.cif.gz,B,A,56,54,2.683,3.799,3.055,3,5,5,14,0.2632,60.89,chain1_F_chain2_E,0,2,1,1,2,1,0,49,1,1,11,10,0,0,1,1,1,1,0,1,0,pass_direct_interface,0.32431,0,
backbone_denovo,RAPCID_backbone_rapcid_backbone_159_model_6.cif.gz,/scratch/a2149a01/RAPCID_2610_output/backbone_denovo/RAPCID_backbone_rapcid_backbone_159_model_6.cif.gz,B,A,56,54,1.958,2.462,5.052,4,0,13,0,1.0,nan,chain1_E_chain2_F,1,0,0,0,1,0,0,48,1,0,9,0,0,0,0,0,0,0,0,1,0,pass_no_clash;pass_dual_rap_contact;pass_contact_balance;pass_face_angle;pass_direct_interface,0.13524,0,
backbone_denovo,RAPCID_backbone_rapcid_backbone_159_model_7.cif.gz,/scratch/a2149a01/RAPCID_2610_output/backbone_denovo/RAPCID_backbone_rapcid_backbone_159_model_7.cif.gz,B,A,56,54,3.403,23.37,3.073,0,10,0,28,0.0,nan,chain1_E_chain2_F,0,0,2,2,0,2,0,1,0,0,0,19,2,1,1,0,0,0,1,1,0,pass_dual_rap_contact;pass_contact_balance;pass_face_angle,0.22214,0,
backbone_denovo,RAPCID_backbone_rapcid_backbone_15_model_0.cif.gz,/scratch/a2149a01/RAPCID_2610_output/backbone_denovo/RAPCID_backbone_rapcid_backbone_15_model_0.cif.gz,A,B,61,31,1.036,3.146,2.926,3,4,7,26,0.2121,85.3,chain1_E_chain2_F,1,0,1,2,1,2,0,33,0,2,11,8,0,0,0,1,1,1,1,1,0,pass_no_clash,0.35821,0,
backbone_denovo,RAPCID_backbone_rapcid_backbone_15_model_1.cif.gz,/scratch/a2149a01/RAPCID_2610_output/backbone_denovo/RAPCID_backbone_rapcid_backbone_15_model_1.cif.gz,A,B,61,31,2.753,3.334,3.479,4,2,9,7,0.5625,58.72,chain1_E_chain2_F,1,0,1,0,1,0,0,40,2,1,8,0,0,0,1,1,1,0,1,1,0,pass_face_angle,0.33357,0,
backbone_denovo,RAPCID_backbone_rapcid_backbone_15_model_2.cif.gz,/scratch/a2149a01/RAPCID_2610_output/backbone_denovo/RAPCID_backbone_rapcid_backbone_15_model_2.cif.gz,A,B,61,31,2.069,7.011,2.604,0,2,0,5,0.0,nan,chain1_E_chain2_F,0,0,0,0,0,0,0,36,0,1,2,1,1,0,1,0,0,0,1,1,0,pass_dual_rap_contact;pass_contact_balance;pass_face_angle,0.04667,0,
backbone_denovo,RAPCID_backbone_rapcid_backbone_15_model_3.cif.gz,/scratch/a2149a01/RAPCID_2610_output/backbone_denovo/RAPCID_backbone_rapcid_backbone_15_model_3.cif.gz,A,B,61,31,2.383,2.871,3.468,2,3,10,8,0.5556,52.45,chain1_E_chain2_F,1,0,0,2,1,2,0,37,1,2,5,6,0,0,1,1,1,0,1,1,0,pass_face_angle,0.41349,0,
backbone_denovo,RAPCID_backbone_rapcid_backbone_15_model_4.cif.gz,/scratch/a2149a01/RAPCID_2610_output/backbone_denovo/RAPCID_backbone_rapcid_backbone_15_model_4.cif.gz,A,B,61,31,2.44,3.638,3.746,6,3,20,7,0.7407,94.6,chain1_E_chain2_F,3,0,0,2,3,2,0,23,1,2,12,7,2,0,1,1,1,1,1,1,1,,0.50691,1,645
backbone_denovo,RAPCID_backbone_rapcid_backbone_15_model_5.cif.gz,/scratch/a2149a01/RAPCID_2610_output/backbone_denovo/RAPCID_backbone_rapcid_backbone_15_model_5.cif.gz,A,B,61,31,3.027,4.03,3.177,1,2,1,6,0.1429,32.59,chain1_E_chain2_F,0,0,0,0,0,0,0,20,0,0,0,4,0,0,1,0,1,0,1,1,0,pass_dual_rap_contact;pass_face_angle,0.13714,0,
backbone_denovo,RAPCID_backbone_rapcid_backbone_15_model_6.cif.gz,/scratch/a2149a01/RAPCID_2610_output/backbone_denovo/RAPCID_backbone_rapcid_backbone_15_model_6.cif.gz,A,B,61,31,2.761,3.205,2.893,3,2,14,7,0.6667,87.66,chain1_E_chain2_F,2,0,0,0,2,0,0,31,1,1,10,2,0,0,1,1,1,1,1,1,1,,0.38601,1,932
backbone_denovo,RAPCID_backbone_rapcid_backbone_15_model_7.cif.gz,/scratch/a2149a01/RAPCID_2610_output/backbone_denovo/RAPCID_backbone_rapcid_backbone_15_model_7.cif.gz,A,B,61,31,23.815,3.448,42.509,7,0,11,0,1.0,nan,chain1_E_chain2_F,2,1,0,0,2,0,0,0,0,0,23,0,1,0,1,0,0,0,1,1,0,pass_dual_rap_contact;pass_contact_balance;pass_face_angle,0.21714,0,
backbone_denovo,RAPCID_backbone_rapcid_backbone_160_model_0.cif.gz,/scratch/a2149a01/RAPCID_2610_output/backbone_denovo/RAPCID_backbone_rapcid_backbone_160_model_0.cif.gz,A,B,61,57,2.62,3.092,3.41,4,5,15,12,0.5556,51.19,chain1_E_chain2_F,0,1,1,2,0,2,0,43,2,2,0,12,0,1,1,1,1,0,0,1,0,pass_face_angle;pass_direct_interface,0.40159,0,
backbone_denovo,RAPCID_backbone_rapcid_backbone_160_model_1.cif.gz,/scratch/a2149a01/RAPCID_2610_output/backbone_denovo/RAPCID_backbone_rapcid_backbone_160_model_1.cif.gz,A,B,61,57,2.02,2.746,2.791,5,5,16,18,0.4706,97.63,chain1_F_chain2_E,1,0,2,0,0,2,0,35,0,1,2,12,0,0,1,1,1,1,1,1,1,,0.45747,1,732
backbone_denovo,RAPCID_backbone_rapcid_backbone_160_model_2.cif.gz,/scratch/a2149a01/RAPCID_2610_output/backbone_denovo/RAPCID_backbone_rapcid_backbone_160_model_2.cif.gz,A,B,61,57,2.962,2.924,2.834,6,7,22,20,0.5238,73.93,chain1_F_chain2_E,1,1,3,0,1,3,0,27,1,1,9,20,0,0,1,1,1,1,1,1,1,,0.45954,1,728
backbone_denovo,RAPCID_backbone_rapcid_backbone_160_model_3.cif.gz,/scratch/a2149a01/RAPCID_2610_output/backbone_denovo/RAPCID_backbone_rapcid_backbone_160_model_3.cif.gz,A,B,61,57,2.901,2.678,2.667,5,5,11,17,0.3929,82.25,chain1_E_chain2_F,1,1,0,1,1,1,0,28,1,1,9,8,1,0,1,1,1,1,1,1,1,,0.39178,1,911
backbone_denovo,RAPCID_backbone_rapcid_backbone_160_model_4.cif.gz,/scratch/a2149a01/RAPCID_2610_output/backbone_denovo/RAPCID_backbone_rapcid_backbone_160_model_4.cif.gz,A,B,61,57,2.357,3.317,2.541,3,5,14,23,0.3784,67.63,chain1_F_chain2_E,1,2,1,0,2,1,0,41,2,1,6,6,1,0,1,1,1,1,0,1,0,pass_direct_interface,0.38707,0,
backbone_denovo,RAPCID_backbone_rapcid_backbone_160_model_5.cif.gz,/scratch/a2149a01/RAPCID_2610_output/backbone_denovo/RAPCID_backbone_rapcid_backbone_160_model_5.cif.gz,A,B,61,57,2.679,2.641,3.415,4,4,11,15,0.4231,67.48,chain1_F_chain2_E,0,2,1,0,2,1,0,58,2,3,14,11,0,0,1,1,1,1,0,1,0,pass_direct_interface,0.43828,0,
backbone_denovo,RAPCID_backbone_rapcid_backbone_160_model_6.cif.gz,/scratch/a2149a01/RAPCID_2610_output/backbone_denovo/RAPCID_backbone_rapcid_backbone_160_model_6.cif.gz,A,B,61,57,2.544,5.37,2.723,0,4,0,12,0.0,nan,chain1_F_chain2_E,0,0,1,0,0,1,0,45,0,0,0,7,0,0,1,0,0,0,0,1,0,pass_dual_rap_contact;pass_contact_balance;pass_face_angle;pass_direct_interface,0.09857,0,
backbone_denovo,RAPCID_backbone_rapcid_backbone_160_model_7.cif.gz,/scratch/a2149a01/RAPCID_2610_output/backbone_denovo/RAPCID_backbone_rapcid_backbone_160_model_7.cif.gz,A,B,61,57,2.663,2.357,3.241,4,1,12,3,0.8,63.83,chain1_F_chain2_E,1,0,2,0,0,2,1,43,2,0,0,4,0,0,1,0,1,1,0,1,0,pass_dual_rap_contact;pass_direct_interface,0.23905,0,
backbone_denovo,RAPCID_backbone_rapcid_backbone_161_model_0.cif.gz,/scratch/a2149a01/RAPCID_2610_output/backbone_denovo/RAPCID_backbone_rapcid_backbone_161_model_0.cif.gz,B,A,70,43,2.342,2.744,2.525,4,7,15,15,0.5,89.52,chain1_E_chain2_F,1,0,1,3,1,3,0,38,2,1,1,13,0,1,1,1,1,1,1,1,1,,0.53269,1,609
backbone_denovo,RAPCID_backbone_rapcid_backbone_161_model_1.cif.gz,/scratch/a2149a01/RAPCID_2610_output/backbone_denovo/RAPCID_backbone_rapcid_backbone_161_model_1.cif.gz,B,A,70,43,1.855,3.126,2.912,4,5,12,23,0.3429,56.12,chain1_F_chain2_E,0,2,2,2,2,2,0,43,3,2,7,10,0,2,0,1,1,0,0,1,0,pass_no_clash;pass_face_angle;pass_direct_interface,0.43476,0,
backbone_denovo,RAPCID_backbone_rapcid_backbone_161_model_2.cif.gz,/scratch/a2149a01/RAPCID_2610_output/backbone_denovo/RAPCID_backbone_rapcid_backbone_161_model_2.cif.gz,B,A,70,43,2.538,3.073,3.013,3,7,8,20,0.2857,93.3,chain1_E_chain2_F,1,0,1,0,1,0,0,11,0,0,8,8,0,0,1,1,1,1,1,1,1,,0.40884,1,865
backbone_denovo,RAPCID_backbone_rapcid_backbone_161_model_3.cif.gz,/scratch/a2149a01/RAPCID_2610_output/backbone_denovo/RAPCID_backbone_rapcid_backbone_161_model_3.cif.gz,B,A,70,43,1.583,3.173,3.688,2,3,3,6,0.3333,60.37,chain1_E_chain2_F,1,0,0,2,1,2,0,32,0,1,6,9,0,0,0,0,1,1,1,1,0,pass_no_clash;pass_dual_rap_contact,0.33571,0,
backbone_denovo,RAPCID_backbone_rapcid_backbone_161_model_4.cif.gz,/scratch/a2149a01/RAPCID_2610_output/backbone_denovo/RAPCID_backbone_rapcid_backbone_161_model_4.cif.gz,B,A,70,43,2.404,3.215,2.799,3,4,10,12,0.4545,56.26,chain1_F_chain2_E,1,0,2,0,0,2,0,24,2,2,3,7,0,0,1,1,1,0,1,1,0,pass_face_angle,0.42563,0,
backbone_denovo,RAPCID_backbone_rapcid_backbone_161_model_5.cif.gz,/scratch/a2149a01/RAPCID_2610_output/backbone_denovo/RAPCID_backbone_rapcid_backbone_161_model_5.cif.gz,B,A,70,43,2.545,2.988,3.623,3,2,13,5,0.7222,70.49,chain1_F_chain2_E,1,2,1,0,2,1,0,18,1,1,9,10,1,0,1,1,1,1,1,1,1,,0.38512,1,936
backbone_denovo,RAPCID_backbone_rapcid_backbone_161_model_6.cif.gz,/scratch/a2149a01/RAPCID_2610_output/backbone_denovo/RAPCID_backbone_rapcid_backbone_161_model_6.cif.gz,B,A,70,43,2.467,2.875,3.537,9,2,32,3,0.9143,75.41,chain1_E_chain2_F,3,2,1,0,3,0,0,45,3,0,8,3,0,0,1,0,0,1,0,1,0,pass_dual_rap_contact;pass_contact_balance;pass_direct_interface,0.29135,0,
backbone_denovo,RAPCID_backbone_rapcid_backbone_161_model_7.cif.gz,/scratch/a2149a01/RAPCID_2610_output/backbone_denovo/RAPCID_backbone_rapcid_backbone_161_model_7.cif.gz,B,A,70,43,2.251,3.657,1.746,2,8,5,22,0.1852,72.43,chain1_F_chain2_E,0,1,2,1,1,2,0,37,1,2,7,11,0,0,0,1,1,1,1,1,0,pass_no_clash,0.32124,0,
backbone_denovo,RAPCID_backbone_rapcid_backbone_162_model_0.cif.gz,/scratch/a2149a01/RAPCID_2610_output/backbone_denovo/RAPCID_backbone_rapcid_backbone_162_model_0.cif.gz,B,A,54,40,2.617,3.213,3.889,5,1,12,1,0.9231,53.04,chain1_F_chain2_E,0,2,0,1,2,0,0,39,2,0,11,0,0,0,1,0,0,0,1,1,0,pass_dual_rap_contact;pass_contact_balance;pass_face_angle,0.22125,0,
backbone_denovo,RAPCID_backbone_rapcid_backbone_162_model_1.cif.gz,/scratch/a2149a01/RAPCID_2610_output/backbone_denovo/RAPCID_backbone_rapcid_backbone_162_model_1.cif.gz,B,A,54,40,2.079,3.071,2.888,2,5,4,15,0.2105,59.53,chain1_E_chain2_F,2,0,2,0,2,0,0,42,2,1,6,0,0,0,1,1,1,0,0,1,0,pass_face_angle;pass_direct_interface,0.25135,0,
backbone_denovo,RAPCID_backbone_rapcid_backbone_162_model_2.cif.gz,/scratch/a2149a01/RAPCID_2610_output/backbone_denovo/RAPCID_backbone_rapcid_backbone_162_model_2.cif.gz,B,A,54,40,2.719,3.254,2.9,6,4,14,9,0.6087,78.93,chain1_F_chain2_E,0,3,1,1,3,1,0,30,1,1,11,9,0,0,1,1,1,1,1,1,1,,0.43725,1,782
backbone_denovo,RAPCID_backbone_rapcid_backbone_162_model_3.cif.gz,/scratch/a2149a01/RAPCID_2610_output/backbone_denovo/RAPCID_backbone_rapcid_backbone_162_model_3.cif.gz,B,A,54,40,2.502,2.926,2.789,5,4,9,11,0.45,49.28,chain1_F_chain2_E,0,3,1,1,3,1,0,46,3,3,11,9,0,0,1,1,1,0,0,1,0,pass_face_angle;pass_direct_interface,0.49429,0,
backbone_denovo,RAPCID_backbone_rapcid_backbone_162_model_4.cif.gz,/scratch/a2149a01/RAPCID_2610_output/backbone_denovo/RAPCID_backbone_rapcid_backbone_162_model_4.cif.gz,B,A,54,40,2.678,3.762,8.653,4,0,7,0,1.0,nan,chain1_E_chain2_F,2,0,0,0,2,0,0,37,0,0,10,0,1,0,1,0,0,0,1,1,0,pass_dual_rap_contact;pass_contact_balance;pass_face_angle,0.15714,0,
backbone_denovo,RAPCID_backbone_rapcid_backbone_162_model_5.cif.gz,/scratch/a2149a01/RAPCID_2610_output/backbone_denovo/RAPCID_backbone_rapcid_backbone_162_model_5.cif.gz,B,A,54,40,2.618,3.057,2.767,1,6,4,14,0.2222,69.46,chain1_E_chain2_F,2,0,1,2,2,2,0,30,1,2,6,11,0,0,1,0,1,1,1,1,0,pass_dual_rap_contact,0.35472,0,
backbone_denovo,RAPCID_backbone_rapcid_backbone_162_model_6.cif.gz,/scratch/a2149a01/RAPCID_2610_output/backbone_denovo/RAPCID_backbone_rapcid_backbone_162_model_6.cif.gz,B,A,54,40,3.094,3.675,18.832,2,0,6,0,1.0,nan,chain1_E_chain2_F,0,0,0,0,0,0,0,16,0,0,4,0,1,0,1,0,0,0,1,1,0,pass_dual_rap_contact;pass_contact_balance;pass_face_angle,0.1,0,
backbone_denovo,RAPCID_backbone_rapcid_backbone_162_model_7.cif.gz,/scratch/a2149a01/RAPCID_2610_output/backbone_denovo/RAPCID_backbone_rapcid_backbone_162_model_7.cif.gz,B,A,54,40,1.057,2.952,3.049,5,3,10,6,0.625,84.89,chain1_E_chain2_F,1,0,0,3,1,3,0,38,1,0,9,8,0,0,0,1,1,1,1,1,0,pass_no_clash,0.43392,0,
backbone_denovo,RAPCID_backbone_rapcid_backbone_163_model_0.cif.gz,/scratch/a2149a01/RAPCID_2610_output/backbone_denovo/RAPCID_backbone_rapcid_backbone_163_model_0.cif.gz,B,A,65,58,2.563,2.777,2.841,7,3,23,9,0.7188,81.06,chain1_F_chain2_E,0,2,1,0,2,1,0,36,2,1,11,7,1,0,1,1,1,1,1,1,1,,0.38842,1,923
backbone_denovo,RAPCID_backbone_rapcid_backbone_163_model_1.cif.gz,/scratch/a2149a01/RAPCID_2610_output/backbone_denovo/RAPCID_backbone_rapcid_backbone_163_model_1.cif.gz,B,A,65,58,2.511,3.315,3.332,4,7,10,11,0.4762,136.35,chain1_E_chain2_F,2,0,0,2,2,2,1,42,0,0,7,18,1,0,1,1,1,1,0,1,0,pass_direct_interface,0.65783,0,
backbone_denovo,RAPCID_backbone_rapcid_backbone_163_model_2.cif.gz,/scratch/a2149a01/RAPCID_2610_output/backbone_denovo/RAPCID_backbone_rapcid_backbone_163_model_2.cif.gz,B,A,65,58,2.456,2.929,2.929,3,4,12,15,0.4444,99.38,chain1_F_chain2_E,1,1,1,0,1,1,0,38,0,2,5,10,0,0,1,1,1,1,1,1,1,,0.46951,1,711
backbone_denovo,RAPCID_backbone_rapcid_backbone_163_model_3.cif.gz,/scratch/a2149a01/RAPCID_2610_output/backbone_denovo/RAPCID_backbone_rapcid_backbone_163_model_3.cif.gz,B,A,65,58,30.595,2.976,57.869,9,0,32,0,1.0,nan,chain1_E_chain2_F,2,0,0,0,2,0,0,0,0,0,15,0,0,0,1,0,0,0,1,1,0,pass_dual_rap_contact;pass_contact_balance;pass_face_angle,0.21714,0,
backbone_denovo,RAPCID_backbone_rapcid_backbone_163_model_4.cif.gz,/scratch/a2149a01/RAPCID_2610_output/backbone_denovo/RAPCID_backbone_rapcid_backbone_163_model_4.cif.gz,B,A,65,58,2.594,2.863,5.147,5,0,19,0,1.0,nan,chain1_E_chain2_F,2,0,0,0,2,0,0,42,0,0,5,0,0,0,1,0,0,0,0,1,0,pass_dual_rap_contact;pass_contact_balance;pass_face_angle;pass_direct_interface,0.10714,0,
backbone_denovo,RAPCID_backbone_rapcid_backbone_163_model_5.cif.gz,/scratch/a2149a01/RAPCID_2610_output/backbone_denovo/RAPCID_backbone_rapcid_backbone_163_model_5.cif.gz,B,A,65,58,1.98,3.03,3.449,4,3,17,7,0.7083,89.09,chain1_E_chain2_F,2,0,0,0,2,0,0,39,1,1,11,4,0,0,0,1,1,1,1,1,0,pass_no_clash,0.3741,0,
backbone_denovo,RAPCID_backbone_rapcid_backbone_163_model_6.cif.gz,/scratch/a2149a01/RAPCID_2610_output/backbone_denovo/RAPCID_backbone_rapcid_backbone_163_model_6.cif.gz,B,A,65,58,2.635,3.492,3.069,5,4,10,7,0.5882,40.81,chain1_F_chain2_E,0,3,0,1,3,0,0,36,3,2,12,0,0,1,1,1,1,0,1,1,0,pass_face_angle,0.43375,0,
backbone_denovo,RAPCID_backbone_rapcid_backbone_163_model_7.cif.gz,/scratch/a2149a01/RAPCID_2610_output/backbone_denovo/RAPCID_backbone_rapcid_backbone_163_model_7.cif.gz,B,A,65,58,2.48,11.543,2.819,0,5,0,15,0.0,nan,chain1_F_chain2_E,0,0,1,0,0,1,0,41,0,0,0,16,0,1,1,0,0,0,0,1,0,pass_dual_rap_contact;pass_contact_balance;pass_face_angle;pass_direct_interface,0.12857,0,
backbone_denovo,RAPCID_backbone_rapcid_backbone_164_model_0.cif.gz,/scratch/a2149a01/RAPCID_2610_output/backbone_denovo/RAPCID_backbone_rapcid_backbone_164_model_0.cif.gz,A,B,61,31,2.585,2.968,3.47,4,3,10,8,0.5556,90.01,chain1_E_chain2_F,3,0,1,1,3,1,0,27,0,0,12,4,0,0,1,1,1,1,1,1,1,,0.4671,1,716
backbone_denovo,RAPCID_backbone_rapcid_backbone_164_model_1.cif.gz,/scratch/a2149a01/RAPCID_2610_output/backbone_denovo/RAPCID_backbone_rapcid_backbone_164_model_1.cif.gz,A,B,61,31,2.606,2.159,8.806,3,0,12,0,1.0,nan,chain1_E_chain2_F,1,0,0,0,1,0,0,36,0,0,7,0,0,0,1,0,0,0,1,1,0,pass_dual_rap_contact;pass_contact_balance;pass_face_angle,0.09857,0,
backbone_denovo,RAPCID_backbone_rapcid_backbone_164_model_2.cif.gz,/scratch/a2149a01/RAPCID_2610_output/backbone_denovo/RAPCID_backbone_rapcid_backbone_164_model_2.cif.gz,A,B,61,31,1.5,2.427,4.21,5,2,21,2,0.913,95.03,chain1_E_chain2_F,1,0,0,1,1,1,0,24,1,0,9,3,0,0,0,0,0,1,1,1,0,pass_no_clash;pass_dual_rap_contact;pass_contact_balance,0.31536,0,
backbone_denovo,RAPCID_backbone_rapcid_backbone_164_model_3.cif.gz,/scratch/a2149a01/RAPCID_2610_output/backbone_denovo/RAPCID_backbone_rapcid_backbone_164_model_3.cif.gz,A,B,61,31,2.687,3.428,3.221,3,4,5,9,0.3571,77.85,chain1_F_chain2_E,0,1,1,0,1,1,0,33,1,1,5,9,0,1,1,1,1,1,1,1,1,,0.36282,1,999
backbone_denovo,RAPCID_backbone_rapcid_backbone_164_model_4.cif.gz,/scratch/a2149a01/RAPCID_2610_output/backbone_denovo/RAPCID_backbone_rapcid_backbone_164_model_4.cif.gz,A,B,61,31,2.659,3.546,2.555,4,3,10,12,0.4545,65.52,chain1_E_chain2_F,1,1,0,0,1,0,0,36,1,1,3,3,0,0,1,1,1,1,1,1,1,,0.30372,0,
backbone_denovo,RAPCID_backbone_rapcid_backbone_164_model_5.cif.gz,/scratch/a2149a01/RAPCID_2610_output/backbone_denovo/RAPCID_backbone_rapcid_backbone_164_model_5.cif.gz,A,B,61,31,3.167,10.497,3.844,0,5,0,16,0.0,nan,chain1_F_chain2_E,0,0,3,0,0,3,0,13,0,0,0,10,0,0,1,0,0,0,1,1,0,pass_dual_rap_contact;pass_contact_balance;pass_face_angle,0.26071,0,
backbone_denovo,RAPCID_backbone_rapcid_backbone_164_model_6.cif.gz,/scratch/a2149a01/RAPCID_2610_output/backbone_denovo/RAPCID_backbone_rapcid_backbone_164_model_6.cif.gz,A,B,61,31,2.133,2.818,2.842,5,3,14,11,0.56,84.7,chain1_F_chain2_E,1,1,1,0,1,1,0,32,0,0,7,7,0,1,1,1,1,1,1,1,1,,0.38547,1,935
backbone_denovo,RAPCID_backbone_rapcid_backbone_164_model_7.cif.gz,/scratch/a2149a01/RAPCID_2610_output/backbone_denovo/RAPCID_backbone_rapcid_backbone_164_model_7.cif.gz,A,B,61,31,1.235,3.174,2.721,3,3,13,6,0.6842,90.68,chain1_F_chain2_E,0,0,1,0,0,1,0,36,1,1,8,7,1,0,0,1,1,1,1,1,0,pass_no_clash,0.36048,0,
backbone_denovo,RAPCID_backbone_rapcid_backbone_165_model_0.cif.gz,/scratch/a2149a01/RAPCID_2610_output/backbone_denovo/RAPCID_backbone_rapcid_backbone_165_model_0.cif.gz,A,B,56,46,2.724,2.917,3.303,7,4,19,13,0.5938,76.69,chain1_F_chain2_E,0,3,1,0,3,1,0,49,2,1,16,11,0,0,1,1,1,1,0,1,0,pass_direct_interface,0.45242,0,
backbone_denovo,RAPCID_backbone_rapcid_backbone_165_model_1.cif.gz,/scratch/a2149a01/RAPCID_2610_output/backbone_denovo/RAPCID_backbone_rapcid_backbone_165_model_1.cif.gz,A,B,56,46,2.744,3.785,2.533,5,4,8,11,0.4211,71.19,chain1_F_chain2_E,0,2,1,0,2,1,0,43,0,1,13,10,0,0,1,1,1,1,0,1,0,pass_direct_interface,0.3781,0,
backbone_denovo,RAPCID_backbone_rapcid_backbone_165_model_2.cif.gz,/scratch/a2149a01/RAPCID_2610_output/backbone_denovo/RAPCID_backbone_rapcid_backbone_165_model_2.cif.gz,A,B,56,46,2.088,2.449,10.316,4,0,15,0,1.0,nan,chain1_E_chain2_F,1,1,0,0,1,0,0,39,0,0,9,0,0,1,1,0,0,0,1,1,0,pass_dual_rap_contact;pass_contact_balance;pass_face_angle,0.11857,0,
backbone_denovo,RAPCID_backbone_rapcid_backbone_165_model_3.cif.gz,/scratch/a2149a01/RAPCID_2610_output/backbone_denovo/RAPCID_backbone_rapcid_backbone_165_model_3.cif.gz,A,B,56,46,2.664,3.25,2.717,4,2,11,8,0.5789,51.38,chain1_F_chain2_E,1,1,1,0,1,1,0,39,1,2,13,9,0,0,1,1,1,0,1,1,0,pass_face_angle,0.37556,0,
backbone_denovo,RAPCID_backbone_rapcid_backbone_165_model_4.cif.gz,/scratch/a2149a01/RAPCID_2610_output/backbone_denovo/RAPCID_backbone_rapcid_backbone_165_model_4.cif.gz,A,B,56,46,2.804,2.839,3.423,4,2,11,6,0.6471,67.94,chain1_F_chain2_E,0,3,1,0,3,1,0,53,2,1,11,6,0,0,1,1,1,1,0,1,0,pass_direct_interface,0.40546,0,
backbone_denovo,RAPCID_backbone_rapcid_backbone_165_model_5.cif.gz,/scratch/a2149a01/RAPCID_2610_output/backbone_denovo/RAPCID_backbone_rapcid_backbone_165_model_5.cif.gz,A,B,56,46,3.096,12.336,3.394,0,5,0,11,0.0,nan,chain1_F_chain2_E,0,0,1,0,0,1,0,15,0,0,0,15,0,0,1,0,0,0,1,1,0,pass_dual_rap_contact;pass_contact_balance;pass_face_angle,0.19357,0,
backbone_denovo,RAPCID_backbone_rapcid_backbone_165_model_6.cif.gz,/scratch/a2149a01/RAPCID_2610_output/backbone_denovo/RAPCID_backbone_rapcid_backbone_165_model_6.cif.gz,A,B,56,46,2.294,3.879,2.892,3,5,6,16,0.2727,68.28,chain1_E_chain2_F,1,0,0,2,1,2,0,43,0,2,9,10,0,0,1,1,1,1,0,1,0,pass_direct_interface,0.32814,0,
backbone_denovo,RAPCID_backbone_rapcid_backbone_165_model_7.cif.gz,/scratch/a2149a01/RAPCID_2610_output/backbone_denovo/RAPCID_backbone_rapcid_backbone_165_model_7.cif.gz,A,B,56,46,2.671,3.337,3.212,3,6,8,21,0.2759,80.36,chain1_F_chain2_E,0,1,1,1,1,1,0,47,1,0,13,10,0,0,1,1,1,1,0,1,0,pass_direct_interface,0.32201,0,
backbone_denovo,RAPCID_backbone_rapcid_backbone_166_model_0.cif.gz,/scratch/a2149a01/RAPCID_2610_output/backbone_denovo/RAPCID_backbone_rapcid_backbone_166_model_0.cif.gz,A,B,63,43,1.666,6.232,2.695,0,6,0,19,0.0,nan,chain1_E_chain2_F,0,0,1,1,0,1,0,39,0,1,0,10,0,0,0,0,0,0,1,1,0,pass_no_clash;pass_dual_rap_contact;pass_contact_balance;pass_face_angle,0.14524,0,
backbone_denovo,RAPCID_backbone_rapcid_backbone_166_model_1.cif.gz,/scratch/a2149a01/RAPCID_2610_output/backbone_denovo/RAPCID_backbone_rapcid_backbone_166_model_1.cif.gz,A,B,63,43,19.648,2.216,37.535,3,0,11,0,1.0,nan,chain1_E_chain2_F,1,0,0,0,1,0,0,0,0,0,10,0,4,0,1,0,0,0,1,1,0,pass_dual_rap_contact;pass_contact_balance;pass_face_angle,0.18857,0,
backbone_denovo,RAPCID_backbone_rapcid_backbone_166_model_2.cif.gz,/scratch/a2149a01/RAPCID_2610_output/backbone_denovo/RAPCID_backbone_rapcid_backbone_166_model_2.cif.gz,A,B,63,43,2.667,2.778,3.328,4,4,13,8,0.619,74.29,chain1_E_chain2_F,2,0,0,2,2,2,0,41,3,1,13,5,0,0,1,1,1,1,0,1,0,pass_direct_interface,0.45096,0,
backbone_denovo,RAPCID_backbone_rapcid_backbone_166_model_3.cif.gz,/scratch/a2149a01/RAPCID_2610_output/backbone_denovo/RAPCID_backbone_rapcid_backbone_166_model_3.cif.gz,A,B,63,43,2.509,3.646,2.924,6,4,17,10,0.6296,62.4,chain1_F_chain2_E,0,3,1,1,3,1,0,40,2,3,11,8,0,0,1,1,1,1,1,1,1,,0.44577,1,760
backbone_denovo,RAPCID_backbone_rapcid_backbone_166_model_4.cif.gz,/scratch/a2149a01/RAPCID_2610_output/backbone_denovo/RAPCID_backbone_rapcid_backbone_166_model_4.cif.gz,A,B,63,43,32.832,2.867,50.65,7,0,24,0,1.0,nan,chain1_E_chain2_F,2,2,0,0,2,0,0,0,0,0,9,0,0,0,1,0,0,0,1,1,0,pass_dual_rap_contact;pass_contact_balance;pass_face_angle,0.20714,0,
backbone_denovo,RAPCID_backbone_rapcid_backbone_166_model_5.cif.gz,/scratch/a2149a01/RAPCID_2610_output/backbone_denovo/RAPCID_backbone_rapcid_backbone_166_model_5.cif.gz,A,B,63,43,1.9,2.941,5.085,4,0,12,0,1.0,nan,chain1_E_chain2_F,2,0,0,0,2,0,1,47,1,0,11,0,0,0,0,0,0,0,0,1,0,pass_no_clash;pass_dual_rap_contact;pass_contact_balance;pass_face_angle;pass_direct_interface,0.20238,0,
backbone_denovo,RAPCID_backbone_rapcid_backbone_166_model_6.cif.gz,/scratch/a2149a01/RAPCID_2610_output/backbone_denovo/RAPCID_backbone_rapcid_backbone_166_model_6.cif.gz,A,B,63,43,2.257,3.657,3.636,3,3,6,4,0.6,28.35,chain1_E_chain2_F,0,1,0,1,0,1,0,44,1,1,0,9,0,0,1,1,1,0,0,1,0,pass_face_angle;pass_direct_interface,0.3119,0,
backbone_denovo,RAPCID_backbone_rapcid_backbone_166_model_7.cif.gz,/scratch/a2149a01/RAPCID_2610_output/backbone_denovo/RAPCID_backbone_rapcid_backbone_166_model_7.cif.gz,A,B,63,43,2.079,2.94,2.261,4,2,14,10,0.5833,91.25,chain1_E_chain2_F,2,0,0,0,2,0,1,41,1,1,10,3,0,0,1,1,1,1,0,1,0,pass_direct_interface,0.45989,0,
backbone_denovo,RAPCID_backbone_rapcid_backbone_167_model_0.cif.gz,/scratch/a2149a01/RAPCID_2610_output/backbone_denovo/RAPCID_backbone_rapcid_backbone_167_model_0.cif.gz,A,B,42,30,2.689,3.122,3.67,3,2,8,5,0.6154,88.13,chain1_F_chain2_E,1,2,0,0,2,0,0,34,1,0,10,1,0,0,1,1,1,1,1,1,1,,0.39141,1,912
backbone_denovo,RAPCID_backbone_rapcid_backbone_167_model_1.cif.gz,/scratch/a2149a01/RAPCID_2610_output/backbone_denovo/RAPCID_backbone_rapcid_backbone_167_model_1.cif.gz,A,B,42,30,2.095,3.344,9.808,4,0,9,0,1.0,nan,chain1_F_chain2_E,0,1,0,0,1,0,0,36,0,0,6,0,0,0,1,0,0,0,1,1,0,pass_dual_rap_contact;pass_contact_balance;pass_face_angle,0.08857,0,
backbone_denovo,RAPCID_backbone_rapcid_backbone_167_model_2.cif.gz,/scratch/a2149a01/RAPCID_2610_output/backbone_denovo/RAPCID_backbone_rapcid_backbone_167_model_2.cif.gz,A,B,42,30,2.992,3.245,3.157,4,4,8,13,0.381,80.33,chain1_F_chain2_E,1,1,2,0,1,2,0,23,0,1,8,8,0,0,1,1,1,1,1,1,1,,0.41753,1,843
backbone_denovo,RAPCID_backbone_rapcid_backbone_167_model_3.cif.gz,/scratch/a2149a01/RAPCID_2610_output/backbone_denovo/RAPCID_backbone_rapcid_backbone_167_model_3.cif.gz,A,B,42,30,3.037,3.428,2.623,3,2,8,5,0.6154,100.82,chain1_E_chain2_F,2,0,0,0,2,0,1,33,0,0,11,1,0,0,1,1,1,1,1,1,1,,0.44561,1,762
backbone_denovo,RAPCID_backbone_rapcid_backbone_167_model_4.cif.gz,/scratch/a2149a01/RAPCID_2610_output/backbone_denovo/RAPCID_backbone_rapcid_backbone_167_model_4.cif.gz,A,B,42,30,2.948,2.754,11.386,4,0,18,0,1.0,nan,chain1_E_chain2_F,2,0,0,0,2,0,1,32,0,0,11,0,0,0,1,0,0,0,1,1,0,pass_dual_rap_contact;pass_contact_balance;pass_face_angle,0.18571,0,
backbone_denovo,RAPCID_backbone_rapcid_backbone_167_model_5.cif.gz,/scratch/a2149a01/RAPCID_2610_output/backbone_denovo/RAPCID_backbone_rapcid_backbone_167_model_5.cif.gz,A,B,42,30,2.764,3.36,8.66,5,0,16,0,1.0,nan,chain1_F_chain2_E,1,3,0,0,3,0,0,36,0,0,12,0,1,0,1,0,0,0,1,1,0,pass_dual_rap_contact;pass_contact_balance;pass_face_angle,0.18571,0,
backbone_denovo,RAPCID_backbone_rapcid_backbone_167_model_6.cif.gz,/scratch/a2149a01/RAPCID_2610_output/backbone_denovo/RAPCID_backbone_rapcid_backbone_167_model_6.cif.gz,A,B,42,30,3.099,3.377,7.656,3,0,10,0,1.0,nan,chain1_E_chain2_F,1,0,0,0,1,0,0,16,0,0,11,0,0,0,1,0,0,0,1,1,0,pass_dual_rap_contact;pass_contact_balance;pass_face_angle,0.18857,0,
backbone_denovo,RAPCID_backbone_rapcid_backbone_167_model_7.cif.gz,/scratch/a2149a01/RAPCID_2610_output/backbone_denovo/RAPCID_backbone_rapcid_backbone_167_model_7.cif.gz,A,B,42,30,2.142,2.12,5.051,5,0,26,0,1.0,nan,chain1_E_chain2_F,1,1,0,0,1,0,0,29,0,0,10,0,1,0,1,0,0,0,1,1,0,pass_dual_rap_contact;pass_contact_balance;pass_face_angle,0.12857,0,
backbone_denovo,RAPCID_backbone_rapcid_backbone_168_model_0.cif.gz,/scratch/a2149a01/RAPCID_2610_output/backbone_denovo/RAPCID_backbone_rapcid_backbone_168_model_0.cif.gz,B,A,46,34,2.482,3.405,2.545,4,4,10,14,0.4167,57.78,chain1_F_chain2_E,1,0,3,0,0,3,0,34,0,1,2,10,0,0,1,1,1,0,1,1,0,pass_face_angle,0.36905,0,
backbone_denovo,RAPCID_backbone_rapcid_backbone_168_model_1.cif.gz,/scratch/a2149a01/RAPCID_2610_output/backbone_denovo/RAPCID_backbone_rapcid_backbone_168_model_1.cif.gz,B,A,46,34,2.92,3.399,8.691,3,0,3,0,1.0,nan,chain1_E_chain2_F,3,0,0,0,3,0,0,33,1,0,8,0,0,0,1,0,0,0,1,1,0,pass_dual_rap_contact;pass_contact_balance;pass_face_angle,0.18238,0,
backbone_denovo,RAPCID_backbone_rapcid_backbone_168_model_2.cif.gz,/scratch/a2149a01/RAPCID_2610_output/backbone_denovo/RAPCID_backbone_rapcid_backbone_168_model_2.cif.gz,B,A,46,34,2.624,2.52,2.994,5,3,14,6,0.7,57.0,chain1_F_chain2_E,2,0,3,0,0,3,0,20,2,1,5,9,0,0,1,1,1,0,1,1,0,pass_face_angle,0.39571,0,
backbone_denovo,RAPCID_backbone_rapcid_backbone_168_model_3.cif.gz,/scratch/a2149a01/RAPCID_2610_output/backbone_denovo/RAPCID_backbone_rapcid_backbone_168_model_3.cif.gz,B,A,46,34,2.537,11.412,1.663,0,3,0,8,0.0,nan,chain1_F_chain2_E,0,0,1,0,0,1,0,33,0,0,0,8,0,0,0,0,0,0,1,1,0,pass_no_clash;pass_dual_rap_contact;pass_contact_balance;pass_face_angle,0.10857,0,
backbone_denovo,RAPCID_backbone_rapcid_backbone_168_model_4.cif.gz,/scratch/a2149a01/RAPCID_2610_output/backbone_denovo/RAPCID_backbone_rapcid_backbone_168_model_4.cif.gz,B,A,46,34,2.238,2.674,2.88,3,3,5,11,0.3125,75.34,chain1_F_chain2_E,1,0,2,0,0,2,0,35,1,0,0,11,0,0,1,1,1,1,1,1,1,,0.31995,0,
backbone_denovo,RAPCID_backbone_rapcid_backbone_168_model_5.cif.gz,/scratch/a2149a01/RAPCID_2610_output/backbone_denovo/RAPCID_backbone_rapcid_backbone_168_model_5.cif.gz,B,A,46,34,2.012,2.7,3.714,3,2,7,4,0.6364,43.36,chain1_E_chain2_F,0,0,0,1,0,1,0,34,2,1,0,7,0,0,1,1,1,0,1,1,0,pass_face_angle,0.29403,0,
backbone_denovo,RAPCID_backbone_rapcid_backbone_168_model_6.cif.gz,/scratch/a2149a01/RAPCID_2610_output/backbone_denovo/RAPCID_backbone_rapcid_backbone_168_model_6.cif.gz,B,A,46,34,2.305,2.77,3.525,3,3,4,6,0.4,54.56,chain1_E_chain2_F,0,0,0,0,0,0,0,36,1,2,0,0,0,0,1,1,1,0,1,1,0,pass_face_angle,0.21,0,
backbone_denovo,RAPCID_backbone_rapcid_backbone_168_model_7.cif.gz,/scratch/a2149a01/RAPCID_2610_output/backbone_denovo/RAPCID_backbone_rapcid_backbone_168_model_7.cif.gz,B,A,46,34,2.608,2.503,6.849,2,0,5,0,1.0,nan,chain1_E_chain2_F,0,0,0,0,0,0,0,30,0,0,0,0,0,0,1,0,0,0,1,1,0,pass_dual_rap_contact;pass_contact_balance;pass_face_angle,0.0,0,
backbone_denovo,RAPCID_backbone_rapcid_backbone_169_model_0.cif.gz,/scratch/a2149a01/RAPCID_2610_output/backbone_denovo/RAPCID_backbone_rapcid_backbone_169_model_0.cif.gz,A,B,48,32,2.493,3.11,2.551,4,3,8,8,0.5,35.01,chain1_E_chain2_F,0,0,0,1,0,1,0,22,0,2,4,5,0,0,1,1,1,0,1,1,0,pass_face_angle,0.3819,0,
backbone_denovo,RAPCID_backbone_rapcid_backbone_169_model_1.cif.gz,/scratch/a2149a01/RAPCID_2610_output/backbone_denovo/RAPCID_backbone_rapcid_backbone_169_model_1.cif.gz,A,B,48,32,2.715,3.017,3.7,5,5,16,15,0.5161,79.35,chain1_E_chain2_F,1,1,0,3,1,3,0,13,2,1,10,10,0,1,1,1,1,1,1,1,1,,0.56732,1,575
backbone_denovo,RAPCID_backbone_rapcid_backbone_169_model_2.cif.gz,/scratch/a2149a01/RAPCID_2610_output/backbone_denovo/RAPCID_backbone_rapcid_backbone_169_model_2.cif.gz,A,B,48,32,2.617,3.597,2.544,2,2,6,7,0.4615,50.03,chain1_E_chain2_F,0,0,0,1,0,1,0,30,1,1,3,7,1,0,1,1,1,0,1,1,0,pass_face_angle,0.34652,0,
backbone_denovo,RAPCID_backbone_rapcid_backbone_169_model_3.cif.gz,/scratch/a2149a01/RAPCID_2610_output/backbone_denovo/RAPCID_backbone_rapcid_backbone_169_model_3.cif.gz,A,B,48,32,1.72,3.348,2.815,2,5,3,19,0.1364,75.38,chain1_F_chain2_E,0,0,2,0,0,2,1,25,1,1,0,10,0,1,0,0,1,1,1,1,0,pass_no_clash;pass_dual_rap_contact,0.30984,0,
backbone_denovo,RAPCID_backbone_rapcid_backbone_169_model_4.cif.gz,/scratch/a2149a01/RAPCID_2610_output/backbone_denovo/RAPCID_backbone_rapcid_backbone_169_model_4.cif.gz,A,B,48,32,2.668,3.547,3.318,5,2,13,8,0.619,69.07,chain1_E_chain2_F,1,1,0,2,1,2,0,40,2,2,10,7,0,1,1,1,1,1,1,1,1,,0.40498,1,877
backbone_denovo,RAPCID_backbone_rapcid_backbone_169_model_5.cif.gz,/scratch/a2149a01/RAPCID_2610_output/backbone_denovo/RAPCID_backbone_rapcid_backbone_169_model_5.cif.gz,A,B,48,32,3.124,2.995,3.284,6,3,17,8,0.68,71.31,chain1_F_chain2_E,1,1,1,0,1,1,0,31,1,0,9,8,0,0,1,1,1,1,1,1,1,,0.3095,0,
backbone_denovo,RAPCID_backbone_rapcid_backbone_169_model_6.cif.gz,/scratch/a2149a01/RAPCID_2610_output/backbone_denovo/RAPCID_backbone_rapcid_backbone_169_model_6.cif.gz,A,B,48,32,1.876,2.785,3.796,7,4,30,8,0.7895,87.69,chain1_E_chain2_F,2,0,1,0,2,0,0,20,1,1,16,5,0,0,0,1,1,1,1,1,0,pass_no_clash,0.37697,0,
backbone_denovo,RAPCID_backbone_rapcid_backbone_169_model_7.cif.gz,/scratch/a2149a01/RAPCID_2610_output/backbone_denovo/RAPCID_backbone_rapcid_backbone_169_model_7.cif.gz,A,B,48,32,2.583,2.993,2.817,3,6,5,21,0.1923,69.69,chain1_E_chain2_F,0,0,2,2,0,2,0,31,1,2,0,10,0,0,1,1,1,1,1,1,1,,0.28636,0,
backbone_denovo,RAPCID_backbone_rapcid_backbone_16_model_0.cif.gz,/scratch/a2149a01/RAPCID_2610_output/backbone_denovo/RAPCID_backbone_rapcid_backbone_16_model_0.cif.gz,B,A,56,33,1.287,2.488,3.203,2,6,4,14,0.2222,101.86,chain1_E_chain2_F,1,0,1,1,1,1,0,30,0,0,7,6,2,0,0,1,1,1,1,1,0,pass_no_clash,0.35557,0,
backbone_denovo,RAPCID_backbone_rapcid_backbone_16_model_1.cif.gz,/scratch/a2149a01/RAPCID_2610_output/backbone_denovo/RAPCID_backbone_rapcid_backbone_16_model_1.cif.gz,B,A,56,33,2.929,3.235,3.332,3,3,6,7,0.4615,79.47,chain1_E_chain2_F,0,0,0,1,0,1,0,21,0,0,1,7,0,0,1,1,1,1,1,1,1,,0.3631,1,997
backbone_denovo,RAPCID_backbone_rapcid_backbone_16_model_2.cif.gz,/scratch/a2149a01/RAPCID_2610_output/backbone_denovo/RAPCID_backbone_rapcid_backbone_16_model_2.cif.gz,B,A,56,33,2.785,3.529,2.408,4,4,10,14,0.4167,82.31,chain1_F_chain2_E,1,0,2,0,0,2,0,35,1,1,3,12,0,0,1,1,1,1,1,1,1,,0.40151,1,889
backbone_denovo,RAPCID_backbone_rapcid_backbone_16_model_3.cif.gz,/scratch/a2149a01/RAPCID_2610_output/backbone_denovo/RAPCID_backbone_rapcid_backbone_16_model_3.cif.gz,B,A,56,33,1.78,3.107,3.745,4,2,9,6,0.6,59.24,chain1_E_chain2_F,1,0,0,1,1,1,0,38,2,1,8,6,0,0,0,1,1,0,1,1,0,pass_no_clash;pass_face_angle,0.36714,0,
backbone_denovo,RAPCID_backbone_rapcid_backbone_16_model_4.cif.gz,/scratch/a2149a01/RAPCID_2610_output/backbone_denovo/RAPCID_backbone_rapcid_backbone_16_model_4.cif.gz,B,A,56,33,2.371,4.27,2.316,1,4,2,13,0.1333,52.74,chain1_F_chain2_E,1,0,2,0,0,2,0,29,0,1,0,12,0,0,1,0,1,0,1,1,0,pass_dual_rap_contact;pass_face_angle,0.22714,0,
backbone_denovo,RAPCID_backbone_rapcid_backbone_16_model_5.cif.gz,/scratch/a2149a01/RAPCID_2610_output/backbone_denovo/RAPCID_backbone_rapcid_backbone_16_model_5.cif.gz,B,A,56,33,3.157,2.623,3.445,5,1,21,2,0.913,48.29,chain1_E_chain2_F,2,0,0,0,2,0,0,15,0,1,10,0,0,0,1,0,0,0,1,1,0,pass_dual_rap_contact;pass_contact_balance;pass_face_angle,0.27359,0,
backbone_denovo,RAPCID_backbone_rapcid_backbone_16_model_6.cif.gz,/scratch/a2149a01/RAPCID_2610_output/backbone_denovo/RAPCID_backbone_rapcid_backbone_16_model_6.cif.gz,B,A,56,33,2.684,3.515,2.996,3,4,5,13,0.2778,97.04,chain1_F_chain2_E,0,1,3,0,1,3,0,21,0,1,6,10,0,0,1,1,1,1,1,1,1,,0.47054,1,705
backbone_denovo,RAPCID_backbone_rapcid_backbone_16_model_7.cif.gz,/scratch/a2149a01/RAPCID_2610_output/backbone_denovo/RAPCID_backbone_rapcid_backbone_16_model_7.cif.gz,B,A,56,33,2.874,3.058,2.693,1,2,2,7,0.2222,56.79,chain1_E_chain2_F,1,0,1,1,1,1,0,18,1,0,4,4,0,0,1,0,1,0,1,1,0,pass_dual_rap_contact;pass_face_angle,0.2927,0,
backbone_denovo,RAPCID_backbone_rapcid_backbone_170_model_0.cif.gz,/scratch/a2149a01/RAPCID_2610_output/backbone_denovo/RAPCID_backbone_rapcid_backbone_170_model_0.cif.gz,B,A,44,34,2.86,3.166,4.021,4,3,10,6,0.625,72.2,chain1_E_chain2_F,1,0,0,1,1,1,0,28,1,0,9,9,0,0,1,1,1,1,1,1,1,,0.33448,0,
backbone_denovo,RAPCID_backbone_rapcid_backbone_170_model_1.cif.gz,/scratch/a2149a01/RAPCID_2610_output/backbone_denovo/RAPCID_backbone_rapcid_backbone_170_model_1.cif.gz,B,A,44,34,2.955,3.503,3.889,4,1,8,2,0.8,39.56,chain1_F_chain2_E,0,3,0,1,3,0,0,40,3,1,11,7,0,0,1,0,1,0,1,1,0,pass_dual_rap_contact;pass_face_angle,0.33238,0,
backbone_denovo,RAPCID_backbone_rapcid_backbone_170_model_2.cif.gz,/scratch/a2149a01/RAPCID_2610_output/backbone_denovo/RAPCID_backbone_rapcid_backbone_170_model_2.cif.gz,B,A,44,34,2.09,3.417,3.314,6,4,16,12,0.5714,86.48,chain1_E_chain2_F,1,0,1,1,1,1,0,22,0,1,9,6,0,0,1,1,1,1,1,1,1,,0.43351,1,799
backbone_denovo,RAPCID_backbone_rapcid_backbone_170_model_3.cif.gz,/scratch/a2149a01/RAPCID_2610_output/backbone_denovo/RAPCID_backbone_rapcid_backbone_170_model_3.cif.gz,B,A,44,34,2.665,2.229,3.942,8,1,23,3,0.8846,87.76,chain1_E_chain2_F,2,1,0,0,2,0,0,34,1,1,11,4,0,0,1,0,1,1,1,1,0,pass_dual_rap_contact,0.29918,0,
backbone_denovo,RAPCID_backbone_rapcid_backbone_170_model_4.cif.gz,/scratch/a2149a01/RAPCID_2610_output/backbone_denovo/RAPCID_backbone_rapcid_backbone_170_model_4.cif.gz,B,A,44,34,2.557,3.033,3.604,3,3,7,5,0.5833,41.84,chain1_E_chain2_F,0,0,0,0,0,0,0,32,2,1,0,5,0,0,1,1,1,0,1,1,0,pass_face_angle,0.26667,0,
backbone_denovo,RAPCID_backbone_rapcid_backbone_170_model_5.cif.gz,/scratch/a2149a01/RAPCID_2610_output/backbone_denovo/RAPCID_backbone_rapcid_backbone_170_model_5.cif.gz,B,A,44,34,2.685,3.541,10.077,4,0,13,0,1.0,nan,chain1_E_chain2_F,1,0,0,0,1,0,0,7,0,0,11,0,0,0,1,0,0,0,1,1,0,pass_dual_rap_contact;pass_contact_balance;pass_face_angle,0.22357,0,
backbone_denovo,RAPCID_backbone_rapcid_backbone_170_model_6.cif.gz,/scratch/a2149a01/RAPCID_2610_output/backbone_denovo/RAPCID_backbone_rapcid_backbone_170_model_6.cif.gz,B,A,44,34,2.2,3.165,3.423,7,4,25,10,0.7143,63.98,chain1_E_chain2_F,2,1,0,2,2,2,0,37,2,1,11,8,0,0,1,1,1,1,1,1,1,,0.37857,1,953
backbone_denovo,RAPCID_backbone_rapcid_backbone_170_model_7.cif.gz,/scratch/a2149a01/RAPCID_2610_output/backbone_denovo/RAPCID_backbone_rapcid_backbone_170_model_7.cif.gz,B,A,44,34,2.748,3.539,3.584,4,1,11,1,0.9167,39.2,chain1_E_chain2_F,1,0,0,0,1,0,0,39,1,1,12,0,0,0,1,0,0,0,1,1,0,pass_dual_rap_contact;pass_contact_balance;pass_face_angle,0.19524,0,
backbone_denovo,RAPCID_backbone_rapcid_backbone_171_model_0.cif.gz,/scratch/a2149a01/RAPCID_2610_output/backbone_denovo/RAPCID_backbone_rapcid_backbone_171_model_0.cif.gz,B,A,60,56,2.596,3.017,3.321,6,3,19,6,0.76,68.51,chain1_E_chain2_F,1,1,0,2,1,2,0,40,1,2,11,9,1,0,1,1,1,1,1,1,1,,0.33171,0,
backbone_denovo,RAPCID_backbone_rapcid_backbone_171_model_1.cif.gz,/scratch/a2149a01/RAPCID_2610_output/backbone_denovo/RAPCID_backbone_rapcid_backbone_171_model_1.cif.gz,B,A,60,56,2.289,2.242,3.111,6,1,15,3,0.8333,108.59,chain1_E_chain2_F,1,0,0,1,1,1,0,35,2,0,6,10,0,0,1,0,1,1,1,1,0,pass_dual_rap_contact,0.38912,0,
backbone_denovo,RAPCID_backbone_rapcid_backbone_171_model_2.cif.gz,/scratch/a2149a01/RAPCID_2610_output/backbone_denovo/RAPCID_backbone_rapcid_backbone_171_model_2.cif.gz,B,A,60,56,2.643,3.413,3.636,4,2,11,3,0.7857,55.4,chain1_E_chain2_F,2,0,1,0,2,0,0,43,2,0,10,0,0,0,1,0,1,0,0,1,0,pass_dual_rap_contact;pass_face_angle;pass_direct_interface,0.27619,0,
backbone_denovo,RAPCID_backbone_rapcid_backbone_171_model_3.cif.gz,/scratch/a2149a01/RAPCID_2610_output/backbone_denovo/RAPCID_backbone_rapcid_backbone_171_model_3.cif.gz,B,A,60,56,2.758,3.362,2.577,5,5,15,17,0.4688,81.55,chain1_E_chain2_F,1,0,1,0,1,0,0,42,3,2,11,2,0,0,1,1,1,1,0,1,0,pass_direct_interface,0.44125,0,
backbone_denovo,RAPCID_backbone_rapcid_backbone_171_model_4.cif.gz,/scratch/a2149a01/RAPCID_2610_output/backbone_denovo/RAPCID_backbone_rapcid_backbone_171_model_4.cif.gz,B,A,60,56,2.524,3.067,3.051,4,4,13,14,0.4815,134.43,chain1_E_chain2_F,2,0,1,3,2,3,1,25,0,0,13,12,0,0,1,1,1,1,1,1,1,,0.69712,1,213
backbone_denovo,RAPCID_backbone_rapcid_backbone_171_model_5.cif.gz,/scratch/a2149a01/RAPCID_2610_output/backbone_denovo/RAPCID_backbone_rapcid_backbone_171_model_5.cif.gz,B,A,60,56,1.495,3.269,3.506,5,2,9,5,0.6429,77.85,chain1_E_chain2_F,0,0,0,1,0,1,0,36,3,0,1,8,0,0,0,1,1,1,1,1,0,pass_no_clash,0.34093,0,
backbone_denovo,RAPCID_backbone_rapcid_backbone_171_model_6.cif.gz,/scratch/a2149a01/RAPCID_2610_output/backbone_denovo/RAPCID_backbone_rapcid_backbone_171_model_6.cif.gz,B,A,60,56,2.82,3.307,2.798,2,4,6,19,0.24,76.02,chain1_F_chain2_E,0,1,2,0,1,2,0,43,1,0,5,11,0,1,1,1,1,1,0,1,0,pass_direct_interface,0.32177,0,
backbone_denovo,RAPCID_backbone_rapcid_backbone_171_model_7.cif.gz,/scratch/a2149a01/RAPCID_2610_output/backbone_denovo/RAPCID_backbone_rapcid_backbone_171_model_7.cif.gz,B,A,60,56,2.415,2.673,3.621,4,6,12,17,0.4138,65.71,chain1_E_chain2_F,0,2,0,2,0,2,0,58,1,1,0,11,0,0,1,1,1,1,0,1,0,pass_direct_interface,0.35599,0,
backbone_denovo,RAPCID_backbone_rapcid_backbone_172_model_0.cif.gz,/scratch/a2149a01/RAPCID_2610_output/backbone_denovo/RAPCID_backbone_rapcid_backbone_172_model_0.cif.gz,A,B,41,38,2.674,2.361,2.693,3,3,17,13,0.5667,76.86,chain1_E_chain2_F,2,0,1,2,2,2,0,33,1,1,10,6,0,0,1,1,1,1,1,1,1,,0.44715,1,756
backbone_denovo,RAPCID_backbone_rapcid_backbone_172_model_1.cif.gz,/scratch/a2149a01/RAPCID_2610_output/backbone_denovo/RAPCID_backbone_rapcid_backbone_172_model_1.cif.gz,A,B,41,38,2.928,2.795,4.365,5,1,15,1,0.9375,34.32,chain1_F_chain2_E,1,3,0,0,3,0,0,36,2,0,11,0,0,1,1,0,0,0,1,1,0,pass_dual_rap_contact;pass_contact_balance;pass_face_angle,0.24405,0,
backbone_denovo,RAPCID_backbone_rapcid_backbone_172_model_2.cif.gz,/scratch/a2149a01/RAPCID_2610_output/backbone_denovo/RAPCID_backbone_rapcid_backbone_172_model_2.cif.gz,A,B,41,38,2.651,3.345,3.071,5,3,17,13,0.5667,83.84,chain1_F_chain2_E,0,3,1,1,3,1,0,41,1,1,9,10,1,0,1,1,1,1,0,1,0,pass_direct_interface,0.47042,0,
backbone_denovo,RAPCID_backbone_rapcid_backbone_172_model_3.cif.gz,/scratch/a2149a01/RAPCID_2610_output/backbone_denovo/RAPCID_backbone_rapcid_backbone_172_model_3.cif.gz,A,B,41,38,2.418,2.985,3.177,3,3,8,7,0.5333,82.63,chain1_F_chain2_E,0,3,1,0,3,1,0,48,1,1,9,7,0,0,1,1,1,1,0,1,0,pass_direct_interface,0.47973,0,
backbone_denovo,RAPCID_backbone_rapcid_backbone_172_model_4.cif.gz,/scratch/a2149a01/RAPCID_2610_output/backbone_denovo/RAPCID_backbone_rapcid_backbone_172_model_4.cif.gz,A,B,41,38,2.445,3.186,3.838,3,2,11,5,0.6875,40.24,chain1_E_chain2_F,1,0,1,0,1,0,0,43,1,0,8,0,0,0,1,1,1,0,0,1,0,pass_face_angle;pass_direct_interface,0.25024,0,
backbone_denovo,RAPCID_backbone_rapcid_backbone_172_model_5.cif.gz,/scratch/a2149a01/RAPCID_2610_output/backbone_denovo/RAPCID_backbone_rapcid_backbone_172_model_5.cif.gz,A,B,41,38,2.58,2.88,4.739,6,0,15,0,1.0,nan,chain1_E_chain2_F,1,1,0,0,1,0,0,48,2,0,8,0,0,0,1,0,0,0,0,1,0,pass_dual_rap_contact;pass_contact_balance;pass_face_angle;pass_direct_interface,0.1419,0,
backbone_denovo,RAPCID_backbone_rapcid_backbone_172_model_6.cif.gz,/scratch/a2149a01/RAPCID_2610_output/backbone_denovo/RAPCID_backbone_rapcid_backbone_172_model_6.cif.gz,A,B,41,38,2.57,2.423,3.539,6,3,24,10,0.7059,114.37,chain1_E_chain2_F,2,0,1,2,2,2,0,31,1,1,9,7,0,0,1,1,1,1,1,1,1,,0.51648,1,629
backbone_denovo,RAPCID_backbone_rapcid_backbone_172_model_7.cif.gz,/scratch/a2149a01/RAPCID_2610_output/backbone_denovo/RAPCID_backbone_rapcid_backbone_172_model_7.cif.gz,A,B,41,38,1.721,3.863,2.848,2,4,5,10,0.3333,66.89,chain1_F_chain2_E,0,1,2,0,1,2,0,32,1,1,10,10,0,1,0,1,1,1,1,1,0,pass_no_clash,0.35238,0,
backbone_denovo,RAPCID_backbone_rapcid_backbone_173_model_0.cif.gz,/scratch/a2149a01/RAPCID_2610_output/backbone_denovo/RAPCID_backbone_rapcid_backbone_173_model_0.cif.gz,B,A,35,34,2.449,10.237,3.085,0,4,0,11,0.0,nan,chain1_F_chain2_E,0,0,2,0,0,2,0,38,0,0,0,10,0,0,1,0,0,0,1,1,0,pass_dual_rap_contact;pass_contact_balance;pass_face_angle,0.15714,0,
backbone_denovo,RAPCID_backbone_rapcid_backbone_173_model_1.cif.gz,/scratch/a2149a01/RAPCID_2610_output/backbone_denovo/RAPCID_backbone_rapcid_backbone_173_model_1.cif.gz,B,A,35,34,2.499,3.894,3.089,4,2,9,5,0.6429,65.1,chain1_E_chain2_F,0,0,0,0,0,0,0,33,0,1,9,2,0,0,1,1,1,1,1,1,1,,0.25952,0,
backbone_denovo,RAPCID_backbone_rapcid_backbone_173_model_2.cif.gz,/scratch/a2149a01/RAPCID_2610_output/backbone_denovo/RAPCID_backbone_rapcid_backbone_173_model_2.cif.gz,B,A,35,34,2.887,6.842,3.602,0,5,0,15,0.0,nan,chain1_E_chain2_F,0,0,2,2,0,2,0,14,0,1,0,6,0,1,1,0,0,0,1,1,0,pass_dual_rap_contact;pass_contact_balance;pass_face_angle,0.20381,0,
backbone_denovo,RAPCID_backbone_rapcid_backbone_173_model_3.cif.gz,/scratch/a2149a01/RAPCID_2610_output/backbone_denovo/RAPCID_backbone_rapcid_backbone_173_model_3.cif.gz,B,A,35,34,3.11,3.483,3.556,4,3,10,6,0.625,75.38,chain1_E_chain2_F,1,0,0,2,1,2,0,33,1,1,9,8,0,0,1,1,1,1,1,1,1,,0.39033,1,916
backbone_denovo,RAPCID_backbone_rapcid_backbone_173_model_4.cif.gz,/scratch/a2149a01/RAPCID_2610_output/backbone_denovo/RAPCID_backbone_rapcid_backbone_173_model_4.cif.gz,B,A,35,34,3.065,3.594,3.775,3,3,6,6,0.5,76.71,chain1_E_chain2_F,1,0,0,1,1,1,0,27,0,1,8,9,1,0,1,1,1,1,1,1,1,,0.40449,1,879
backbone_denovo,RAPCID_backbone_rapcid_backbone_173_model_5.cif.gz,/scratch/a2149a01/RAPCID_2610_output/backbone_denovo/RAPCID_backbone_rapcid_backbone_173_model_5.cif.gz,B,A,35,34,3.141,3.612,3.214,3,5,4,19,0.1739,42.93,chain1_F_chain2_E,0,2,1,2,2,1,0,31,1,3,8,10,0,0,1,1,1,0,1,1,0,pass_face_angle,0.32195,0,
backbone_denovo,RAPCID_backbone_rapcid_backbone_173_model_6.cif.gz,/scratch/a2149a01/RAPCID_2610_output/backbone_denovo/RAPCID_backbone_rapcid_backbone_173_model_6.cif.gz,B,A,35,34,2.466,2.975,3.164,4,3,13,6,0.6842,84.84,chain1_E_chain2_F,1,0,0,2,1,2,0,31,0,0,5,7,0,0,1,1,1,1,1,1,1,,0.36484,1,993
backbone_denovo,RAPCID_backbone_rapcid_backbone_173_model_7.cif.gz,/scratch/a2149a01/RAPCID_2610_output/backbone_denovo/RAPCID_backbone_rapcid_backbone_173_model_7.cif.gz,B,A,35,34,2.532,10.172,3.304,0,2,0,7,0.0,nan,chain1_F_chain2_E,0,0,1,0,0,1,0,33,0,0,0,9,0,0,1,0,0,0,1,1,0,pass_dual_rap_contact;pass_contact_balance;pass_face_angle,0.11857,0,
backbone_denovo,RAPCID_backbone_rapcid_backbone_174_model_0.cif.gz,/scratch/a2149a01/RAPCID_2610_output/backbone_denovo/RAPCID_backbone_rapcid_backbone_174_model_0.cif.gz,B,A,53,31,2.417,3.455,3.357,5,4,15,12,0.5556,60.4,chain1_E_chain2_F,1,1,0,2,1,2,0,26,1,2,9,8,1,0,1,1,1,1,1,1,1,,0.42349,1,828
backbone_denovo,RAPCID_backbone_rapcid_backbone_174_model_1.cif.gz,/scratch/a2149a01/RAPCID_2610_output/backbone_denovo/RAPCID_backbone_rapcid_backbone_174_model_1.cif.gz,B,A,53,31,3.102,3.55,3.775,1,1,3,2,0.6,41.08,chain1_F_chain2_E,0,1,0,0,1,0,0,34,0,1,7,4,0,0,1,0,1,0,1,1,0,pass_dual_rap_contact;pass_face_angle,0.30524,0,
backbone_denovo,RAPCID_backbone_rapcid_backbone_174_model_2.cif.gz,/scratch/a2149a01/RAPCID_2610_output/backbone_denovo/RAPCID_backbone_rapcid_backbone_174_model_2.cif.gz,B,A,53,31,2.705,2.878,3.693,4,1,11,3,0.7857,51.21,chain1_E_chain2_F,1,1,0,0,1,0,0,35,2,1,10,1,0,0,1,0,1,0,1,1,0,pass_dual_rap_contact;pass_face_angle,0.26429,0,
backbone_denovo,RAPCID_backbone_rapcid_backbone_174_model_3.cif.gz,/scratch/a2149a01/RAPCID_2610_output/backbone_denovo/RAPCID_backbone_rapcid_backbone_174_model_3.cif.gz,B,A,53,31,3.357,4.327,4.293,1,1,1,1,0.5,76.39,chain1_E_chain2_F,1,0,0,0,1,0,0,10,0,0,5,0,0,0,1,0,1,1,1,1,0,pass_dual_rap_contact,0.39322,0,
backbone_denovo,RAPCID_backbone_rapcid_backbone_174_model_4.cif.gz,/scratch/a2149a01/RAPCID_2610_output/backbone_denovo/RAPCID_backbone_rapcid_backbone_174_model_4.cif.gz,B,A,53,31,2.864,3.151,3.007,4,3,17,12,0.5862,85.13,chain1_F_chain2_E,1,1,1,0,1,1,0,37,2,2,7,8,0,0,1,1,1,1,1,1,1,,0.44309,1,767
backbone_denovo,RAPCID_backbone_rapcid_backbone_174_model_5.cif.gz,/scratch/a2149a01/RAPCID_2610_output/backbone_denovo/RAPCID_backbone_rapcid_backbone_174_model_5.cif.gz,B,A,53,31,2.687,5.371,3.492,0,2,0,3,0.0,nan,chain1_E_chain2_F,0,0,0,0,0,0,0,26,0,0,0,3,0,0,1,0,0,0,1,1,0,pass_dual_rap_contact;pass_contact_balance;pass_face_angle,0.04,0,
backbone_denovo,RAPCID_backbone_rapcid_backbone_174_model_6.cif.gz,/scratch/a2149a01/RAPCID_2610_output/backbone_denovo/RAPCID_backbone_rapcid_backbone_174_model_6.cif.gz,B,A,53,31,2.833,1.853,3.563,3,3,11,6,0.6471,80.29,chain1_E_chain2_F,1,0,1,0,1,0,0,31,0,0,7,1,0,0,0,1,1,1,1,1,0,pass_no_clash,0.28739,0,
backbone_denovo,RAPCID_backbone_rapcid_backbone_174_model_7.cif.gz,/scratch/a2149a01/RAPCID_2610_output/backbone_denovo/RAPCID_backbone_rapcid_backbone_174_model_7.cif.gz,B,A,53,31,2.786,3.02,3.892,5,1,17,2,0.8947,46.13,chain1_E_chain2_F,2,0,0,0,2,0,0,25,2,1,7,0,0,0,1,0,1,0,1,1,0,pass_dual_rap_contact;pass_face_angle,0.23425,0,
backbone_denovo,RAPCID_backbone_rapcid_backbone_175_model_0.cif.gz,/scratch/a2149a01/RAPCID_2610_output/backbone_denovo/RAPCID_backbone_rapcid_backbone_175_model_0.cif.gz,A,B,61,52,3.228,15.676,2.91,0,4,0,18,0.0,nan,chain1_F_chain2_E,0,0,1,0,0,1,0,18,0,0,0,9,1,1,1,0,0,0,1,1,0,pass_dual_rap_contact;pass_contact_balance;pass_face_angle,0.16857,0,
backbone_denovo,RAPCID_backbone_rapcid_backbone_175_model_1.cif.gz,/scratch/a2149a01/RAPCID_2610_output/backbone_denovo/RAPCID_backbone_rapcid_backbone_175_model_1.cif.gz,A,B,61,52,2.477,2.207,9.03,2,0,7,0,1.0,nan,chain1_E_chain2_F,2,0,0,0,2,0,0,45,0,0,12,0,0,0,1,0,0,0,0,1,0,pass_dual_rap_contact;pass_contact_balance;pass_face_angle;pass_direct_interface,0.15714,0,
backbone_denovo,RAPCID_backbone_rapcid_backbone_175_model_2.cif.gz,/scratch/a2149a01/RAPCID_2610_output/backbone_denovo/RAPCID_backbone_rapcid_backbone_175_model_2.cif.gz,A,B,61,52,2.506,8.661,3.429,0,5,0,8,0.0,nan,chain1_F_chain2_E,0,0,1,0,0,1,0,32,0,1,0,6,0,0,1,0,0,0,1,1,0,pass_dual_rap_contact;pass_contact_balance;pass_face_angle,0.10524,0,
backbone_denovo,RAPCID_backbone_rapcid_backbone_175_model_3.cif.gz,/scratch/a2149a01/RAPCID_2610_output/backbone_denovo/RAPCID_backbone_rapcid_backbone_175_model_3.cif.gz,A,B,61,52,3.068,8.278,3.121,0,4,0,13,0.0,nan,chain1_F_chain2_E,0,0,1,0,0,1,0,39,0,0,0,10,1,0,1,0,0,0,1,1,0,pass_dual_rap_contact;pass_contact_balance;pass_face_angle,0.12857,0,
backbone_denovo,RAPCID_backbone_rapcid_backbone_175_model_4.cif.gz,/scratch/a2149a01/RAPCID_2610_output/backbone_denovo/RAPCID_backbone_rapcid_backbone_175_model_4.cif.gz,A,B,61,52,2.289,16.198,2.843,0,8,0,23,0.0,nan,chain1_F_chain2_E,0,0,1,0,0,1,0,13,0,0,0,17,1,1,1,0,0,0,1,1,0,pass_dual_rap_contact;pass_contact_balance;pass_face_angle,0.20357,0,
backbone_denovo,RAPCID_backbone_rapcid_backbone_175_model_5.cif.gz,/scratch/a2149a01/RAPCID_2610_output/backbone_denovo/RAPCID_backbone_rapcid_backbone_175_model_5.cif.gz,A,B,61,52,3.113,2.285,2.939,3,5,8,14,0.3636,121.53,chain1_E_chain2_F,1,0,1,2,1,2,0,23,1,0,6,11,0,0,1,1,1,1,1,1,1,,0.54794,1,593
backbone_denovo,RAPCID_backbone_rapcid_backbone_175_model_6.cif.gz,/scratch/a2149a01/RAPCID_2610_output/backbone_denovo/RAPCID_backbone_rapcid_backbone_175_model_6.cif.gz,A,B,61,52,2.877,2.594,2.668,4,4,19,10,0.6552,75.89,chain1_E_chain2_F,2,0,2,0,2,0,0,53,1,0,13,0,0,0,1,1,1,1,0,1,0,pass_direct_interface,0.33471,0,
backbone_denovo,RAPCID_backbone_rapcid_backbone_175_model_7.cif.gz,/scratch/a2149a01/RAPCID_2610_output/backbone_denovo/RAPCID_backbone_rapcid_backbone_175_model_7.cif.gz,A,B,61,52,2.914,3.675,3.863,5,1,13,3,0.8125,44.77,chain1_F_chain2_E,0,3,0,1,3,0,0,56,0,0,11,0,0,0,1,0,1,0,0,1,0,pass_dual_rap_contact;pass_face_angle;pass_direct_interface,0.26071,0,
backbone_denovo,RAPCID_backbone_rapcid_backbone_176_model_0.cif.gz,/scratch/a2149a01/RAPCID_2610_output/backbone_denovo/RAPCID_backbone_rapcid_backbone_176_model_0.cif.gz,B,A,41,38,2.448,3.24,10.455,3,0,9,0,1.0,nan,chain1_F_chain2_E,0,1,0,0,1,0,0,21,0,0,5,0,0,0,1,0,0,0,1,1,0,pass_dual_rap_contact;pass_contact_balance;pass_face_angle,0.11357,0,
backbone_denovo,RAPCID_backbone_rapcid_backbone_176_model_1.cif.gz,/scratch/a2149a01/RAPCID_2610_output/backbone_denovo/RAPCID_backbone_rapcid_backbone_176_model_1.cif.gz,B,A,41,38,2.39,2.519,3.369,4,2,10,3,0.7692,58.56,chain1_F_chain2_E,1,1,1,0,1,1,0,33,2,0,7,9,0,0,1,0,1,0,1,1,0,pass_dual_rap_contact;pass_face_angle,0.28278,0,
backbone_denovo,RAPCID_backbone_rapcid_backbone_176_model_2.cif.gz,/scratch/a2149a01/RAPCID_2610_output/backbone_denovo/RAPCID_backbone_rapcid_backbone_176_model_2.cif.gz,B,A,41,38,6.442,18.121,3.165,0,9,0,23,0.0,nan,chain1_E_chain2_F,0,0,2,2,0,2,0,0,0,0,0,11,0,0,1,0,0,0,1,1,0,pass_dual_rap_contact;pass_contact_balance;pass_face_angle,0.21714,0,
backbone_denovo,RAPCID_backbone_rapcid_backbone_176_model_3.cif.gz,/scratch/a2149a01/RAPCID_2610_output/backbone_denovo/RAPCID_backbone_rapcid_backbone_176_model_3.cif.gz,B,A,41,38,2.422,3.606,2.608,3,4,7,19,0.2692,68.61,chain1_E_chain2_F,3,0,2,1,3,1,0,29,1,1,9,6,0,0,1,1,1,1,1,1,1,,0.35531,0,
backbone_denovo,RAPCID_backbone_rapcid_backbone_176_model_4.cif.gz,/scratch/a2149a01/RAPCID_2610_output/backbone_denovo/RAPCID_backbone_rapcid_backbone_176_model_4.cif.gz,B,A,41,38,2.769,3.496,2.758,3,3,7,9,0.4375,63.23,chain1_F_chain2_E,1,0,2,0,0,2,0,34,1,0,0,8,0,0,1,1,1,1,1,1,1,,0.32881,0,
backbone_denovo,RAPCID_backbone_rapcid_backbone_176_model_5.cif.gz,/scratch/a2149a01/RAPCID_2610_output/backbone_denovo/RAPCID_backbone_rapcid_backbone_176_model_5.cif.gz,B,A,41,38,3.173,9.507,3.218,0,5,0,18,0.0,nan,chain1_E_chain2_F,0,0,1,1,0,1,0,41,0,0,0,8,0,0,1,0,0,0,0,1,0,pass_dual_rap_contact;pass_contact_balance;pass_face_angle;pass_direct_interface,0.10857,0,
backbone_denovo,RAPCID_backbone_rapcid_backbone_176_model_6.cif.gz,/scratch/a2149a01/RAPCID_2610_output/backbone_denovo/RAPCID_backbone_rapcid_backbone_176_model_6.cif.gz,B,A,41,38,2.252,3.445,3.312,4,5,12,13,0.48,56.34,chain1_F_chain2_E,0,1,1,1,1,1,0,33,2,1,8,2,0,0,1,1,1,0,1,1,0,pass_face_angle,0.39914,0,
backbone_denovo,RAPCID_backbone_rapcid_backbone_176_model_7.cif.gz,/scratch/a2149a01/RAPCID_2610_output/backbone_denovo/RAPCID_backbone_rapcid_backbone_176_model_7.cif.gz,B,A,41,38,2.495,3.536,2.926,3,3,6,10,0.375,62.17,chain1_E_chain2_F,2,0,2,0,2,0,0,35,1,1,10,0,0,0,1,1,1,1,1,1,1,,0.34048,0,
backbone_denovo,RAPCID_backbone_rapcid_backbone_177_model_0.cif.gz,/scratch/a2149a01/RAPCID_2610_output/backbone_denovo/RAPCID_backbone_rapcid_backbone_177_model_0.cif.gz,B,A,45,31,2.921,3.184,3.051,5,3,16,9,0.64,90.09,chain1_E_chain2_F,1,1,0,1,1,1,0,16,0,1,12,6,0,0,1,1,1,1,1,1,1,,0.44811,1,753
backbone_denovo,RAPCID_backbone_rapcid_backbone_177_model_1.cif.gz,/scratch/a2149a01/RAPCID_2610_output/backbone_denovo/RAPCID_backbone_rapcid_backbone_177_model_1.cif.gz,B,A,45,31,2.446,3.186,3.571,2,4,7,13,0.35,54.96,chain1_F_chain2_E,1,0,2,0,0,2,0,28,1,1,2,10,0,0,1,1,1,0,1,1,0,pass_face_angle,0.33048,0,
backbone_denovo,RAPCID_backbone_rapcid_backbone_177_model_2.cif.gz,/scratch/a2149a01/RAPCID_2610_output/backbone_denovo/RAPCID_backbone_rapcid_backbone_177_model_2.cif.gz,B,A,45,31,2.207,3.259,3.507,5,2,9,3,0.75,68.22,chain1_E_chain2_F,2,0,0,2,2,2,0,32,1,1,9,5,0,0,1,0,1,1,1,1,0,pass_dual_rap_contact,0.34762,0,
backbone_denovo,RAPCID_backbone_rapcid_backbone_177_model_3.cif.gz,/scratch/a2149a01/RAPCID_2610_output/backbone_denovo/RAPCID_backbone_rapcid_backbone_177_model_3.cif.gz,B,A,45,31,2.81,3.633,7.076,4,0,10,0,1.0,nan,chain1_E_chain2_F,1,0,0,0,1,0,0,23,0,0,10,0,1,0,1,0,0,0,1,1,0,pass_dual_rap_contact;pass_contact_balance;pass_face_angle,0.15357,0,
backbone_denovo,RAPCID_backbone_rapcid_backbone_177_model_4.cif.gz,/scratch/a2149a01/RAPCID_2610_output/backbone_denovo/RAPCID_backbone_rapcid_backbone_177_model_4.cif.gz,B,A,45,31,2.326,3.505,3.666,4,3,15,8,0.6522,58.29,chain1_F_chain2_E,1,1,1,0,1,1,0,36,2,1,7,9,0,0,1,1,1,0,1,1,0,pass_face_angle,0.34627,0,
backbone_denovo,RAPCID_backbone_rapcid_backbone_177_model_5.cif.gz,/scratch/a2149a01/RAPCID_2610_output/backbone_denovo/RAPCID_backbone_rapcid_backbone_177_model_5.cif.gz,B,A,45,31,2.526,3.292,3.563,6,2,13,7,0.65,58.67,chain1_F_chain2_E,1,3,0,0,3,0,0,32,1,1,13,0,0,0,1,1,1,0,1,1,0,pass_face_angle,0.35905,0,
backbone_denovo,RAPCID_backbone_rapcid_backbone_177_model_6.cif.gz,/scratch/a2149a01/RAPCID_2610_output/backbone_denovo/RAPCID_backbone_rapcid_backbone_177_model_6.cif.gz,B,A,45,31,2.168,3.363,3.556,6,3,12,7,0.6316,70.57,chain1_F_chain2_E,0,2,2,0,2,2,0,37,1,1,11,8,0,0,1,1,1,1,1,1,1,,0.40022,1,891
backbone_denovo,RAPCID_backbone_rapcid_backbone_177_model_7.cif.gz,/scratch/a2149a01/RAPCID_2610_output/backbone_denovo/RAPCID_backbone_rapcid_backbone_177_model_7.cif.gz,B,A,45,31,2.657,3.467,3.663,4,1,9,1,0.9,98.17,chain1_F_chain2_E,1,2,0,0,2,0,0,38,0,0,9,0,0,0,1,0,1,1,1,1,0,pass_dual_rap_contact,0.28438,0,
backbone_denovo,RAPCID_backbone_rapcid_backbone_178_model_0.cif.gz,/scratch/a2149a01/RAPCID_2610_output/backbone_denovo/RAPCID_backbone_rapcid_backbone_178_model_0.cif.gz,B,A,54,31,2.871,3.384,3.411,3,2,6,5,0.5455,38.54,chain1_E_chain2_F,1,0,1,0,1,0,0,35,2,1,6,0,1,0,1,1,1,0,1,1,0,pass_face_angle,0.32039,0,
backbone_denovo,RAPCID_backbone_rapcid_backbone_178_model_1.cif.gz,/scratch/a2149a01/RAPCID_2610_output/backbone_denovo/RAPCID_backbone_rapcid_backbone_178_model_1.cif.gz,B,A,54,31,2.53,3.032,1.993,2,3,7,13,0.35,49.64,chain1_E_chain2_F,1,0,0,0,1,0,0,42,1,2,5,1,0,0,0,1,1,0,0,1,0,pass_no_clash;pass_face_angle;pass_direct_interface,0.27857,0,
backbone_denovo,RAPCID_backbone_rapcid_backbone_178_model_2.cif.gz,/scratch/a2149a01/RAPCID_2610_output/backbone_denovo/RAPCID_backbone_rapcid_backbone_178_model_2.cif.gz,B,A,54,31,2.714,11.685,4.263,0,1,0,1,0.0,nan,chain1_E_chain2_F,0,0,0,0,0,0,0,19,0,0,0,4,0,0,1,0,0,0,1,1,0,pass_dual_rap_contact;pass_contact_balance;pass_face_angle,0.085,0,
backbone_denovo,RAPCID_backbone_rapcid_backbone_178_model_3.cif.gz,/scratch/a2149a01/RAPCID_2610_output/backbone_denovo/RAPCID_backbone_rapcid_backbone_178_model_3.cif.gz,B,A,54,31,2.367,2.281,3.465,4,4,13,13,0.5,63.26,chain1_E_chain2_F,1,0,0,2,1,2,0,29,2,1,5,10,0,0,1,1,1,1,1,1,1,,0.43571,1,790
backbone_denovo,RAPCID_backbone_rapcid_backbone_178_model_4.cif.gz,/scratch/a2149a01/RAPCID_2610_output/backbone_denovo/RAPCID_backbone_rapcid_backbone_178_model_4.cif.gz,B,A,54,31,2.286,2.464,10.507,6,0,17,0,1.0,nan,chain1_E_chain2_F,3,0,0,0,3,0,0,26,0,0,14,0,0,0,1,0,0,0,1,1,0,pass_dual_rap_contact;pass_contact_balance;pass_face_angle,0.19571,0,
backbone_denovo,RAPCID_backbone_rapcid_backbone_178_model_5.cif.gz,/scratch/a2149a01/RAPCID_2610_output/backbone_denovo/RAPCID_backbone_rapcid_backbone_178_model_5.cif.gz,B,A,54,31,2.915,2.995,11.056,3,0,7,0,1.0,nan,chain1_E_chain2_F,1,0,0,0,1,0,0,41,0,0,7,0,1,0,1,0,0,0,0,1,0,pass_dual_rap_contact;pass_contact_balance;pass_face_angle;pass_direct_interface,0.09857,0,
backbone_denovo,RAPCID_backbone_rapcid_backbone_178_model_6.cif.gz,/scratch/a2149a01/RAPCID_2610_output/backbone_denovo/RAPCID_backbone_rapcid_backbone_178_model_6.cif.gz,B,A,54,31,1.835,3.189,3.762,3,3,13,4,0.7647,70.07,chain1_E_chain2_F,2,0,0,2,2,2,0,34,1,1,7,5,0,0,0,1,1,1,1,1,0,pass_no_clash,0.3453,0,
backbone_denovo,RAPCID_backbone_rapcid_backbone_178_model_7.cif.gz,/scratch/a2149a01/RAPCID_2610_output/backbone_denovo/RAPCID_backbone_rapcid_backbone_178_model_7.cif.gz,B,A,54,31,2.91,2.426,5.551,5,0,17,0,1.0,nan,chain1_E_chain2_F,0,0,0,0,0,0,0,33,1,0,6,0,0,0,1,0,0,0,1,1,0,pass_dual_rap_contact;pass_contact_balance;pass_face_angle,0.07667,0,
backbone_denovo,RAPCID_backbone_rapcid_backbone_179_model_0.cif.gz,/scratch/a2149a01/RAPCID_2610_output/backbone_denovo/RAPCID_backbone_rapcid_backbone_179_model_0.cif.gz,B,A,56,30,1.534,1.922,3.453,6,2,18,5,0.7826,71.94,chain1_E_chain2_F,2,0,1,0,2,0,0,28,1,1,9,1,0,0,0,1,1,1,1,1,0,pass_no_clash,0.28722,0,
backbone_denovo,RAPCID_backbone_rapcid_backbone_179_model_1.cif.gz,/scratch/a2149a01/RAPCID_2610_output/backbone_denovo/RAPCID_backbone_rapcid_backbone_179_model_1.cif.gz,B,A,56,30,2.905,3.585,12.302,1,0,6,0,1.0,nan,chain1_E_chain2_F,1,0,0,0,1,0,0,24,0,0,6,0,0,0,1,0,0,0,1,1,0,pass_dual_rap_contact;pass_contact_balance;pass_face_angle,0.10857,0,
backbone_denovo,RAPCID_backbone_rapcid_backbone_179_model_2.cif.gz,/scratch/a2149a01/RAPCID_2610_output/backbone_denovo/RAPCID_backbone_rapcid_backbone_179_model_2.cif.gz,B,A,56,30,2.75,7.563,3.346,0,4,0,11,0.0,nan,chain1_E_chain2_F,0,0,0,1,0,1,0,29,0,0,0,7,1,0,1,0,0,0,1,1,0,pass_dual_rap_contact;pass_contact_balance;pass_face_angle,0.09857,0,
backbone_denovo,RAPCID_backbone_rapcid_backbone_179_model_3.cif.gz,/scratch/a2149a01/RAPCID_2610_output/backbone_denovo/RAPCID_backbone_rapcid_backbone_179_model_3.cif.gz,B,A,56,30,2.619,3.587,3.561,3,3,5,9,0.3571,81.56,chain1_E_chain2_F,1,0,1,1,1,1,0,30,1,1,5,5,0,0,1,1,1,1,1,1,1,,0.37519,1,963
backbone_denovo,RAPCID_backbone_rapcid_backbone_179_model_4.cif.gz,/scratch/a2149a01/RAPCID_2610_output/backbone_denovo/RAPCID_backbone_rapcid_backbone_179_model_4.cif.gz,B,A,56,30,2.586,2.981,3.84,5,2,9,5,0.6429,46.78,chain1_E_chain2_F,1,1,0,0,1,0,0,33,1,0,3,5,0,0,1,1,1,0,1,1,0,pass_face_angle,0.2681,0,
backbone_denovo,RAPCID_backbone_rapcid_backbone_179_model_5.cif.gz,/scratch/a2149a01/RAPCID_2610_output/backbone_denovo/RAPCID_backbone_rapcid_backbone_179_model_5.cif.gz,B,A,56,30,2.895,2.465,11.99,5,0,13,0,1.0,nan,chain1_E_chain2_F,1,0,0,0,1,0,0,14,0,0,5,0,0,0,1,0,0,0,1,1,0,pass_dual_rap_contact;pass_contact_balance;pass_face_angle,0.14857,0,
backbone_denovo,RAPCID_backbone_rapcid_backbone_179_model_6.cif.gz,/scratch/a2149a01/RAPCID_2610_output/backbone_denovo/RAPCID_backbone_rapcid_backbone_179_model_6.cif.gz,B,A,56,30,2.905,3.493,3.457,3,3,7,7,0.5,66.19,chain1_F_chain2_E,0,2,1,0,2,1,0,38,2,0,5,8,0,0,1,1,1,1,1,1,1,,0.41905,1,838
backbone_denovo,RAPCID_backbone_rapcid_backbone_179_model_7.cif.gz,/scratch/a2149a01/RAPCID_2610_output/backbone_denovo/RAPCID_backbone_rapcid_backbone_179_model_7.cif.gz,B,A,56,30,2.551,8.248,2.697,0,3,0,9,0.0,nan,chain1_E_chain2_F,0,0,0,1,0,1,0,30,0,1,0,3,0,0,1,0,0,0,1,1,0,pass_dual_rap_contact;pass_contact_balance;pass_face_angle,0.07524,0,
backbone_denovo,RAPCID_backbone_rapcid_backbone_17_model_0.cif.gz,/scratch/a2149a01/RAPCID_2610_output/backbone_denovo/RAPCID_backbone_rapcid_backbone_17_model_0.cif.gz,B,A,70,60,2.503,3.148,2.551,4,6,12,18,0.4,85.59,chain1_F_chain2_E,0,2,2,0,2,2,0,38,1,1,10,10,0,0,1,1,1,1,1,1,1,,0.46291,1,723
backbone_denovo,RAPCID_backbone_rapcid_backbone_17_model_1.cif.gz,/scratch/a2149a01/RAPCID_2610_output/backbone_denovo/RAPCID_backbone_rapcid_backbone_17_model_1.cif.gz,B,A,70,60,2.278,2.952,3.049,4,4,16,16,0.5,83.8,chain1_E_chain2_F,1,0,0,3,1,3,0,30,0,1,9,11,0,0,1,1,1,1,1,1,1,,0.48028,1,693
backbone_denovo,RAPCID_backbone_rapcid_backbone_17_model_2.cif.gz,/scratch/a2149a01/RAPCID_2610_output/backbone_denovo/RAPCID_backbone_rapcid_backbone_17_model_2.cif.gz,B,A,70,60,1.906,3.446,3.463,6,2,14,4,0.7778,75.42,chain1_E_chain2_F,1,0,1,0,1,0,0,34,0,0,7,0,0,0,0,1,1,1,1,1,0,pass_no_clash,0.20887,0,
backbone_denovo,RAPCID_backbone_rapcid_backbone_17_model_3.cif.gz,/scratch/a2149a01/RAPCID_2610_output/backbone_denovo/RAPCID_backbone_rapcid_backbone_17_model_3.cif.gz,B,A,70,60,2.599,2.768,2.853,6,4,19,12,0.6129,89.74,chain1_E_chain2_F,1,0,1,0,1,0,0,30,2,0,11,7,1,0,1,1,1,1,1,1,1,,0.38589,1,933
backbone_denovo,RAPCID_backbone_rapcid_backbone_17_model_4.cif.gz,/scratch/a2149a01/RAPCID_2610_output/backbone_denovo/RAPCID_backbone_rapcid_backbone_17_model_4.cif.gz,B,A,70,60,2.495,3.084,2.649,6,4,20,12,0.625,114.52,chain1_F_chain2_E,1,3,1,0,3,1,0,28,1,2,11,5,0,0,1,1,1,1,1,1,1,,0.56603,1,577
backbone_denovo,RAPCID_backbone_rapcid_backbone_17_model_5.cif.gz,/scratch/a2149a01/RAPCID_2610_output/backbone_denovo/RAPCID_backbone_rapcid_backbone_17_model_5.cif.gz,B,A,70,60,1.778,3.178,3.546,3,5,12,13,0.48,94.3,chain1_E_chain2_F,0,0,0,3,0,3,0,38,2,1,7,15,1,1,0,1,1,1,1,1,0,pass_no_clash,0.51203,0,
backbone_denovo,RAPCID_backbone_rapcid_backbone_17_model_6.cif.gz,/scratch/a2149a01/RAPCID_2610_output/backbone_denovo/RAPCID_backbone_rapcid_backbone_17_model_6.cif.gz,B,A,70,60,2.636,3.067,2.703,6,5,18,18,0.5,78.06,chain1_F_chain2_E,0,1,2,0,1,2,0,42,1,2,13,7,0,0,1,1,1,1,0,1,0,pass_direct_interface,0.4659,0,
backbone_denovo,RAPCID_backbone_rapcid_backbone_17_model_7.cif.gz,/scratch/a2149a01/RAPCID_2610_output/backbone_denovo/RAPCID_backbone_rapcid_backbone_17_model_7.cif.gz,B,A,70,60,2.575,3.309,2.047,1,4,3,15,0.1667,77.95,chain1_F_chain2_E,1,0,2,0,0,2,0,30,0,1,0,6,0,0,1,0,1,1,1,1,0,pass_dual_rap_contact,0.2303,0,
backbone_denovo,RAPCID_backbone_rapcid_backbone_180_model_0.cif.gz,/scratch/a2149a01/RAPCID_2610_output/backbone_denovo/RAPCID_backbone_rapcid_backbone_180_model_0.cif.gz,A,B,53,35,2.817,2.675,3.512,4,3,7,3,0.7,65.4,chain1_E_chain2_F,0,0,0,2,0,2,0,40,1,1,1,5,1,0,1,0,1,1,1,1,0,pass_dual_rap_contact,0.27048,0,
backbone_denovo,RAPCID_backbone_rapcid_backbone_180_model_1.cif.gz,/scratch/a2149a01/RAPCID_2610_output/backbone_denovo/RAPCID_backbone_rapcid_backbone_180_model_1.cif.gz,A,B,53,35,2.706,3.035,3.47,4,5,13,17,0.4333,89.09,chain1_F_chain2_E,1,0,2,0,0,2,0,21,2,2,3,9,0,1,1,1,1,1,1,1,1,,0.49912,1,656
backbone_denovo,RAPCID_backbone_rapcid_backbone_180_model_2.cif.gz,/scratch/a2149a01/RAPCID_2610_output/backbone_denovo/RAPCID_backbone_rapcid_backbone_180_model_2.cif.gz,A,B,53,35,2.732,3.947,4.969,1,0,3,0,1.0,nan,chain1_E_chain2_F,0,0,0,0,0,0,0,13,0,0,5,0,0,0,1,0,0,0,1,1,0,pass_dual_rap_contact;pass_contact_balance;pass_face_angle,0.125,0,
backbone_denovo,RAPCID_backbone_rapcid_backbone_180_model_3.cif.gz,/scratch/a2149a01/RAPCID_2610_output/backbone_denovo/RAPCID_backbone_rapcid_backbone_180_model_3.cif.gz,A,B,53,35,3.027,3.48,3.303,5,4,9,14,0.3913,103.7,chain1_E_chain2_F,0,0,0,2,0,2,0,30,1,0,3,7,0,0,1,1,1,1,1,1,1,,0.44599,1,759
backbone_denovo,RAPCID_backbone_rapcid_backbone_180_model_4.cif.gz,/scratch/a2149a01/RAPCID_2610_output/backbone_denovo/RAPCID_backbone_rapcid_backbone_180_model_4.cif.gz,A,B,53,35,3.111,3.169,3.031,4,3,16,15,0.5161,95.99,chain1_F_chain2_E,0,0,2,0,0,2,1,18,1,1,4,11,0,0,1,1,1,1,1,1,1,,0.55255,1,591
backbone_denovo,RAPCID_backbone_rapcid_backbone_180_model_5.cif.gz,/scratch/a2149a01/RAPCID_2610_output/backbone_denovo/RAPCID_backbone_rapcid_backbone_180_model_5.cif.gz,A,B,53,35,2.388,2.966,3.533,3,2,8,3,0.7273,57.73,chain1_E_chain2_F,1,0,0,0,1,0,0,34,0,1,5,0,1,0,1,0,1,0,1,1,0,pass_dual_rap_contact;pass_face_angle,0.20433,0,
backbone_denovo,RAPCID_backbone_rapcid_backbone_180_model_6.cif.gz,/scratch/a2149a01/RAPCID_2610_output/backbone_denovo/RAPCID_backbone_rapcid_backbone_180_model_6.cif.gz,A,B,53,35,2.992,3.393,10.103,3,0,5,0,1.0,nan,chain1_E_chain2_F,1,0,0,0,1,0,0,15,0,0,8,0,0,0,1,0,0,0,1,1,0,pass_dual_rap_contact;pass_contact_balance;pass_face_angle,0.17357,0,
backbone_denovo,RAPCID_backbone_rapcid_backbone_180_model_7.cif.gz,/scratch/a2149a01/RAPCID_2610_output/backbone_denovo/RAPCID_backbone_rapcid_backbone_180_model_7.cif.gz,A,B,53,35,2.94,8.423,3.448,0,3,0,10,0.0,nan,chain1_F_chain2_E,0,0,1,0,0,1,0,47,0,1,0,10,0,0,1,0,0,0,0,1,0,pass_dual_rap_contact;pass_contact_balance;pass_face_angle;pass_direct_interface,0.14524,0,
backbone_denovo,RAPCID_backbone_rapcid_backbone_181_model_0.cif.gz,/scratch/a2149a01/RAPCID_2610_output/backbone_denovo/RAPCID_backbone_rapcid_backbone_181_model_0.cif.gz,A,B,70,64,2.154,3.385,2.234,4,5,12,29,0.2927,78.76,chain1_F_chain2_E,0,2,2,0,2,2,0,38,0,2,13,5,0,0,1,1,1,1,1,1,1,,0.39724,1,897
backbone_denovo,RAPCID_backbone_rapcid_backbone_181_model_1.cif.gz,/scratch/a2149a01/RAPCID_2610_output/backbone_denovo/RAPCID_backbone_rapcid_backbone_181_model_1.cif.gz,A,B,70,64,2.607,8.858,2.929,0,3,0,11,0.0,nan,chain1_F_chain2_E,0,0,2,0,0,2,0,46,0,0,0,12,0,0,1,0,0,0,0,1,0,pass_dual_rap_contact;pass_contact_balance;pass_face_angle;pass_direct_interface,0.15714,0,
backbone_denovo,RAPCID_backbone_rapcid_backbone_181_model_2.cif.gz,/scratch/a2149a01/RAPCID_2610_output/backbone_denovo/RAPCID_backbone_rapcid_backbone_181_model_2.cif.gz,A,B,70,64,2.393,3.012,19.649,8,0,24,0,1.0,nan,chain1_E_chain2_F,2,0,0,0,2,0,0,3,0,0,22,0,0,0,1,0,0,0,1,1,0,pass_dual_rap_contact;pass_contact_balance;pass_face_angle,0.23214,0,
backbone_denovo,RAPCID_backbone_rapcid_backbone_181_model_3.cif.gz,/scratch/a2149a01/RAPCID_2610_output/backbone_denovo/RAPCID_backbone_rapcid_backbone_181_model_3.cif.gz,A,B,70,64,3.111,3.257,4.525,3,0,8,0,1.0,nan,chain1_E_chain2_F,1,0,0,0,1,0,0,38,1,0,9,0,0,0,1,0,0,0,1,1,0,pass_dual_rap_contact;pass_contact_balance;pass_face_angle,0.13524,0,
backbone_denovo,RAPCID_backbone_rapcid_backbone_181_model_4.cif.gz,/scratch/a2149a01/RAPCID_2610_output/backbone_denovo/RAPCID_backbone_rapcid_backbone_181_model_4.cif.gz,A,B,70,64,2.588,3.686,3.0,1,3,3,6,0.3333,64.1,chain1_E_chain2_F,2,0,1,0,2,0,0,57,0,1,5,0,0,0,1,0,1,1,0,1,0,pass_dual_rap_contact;pass_direct_interface,0.25714,0,
backbone_denovo,RAPCID_backbone_rapcid_backbone_181_model_5.cif.gz,/scratch/a2149a01/RAPCID_2610_output/backbone_denovo/RAPCID_backbone_rapcid_backbone_181_model_5.cif.gz,A,B,70,64,2.221,11.502,3.881,0,3,0,6,0.0,nan,chain1_F_chain2_E,0,0,1,0,0,1,0,37,0,0,0,11,0,0,1,0,0,0,1,1,0,pass_dual_rap_contact;pass_contact_balance;pass_face_angle,0.12857,0,
backbone_denovo,RAPCID_backbone_rapcid_backbone_181_model_6.cif.gz,/scratch/a2149a01/RAPCID_2610_output/backbone_denovo/RAPCID_backbone_rapcid_backbone_181_model_6.cif.gz,A,B,70,64,2.765,2.73,14.649,5,0,17,0,1.0,nan,chain1_E_chain2_F,3,0,0,0,3,0,0,17,0,0,10,0,0,2,1,0,0,0,1,1,0,pass_dual_rap_contact;pass_contact_balance;pass_face_angle,0.24071,0,
backbone_denovo,RAPCID_backbone_rapcid_backbone_181_model_7.cif.gz,/scratch/a2149a01/RAPCID_2610_output/backbone_denovo/RAPCID_backbone_rapcid_backbone_181_model_7.cif.gz,A,B,70,64,2.373,2.928,12.528,3,0,6,0,1.0,nan,chain1_E_chain2_F,1,0,0,0,1,0,0,32,0,0,9,0,0,0,1,0,0,0,1,1,0,pass_dual_rap_contact;pass_contact_balance;pass_face_angle,0.11857,0,
backbone_denovo,RAPCID_backbone_rapcid_backbone_182_model_0.cif.gz,/scratch/a2149a01/RAPCID_2610_output/backbone_denovo/RAPCID_backbone_rapcid_backbone_182_model_0.cif.gz,A,B,58,38,2.775,3.642,2.487,2,4,3,14,0.1765,65.74,chain1_F_chain2_E,1,0,3,0,0,3,0,37,0,2,0,10,0,0,1,0,1,1,1,1,0,pass_dual_rap_contact,0.28964,0,
backbone_denovo,RAPCID_backbone_rapcid_backbone_182_model_1.cif.gz,/scratch/a2149a01/RAPCID_2610_output/backbone_denovo/RAPCID_backbone_rapcid_backbone_182_model_1.cif.gz,A,B,58,38,1.633,2.929,3.143,3,4,9,17,0.3462,75.13,chain1_E_chain2_F,2,0,0,3,2,3,0,31,1,2,5,8,0,2,0,1,1,1,1,1,0,pass_no_clash,0.45176,0,
backbone_denovo,RAPCID_backbone_rapcid_backbone_182_model_2.cif.gz,/scratch/a2149a01/RAPCID_2610_output/backbone_denovo/RAPCID_backbone_rapcid_backbone_182_model_2.cif.gz,A,B,58,38,2.009,2.967,2.688,5,4,10,19,0.3448,64.54,chain1_E_chain2_F,1,0,0,1,1,1,0,24,1,2,6,9,0,0,1,1,1,1,1,1,1,,0.36507,1,991
backbone_denovo,RAPCID_backbone_rapcid_backbone_182_model_3.cif.gz,/scratch/a2149a01/RAPCID_2610_output/backbone_denovo/RAPCID_backbone_rapcid_backbone_182_model_3.cif.gz,A,B,58,38,2.666,3.197,5.173,9,0,21,0,1.0,nan,chain1_E_chain2_F,1,1,0,0,1,0,0,22,1,0,13,0,0,0,1,0,0,0,1,1,0,pass_dual_rap_contact;pass_contact_balance;pass_face_angle,0.17524,0,
backbone_denovo,RAPCID_backbone_rapcid_backbone_182_model_4.cif.gz,/scratch/a2149a01/RAPCID_2610_output/backbone_denovo/RAPCID_backbone_rapcid_backbone_182_model_4.cif.gz,A,B,58,38,2.704,7.713,2.603,0,4,0,19,0.0,nan,chain1_F_chain2_E,0,0,2,0,0,2,1,28,0,1,0,12,0,0,1,0,0,0,1,1,0,pass_dual_rap_contact;pass_contact_balance;pass_face_angle,0.20238,0,
backbone_denovo,RAPCID_backbone_rapcid_backbone_182_model_5.cif.gz,/scratch/a2149a01/RAPCID_2610_output/backbone_denovo/RAPCID_backbone_rapcid_backbone_182_model_5.cif.gz,A,B,58,38,2.9,2.79,3.629,3,3,12,5,0.7059,65.59,chain1_E_chain2_F,1,0,0,1,1,1,0,26,1,1,5,9,0,0,1,1,1,1,1,1,1,,0.31812,0,
backbone_denovo,RAPCID_backbone_rapcid_backbone_182_model_6.cif.gz,/scratch/a2149a01/RAPCID_2610_output/backbone_denovo/RAPCID_backbone_rapcid_backbone_182_model_6.cif.gz,A,B,58,38,2.855,2.876,12.341,5,0,13,0,1.0,nan,chain1_E_chain2_F,1,1,0,0,1,0,0,33,0,0,10,0,0,0,1,0,0,0,1,1,0,pass_dual_rap_contact;pass_contact_balance;pass_face_angle,0.12857,0,
backbone_denovo,RAPCID_backbone_rapcid_backbone_182_model_7.cif.gz,/scratch/a2149a01/RAPCID_2610_output/backbone_denovo/RAPCID_backbone_rapcid_backbone_182_model_7.cif.gz,A,B,58,38,2.805,3.493,13.458,4,0,10,0,1.0,nan,chain1_E_chain2_F,1,0,0,0,1,0,0,20,0,0,12,0,0,0,1,0,0,0,1,1,0,pass_dual_rap_contact;pass_contact_balance;pass_face_angle,0.16857,0,
backbone_denovo,RAPCID_backbone_rapcid_backbone_183_model_0.cif.gz,/scratch/a2149a01/RAPCID_2610_output/backbone_denovo/RAPCID_backbone_rapcid_backbone_183_model_0.cif.gz,A,B,64,56,13.523,3.069,29.817,12,0,41,0,1.0,nan,chain1_E_chain2_F,3,2,0,0,3,0,0,0,0,0,16,0,1,0,1,0,0,0,1,1,0,pass_dual_rap_contact;pass_contact_balance;pass_face_angle,0.24571,0,
backbone_denovo,RAPCID_backbone_rapcid_backbone_183_model_1.cif.gz,/scratch/a2149a01/RAPCID_2610_output/backbone_denovo/RAPCID_backbone_rapcid_backbone_183_model_1.cif.gz,A,B,64,56,2.171,23.063,3.209,0,7,0,15,0.0,nan,chain1_E_chain2_F,0,0,1,1,0,1,0,10,0,0,0,11,0,0,1,0,0,0,1,1,0,pass_dual_rap_contact;pass_contact_balance;pass_face_angle,0.21857,0,
backbone_denovo,RAPCID_backbone_rapcid_backbone_183_model_2.cif.gz,/scratch/a2149a01/RAPCID_2610_output/backbone_denovo/RAPCID_backbone_rapcid_backbone_183_model_2.cif.gz,A,B,64,56,2.668,9.692,3.775,0,2,0,6,0.0,nan,chain1_F_chain2_E,0,0,1,0,0,1,0,38,0,0,0,6,0,0,1,0,0,0,1,1,0,pass_dual_rap_contact;pass_contact_balance;pass_face_angle,0.08857,0,
backbone_denovo,RAPCID_backbone_rapcid_backbone_183_model_3.cif.gz,/scratch/a2149a01/RAPCID_2610_output/backbone_denovo/RAPCID_backbone_rapcid_backbone_183_model_3.cif.gz,A,B,64,56,2.495,3.475,2.937,6,5,18,12,0.6,81.18,chain1_E_chain2_F,1,1,0,2,1,2,0,39,3,0,10,14,0,0,1,1,1,1,1,1,1,,0.43631,1,787
backbone_denovo,RAPCID_backbone_rapcid_backbone_183_model_4.cif.gz,/scratch/a2149a01/RAPCID_2610_output/backbone_denovo/RAPCID_backbone_rapcid_backbone_183_model_4.cif.gz,A,B,64,56,2.114,2.518,2.72,5,4,17,8,0.68,89.36,chain1_F_chain2_E,0,2,1,0,2,1,0,41,2,2,11,9,0,0,1,1,1,1,0,1,0,pass_direct_interface,0.44824,0,
backbone_denovo,RAPCID_backbone_rapcid_backbone_183_model_5.cif.gz,/scratch/a2149a01/RAPCID_2610_output/backbone_denovo/RAPCID_backbone_rapcid_backbone_183_model_5.cif.gz,A,B,64,56,2.875,1.326,3.382,8,3,25,10,0.7143,76.2,chain1_F_chain2_E,1,2,1,0,2,1,0,40,1,1,7,7,0,0,0,1,1,1,1,1,0,pass_no_clash,0.35733,0,
backbone_denovo,RAPCID_backbone_rapcid_backbone_183_model_6.cif.gz,/scratch/a2149a01/RAPCID_2610_output/backbone_denovo/RAPCID_backbone_rapcid_backbone_183_model_6.cif.gz,A,B,64,56,2.496,2.969,2.755,6,4,18,14,0.5625,72.04,chain1_E_chain2_F,2,0,0,0,2,0,1,48,2,2,9,3,0,0,1,1,1,1,0,1,0,pass_direct_interface,0.43753,0,
backbone_denovo,RAPCID_backbone_rapcid_backbone_183_model_7.cif.gz,/scratch/a2149a01/RAPCID_2610_output/backbone_denovo/RAPCID_backbone_rapcid_backbone_183_model_7.cif.gz,A,B,64,56,2.514,5.577,3.615,0,3,0,7,0.0,nan,chain1_F_chain2_E,0,0,1,0,0,1,0,39,0,0,0,7,0,0,1,0,0,0,1,1,0,pass_dual_rap_contact;pass_contact_balance;pass_face_angle,0.09857,0,
backbone_denovo,RAPCID_backbone_rapcid_backbone_184_model_0.cif.gz,/scratch/a2149a01/RAPCID_2610_output/backbone_denovo/RAPCID_backbone_rapcid_backbone_184_model_0.cif.gz,B,A,48,39,2.999,5.135,2.588,0,5,0,25,0.0,nan,chain1_E_chain2_F,0,0,1,1,0,1,0,19,0,0,5,8,0,0,1,0,0,0,1,1,0,pass_dual_rap_contact;pass_contact_balance;pass_face_angle,0.17357,0,
backbone_denovo,RAPCID_backbone_rapcid_backbone_184_model_1.cif.gz,/scratch/a2149a01/RAPCID_2610_output/backbone_denovo/RAPCID_backbone_rapcid_backbone_184_model_1.cif.gz,B,A,48,39,2.914,3.081,3.57,5,1,14,2,0.875,71.03,chain1_E_chain2_F,2,0,1,0,2,0,0,33,1,0,13,0,0,0,1,0,1,1,1,1,0,pass_dual_rap_contact,0.23059,0,
backbone_denovo,RAPCID_backbone_rapcid_backbone_184_model_2.cif.gz,/scratch/a2149a01/RAPCID_2610_output/backbone_denovo/RAPCID_backbone_rapcid_backbone_184_model_2.cif.gz,B,A,48,39,2.12,2.992,3.126,3,4,6,17,0.2609,58.88,chain1_F_chain2_E,0,1,1,1,1,1,0,34,0,0,9,5,1,1,1,1,1,0,1,1,0,pass_face_angle,0.26149,0,
backbone_denovo,RAPCID_backbone_rapcid_backbone_184_model_3.cif.gz,/scratch/a2149a01/RAPCID_2610_output/backbone_denovo/RAPCID_backbone_rapcid_backbone_184_model_3.cif.gz,B,A,48,39,3.248,16.134,3.222,0,3,0,13,0.0,nan,chain1_F_chain2_E,0,0,1,0,0,1,0,11,0,0,0,9,0,0,1,0,0,0,1,1,0,pass_dual_rap_contact;pass_contact_balance;pass_face_angle,0.20357,0,
backbone_denovo,RAPCID_backbone_rapcid_backbone_184_model_4.cif.gz,/scratch/a2149a01/RAPCID_2610_output/backbone_denovo/RAPCID_backbone_rapcid_backbone_184_model_4.cif.gz,B,A,48,39,2.101,3.426,3.359,5,2,13,5,0.7222,54.9,chain1_E_chain2_F,1,2,0,1,1,1,0,39,1,1,5,6,0,0,1,1,1,0,1,1,0,pass_face_angle,0.30159,0,
backbone_denovo,RAPCID_backbone_rapcid_backbone_184_model_5.cif.gz,/scratch/a2149a01/RAPCID_2610_output/backbone_denovo/RAPCID_backbone_rapcid_backbone_184_model_5.cif.gz,B,A,48,39,2.372,2.229,4.712,9,0,27,0,1.0,nan,chain1_E_chain2_F,2,1,0,0,2,0,0,47,2,0,10,0,0,0,1,0,0,0,0,1,0,pass_dual_rap_contact;pass_contact_balance;pass_face_angle;pass_direct_interface,0.19048,0,
backbone_denovo,RAPCID_backbone_rapcid_backbone_184_model_6.cif.gz,/scratch/a2149a01/RAPCID_2610_output/backbone_denovo/RAPCID_backbone_rapcid_backbone_184_model_6.cif.gz,B,A,48,39,2.677,3.247,3.272,2,5,4,11,0.2667,45.4,chain1_F_chain2_E,0,1,1,1,1,1,0,34,1,2,12,10,0,0,1,1,1,0,1,1,0,pass_face_angle,0.31381,0,
backbone_denovo,RAPCID_backbone_rapcid_backbone_184_model_7.cif.gz,/scratch/a2149a01/RAPCID_2610_output/backbone_denovo/RAPCID_backbone_rapcid_backbone_184_model_7.cif.gz,B,A,48,39,2.44,3.691,2.772,4,6,8,19,0.2963,65.01,chain1_F_chain2_E,0,2,1,1,2,1,0,38,2,1,9,10,0,0,1,1,1,1,1,1,1,,0.35423,0,
backbone_denovo,RAPCID_backbone_rapcid_backbone_185_model_0.cif.gz,/scratch/a2149a01/RAPCID_2610_output/backbone_denovo/RAPCID_backbone_rapcid_backbone_185_model_0.cif.gz,A,B,48,38,2.386,3.345,3.757,6,4,14,7,0.6667,75.6,chain1_F_chain2_E,0,3,1,0,3,1,0,41,2,1,10,10,0,0,1,1,1,1,0,1,0,pass_direct_interface,0.41962,0,
backbone_denovo,RAPCID_backbone_rapcid_backbone_185_model_1.cif.gz,/scratch/a2149a01/RAPCID_2610_output/backbone_denovo/RAPCID_backbone_rapcid_backbone_185_model_1.cif.gz,A,B,48,38,2.517,3.233,3.152,6,1,13,3,0.8125,38.3,chain1_F_chain2_E,1,1,1,0,1,1,0,46,2,1,9,7,0,0,1,0,1,0,0,1,0,pass_dual_rap_contact;pass_face_angle;pass_direct_interface,0.28214,0,
backbone_denovo,RAPCID_backbone_rapcid_backbone_185_model_2.cif.gz,/scratch/a2149a01/RAPCID_2610_output/backbone_denovo/RAPCID_backbone_rapcid_backbone_185_model_2.cif.gz,A,B,48,38,2.799,9.683,3.707,0,7,0,13,0.0,nan,chain1_F_chain2_E,0,0,1,0,0,1,0,22,0,0,0,11,0,0,1,0,0,0,1,1,0,pass_dual_rap_contact;pass_contact_balance;pass_face_angle,0.15857,0,
backbone_denovo,RAPCID_backbone_rapcid_backbone_185_model_3.cif.gz,/scratch/a2149a01/RAPCID_2610_output/backbone_denovo/RAPCID_backbone_rapcid_backbone_185_model_3.cif.gz,A,B,48,38,2.693,3.634,3.884,4,3,11,7,0.6111,59.71,chain1_F_chain2_E,0,1,0,0,1,0,0,6,0,0,12,6,0,0,1,1,1,0,1,1,0,pass_face_angle,0.37413,0,
backbone_denovo,RAPCID_backbone_rapcid_backbone_185_model_4.cif.gz,/scratch/a2149a01/RAPCID_2610_output/backbone_denovo/RAPCID_backbone_rapcid_backbone_185_model_4.cif.gz,A,B,48,38,2.972,3.269,3.93,8,2,25,3,0.8929,65.96,chain1_E_chain2_F,1,1,0,0,1,0,0,40,1,1,12,0,0,0,1,0,1,1,1,1,0,pass_dual_rap_contact,0.20476,0,
backbone_denovo,RAPCID_backbone_rapcid_backbone_185_model_5.cif.gz,/scratch/a2149a01/RAPCID_2610_output/backbone_denovo/RAPCID_backbone_rapcid_backbone_185_model_5.cif.gz,A,B,48,38,3.103,3.171,6.985,3,0,6,0,1.0,nan,chain1_E_chain2_F,3,0,0,0,3,0,0,33,0,0,12,0,0,0,1,0,0,0,1,1,0,pass_dual_rap_contact;pass_contact_balance;pass_face_angle,0.18571,0,
backbone_denovo,RAPCID_backbone_rapcid_backbone_185_model_6.cif.gz,/scratch/a2149a01/RAPCID_2610_output/backbone_denovo/RAPCID_backbone_rapcid_backbone_185_model_6.cif.gz,A,B,48,38,2.627,9.959,2.933,0,4,0,13,0.0,nan,chain1_F_chain2_E,0,0,2,0,0,2,0,26,0,0,0,13,1,0,1,0,0,0,1,1,0,pass_dual_rap_contact;pass_contact_balance;pass_face_angle,0.16714,0,
backbone_denovo,RAPCID_backbone_rapcid_backbone_185_model_7.cif.gz,/scratch/a2149a01/RAPCID_2610_output/backbone_denovo/RAPCID_backbone_rapcid_backbone_185_model_7.cif.gz,A,B,48,38,2.055,3.66,3.138,1,4,1,14,0.0667,89.81,chain1_F_chain2_E,0,0,2,0,0,2,1,29,0,0,0,11,3,0,1,0,0,1,1,1,0,pass_dual_rap_contact;pass_contact_balance,0.28175,0,
backbone_denovo,RAPCID_backbone_rapcid_backbone_186_model_0.cif.gz,/scratch/a2149a01/RAPCID_2610_output/backbone_denovo/RAPCID_backbone_rapcid_backbone_186_model_0.cif.gz,B,A,52,50,2.733,9.212,2.803,0,4,0,10,0.0,nan,chain1_F_chain2_E,0,0,1,0,0,1,0,30,0,0,0,6,0,0,1,0,0,0,1,1,0,pass_dual_rap_contact;pass_contact_balance;pass_face_angle,0.08857,0,
backbone_denovo,RAPCID_backbone_rapcid_backbone_186_model_1.cif.gz,/scratch/a2149a01/RAPCID_2610_output/backbone_denovo/RAPCID_backbone_rapcid_backbone_186_model_1.cif.gz,B,A,52,50,2.796,2.621,3.122,1,3,3,6,0.3333,81.2,chain1_E_chain2_F,0,0,0,0,0,0,0,28,0,1,4,4,1,0,1,0,1,1,1,1,0,pass_dual_rap_contact,0.27065,0,
backbone_denovo,RAPCID_backbone_rapcid_backbone_186_model_2.cif.gz,/scratch/a2149a01/RAPCID_2610_output/backbone_denovo/RAPCID_backbone_rapcid_backbone_186_model_2.cif.gz,B,A,52,50,2.054,9.968,3.991,0,2,0,8,0.0,nan,chain1_E_chain2_F,0,0,0,2,0,2,0,52,0,0,0,9,0,1,1,0,0,0,0,1,0,pass_dual_rap_contact;pass_contact_balance;pass_face_angle;pass_direct_interface,0.14714,0,
backbone_denovo,RAPCID_backbone_rapcid_backbone_186_model_3.cif.gz,/scratch/a2149a01/RAPCID_2610_output/backbone_denovo/RAPCID_backbone_rapcid_backbone_186_model_3.cif.gz,B,A,52,50,3.135,5.423,2.05,0,6,0,16,0.0,nan,chain1_F_chain2_E,0,0,1,0,0,1,0,31,0,0,0,5,0,0,1,0,0,0,1,1,0,pass_dual_rap_contact;pass_contact_balance;pass_face_angle,0.07857,0,
backbone_denovo,RAPCID_backbone_rapcid_backbone_186_model_4.cif.gz,/scratch/a2149a01/RAPCID_2610_output/backbone_denovo/RAPCID_backbone_rapcid_backbone_186_model_4.cif.gz,B,A,52,50,2.643,3.304,2.318,5,4,9,10,0.4737,63.3,chain1_E_chain2_F,2,0,2,0,2,0,0,54,1,2,13,0,0,0,1,1,1,1,0,1,0,pass_direct_interface,0.39662,0,
backbone_denovo,RAPCID_backbone_rapcid_backbone_186_model_5.cif.gz,/scratch/a2149a01/RAPCID_2610_output/backbone_denovo/RAPCID_backbone_rapcid_backbone_186_model_5.cif.gz,B,A,52,50,2.619,3.213,3.473,5,3,16,5,0.7619,39.83,chain1_F_chain2_E,0,2,0,1,2,0,0,41,2,2,12,0,1,0,1,1,1,0,0,1,0,pass_face_angle;pass_direct_interface,0.31905,0,
backbone_denovo,RAPCID_backbone_rapcid_backbone_186_model_6.cif.gz,/scratch/a2149a01/RAPCID_2610_output/backbone_denovo/RAPCID_backbone_rapcid_backbone_186_model_6.cif.gz,B,A,52,50,2.217,3.566,10.342,4,0,12,0,1.0,nan,chain1_E_chain2_F,1,1,0,0,1,0,0,30,0,0,7,0,0,1,1,0,0,0,1,1,0,pass_dual_rap_contact;pass_contact_balance;pass_face_angle,0.09857,0,
backbone_denovo,RAPCID_backbone_rapcid_backbone_186_model_7.cif.gz,/scratch/a2149a01/RAPCID_2610_output/backbone_denovo/RAPCID_backbone_rapcid_backbone_186_model_7.cif.gz,B,A,52,50,3.159,3.657,12.098,3,0,6,0,1.0,nan,chain1_E_chain2_F,2,0,0,0,2,0,0,26,0,0,9,0,1,0,1,0,0,0,1,1,0,pass_dual_rap_contact;pass_contact_balance;pass_face_angle,0.15714,0,
backbone_denovo,RAPCID_backbone_rapcid_backbone_187_model_0.cif.gz,/scratch/a2149a01/RAPCID_2610_output/backbone_denovo/RAPCID_backbone_rapcid_backbone_187_model_0.cif.gz,A,B,62,46,2.384,3.264,3.658,3,4,5,9,0.3571,74.64,chain1_E_chain2_F,1,0,0,2,1,2,0,51,1,1,10,10,0,0,1,1,1,1,0,1,0,pass_direct_interface,0.38071,0,
backbone_denovo,RAPCID_backbone_rapcid_backbone_187_model_1.cif.gz,/scratch/a2149a01/RAPCID_2610_output/backbone_denovo/RAPCID_backbone_rapcid_backbone_187_model_1.cif.gz,A,B,62,46,2.785,2.983,3.331,9,4,29,15,0.6591,98.51,chain1_F_chain2_E,1,3,0,0,3,0,0,39,1,2,16,3,0,0,1,1,1,1,1,1,1,,0.47043,1,707
backbone_denovo,RAPCID_backbone_rapcid_backbone_187_model_2.cif.gz,/scratch/a2149a01/RAPCID_2610_output/backbone_denovo/RAPCID_backbone_rapcid_backbone_187_model_2.cif.gz,A,B,62,46,1.995,3.403,3.327,4,4,6,15,0.2857,68.91,chain1_F_chain2_E,0,3,1,1,3,1,0,45,1,0,12,10,1,0,0,1,1,1,0,1,0,pass_no_clash;pass_direct_interface,0.34524,0,
backbone_denovo,RAPCID_backbone_rapcid_backbone_187_model_3.cif.gz,/scratch/a2149a01/RAPCID_2610_output/backbone_denovo/RAPCID_backbone_rapcid_backbone_187_model_3.cif.gz,A,B,62,46,2.416,2.425,9.577,4,0,16,0,1.0,nan,chain1_E_chain2_F,1,0,0,0,1,0,0,22,0,0,9,0,0,0,1,0,0,0,1,1,0,pass_dual_rap_contact;pass_contact_balance;pass_face_angle,0.14857,0,
backbone_denovo,RAPCID_backbone_rapcid_backbone_187_model_4.cif.gz,/scratch/a2149a01/RAPCID_2610_output/backbone_denovo/RAPCID_backbone_rapcid_backbone_187_model_4.cif.gz,A,B,62,46,2.616,3.735,3.321,4,4,9,7,0.5625,52.37,chain1_F_chain2_E,0,2,1,0,2,1,0,44,1,1,10,6,0,0,1,1,1,0,0,1,0,pass_face_angle;pass_direct_interface,0.39405,0,
backbone_denovo,RAPCID_backbone_rapcid_backbone_187_model_5.cif.gz,/scratch/a2149a01/RAPCID_2610_output/backbone_denovo/RAPCID_backbone_rapcid_backbone_187_model_5.cif.gz,A,B,62,46,2.317,3.418,3.667,4,2,7,3,0.7,54.68,chain1_F_chain2_E,1,1,1,0,1,1,0,54,1,1,9,7,0,0,1,0,1,0,0,1,0,pass_dual_rap_contact;pass_face_angle;pass_direct_interface,0.31048,0,
backbone_denovo,RAPCID_backbone_rapcid_backbone_187_model_6.cif.gz,/scratch/a2149a01/RAPCID_2610_output/backbone_denovo/RAPCID_backbone_rapcid_backbone_187_model_6.cif.gz,A,B,62,46,2.498,3.414,3.135,5,4,16,15,0.5161,72.84,chain1_E_chain2_F,1,1,0,2,1,2,0,40,1,1,13,8,0,0,1,1,1,1,1,1,1,,0.42538,1,822
backbone_denovo,RAPCID_backbone_rapcid_backbone_187_model_7.cif.gz,/scratch/a2149a01/RAPCID_2610_output/backbone_denovo/RAPCID_backbone_rapcid_backbone_187_model_7.cif.gz,A,B,62,46,3.115,2.52,16.426,7,0,16,0,1.0,nan,chain1_E_chain2_F,2,0,0,0,2,0,0,16,0,0,13,0,0,0,1,0,0,0,1,1,0,pass_dual_rap_contact;pass_contact_balance;pass_face_angle,0.21714,0,
backbone_denovo,RAPCID_backbone_rapcid_backbone_188_model_0.cif.gz,/scratch/a2149a01/RAPCID_2610_output/backbone_denovo/RAPCID_backbone_rapcid_backbone_188_model_0.cif.gz,B,A,45,39,2.215,11.059,3.247,0,7,0,16,0.0,nan,chain1_E_chain2_F,0,0,0,0,0,0,0,23,0,0,0,1,1,1,1,0,0,0,1,1,0,pass_dual_rap_contact;pass_contact_balance;pass_face_angle,0.035,0,
backbone_denovo,RAPCID_backbone_rapcid_backbone_188_model_1.cif.gz,/scratch/a2149a01/RAPCID_2610_output/backbone_denovo/RAPCID_backbone_rapcid_backbone_188_model_1.cif.gz,B,A,45,39,2.443,3.673,1.823,4,2,7,6,0.5385,113.39,chain1_F_chain2_E,0,2,1,0,2,1,0,30,1,0,12,3,0,0,0,1,1,1,1,1,0,pass_no_clash,0.53498,0,
backbone_denovo,RAPCID_backbone_rapcid_backbone_188_model_2.cif.gz,/scratch/a2149a01/RAPCID_2610_output/backbone_denovo/RAPCID_backbone_rapcid_backbone_188_model_2.cif.gz,B,A,45,39,2.654,3.013,2.912,2,4,8,18,0.3077,67.24,chain1_E_chain2_F,1,0,1,0,1,0,0,41,1,1,10,0,0,0,1,1,1,1,0,1,0,pass_direct_interface,0.28498,0,
backbone_denovo,RAPCID_backbone_rapcid_backbone_188_model_3.cif.gz,/scratch/a2149a01/RAPCID_2610_output/backbone_denovo/RAPCID_backbone_rapcid_backbone_188_model_3.cif.gz,B,A,45,39,2.83,3.567,3.265,3,3,6,7,0.4615,84.97,chain1_F_chain2_E,0,2,2,0,2,2,0,44,2,1,8,5,0,0,1,1,1,1,0,1,0,pass_direct_interface,0.50215,0,
backbone_denovo,RAPCID_backbone_rapcid_backbone_188_model_4.cif.gz,/scratch/a2149a01/RAPCID_2610_output/backbone_denovo/RAPCID_backbone_rapcid_backbone_188_model_4.cif.gz,B,A,45,39,2.527,3.347,2.679,4,4,6,9,0.4,74.37,chain1_F_chain2_E,0,2,2,0,2,2,0,36,1,0,9,10,0,0,1,1,1,1,1,1,1,,0.40887,1,864
backbone_denovo,RAPCID_backbone_rapcid_backbone_188_model_5.cif.gz,/scratch/a2149a01/RAPCID_2610_output/backbone_denovo/RAPCID_backbone_rapcid_backbone_188_model_5.cif.gz,B,A,45,39,2.978,3.304,2.616,5,4,11,21,0.3438,65.99,chain1_F_chain2_E,1,1,2,0,1,2,1,29,0,0,8,9,0,0,1,1,1,1,1,1,1,,0.35179,0,
backbone_denovo,RAPCID_backbone_rapcid_backbone_188_model_6.cif.gz,/scratch/a2149a01/RAPCID_2610_output/backbone_denovo/RAPCID_backbone_rapcid_backbone_188_model_6.cif.gz,B,A,45,39,2.618,2.243,3.145,4,3,16,9,0.64,42.44,chain1_E_chain2_F,2,0,2,0,2,0,0,43,3,2,13,0,0,0,1,1,1,0,0,1,0,pass_face_angle;pass_direct_interface,0.38448,0,
backbone_denovo,RAPCID_backbone_rapcid_backbone_188_model_7.cif.gz,/scratch/a2149a01/RAPCID_2610_output/backbone_denovo/RAPCID_backbone_rapcid_backbone_188_model_7.cif.gz,B,A,45,39,2.789,3.544,2.775,4,4,11,13,0.4583,63.36,chain1_E_chain2_F,0,2,0,2,0,2,0,40,1,1,8,8,0,0,1,1,1,1,1,1,1,,0.37381,1,968
backbone_denovo,RAPCID_backbone_rapcid_backbone_189_model_0.cif.gz,/scratch/a2149a01/RAPCID_2610_output/backbone_denovo/RAPCID_backbone_rapcid_backbone_189_model_0.cif.gz,A,B,69,63,2.578,2.635,2.438,4,4,8,15,0.3478,92.7,chain1_F_chain2_E,1,2,2,0,2,2,0,26,0,0,7,7,0,0,1,1,1,1,1,1,1,,0.44243,1,768
backbone_denovo,RAPCID_backbone_rapcid_backbone_189_model_1.cif.gz,/scratch/a2149a01/RAPCID_2610_output/backbone_denovo/RAPCID_backbone_rapcid_backbone_189_model_1.cif.gz,A,B,69,63,1.548,3.321,2.908,5,5,14,14,0.5,116.71,chain1_F_chain2_E,0,3,2,0,3,2,0,37,0,2,12,9,0,0,0,1,1,1,1,1,0,pass_no_clash,0.63523,0,
backbone_denovo,RAPCID_backbone_rapcid_backbone_189_model_2.cif.gz,/scratch/a2149a01/RAPCID_2610_output/backbone_denovo/RAPCID_backbone_rapcid_backbone_189_model_2.cif.gz,A,B,69,63,2.737,3.322,2.594,4,5,15,14,0.5172,99.08,chain1_E_chain2_F,3,0,0,0,3,0,0,30,0,1,11,5,0,0,1,1,1,1,1,1,1,,0.49575,1,662
backbone_denovo,RAPCID_backbone_rapcid_backbone_189_model_3.cif.gz,/scratch/a2149a01/RAPCID_2610_output/backbone_denovo/RAPCID_backbone_rapcid_backbone_189_model_3.cif.gz,A,B,69,63,2.517,26.663,3.435,0,9,0,19,0.0,nan,chain1_E_chain2_F,0,0,1,1,0,1,0,2,0,0,0,15,0,1,1,0,0,0,1,1,0,pass_dual_rap_contact;pass_contact_balance;pass_face_angle,0.19857,0,
backbone_denovo,RAPCID_backbone_rapcid_backbone_189_model_4.cif.gz,/scratch/a2149a01/RAPCID_2610_output/backbone_denovo/RAPCID_backbone_rapcid_backbone_189_model_4.cif.gz,A,B,69,63,2.642,3.165,2.631,5,3,13,9,0.5909,70.5,chain1_F_chain2_E,0,2,0,0,2,0,0,41,1,1,10,0,1,0,1,1,1,1,0,1,0,pass_direct_interface,0.3591,0,
backbone_denovo,RAPCID_backbone_rapcid_backbone_189_model_5.cif.gz,/scratch/a2149a01/RAPCID_2610_output/backbone_denovo/RAPCID_backbone_rapcid_backbone_189_model_5.cif.gz,A,B,69,63,2.697,3.048,3.313,5,4,17,13,0.5667,65.24,chain1_E_chain2_F,1,1,0,2,1,2,0,63,1,3,10,9,0,0,1,1,1,1,0,1,0,pass_direct_interface,0.42571,0,
backbone_denovo,RAPCID_backbone_rapcid_backbone_189_model_6.cif.gz,/scratch/a2149a01/RAPCID_2610_output/backbone_denovo/RAPCID_backbone_rapcid_backbone_189_model_6.cif.gz,A,B,69,63,2.342,6.628,2.577,0,8,0,22,0.0,nan,chain1_F_chain2_E,0,0,3,0,0,3,0,27,0,2,0,19,1,0,1,0,0,0,1,1,0,pass_dual_rap_contact;pass_contact_balance;pass_face_angle,0.22405,0,
backbone_denovo,RAPCID_backbone_rapcid_backbone_189_model_7.cif.gz,/scratch/a2149a01/RAPCID_2610_output/backbone_denovo/RAPCID_backbone_rapcid_backbone_189_model_7.cif.gz,A,B,69,63,15.875,1.9,39.66,7,0,24,0,1.0,nan,chain1_E_chain2_F,2,2,0,0,2,0,0,0,0,0,18,0,4,1,0,0,0,0,1,1,0,pass_no_clash;pass_dual_rap_contact;pass_contact_balance;pass_face_angle,0.21714,0,
backbone_denovo,RAPCID_backbone_rapcid_backbone_18_model_0.cif.gz,/scratch/a2149a01/RAPCID_2610_output/backbone_denovo/RAPCID_backbone_rapcid_backbone_18_model_0.cif.gz,A,B,63,39,2.33,2.522,3.367,9,3,28,7,0.8,107.57,chain1_E_chain2_F,3,1,0,0,3,0,0,40,2,1,9,6,0,0,1,1,1,1,1,1,1,,0.44428,1,764
backbone_denovo,RAPCID_backbone_rapcid_backbone_18_model_1.cif.gz,/scratch/a2149a01/RAPCID_2610_output/backbone_denovo/RAPCID_backbone_rapcid_backbone_18_model_1.cif.gz,A,B,63,39,2.676,2.948,3.252,4,6,13,13,0.5,66.13,chain1_E_chain2_F,2,0,1,0,2,0,0,33,3,0,11,8,0,0,1,1,1,1,1,1,1,,0.40714,1,868
backbone_denovo,RAPCID_backbone_rapcid_backbone_18_model_2.cif.gz,/scratch/a2149a01/RAPCID_2610_output/backbone_denovo/RAPCID_backbone_rapcid_backbone_18_model_2.cif.gz,A,B,63,39,2.87,3.826,4.067,3,2,8,3,0.7273,66.15,chain1_E_chain2_F,0,0,0,0,0,0,0,29,1,0,9,0,0,0,1,0,1,1,1,1,0,pass_dual_rap_contact,0.21576,0,
backbone_denovo,RAPCID_backbone_rapcid_backbone_18_model_3.cif.gz,/scratch/a2149a01/RAPCID_2610_output/backbone_denovo/RAPCID_backbone_rapcid_backbone_18_model_3.cif.gz,A,B,63,39,2.549,0.427,3.27,7,6,25,14,0.641,88.51,chain1_E_chain2_F,0,0,0,3,0,3,0,14,0,0,5,12,0,0,0,1,1,1,1,1,0,pass_no_clash,0.46433,0,
backbone_denovo,RAPCID_backbone_rapcid_backbone_18_model_4.cif.gz,/scratch/a2149a01/RAPCID_2610_output/backbone_denovo/RAPCID_backbone_rapcid_backbone_18_model_4.cif.gz,A,B,63,39,2.91,3.353,3.754,4,3,7,4,0.6364,68.03,chain1_F_chain2_E,0,1,0,0,1,0,0,33,2,1,10,3,0,0,1,1,1,1,1,1,1,,0.32403,0,
backbone_denovo,RAPCID_backbone_rapcid_backbone_18_model_5.cif.gz,/scratch/a2149a01/RAPCID_2610_output/backbone_denovo/RAPCID_backbone_rapcid_backbone_18_model_5.cif.gz,A,B,63,39,3.103,3.366,3.793,4,2,7,9,0.4375,102.7,chain1_E_chain2_F,0,0,0,2,0,2,0,26,2,1,4,8,0,0,1,1,1,1,1,1,1,,0.50446,1,650
backbone_denovo,RAPCID_backbone_rapcid_backbone_18_model_6.cif.gz,/scratch/a2149a01/RAPCID_2610_output/backbone_denovo/RAPCID_backbone_rapcid_backbone_18_model_6.cif.gz,A,B,63,39,2.519,12.772,9.293,0,0,0,0,0.0,nan,chain1_E_chain2_F,0,0,0,0,0,0,0,25,0,0,0,0,0,0,1,0,0,0,1,1,0,pass_dual_rap_contact;pass_contact_balance;pass_face_angle,0.015,0,
backbone_denovo,RAPCID_backbone_rapcid_backbone_18_model_7.cif.gz,/scratch/a2149a01/RAPCID_2610_output/backbone_denovo/RAPCID_backbone_rapcid_backbone_18_model_7.cif.gz,A,B,63,39,2.718,2.914,3.634,3,2,11,8,0.5789,55.56,chain1_E_chain2_F,1,0,0,0,1,0,1,53,1,1,8,0,0,0,1,1,1,0,0,1,0,pass_face_angle;pass_direct_interface,0.3389,0,
backbone_denovo,RAPCID_backbone_rapcid_backbone_190_model_0.cif.gz,/scratch/a2149a01/RAPCID_2610_output/backbone_denovo/RAPCID_backbone_rapcid_backbone_190_model_0.cif.gz,B,A,61,39,2.483,3.792,2.919,3,3,3,15,0.1667,60.38,chain1_F_chain2_E,0,0,2,0,0,2,0,34,1,1,0,7,1,0,1,0,1,1,1,1,0,pass_dual_rap_contact,0.22714,0,
backbone_denovo,RAPCID_backbone_rapcid_backbone_190_model_1.cif.gz,/scratch/a2149a01/RAPCID_2610_output/backbone_denovo/RAPCID_backbone_rapcid_backbone_190_model_1.cif.gz,B,A,61,39,2.378,3.327,3.442,6,4,17,6,0.7391,61.65,chain1_E_chain2_F,1,1,0,3,1,3,0,22,0,0,10,10,0,0,1,1,1,1,1,1,1,,0.34863,0,
backbone_denovo,RAPCID_backbone_rapcid_backbone_190_model_2.cif.gz,/scratch/a2149a01/RAPCID_2610_output/backbone_denovo/RAPCID_backbone_rapcid_backbone_190_model_2.cif.gz,B,A,61,39,2.761,4.232,3.232,3,4,3,9,0.25,70.32,chain1_F_chain2_E,0,0,1,0,0,1,0,33,0,1,9,10,0,0,1,0,1,1,1,1,0,pass_dual_rap_contact,0.24963,0,
backbone_denovo,RAPCID_backbone_rapcid_backbone_190_model_3.cif.gz,/scratch/a2149a01/RAPCID_2610_output/backbone_denovo/RAPCID_backbone_rapcid_backbone_190_model_3.cif.gz,B,A,61,39,2.393,3.52,2.817,4,5,6,11,0.3529,82.12,chain1_E_chain2_F,1,0,1,1,1,1,0,37,1,1,7,7,0,0,1,1,1,1,1,1,1,,0.3754,1,962
backbone_denovo,RAPCID_backbone_rapcid_backbone_190_model_4.cif.gz,/scratch/a2149a01/RAPCID_2610_output/backbone_denovo/RAPCID_backbone_rapcid_backbone_190_model_4.cif.gz,B,A,61,39,2.488,3.351,2.049,3,6,3,25,0.1071,72.06,chain1_F_chain2_E,1,0,2,0,0,2,0,37,1,1,2,13,0,0,1,0,1,1,1,1,0,pass_dual_rap_contact,0.24352,0,
backbone_denovo,RAPCID_backbone_rapcid_backbone_190_model_5.cif.gz,/scratch/a2149a01/RAPCID_2610_output/backbone_denovo/RAPCID_backbone_rapcid_backbone_190_model_5.cif.gz,B,A,61,39,2.642,3.757,2.962,4,3,9,17,0.3462,79.64,chain1_F_chain2_E,1,0,2,0,0,2,1,28,0,1,4,10,2,1,1,1,1,1,1,1,1,,0.37632,1,958
backbone_denovo,RAPCID_backbone_rapcid_backbone_190_model_6.cif.gz,/scratch/a2149a01/RAPCID_2610_output/backbone_denovo/RAPCID_backbone_rapcid_backbone_190_model_6.cif.gz,B,A,61,39,2.626,3.19,3.528,2,2,4,4,0.5,93.2,chain1_E_chain2_F,2,0,0,0,2,0,0,26,0,1,7,3,0,0,1,1,1,1,1,1,1,,0.46447,1,722
backbone_denovo,RAPCID_backbone_rapcid_backbone_190_model_7.cif.gz,/scratch/a2149a01/RAPCID_2610_output/backbone_denovo/RAPCID_backbone_rapcid_backbone_190_model_7.cif.gz,B,A,61,39,2.567,2.885,3.662,5,5,16,10,0.6154,87.32,chain1_E_chain2_F,1,0,1,1,1,1,0,28,1,1,10,5,0,0,1,1,1,1,1,1,1,,0.40538,1,874
backbone_denovo,RAPCID_backbone_rapcid_backbone_191_model_0.cif.gz,/scratch/a2149a01/RAPCID_2610_output/backbone_denovo/RAPCID_backbone_rapcid_backbone_191_model_0.cif.gz,B,A,67,44,2.449,2.432,4.39,6,1,23,1,0.9583,46.88,chain1_E_chain2_F,3,0,0,0,3,0,0,35,1,0,15,0,1,0,1,0,0,0,1,1,0,pass_dual_rap_contact;pass_contact_balance;pass_face_angle,0.21905,0,
backbone_denovo,RAPCID_backbone_rapcid_backbone_191_model_1.cif.gz,/scratch/a2149a01/RAPCID_2610_output/backbone_denovo/RAPCID_backbone_rapcid_backbone_191_model_1.cif.gz,B,A,67,44,16.651,3.169,40.498,10,0,27,0,1.0,nan,chain1_E_chain2_F,2,2,0,0,2,0,0,0,0,0,14,0,1,1,1,0,0,0,1,1,0,pass_dual_rap_contact;pass_contact_balance;pass_face_angle,0.21714,0,
backbone_denovo,RAPCID_backbone_rapcid_backbone_191_model_2.cif.gz,/scratch/a2149a01/RAPCID_2610_output/backbone_denovo/RAPCID_backbone_rapcid_backbone_191_model_2.cif.gz,B,A,67,44,2.399,2.978,13.723,8,0,16,0,1.0,nan,chain1_F_chain2_E,1,2,0,0,2,0,0,30,0,0,10,0,0,0,1,0,0,0,1,1,0,pass_dual_rap_contact;pass_contact_balance;pass_face_angle,0.15714,0,
backbone_denovo,RAPCID_backbone_rapcid_backbone_191_model_3.cif.gz,/scratch/a2149a01/RAPCID_2610_output/backbone_denovo/RAPCID_backbone_rapcid_backbone_191_model_3.cif.gz,B,A,67,44,2.848,2.661,3.818,4,4,11,6,0.6471,74.36,chain1_E_chain2_F,1,0,0,2,1,2,0,25,0,0,7,10,0,0,1,1,1,1,1,1,1,,0.35975,0,
backbone_denovo,RAPCID_backbone_rapcid_backbone_191_model_4.cif.gz,/scratch/a2149a01/RAPCID_2610_output/backbone_denovo/RAPCID_backbone_rapcid_backbone_191_model_4.cif.gz,B,A,67,44,1.975,2.794,2.667,4,3,12,11,0.5217,77.76,chain1_E_chain2_F,2,0,0,1,2,1,0,30,1,1,9,11,2,0,0,1,1,1,1,1,0,pass_no_clash,0.43955,0,
backbone_denovo,RAPCID_backbone_rapcid_backbone_191_model_5.cif.gz,/scratch/a2149a01/RAPCID_2610_output/backbone_denovo/RAPCID_backbone_rapcid_backbone_191_model_5.cif.gz,B,A,67,44,2.823,2.376,7.478,6,0,19,0,1.0,nan,chain1_E_chain2_F,3,0,0,0,3,0,0,31,2,0,12,0,1,0,1,0,0,0,1,1,0,pass_dual_rap_contact;pass_contact_balance;pass_face_angle,0.21905,0,
backbone_denovo,RAPCID_backbone_rapcid_backbone_191_model_6.cif.gz,/scratch/a2149a01/RAPCID_2610_output/backbone_denovo/RAPCID_backbone_rapcid_backbone_191_model_6.cif.gz,B,A,67,44,2.697,3.318,7.471,7,0,19,0,1.0,nan,chain1_F_chain2_E,0,2,0,0,2,0,0,40,0,0,16,0,0,0,1,0,0,0,1,1,0,pass_dual_rap_contact;pass_contact_balance;pass_face_angle,0.15714,0,
backbone_denovo,RAPCID_backbone_rapcid_backbone_191_model_7.cif.gz,/scratch/a2149a01/RAPCID_2610_output/backbone_denovo/RAPCID_backbone_rapcid_backbone_191_model_7.cif.gz,B,A,67,44,2.485,2.433,2.707,4,6,14,18,0.4375,134.66,chain1_F_chain2_E,1,0,2,0,0,2,1,36,0,0,5,13,0,0,1,1,1,1,1,1,1,,0.57958,1,554
backbone_denovo,RAPCID_backbone_rapcid_backbone_192_model_0.cif.gz,/scratch/a2149a01/RAPCID_2610_output/backbone_denovo/RAPCID_backbone_rapcid_backbone_192_model_0.cif.gz,A,B,38,31,3.23,3.675,3.488,2,5,4,10,0.2857,82.54,chain1_F_chain2_E,0,2,2,0,2,2,0,15,0,0,8,5,0,0,1,1,1,1,1,1,1,,0.43871,1,777
backbone_denovo,RAPCID_backbone_rapcid_backbone_192_model_1.cif.gz,/scratch/a2149a01/RAPCID_2610_output/backbone_denovo/RAPCID_backbone_rapcid_backbone_192_model_1.cif.gz,A,B,38,31,2.868,3.284,4.366,1,1,3,1,0.75,27.18,chain1_E_chain2_F,0,0,0,0,0,0,0,43,0,0,0,3,0,0,1,0,1,0,0,1,0,pass_dual_rap_contact;pass_face_angle;pass_direct_interface,0.13,0,
backbone_denovo,RAPCID_backbone_rapcid_backbone_192_model_2.cif.gz,/scratch/a2149a01/RAPCID_2610_output/backbone_denovo/RAPCID_backbone_rapcid_backbone_192_model_2.cif.gz,A,B,38,31,2.763,3.198,2.424,4,3,20,16,0.5556,67.35,chain1_E_chain2_F,2,0,1,0,2,0,0,27,2,2,10,3,1,0,1,1,1,1,1,1,1,,0.40659,1,872
backbone_denovo,RAPCID_backbone_rapcid_backbone_192_model_3.cif.gz,/scratch/a2149a01/RAPCID_2610_output/backbone_denovo/RAPCID_backbone_rapcid_backbone_192_model_3.cif.gz,A,B,38,31,2.268,3.66,3.21,3,4,5,9,0.3571,65.45,chain1_F_chain2_E,0,2,1,0,2,1,0,39,1,0,9,10,0,0,1,1,1,1,1,1,1,,0.34524,0,
backbone_denovo,RAPCID_backbone_rapcid_backbone_192_model_4.cif.gz,/scratch/a2149a01/RAPCID_2610_output/backbone_denovo/RAPCID_backbone_rapcid_backbone_192_model_4.cif.gz,A,B,38,31,3.045,2.776,11.444,4,0,12,0,1.0,nan,chain1_F_chain2_E,1,2,0,0,2,0,0,31,0,0,10,0,0,0,1,0,0,0,1,1,0,pass_dual_rap_contact;pass_contact_balance;pass_face_angle,0.15714,0,
backbone_denovo,RAPCID_backbone_rapcid_backbone_192_model_5.cif.gz,/scratch/a2149a01/RAPCID_2610_output/backbone_denovo/RAPCID_backbone_rapcid_backbone_192_model_5.cif.gz,A,B,38,31,2.657,3.584,3.59,4,3,14,4,0.7778,56.39,chain1_E_chain2_F,0,0,0,0,0,0,0,34,1,0,0,0,1,0,1,1,1,0,1,1,0,pass_face_angle,0.10556,0,
backbone_denovo,RAPCID_backbone_rapcid_backbone_192_model_6.cif.gz,/scratch/a2149a01/RAPCID_2610_output/backbone_denovo/RAPCID_backbone_rapcid_backbone_192_model_6.cif.gz,A,B,38,31,3.211,3.136,3.408,4,3,16,4,0.8,93.93,chain1_F_chain2_E,1,2,1,0,2,1,0,29,0,1,9,5,0,0,1,1,1,1,1,1,1,,0.36548,1,990
backbone_denovo,RAPCID_backbone_rapcid_backbone_192_model_7.cif.gz,/scratch/a2149a01/RAPCID_2610_output/backbone_denovo/RAPCID_backbone_rapcid_backbone_192_model_7.cif.gz,A,B,38,31,2.706,2.948,7.913,5,0,18,0,1.0,nan,chain1_E_chain2_F,2,0,0,0,2,0,1,32,1,0,13,0,0,0,1,0,0,0,1,1,0,pass_dual_rap_contact;pass_contact_balance;pass_face_angle,0.20238,0,
backbone_denovo,RAPCID_backbone_rapcid_backbone_193_model_0.cif.gz,/scratch/a2149a01/RAPCID_2610_output/backbone_denovo/RAPCID_backbone_rapcid_backbone_193_model_0.cif.gz,A,B,53,48,2.861,13.205,3.453,0,4,0,5,0.0,nan,chain1_F_chain2_E,0,0,1,0,0,1,0,17,0,0,0,9,0,1,1,0,0,0,1,1,0,pass_dual_rap_contact;pass_contact_balance;pass_face_angle,0.17357,0,
backbone_denovo,RAPCID_backbone_rapcid_backbone_193_model_1.cif.gz,/scratch/a2149a01/RAPCID_2610_output/backbone_denovo/RAPCID_backbone_rapcid_backbone_193_model_1.cif.gz,A,B,53,48,2.222,2.234,2.923,5,6,13,16,0.4483,68.97,chain1_E_chain2_F,1,1,0,3,1,3,0,45,1,1,11,14,0,0,1,1,1,1,0,1,0,pass_direct_interface,0.42693,0,
backbone_denovo,RAPCID_backbone_rapcid_backbone_193_model_2.cif.gz,/scratch/a2149a01/RAPCID_2610_output/backbone_denovo/RAPCID_backbone_rapcid_backbone_193_model_2.cif.gz,A,B,53,48,2.416,3.208,2.877,2,3,8,11,0.4211,73.85,chain1_E_chain2_F,1,0,1,0,1,0,0,38,1,1,7,2,0,0,1,1,1,1,1,1,1,,0.3365,0,
backbone_denovo,RAPCID_backbone_rapcid_backbone_193_model_3.cif.gz,/scratch/a2149a01/RAPCID_2610_output/backbone_denovo/RAPCID_backbone_rapcid_backbone_193_model_3.cif.gz,A,B,53,48,2.827,3.344,3.309,2,4,2,9,0.1818,62.95,chain1_E_chain2_F,0,0,0,1,0,1,0,25,1,1,4,10,1,0,1,0,1,1,1,1,0,pass_dual_rap_contact,0.24963,0,
backbone_denovo,RAPCID_backbone_rapcid_backbone_193_model_4.cif.gz,/scratch/a2149a01/RAPCID_2610_output/backbone_denovo/RAPCID_backbone_rapcid_backbone_193_model_4.cif.gz,A,B,53,48,2.956,3.46,13.301,3,0,6,0,1.0,nan,chain1_E_chain2_F,1,0,0,0,1,0,0,12,0,0,5,0,1,0,1,0,0,0,1,1,0,pass_dual_rap_contact;pass_contact_balance;pass_face_angle,0.15857,0,
backbone_denovo,RAPCID_backbone_rapcid_backbone_193_model_5.cif.gz,/scratch/a2149a01/RAPCID_2610_output/backbone_denovo/RAPCID_backbone_rapcid_backbone_193_model_5.cif.gz,A,B,53,48,2.369,3.472,3.53,3,4,9,9,0.5,66.27,chain1_E_chain2_F,1,0,0,0,1,0,0,46,0,0,7,4,0,0,1,1,1,1,0,1,0,pass_direct_interface,0.32857,0,
backbone_denovo,RAPCID_backbone_rapcid_backbone_193_model_6.cif.gz,/scratch/a2149a01/RAPCID_2610_output/backbone_denovo/RAPCID_backbone_rapcid_backbone_193_model_6.cif.gz,A,B,53,48,2.455,3.592,2.601,4,3,8,9,0.4706,52.57,chain1_E_chain2_F,1,0,1,0,1,0,0,56,2,1,12,0,0,0,1,1,1,0,0,1,0,pass_face_angle;pass_direct_interface,0.36681,0,
backbone_denovo,RAPCID_backbone_rapcid_backbone_193_model_7.cif.gz,/scratch/a2149a01/RAPCID_2610_output/backbone_denovo/RAPCID_backbone_rapcid_backbone_193_model_7.cif.gz,A,B,53,48,2.292,3.284,3.276,4,3,11,8,0.5789,45.66,chain1_E_chain2_F,0,2,0,2,0,2,0,43,0,1,7,10,0,0,1,1,1,0,0,1,0,pass_face_angle;pass_direct_interface,0.34223,0,
backbone_denovo,RAPCID_backbone_rapcid_backbone_194_model_0.cif.gz,/scratch/a2149a01/RAPCID_2610_output/backbone_denovo/RAPCID_backbone_rapcid_backbone_194_model_0.cif.gz,B,A,38,37,2.455,3.34,3.08,4,4,11,18,0.3793,62.1,chain1_E_chain2_F,0,1,1,2,0,2,0,39,0,2,0,8,1,0,1,1,1,1,1,1,1,,0.3222,0,
backbone_denovo,RAPCID_backbone_rapcid_backbone_194_model_1.cif.gz,/scratch/a2149a01/RAPCID_2610_output/backbone_denovo/RAPCID_backbone_rapcid_backbone_194_model_1.cif.gz,B,A,38,37,2.719,3.289,4.758,4,0,11,0,1.0,nan,chain1_F_chain2_E,0,1,0,0,1,0,0,31,1,0,8,0,0,0,1,0,0,0,1,1,0,pass_dual_rap_contact;pass_contact_balance;pass_face_angle,0.12524,0,
backbone_denovo,RAPCID_backbone_rapcid_backbone_194_model_2.cif.gz,/scratch/a2149a01/RAPCID_2610_output/backbone_denovo/RAPCID_backbone_rapcid_backbone_194_model_2.cif.gz,B,A,38,37,2.848,3.672,3.387,5,4,15,7,0.6818,68.13,chain1_F_chain2_E,0,3,1,0,3,1,0,34,1,1,10,9,0,0,1,1,1,1,1,1,1,,0.37489,1,964
backbone_denovo,RAPCID_backbone_rapcid_backbone_194_model_3.cif.gz,/scratch/a2149a01/RAPCID_2610_output/backbone_denovo/RAPCID_backbone_rapcid_backbone_194_model_3.cif.gz,B,A,38,37,3.195,2.793,3.306,2,2,5,4,0.5556,41.2,chain1_E_chain2_F,0,0,0,1,0,1,0,11,0,0,0,6,0,0,1,1,1,0,1,1,0,pass_face_angle,0.35135,0,
backbone_denovo,RAPCID_backbone_rapcid_backbone_194_model_4.cif.gz,/scratch/a2149a01/RAPCID_2610_output/backbone_denovo/RAPCID_backbone_rapcid_backbone_194_model_4.cif.gz,B,A,38,37,2.763,2.766,3.09,3,2,9,4,0.6923,66.31,chain1_F_chain2_E,1,1,2,0,1,2,0,26,1,0,4,8,0,0,1,1,1,1,1,1,1,,0.33546,0,
backbone_denovo,RAPCID_backbone_rapcid_backbone_194_model_5.cif.gz,/scratch/a2149a01/RAPCID_2610_output/backbone_denovo/RAPCID_backbone_rapcid_backbone_194_model_5.cif.gz,B,A,38,37,2.349,2.976,3.35,4,3,7,6,0.5385,42.57,chain1_F_chain2_E,1,1,1,0,1,1,0,40,3,1,6,8,0,1,1,1,1,0,1,1,0,pass_face_angle,0.40842,0,
backbone_denovo,RAPCID_backbone_rapcid_backbone_194_model_6.cif.gz,/scratch/a2149a01/RAPCID_2610_output/backbone_denovo/RAPCID_backbone_rapcid_backbone_194_model_6.cif.gz,B,A,38,37,3.044,3.411,3.371,2,4,2,11,0.1538,52.57,chain1_E_chain2_F,1,0,0,2,1,2,0,11,1,1,9,10,0,0,1,0,1,0,1,1,0,pass_dual_rap_contact;pass_face_angle,0.36559,0,
backbone_denovo,RAPCID_backbone_rapcid_backbone_194_model_7.cif.gz,/scratch/a2149a01/RAPCID_2610_output/backbone_denovo/RAPCID_backbone_rapcid_backbone_194_model_7.cif.gz,B,A,38,37,2.853,3.118,3.557,4,2,8,6,0.5714,48.0,chain1_E_chain2_F,1,0,1,0,1,0,0,11,2,1,10,0,0,0,1,1,1,0,1,1,0,pass_face_angle,0.435,0,
backbone_denovo,RAPCID_backbone_rapcid_backbone_195_model_0.cif.gz,/scratch/a2149a01/RAPCID_2610_output/backbone_denovo/RAPCID_backbone_rapcid_backbone_195_model_0.cif.gz,A,B,47,41,2.082,2.679,8.375,6,0,18,0,1.0,nan,chain1_E_chain2_F,1,0,0,0,1,0,0,31,1,0,12,0,0,0,1,0,0,0,1,1,0,pass_dual_rap_contact;pass_contact_balance;pass_face_angle,0.14524,0,
backbone_denovo,RAPCID_backbone_rapcid_backbone_195_model_1.cif.gz,/scratch/a2149a01/RAPCID_2610_output/backbone_denovo/RAPCID_backbone_rapcid_backbone_195_model_1.cif.gz,A,B,47,41,2.608,3.361,3.083,2,5,7,20,0.2593,83.97,chain1_E_chain2_F,1,0,0,3,1,3,0,21,0,2,10,11,0,1,1,1,1,1,1,1,1,,0.43623,1,788
backbone_denovo,RAPCID_backbone_rapcid_backbone_195_model_2.cif.gz,/scratch/a2149a01/RAPCID_2610_output/backbone_denovo/RAPCID_backbone_rapcid_backbone_195_model_2.cif.gz,A,B,47,41,3.005,2.894,2.55,5,5,14,20,0.4118,84.31,chain1_E_chain2_F,2,0,1,0,2,0,1,43,1,2,12,2,0,0,1,1,1,1,0,1,0,pass_direct_interface,0.45146,0,
backbone_denovo,RAPCID_backbone_rapcid_backbone_195_model_3.cif.gz,/scratch/a2149a01/RAPCID_2610_output/backbone_denovo/RAPCID_backbone_rapcid_backbone_195_model_3.cif.gz,A,B,47,41,2.492,2.848,4.349,4,1,15,1,0.9375,40.23,chain1_E_chain2_F,2,0,0,0,2,0,1,43,0,0,10,0,0,0,1,0,0,0,0,1,0,pass_dual_rap_contact;pass_contact_balance;pass_face_angle;pass_direct_interface,0.21071,0,
backbone_denovo,RAPCID_backbone_rapcid_backbone_195_model_4.cif.gz,/scratch/a2149a01/RAPCID_2610_output/backbone_denovo/RAPCID_backbone_rapcid_backbone_195_model_4.cif.gz,A,B,47,41,2.876,3.283,3.005,4,6,7,18,0.28,112.54,chain1_F_chain2_E,0,3,2,0,3,2,0,36,1,1,10,8,0,0,1,1,1,1,1,1,1,,0.53331,1,608
backbone_denovo,RAPCID_backbone_rapcid_backbone_195_model_5.cif.gz,/scratch/a2149a01/RAPCID_2610_output/backbone_denovo/RAPCID_backbone_rapcid_backbone_195_model_5.cif.gz,A,B,47,41,2.495,3.018,9.175,5,0,12,0,1.0,nan,chain1_E_chain2_F,2,0,0,0,2,0,0,38,0,0,13,0,0,0,1,0,0,0,1,1,0,pass_dual_rap_contact;pass_contact_balance;pass_face_angle,0.15714,0,
backbone_denovo,RAPCID_backbone_rapcid_backbone_195_model_6.cif.gz,/scratch/a2149a01/RAPCID_2610_output/backbone_denovo/RAPCID_backbone_rapcid_backbone_195_model_6.cif.gz,A,B,47,41,2.994,2.979,3.212,2,5,5,15,0.25,60.7,chain1_F_chain2_E,0,2,1,1,2,1,0,44,1,0,9,8,0,0,1,1,1,1,0,1,0,pass_direct_interface,0.30238,0,
backbone_denovo,RAPCID_backbone_rapcid_backbone_195_model_7.cif.gz,/scratch/a2149a01/RAPCID_2610_output/backbone_denovo/RAPCID_backbone_rapcid_backbone_195_model_7.cif.gz,A,B,47,41,2.87,3.562,3.542,3,5,6,16,0.2727,51.93,chain1_E_chain2_F,0,1,1,2,0,2,0,36,1,2,0,10,0,1,1,1,1,0,1,1,0,pass_face_angle,0.31623,0,
backbone_denovo,RAPCID_backbone_rapcid_backbone_196_model_0.cif.gz,/scratch/a2149a01/RAPCID_2610_output/backbone_denovo/RAPCID_backbone_rapcid_backbone_196_model_0.cif.gz,A,B,68,46,2.724,2.974,3.698,4,3,7,8,0.4667,40.75,chain1_F_chain2_E,0,2,0,1,2,0,0,42,0,0,10,0,0,0,1,1,1,0,0,1,0,pass_face_angle;pass_direct_interface,0.34381,0,
backbone_denovo,RAPCID_backbone_rapcid_backbone_196_model_1.cif.gz,/scratch/a2149a01/RAPCID_2610_output/backbone_denovo/RAPCID_backbone_rapcid_backbone_196_model_1.cif.gz,A,B,68,46,2.322,3.496,10.074,3,0,8,0,1.0,nan,chain1_E_chain2_F,1,0,0,0,1,0,0,43,0,0,8,0,0,0,1,0,0,0,0,1,0,pass_dual_rap_contact;pass_contact_balance;pass_face_angle;pass_direct_interface,0.10857,0,
backbone_denovo,RAPCID_backbone_rapcid_backbone_196_model_2.cif.gz,/scratch/a2149a01/RAPCID_2610_output/backbone_denovo/RAPCID_backbone_rapcid_backbone_196_model_2.cif.gz,A,B,68,46,2.718,3.144,3.145,5,4,19,12,0.6129,89.15,chain1_E_chain2_F,2,0,1,1,2,1,0,37,1,0,14,7,0,0,1,1,1,1,1,1,1,,0.42438,1,824
backbone_denovo,RAPCID_backbone_rapcid_backbone_196_model_3.cif.gz,/scratch/a2149a01/RAPCID_2610_output/backbone_denovo/RAPCID_backbone_rapcid_backbone_196_model_3.cif.gz,A,B,68,46,2.432,2.911,3.721,5,5,14,11,0.56,94.92,chain1_F_chain2_E,0,1,1,1,1,1,0,44,1,0,5,10,1,0,1,1,1,1,0,1,0,pass_direct_interface,0.43622,0,
backbone_denovo,RAPCID_backbone_rapcid_backbone_196_model_4.cif.gz,/scratch/a2149a01/RAPCID_2610_output/backbone_denovo/RAPCID_backbone_rapcid_backbone_196_model_4.cif.gz,A,B,68,46,3.171,3.269,31.475,7,0,15,0,1.0,nan,chain1_E_chain2_F,1,0,0,0,1,0,0,2,0,0,18,0,1,0,1,0,0,0,1,1,0,pass_dual_rap_contact;pass_contact_balance;pass_face_angle,0.19857,0,
backbone_denovo,RAPCID_backbone_rapcid_backbone_196_model_5.cif.gz,/scratch/a2149a01/RAPCID_2610_output/backbone_denovo/RAPCID_backbone_rapcid_backbone_196_model_5.cif.gz,A,B,68,46,2.565,2.765,3.15,3,5,15,13,0.5357,85.1,chain1_E_chain2_F,1,0,0,2,1,2,0,46,1,0,9,10,1,0,1,1,1,1,0,1,0,pass_direct_interface,0.44177,0,
backbone_denovo,RAPCID_backbone_rapcid_backbone_196_model_6.cif.gz,/scratch/a2149a01/RAPCID_2610_output/backbone_denovo/RAPCID_backbone_rapcid_backbone_196_model_6.cif.gz,A,B,68,46,2.56,3.118,3.656,4,5,11,14,0.44,64.58,chain1_E_chain2_F,0,1,1,2,0,2,0,48,1,2,0,9,0,0,1,1,1,1,0,1,0,pass_direct_interface,0.37314,0,
backbone_denovo,RAPCID_backbone_rapcid_backbone_196_model_7.cif.gz,/scratch/a2149a01/RAPCID_2610_output/backbone_denovo/RAPCID_backbone_rapcid_backbone_196_model_7.cif.gz,A,B,68,46,2.346,2.971,2.57,3,2,5,7,0.4167,72.12,chain1_E_chain2_F,1,0,0,1,1,1,0,48,1,0,5,8,0,0,1,1,1,1,0,1,0,pass_direct_interface,0.35089,0,
backbone_denovo,RAPCID_backbone_rapcid_backbone_197_model_0.cif.gz,/scratch/a2149a01/RAPCID_2610_output/backbone_denovo/RAPCID_backbone_rapcid_backbone_197_model_0.cif.gz,A,B,68,30,2.233,2.886,6.526,9,0,23,0,1.0,nan,chain1_E_chain2_F,3,0,0,0,3,0,0,35,2,0,18,0,0,0,1,0,0,0,1,1,0,pass_dual_rap_contact;pass_contact_balance;pass_face_angle,0.21905,0,
backbone_denovo,RAPCID_backbone_rapcid_backbone_197_model_1.cif.gz,/scratch/a2149a01/RAPCID_2610_output/backbone_denovo/RAPCID_backbone_rapcid_backbone_197_model_1.cif.gz,A,B,68,30,2.863,3.092,2.802,4,2,9,9,0.5,75.74,chain1_E_chain2_F,2,0,0,0,2,0,0,27,1,1,11,2,0,0,1,1,1,1,1,1,1,,0.41793,1,842
backbone_denovo,RAPCID_backbone_rapcid_backbone_197_model_2.cif.gz,/scratch/a2149a01/RAPCID_2610_output/backbone_denovo/RAPCID_backbone_rapcid_backbone_197_model_2.cif.gz,A,B,68,30,2.758,3.423,3.327,4,3,17,8,0.68,84.31,chain1_F_chain2_E,1,1,1,0,1,1,0,41,2,0,7,7,1,0,1,1,1,1,0,1,0,pass_direct_interface,0.3695,0,
backbone_denovo,RAPCID_backbone_rapcid_backbone_197_model_3.cif.gz,/scratch/a2149a01/RAPCID_2610_output/backbone_denovo/RAPCID_backbone_rapcid_backbone_197_model_3.cif.gz,A,B,68,30,2.475,2.572,13.224,6,0,18,0,1.0,nan,chain1_F_chain2_E,1,3,0,0,3,0,0,15,0,0,13,0,0,0,1,0,0,0,1,1,0,pass_dual_rap_contact;pass_contact_balance;pass_face_angle,0.25071,0,
backbone_denovo,RAPCID_backbone_rapcid_backbone_197_model_4.cif.gz,/scratch/a2149a01/RAPCID_2610_output/backbone_denovo/RAPCID_backbone_rapcid_backbone_197_model_4.cif.gz,A,B,68,30,1.696,3.367,18.425,2,0,5,0,1.0,nan,chain1_E_chain2_F,0,0,0,0,0,0,0,17,0,0,1,0,0,1,0,0,0,0,1,1,0,pass_no_clash;pass_dual_rap_contact;pass_contact_balance;pass_face_angle,0.065,0,
backbone_denovo,RAPCID_backbone_rapcid_backbone_197_model_5.cif.gz,/scratch/a2149a01/RAPCID_2610_output/backbone_denovo/RAPCID_backbone_rapcid_backbone_197_model_5.cif.gz,A,B,68,30,3.067,3.244,9.604,4,0,13,0,1.0,nan,chain1_F_chain2_E,0,1,0,0,1,0,0,17,0,0,7,0,1,0,1,0,0,0,1,1,0,pass_dual_rap_contact;pass_contact_balance;pass_face_angle,0.15357,0,
backbone_denovo,RAPCID_backbone_rapcid_backbone_197_model_6.cif.gz,/scratch/a2149a01/RAPCID_2610_output/backbone_denovo/RAPCID_backbone_rapcid_backbone_197_model_6.cif.gz,A,B,68,30,2.269,10.56,2.949,0,5,0,14,0.0,nan,chain1_F_chain2_E,0,0,2,0,0,2,1,19,0,0,0,10,0,0,1,0,0,0,1,1,0,pass_dual_rap_contact;pass_contact_balance;pass_face_angle,0.23071,0,
backbone_denovo,RAPCID_backbone_rapcid_backbone_197_model_7.cif.gz,/scratch/a2149a01/RAPCID_2610_output/backbone_denovo/RAPCID_backbone_rapcid_backbone_197_model_7.cif.gz,A,B,68,30,2.483,1.726,5.886,7,0,22,0,1.0,nan,chain1_E_chain2_F,3,0,0,0,3,0,0,36,0,0,11,0,0,0,0,0,0,0,1,1,0,pass_no_clash;pass_dual_rap_contact;pass_contact_balance;pass_face_angle,0.18571,0,
backbone_denovo,RAPCID_backbone_rapcid_backbone_198_model_0.cif.gz,/scratch/a2149a01/RAPCID_2610_output/backbone_denovo/RAPCID_backbone_rapcid_backbone_198_model_0.cif.gz,B,A,66,57,1.589,3.165,2.793,7,3,16,13,0.5517,68.89,chain1_F_chain2_E,0,3,0,0,3,0,0,46,0,0,13,6,0,0,0,1,1,1,0,1,0,pass_no_clash;pass_direct_interface,0.36502,0,
backbone_denovo,RAPCID_backbone_rapcid_backbone_198_model_1.cif.gz,/scratch/a2149a01/RAPCID_2610_output/backbone_denovo/RAPCID_backbone_rapcid_backbone_198_model_1.cif.gz,B,A,66,57,3.151,3.717,3.218,5,4,10,7,0.5882,96.06,chain1_F_chain2_E,1,0,2,0,0,2,0,17,0,0,7,13,0,0,1,1,1,1,1,1,1,,0.46704,1,717
backbone_denovo,RAPCID_backbone_rapcid_backbone_198_model_2.cif.gz,/scratch/a2149a01/RAPCID_2610_output/backbone_denovo/RAPCID_backbone_rapcid_backbone_198_model_2.cif.gz,B,A,66,57,2.67,3.721,3.862,2,3,2,6,0.25,66.91,chain1_F_chain2_E,0,0,1,0,0,1,0,45,1,0,5,11,0,0,1,0,1,1,0,1,0,pass_dual_rap_contact;pass_direct_interface,0.24524,0,
backbone_denovo,RAPCID_backbone_rapcid_backbone_198_model_3.cif.gz,/scratch/a2149a01/RAPCID_2610_output/backbone_denovo/RAPCID_backbone_rapcid_backbone_198_model_3.cif.gz,B,A,66,57,1.988,3.53,3.049,5,6,11,15,0.4231,72.59,chain1_F_chain2_E,0,2,2,1,2,2,0,43,1,1,12,10,1,0,0,1,1,1,0,1,0,pass_no_clash;pass_direct_interface,0.42881,0,
backbone_denovo,RAPCID_backbone_rapcid_backbone_198_model_4.cif.gz,/scratch/a2149a01/RAPCID_2610_output/backbone_denovo/RAPCID_backbone_rapcid_backbone_198_model_4.cif.gz,B,A,66,57,2.637,3.588,2.29,5,6,10,16,0.3846,96.65,chain1_F_chain2_E,1,2,1,0,2,1,0,44,2,1,14,7,0,0,1,1,1,1,0,1,0,pass_direct_interface,0.48172,0,
backbone_denovo,RAPCID_backbone_rapcid_backbone_198_model_5.cif.gz,/scratch/a2149a01/RAPCID_2610_output/backbone_denovo/RAPCID_backbone_rapcid_backbone_198_model_5.cif.gz,B,A,66,57,2.728,2.945,3.563,4,4,13,11,0.5417,39.66,chain1_E_chain2_F,0,1,0,2,0,2,0,45,1,2,0,10,1,0,1,1,1,0,0,1,0,pass_face_angle;pass_direct_interface,0.39048,0,
backbone_denovo,RAPCID_backbone_rapcid_backbone_198_model_6.cif.gz,/scratch/a2149a01/RAPCID_2610_output/backbone_denovo/RAPCID_backbone_rapcid_backbone_198_model_6.cif.gz,B,A,66,57,2.839,3.219,3.289,3,3,10,5,0.6667,97.97,chain1_E_chain2_F,2,0,0,3,2,3,0,35,0,0,7,12,0,0,1,1,1,1,1,1,1,,0.47274,1,703
backbone_denovo,RAPCID_backbone_rapcid_backbone_198_model_7.cif.gz,/scratch/a2149a01/RAPCID_2610_output/backbone_denovo/RAPCID_backbone_rapcid_backbone_198_model_7.cif.gz,B,A,66,57,2.339,3.769,3.151,2,3,3,4,0.4286,76.43,chain1_F_chain2_E,0,0,1,0,0,1,0,36,0,0,3,10,1,2,1,0,1,1,1,1,0,pass_dual_rap_contact,0.32475,0,
backbone_denovo,RAPCID_backbone_rapcid_backbone_199_model_0.cif.gz,/scratch/a2149a01/RAPCID_2610_output/backbone_denovo/RAPCID_backbone_rapcid_backbone_199_model_0.cif.gz,A,B,44,38,2.588,2.86,3.429,3,4,10,8,0.5556,71.04,chain1_E_chain2_F,2,0,1,1,2,1,0,29,1,1,7,8,0,0,1,1,1,1,1,1,1,,0.40363,1,882
backbone_denovo,RAPCID_backbone_rapcid_backbone_199_model_1.cif.gz,/scratch/a2149a01/RAPCID_2610_output/backbone_denovo/RAPCID_backbone_rapcid_backbone_199_model_1.cif.gz,A,B,44,38,2.638,3.541,3.799,3,2,7,6,0.5385,45.57,chain1_F_chain2_E,0,2,0,1,2,0,0,31,1,1,9,0,1,0,1,1,1,0,1,1,0,pass_face_angle,0.36509,0,
backbone_denovo,RAPCID_backbone_rapcid_backbone_199_model_2.cif.gz,/scratch/a2149a01/RAPCID_2610_output/backbone_denovo/RAPCID_backbone_rapcid_backbone_199_model_2.cif.gz,A,B,44,38,2.694,3.246,3.076,3,5,6,15,0.2857,74.22,chain1_E_chain2_F,1,1,0,2,1,2,0,31,1,0,10,9,0,1,1,1,1,1,1,1,1,,0.33406,0,
backbone_denovo,RAPCID_backbone_rapcid_backbone_199_model_3.cif.gz,/scratch/a2149a01/RAPCID_2610_output/backbone_denovo/RAPCID_backbone_rapcid_backbone_199_model_3.cif.gz,A,B,44,38,3.045,3.133,3.637,5,2,16,3,0.8421,62.86,chain1_E_chain2_F,2,0,1,0,2,0,0,33,0,0,14,2,0,0,1,0,1,1,1,1,0,pass_dual_rap_contact,0.2203,0,
backbone_denovo,RAPCID_backbone_rapcid_backbone_199_model_4.cif.gz,/scratch/a2149a01/RAPCID_2610_output/backbone_denovo/RAPCID_backbone_rapcid_backbone_199_model_4.cif.gz,A,B,44,38,2.444,3.237,2.985,4,4,12,9,0.5714,53.04,chain1_E_chain2_F,0,2,0,2,0,2,0,42,1,1,1,8,1,0,1,1,1,0,0,1,0,pass_face_angle;pass_direct_interface,0.3519,0,
backbone_denovo,RAPCID_backbone_rapcid_backbone_199_model_5.cif.gz,/scratch/a2149a01/RAPCID_2610_output/backbone_denovo/RAPCID_backbone_rapcid_backbone_199_model_5.cif.gz,A,B,44,38,2.113,3.454,3.525,3,4,5,6,0.4545,49.62,chain1_F_chain2_E,0,2,1,0,2,1,0,38,1,2,10,9,0,0,1,1,1,0,1,1,0,pass_face_angle,0.41753,0,
backbone_denovo,RAPCID_backbone_rapcid_backbone_199_model_6.cif.gz,/scratch/a2149a01/RAPCID_2610_output/backbone_denovo/RAPCID_backbone_rapcid_backbone_199_model_6.cif.gz,A,B,44,38,2.2,1.884,2.999,7,4,21,15,0.5833,131.44,chain1_E_chain2_F,2,0,0,3,2,3,1,29,1,1,12,8,0,0,0,1,1,1,1,1,0,pass_no_clash,0.67956,0,
backbone_denovo,RAPCID_backbone_rapcid_backbone_199_model_7.cif.gz,/scratch/a2149a01/RAPCID_2610_output/backbone_denovo/RAPCID_backbone_rapcid_backbone_199_model_7.cif.gz,A,B,44,38,2.703,3.407,3.444,5,5,11,9,0.55,73.27,chain1_F_chain2_E,0,3,1,1,3,1,0,38,1,1,13,10,0,0,1,1,1,1,1,1,1,,0.44185,1,771
backbone_denovo,RAPCID_backbone_rapcid_backbone_19_model_0.cif.gz,/scratch/a2149a01/RAPCID_2610_output/backbone_denovo/RAPCID_backbone_rapcid_backbone_19_model_0.cif.gz,B,A,35,31,2.938,3.574,2.09,2,4,5,9,0.3571,94.1,chain1_E_chain2_F,2,0,0,0,2,0,0,38,1,1,7,3,0,0,1,1,1,1,1,1,1,,0.41699,1,845
backbone_denovo,RAPCID_backbone_rapcid_backbone_19_model_1.cif.gz,/scratch/a2149a01/RAPCID_2610_output/backbone_denovo/RAPCID_backbone_rapcid_backbone_19_model_1.cif.gz,B,A,35,31,3.124,2.453,7.05,5,0,14,0,1.0,nan,chain1_E_chain2_F,2,0,0,0,2,0,0,38,1,0,11,0,0,0,1,0,0,0,1,1,0,pass_dual_rap_contact;pass_contact_balance;pass_face_angle,0.17381,0,
backbone_denovo,RAPCID_backbone_rapcid_backbone_19_model_2.cif.gz,/scratch/a2149a01/RAPCID_2610_output/backbone_denovo/RAPCID_backbone_rapcid_backbone_19_model_2.cif.gz,B,A,35,31,2.735,7.565,4.097,0,1,0,1,0.0,nan,chain1_F_chain2_E,0,0,1,0,0,1,0,31,0,0,0,7,0,0,1,0,0,0,1,1,0,pass_dual_rap_contact;pass_contact_balance;pass_face_angle,0.09857,0,
backbone_denovo,RAPCID_backbone_rapcid_backbone_19_model_3.cif.gz,/scratch/a2149a01/RAPCID_2610_output/backbone_denovo/RAPCID_backbone_rapcid_backbone_19_model_3.cif.gz,B,A,35,31,3.014,3.488,3.977,2,2,3,7,0.3,50.14,chain1_E_chain2_F,1,0,1,1,1,1,0,34,0,1,9,4,0,0,1,0,1,0,1,1,0,pass_dual_rap_contact;pass_face_angle,0.29381,0,
backbone_denovo,RAPCID_backbone_rapcid_backbone_19_model_4.cif.gz,/scratch/a2149a01/RAPCID_2610_output/backbone_denovo/RAPCID_backbone_rapcid_backbone_19_model_4.cif.gz,B,A,35,31,2.358,3.209,3.337,3,3,7,10,0.4118,70.95,chain1_E_chain2_F,1,1,0,1,1,1,0,23,0,0,5,6,0,0,1,1,1,1,1,1,1,,0.35334,0,
backbone_denovo,RAPCID_backbone_rapcid_backbone_19_model_5.cif.gz,/scratch/a2149a01/RAPCID_2610_output/backbone_denovo/RAPCID_backbone_rapcid_backbone_19_model_5.cif.gz,B,A,35,31,2.983,3.356,3.594,4,1,9,2,0.8182,55.18,chain1_E_chain2_F,1,1,0,1,1,1,0,10,0,0,4,5,0,0,1,0,1,0,1,1,0,pass_dual_rap_contact;pass_face_angle,0.30987,0,
backbone_denovo,RAPCID_backbone_rapcid_backbone_19_model_6.cif.gz,/scratch/a2149a01/RAPCID_2610_output/backbone_denovo/RAPCID_backbone_rapcid_backbone_19_model_6.cif.gz,B,A,35,31,2.686,2.88,3.178,4,5,8,15,0.3478,67.74,chain1_F_chain2_E,0,2,1,1,2,1,0,27,2,1,8,10,0,0,1,1,1,1,1,1,1,,0.37984,1,945
backbone_denovo,RAPCID_backbone_rapcid_backbone_19_model_7.cif.gz,/scratch/a2149a01/RAPCID_2610_output/backbone_denovo/RAPCID_backbone_rapcid_backbone_19_model_7.cif.gz,B,A,35,31,3.117,2.342,3.394,6,1,18,1,0.9474,62.67,chain1_E_chain2_F,2,0,1,0,2,0,0,32,1,1,10,0,0,0,1,0,0,1,1,1,0,pass_dual_rap_contact;pass_contact_balance,0.21153,0,
backbone_denovo,RAPCID_backbone_rapcid_backbone_1_model_0.cif.gz,/scratch/a2149a01/RAPCID_2610_output/backbone_denovo/RAPCID_backbone_rapcid_backbone_1_model_0.cif.gz,B,A,68,35,2.33,3.041,2.695,3,5,9,15,0.375,71.91,chain1_E_chain2_F,2,0,0,0,2,0,0,22,2,1,9,0,0,0,1,1,1,1,1,1,1,,0.38685,1,929
backbone_denovo,RAPCID_backbone_rapcid_backbone_1_model_1.cif.gz,/scratch/a2149a01/RAPCID_2610_output/backbone_denovo/RAPCID_backbone_rapcid_backbone_1_model_1.cif.gz,B,A,68,35,2.774,2.862,3.313,4,5,7,11,0.3889,73.0,chain1_E_chain2_F,1,0,1,0,1,0,0,31,0,1,10,5,0,0,1,1,1,1,1,1,1,,0.31412,0,
backbone_denovo,RAPCID_backbone_rapcid_backbone_1_model_2.cif.gz,/scratch/a2149a01/RAPCID_2610_output/backbone_denovo/RAPCID_backbone_rapcid_backbone_1_model_2.cif.gz,B,A,68,35,65.713,3.408,92.629,6,0,13,0,1.0,nan,chain1_E_chain2_F,2,0,0,0,2,0,0,0,0,0,10,0,0,0,1,0,0,0,1,1,0,pass_dual_rap_contact;pass_contact_balance;pass_face_angle,0.21714,0,
backbone_denovo,RAPCID_backbone_rapcid_backbone_1_model_3.cif.gz,/scratch/a2149a01/RAPCID_2610_output/backbone_denovo/RAPCID_backbone_rapcid_backbone_1_model_3.cif.gz,B,A,68,35,2.062,2.951,3.221,5,2,11,7,0.6111,92.07,chain1_E_chain2_F,1,0,1,1,1,1,0,30,1,0,8,5,0,0,1,1,1,1,1,1,1,,0.40627,1,873
backbone_denovo,RAPCID_backbone_rapcid_backbone_1_model_4.cif.gz,/scratch/a2149a01/RAPCID_2610_output/backbone_denovo/RAPCID_backbone_rapcid_backbone_1_model_4.cif.gz,B,A,68,35,2.627,2.759,2.877,8,3,14,14,0.5,57.12,chain1_F_chain2_E,0,3,0,0,3,0,0,39,1,2,16,2,3,0,1,1,1,0,1,1,0,pass_face_angle,0.43571,0,
backbone_denovo,RAPCID_backbone_rapcid_backbone_1_model_5.cif.gz,/scratch/a2149a01/RAPCID_2610_output/backbone_denovo/RAPCID_backbone_rapcid_backbone_1_model_5.cif.gz,B,A,68,35,2.07,3.317,12.296,6,0,11,0,1.0,nan,chain1_E_chain2_F,1,0,0,0,1,0,0,40,0,0,15,0,0,0,1,0,0,0,1,1,0,pass_dual_rap_contact;pass_contact_balance;pass_face_angle,0.12857,0,
backbone_denovo,RAPCID_backbone_rapcid_backbone_1_model_6.cif.gz,/scratch/a2149a01/RAPCID_2610_output/backbone_denovo/RAPCID_backbone_rapcid_backbone_1_model_6.cif.gz,B,A,68,35,2.572,3.066,3.34,7,5,27,12,0.6923,85.62,chain1_E_chain2_F,2,0,1,0,2,0,0,42,3,2,10,3,0,0,1,1,1,1,0,1,0,pass_direct_interface,0.41895,0,
backbone_denovo,RAPCID_backbone_rapcid_backbone_1_model_7.cif.gz,/scratch/a2149a01/RAPCID_2610_output/backbone_denovo/RAPCID_backbone_rapcid_backbone_1_model_7.cif.gz,B,A,68,35,2.42,3.486,2.873,3,7,12,18,0.4,68.41,chain1_F_chain2_E,0,1,2,2,1,2,0,32,1,1,6,10,1,0,1,1,1,1,1,1,1,,0.37905,1,950
backbone_denovo,RAPCID_backbone_rapcid_backbone_200_model_0.cif.gz,/scratch/a2149a01/RAPCID_2610_output/backbone_denovo/RAPCID_backbone_rapcid_backbone_200_model_0.cif.gz,B,A,43,36,2.965,2.955,3.522,3,3,8,9,0.4706,66.61,chain1_E_chain2_F,2,0,1,0,2,0,0,31,2,1,6,0,0,0,1,1,1,1,1,1,1,,0.35538,0,
backbone_denovo,RAPCID_backbone_rapcid_backbone_200_model_1.cif.gz,/scratch/a2149a01/RAPCID_2610_output/backbone_denovo/RAPCID_backbone_rapcid_backbone_200_model_1.cif.gz,B,A,43,36,2.652,4.183,3.51,1,3,1,16,0.0588,71.94,chain1_E_chain2_F,0,1,0,2,0,2,0,23,0,2,1,8,1,1,1,0,0,1,1,1,0,pass_dual_rap_contact;pass_contact_balance,0.23881,0,
backbone_denovo,RAPCID_backbone_rapcid_backbone_200_model_2.cif.gz,/scratch/a2149a01/RAPCID_2610_output/backbone_denovo/RAPCID_backbone_rapcid_backbone_200_model_2.cif.gz,B,A,43,36,2.244,3.434,2.87,3,3,5,5,0.5,55.6,chain1_F_chain2_E,1,0,2,0,0,2,0,25,1,1,1,5,0,0,1,1,1,0,1,1,0,pass_face_angle,0.36548,0,
backbone_denovo,RAPCID_backbone_rapcid_backbone_200_model_3.cif.gz,/scratch/a2149a01/RAPCID_2610_output/backbone_denovo/RAPCID_backbone_rapcid_backbone_200_model_3.cif.gz,B,A,43,36,3.379,3.855,3.826,4,4,9,10,0.4737,68.05,chain1_E_chain2_F,1,0,0,2,1,2,0,16,0,0,10,9,0,0,1,1,1,1,1,1,1,,0.43519,1,793
backbone_denovo,RAPCID_backbone_rapcid_backbone_200_model_4.cif.gz,/scratch/a2149a01/RAPCID_2610_output/backbone_denovo/RAPCID_backbone_rapcid_backbone_200_model_4.cif.gz,B,A,43,36,2.783,3.144,3.219,4,4,15,14,0.5172,89.05,chain1_F_chain2_E,1,1,1,0,1,1,0,36,0,1,6,8,0,0,1,1,1,1,1,1,1,,0.43373,1,797
backbone_denovo,RAPCID_backbone_rapcid_backbone_200_model_5.cif.gz,/scratch/a2149a01/RAPCID_2610_output/backbone_denovo/RAPCID_backbone_rapcid_backbone_200_model_5.cif.gz,B,A,43,36,2.588,2.745,3.163,5,4,16,10,0.6154,56.65,chain1_F_chain2_E,1,1,3,0,1,3,0,35,1,2,4,9,0,0,1,1,1,0,1,1,0,pass_face_angle,0.41813,0,
backbone_denovo,RAPCID_backbone_rapcid_backbone_200_model_6.cif.gz,/scratch/a2149a01/RAPCID_2610_output/backbone_denovo/RAPCID_backbone_rapcid_backbone_200_model_6.cif.gz,B,A,43,36,2.353,3.436,11.061,3,0,11,0,1.0,nan,chain1_E_chain2_F,1,0,0,0,1,0,0,37,0,0,12,0,0,0,1,0,0,0,1,1,0,pass_dual_rap_contact;pass_contact_balance;pass_face_angle,0.12857,0,
backbone_denovo,RAPCID_backbone_rapcid_backbone_200_model_7.cif.gz,/scratch/a2149a01/RAPCID_2610_output/backbone_denovo/RAPCID_backbone_rapcid_backbone_200_model_7.cif.gz,B,A,43,36,3.011,3.144,3.156,3,4,8,12,0.4,90.22,chain1_E_chain2_F,1,0,0,2,1,2,0,39,1,0,10,8,0,0,1,1,1,1,1,1,1,,0.43312,1,802
backbone_denovo,RAPCID_backbone_rapcid_backbone_201_model_0.cif.gz,/scratch/a2149a01/RAPCID_2610_output/backbone_denovo/RAPCID_backbone_rapcid_backbone_201_model_0.cif.gz,A,B,66,43,2.03,3.289,3.315,2,3,4,9,0.3077,49.84,chain1_E_chain2_F,1,0,0,0,1,0,0,36,1,1,7,0,0,0,1,1,1,0,1,1,0,pass_face_angle,0.25498,0,
backbone_denovo,RAPCID_backbone_rapcid_backbone_201_model_1.cif.gz,/scratch/a2149a01/RAPCID_2610_output/backbone_denovo/RAPCID_backbone_rapcid_backbone_201_model_1.cif.gz,A,B,66,43,2.062,6.999,2.983,0,7,0,22,0.0,nan,chain1_F_chain2_E,0,0,2,1,0,2,0,44,0,1,0,10,0,0,1,0,0,0,0,1,0,pass_dual_rap_contact;pass_contact_balance;pass_face_angle;pass_direct_interface,0.17381,0,
backbone_denovo,RAPCID_backbone_rapcid_backbone_201_model_2.cif.gz,/scratch/a2149a01/RAPCID_2610_output/backbone_denovo/RAPCID_backbone_rapcid_backbone_201_model_2.cif.gz,A,B,66,43,39.702,3.092,64.037,9,0,26,0,1.0,nan,chain1_E_chain2_F,2,1,0,0,2,0,0,0,0,0,10,0,0,0,1,0,0,0,1,1,0,pass_dual_rap_contact;pass_contact_balance;pass_face_angle,0.21714,0,
backbone_denovo,RAPCID_backbone_rapcid_backbone_201_model_3.cif.gz,/scratch/a2149a01/RAPCID_2610_output/backbone_denovo/RAPCID_backbone_rapcid_backbone_201_model_3.cif.gz,A,B,66,43,3.184,3.066,3.389,4,4,12,8,0.6,68.79,chain1_E_chain2_F,2,0,1,0,2,0,0,17,0,0,11,7,0,1,1,1,1,1,1,1,1,,0.37214,1,972
backbone_denovo,RAPCID_backbone_rapcid_backbone_201_model_4.cif.gz,/scratch/a2149a01/RAPCID_2610_output/backbone_denovo/RAPCID_backbone_rapcid_backbone_201_model_4.cif.gz,A,B,66,43,2.717,6.64,13.044,0,0,0,0,0.0,nan,chain1_E_chain2_F,0,0,0,0,0,0,0,43,0,0,0,0,0,0,1,0,0,0,0,1,0,pass_dual_rap_contact;pass_contact_balance;pass_face_angle;pass_direct_interface,0.0,0,
backbone_denovo,RAPCID_backbone_rapcid_backbone_201_model_5.cif.gz,/scratch/a2149a01/RAPCID_2610_output/backbone_denovo/RAPCID_backbone_rapcid_backbone_201_model_5.cif.gz,A,B,66,43,2.593,11.489,2.074,0,7,0,18,0.0,nan,chain1_F_chain2_E,0,0,1,0,0,1,0,14,0,0,0,8,0,0,1,0,0,0,1,1,0,pass_dual_rap_contact;pass_contact_balance;pass_face_angle,0.17857,0,
backbone_denovo,RAPCID_backbone_rapcid_backbone_201_model_6.cif.gz,/scratch/a2149a01/RAPCID_2610_output/backbone_denovo/RAPCID_backbone_rapcid_backbone_201_model_6.cif.gz,A,B,66,43,60.433,2.882,92.17,9,0,27,0,1.0,nan,chain1_E_chain2_F,3,0,0,0,3,0,1,0,0,0,12,0,0,0,1,0,0,0,1,1,0,pass_dual_rap_contact;pass_contact_balance;pass_face_angle,0.27429,0,
backbone_denovo,RAPCID_backbone_rapcid_backbone_201_model_7.cif.gz,/scratch/a2149a01/RAPCID_2610_output/backbone_denovo/RAPCID_backbone_rapcid_backbone_201_model_7.cif.gz,A,B,66,43,2.825,3.243,3.091,4,3,13,11,0.5417,72.25,chain1_E_chain2_F,1,0,1,0,1,0,0,34,1,0,8,1,0,0,1,1,1,1,1,1,1,,0.3294,0,
backbone_denovo,RAPCID_backbone_rapcid_backbone_202_model_0.cif.gz,/scratch/a2149a01/RAPCID_2610_output/backbone_denovo/RAPCID_backbone_rapcid_backbone_202_model_0.cif.gz,B,A,61,59,2.205,3.264,2.775,2,4,6,7,0.4615,57.04,chain1_F_chain2_E,1,0,2,0,0,2,0,53,0,2,0,12,0,0,1,1,1,0,0,1,0,pass_face_angle;pass_direct_interface,0.37509,0,
backbone_denovo,RAPCID_backbone_rapcid_backbone_202_model_1.cif.gz,/scratch/a2149a01/RAPCID_2610_output/backbone_denovo/RAPCID_backbone_rapcid_backbone_202_model_1.cif.gz,B,A,61,59,1.942,3.187,6.333,1,0,4,0,1.0,nan,chain1_E_chain2_F,2,0,0,0,2,0,0,37,0,0,5,0,1,0,0,0,0,0,1,1,0,pass_no_clash;pass_dual_rap_contact;pass_contact_balance;pass_face_angle,0.10714,0,
backbone_denovo,RAPCID_backbone_rapcid_backbone_202_model_2.cif.gz,/scratch/a2149a01/RAPCID_2610_output/backbone_denovo/RAPCID_backbone_rapcid_backbone_202_model_2.cif.gz,B,A,61,59,2.641,3.031,3.101,2,3,4,14,0.2222,41.09,chain1_F_chain2_E,1,0,2,0,0,2,0,49,2,2,0,13,0,0,1,1,1,0,0,1,0,pass_face_angle;pass_direct_interface,0.3127,0,
backbone_denovo,RAPCID_backbone_rapcid_backbone_202_model_3.cif.gz,/scratch/a2149a01/RAPCID_2610_output/backbone_denovo/RAPCID_backbone_rapcid_backbone_202_model_3.cif.gz,B,A,61,59,2.735,3.93,2.942,2,5,4,17,0.1905,59.84,chain1_F_chain2_E,0,0,2,0,0,2,0,34,0,2,0,7,0,0,1,1,1,0,1,1,0,pass_face_angle,0.23667,0,
backbone_denovo,RAPCID_backbone_rapcid_backbone_202_model_4.cif.gz,/scratch/a2149a01/RAPCID_2610_output/backbone_denovo/RAPCID_backbone_rapcid_backbone_202_model_4.cif.gz,B,A,61,59,2.7,3.283,4.181,3,2,9,3,0.75,54.56,chain1_F_chain2_E,1,1,1,0,1,1,0,40,1,0,4,8,0,0,1,0,1,0,1,1,0,pass_dual_rap_contact;pass_face_angle,0.27381,0,
backbone_denovo,RAPCID_backbone_rapcid_backbone_202_model_5.cif.gz,/scratch/a2149a01/RAPCID_2610_output/backbone_denovo/RAPCID_backbone_rapcid_backbone_202_model_5.cif.gz,B,A,61,59,2.409,6.02,2.479,0,5,0,24,0.0,nan,chain1_F_chain2_E,0,0,2,0,0,2,0,28,0,1,0,9,0,0,1,0,0,0,1,1,0,pass_dual_rap_contact;pass_contact_balance;pass_face_angle,0.16381,0,
backbone_denovo,RAPCID_backbone_rapcid_backbone_202_model_6.cif.gz,/scratch/a2149a01/RAPCID_2610_output/backbone_denovo/RAPCID_backbone_rapcid_backbone_202_model_6.cif.gz,B,A,61,59,2.492,8.965,3.632,0,4,0,10,0.0,nan,chain1_F_chain2_E,0,0,2,0,0,2,0,43,0,0,0,14,0,1,1,0,0,0,0,1,0,pass_dual_rap_contact;pass_contact_balance;pass_face_angle;pass_direct_interface,0.15714,0,
backbone_denovo,RAPCID_backbone_rapcid_backbone_202_model_7.cif.gz,/scratch/a2149a01/RAPCID_2610_output/backbone_denovo/RAPCID_backbone_rapcid_backbone_202_model_7.cif.gz,B,A,61,59,2.761,2.407,7.47,2,0,10,0,1.0,nan,chain1_E_chain2_F,0,0,0,0,0,0,0,48,1,0,5,0,0,0,1,0,0,0,0,1,0,pass_dual_rap_contact;pass_contact_balance;pass_face_angle;pass_direct_interface,0.06667,0,
backbone_denovo,RAPCID_backbone_rapcid_backbone_203_model_0.cif.gz,/scratch/a2149a01/RAPCID_2610_output/backbone_denovo/RAPCID_backbone_rapcid_backbone_203_model_0.cif.gz,B,A,46,31,2.491,3.351,3.31,3,3,8,9,0.4706,60.73,chain1_F_chain2_E,0,1,1,0,1,1,0,23,1,2,7,7,1,0,1,1,1,1,1,1,1,,0.42038,1,836
backbone_denovo,RAPCID_backbone_rapcid_backbone_203_model_1.cif.gz,/scratch/a2149a01/RAPCID_2610_output/backbone_denovo/RAPCID_backbone_rapcid_backbone_203_model_1.cif.gz,B,A,46,31,2.817,3.55,3.446,6,2,15,4,0.7895,66.86,chain1_E_chain2_F,1,1,0,1,1,1,0,34,2,0,10,4,0,0,1,1,1,1,1,1,1,,0.27469,0,
backbone_denovo,RAPCID_backbone_rapcid_backbone_203_model_2.cif.gz,/scratch/a2149a01/RAPCID_2610_output/backbone_denovo/RAPCID_backbone_rapcid_backbone_203_model_2.cif.gz,B,A,46,31,2.834,3.084,3.573,3,3,15,5,0.75,36.96,chain1_F_chain2_E,0,2,0,1,2,0,0,35,2,1,7,0,1,0,1,1,1,0,1,1,0,pass_face_angle,0.27714,0,
backbone_denovo,RAPCID_backbone_rapcid_backbone_203_model_3.cif.gz,/scratch/a2149a01/RAPCID_2610_output/backbone_denovo/RAPCID_backbone_rapcid_backbone_203_model_3.cif.gz,B,A,46,31,2.574,3.184,2.991,4,2,12,4,0.75,64.95,chain1_E_chain2_F,1,0,0,1,1,1,0,29,1,0,7,6,0,0,1,1,1,1,1,1,1,,0.27381,0,
backbone_denovo,RAPCID_backbone_rapcid_backbone_203_model_4.cif.gz,/scratch/a2149a01/RAPCID_2610_output/backbone_denovo/RAPCID_backbone_rapcid_backbone_203_model_4.cif.gz,B,A,46,31,2.739,9.893,3.453,0,3,0,8,0.0,nan,chain1_F_chain2_E,0,0,1,0,0,1,0,29,0,0,0,8,0,0,1,0,0,0,1,1,0,pass_dual_rap_contact;pass_contact_balance;pass_face_angle,0.10857,0,
backbone_denovo,RAPCID_backbone_rapcid_backbone_203_model_5.cif.gz,/scratch/a2149a01/RAPCID_2610_output/backbone_denovo/RAPCID_backbone_rapcid_backbone_203_model_5.cif.gz,B,A,46,31,1.845,2.892,7.931,3,0,9,0,1.0,nan,chain1_E_chain2_F,0,0,0,0,0,0,0,28,1,0,4,0,0,0,0,0,0,0,1,1,0,pass_no_clash;pass_dual_rap_contact;pass_contact_balance;pass_face_angle,0.05667,0,
backbone_denovo,RAPCID_backbone_rapcid_backbone_203_model_6.cif.gz,/scratch/a2149a01/RAPCID_2610_output/backbone_denovo/RAPCID_backbone_rapcid_backbone_203_model_6.cif.gz,B,A,46,31,2.48,3.025,2.925,4,4,8,9,0.4706,74.88,chain1_E_chain2_F,2,0,2,0,2,0,1,21,1,1,5,0,0,0,1,1,1,1,1,1,1,,0.41187,1,853
backbone_denovo,RAPCID_backbone_rapcid_backbone_203_model_7.cif.gz,/scratch/a2149a01/RAPCID_2610_output/backbone_denovo/RAPCID_backbone_rapcid_backbone_203_model_7.cif.gz,B,A,46,31,2.143,3.314,3.483,5,6,8,17,0.32,84.5,chain1_E_chain2_F,1,1,0,3,1,3,0,25,1,2,10,11,0,0,1,1,1,1,1,1,1,,0.45894,1,730
backbone_denovo,RAPCID_backbone_rapcid_backbone_204_model_0.cif.gz,/scratch/a2149a01/RAPCID_2610_output/backbone_denovo/RAPCID_backbone_rapcid_backbone_204_model_0.cif.gz,A,B,67,52,2.258,2.372,3.539,4,1,17,5,0.7727,81.13,chain1_E_chain2_F,2,0,0,0,2,0,0,28,0,1,14,1,0,0,1,0,1,1,1,1,0,pass_dual_rap_contact,0.30516,0,
backbone_denovo,RAPCID_backbone_rapcid_backbone_204_model_1.cif.gz,/scratch/a2149a01/RAPCID_2610_output/backbone_denovo/RAPCID_backbone_rapcid_backbone_204_model_1.cif.gz,A,B,67,52,2.558,3.121,3.358,3,4,10,12,0.4545,72.44,chain1_E_chain2_F,1,1,0,3,1,3,0,44,2,2,9,11,0,1,1,1,1,1,0,1,0,pass_direct_interface,0.47425,0,
backbone_denovo,RAPCID_backbone_rapcid_backbone_204_model_2.cif.gz,/scratch/a2149a01/RAPCID_2610_output/backbone_denovo/RAPCID_backbone_rapcid_backbone_204_model_2.cif.gz,A,B,67,52,2.615,16.354,2.781,0,11,0,31,0.0,nan,chain1_E_chain2_F,0,0,2,3,0,3,0,4,0,0,0,16,1,1,1,0,0,0,1,1,0,pass_dual_rap_contact;pass_contact_balance;pass_face_angle,0.26571,0,
backbone_denovo,RAPCID_backbone_rapcid_backbone_204_model_3.cif.gz,/scratch/a2149a01/RAPCID_2610_output/backbone_denovo/RAPCID_backbone_rapcid_backbone_204_model_3.cif.gz,A,B,67,52,2.14,3.247,3.386,3,5,9,5,0.6429,57.34,chain1_E_chain2_F,2,0,1,1,2,1,0,39,1,1,9,9,0,0,1,1,1,0,1,1,0,pass_face_angle,0.3619,0,
backbone_denovo,RAPCID_backbone_rapcid_backbone_204_model_4.cif.gz,/scratch/a2149a01/RAPCID_2610_output/backbone_denovo/RAPCID_backbone_rapcid_backbone_204_model_4.cif.gz,A,B,67,52,1.887,3.346,2.411,3,4,8,16,0.3333,91.02,chain1_F_chain2_E,1,0,2,0,0,2,0,34,1,2,7,9,0,0,0,1,1,1,1,1,0,pass_no_clash,0.41386,0,
backbone_denovo,RAPCID_backbone_rapcid_backbone_204_model_5.cif.gz,/scratch/a2149a01/RAPCID_2610_output/backbone_denovo/RAPCID_backbone_rapcid_backbone_204_model_5.cif.gz,A,B,67,52,1.715,3.266,3.418,3,4,11,12,0.4783,81.23,chain1_E_chain2_F,2,0,0,2,2,2,0,20,1,0,13,8,1,0,0,1,1,1,1,1,0,pass_no_clash,0.50304,0,
backbone_denovo,RAPCID_backbone_rapcid_backbone_204_model_6.cif.gz,/scratch/a2149a01/RAPCID_2610_output/backbone_denovo/RAPCID_backbone_rapcid_backbone_204_model_6.cif.gz,A,B,67,52,2.772,3.781,3.39,4,3,9,4,0.6923,63.36,chain1_E_chain2_F,1,0,0,1,1,1,0,41,1,1,11,9,0,0,1,1,1,1,0,1,0,pass_direct_interface,0.31355,0,
backbone_denovo,RAPCID_backbone_rapcid_backbone_204_model_7.cif.gz,/scratch/a2149a01/RAPCID_2610_output/backbone_denovo/RAPCID_backbone_rapcid_backbone_204_model_7.cif.gz,A,B,67,52,2.522,3.657,3.748,4,4,9,9,0.5,78.11,chain1_E_chain2_F,1,1,0,2,1,2,0,55,0,1,11,10,0,0,1,1,1,1,0,1,0,pass_direct_interface,0.43275,0,
backbone_denovo,RAPCID_backbone_rapcid_backbone_205_model_0.cif.gz,/scratch/a2149a01/RAPCID_2610_output/backbone_denovo/RAPCID_backbone_rapcid_backbone_205_model_0.cif.gz,B,A,68,59,3.235,2.578,5.954,6,0,14,0,1.0,nan,chain1_E_chain2_F,2,0,0,0,2,0,0,21,1,0,11,0,0,0,1,0,0,0,1,1,0,pass_dual_rap_contact;pass_contact_balance;pass_face_angle,0.20881,0,
backbone_denovo,RAPCID_backbone_rapcid_backbone_205_model_1.cif.gz,/scratch/a2149a01/RAPCID_2610_output/backbone_denovo/RAPCID_backbone_rapcid_backbone_205_model_1.cif.gz,B,A,68,59,2.925,5.347,2.738,0,3,0,11,0.0,nan,chain1_F_chain2_E,0,0,1,0,0,1,0,32,0,0,0,6,0,0,1,0,0,0,1,1,0,pass_dual_rap_contact;pass_contact_balance;pass_face_angle,0.08857,0,
backbone_denovo,RAPCID_backbone_rapcid_backbone_205_model_2.cif.gz,/scratch/a2149a01/RAPCID_2610_output/backbone_denovo/RAPCID_backbone_rapcid_backbone_205_model_2.cif.gz,B,A,68,59,34.138,2.763,51.524,7,0,19,0,1.0,nan,chain1_E_chain2_F,2,0,0,0,2,0,0,0,0,0,19,0,0,3,1,0,0,0,1,1,0,pass_dual_rap_contact;pass_contact_balance;pass_face_angle,0.21714,0,
backbone_denovo,RAPCID_backbone_rapcid_backbone_205_model_3.cif.gz,/scratch/a2149a01/RAPCID_2610_output/backbone_denovo/RAPCID_backbone_rapcid_backbone_205_model_3.cif.gz,B,A,68,59,2.548,2.566,8.473,7,0,32,0,1.0,nan,chain1_E_chain2_F,2,1,0,0,2,0,0,41,2,0,17,0,1,0,1,0,0,0,0,1,0,pass_dual_rap_contact;pass_contact_balance;pass_face_angle;pass_direct_interface,0.19048,0,
backbone_denovo,RAPCID_backbone_rapcid_backbone_205_model_4.cif.gz,/scratch/a2149a01/RAPCID_2610_output/backbone_denovo/RAPCID_backbone_rapcid_backbone_205_model_4.cif.gz,B,A,68,59,2.512,2.693,2.763,6,3,12,14,0.4615,100.2,chain1_F_chain2_E,1,2,1,0,2,1,0,49,1,1,12,6,0,0,1,1,1,1,0,1,0,pass_direct_interface,0.50766,0,
backbone_denovo,RAPCID_backbone_rapcid_backbone_205_model_5.cif.gz,/scratch/a2149a01/RAPCID_2610_output/backbone_denovo/RAPCID_backbone_rapcid_backbone_205_model_5.cif.gz,B,A,68,59,18.291,27.182,3.011,0,13,0,27,0.0,nan,chain1_E_chain2_F,0,0,2,2,0,2,0,0,0,0,0,14,0,0,1,0,0,0,1,1,0,pass_dual_rap_contact;pass_contact_balance;pass_face_angle,0.21714,0,
backbone_denovo,RAPCID_backbone_rapcid_backbone_205_model_6.cif.gz,/scratch/a2149a01/RAPCID_2610_output/backbone_denovo/RAPCID_backbone_rapcid_backbone_205_model_6.cif.gz,B,A,68,59,52.208,3.234,76.106,5,0,12,0,1.0,nan,chain1_E_chain2_F,2,0,0,0,2,0,0,0,0,0,15,0,1,2,1,0,0,0,1,1,0,pass_dual_rap_contact;pass_contact_balance;pass_face_angle,0.21714,0,
backbone_denovo,RAPCID_backbone_rapcid_backbone_205_model_7.cif.gz,/scratch/a2149a01/RAPCID_2610_output/backbone_denovo/RAPCID_backbone_rapcid_backbone_205_model_7.cif.gz,B,A,68,59,2.216,2.14,2.941,6,3,24,8,0.75,75.29,chain1_E_chain2_F,2,0,1,0,2,0,0,43,1,1,16,3,0,0,1,1,1,1,0,1,0,pass_direct_interface,0.31146,0,
backbone_denovo,RAPCID_backbone_rapcid_backbone_206_model_0.cif.gz,/scratch/a2149a01/RAPCID_2610_output/backbone_denovo/RAPCID_backbone_rapcid_backbone_206_model_0.cif.gz,B,A,66,61,2.597,3.726,3.339,3,5,3,10,0.2308,64.07,chain1_F_chain2_E,0,1,1,1,1,1,0,55,0,0,10,6,0,1,1,0,1,1,0,1,0,pass_dual_rap_contact;pass_direct_interface,0.24945,0,
backbone_denovo,RAPCID_backbone_rapcid_backbone_206_model_1.cif.gz,/scratch/a2149a01/RAPCID_2610_output/backbone_denovo/RAPCID_backbone_rapcid_backbone_206_model_1.cif.gz,B,A,66,61,2.741,3.52,3.356,2,1,7,2,0.7778,47.81,chain1_E_chain2_F,1,0,1,0,1,0,0,27,1,0,9,0,0,0,1,0,1,0,1,1,0,pass_dual_rap_contact;pass_face_angle,0.22913,0,
backbone_denovo,RAPCID_backbone_rapcid_backbone_206_model_2.cif.gz,/scratch/a2149a01/RAPCID_2610_output/backbone_denovo/RAPCID_backbone_rapcid_backbone_206_model_2.cif.gz,B,A,66,61,2.826,2.727,3.23,8,6,19,16,0.5429,85.26,chain1_E_chain2_F,2,0,1,1,2,1,0,38,0,1,16,10,0,0,1,1,1,1,1,1,1,,0.43945,1,776
backbone_denovo,RAPCID_backbone_rapcid_backbone_206_model_3.cif.gz,/scratch/a2149a01/RAPCID_2610_output/backbone_denovo/RAPCID_backbone_rapcid_backbone_206_model_3.cif.gz,B,A,66,61,2.636,2.876,11.342,8,0,18,0,1.0,nan,chain1_E_chain2_F,1,1,0,0,1,0,0,29,0,0,5,0,0,0,1,0,0,0,1,1,0,pass_dual_rap_contact;pass_contact_balance;pass_face_angle,0.07857,0,
backbone_denovo,RAPCID_backbone_rapcid_backbone_206_model_4.cif.gz,/scratch/a2149a01/RAPCID_2610_output/backbone_denovo/RAPCID_backbone_rapcid_backbone_206_model_4.cif.gz,B,A,66,61,11.844,2.617,33.495,6,0,20,0,1.0,nan,chain1_E_chain2_F,2,1,0,0,2,0,0,0,0,0,9,0,0,0,1,0,0,0,1,1,0,pass_dual_rap_contact;pass_contact_balance;pass_face_angle,0.20714,0,
backbone_denovo,RAPCID_backbone_rapcid_backbone_206_model_5.cif.gz,/scratch/a2149a01/RAPCID_2610_output/backbone_denovo/RAPCID_backbone_rapcid_backbone_206_model_5.cif.gz,B,A,66,61,2.68,3.226,2.415,5,4,20,10,0.6667,85.55,chain1_E_chain2_F,1,0,1,0,1,0,0,33,3,1,11,4,0,0,1,1,1,1,1,1,1,,0.38375,1,938
backbone_denovo,RAPCID_backbone_rapcid_backbone_206_model_6.cif.gz,/scratch/a2149a01/RAPCID_2610_output/backbone_denovo/RAPCID_backbone_rapcid_backbone_206_model_6.cif.gz,B,A,66,61,14.231,2.549,40.364,7,0,13,0,1.0,nan,chain1_E_chain2_F,2,1,0,0,2,0,0,0,0,0,14,0,0,1,1,0,0,0,1,1,0,pass_dual_rap_contact;pass_contact_balance;pass_face_angle,0.21714,0,
backbone_denovo,RAPCID_backbone_rapcid_backbone_206_model_7.cif.gz,/scratch/a2149a01/RAPCID_2610_output/backbone_denovo/RAPCID_backbone_rapcid_backbone_206_model_7.cif.gz,B,A,66,61,1.944,2.925,3.288,2,2,8,4,0.6667,60.44,chain1_E_chain2_F,2,0,0,0,2,0,1,47,1,0,10,0,0,0,0,1,1,1,0,1,0,pass_no_clash;pass_direct_interface,0.33571,0,
backbone_denovo,RAPCID_backbone_rapcid_backbone_207_model_0.cif.gz,/scratch/a2149a01/RAPCID_2610_output/backbone_denovo/RAPCID_backbone_rapcid_backbone_207_model_0.cif.gz,B,A,58,33,1.997,3.293,3.659,4,1,10,1,0.9091,74.47,chain1_E_chain2_F,1,0,0,1,1,1,0,29,0,0,9,7,0,0,0,0,0,1,1,1,0,pass_no_clash;pass_dual_rap_contact;pass_contact_balance,0.21173,0,
backbone_denovo,RAPCID_backbone_rapcid_backbone_207_model_1.cif.gz,/scratch/a2149a01/RAPCID_2610_output/backbone_denovo/RAPCID_backbone_rapcid_backbone_207_model_1.cif.gz,B,A,58,33,2.178,2.523,3.496,2,1,7,2,0.7778,66.59,chain1_E_chain2_F,1,0,1,0,1,0,0,44,0,1,5,0,1,0,1,0,1,1,0,1,0,pass_dual_rap_contact;pass_direct_interface,0.18413,0,
backbone_denovo,RAPCID_backbone_rapcid_backbone_207_model_2.cif.gz,/scratch/a2149a01/RAPCID_2610_output/backbone_denovo/RAPCID_backbone_rapcid_backbone_207_model_2.cif.gz,B,A,58,33,2.53,3.481,3.446,5,3,9,9,0.5,57.4,chain1_F_chain2_E,0,3,1,0,3,1,0,51,2,2,8,11,0,0,1,1,1,0,0,1,0,pass_face_angle;pass_direct_interface,0.48095,0,
backbone_denovo,RAPCID_backbone_rapcid_backbone_207_model_3.cif.gz,/scratch/a2149a01/RAPCID_2610_output/backbone_denovo/RAPCID_backbone_rapcid_backbone_207_model_3.cif.gz,B,A,58,33,2.737,2.34,9.981,6,0,11,0,1.0,nan,chain1_F_chain2_E,0,2,0,0,2,0,0,30,0,0,12,0,0,0,1,0,0,0,1,1,0,pass_dual_rap_contact;pass_contact_balance;pass_face_angle,0.15714,0,
backbone_denovo,RAPCID_backbone_rapcid_backbone_207_model_4.cif.gz,/scratch/a2149a01/RAPCID_2610_output/backbone_denovo/RAPCID_backbone_rapcid_backbone_207_model_4.cif.gz,B,A,58,33,2.918,2.588,3.399,5,4,15,11,0.5769,89.98,chain1_E_chain2_F,0,0,1,1,0,1,0,25,1,1,4,6,0,0,1,1,1,1,1,1,1,,0.41606,1,847
backbone_denovo,RAPCID_backbone_rapcid_backbone_207_model_5.cif.gz,/scratch/a2149a01/RAPCID_2610_output/backbone_denovo/RAPCID_backbone_rapcid_backbone_207_model_5.cif.gz,B,A,58,33,2.545,3.689,3.722,1,4,7,7,0.5,82.98,chain1_E_chain2_F,0,0,1,1,0,1,0,21,1,0,6,6,1,0,1,0,1,1,1,1,0,pass_dual_rap_contact,0.42685,0,
backbone_denovo,RAPCID_backbone_rapcid_backbone_207_model_6.cif.gz,/scratch/a2149a01/RAPCID_2610_output/backbone_denovo/RAPCID_backbone_rapcid_backbone_207_model_6.cif.gz,B,A,58,33,2.696,2.953,3.766,8,3,19,5,0.7917,101.2,chain1_E_chain2_F,2,0,1,1,2,1,0,35,1,0,11,6,1,0,1,1,1,1,1,1,1,,0.39304,1,906
backbone_denovo,RAPCID_backbone_rapcid_backbone_207_model_7.cif.gz,/scratch/a2149a01/RAPCID_2610_output/backbone_denovo/RAPCID_backbone_rapcid_backbone_207_model_7.cif.gz,B,A,58,33,2.68,3.289,3.745,5,1,10,1,0.9091,115.33,chain1_E_chain2_F,2,0,0,0,2,0,1,33,0,0,9,0,0,0,1,0,0,1,1,1,0,pass_dual_rap_contact;pass_contact_balance,0.3665,0,
backbone_denovo,RAPCID_backbone_rapcid_backbone_208_model_0.cif.gz,/scratch/a2149a01/RAPCID_2610_output/backbone_denovo/RAPCID_backbone_rapcid_backbone_208_model_0.cif.gz,A,B,60,35,2.344,2.397,5.214,5,0,14,0,1.0,nan,chain1_E_chain2_F,1,0,0,0,1,0,0,38,0,0,9,0,1,0,1,0,0,0,1,1,0,pass_dual_rap_contact;pass_contact_balance;pass_face_angle,0.11857,0,
backbone_denovo,RAPCID_backbone_rapcid_backbone_208_model_1.cif.gz,/scratch/a2149a01/RAPCID_2610_output/backbone_denovo/RAPCID_backbone_rapcid_backbone_208_model_1.cif.gz,A,B,60,35,3.129,11.24,3.091,0,5,0,13,0.0,nan,chain1_F_chain2_E,0,0,1,0,0,1,0,24,0,0,0,6,0,0,1,0,0,0,1,1,0,pass_dual_rap_contact;pass_contact_balance;pass_face_angle,0.10857,0,
backbone_denovo,RAPCID_backbone_rapcid_backbone_208_model_2.cif.gz,/scratch/a2149a01/RAPCID_2610_output/backbone_denovo/RAPCID_backbone_rapcid_backbone_208_model_2.cif.gz,A,B,60,35,1.527,3.364,4.613,3,0,10,0,1.0,nan,chain1_E_chain2_F,1,0,0,0,1,0,0,30,0,0,6,0,0,0,0,0,0,0,1,1,0,pass_no_clash;pass_dual_rap_contact;pass_contact_balance;pass_face_angle,0.08857,0,
backbone_denovo,RAPCID_backbone_rapcid_backbone_208_model_3.cif.gz,/scratch/a2149a01/RAPCID_2610_output/backbone_denovo/RAPCID_backbone_rapcid_backbone_208_model_3.cif.gz,A,B,60,35,2.847,3.063,3.127,5,2,10,5,0.6667,53.43,chain1_E_chain2_F,2,0,1,0,2,0,0,15,1,1,10,0,0,0,1,1,1,0,1,1,0,pass_face_angle,0.38881,0,
backbone_denovo,RAPCID_backbone_rapcid_backbone_208_model_4.cif.gz,/scratch/a2149a01/RAPCID_2610_output/backbone_denovo/RAPCID_backbone_rapcid_backbone_208_model_4.cif.gz,A,B,60,35,3.188,3.277,4.177,5,3,12,3,0.8,42.52,chain1_E_chain2_F,1,0,1,0,1,0,0,41,1,0,9,0,0,0,1,0,1,0,0,1,0,pass_dual_rap_contact;pass_face_angle;pass_direct_interface,0.21524,0,
backbone_denovo,RAPCID_backbone_rapcid_backbone_208_model_5.cif.gz,/scratch/a2149a01/RAPCID_2610_output/backbone_denovo/RAPCID_backbone_rapcid_backbone_208_model_5.cif.gz,A,B,60,35,2.482,2.354,3.755,3,1,8,1,0.8889,25.11,chain1_E_chain2_F,2,0,0,0,2,0,0,39,1,1,7,0,0,0,1,0,1,0,1,1,0,pass_dual_rap_contact;pass_face_angle,0.20492,0,
backbone_denovo,RAPCID_backbone_rapcid_backbone_208_model_6.cif.gz,/scratch/a2149a01/RAPCID_2610_output/backbone_denovo/RAPCID_backbone_rapcid_backbone_208_model_6.cif.gz,A,B,60,35,2.775,2.96,3.02,4,4,6,19,0.24,67.4,chain1_E_chain2_F,1,0,1,0,1,0,0,34,0,1,8,0,0,1,1,1,1,1,1,1,1,,0.22124,0,
backbone_denovo,RAPCID_backbone_rapcid_backbone_208_model_7.cif.gz,/scratch/a2149a01/RAPCID_2610_output/backbone_denovo/RAPCID_backbone_rapcid_backbone_208_model_7.cif.gz,A,B,60,35,2.65,2.26,3.915,4,1,15,2,0.8824,100.1,chain1_E_chain2_F,2,0,0,1,2,1,0,30,0,0,7,7,1,0,1,0,1,1,1,1,0,pass_dual_rap_contact,0.33642,0,
backbone_denovo,RAPCID_backbone_rapcid_backbone_209_model_0.cif.gz,/scratch/a2149a01/RAPCID_2610_output/backbone_denovo/RAPCID_backbone_rapcid_backbone_209_model_0.cif.gz,A,B,69,60,2.799,3.157,3.132,5,4,11,9,0.55,68.4,chain1_F_chain2_E,1,1,2,0,1,2,0,54,0,2,3,10,0,0,1,1,1,1,0,1,0,pass_direct_interface,0.39905,0,
backbone_denovo,RAPCID_backbone_rapcid_backbone_209_model_1.cif.gz,/scratch/a2149a01/RAPCID_2610_output/backbone_denovo/RAPCID_backbone_rapcid_backbone_209_model_1.cif.gz,A,B,69,60,2.998,2.893,12.642,5,0,14,0,1.0,nan,chain1_E_chain2_F,1,0,0,0,1,0,0,33,0,0,14,0,1,0,1,0,0,0,1,1,0,pass_dual_rap_contact;pass_contact_balance;pass_face_angle,0.12857,0,
backbone_denovo,RAPCID_backbone_rapcid_backbone_209_model_2.cif.gz,/scratch/a2149a01/RAPCID_2610_output/backbone_denovo/RAPCID_backbone_rapcid_backbone_209_model_2.cif.gz,A,B,69,60,52.229,3.217,75.128,4,0,14,0,1.0,nan,chain1_F_chain2_E,0,1,0,0,1,0,0,0,0,0,7,0,1,0,1,0,0,0,1,1,0,pass_dual_rap_contact;pass_contact_balance;pass_face_angle,0.15857,0,
backbone_denovo,RAPCID_backbone_rapcid_backbone_209_model_3.cif.gz,/scratch/a2149a01/RAPCID_2610_output/backbone_denovo/RAPCID_backbone_rapcid_backbone_209_model_3.cif.gz,A,B,69,60,2.653,14.506,2.756,0,4,0,10,0.0,nan,chain1_F_chain2_E,0,0,3,0,0,3,0,23,0,0,0,18,0,0,1,0,0,0,1,1,0,pass_dual_rap_contact;pass_contact_balance;pass_face_angle,0.21071,0,
backbone_denovo,RAPCID_backbone_rapcid_backbone_209_model_4.cif.gz,/scratch/a2149a01/RAPCID_2610_output/backbone_denovo/RAPCID_backbone_rapcid_backbone_209_model_4.cif.gz,A,B,69,60,2.557,2.898,4.347,4,1,10,1,0.9091,54.49,chain1_E_chain2_F,1,0,0,0,1,0,0,39,1,0,11,0,0,0,1,0,0,0,1,1,0,pass_dual_rap_contact;pass_contact_balance;pass_face_angle,0.1816,0,
backbone_denovo,RAPCID_backbone_rapcid_backbone_209_model_5.cif.gz,/scratch/a2149a01/RAPCID_2610_output/backbone_denovo/RAPCID_backbone_rapcid_backbone_209_model_5.cif.gz,A,B,69,60,2.495,17.283,3.411,0,4,0,11,0.0,nan,chain1_E_chain2_F,0,0,0,1,0,1,0,35,0,0,0,13,0,0,1,0,0,0,1,1,0,pass_dual_rap_contact;pass_contact_balance;pass_face_angle,0.12857,0,
backbone_denovo,RAPCID_backbone_rapcid_backbone_209_model_6.cif.gz,/scratch/a2149a01/RAPCID_2610_output/backbone_denovo/RAPCID_backbone_rapcid_backbone_209_model_6.cif.gz,A,B,69,60,2.288,3.211,3.153,4,5,12,7,0.6316,79.41,chain1_E_chain2_F,2,0,1,0,2,0,0,45,0,0,11,5,0,0,1,1,1,1,0,1,0,pass_direct_interface,0.33922,0,
backbone_denovo,RAPCID_backbone_rapcid_backbone_209_model_7.cif.gz,/scratch/a2149a01/RAPCID_2610_output/backbone_denovo/RAPCID_backbone_rapcid_backbone_209_model_7.cif.gz,A,B,69,60,2.993,2.797,3.357,11,3,31,3,0.9118,53.09,chain1_F_chain2_E,2,2,1,0,2,1,0,41,1,1,9,6,0,0,1,0,0,0,0,1,0,pass_dual_rap_contact;pass_contact_balance;pass_face_angle;pass_direct_interface,0.25434,0,
backbone_denovo,RAPCID_backbone_rapcid_backbone_20_model_0.cif.gz,/scratch/a2149a01/RAPCID_2610_output/backbone_denovo/RAPCID_backbone_rapcid_backbone_20_model_0.cif.gz,B,A,63,30,2.912,3.709,3.547,2,2,4,9,0.3077,55.49,chain1_E_chain2_F,1,0,1,0,1,0,0,36,0,2,7,1,2,0,1,1,1,0,1,1,0,pass_face_angle,0.26498,0,
backbone_denovo,RAPCID_backbone_rapcid_backbone_20_model_1.cif.gz,/scratch/a2149a01/RAPCID_2610_output/backbone_denovo/RAPCID_backbone_rapcid_backbone_20_model_1.cif.gz,B,A,63,30,2.914,2.488,3.689,10,2,29,5,0.8529,97.75,chain1_E_chain2_F,3,0,1,0,3,0,0,22,1,0,15,4,0,0,1,1,1,1,1,1,1,,0.38702,1,928
backbone_denovo,RAPCID_backbone_rapcid_backbone_20_model_2.cif.gz,/scratch/a2149a01/RAPCID_2610_output/backbone_denovo/RAPCID_backbone_rapcid_backbone_20_model_2.cif.gz,B,A,63,30,2.726,3.342,3.528,4,2,7,4,0.6364,60.78,chain1_E_chain2_F,1,0,1,0,1,0,0,27,0,1,10,0,0,0,1,1,1,1,1,1,1,,0.29569,0,
backbone_denovo,RAPCID_backbone_rapcid_backbone_20_model_3.cif.gz,/scratch/a2149a01/RAPCID_2610_output/backbone_denovo/RAPCID_backbone_rapcid_backbone_20_model_3.cif.gz,B,A,63,30,2.965,3.091,10.722,3,0,9,0,1.0,nan,chain1_E_chain2_F,1,0,0,0,1,0,0,24,0,0,10,0,3,0,1,0,0,0,1,1,0,pass_dual_rap_contact;pass_contact_balance;pass_face_angle,0.14857,0,
backbone_denovo,RAPCID_backbone_rapcid_backbone_20_model_4.cif.gz,/scratch/a2149a01/RAPCID_2610_output/backbone_denovo/RAPCID_backbone_rapcid_backbone_20_model_4.cif.gz,B,A,63,30,2.62,3.263,4.051,3,1,11,2,0.8462,101.92,chain1_E_chain2_F,3,0,0,1,3,1,0,29,0,0,12,2,1,0,1,0,1,1,1,1,0,pass_dual_rap_contact,0.38556,0,
backbone_denovo,RAPCID_backbone_rapcid_backbone_20_model_5.cif.gz,/scratch/a2149a01/RAPCID_2610_output/backbone_denovo/RAPCID_backbone_rapcid_backbone_20_model_5.cif.gz,B,A,63,30,2.643,2.731,3.286,4,2,11,3,0.7857,77.62,chain1_E_chain2_F,2,0,0,0,2,0,0,32,1,1,10,3,0,0,1,0,1,1,1,1,0,pass_dual_rap_contact,0.30491,0,
backbone_denovo,RAPCID_backbone_rapcid_backbone_20_model_6.cif.gz,/scratch/a2149a01/RAPCID_2610_output/backbone_denovo/RAPCID_backbone_rapcid_backbone_20_model_6.cif.gz,B,A,63,30,2.805,2.796,10.39,5,0,19,0,1.0,nan,chain1_E_chain2_F,3,0,0,0,3,0,0,32,1,0,14,0,0,0,1,0,0,0,1,1,0,pass_dual_rap_contact;pass_contact_balance;pass_face_angle,0.20238,0,
backbone_denovo,RAPCID_backbone_rapcid_backbone_20_model_7.cif.gz,/scratch/a2149a01/RAPCID_2610_output/backbone_denovo/RAPCID_backbone_rapcid_backbone_20_model_7.cif.gz,B,A,63,30,2.791,3.096,2.266,5,4,14,10,0.5833,77.15,chain1_E_chain2_F,3,0,1,0,3,0,0,22,1,0,12,1,1,0,1,1,1,1,1,1,1,,0.42622,1,817
backbone_denovo,RAPCID_backbone_rapcid_backbone_210_model_0.cif.gz,/scratch/a2149a01/RAPCID_2610_output/backbone_denovo/RAPCID_backbone_rapcid_backbone_210_model_0.cif.gz,A,B,70,66,2.181,2.492,3.594,5,3,11,6,0.6471,68.98,chain1_E_chain2_F,2,0,0,1,2,1,0,50,2,1,7,5,0,0,1,1,1,1,0,1,0,pass_direct_interface,0.37689,0,
backbone_denovo,RAPCID_backbone_rapcid_backbone_210_model_1.cif.gz,/scratch/a2149a01/RAPCID_2610_output/backbone_denovo/RAPCID_backbone_rapcid_backbone_210_model_1.cif.gz,A,B,70,66,2.587,11.169,2.466,0,3,0,7,0.0,nan,chain1_E_chain2_F,0,0,0,1,0,1,0,37,0,0,0,9,0,0,1,0,0,0,1,1,0,pass_dual_rap_contact;pass_contact_balance;pass_face_angle,0.11857,0,
backbone_denovo,RAPCID_backbone_rapcid_backbone_210_model_2.cif.gz,/scratch/a2149a01/RAPCID_2610_output/backbone_denovo/RAPCID_backbone_rapcid_backbone_210_model_2.cif.gz,A,B,70,66,2.227,2.659,2.945,5,9,14,32,0.3043,91.66,chain1_E_chain2_F,1,0,2,2,1,2,0,53,3,2,9,10,0,1,1,1,1,1,0,1,0,pass_direct_interface,0.46631,0,
backbone_denovo,RAPCID_backbone_rapcid_backbone_210_model_3.cif.gz,/scratch/a2149a01/RAPCID_2610_output/backbone_denovo/RAPCID_backbone_rapcid_backbone_210_model_3.cif.gz,A,B,70,66,1.509,3.815,2.384,1,7,1,20,0.0476,79.34,chain1_F_chain2_E,0,0,1,0,0,1,0,46,0,0,0,8,0,0,0,0,0,1,0,1,0,pass_no_clash;pass_dual_rap_contact;pass_contact_balance;pass_direct_interface,0.16208,0,
backbone_denovo,RAPCID_backbone_rapcid_backbone_210_model_4.cif.gz,/scratch/a2149a01/RAPCID_2610_output/backbone_denovo/RAPCID_backbone_rapcid_backbone_210_model_4.cif.gz,A,B,70,66,4.161,3.071,35.051,6,0,13,0,1.0,nan,chain1_F_chain2_E,0,3,0,0,3,0,0,0,0,0,18,0,0,0,1,0,0,0,1,1,0,pass_dual_rap_contact;pass_contact_balance;pass_face_angle,0.24571,0,
backbone_denovo,RAPCID_backbone_rapcid_backbone_210_model_5.cif.gz,/scratch/a2149a01/RAPCID_2610_output/backbone_denovo/RAPCID_backbone_rapcid_backbone_210_model_5.cif.gz,A,B,70,66,2.813,3.896,2.784,4,3,10,7,0.5882,56.4,chain1_E_chain2_F,1,0,1,0,1,0,0,23,0,1,11,0,0,0,1,1,1,0,1,1,0,pass_face_angle,0.33494,0,
backbone_denovo,RAPCID_backbone_rapcid_backbone_210_model_6.cif.gz,/scratch/a2149a01/RAPCID_2610_output/backbone_denovo/RAPCID_backbone_rapcid_backbone_210_model_6.cif.gz,A,B,70,66,2.786,2.341,2.416,7,7,16,29,0.3556,81.25,chain1_E_chain2_F,2,0,2,0,2,0,1,44,2,2,13,2,0,0,1,1,1,1,0,1,0,pass_direct_interface,0.43543,0,
backbone_denovo,RAPCID_backbone_rapcid_backbone_210_model_7.cif.gz,/scratch/a2149a01/RAPCID_2610_output/backbone_denovo/RAPCID_backbone_rapcid_backbone_210_model_7.cif.gz,A,B,70,66,42.269,2.878,57.744,7,0,24,0,1.0,nan,chain1_E_chain2_F,2,0,0,0,2,0,0,0,0,0,23,0,0,1,1,0,0,0,1,1,0,pass_dual_rap_contact;pass_contact_balance;pass_face_angle,0.21714,0,
backbone_denovo,RAPCID_backbone_rapcid_backbone_211_model_0.cif.gz,/scratch/a2149a01/RAPCID_2610_output/backbone_denovo/RAPCID_backbone_rapcid_backbone_211_model_0.cif.gz,A,B,53,41,2.602,3.155,3.222,6,4,14,15,0.4828,78.4,chain1_E_chain2_F,1,1,0,3,1,3,0,36,1,1,10,10,1,0,1,1,1,1,1,1,1,,0.47206,1,704
backbone_denovo,RAPCID_backbone_rapcid_backbone_211_model_1.cif.gz,/scratch/a2149a01/RAPCID_2610_output/backbone_denovo/RAPCID_backbone_rapcid_backbone_211_model_1.cif.gz,A,B,53,41,2.727,2.915,17.912,4,0,6,0,1.0,nan,chain1_E_chain2_F,2,0,0,0,2,0,0,13,0,0,7,0,1,0,1,0,0,0,1,1,0,pass_dual_rap_contact;pass_contact_balance;pass_face_angle,0.20214,0,
backbone_denovo,RAPCID_backbone_rapcid_backbone_211_model_2.cif.gz,/scratch/a2149a01/RAPCID_2610_output/backbone_denovo/RAPCID_backbone_rapcid_backbone_211_model_2.cif.gz,A,B,53,41,1.83,3.485,20.374,7,0,11,0,1.0,nan,chain1_F_chain2_E,1,2,0,0,2,0,0,10,0,0,15,0,1,0,0,0,0,0,1,1,0,pass_no_clash;pass_dual_rap_contact;pass_contact_balance;pass_face_angle,0.24714,0,
backbone_denovo,RAPCID_backbone_rapcid_backbone_211_model_3.cif.gz,/scratch/a2149a01/RAPCID_2610_output/backbone_denovo/RAPCID_backbone_rapcid_backbone_211_model_3.cif.gz,A,B,53,41,1.952,3.539,2.792,3,4,8,17,0.32,47.23,chain1_E_chain2_F,0,1,0,3,0,3,0,43,2,2,0,8,0,0,0,1,1,0,0,1,0,pass_no_clash;pass_face_angle;pass_direct_interface,0.36038,0,
backbone_denovo,RAPCID_backbone_rapcid_backbone_211_model_4.cif.gz,/scratch/a2149a01/RAPCID_2610_output/backbone_denovo/RAPCID_backbone_rapcid_backbone_211_model_4.cif.gz,A,B,53,41,2.45,3.634,3.079,5,4,10,10,0.5,87.62,chain1_F_chain2_E,0,3,1,0,3,1,0,41,1,2,13,10,0,0,1,1,1,1,0,1,0,pass_direct_interface,0.52634,0,
backbone_denovo,RAPCID_backbone_rapcid_backbone_211_model_5.cif.gz,/scratch/a2149a01/RAPCID_2610_output/backbone_denovo/RAPCID_backbone_rapcid_backbone_211_model_5.cif.gz,A,B,53,41,1.594,2.6,3.628,4,4,11,6,0.6471,91.57,chain1_E_chain2_F,0,0,1,1,0,1,0,28,1,0,4,8,0,0,0,1,1,1,1,1,0,pass_no_clash,0.36166,0,
backbone_denovo,RAPCID_backbone_rapcid_backbone_211_model_6.cif.gz,/scratch/a2149a01/RAPCID_2610_output/backbone_denovo/RAPCID_backbone_rapcid_backbone_211_model_6.cif.gz,A,B,53,41,2.459,2.558,2.664,4,2,11,7,0.6111,69.56,chain1_E_chain2_F,1,0,1,0,1,0,0,30,2,2,4,0,0,0,1,1,1,1,1,1,1,,0.29265,0,
backbone_denovo,RAPCID_backbone_rapcid_backbone_211_model_7.cif.gz,/scratch/a2149a01/RAPCID_2610_output/backbone_denovo/RAPCID_backbone_rapcid_backbone_211_model_7.cif.gz,A,B,53,41,2.932,3.203,3.217,4,2,7,6,0.5385,48.82,chain1_F_chain2_E,0,3,1,0,3,1,0,39,2,2,12,8,0,0,1,1,1,0,1,1,0,pass_face_angle,0.46557,0,
backbone_denovo,RAPCID_backbone_rapcid_backbone_212_model_0.cif.gz,/scratch/a2149a01/RAPCID_2610_output/backbone_denovo/RAPCID_backbone_rapcid_backbone_212_model_0.cif.gz,A,B,54,47,2.825,19.895,4.508,0,0,0,0,0.0,nan,chain1_E_chain2_F,0,0,0,0,0,0,0,18,0,0,0,0,0,0,1,0,0,0,1,1,0,pass_dual_rap_contact;pass_contact_balance;pass_face_angle,0.05,0,
backbone_denovo,RAPCID_backbone_rapcid_backbone_212_model_1.cif.gz,/scratch/a2149a01/RAPCID_2610_output/backbone_denovo/RAPCID_backbone_rapcid_backbone_212_model_1.cif.gz,A,B,54,47,2.959,3.857,3.261,4,5,14,15,0.4828,39.26,chain1_F_chain2_E,0,2,0,1,2,0,0,35,1,1,13,0,1,0,1,1,1,0,1,1,0,pass_face_angle,0.38358,0,
backbone_denovo,RAPCID_backbone_rapcid_backbone_212_model_2.cif.gz,/scratch/a2149a01/RAPCID_2610_output/backbone_denovo/RAPCID_backbone_rapcid_backbone_212_model_2.cif.gz,A,B,54,47,2.439,3.933,3.221,3,4,3,16,0.1579,39.37,chain1_E_chain2_F,0,0,0,2,0,2,0,42,1,1,0,11,0,0,1,0,1,0,0,1,0,pass_dual_rap_contact;pass_face_angle;pass_direct_interface,0.25363,0,
backbone_denovo,RAPCID_backbone_rapcid_backbone_212_model_3.cif.gz,/scratch/a2149a01/RAPCID_2610_output/backbone_denovo/RAPCID_backbone_rapcid_backbone_212_model_3.cif.gz,A,B,54,47,2.653,2.942,3.167,5,3,11,7,0.6111,67.94,chain1_F_chain2_E,0,1,1,0,1,1,0,32,3,1,7,8,0,1,1,1,1,1,1,1,1,,0.37937,1,946
backbone_denovo,RAPCID_backbone_rapcid_backbone_212_model_4.cif.gz,/scratch/a2149a01/RAPCID_2610_output/backbone_denovo/RAPCID_backbone_rapcid_backbone_212_model_4.cif.gz,A,B,54,47,2.939,13.508,2.657,0,5,0,11,0.0,nan,chain1_F_chain2_E,0,0,3,0,0,3,0,6,0,0,0,18,0,0,1,0,0,0,1,1,0,pass_dual_rap_contact;pass_contact_balance;pass_face_angle,0.27571,0,
backbone_denovo,RAPCID_backbone_rapcid_backbone_212_model_5.cif.gz,/scratch/a2149a01/RAPCID_2610_output/backbone_denovo/RAPCID_backbone_rapcid_backbone_212_model_5.cif.gz,A,B,54,47,2.966,3.467,3.451,4,3,7,8,0.4667,53.95,chain1_F_chain2_E,0,2,1,0,2,1,0,41,1,1,15,10,0,0,1,1,1,0,0,1,0,pass_face_angle;pass_direct_interface,0.40571,0,
backbone_denovo,RAPCID_backbone_rapcid_backbone_212_model_6.cif.gz,/scratch/a2149a01/RAPCID_2610_output/backbone_denovo/RAPCID_backbone_rapcid_backbone_212_model_6.cif.gz,A,B,54,47,2.794,3.003,2.924,4,5,20,20,0.5,70.56,chain1_E_chain2_F,2,1,1,0,2,0,0,38,2,3,6,5,0,0,1,1,1,1,1,1,1,,0.44567,1,761
backbone_denovo,RAPCID_backbone_rapcid_backbone_212_model_7.cif.gz,/scratch/a2149a01/RAPCID_2610_output/backbone_denovo/RAPCID_backbone_rapcid_backbone_212_model_7.cif.gz,A,B,54,47,3.3,3.415,3.447,4,3,11,8,0.5789,58.45,chain1_F_chain2_E,1,0,2,0,0,2,0,14,0,0,0,12,0,0,1,1,1,0,1,1,0,pass_face_angle,0.39556,0,
backbone_denovo,RAPCID_backbone_rapcid_backbone_213_model_0.cif.gz,/scratch/a2149a01/RAPCID_2610_output/backbone_denovo/RAPCID_backbone_rapcid_backbone_213_model_0.cif.gz,A,B,65,39,2.624,3.755,3.421,3,4,4,10,0.2857,33.84,chain1_E_chain2_F,0,1,0,1,0,1,0,31,1,1,0,10,0,0,1,1,1,0,1,1,0,pass_face_angle,0.27619,0,
backbone_denovo,RAPCID_backbone_rapcid_backbone_213_model_1.cif.gz,/scratch/a2149a01/RAPCID_2610_output/backbone_denovo/RAPCID_backbone_rapcid_backbone_213_model_1.cif.gz,A,B,65,39,2.858,2.268,2.899,5,2,21,7,0.75,59.52,chain1_E_chain2_F,1,0,1,0,1,0,0,33,1,2,11,0,0,0,1,1,1,0,1,1,0,pass_face_angle,0.27857,0,
backbone_denovo,RAPCID_backbone_rapcid_backbone_213_model_2.cif.gz,/scratch/a2149a01/RAPCID_2610_output/backbone_denovo/RAPCID_backbone_rapcid_backbone_213_model_2.cif.gz,A,B,65,39,2.41,2.178,3.217,4,5,13,14,0.4815,97.98,chain1_E_chain2_F,0,0,1,2,0,2,0,26,1,0,6,6,0,0,1,1,1,1,1,1,1,,0.47302,1,702
backbone_denovo,RAPCID_backbone_rapcid_backbone_213_model_3.cif.gz,/scratch/a2149a01/RAPCID_2610_output/backbone_denovo/RAPCID_backbone_rapcid_backbone_213_model_3.cif.gz,A,B,65,39,2.793,3.099,5.417,4,0,13,0,1.0,nan,chain1_F_chain2_E,1,2,0,0,2,0,0,38,1,0,8,0,0,0,1,0,0,0,1,1,0,pass_dual_rap_contact;pass_contact_balance;pass_face_angle,0.15381,0,
backbone_denovo,RAPCID_backbone_rapcid_backbone_213_model_4.cif.gz,/scratch/a2149a01/RAPCID_2610_output/backbone_denovo/RAPCID_backbone_rapcid_backbone_213_model_4.cif.gz,A,B,65,39,2.801,2.788,3.549,4,1,12,2,0.8571,80.93,chain1_E_chain2_F,1,0,0,1,1,1,0,33,1,0,7,5,0,0,1,0,1,1,1,1,0,pass_dual_rap_contact,0.27073,0,
backbone_denovo,RAPCID_backbone_rapcid_backbone_213_model_5.cif.gz,/scratch/a2149a01/RAPCID_2610_output/backbone_denovo/RAPCID_backbone_rapcid_backbone_213_model_5.cif.gz,A,B,65,39,2.344,2.366,3.682,7,3,25,5,0.8333,130.94,chain1_E_chain2_F,3,0,0,3,3,3,0,30,2,0,13,9,0,0,1,1,1,1,1,1,1,,0.57788,1,556
backbone_denovo,RAPCID_backbone_rapcid_backbone_213_model_6.cif.gz,/scratch/a2149a01/RAPCID_2610_output/backbone_denovo/RAPCID_backbone_rapcid_backbone_213_model_6.cif.gz,A,B,65,39,2.702,3.244,3.271,4,2,13,3,0.8125,75.64,chain1_F_chain2_E,0,0,1,0,0,1,0,27,0,0,1,8,0,0,1,0,1,1,1,1,0,pass_dual_rap_contact,0.22069,0,
backbone_denovo,RAPCID_backbone_rapcid_backbone_213_model_7.cif.gz,/scratch/a2149a01/RAPCID_2610_output/backbone_denovo/RAPCID_backbone_rapcid_backbone_213_model_7.cif.gz,A,B,65,39,2.59,3.552,10.095,2,0,10,0,1.0,nan,chain1_E_chain2_F,1,0,0,0,1,0,0,42,0,0,10,0,0,0,1,0,0,0,0,1,0,pass_dual_rap_contact;pass_contact_balance;pass_face_angle;pass_direct_interface,0.12857,0,
backbone_denovo,RAPCID_backbone_rapcid_backbone_214_model_0.cif.gz,/scratch/a2149a01/RAPCID_2610_output/backbone_denovo/RAPCID_backbone_rapcid_backbone_214_model_0.cif.gz,B,A,61,43,2.927,6.755,3.042,0,4,0,13,0.0,nan,chain1_F_chain2_E,0,0,1,0,0,1,0,30,0,1,1,10,0,0,1,0,0,0,1,1,0,pass_dual_rap_contact;pass_contact_balance;pass_face_angle,0.14524,0,
backbone_denovo,RAPCID_backbone_rapcid_backbone_214_model_1.cif.gz,/scratch/a2149a01/RAPCID_2610_output/backbone_denovo/RAPCID_backbone_rapcid_backbone_214_model_1.cif.gz,B,A,61,43,2.675,3.108,3.202,2,4,4,9,0.3077,75.39,chain1_E_chain2_F,1,0,0,3,1,3,0,33,0,0,5,12,0,0,1,1,1,1,1,1,1,,0.35866,0,
backbone_denovo,RAPCID_backbone_rapcid_backbone_214_model_2.cif.gz,/scratch/a2149a01/RAPCID_2610_output/backbone_denovo/RAPCID_backbone_rapcid_backbone_214_model_2.cif.gz,B,A,61,43,2.666,2.586,2.886,6,3,23,8,0.7419,46.95,chain1_E_chain2_F,2,0,2,0,2,0,1,47,2,1,16,0,0,0,1,1,1,0,0,1,0,pass_face_angle;pass_direct_interface,0.33894,0,
backbone_denovo,RAPCID_backbone_rapcid_backbone_214_model_3.cif.gz,/scratch/a2149a01/RAPCID_2610_output/backbone_denovo/RAPCID_backbone_rapcid_backbone_214_model_3.cif.gz,B,A,61,43,2.41,3.393,3.351,4,4,10,24,0.2941,125.31,chain1_E_chain2_F,1,0,1,2,1,2,0,43,1,0,7,10,0,2,1,1,1,1,0,1,0,pass_direct_interface,0.50774,0,
backbone_denovo,RAPCID_backbone_rapcid_backbone_214_model_4.cif.gz,/scratch/a2149a01/RAPCID_2610_output/backbone_denovo/RAPCID_backbone_rapcid_backbone_214_model_4.cif.gz,B,A,61,43,2.735,3.086,2.306,5,2,15,5,0.75,76.11,chain1_F_chain2_E,1,0,2,0,0,2,0,52,0,0,2,8,1,0,1,1,1,1,0,1,0,pass_direct_interface,0.28086,0,
backbone_denovo,RAPCID_backbone_rapcid_backbone_214_model_5.cif.gz,/scratch/a2149a01/RAPCID_2610_output/backbone_denovo/RAPCID_backbone_rapcid_backbone_214_model_5.cif.gz,B,A,61,43,2.832,3.416,2.431,3,6,4,26,0.1333,70.67,chain1_F_chain2_E,0,2,2,1,2,2,0,48,2,1,11,10,0,1,1,1,1,1,0,1,0,pass_direct_interface,0.3232,0,
backbone_denovo,RAPCID_backbone_rapcid_backbone_214_model_6.cif.gz,/scratch/a2149a01/RAPCID_2610_output/backbone_denovo/RAPCID_backbone_rapcid_backbone_214_model_6.cif.gz,B,A,61,43,2.899,3.477,3.782,4,2,9,4,0.6923,68.92,chain1_F_chain2_E,1,2,0,0,2,0,0,49,1,1,8,0,1,0,1,1,1,1,0,1,0,pass_direct_interface,0.29355,0,
backbone_denovo,RAPCID_backbone_rapcid_backbone_214_model_7.cif.gz,/scratch/a2149a01/RAPCID_2610_output/backbone_denovo/RAPCID_backbone_rapcid_backbone_214_model_7.cif.gz,B,A,61,43,1.977,3.797,2.223,2,3,4,13,0.2353,59.03,chain1_E_chain2_F,0,0,0,0,0,0,0,27,1,1,6,2,0,0,0,1,1,0,1,1,0,pass_no_clash;pass_face_angle,0.21245,0,
backbone_denovo,RAPCID_backbone_rapcid_backbone_215_model_0.cif.gz,/scratch/a2149a01/RAPCID_2610_output/backbone_denovo/RAPCID_backbone_rapcid_backbone_215_model_0.cif.gz,B,A,69,46,2.499,2.957,3.548,4,5,13,14,0.4815,82.79,chain1_E_chain2_F,3,0,1,2,3,2,0,38,1,0,14,8,0,0,1,1,1,1,1,1,1,,0.4981,1,658
backbone_denovo,RAPCID_backbone_rapcid_backbone_215_model_1.cif.gz,/scratch/a2149a01/RAPCID_2610_output/backbone_denovo/RAPCID_backbone_rapcid_backbone_215_model_1.cif.gz,B,A,69,46,2.409,2.073,3.052,5,5,23,22,0.5111,84.01,chain1_E_chain2_F,2,0,2,0,2,0,1,42,2,1,4,0,1,0,1,1,1,1,0,1,0,pass_direct_interface,0.4213,0,
backbone_denovo,RAPCID_backbone_rapcid_backbone_215_model_2.cif.gz,/scratch/a2149a01/RAPCID_2610_output/backbone_denovo/RAPCID_backbone_rapcid_backbone_215_model_2.cif.gz,B,A,69,46,2.845,9.916,2.947,0,3,0,11,0.0,nan,chain1_F_chain2_E,0,0,2,0,0,2,0,23,0,0,0,11,0,0,1,0,0,0,1,1,0,pass_dual_rap_contact;pass_contact_balance;pass_face_angle,0.18214,0,
backbone_denovo,RAPCID_backbone_rapcid_backbone_215_model_3.cif.gz,/scratch/a2149a01/RAPCID_2610_output/backbone_denovo/RAPCID_backbone_rapcid_backbone_215_model_3.cif.gz,B,A,69,46,2.523,1.678,3.689,6,3,32,6,0.8421,106.06,chain1_E_chain2_F,2,0,0,3,2,3,0,34,1,0,9,10,0,0,0,1,1,1,1,1,0,pass_no_clash,0.44623,0,
backbone_denovo,RAPCID_backbone_rapcid_backbone_215_model_4.cif.gz,/scratch/a2149a01/RAPCID_2610_output/backbone_denovo/RAPCID_backbone_rapcid_backbone_215_model_4.cif.gz,B,A,69,46,6.455,2.972,30.4,5,0,15,0,1.0,nan,chain1_E_chain2_F,2,0,0,0,2,0,0,0,0,0,9,0,0,0,1,0,0,0,1,1,0,pass_dual_rap_contact;pass_contact_balance;pass_face_angle,0.20714,0,
backbone_denovo,RAPCID_backbone_rapcid_backbone_215_model_5.cif.gz,/scratch/a2149a01/RAPCID_2610_output/backbone_denovo/RAPCID_backbone_rapcid_backbone_215_model_5.cif.gz,B,A,69,46,2.409,2.381,2.922,4,5,15,17,0.4688,96.6,chain1_E_chain2_F,0,0,1,2,0,2,0,28,0,0,5,12,0,0,1,1,1,1,1,1,1,,0.43664,1,786
backbone_denovo,RAPCID_backbone_rapcid_backbone_215_model_6.cif.gz,/scratch/a2149a01/RAPCID_2610_output/backbone_denovo/RAPCID_backbone_rapcid_backbone_215_model_6.cif.gz,B,A,69,46,2.901,3.452,3.782,5,4,13,7,0.65,63.04,chain1_E_chain2_F,1,1,0,2,1,2,0,26,2,1,9,13,0,0,1,1,1,1,1,1,1,,0.38571,1,934
backbone_denovo,RAPCID_backbone_rapcid_backbone_215_model_7.cif.gz,/scratch/a2149a01/RAPCID_2610_output/backbone_denovo/RAPCID_backbone_rapcid_backbone_215_model_7.cif.gz,B,A,69,46,2.007,2.86,3.004,5,7,12,20,0.375,84.16,chain1_F_chain2_E,1,1,2,0,1,2,0,36,2,2,8,12,0,1,1,1,1,1,1,1,1,,0.45293,1,740
backbone_denovo,RAPCID_backbone_rapcid_backbone_216_model_0.cif.gz,/scratch/a2149a01/RAPCID_2610_output/backbone_denovo/RAPCID_backbone_rapcid_backbone_216_model_0.cif.gz,A,B,45,33,1.812,2.671,3.5,4,2,13,4,0.7647,55.98,chain1_E_chain2_F,2,0,1,0,2,0,0,35,1,0,13,2,0,0,0,1,1,0,1,1,0,pass_no_clash;pass_face_angle,0.26793,0,
backbone_denovo,RAPCID_backbone_rapcid_backbone_216_model_1.cif.gz,/scratch/a2149a01/RAPCID_2610_output/backbone_denovo/RAPCID_backbone_rapcid_backbone_216_model_1.cif.gz,A,B,45,33,2.822,2.64,3.783,4,1,14,2,0.875,81.25,chain1_E_chain2_F,2,0,0,0,2,0,0,33,0,0,12,0,0,0,1,0,1,1,1,1,0,pass_dual_rap_contact,0.24799,0,
backbone_denovo,RAPCID_backbone_rapcid_backbone_216_model_2.cif.gz,/scratch/a2149a01/RAPCID_2610_output/backbone_denovo/RAPCID_backbone_rapcid_backbone_216_model_2.cif.gz,A,B,45,33,2.13,3.143,10.216,3,0,12,0,1.0,nan,chain1_E_chain2_F,3,0,0,0,3,0,0,35,0,0,11,0,0,0,1,0,0,0,1,1,0,pass_dual_rap_contact;pass_contact_balance;pass_face_angle,0.18571,0,
backbone_denovo,RAPCID_backbone_rapcid_backbone_216_model_3.cif.gz,/scratch/a2149a01/RAPCID_2610_output/backbone_denovo/RAPCID_backbone_rapcid_backbone_216_model_3.cif.gz,A,B,45,33,2.363,3.461,2.747,3,4,10,16,0.3846,56.39,chain1_F_chain2_E,0,1,1,0,1,1,0,36,2,3,9,12,0,0,1,1,1,0,1,1,0,pass_face_angle,0.39432,0,
backbone_denovo,RAPCID_backbone_rapcid_backbone_216_model_4.cif.gz,/scratch/a2149a01/RAPCID_2610_output/backbone_denovo/RAPCID_backbone_rapcid_backbone_216_model_4.cif.gz,A,B,45,33,2.476,3.758,2.843,5,6,8,16,0.3333,80.01,chain1_F_chain2_E,0,3,1,0,3,1,0,31,1,3,11,6,0,0,1,1,1,1,1,1,1,,0.45098,1,742
backbone_denovo,RAPCID_backbone_rapcid_backbone_216_model_5.cif.gz,/scratch/a2149a01/RAPCID_2610_output/backbone_denovo/RAPCID_backbone_rapcid_backbone_216_model_5.cif.gz,A,B,45,33,2.527,3.616,2.609,3,4,9,15,0.375,52.61,chain1_F_chain2_E,0,3,1,1,3,1,0,35,0,2,7,9,0,0,1,1,1,0,1,1,0,pass_face_angle,0.39762,0,
backbone_denovo,RAPCID_backbone_rapcid_backbone_216_model_6.cif.gz,/scratch/a2149a01/RAPCID_2610_output/backbone_denovo/RAPCID_backbone_rapcid_backbone_216_model_6.cif.gz,A,B,45,33,2.098,2.997,10.77,4,0,12,0,1.0,nan,chain1_F_chain2_E,0,1,0,0,1,0,0,29,0,0,10,0,0,0,1,0,0,0,1,1,0,pass_dual_rap_contact;pass_contact_balance;pass_face_angle,0.12857,0,
backbone_denovo,RAPCID_backbone_rapcid_backbone_216_model_7.cif.gz,/scratch/a2149a01/RAPCID_2610_output/backbone_denovo/RAPCID_backbone_rapcid_backbone_216_model_7.cif.gz,A,B,45,33,3.08,3.205,2.464,6,3,14,6,0.7,97.52,chain1_F_chain2_E,1,1,1,0,1,1,0,23,1,1,11,6,1,0,1,1,1,1,1,1,1,,0.43055,1,810
backbone_denovo,RAPCID_backbone_rapcid_backbone_217_model_0.cif.gz,/scratch/a2149a01/RAPCID_2610_output/backbone_denovo/RAPCID_backbone_rapcid_backbone_217_model_0.cif.gz,B,A,68,30,2.645,3.19,3.835,5,2,13,3,0.8125,71.0,chain1_E_chain2_F,1,0,0,1,1,1,0,27,1,0,10,4,0,0,1,0,1,1,1,1,0,pass_dual_rap_contact,0.26046,0,
backbone_denovo,RAPCID_backbone_rapcid_backbone_217_model_1.cif.gz,/scratch/a2149a01/RAPCID_2610_output/backbone_denovo/RAPCID_backbone_rapcid_backbone_217_model_1.cif.gz,B,A,68,30,3.187,2.896,2.494,1,4,3,16,0.1579,54.39,chain1_F_chain2_E,1,0,2,0,0,2,0,39,1,2,0,7,1,0,1,0,1,0,1,1,0,pass_dual_rap_contact;pass_face_angle,0.2403,0,
backbone_denovo,RAPCID_backbone_rapcid_backbone_217_model_2.cif.gz,/scratch/a2149a01/RAPCID_2610_output/backbone_denovo/RAPCID_backbone_rapcid_backbone_217_model_2.cif.gz,B,A,68,30,2.664,2.858,3.805,4,2,17,4,0.8095,66.73,chain1_E_chain2_F,2,0,0,0,2,0,0,34,2,0,9,0,0,1,1,1,1,1,1,1,1,,0.25667,0,
backbone_denovo,RAPCID_backbone_rapcid_backbone_217_model_3.cif.gz,/scratch/a2149a01/RAPCID_2610_output/backbone_denovo/RAPCID_backbone_rapcid_backbone_217_model_3.cif.gz,B,A,68,30,2.787,3.379,3.401,5,4,10,10,0.5,64.25,chain1_E_chain2_F,1,0,0,1,1,1,0,32,0,1,4,8,0,0,1,1,1,1,1,1,1,,0.37381,1,969
backbone_denovo,RAPCID_backbone_rapcid_backbone_217_model_4.cif.gz,/scratch/a2149a01/RAPCID_2610_output/backbone_denovo/RAPCID_backbone_rapcid_backbone_217_model_4.cif.gz,B,A,68,30,3.011,3.619,3.003,4,6,7,11,0.3889,66.9,chain1_E_chain2_F,1,0,0,1,1,1,0,33,1,3,13,6,0,0,1,1,1,1,1,1,1,,0.37937,1,947
backbone_denovo,RAPCID_backbone_rapcid_backbone_217_model_5.cif.gz,/scratch/a2149a01/RAPCID_2610_output/backbone_denovo/RAPCID_backbone_rapcid_backbone_217_model_5.cif.gz,B,A,68,30,2.096,2.969,4.15,5,1,13,1,0.9286,54.63,chain1_E_chain2_F,1,2,0,1,1,1,0,32,1,0,10,4,0,0,1,0,0,0,1,1,0,pass_dual_rap_contact;pass_contact_balance;pass_face_angle,0.20238,0,
backbone_denovo,RAPCID_backbone_rapcid_backbone_217_model_6.cif.gz,/scratch/a2149a01/RAPCID_2610_output/backbone_denovo/RAPCID_backbone_rapcid_backbone_217_model_6.cif.gz,B,A,68,30,2.967,3.192,3.61,5,3,16,8,0.6667,61.16,chain1_E_chain2_F,1,1,0,3,1,3,0,19,2,0,11,11,0,0,1,1,1,1,1,1,1,,0.42595,1,820
backbone_denovo,RAPCID_backbone_rapcid_backbone_217_model_7.cif.gz,/scratch/a2149a01/RAPCID_2610_output/backbone_denovo/RAPCID_backbone_rapcid_backbone_217_model_7.cif.gz,B,A,68,30,2.309,2.857,2.106,6,2,19,5,0.7917,77.26,chain1_E_chain2_F,2,0,0,0,2,0,0,40,1,2,12,2,1,0,1,1,1,1,1,1,1,,0.31801,0,
backbone_denovo,RAPCID_backbone_rapcid_backbone_218_model_0.cif.gz,/scratch/a2149a01/RAPCID_2610_output/backbone_denovo/RAPCID_backbone_rapcid_backbone_218_model_0.cif.gz,B,A,69,55,2.465,10.661,4.152,0,3,0,5,0.0,nan,chain1_F_chain2_E,0,0,1,0,0,1,0,37,0,0,0,8,1,0,1,0,0,0,1,1,0,pass_dual_rap_contact;pass_contact_balance;pass_face_angle,0.10857,0,
backbone_denovo,RAPCID_backbone_rapcid_backbone_218_model_1.cif.gz,/scratch/a2149a01/RAPCID_2610_output/backbone_denovo/RAPCID_backbone_rapcid_backbone_218_model_1.cif.gz,B,A,69,55,2.144,3.292,1.632,5,5,17,18,0.4857,95.75,chain1_F_chain2_E,1,2,2,0,2,2,0,43,0,2,11,10,0,0,0,1,1,1,0,1,0,pass_no_clash;pass_direct_interface,0.53107,0,
backbone_denovo,RAPCID_backbone_rapcid_backbone_218_model_2.cif.gz,/scratch/a2149a01/RAPCID_2610_output/backbone_denovo/RAPCID_backbone_rapcid_backbone_218_model_2.cif.gz,B,A,69,55,12.236,2.312,48.195,7,0,16,0,1.0,nan,chain1_E_chain2_F,2,0,0,0,2,0,0,0,0,0,23,0,0,2,1,0,0,0,1,1,0,pass_dual_rap_contact;pass_contact_balance;pass_face_angle,0.21714,0,
backbone_denovo,RAPCID_backbone_rapcid_backbone_218_model_3.cif.gz,/scratch/a2149a01/RAPCID_2610_output/backbone_denovo/RAPCID_backbone_rapcid_backbone_218_model_3.cif.gz,B,A,69,55,2.381,4.109,3.629,3,3,4,4,0.5,74.25,chain1_E_chain2_F,1,0,1,0,1,0,0,36,0,0,9,0,0,1,1,1,1,1,1,1,1,,0.33608,0,
backbone_denovo,RAPCID_backbone_rapcid_backbone_218_model_4.cif.gz,/scratch/a2149a01/RAPCID_2610_output/backbone_denovo/RAPCID_backbone_rapcid_backbone_218_model_4.cif.gz,B,A,69,55,1.931,3.063,2.981,5,3,13,12,0.52,76.71,chain1_F_chain2_E,1,2,0,0,2,0,0,38,2,2,9,1,0,0,0,1,1,1,1,1,0,pass_no_clash,0.44151,0,
backbone_denovo,RAPCID_backbone_rapcid_backbone_218_model_5.cif.gz,/scratch/a2149a01/RAPCID_2610_output/backbone_denovo/RAPCID_backbone_rapcid_backbone_218_model_5.cif.gz,B,A,69,55,2.792,3.821,8.277,2,0,4,0,1.0,nan,chain1_F_chain2_E,0,1,0,0,1,0,0,40,0,0,5,0,0,0,1,0,0,0,1,1,0,pass_dual_rap_contact;pass_contact_balance;pass_face_angle,0.07857,0,
backbone_denovo,RAPCID_backbone_rapcid_backbone_218_model_6.cif.gz,/scratch/a2149a01/RAPCID_2610_output/backbone_denovo/RAPCID_backbone_rapcid_backbone_218_model_6.cif.gz,B,A,69,55,2.791,2.5,3.772,6,3,19,4,0.8261,63.18,chain1_E_chain2_F,1,0,1,0,1,0,0,50,3,1,7,3,0,0,1,1,1,1,0,1,0,pass_direct_interface,0.2648,0,
backbone_denovo,RAPCID_backbone_rapcid_backbone_218_model_7.cif.gz,/scratch/a2149a01/RAPCID_2610_output/backbone_denovo/RAPCID_backbone_rapcid_backbone_218_model_7.cif.gz,B,A,69,55,2.61,3.33,5.749,5,0,12,0,1.0,nan,chain1_E_chain2_F,2,1,0,0,2,0,0,38,0,0,7,2,0,1,1,0,0,0,1,1,0,pass_dual_rap_contact;pass_contact_balance;pass_face_angle,0.14714,0,
backbone_denovo,RAPCID_backbone_rapcid_backbone_219_model_0.cif.gz,/scratch/a2149a01/RAPCID_2610_output/backbone_denovo/RAPCID_backbone_rapcid_backbone_219_model_0.cif.gz,A,B,70,39,2.87,3.004,3.59,5,3,20,9,0.6897,61.33,chain1_E_chain2_F,2,0,1,0,2,0,0,29,1,0,14,3,0,0,1,1,1,1,1,1,1,,0.29795,0,
backbone_denovo,RAPCID_backbone_rapcid_backbone_219_model_1.cif.gz,/scratch/a2149a01/RAPCID_2610_output/backbone_denovo/RAPCID_backbone_rapcid_backbone_219_model_1.cif.gz,A,B,70,39,2.609,3.587,2.519,3,6,6,18,0.25,66.84,chain1_E_chain2_F,1,0,1,0,1,0,0,43,1,2,9,0,0,0,1,1,1,1,0,1,0,pass_direct_interface,0.26857,0,
backbone_denovo,RAPCID_backbone_rapcid_backbone_219_model_2.cif.gz,/scratch/a2149a01/RAPCID_2610_output/backbone_denovo/RAPCID_backbone_rapcid_backbone_219_model_2.cif.gz,A,B,70,39,3.04,3.407,3.263,6,3,21,4,0.84,75.27,chain1_E_chain2_F,1,2,0,1,1,1,0,22,0,1,6,7,1,0,1,1,1,1,1,1,1,,0.2887,0,
backbone_denovo,RAPCID_backbone_rapcid_backbone_219_model_3.cif.gz,/scratch/a2149a01/RAPCID_2610_output/backbone_denovo/RAPCID_backbone_rapcid_backbone_219_model_3.cif.gz,A,B,70,39,2.174,2.633,3.579,3,3,11,11,0.5,70.61,chain1_F_chain2_E,1,0,2,0,0,2,0,40,1,1,3,7,2,0,1,1,1,1,1,1,1,,0.39584,1,900
backbone_denovo,RAPCID_backbone_rapcid_backbone_219_model_4.cif.gz,/scratch/a2149a01/RAPCID_2610_output/backbone_denovo/RAPCID_backbone_rapcid_backbone_219_model_4.cif.gz,A,B,70,39,2.718,2.924,2.92,6,4,9,14,0.3913,130.79,chain1_E_chain2_F,2,0,0,2,2,2,0,15,0,0,14,11,0,1,1,1,1,1,1,1,1,,0.64179,1,403
backbone_denovo,RAPCID_backbone_rapcid_backbone_219_model_5.cif.gz,/scratch/a2149a01/RAPCID_2610_output/backbone_denovo/RAPCID_backbone_rapcid_backbone_219_model_5.cif.gz,A,B,70,39,2.778,17.311,2.691,0,7,0,20,0.0,nan,chain1_F_chain2_E,0,0,2,1,0,2,0,1,0,0,0,11,0,1,1,0,0,0,1,1,0,pass_dual_rap_contact;pass_contact_balance;pass_face_angle,0.22214,0,
backbone_denovo,RAPCID_backbone_rapcid_backbone_219_model_6.cif.gz,/scratch/a2149a01/RAPCID_2610_output/backbone_denovo/RAPCID_backbone_rapcid_backbone_219_model_6.cif.gz,A,B,70,39,2.505,3.223,11.721,2,0,5,0,1.0,nan,chain1_E_chain2_F,2,0,0,0,2,0,0,36,0,0,13,0,0,0,1,0,0,0,1,1,0,pass_dual_rap_contact;pass_contact_balance;pass_face_angle,0.15714,0,
backbone_denovo,RAPCID_backbone_rapcid_backbone_219_model_7.cif.gz,/scratch/a2149a01/RAPCID_2610_output/backbone_denovo/RAPCID_backbone_rapcid_backbone_219_model_7.cif.gz,A,B,70,39,2.014,3.196,2.945,5,4,17,11,0.6071,84.65,chain1_F_chain2_E,1,0,2,0,0,2,0,26,0,2,1,9,0,0,1,1,1,1,1,1,1,,0.40978,1,860
backbone_denovo,RAPCID_backbone_rapcid_backbone_21_model_0.cif.gz,/scratch/a2149a01/RAPCID_2610_output/backbone_denovo/RAPCID_backbone_rapcid_backbone_21_model_0.cif.gz,B,A,68,62,2.672,2.815,2.823,1,4,7,13,0.35,56.97,chain1_F_chain2_E,0,0,2,0,0,2,0,46,1,1,5,8,2,0,1,0,1,0,0,1,0,pass_dual_rap_contact;pass_face_angle;pass_direct_interface,0.33048,0,
backbone_denovo,RAPCID_backbone_rapcid_backbone_21_model_1.cif.gz,/scratch/a2149a01/RAPCID_2610_output/backbone_denovo/RAPCID_backbone_rapcid_backbone_21_model_1.cif.gz,B,A,68,62,2.402,2.603,2.431,3,1,10,3,0.7692,34.36,chain1_E_chain2_F,2,0,1,0,2,0,0,55,1,1,7,0,0,0,1,0,1,0,0,1,0,pass_dual_rap_contact;pass_face_angle;pass_direct_interface,0.25278,0,
backbone_denovo,RAPCID_backbone_rapcid_backbone_21_model_2.cif.gz,/scratch/a2149a01/RAPCID_2610_output/backbone_denovo/RAPCID_backbone_rapcid_backbone_21_model_2.cif.gz,B,A,68,62,2.494,2.926,11.461,7,0,15,0,1.0,nan,chain1_E_chain2_F,2,0,0,0,2,0,0,43,0,0,11,0,0,0,1,0,0,0,0,1,0,pass_dual_rap_contact;pass_contact_balance;pass_face_angle;pass_direct_interface,0.15714,0,
backbone_denovo,RAPCID_backbone_rapcid_backbone_21_model_3.cif.gz,/scratch/a2149a01/RAPCID_2610_output/backbone_denovo/RAPCID_backbone_rapcid_backbone_21_model_3.cif.gz,B,A,68,62,2.388,2.731,3.608,7,4,22,7,0.7586,74.36,chain1_E_chain2_F,1,1,0,3,1,3,0,60,1,2,10,12,0,0,1,1,1,1,0,1,0,pass_direct_interface,0.37871,0,
backbone_denovo,RAPCID_backbone_rapcid_backbone_21_model_4.cif.gz,/scratch/a2149a01/RAPCID_2610_output/backbone_denovo/RAPCID_backbone_rapcid_backbone_21_model_4.cif.gz,B,A,68,62,1.943,3.641,3.475,5,5,12,8,0.6,62.93,chain1_E_chain2_F,1,1,0,2,1,2,0,26,1,1,10,12,0,1,0,1,1,1,1,1,0,pass_no_clash,0.38905,0,
backbone_denovo,RAPCID_backbone_rapcid_backbone_21_model_5.cif.gz,/scratch/a2149a01/RAPCID_2610_output/backbone_denovo/RAPCID_backbone_rapcid_backbone_21_model_5.cif.gz,B,A,68,62,1.854,2.988,11.013,7,0,12,0,1.0,nan,chain1_E_chain2_F,1,1,0,0,1,0,0,30,0,0,7,0,0,0,0,0,0,0,1,1,0,pass_no_clash;pass_dual_rap_contact;pass_contact_balance;pass_face_angle,0.09857,0,
backbone_denovo,RAPCID_backbone_rapcid_backbone_21_model_6.cif.gz,/scratch/a2149a01/RAPCID_2610_output/backbone_denovo/RAPCID_backbone_rapcid_backbone_21_model_6.cif.gz,B,A,68,62,2.943,3.005,22.227,6,0,16,0,1.0,nan,chain1_E_chain2_F,2,0,0,0,2,0,0,16,0,0,15,0,0,4,1,0,0,0,1,1,0,pass_dual_rap_contact;pass_contact_balance;pass_face_angle,0.21714,0,
backbone_denovo,RAPCID_backbone_rapcid_backbone_21_model_7.cif.gz,/scratch/a2149a01/RAPCID_2610_output/backbone_denovo/RAPCID_backbone_rapcid_backbone_21_model_7.cif.gz,B,A,68,62,2.111,1.941,2.601,4,3,13,16,0.4483,112.13,chain1_F_chain2_E,1,1,1,0,1,1,0,37,1,1,9,7,0,0,0,1,1,1,1,1,0,pass_no_clash,0.51356,0,
backbone_denovo,RAPCID_backbone_rapcid_backbone_220_model_0.cif.gz,/scratch/a2149a01/RAPCID_2610_output/backbone_denovo/RAPCID_backbone_rapcid_backbone_220_model_0.cif.gz,B,A,64,51,2.789,3.307,2.792,3,6,7,15,0.3182,100.12,chain1_E_chain2_F,0,0,0,1,0,1,0,30,0,0,0,11,0,0,1,1,1,1,1,1,1,,0.35957,0,
backbone_denovo,RAPCID_backbone_rapcid_backbone_220_model_1.cif.gz,/scratch/a2149a01/RAPCID_2610_output/backbone_denovo/RAPCID_backbone_rapcid_backbone_220_model_1.cif.gz,B,A,64,51,2.51,2.862,3.195,4,2,11,7,0.6111,74.69,chain1_E_chain2_F,2,0,0,0,2,0,0,39,1,1,11,3,1,0,1,1,1,1,1,1,1,,0.365,1,992
backbone_denovo,RAPCID_backbone_rapcid_backbone_220_model_2.cif.gz,/scratch/a2149a01/RAPCID_2610_output/backbone_denovo/RAPCID_backbone_rapcid_backbone_220_model_2.cif.gz,B,A,64,51,2.869,2.747,2.564,3,3,6,11,0.3529,62.0,chain1_E_chain2_F,1,0,0,1,1,1,0,29,1,1,5,11,0,0,1,1,1,1,1,1,1,,0.33165,0,
backbone_denovo,RAPCID_backbone_rapcid_backbone_220_model_3.cif.gz,/scratch/a2149a01/RAPCID_2610_output/backbone_denovo/RAPCID_backbone_rapcid_backbone_220_model_3.cif.gz,B,A,64,51,2.738,3.059,2.755,2,2,4,9,0.3077,43.63,chain1_E_chain2_F,1,0,1,0,1,0,0,44,2,1,7,0,1,0,1,1,1,0,0,1,0,pass_face_angle;pass_direct_interface,0.27165,0,
backbone_denovo,RAPCID_backbone_rapcid_backbone_220_model_4.cif.gz,/scratch/a2149a01/RAPCID_2610_output/backbone_denovo/RAPCID_backbone_rapcid_backbone_220_model_4.cif.gz,B,A,64,51,2.66,3.289,2.504,6,4,12,12,0.5,58.24,chain1_F_chain2_E,0,2,0,0,2,0,0,34,2,2,8,7,0,0,1,1,1,0,1,1,0,pass_face_angle,0.42381,0,
backbone_denovo,RAPCID_backbone_rapcid_backbone_220_model_5.cif.gz,/scratch/a2149a01/RAPCID_2610_output/backbone_denovo/RAPCID_backbone_rapcid_backbone_220_model_5.cif.gz,B,A,64,51,2.845,3.188,4.733,2,0,6,0,1.0,nan,chain1_E_chain2_F,1,0,0,0,1,0,0,43,0,0,7,0,0,0,1,0,0,0,0,1,0,pass_dual_rap_contact;pass_contact_balance;pass_face_angle;pass_direct_interface,0.09857,0,
backbone_denovo,RAPCID_backbone_rapcid_backbone_220_model_6.cif.gz,/scratch/a2149a01/RAPCID_2610_output/backbone_denovo/RAPCID_backbone_rapcid_backbone_220_model_6.cif.gz,B,A,64,51,2.287,2.354,18.251,10,0,30,0,1.0,nan,chain1_E_chain2_F,3,1,0,0,3,0,0,11,0,0,24,0,1,0,1,0,0,0,1,1,0,pass_dual_rap_contact;pass_contact_balance;pass_face_angle,0.27071,0,
backbone_denovo,RAPCID_backbone_rapcid_backbone_220_model_7.cif.gz,/scratch/a2149a01/RAPCID_2610_output/backbone_denovo/RAPCID_backbone_rapcid_backbone_220_model_7.cif.gz,B,A,64,51,3.001,17.339,2.648,0,6,0,18,0.0,nan,chain1_F_chain2_E,0,0,2,0,0,2,0,3,0,0,0,19,1,0,1,0,0,0,1,1,0,pass_dual_rap_contact;pass_contact_balance;pass_face_angle,0.23214,0,
backbone_denovo,RAPCID_backbone_rapcid_backbone_221_model_0.cif.gz,/scratch/a2149a01/RAPCID_2610_output/backbone_denovo/RAPCID_backbone_rapcid_backbone_221_model_0.cif.gz,B,A,57,51,2.852,1.894,5.598,5,0,23,0,1.0,nan,chain1_E_chain2_F,1,0,0,0,1,0,0,39,1,0,9,0,0,0,0,0,0,0,1,1,0,pass_no_clash;pass_dual_rap_contact;pass_contact_balance;pass_face_angle,0.13524,0,
backbone_denovo,RAPCID_backbone_rapcid_backbone_221_model_1.cif.gz,/scratch/a2149a01/RAPCID_2610_output/backbone_denovo/RAPCID_backbone_rapcid_backbone_221_model_1.cif.gz,B,A,57,51,2.054,3.637,9.442,4,0,11,0,1.0,nan,chain1_E_chain2_F,1,1,0,0,1,0,0,39,0,0,11,0,0,0,1,0,0,0,1,1,0,pass_dual_rap_contact;pass_contact_balance;pass_face_angle,0.12857,0,
backbone_denovo,RAPCID_backbone_rapcid_backbone_221_model_2.cif.gz,/scratch/a2149a01/RAPCID_2610_output/backbone_denovo/RAPCID_backbone_rapcid_backbone_221_model_2.cif.gz,B,A,57,51,2.118,10.455,3.556,0,4,0,13,0.0,nan,chain1_E_chain2_F,0,0,0,1,0,1,0,57,0,0,0,4,0,0,1,0,0,0,0,1,0,pass_dual_rap_contact;pass_contact_balance;pass_face_angle;pass_direct_interface,0.06857,0,
backbone_denovo,RAPCID_backbone_rapcid_backbone_221_model_3.cif.gz,/scratch/a2149a01/RAPCID_2610_output/backbone_denovo/RAPCID_backbone_rapcid_backbone_221_model_3.cif.gz,B,A,57,51,3.009,1.818,3.337,5,4,19,11,0.6333,89.6,chain1_E_chain2_F,1,0,1,1,1,1,0,41,1,0,6,5,1,0,0,1,1,1,0,1,0,pass_no_clash;pass_direct_interface,0.38913,0,
backbone_denovo,RAPCID_backbone_rapcid_backbone_221_model_4.cif.gz,/scratch/a2149a01/RAPCID_2610_output/backbone_denovo/RAPCID_backbone_rapcid_backbone_221_model_4.cif.gz,B,A,57,51,2.6,3.281,2.93,2,3,5,7,0.4167,69.55,chain1_F_chain2_E,0,1,0,0,1,0,0,32,1,1,9,5,3,0,1,1,1,1,1,1,1,,0.33041,0,
backbone_denovo,RAPCID_backbone_rapcid_backbone_221_model_5.cif.gz,/scratch/a2149a01/RAPCID_2610_output/backbone_denovo/RAPCID_backbone_rapcid_backbone_221_model_5.cif.gz,B,A,57,51,2.68,3.73,2.572,2,4,5,10,0.3333,70.37,chain1_F_chain2_E,0,2,1,1,2,1,0,58,0,2,12,10,0,0,1,1,1,1,0,1,0,pass_direct_interface,0.35696,0,
backbone_denovo,RAPCID_backbone_rapcid_backbone_221_model_6.cif.gz,/scratch/a2149a01/RAPCID_2610_output/backbone_denovo/RAPCID_backbone_rapcid_backbone_221_model_6.cif.gz,B,A,57,51,1.515,3.576,3.486,3,3,3,8,0.2727,40.66,chain1_F_chain2_E,0,2,0,1,2,0,0,36,1,0,12,0,0,0,0,0,1,0,1,1,0,pass_no_clash;pass_dual_rap_contact;pass_face_angle,0.2829,0,
backbone_denovo,RAPCID_backbone_rapcid_backbone_221_model_7.cif.gz,/scratch/a2149a01/RAPCID_2610_output/backbone_denovo/RAPCID_backbone_rapcid_backbone_221_model_7.cif.gz,B,A,57,51,2.223,3.809,3.685,3,4,3,7,0.3,47.32,chain1_F_chain2_E,0,2,1,2,2,1,0,33,0,1,9,7,0,0,1,0,1,0,1,1,0,pass_dual_rap_contact;pass_face_angle,0.32238,0,
backbone_denovo,RAPCID_backbone_rapcid_backbone_222_model_0.cif.gz,/scratch/a2149a01/RAPCID_2610_output/backbone_denovo/RAPCID_backbone_rapcid_backbone_222_model_0.cif.gz,A,B,62,46,2.508,4.043,3.278,5,5,7,10,0.4118,63.61,chain1_E_chain2_F,2,0,1,0,2,0,0,44,0,1,10,10,0,0,1,1,1,1,0,1,0,pass_direct_interface,0.33852,0,
backbone_denovo,RAPCID_backbone_rapcid_backbone_222_model_1.cif.gz,/scratch/a2149a01/RAPCID_2610_output/backbone_denovo/RAPCID_backbone_rapcid_backbone_222_model_1.cif.gz,A,B,62,46,2.64,2.726,3.29,7,4,23,14,0.6216,70.55,chain1_E_chain2_F,1,1,0,2,1,2,0,44,1,2,10,13,0,0,1,1,1,1,0,1,0,pass_direct_interface,0.39224,0,
backbone_denovo,RAPCID_backbone_rapcid_backbone_222_model_2.cif.gz,/scratch/a2149a01/RAPCID_2610_output/backbone_denovo/RAPCID_backbone_rapcid_backbone_222_model_2.cif.gz,A,B,62,46,2.312,2.732,3.436,4,3,15,9,0.625,71.12,chain1_E_chain2_F,3,0,1,0,3,0,0,35,2,1,11,7,0,0,1,1,1,1,1,1,1,,0.39279,1,907
backbone_denovo,RAPCID_backbone_rapcid_backbone_222_model_3.cif.gz,/scratch/a2149a01/RAPCID_2610_output/backbone_denovo/RAPCID_backbone_rapcid_backbone_222_model_3.cif.gz,A,B,62,46,2.104,14.751,10.707,0,0,0,0,0.0,nan,chain1_E_chain2_F,0,0,0,0,0,0,0,33,0,0,0,0,1,0,1,0,0,0,1,1,0,pass_dual_rap_contact;pass_contact_balance;pass_face_angle,0.0,0,
backbone_denovo,RAPCID_backbone_rapcid_backbone_222_model_4.cif.gz,/scratch/a2149a01/RAPCID_2610_output/backbone_denovo/RAPCID_backbone_rapcid_backbone_222_model_4.cif.gz,A,B,62,46,2.994,3.001,3.524,3,6,11,17,0.3929,55.24,chain1_E_chain2_F,1,0,1,1,1,1,0,46,1,2,11,7,0,1,1,1,1,0,0,1,0,pass_face_angle;pass_direct_interface,0.36429,0,
backbone_denovo,RAPCID_backbone_rapcid_backbone_222_model_5.cif.gz,/scratch/a2149a01/RAPCID_2610_output/backbone_denovo/RAPCID_backbone_rapcid_backbone_222_model_5.cif.gz,A,B,62,46,2.413,14.242,4.647,0,0,0,0,0.0,nan,chain1_E_chain2_F,0,0,0,0,0,0,0,39,0,0,0,0,0,0,1,0,0,0,1,1,0,pass_dual_rap_contact;pass_contact_balance;pass_face_angle,0.0,0,
backbone_denovo,RAPCID_backbone_rapcid_backbone_222_model_6.cif.gz,/scratch/a2149a01/RAPCID_2610_output/backbone_denovo/RAPCID_backbone_rapcid_backbone_222_model_6.cif.gz,A,B,62,46,2.664,9.292,9.081,0,0,0,0,0.0,nan,chain1_E_chain2_F,0,0,0,0,0,0,0,42,0,0,0,0,0,0,1,0,0,0,0,1,0,pass_dual_rap_contact;pass_contact_balance;pass_face_angle;pass_direct_interface,0.0,0,
backbone_denovo,RAPCID_backbone_rapcid_backbone_222_model_7.cif.gz,/scratch/a2149a01/RAPCID_2610_output/backbone_denovo/RAPCID_backbone_rapcid_backbone_222_model_7.cif.gz,A,B,62,46,2.671,2.343,3.206,5,2,16,4,0.8,53.82,chain1_E_chain2_F,1,0,0,0,1,0,0,35,1,1,5,5,0,0,1,1,1,0,1,1,0,pass_face_angle,0.2419,0,
backbone_denovo,RAPCID_backbone_rapcid_backbone_223_model_0.cif.gz,/scratch/a2149a01/RAPCID_2610_output/backbone_denovo/RAPCID_backbone_rapcid_backbone_223_model_0.cif.gz,A,B,43,30,3.197,3.469,2.841,3,3,9,7,0.5625,61.56,chain1_F_chain2_E,0,1,1,0,1,1,0,27,1,1,12,11,2,0,1,1,1,1,1,1,1,,0.37048,1,977
backbone_denovo,RAPCID_backbone_rapcid_backbone_223_model_1.cif.gz,/scratch/a2149a01/RAPCID_2610_output/backbone_denovo/RAPCID_backbone_rapcid_backbone_223_model_1.cif.gz,A,B,43,30,3.313,3.264,3.567,2,3,8,4,0.6667,73.7,chain1_F_chain2_E,0,0,2,0,0,2,0,26,0,0,1,9,0,0,1,1,1,1,1,1,1,,0.31613,0,
backbone_denovo,RAPCID_backbone_rapcid_backbone_223_model_2.cif.gz,/scratch/a2149a01/RAPCID_2610_output/backbone_denovo/RAPCID_backbone_rapcid_backbone_223_model_2.cif.gz,A,B,43,30,1.922,2.563,12.339,1,0,3,0,1.0,nan,chain1_E_chain2_F,0,0,0,0,0,0,0,14,0,0,3,0,1,0,0,0,0,0,1,1,0,pass_no_clash;pass_dual_rap_contact;pass_contact_balance;pass_face_angle,0.1,0,
backbone_denovo,RAPCID_backbone_rapcid_backbone_223_model_3.cif.gz,/scratch/a2149a01/RAPCID_2610_output/backbone_denovo/RAPCID_backbone_rapcid_backbone_223_model_3.cif.gz,A,B,43,30,2.774,2.816,5.883,4,0,20,0,1.0,nan,chain1_E_chain2_F,1,1,0,0,1,0,0,27,1,0,7,0,0,0,1,0,0,0,1,1,0,pass_dual_rap_contact;pass_contact_balance;pass_face_angle,0.12024,0,
backbone_denovo,RAPCID_backbone_rapcid_backbone_223_model_4.cif.gz,/scratch/a2149a01/RAPCID_2610_output/backbone_denovo/RAPCID_backbone_rapcid_backbone_223_model_4.cif.gz,A,B,43,30,3.264,3.373,3.413,6,4,16,18,0.4706,79.02,chain1_F_chain2_E,1,1,1,0,1,1,0,18,2,1,8,6,0,0,1,1,1,1,1,1,1,,0.47876,1,695
backbone_denovo,RAPCID_backbone_rapcid_backbone_223_model_5.cif.gz,/scratch/a2149a01/RAPCID_2610_output/backbone_denovo/RAPCID_backbone_rapcid_backbone_223_model_5.cif.gz,A,B,43,30,2.828,4.386,3.574,1,3,1,4,0.2,44.0,chain1_F_chain2_E,0,0,1,0,0,1,0,14,0,0,0,7,0,0,1,0,1,0,1,1,0,pass_dual_rap_contact;pass_face_angle,0.24857,0,
backbone_denovo,RAPCID_backbone_rapcid_backbone_223_model_6.cif.gz,/scratch/a2149a01/RAPCID_2610_output/backbone_denovo/RAPCID_backbone_rapcid_backbone_223_model_6.cif.gz,A,B,43,30,2.118,4.108,2.731,1,5,1,20,0.0476,76.1,chain1_F_chain2_E,0,0,3,0,0,3,1,33,0,1,0,11,0,0,1,0,0,1,1,1,0,pass_dual_rap_contact;pass_contact_balance,0.27365,0,
backbone_denovo,RAPCID_backbone_rapcid_backbone_223_model_7.cif.gz,/scratch/a2149a01/RAPCID_2610_output/backbone_denovo/RAPCID_backbone_rapcid_backbone_223_model_7.cif.gz,A,B,43,30,2.355,2.827,2.934,4,5,11,20,0.3548,81.72,chain1_F_chain2_E,0,2,1,1,2,1,0,34,2,0,9,10,0,0,1,1,1,1,1,1,1,,0.40339,1,883
backbone_denovo,RAPCID_backbone_rapcid_backbone_224_model_0.cif.gz,/scratch/a2149a01/RAPCID_2610_output/backbone_denovo/RAPCID_backbone_rapcid_backbone_224_model_0.cif.gz,B,A,65,31,3.038,2.759,3.335,5,1,10,1,0.9091,49.44,chain1_E_chain2_F,1,0,0,0,1,0,0,30,1,1,7,0,0,1,1,0,0,0,1,1,0,pass_dual_rap_contact;pass_contact_balance;pass_face_angle,0.16827,0,
backbone_denovo,RAPCID_backbone_rapcid_backbone_224_model_1.cif.gz,/scratch/a2149a01/RAPCID_2610_output/backbone_denovo/RAPCID_backbone_rapcid_backbone_224_model_1.cif.gz,B,A,65,31,2.855,1.56,3.608,4,2,17,8,0.68,95.68,chain1_F_chain2_E,1,0,2,0,0,2,0,27,1,0,1,7,1,0,0,1,1,1,1,1,0,pass_no_clash,0.37575,0,
backbone_denovo,RAPCID_backbone_rapcid_backbone_224_model_2.cif.gz,/scratch/a2149a01/RAPCID_2610_output/backbone_denovo/RAPCID_backbone_rapcid_backbone_224_model_2.cif.gz,B,A,65,31,2.394,2.534,2.877,5,3,19,9,0.6786,83.21,chain1_E_chain2_F,3,0,0,0,3,0,0,41,0,2,11,1,0,0,1,1,1,1,0,1,0,pass_direct_interface,0.39499,0,
backbone_denovo,RAPCID_backbone_rapcid_backbone_224_model_3.cif.gz,/scratch/a2149a01/RAPCID_2610_output/backbone_denovo/RAPCID_backbone_rapcid_backbone_224_model_3.cif.gz,B,A,65,31,2.578,2.965,7.77,5,0,14,0,1.0,nan,chain1_E_chain2_F,2,1,0,0,2,0,0,40,0,0,10,0,0,0,1,0,0,0,1,1,0,pass_dual_rap_contact;pass_contact_balance;pass_face_angle,0.15714,0,
backbone_denovo,RAPCID_backbone_rapcid_backbone_224_model_4.cif.gz,/scratch/a2149a01/RAPCID_2610_output/backbone_denovo/RAPCID_backbone_rapcid_backbone_224_model_4.cif.gz,B,A,65,31,3.048,3.248,10.81,5,0,18,0,1.0,nan,chain1_E_chain2_F,1,0,0,0,1,0,0,35,0,0,11,0,0,0,1,0,0,0,1,1,0,pass_dual_rap_contact;pass_contact_balance;pass_face_angle,0.12857,0,
backbone_denovo,RAPCID_backbone_rapcid_backbone_224_model_5.cif.gz,/scratch/a2149a01/RAPCID_2610_output/backbone_denovo/RAPCID_backbone_rapcid_backbone_224_model_5.cif.gz,B,A,65,31,2.324,2.772,3.746,3,1,10,2,0.8333,62.47,chain1_E_chain2_F,1,0,0,2,1,2,0,35,1,1,6,5,1,0,1,0,1,1,1,1,0,pass_dual_rap_contact,0.28571,0,
backbone_denovo,RAPCID_backbone_rapcid_backbone_224_model_6.cif.gz,/scratch/a2149a01/RAPCID_2610_output/backbone_denovo/RAPCID_backbone_rapcid_backbone_224_model_6.cif.gz,B,A,65,31,2.415,3.095,3.107,6,4,15,13,0.5357,69.0,chain1_F_chain2_E,0,2,1,1,2,1,0,29,2,1,14,10,0,0,1,1,1,1,1,1,1,,0.42143,1,830
backbone_denovo,RAPCID_backbone_rapcid_backbone_224_model_7.cif.gz,/scratch/a2149a01/RAPCID_2610_output/backbone_denovo/RAPCID_backbone_rapcid_backbone_224_model_7.cif.gz,B,A,65,31,2.828,3.587,3.807,3,3,11,7,0.6111,66.8,chain1_F_chain2_E,0,1,1,0,1,1,0,28,2,2,7,6,0,0,1,1,1,1,1,1,1,,0.37937,1,948
backbone_denovo,RAPCID_backbone_rapcid_backbone_225_model_0.cif.gz,/scratch/a2149a01/RAPCID_2610_output/backbone_denovo/RAPCID_backbone_rapcid_backbone_225_model_0.cif.gz,A,B,70,37,2.644,3.031,17.245,4,0,18,0,1.0,nan,chain1_E_chain2_F,1,0,0,0,1,0,0,23,0,0,9,0,0,0,1,0,0,0,1,1,0,pass_dual_rap_contact;pass_contact_balance;pass_face_angle,0.14357,0,
backbone_denovo,RAPCID_backbone_rapcid_backbone_225_model_1.cif.gz,/scratch/a2149a01/RAPCID_2610_output/backbone_denovo/RAPCID_backbone_rapcid_backbone_225_model_1.cif.gz,A,B,70,37,2.984,3.14,3.645,5,2,15,4,0.7895,88.67,chain1_E_chain2_F,3,0,1,0,3,0,0,29,1,0,14,5,0,0,1,1,1,1,1,1,1,,0.35216,0,
backbone_denovo,RAPCID_backbone_rapcid_backbone_225_model_2.cif.gz,/scratch/a2149a01/RAPCID_2610_output/backbone_denovo/RAPCID_backbone_rapcid_backbone_225_model_2.cif.gz,A,B,70,37,2.551,3.084,2.784,6,3,17,11,0.6071,81.19,chain1_F_chain2_E,1,1,2,0,1,2,0,23,1,1,11,6,1,0,1,1,1,1,1,1,1,,0.44183,1,772
backbone_denovo,RAPCID_backbone_rapcid_backbone_225_model_3.cif.gz,/scratch/a2149a01/RAPCID_2610_output/backbone_denovo/RAPCID_backbone_rapcid_backbone_225_model_3.cif.gz,A,B,70,37,2.415,3.303,2.86,6,2,17,8,0.68,57.87,chain1_E_chain2_F,1,0,1,0,1,0,0,24,0,1,9,0,0,0,1,1,1,0,1,1,0,pass_face_angle,0.28324,0,
backbone_denovo,RAPCID_backbone_rapcid_backbone_225_model_4.cif.gz,/scratch/a2149a01/RAPCID_2610_output/backbone_denovo/RAPCID_backbone_rapcid_backbone_225_model_4.cif.gz,A,B,70,37,2.492,2.708,4.224,5,1,25,2,0.9259,34.44,chain1_F_chain2_E,1,3,0,1,3,0,0,39,1,0,13,0,1,0,1,0,0,0,1,1,0,pass_dual_rap_contact;pass_contact_balance;pass_face_angle,0.23201,0,
backbone_denovo,RAPCID_backbone_rapcid_backbone_225_model_5.cif.gz,/scratch/a2149a01/RAPCID_2610_output/backbone_denovo/RAPCID_backbone_rapcid_backbone_225_model_5.cif.gz,A,B,70,37,1.881,2.72,3.339,3,3,15,4,0.7895,56.03,chain1_E_chain2_F,0,0,0,1,0,1,0,27,1,1,2,5,0,0,0,1,1,0,1,1,0,pass_no_clash;pass_face_angle,0.22112,0,
backbone_denovo,RAPCID_backbone_rapcid_backbone_225_model_6.cif.gz,/scratch/a2149a01/RAPCID_2610_output/backbone_denovo/RAPCID_backbone_rapcid_backbone_225_model_6.cif.gz,A,B,70,37,2.751,13.404,16.704,0,0,0,0,0.0,nan,chain1_E_chain2_F,0,0,0,0,0,0,0,39,0,0,0,0,0,0,1,0,0,0,1,1,0,pass_dual_rap_contact;pass_contact_balance;pass_face_angle,0.0,0,
backbone_denovo,RAPCID_backbone_rapcid_backbone_225_model_7.cif.gz,/scratch/a2149a01/RAPCID_2610_output/backbone_denovo/RAPCID_backbone_rapcid_backbone_225_model_7.cif.gz,A,B,70,37,2.711,3.452,3.594,6,3,14,8,0.6364,75.16,chain1_E_chain2_F,1,1,0,2,1,2,0,35,1,2,10,9,0,0,1,1,1,1,1,1,1,,0.4017,1,887
backbone_denovo,RAPCID_backbone_rapcid_backbone_226_model_0.cif.gz,/scratch/a2149a01/RAPCID_2610_output/backbone_denovo/RAPCID_backbone_rapcid_backbone_226_model_0.cif.gz,B,A,62,37,2.868,3.893,3.162,2,4,5,15,0.25,94.12,chain1_F_chain2_E,0,0,2,0,0,2,0,34,0,0,3,10,0,1,1,1,1,1,1,1,1,,0.34089,0,
backbone_denovo,RAPCID_backbone_rapcid_backbone_226_model_1.cif.gz,/scratch/a2149a01/RAPCID_2610_output/backbone_denovo/RAPCID_backbone_rapcid_backbone_226_model_1.cif.gz,B,A,62,37,2.736,2.192,2.739,5,4,13,23,0.3611,77.59,chain1_F_chain2_E,1,0,3,0,0,3,0,29,2,2,3,13,0,0,1,1,1,1,1,1,1,,0.42546,1,821
backbone_denovo,RAPCID_backbone_rapcid_backbone_226_model_2.cif.gz,/scratch/a2149a01/RAPCID_2610_output/backbone_denovo/RAPCID_backbone_rapcid_backbone_226_model_2.cif.gz,B,A,62,37,2.68,2.732,13.946,4,0,14,0,1.0,nan,chain1_E_chain2_F,1,0,0,0,1,0,0,33,0,0,15,0,0,0,1,0,0,0,1,1,0,pass_dual_rap_contact;pass_contact_balance;pass_face_angle,0.12857,0,
backbone_denovo,RAPCID_backbone_rapcid_backbone_226_model_3.cif.gz,/scratch/a2149a01/RAPCID_2610_output/backbone_denovo/RAPCID_backbone_rapcid_backbone_226_model_3.cif.gz,B,A,62,37,2.916,2.76,3.294,8,4,24,9,0.7273,155.99,chain1_E_chain2_F,1,0,0,2,1,2,1,11,1,0,10,9,0,0,1,1,1,1,1,1,1,,0.71503,1,152
backbone_denovo,RAPCID_backbone_rapcid_backbone_226_model_4.cif.gz,/scratch/a2149a01/RAPCID_2610_output/backbone_denovo/RAPCID_backbone_rapcid_backbone_226_model_4.cif.gz,B,A,62,37,2.868,3.748,2.938,3,5,7,8,0.4667,68.75,chain1_F_chain2_E,1,0,2,0,0,2,1,22,1,1,0,12,1,1,1,1,1,1,1,1,1,,0.43571,1,791
backbone_denovo,RAPCID_backbone_rapcid_backbone_226_model_5.cif.gz,/scratch/a2149a01/RAPCID_2610_output/backbone_denovo/RAPCID_backbone_rapcid_backbone_226_model_5.cif.gz,B,A,62,37,2.414,3.104,2.97,6,5,20,19,0.5128,98.69,chain1_F_chain2_E,1,0,2,0,0,2,1,40,1,0,5,10,2,0,1,1,1,1,1,1,1,,0.49622,1,661
backbone_denovo,RAPCID_backbone_rapcid_backbone_226_model_6.cif.gz,/scratch/a2149a01/RAPCID_2610_output/backbone_denovo/RAPCID_backbone_rapcid_backbone_226_model_6.cif.gz,B,A,62,37,2.556,2.567,3.264,3,2,10,5,0.6667,64.57,chain1_E_chain2_F,1,0,1,0,1,0,0,36,2,0,8,2,0,0,1,1,1,1,1,1,1,,0.29524,0,
backbone_denovo,RAPCID_backbone_rapcid_backbone_226_model_7.cif.gz,/scratch/a2149a01/RAPCID_2610_output/backbone_denovo/RAPCID_backbone_rapcid_backbone_226_model_7.cif.gz,B,A,62,37,2.134,3.405,3.056,5,4,11,13,0.4583,88.4,chain1_E_chain2_F,1,0,1,2,1,2,0,25,0,0,7,7,0,0,1,1,1,1,1,1,1,,0.44871,1,750
backbone_denovo,RAPCID_backbone_rapcid_backbone_227_model_0.cif.gz,/scratch/a2149a01/RAPCID_2610_output/backbone_denovo/RAPCID_backbone_rapcid_backbone_227_model_0.cif.gz,A,B,57,33,2.378,2.914,3.206,3,1,9,4,0.6923,62.28,chain1_E_chain2_F,2,0,0,0,2,0,0,36,1,1,6,4,0,0,1,0,1,1,1,1,0,pass_dual_rap_contact,0.31355,0,
backbone_denovo,RAPCID_backbone_rapcid_backbone_227_model_1.cif.gz,/scratch/a2149a01/RAPCID_2610_output/backbone_denovo/RAPCID_backbone_rapcid_backbone_227_model_1.cif.gz,A,B,57,33,2.845,3.113,3.116,2,2,10,8,0.5556,82.18,chain1_E_chain2_F,1,0,0,2,1,2,0,20,0,0,9,7,0,0,1,1,1,1,1,1,1,,0.44744,1,755
backbone_denovo,RAPCID_backbone_rapcid_backbone_227_model_2.cif.gz,/scratch/a2149a01/RAPCID_2610_output/backbone_denovo/RAPCID_backbone_rapcid_backbone_227_model_2.cif.gz,A,B,57,33,2.87,1.735,3.665,3,2,11,2,0.8462,45.62,chain1_E_chain2_F,0,0,0,1,0,1,0,33,1,0,4,5,2,0,0,0,1,0,1,1,0,pass_no_clash;pass_dual_rap_contact;pass_face_angle,0.19678,0,
backbone_denovo,RAPCID_backbone_rapcid_backbone_227_model_3.cif.gz,/scratch/a2149a01/RAPCID_2610_output/backbone_denovo/RAPCID_backbone_rapcid_backbone_227_model_3.cif.gz,A,B,57,33,2.619,3.02,2.994,5,3,17,10,0.6296,80.32,chain1_E_chain2_F,0,0,1,1,0,1,0,34,1,1,6,5,1,0,1,1,1,1,1,1,1,,0.3478,0,
backbone_denovo,RAPCID_backbone_rapcid_backbone_227_model_4.cif.gz,/scratch/a2149a01/RAPCID_2610_output/backbone_denovo/RAPCID_backbone_rapcid_backbone_227_model_4.cif.gz,A,B,57,33,2.315,3.454,3.829,3,3,9,9,0.5,56.07,chain1_E_chain2_F,2,0,1,0,2,0,0,34,1,1,9,1,0,0,1,1,1,0,1,1,0,pass_face_angle,0.39048,0,
backbone_denovo,RAPCID_backbone_rapcid_backbone_227_model_5.cif.gz,/scratch/a2149a01/RAPCID_2610_output/backbone_denovo/RAPCID_backbone_rapcid_backbone_227_model_5.cif.gz,A,B,57,33,2.559,1.683,2.887,4,3,15,11,0.5769,88.09,chain1_E_chain2_F,2,0,1,0,2,0,0,33,1,1,7,4,0,0,0,1,1,1,1,1,0,pass_no_clash,0.42333,0,
backbone_denovo,RAPCID_backbone_rapcid_backbone_227_model_6.cif.gz,/scratch/a2149a01/RAPCID_2610_output/backbone_denovo/RAPCID_backbone_rapcid_backbone_227_model_6.cif.gz,A,B,57,33,2.425,3.122,2.377,4,4,11,19,0.3667,71.56,chain1_E_chain2_F,2,0,2,0,2,0,0,30,0,1,9,1,2,0,1,1,1,1,1,1,1,,0.32899,0,
backbone_denovo,RAPCID_backbone_rapcid_backbone_227_model_7.cif.gz,/scratch/a2149a01/RAPCID_2610_output/backbone_denovo/RAPCID_backbone_rapcid_backbone_227_model_7.cif.gz,A,B,57,33,3.138,3.273,2.862,3,3,8,14,0.3636,91.37,chain1_E_chain2_F,1,0,1,2,1,2,0,26,1,1,12,7,0,0,1,1,1,1,1,1,1,,0.44907,1,747
backbone_denovo,RAPCID_backbone_rapcid_backbone_228_model_0.cif.gz,/scratch/a2149a01/RAPCID_2610_output/backbone_denovo/RAPCID_backbone_rapcid_backbone_228_model_0.cif.gz,A,B,55,43,2.463,3.102,13.191,4,0,16,0,1.0,nan,chain1_E_chain2_F,2,0,0,0,2,0,0,39,0,0,7,0,2,1,1,0,0,0,1,1,0,pass_dual_rap_contact;pass_contact_balance;pass_face_angle,0.12714,0,
backbone_denovo,RAPCID_backbone_rapcid_backbone_228_model_1.cif.gz,/scratch/a2149a01/RAPCID_2610_output/backbone_denovo/RAPCID_backbone_rapcid_backbone_228_model_1.cif.gz,A,B,55,43,2.271,2.508,3.273,3,5,10,15,0.4,109.69,chain1_E_chain2_F,1,0,0,3,1,3,0,28,0,0,6,12,0,1,1,1,1,1,1,1,1,,0.5099,1,641
backbone_denovo,RAPCID_backbone_rapcid_backbone_228_model_2.cif.gz,/scratch/a2149a01/RAPCID_2610_output/backbone_denovo/RAPCID_backbone_rapcid_backbone_228_model_2.cif.gz,A,B,55,43,2.313,3.293,2.578,5,7,15,13,0.5357,125.73,chain1_F_chain2_E,0,2,2,0,2,2,0,36,0,0,15,9,0,0,1,1,1,1,1,1,1,,0.58909,1,530
backbone_denovo,RAPCID_backbone_rapcid_backbone_228_model_3.cif.gz,/scratch/a2149a01/RAPCID_2610_output/backbone_denovo/RAPCID_backbone_rapcid_backbone_228_model_3.cif.gz,A,B,55,43,2.456,6.419,2.702,0,4,0,9,0.0,nan,chain1_F_chain2_E,0,0,1,0,0,1,0,33,0,0,0,11,0,0,1,0,0,0,1,1,0,pass_dual_rap_contact;pass_contact_balance;pass_face_angle,0.12857,0,
backbone_denovo,RAPCID_backbone_rapcid_backbone_228_model_4.cif.gz,/scratch/a2149a01/RAPCID_2610_output/backbone_denovo/RAPCID_backbone_rapcid_backbone_228_model_4.cif.gz,A,B,55,43,2.076,2.94,3.479,4,4,9,7,0.5625,106.3,chain1_E_chain2_F,1,0,1,1,1,1,0,32,1,1,6,8,1,0,1,1,1,1,1,1,1,,0.4898,1,674
backbone_denovo,RAPCID_backbone_rapcid_backbone_228_model_5.cif.gz,/scratch/a2149a01/RAPCID_2610_output/backbone_denovo/RAPCID_backbone_rapcid_backbone_228_model_5.cif.gz,A,B,55,43,2.668,3.171,3.419,5,6,11,10,0.5238,66.98,chain1_E_chain2_F,1,1,0,3,1,3,0,45,3,2,10,13,0,0,1,1,1,1,0,1,0,pass_direct_interface,0.4881,0,
backbone_denovo,RAPCID_backbone_rapcid_backbone_228_model_6.cif.gz,/scratch/a2149a01/RAPCID_2610_output/backbone_denovo/RAPCID_backbone_rapcid_backbone_228_model_6.cif.gz,A,B,55,43,2.538,2.851,3.191,6,3,23,5,0.8214,71.12,chain1_E_chain2_F,2,0,0,2,2,2,0,47,1,1,11,6,1,0,1,1,1,1,0,1,0,pass_direct_interface,0.32612,0,
backbone_denovo,RAPCID_backbone_rapcid_backbone_228_model_7.cif.gz,/scratch/a2149a01/RAPCID_2610_output/backbone_denovo/RAPCID_backbone_rapcid_backbone_228_model_7.cif.gz,A,B,55,43,2.211,2.884,11.977,4,0,13,0,1.0,nan,chain1_E_chain2_F,2,1,0,0,2,0,0,38,0,0,7,0,0,0,1,0,0,0,1,1,0,pass_dual_rap_contact;pass_contact_balance;pass_face_angle,0.12714,0,
backbone_denovo,RAPCID_backbone_rapcid_backbone_229_model_0.cif.gz,/scratch/a2149a01/RAPCID_2610_output/backbone_denovo/RAPCID_backbone_rapcid_backbone_229_model_0.cif.gz,A,B,51,45,2.053,2.918,3.365,5,3,12,7,0.6316,69.62,chain1_E_chain2_F,1,1,0,3,1,3,0,50,2,2,11,11,0,0,1,1,1,1,0,1,0,pass_direct_interface,0.43037,0,
backbone_denovo,RAPCID_backbone_rapcid_backbone_229_model_1.cif.gz,/scratch/a2149a01/RAPCID_2610_output/backbone_denovo/RAPCID_backbone_rapcid_backbone_229_model_1.cif.gz,A,B,51,45,1.868,3.178,3.321,7,4,22,9,0.7097,55.61,chain1_F_chain2_E,1,3,0,1,3,0,0,41,1,0,13,0,0,0,0,1,1,0,0,1,0,pass_no_clash;pass_face_angle;pass_direct_interface,0.31851,0,
backbone_denovo,RAPCID_backbone_rapcid_backbone_229_model_2.cif.gz,/scratch/a2149a01/RAPCID_2610_output/backbone_denovo/RAPCID_backbone_rapcid_backbone_229_model_2.cif.gz,A,B,51,45,2.375,2.945,6.225,3,0,20,0,1.0,nan,chain1_E_chain2_F,2,0,0,0,2,0,1,38,0,0,13,0,0,0,1,0,0,0,1,1,0,pass_dual_rap_contact;pass_contact_balance;pass_face_angle,0.18571,0,
backbone_denovo,RAPCID_backbone_rapcid_backbone_229_model_3.cif.gz,/scratch/a2149a01/RAPCID_2610_output/backbone_denovo/RAPCID_backbone_rapcid_backbone_229_model_3.cif.gz,A,B,51,45,2.166,3.845,2.688,2,6,3,15,0.1667,62.65,chain1_E_chain2_F,0,1,1,2,0,2,0,22,0,1,0,9,0,0,1,0,1,1,1,1,0,pass_dual_rap_contact,0.26048,0,
backbone_denovo,RAPCID_backbone_rapcid_backbone_229_model_4.cif.gz,/scratch/a2149a01/RAPCID_2610_output/backbone_denovo/RAPCID_backbone_rapcid_backbone_229_model_4.cif.gz,A,B,51,45,2.52,3.56,2.867,7,5,12,17,0.4138,71.1,chain1_F_chain2_E,0,2,1,1,2,1,0,39,3,2,14,10,0,1,1,1,1,1,1,1,1,,0.44156,1,773
backbone_denovo,RAPCID_backbone_rapcid_backbone_229_model_5.cif.gz,/scratch/a2149a01/RAPCID_2610_output/backbone_denovo/RAPCID_backbone_rapcid_backbone_229_model_5.cif.gz,A,B,51,45,2.722,3.255,3.584,4,3,18,7,0.72,65.38,chain1_F_chain2_E,0,3,1,1,3,1,0,46,2,1,13,11,1,0,1,1,1,1,0,1,0,pass_direct_interface,0.37629,0,
backbone_denovo,RAPCID_backbone_rapcid_backbone_229_model_6.cif.gz,/scratch/a2149a01/RAPCID_2610_output/backbone_denovo/RAPCID_backbone_rapcid_backbone_229_model_6.cif.gz,A,B,51,45,2.953,2.473,2.333,5,5,13,14,0.4815,73.74,chain1_F_chain2_E,1,0,3,0,0,3,1,20,2,1,3,10,2,1,1,1,1,1,1,1,1,,0.51267,1,638
backbone_denovo,RAPCID_backbone_rapcid_backbone_229_model_7.cif.gz,/scratch/a2149a01/RAPCID_2610_output/backbone_denovo/RAPCID_backbone_rapcid_backbone_229_model_7.cif.gz,A,B,51,45,2.741,3.099,3.522,2,2,7,3,0.7,50.45,chain1_E_chain2_F,1,0,1,0,1,0,0,30,1,1,4,0,0,0,1,0,1,0,1,1,0,pass_dual_rap_contact;pass_face_angle,0.2219,0,
backbone_denovo,RAPCID_backbone_rapcid_backbone_22_model_0.cif.gz,/scratch/a2149a01/RAPCID_2610_output/backbone_denovo/RAPCID_backbone_rapcid_backbone_22_model_0.cif.gz,B,A,51,50,2.823,2.845,4.589,5,0,16,0,1.0,nan,chain1_E_chain2_F,1,0,0,0,1,0,0,25,2,0,6,0,0,0,1,0,0,0,1,1,0,pass_dual_rap_contact;pass_contact_balance;pass_face_angle,0.1369,0,
backbone_denovo,RAPCID_backbone_rapcid_backbone_22_model_1.cif.gz,/scratch/a2149a01/RAPCID_2610_output/backbone_denovo/RAPCID_backbone_rapcid_backbone_22_model_1.cif.gz,B,A,51,50,2.757,2.857,12.231,9,0,22,0,1.0,nan,chain1_E_chain2_F,2,2,0,0,2,0,0,13,0,0,14,0,1,1,1,0,0,0,1,1,0,pass_dual_rap_contact;pass_contact_balance;pass_face_angle,0.23214,0,
backbone_denovo,RAPCID_backbone_rapcid_backbone_22_model_2.cif.gz,/scratch/a2149a01/RAPCID_2610_output/backbone_denovo/RAPCID_backbone_rapcid_backbone_22_model_2.cif.gz,B,A,51,50,1.959,4.114,2.736,2,3,2,17,0.1053,99.93,chain1_E_chain2_F,0,0,1,1,0,1,0,37,0,0,3,10,0,0,0,0,1,1,1,1,0,pass_no_clash;pass_dual_rap_contact,0.27377,0,
backbone_denovo,RAPCID_backbone_rapcid_backbone_22_model_3.cif.gz,/scratch/a2149a01/RAPCID_2610_output/backbone_denovo/RAPCID_backbone_rapcid_backbone_22_model_3.cif.gz,B,A,51,50,2.216,3.373,3.006,5,4,12,8,0.6,54.74,chain1_E_chain2_F,1,1,0,2,1,2,0,55,1,2,11,9,0,1,1,1,1,0,0,1,0,pass_face_angle;pass_direct_interface,0.39571,0,
backbone_denovo,RAPCID_backbone_rapcid_backbone_22_model_4.cif.gz,/scratch/a2149a01/RAPCID_2610_output/backbone_denovo/RAPCID_backbone_rapcid_backbone_22_model_4.cif.gz,B,A,51,50,3.11,2.925,3.002,7,3,24,14,0.6316,96.14,chain1_F_chain2_E,1,1,2,0,1,2,1,11,2,1,11,13,0,0,1,1,1,1,1,1,1,,0.58711,1,531
backbone_denovo,RAPCID_backbone_rapcid_backbone_22_model_5.cif.gz,/scratch/a2149a01/RAPCID_2610_output/backbone_denovo/RAPCID_backbone_rapcid_backbone_22_model_5.cif.gz,B,A,51,50,2.135,3.16,3.261,4,5,8,11,0.4211,72.58,chain1_F_chain2_E,0,3,1,1,3,1,0,49,3,2,11,9,0,0,1,1,1,1,0,1,0,pass_direct_interface,0.47797,0,
backbone_denovo,RAPCID_backbone_rapcid_backbone_22_model_6.cif.gz,/scratch/a2149a01/RAPCID_2610_output/backbone_denovo/RAPCID_backbone_rapcid_backbone_22_model_6.cif.gz,B,A,51,50,2.696,3.414,8.204,4,0,15,0,1.0,nan,chain1_F_chain2_E,1,2,0,0,2,0,0,42,0,0,11,0,1,0,1,0,0,0,0,1,0,pass_dual_rap_contact;pass_contact_balance;pass_face_angle;pass_direct_interface,0.15714,0,
backbone_denovo,RAPCID_backbone_rapcid_backbone_22_model_7.cif.gz,/scratch/a2149a01/RAPCID_2610_output/backbone_denovo/RAPCID_backbone_rapcid_backbone_22_model_7.cif.gz,B,A,51,50,2.49,4.011,2.302,1,3,1,9,0.1,30.32,chain1_E_chain2_F,0,1,0,1,0,1,0,49,0,1,0,8,0,0,1,0,1,0,0,1,0,pass_dual_rap_contact;pass_face_angle;pass_direct_interface,0.16524,0,
backbone_denovo,RAPCID_backbone_rapcid_backbone_230_model_0.cif.gz,/scratch/a2149a01/RAPCID_2610_output/backbone_denovo/RAPCID_backbone_rapcid_backbone_230_model_0.cif.gz,A,B,46,42,2.78,8.341,17.404,0,0,0,0,0.0,nan,chain1_E_chain2_F,0,0,0,0,0,0,0,38,0,0,0,0,0,0,1,0,0,0,1,1,0,pass_dual_rap_contact;pass_contact_balance;pass_face_angle,0.0,0,
backbone_denovo,RAPCID_backbone_rapcid_backbone_230_model_1.cif.gz,/scratch/a2149a01/RAPCID_2610_output/backbone_denovo/RAPCID_backbone_rapcid_backbone_230_model_1.cif.gz,A,B,46,42,2.602,2.543,2.565,4,4,14,14,0.5,77.99,chain1_E_chain2_F,2,0,0,0,2,0,0,42,0,1,13,0,0,0,1,1,1,1,0,1,0,pass_direct_interface,0.40379,0,
backbone_denovo,RAPCID_backbone_rapcid_backbone_230_model_2.cif.gz,/scratch/a2149a01/RAPCID_2610_output/backbone_denovo/RAPCID_backbone_rapcid_backbone_230_model_2.cif.gz,A,B,46,42,2.711,3.482,3.147,4,4,7,8,0.4667,42.83,chain1_F_chain2_E,0,2,0,1,2,0,0,34,1,1,8,0,0,0,1,1,1,0,1,1,0,pass_face_angle,0.35714,0,
backbone_denovo,RAPCID_backbone_rapcid_backbone_230_model_3.cif.gz,/scratch/a2149a01/RAPCID_2610_output/backbone_denovo/RAPCID_backbone_rapcid_backbone_230_model_3.cif.gz,A,B,46,42,2.673,3.663,3.7,2,6,5,12,0.2941,62.12,chain1_E_chain2_F,1,0,0,2,1,2,0,20,2,1,10,11,0,0,1,1,1,1,1,1,1,,0.39336,1,905
backbone_denovo,RAPCID_backbone_rapcid_backbone_230_model_4.cif.gz,/scratch/a2149a01/RAPCID_2610_output/backbone_denovo/RAPCID_backbone_rapcid_backbone_230_model_4.cif.gz,A,B,46,42,2.879,3.838,3.439,3,3,3,7,0.3,57.07,chain1_E_chain2_F,0,0,0,2,0,2,0,38,1,2,4,9,0,0,1,0,1,0,1,1,0,pass_dual_rap_contact;pass_face_angle,0.32714,0,
backbone_denovo,RAPCID_backbone_rapcid_backbone_230_model_5.cif.gz,/scratch/a2149a01/RAPCID_2610_output/backbone_denovo/RAPCID_backbone_rapcid_backbone_230_model_5.cif.gz,A,B,46,42,2.592,2.826,3.547,3,2,10,7,0.5882,54.77,chain1_E_chain2_F,2,0,0,0,2,0,1,34,1,0,10,0,0,0,1,1,1,0,1,1,0,pass_face_angle,0.36709,0,
backbone_denovo,RAPCID_backbone_rapcid_backbone_230_model_6.cif.gz,/scratch/a2149a01/RAPCID_2610_output/backbone_denovo/RAPCID_backbone_rapcid_backbone_230_model_6.cif.gz,A,B,46,42,2.386,2.819,2.942,4,4,13,12,0.52,89.66,chain1_F_chain2_E,0,2,3,0,2,3,0,46,0,2,8,7,0,0,1,1,1,1,0,1,0,pass_direct_interface,0.53705,0,
backbone_denovo,RAPCID_backbone_rapcid_backbone_230_model_7.cif.gz,/scratch/a2149a01/RAPCID_2610_output/backbone_denovo/RAPCID_backbone_rapcid_backbone_230_model_7.cif.gz,A,B,46,42,2.391,3.207,3.285,5,6,11,17,0.3929,84.15,chain1_E_chain2_F,1,1,0,3,1,3,0,47,2,0,9,12,0,0,1,1,1,1,0,1,0,pass_direct_interface,0.45527,0,
backbone_denovo,RAPCID_backbone_rapcid_backbone_231_model_0.cif.gz,/scratch/a2149a01/RAPCID_2610_output/backbone_denovo/RAPCID_backbone_rapcid_backbone_231_model_0.cif.gz,B,A,69,55,2.714,2.829,3.23,7,5,16,12,0.5714,98.84,chain1_F_chain2_E,1,2,1,0,2,1,0,31,2,3,10,8,0,0,1,1,1,1,1,1,1,,0.53993,1,600
backbone_denovo,RAPCID_backbone_rapcid_backbone_231_model_1.cif.gz,/scratch/a2149a01/RAPCID_2610_output/backbone_denovo/RAPCID_backbone_rapcid_backbone_231_model_1.cif.gz,B,A,69,55,2.337,3.361,3.277,5,3,14,5,0.7368,58.09,chain1_F_chain2_E,0,2,1,1,2,1,0,34,2,0,16,9,1,0,1,1,1,0,1,1,0,pass_face_angle,0.32431,0,
backbone_denovo,RAPCID_backbone_rapcid_backbone_231_model_2.cif.gz,/scratch/a2149a01/RAPCID_2610_output/backbone_denovo/RAPCID_backbone_rapcid_backbone_231_model_2.cif.gz,B,A,69,55,1.956,3.201,2.946,8,6,27,23,0.54,90.2,chain1_F_chain2_E,1,1,2,0,1,2,0,61,3,2,8,15,2,0,0,1,1,1,0,1,0,pass_no_clash;pass_direct_interface,0.52373,0,
backbone_denovo,RAPCID_backbone_rapcid_backbone_231_model_3.cif.gz,/scratch/a2149a01/RAPCID_2610_output/backbone_denovo/RAPCID_backbone_rapcid_backbone_231_model_3.cif.gz,B,A,69,55,2.731,11.332,2.977,0,4,0,16,0.0,nan,chain1_F_chain2_E,0,0,1,0,0,1,0,34,0,0,0,11,0,0,1,0,0,0,1,1,0,pass_dual_rap_contact;pass_contact_balance;pass_face_angle,0.12857,0,
backbone_denovo,RAPCID_backbone_rapcid_backbone_231_model_4.cif.gz,/scratch/a2149a01/RAPCID_2610_output/backbone_denovo/RAPCID_backbone_rapcid_backbone_231_model_4.cif.gz,B,A,69,55,1.518,2.979,1.867,8,6,18,25,0.4186,139.43,chain1_F_chain2_E,1,3,2,0,3,2,1,39,1,2,13,8,0,0,0,1,1,1,1,1,0,pass_no_clash,0.72363,0,
backbone_denovo,RAPCID_backbone_rapcid_backbone_231_model_5.cif.gz,/scratch/a2149a01/RAPCID_2610_output/backbone_denovo/RAPCID_backbone_rapcid_backbone_231_model_5.cif.gz,B,A,69,55,2.677,2.493,5.547,5,0,17,0,1.0,nan,chain1_E_chain2_F,2,1,0,0,2,0,0,38,0,0,9,0,0,0,1,0,0,0,1,1,0,pass_dual_rap_contact;pass_contact_balance;pass_face_angle,0.14714,0,
backbone_denovo,RAPCID_backbone_rapcid_backbone_231_model_6.cif.gz,/scratch/a2149a01/RAPCID_2610_output/backbone_denovo/RAPCID_backbone_rapcid_backbone_231_model_6.cif.gz,B,A,69,55,2.742,2.831,3.269,6,4,15,10,0.6,75.0,chain1_E_chain2_F,1,2,0,1,1,1,0,40,1,1,10,4,0,0,1,1,1,1,1,1,1,,0.37047,1,978
backbone_denovo,RAPCID_backbone_rapcid_backbone_231_model_7.cif.gz,/scratch/a2149a01/RAPCID_2610_output/backbone_denovo/RAPCID_backbone_rapcid_backbone_231_model_7.cif.gz,B,A,69,55,1.547,2.921,3.073,3,5,11,18,0.3793,82.05,chain1_E_chain2_F,3,0,2,2,3,2,0,35,1,1,7,10,0,0,0,1,1,1,1,1,0,pass_no_clash,0.47142,0,
backbone_denovo,RAPCID_backbone_rapcid_backbone_232_model_0.cif.gz,/scratch/a2149a01/RAPCID_2610_output/backbone_denovo/RAPCID_backbone_rapcid_backbone_232_model_0.cif.gz,A,B,49,41,2.655,3.528,3.519,3,4,10,5,0.6667,40.9,chain1_F_chain2_E,0,2,0,1,2,0,0,37,2,0,11,4,0,0,1,1,1,0,1,1,0,pass_face_angle,0.32381,0,
backbone_denovo,RAPCID_backbone_rapcid_backbone_232_model_1.cif.gz,/scratch/a2149a01/RAPCID_2610_output/backbone_denovo/RAPCID_backbone_rapcid_backbone_232_model_1.cif.gz,A,B,49,41,2.795,3.191,3.5,3,4,5,12,0.2941,48.73,chain1_E_chain2_F,1,2,0,1,1,1,0,37,2,1,5,8,0,0,1,1,1,0,1,1,0,pass_face_angle,0.32479,0,
backbone_denovo,RAPCID_backbone_rapcid_backbone_232_model_2.cif.gz,/scratch/a2149a01/RAPCID_2610_output/backbone_denovo/RAPCID_backbone_rapcid_backbone_232_model_2.cif.gz,A,B,49,41,2.811,3.18,2.122,2,4,5,16,0.2381,65.95,chain1_E_chain2_F,1,0,1,0,1,0,0,30,1,1,6,2,0,0,1,1,1,1,1,1,1,,0.23714,0,
backbone_denovo,RAPCID_backbone_rapcid_backbone_232_model_3.cif.gz,/scratch/a2149a01/RAPCID_2610_output/backbone_denovo/RAPCID_backbone_rapcid_backbone_232_model_3.cif.gz,A,B,49,41,2.71,7.973,2.479,0,4,0,19,0.0,nan,chain1_F_chain2_E,0,0,2,0,0,2,0,46,0,1,0,12,0,0,1,0,0,0,0,1,0,pass_dual_rap_contact;pass_contact_balance;pass_face_angle;pass_direct_interface,0.17381,0,
backbone_denovo,RAPCID_backbone_rapcid_backbone_232_model_4.cif.gz,/scratch/a2149a01/RAPCID_2610_output/backbone_denovo/RAPCID_backbone_rapcid_backbone_232_model_4.cif.gz,A,B,49,41,2.485,2.509,2.568,7,3,26,12,0.6842,90.79,chain1_E_chain2_F,2,0,0,2,2,2,0,43,2,1,13,8,0,0,1,1,1,1,0,1,0,pass_direct_interface,0.46324,0,
backbone_denovo,RAPCID_backbone_rapcid_backbone_232_model_5.cif.gz,/scratch/a2149a01/RAPCID_2610_output/backbone_denovo/RAPCID_backbone_rapcid_backbone_232_model_5.cif.gz,A,B,49,41,2.846,2.795,3.477,5,4,14,14,0.5,77.64,chain1_E_chain2_F,2,0,1,0,2,0,1,16,1,1,12,6,0,0,1,1,1,1,1,1,1,,0.50785,1,643
backbone_denovo,RAPCID_backbone_rapcid_backbone_232_model_6.cif.gz,/scratch/a2149a01/RAPCID_2610_output/backbone_denovo/RAPCID_backbone_rapcid_backbone_232_model_6.cif.gz,A,B,49,41,3.055,3.799,2.701,5,3,9,9,0.5,85.74,chain1_F_chain2_E,0,3,0,0,3,0,0,34,0,1,10,2,0,0,1,1,1,1,1,1,1,,0.45819,1,731
backbone_denovo,RAPCID_backbone_rapcid_backbone_232_model_7.cif.gz,/scratch/a2149a01/RAPCID_2610_output/backbone_denovo/RAPCID_backbone_rapcid_backbone_232_model_7.cif.gz,A,B,49,41,2.955,2.689,3.019,1,5,4,19,0.1739,101.89,chain1_E_chain2_F,0,0,2,2,0,2,0,10,0,1,1,9,1,0,1,0,1,1,1,1,0,pass_dual_rap_contact,0.44302,0,
backbone_denovo,RAPCID_backbone_rapcid_backbone_233_model_0.cif.gz,/scratch/a2149a01/RAPCID_2610_output/backbone_denovo/RAPCID_backbone_rapcid_backbone_233_model_0.cif.gz,A,B,51,39,2.463,3.696,3.225,1,4,1,8,0.1111,96.16,chain1_E_chain2_F,0,0,0,1,0,1,0,36,0,1,4,6,0,0,1,0,1,1,1,1,0,pass_dual_rap_contact,0.28022,0,
backbone_denovo,RAPCID_backbone_rapcid_backbone_233_model_1.cif.gz,/scratch/a2149a01/RAPCID_2610_output/backbone_denovo/RAPCID_backbone_rapcid_backbone_233_model_1.cif.gz,A,B,51,39,2.559,2.273,8.53,6,0,14,0,1.0,nan,chain1_E_chain2_F,1,1,0,0,1,0,0,40,1,0,12,0,0,0,1,0,0,0,1,1,0,pass_dual_rap_contact;pass_contact_balance;pass_face_angle,0.14524,0,
backbone_denovo,RAPCID_backbone_rapcid_backbone_233_model_2.cif.gz,/scratch/a2149a01/RAPCID_2610_output/backbone_denovo/RAPCID_backbone_rapcid_backbone_233_model_2.cif.gz,A,B,51,39,2.719,3.395,2.935,3,3,13,9,0.5909,88.25,chain1_F_chain2_E,1,2,1,0,2,1,0,44,1,1,10,3,0,0,1,1,1,1,0,1,0,pass_direct_interface,0.44686,0,
backbone_denovo,RAPCID_backbone_rapcid_backbone_233_model_3.cif.gz,/scratch/a2149a01/RAPCID_2610_output/backbone_denovo/RAPCID_backbone_rapcid_backbone_233_model_3.cif.gz,A,B,51,39,2.229,2.911,3.509,5,2,11,4,0.7333,54.15,chain1_E_chain2_F,1,1,0,2,1,2,0,41,2,1,10,7,1,0,1,1,1,0,0,1,0,pass_face_angle;pass_direct_interface,0.34238,0,
backbone_denovo,RAPCID_backbone_rapcid_backbone_233_model_4.cif.gz,/scratch/a2149a01/RAPCID_2610_output/backbone_denovo/RAPCID_backbone_rapcid_backbone_233_model_4.cif.gz,A,B,51,39,2.481,3.029,3.285,3,5,10,10,0.5,64.75,chain1_E_chain2_F,2,0,1,1,2,1,0,25,1,1,7,6,1,0,1,1,1,1,1,1,1,,0.43405,1,796
backbone_denovo,RAPCID_backbone_rapcid_backbone_233_model_5.cif.gz,/scratch/a2149a01/RAPCID_2610_output/backbone_denovo/RAPCID_backbone_rapcid_backbone_233_model_5.cif.gz,A,B,51,39,2.58,2.923,2.517,3,3,13,9,0.5909,72.31,chain1_E_chain2_F,1,2,0,2,1,2,0,38,0,1,7,5,0,0,1,1,1,1,1,1,1,,0.37706,1,957
backbone_denovo,RAPCID_backbone_rapcid_backbone_233_model_6.cif.gz,/scratch/a2149a01/RAPCID_2610_output/backbone_denovo/RAPCID_backbone_rapcid_backbone_233_model_6.cif.gz,A,B,51,39,2.217,3.013,3.146,4,3,13,13,0.5,85.1,chain1_F_chain2_E,1,2,0,0,2,0,0,43,2,1,10,1,0,1,1,1,1,1,0,1,0,pass_direct_interface,0.4608,0,
backbone_denovo,RAPCID_backbone_rapcid_backbone_233_model_7.cif.gz,/scratch/a2149a01/RAPCID_2610_output/backbone_denovo/RAPCID_backbone_rapcid_backbone_233_model_7.cif.gz,A,B,51,39,1.967,3.609,11.041,3,0,4,0,1.0,nan,chain1_F_chain2_E,0,1,0,0,1,0,0,22,0,0,7,0,0,0,0,0,0,0,1,1,0,pass_no_clash;pass_dual_rap_contact;pass_contact_balance;pass_face_angle,0.12857,0,
backbone_denovo,RAPCID_backbone_rapcid_backbone_234_model_0.cif.gz,/scratch/a2149a01/RAPCID_2610_output/backbone_denovo/RAPCID_backbone_rapcid_backbone_234_model_0.cif.gz,B,A,66,48,2.054,2.769,3.348,7,3,17,7,0.7083,97.16,chain1_E_chain2_F,3,0,0,0,3,0,1,41,1,1,17,3,0,0,1,1,1,1,0,1,0,pass_direct_interface,0.45816,0,
backbone_denovo,RAPCID_backbone_rapcid_backbone_234_model_1.cif.gz,/scratch/a2149a01/RAPCID_2610_output/backbone_denovo/RAPCID_backbone_rapcid_backbone_234_model_1.cif.gz,B,A,66,48,2.79,3.191,2.65,4,3,10,10,0.5,50.96,chain1_F_chain2_E,1,0,2,0,0,2,0,27,1,1,2,9,0,0,1,1,1,0,1,1,0,pass_face_angle,0.39548,0,
backbone_denovo,RAPCID_backbone_rapcid_backbone_234_model_2.cif.gz,/scratch/a2149a01/RAPCID_2610_output/backbone_denovo/RAPCID_backbone_rapcid_backbone_234_model_2.cif.gz,B,A,66,48,2.089,3.619,20.571,1,0,2,0,1.0,nan,chain1_E_chain2_F,0,0,0,0,0,0,0,26,0,0,0,0,1,0,1,0,0,0,1,1,0,pass_dual_rap_contact;pass_contact_balance;pass_face_angle,0.01,0,
backbone_denovo,RAPCID_backbone_rapcid_backbone_234_model_3.cif.gz,/scratch/a2149a01/RAPCID_2610_output/backbone_denovo/RAPCID_backbone_rapcid_backbone_234_model_3.cif.gz,B,A,66,48,2.549,3.511,3.127,1,5,1,14,0.0667,53.36,chain1_F_chain2_E,0,0,2,0,0,2,0,39,0,1,0,11,0,0,1,0,0,0,1,1,0,pass_dual_rap_contact;pass_contact_balance;pass_face_angle,0.20048,0,
backbone_denovo,RAPCID_backbone_rapcid_backbone_234_model_4.cif.gz,/scratch/a2149a01/RAPCID_2610_output/backbone_denovo/RAPCID_backbone_rapcid_backbone_234_model_4.cif.gz,B,A,66,48,2.307,3.03,2.905,4,4,9,17,0.3462,69.32,chain1_F_chain2_E,1,0,2,0,0,2,0,46,1,0,1,13,0,0,1,1,1,1,0,1,0,pass_direct_interface,0.31333,0,
backbone_denovo,RAPCID_backbone_rapcid_backbone_234_model_5.cif.gz,/scratch/a2149a01/RAPCID_2610_output/backbone_denovo/RAPCID_backbone_rapcid_backbone_234_model_5.cif.gz,B,A,66,48,2.45,3.367,3.518,6,4,12,14,0.4615,91.06,chain1_F_chain2_E,1,1,2,0,1,2,0,26,0,1,7,12,0,0,1,1,1,1,1,1,1,,0.47051,1,706
backbone_denovo,RAPCID_backbone_rapcid_backbone_234_model_6.cif.gz,/scratch/a2149a01/RAPCID_2610_output/backbone_denovo/RAPCID_backbone_rapcid_backbone_234_model_6.cif.gz,B,A,66,48,2.617,3.004,3.126,9,4,24,10,0.7059,77.62,chain1_E_chain2_F,2,1,0,2,2,2,0,27,2,1,14,7,1,0,1,1,1,1,1,1,1,,0.41567,1,848
backbone_denovo,RAPCID_backbone_rapcid_backbone_234_model_7.cif.gz,/scratch/a2149a01/RAPCID_2610_output/backbone_denovo/RAPCID_backbone_rapcid_backbone_234_model_7.cif.gz,B,A,66,48,2.994,3.224,3.683,4,3,7,6,0.5385,64.58,chain1_E_chain2_F,1,0,0,3,1,3,0,35,2,1,9,11,0,0,1,1,1,1,1,1,1,,0.4489,1,748
backbone_denovo,RAPCID_backbone_rapcid_backbone_235_model_0.cif.gz,/scratch/a2149a01/RAPCID_2610_output/backbone_denovo/RAPCID_backbone_rapcid_backbone_235_model_0.cif.gz,B,A,48,31,2.593,2.686,7.527,6,0,17,0,1.0,nan,chain1_F_chain2_E,1,3,0,0,3,0,0,14,0,0,11,0,2,0,1,0,0,0,1,1,0,pass_dual_rap_contact;pass_contact_balance;pass_face_angle,0.25571,0,
backbone_denovo,RAPCID_backbone_rapcid_backbone_235_model_1.cif.gz,/scratch/a2149a01/RAPCID_2610_output/backbone_denovo/RAPCID_backbone_rapcid_backbone_235_model_1.cif.gz,B,A,48,31,2.893,3.244,5.581,6,0,15,0,1.0,nan,chain1_E_chain2_F,1,1,0,0,1,0,0,33,0,0,10,0,1,0,1,0,0,0,1,1,0,pass_dual_rap_contact;pass_contact_balance;pass_face_angle,0.12857,0,
backbone_denovo,RAPCID_backbone_rapcid_backbone_235_model_2.cif.gz,/scratch/a2149a01/RAPCID_2610_output/backbone_denovo/RAPCID_backbone_rapcid_backbone_235_model_2.cif.gz,B,A,48,31,2.482,3.534,5.055,2,0,7,0,1.0,nan,chain1_E_chain2_F,0,0,0,0,0,0,0,27,1,0,1,3,0,0,1,0,0,0,1,1,0,pass_dual_rap_contact;pass_contact_balance;pass_face_angle,0.06167,0,
backbone_denovo,RAPCID_backbone_rapcid_backbone_235_model_3.cif.gz,/scratch/a2149a01/RAPCID_2610_output/backbone_denovo/RAPCID_backbone_rapcid_backbone_235_model_3.cif.gz,B,A,48,31,2.427,3.863,3.463,2,5,3,13,0.1875,64.32,chain1_F_chain2_E,0,2,1,0,2,1,0,29,1,1,5,11,0,0,1,0,1,1,1,1,0,pass_dual_rap_contact,0.29405,0,
backbone_denovo,RAPCID_backbone_rapcid_backbone_235_model_4.cif.gz,/scratch/a2149a01/RAPCID_2610_output/backbone_denovo/RAPCID_backbone_rapcid_backbone_235_model_4.cif.gz,B,A,48,31,2.865,3.584,3.125,3,4,8,13,0.381,43.23,chain1_E_chain2_F,2,0,2,0,2,0,0,25,1,2,9,0,0,0,1,1,1,0,1,1,0,pass_face_angle,0.36452,0,
backbone_denovo,RAPCID_backbone_rapcid_backbone_235_model_5.cif.gz,/scratch/a2149a01/RAPCID_2610_output/backbone_denovo/RAPCID_backbone_rapcid_backbone_235_model_5.cif.gz,B,A,48,31,2.914,3.156,2.878,6,3,14,10,0.5833,114.78,chain1_F_chain2_E,1,1,2,0,1,2,0,29,0,1,11,5,0,0,1,1,1,1,1,1,1,,0.52165,1,621
backbone_denovo,RAPCID_backbone_rapcid_backbone_235_model_6.cif.gz,/scratch/a2149a01/RAPCID_2610_output/backbone_denovo/RAPCID_backbone_rapcid_backbone_235_model_6.cif.gz,B,A,48,31,2.087,2.855,3.94,4,1,16,1,0.9412,55.63,chain1_E_chain2_F,2,0,0,0,2,0,0,22,0,0,8,0,0,0,1,0,0,0,1,1,0,pass_dual_rap_contact;pass_contact_balance;pass_face_angle,0.19067,0,
backbone_denovo,RAPCID_backbone_rapcid_backbone_235_model_7.cif.gz,/scratch/a2149a01/RAPCID_2610_output/backbone_denovo/RAPCID_backbone_rapcid_backbone_235_model_7.cif.gz,B,A,48,31,2.852,2.627,4.746,5,0,13,0,1.0,nan,chain1_E_chain2_F,2,0,0,0,2,0,0,22,1,0,7,2,0,0,1,0,0,0,1,1,0,pass_dual_rap_contact;pass_contact_balance;pass_face_angle,0.19381,0,
backbone_denovo,RAPCID_backbone_rapcid_backbone_236_model_0.cif.gz,/scratch/a2149a01/RAPCID_2610_output/backbone_denovo/RAPCID_backbone_rapcid_backbone_236_model_0.cif.gz,A,B,65,45,2.343,2.708,3.802,4,3,14,6,0.7,82.84,chain1_E_chain2_F,1,0,0,1,1,1,0,25,0,0,5,10,0,0,1,1,1,1,1,1,1,,0.33827,0,
backbone_denovo,RAPCID_backbone_rapcid_backbone_236_model_1.cif.gz,/scratch/a2149a01/RAPCID_2610_output/backbone_denovo/RAPCID_backbone_rapcid_backbone_236_model_1.cif.gz,A,B,65,45,1.706,3.297,3.188,4,4,7,14,0.3333,106.28,chain1_E_chain2_F,1,0,1,1,1,1,0,27,0,0,9,9,1,0,0,1,1,1,1,1,0,pass_no_clash,0.41976,0,
backbone_denovo,RAPCID_backbone_rapcid_backbone_236_model_2.cif.gz,/scratch/a2149a01/RAPCID_2610_output/backbone_denovo/RAPCID_backbone_rapcid_backbone_236_model_2.cif.gz,A,B,65,45,1.919,3.091,3.307,5,3,10,9,0.5263,83.1,chain1_F_chain2_E,1,0,2,0,0,2,0,27,0,1,5,13,0,0,0,1,1,1,1,1,0,pass_no_clash,0.41528,0,
backbone_denovo,RAPCID_backbone_rapcid_backbone_236_model_3.cif.gz,/scratch/a2149a01/RAPCID_2610_output/backbone_denovo/RAPCID_backbone_rapcid_backbone_236_model_3.cif.gz,A,B,65,45,2.654,3.2,3.551,2,4,6,10,0.375,94.17,chain1_E_chain2_F,1,0,1,0,1,0,0,43,1,0,5,0,0,0,1,1,1,1,0,1,0,pass_direct_interface,0.32914,0,
backbone_denovo,RAPCID_backbone_rapcid_backbone_236_model_4.cif.gz,/scratch/a2149a01/RAPCID_2610_output/backbone_denovo/RAPCID_backbone_rapcid_backbone_236_model_4.cif.gz,A,B,65,45,2.261,4.723,16.994,0,0,0,0,0.0,nan,chain1_E_chain2_F,0,0,0,0,0,0,0,33,0,0,2,0,0,0,1,0,0,0,1,1,0,pass_dual_rap_contact;pass_contact_balance;pass_face_angle,0.02,0,
backbone_denovo,RAPCID_backbone_rapcid_backbone_236_model_5.cif.gz,/scratch/a2149a01/RAPCID_2610_output/backbone_denovo/RAPCID_backbone_rapcid_backbone_236_model_5.cif.gz,A,B,65,45,2.711,3.671,3.066,2,3,5,10,0.3333,46.14,chain1_F_chain2_E,0,0,2,0,0,2,1,52,1,2,0,12,1,0,1,1,1,0,0,1,0,pass_face_angle;pass_direct_interface,0.36905,0,
backbone_denovo,RAPCID_backbone_rapcid_backbone_236_model_6.cif.gz,/scratch/a2149a01/RAPCID_2610_output/backbone_denovo/RAPCID_backbone_rapcid_backbone_236_model_6.cif.gz,A,B,65,45,2.565,6.05,2.47,0,3,0,10,0.0,nan,chain1_F_chain2_E,0,0,2,0,0,2,0,35,0,0,0,8,0,0,1,0,0,0,1,1,0,pass_dual_rap_contact;pass_contact_balance;pass_face_angle,0.13714,0,
backbone_denovo,RAPCID_backbone_rapcid_backbone_236_model_7.cif.gz,/scratch/a2149a01/RAPCID_2610_output/backbone_denovo/RAPCID_backbone_rapcid_backbone_236_model_7.cif.gz,A,B,65,45,27.185,3.02,38.536,7,0,19,0,1.0,nan,chain1_E_chain2_F,2,0,0,0,2,0,0,0,0,0,13,0,0,0,1,0,0,0,1,1,0,pass_dual_rap_contact;pass_contact_balance;pass_face_angle,0.21714,0,
backbone_denovo,RAPCID_backbone_rapcid_backbone_237_model_0.cif.gz,/scratch/a2149a01/RAPCID_2610_output/backbone_denovo/RAPCID_backbone_rapcid_backbone_237_model_0.cif.gz,B,A,50,40,2.783,3.506,3.295,2,4,4,10,0.2857,73.03,chain1_E_chain2_F,0,0,0,3,0,3,0,29,0,1,4,11,0,0,1,1,1,1,1,1,1,,0.33011,0,
backbone_denovo,RAPCID_backbone_rapcid_backbone_237_model_1.cif.gz,/scratch/a2149a01/RAPCID_2610_output/backbone_denovo/RAPCID_backbone_rapcid_backbone_237_model_1.cif.gz,B,A,50,40,2.261,2.147,3.539,4,1,13,1,0.9286,41.95,chain1_E_chain2_F,1,0,1,0,1,0,0,42,1,1,11,0,0,0,1,0,0,0,0,1,0,pass_dual_rap_contact;pass_contact_balance;pass_face_angle;pass_direct_interface,0.19048,0,
backbone_denovo,RAPCID_backbone_rapcid_backbone_237_model_2.cif.gz,/scratch/a2149a01/RAPCID_2610_output/backbone_denovo/RAPCID_backbone_rapcid_backbone_237_model_2.cif.gz,B,A,50,40,2.602,2.534,3.466,7,3,21,8,0.7241,68.87,chain1_E_chain2_F,1,1,0,2,1,2,0,38,2,2,10,8,0,0,1,1,1,1,1,1,1,,0.36273,1,1000
backbone_denovo,RAPCID_backbone_rapcid_backbone_237_model_3.cif.gz,/scratch/a2149a01/RAPCID_2610_output/backbone_denovo/RAPCID_backbone_rapcid_backbone_237_model_3.cif.gz,B,A,50,40,2.625,2.889,4.783,3,0,10,0,1.0,nan,chain1_E_chain2_F,1,0,0,0,1,0,0,40,1,0,13,0,0,0,1,0,0,0,1,1,0,pass_dual_rap_contact;pass_contact_balance;pass_face_angle,0.14524,0,
backbone_denovo,RAPCID_backbone_rapcid_backbone_237_model_4.cif.gz,/scratch/a2149a01/RAPCID_2610_output/backbone_denovo/RAPCID_backbone_rapcid_backbone_237_model_4.cif.gz,B,A,50,40,2.583,2.936,2.838,5,6,14,20,0.4118,113.09,chain1_E_chain2_F,1,0,1,1,1,1,0,35,1,1,9,8,0,0,1,1,1,1,1,1,1,,0.50215,1,653
backbone_denovo,RAPCID_backbone_rapcid_backbone_237_model_5.cif.gz,/scratch/a2149a01/RAPCID_2610_output/backbone_denovo/RAPCID_backbone_rapcid_backbone_237_model_5.cif.gz,B,A,50,40,2.741,2.986,3.208,3,3,10,8,0.5556,51.14,chain1_E_chain2_F,2,0,2,0,2,0,0,44,1,2,9,0,0,0,1,1,1,0,0,1,0,pass_face_angle;pass_direct_interface,0.37492,0,
backbone_denovo,RAPCID_backbone_rapcid_backbone_237_model_6.cif.gz,/scratch/a2149a01/RAPCID_2610_output/backbone_denovo/RAPCID_backbone_rapcid_backbone_237_model_6.cif.gz,B,A,50,40,2.678,3.456,8.391,4,0,11,0,1.0,nan,chain1_E_chain2_F,1,0,0,0,1,0,0,48,0,0,11,0,0,0,1,0,0,0,0,1,0,pass_dual_rap_contact;pass_contact_balance;pass_face_angle;pass_direct_interface,0.12857,0,
backbone_denovo,RAPCID_backbone_rapcid_backbone_237_model_7.cif.gz,/scratch/a2149a01/RAPCID_2610_output/backbone_denovo/RAPCID_backbone_rapcid_backbone_237_model_7.cif.gz,B,A,50,40,2.623,3.349,3.12,4,5,8,12,0.4,96.77,chain1_F_chain2_E,0,2,2,0,2,2,0,37,0,1,11,7,0,0,1,1,1,1,1,1,1,,0.48351,1,689
backbone_denovo,RAPCID_backbone_rapcid_backbone_238_model_0.cif.gz,/scratch/a2149a01/RAPCID_2610_output/backbone_denovo/RAPCID_backbone_rapcid_backbone_238_model_0.cif.gz,A,B,53,41,2.12,3.384,3.183,3,6,10,11,0.4762,54.36,chain1_E_chain2_F,2,0,1,1,2,1,0,38,2,2,10,11,0,0,1,1,1,0,1,1,0,pass_face_angle,0.44286,0,
backbone_denovo,RAPCID_backbone_rapcid_backbone_238_model_1.cif.gz,/scratch/a2149a01/RAPCID_2610_output/backbone_denovo/RAPCID_backbone_rapcid_backbone_238_model_1.cif.gz,A,B,53,41,2.959,10.96,2.073,0,7,0,20,0.0,nan,chain1_E_chain2_F,0,0,1,2,0,2,0,22,0,0,0,14,1,0,1,0,0,0,1,1,0,pass_dual_rap_contact;pass_contact_balance;pass_face_angle,0.18714,0,
backbone_denovo,RAPCID_backbone_rapcid_backbone_238_model_2.cif.gz,/scratch/a2149a01/RAPCID_2610_output/backbone_denovo/RAPCID_backbone_rapcid_backbone_238_model_2.cif.gz,A,B,53,41,2.549,3.247,3.186,4,2,18,3,0.8571,51.34,chain1_E_chain2_F,1,2,0,1,1,1,0,31,1,2,7,6,0,0,1,0,1,0,1,1,0,pass_dual_rap_contact;pass_face_angle,0.26429,0,
backbone_denovo,RAPCID_backbone_rapcid_backbone_238_model_3.cif.gz,/scratch/a2149a01/RAPCID_2610_output/backbone_denovo/RAPCID_backbone_rapcid_backbone_238_model_3.cif.gz,A,B,53,41,2.834,2.945,4.068,4,1,19,1,0.95,43.89,chain1_E_chain2_F,2,0,0,0,2,0,0,39,3,0,11,0,0,0,1,0,0,0,1,1,0,pass_dual_rap_contact;pass_contact_balance;pass_face_angle,0.22714,0,
backbone_denovo,RAPCID_backbone_rapcid_backbone_238_model_4.cif.gz,/scratch/a2149a01/RAPCID_2610_output/backbone_denovo/RAPCID_backbone_rapcid_backbone_238_model_4.cif.gz,A,B,53,41,2.107,2.617,3.052,4,6,12,20,0.375,65.26,chain1_F_chain2_E,0,2,1,1,2,1,0,37,2,3,10,10,0,0,1,1,1,1,1,1,1,,0.41905,1,839
backbone_denovo,RAPCID_backbone_rapcid_backbone_238_model_5.cif.gz,/scratch/a2149a01/RAPCID_2610_output/backbone_denovo/RAPCID_backbone_rapcid_backbone_238_model_5.cif.gz,A,B,53,41,2.742,3.091,3.275,2,5,8,13,0.381,65.25,chain1_E_chain2_F,2,0,2,0,2,0,0,34,1,1,6,0,0,1,1,1,1,1,1,1,1,,0.30286,0,
backbone_denovo,RAPCID_backbone_rapcid_backbone_238_model_6.cif.gz,/scratch/a2149a01/RAPCID_2610_output/backbone_denovo/RAPCID_backbone_rapcid_backbone_238_model_6.cif.gz,A,B,53,41,2.679,2.563,2.284,7,3,20,8,0.7143,48.19,chain1_F_chain2_E,1,0,3,0,0,3,0,45,1,1,9,9,0,0,1,1,1,0,0,1,0,pass_face_angle;pass_direct_interface,0.33333,0,
backbone_denovo,RAPCID_backbone_rapcid_backbone_238_model_7.cif.gz,/scratch/a2149a01/RAPCID_2610_output/backbone_denovo/RAPCID_backbone_rapcid_backbone_238_model_7.cif.gz,A,B,53,41,3.304,3.117,2.913,4,4,13,11,0.5417,50.92,chain1_F_chain2_E,0,1,0,0,1,0,0,13,0,0,7,0,0,0,1,1,1,0,1,1,0,pass_face_angle,0.3569,0,
backbone_denovo,RAPCID_backbone_rapcid_backbone_239_model_0.cif.gz,/scratch/a2149a01/RAPCID_2610_output/backbone_denovo/RAPCID_backbone_rapcid_backbone_239_model_0.cif.gz,A,B,63,38,1.958,3.663,2.752,2,5,5,14,0.2632,67.12,chain1_E_chain2_F,1,0,1,0,1,0,0,35,1,1,7,0,0,1,0,1,1,1,1,1,0,pass_no_clash,0.23717,0,
backbone_denovo,RAPCID_backbone_rapcid_backbone_239_model_1.cif.gz,/scratch/a2149a01/RAPCID_2610_output/backbone_denovo/RAPCID_backbone_rapcid_backbone_239_model_1.cif.gz,A,B,63,38,2.626,3.62,3.351,3,4,7,9,0.4375,45.79,chain1_E_chain2_F,2,0,1,0,2,0,0,19,0,1,11,4,0,1,1,1,1,0,1,1,0,pass_face_angle,0.39381,0,
backbone_denovo,RAPCID_backbone_rapcid_backbone_239_model_2.cif.gz,/scratch/a2149a01/RAPCID_2610_output/backbone_denovo/RAPCID_backbone_rapcid_backbone_239_model_2.cif.gz,A,B,63,38,2.805,2.621,3.783,3,3,7,10,0.4118,86.06,chain1_E_chain2_F,1,0,1,1,1,1,0,28,1,0,8,7,0,0,1,1,1,1,1,1,1,,0.39537,1,901
backbone_denovo,RAPCID_backbone_rapcid_backbone_239_model_3.cif.gz,/scratch/a2149a01/RAPCID_2610_output/backbone_denovo/RAPCID_backbone_rapcid_backbone_239_model_3.cif.gz,A,B,63,38,2.868,9.769,2.922,0,9,0,30,0.0,nan,chain1_F_chain2_E,0,0,2,1,0,2,0,9,0,0,0,13,0,0,1,0,0,0,1,1,0,pass_dual_rap_contact;pass_contact_balance;pass_face_angle,0.25214,0,
backbone_denovo,RAPCID_backbone_rapcid_backbone_239_model_4.cif.gz,/scratch/a2149a01/RAPCID_2610_output/backbone_denovo/RAPCID_backbone_rapcid_backbone_239_model_4.cif.gz,A,B,63,38,2.139,2.602,3.171,4,2,14,3,0.8235,70.42,chain1_E_chain2_F,1,0,0,0,1,0,0,27,1,0,9,3,0,0,1,0,1,1,1,1,0,pass_dual_rap_contact,0.22557,0,
backbone_denovo,RAPCID_backbone_rapcid_backbone_239_model_5.cif.gz,/scratch/a2149a01/RAPCID_2610_output/backbone_denovo/RAPCID_backbone_rapcid_backbone_239_model_5.cif.gz,A,B,63,38,1.913,3.517,11.661,3,0,7,0,1.0,nan,chain1_F_chain2_E,0,3,0,0,3,0,0,35,0,0,14,0,0,0,0,0,0,0,1,1,0,pass_no_clash;pass_dual_rap_contact;pass_contact_balance;pass_face_angle,0.18571,0,
backbone_denovo,RAPCID_backbone_rapcid_backbone_239_model_6.cif.gz,/scratch/a2149a01/RAPCID_2610_output/backbone_denovo/RAPCID_backbone_rapcid_backbone_239_model_6.cif.gz,A,B,63,38,2.513,3.666,2.41,5,5,8,12,0.4,90.77,chain1_F_chain2_E,1,2,1,0,2,1,0,28,0,0,15,7,0,0,1,1,1,1,1,1,1,,0.41829,1,840
backbone_denovo,RAPCID_backbone_rapcid_backbone_239_model_7.cif.gz,/scratch/a2149a01/RAPCID_2610_output/backbone_denovo/RAPCID_backbone_rapcid_backbone_239_model_7.cif.gz,A,B,63,38,2.458,3.109,3.909,6,2,21,2,0.913,61.52,chain1_E_chain2_F,3,0,1,0,3,0,1,36,1,1,13,0,0,0,1,0,0,1,1,1,0,pass_dual_rap_contact;pass_contact_balance,0.2824,0,
backbone_denovo,RAPCID_backbone_rapcid_backbone_23_model_0.cif.gz,/scratch/a2149a01/RAPCID_2610_output/backbone_denovo/RAPCID_backbone_rapcid_backbone_23_model_0.cif.gz,B,A,68,64,2.466,3.265,3.507,5,2,10,7,0.5882,99.15,chain1_E_chain2_F,1,0,0,2,1,2,0,35,0,0,7,10,1,1,1,1,1,1,1,1,1,,0.45093,1,743
backbone_denovo,RAPCID_backbone_rapcid_backbone_23_model_1.cif.gz,/scratch/a2149a01/RAPCID_2610_output/backbone_denovo/RAPCID_backbone_rapcid_backbone_23_model_1.cif.gz,B,A,68,64,2.202,2.85,2.847,5,5,14,16,0.4667,91.58,chain1_E_chain2_F,1,0,1,0,1,0,0,54,1,1,11,2,0,0,1,1,1,1,0,1,0,pass_direct_interface,0.42385,0,
backbone_denovo,RAPCID_backbone_rapcid_backbone_23_model_2.cif.gz,/scratch/a2149a01/RAPCID_2610_output/backbone_denovo/RAPCID_backbone_rapcid_backbone_23_model_2.cif.gz,B,A,68,64,2.626,3.58,10.811,3,0,9,0,1.0,nan,chain1_E_chain2_F,1,0,0,0,1,0,0,40,0,0,16,0,0,0,1,0,0,0,1,1,0,pass_dual_rap_contact;pass_contact_balance;pass_face_angle,0.12857,0,
backbone_denovo,RAPCID_backbone_rapcid_backbone_23_model_3.cif.gz,/scratch/a2149a01/RAPCID_2610_output/backbone_denovo/RAPCID_backbone_rapcid_backbone_23_model_3.cif.gz,B,A,68,64,2.788,4.896,2.676,0,3,0,4,0.0,nan,chain1_F_chain2_E,0,0,1,0,0,1,0,48,0,1,0,9,0,0,1,0,0,0,0,1,0,pass_dual_rap_contact;pass_contact_balance;pass_face_angle;pass_direct_interface,0.13524,0,
backbone_denovo,RAPCID_backbone_rapcid_backbone_23_model_4.cif.gz,/scratch/a2149a01/RAPCID_2610_output/backbone_denovo/RAPCID_backbone_rapcid_backbone_23_model_4.cif.gz,B,A,68,64,2.528,3.199,2.624,3,4,8,9,0.4706,73.68,chain1_E_chain2_F,1,0,0,2,1,2,0,45,1,1,9,10,0,0,1,1,1,1,0,1,0,pass_direct_interface,0.4229,0,
backbone_denovo,RAPCID_backbone_rapcid_backbone_23_model_5.cif.gz,/scratch/a2149a01/RAPCID_2610_output/backbone_denovo/RAPCID_backbone_rapcid_backbone_23_model_5.cif.gz,B,A,68,64,2.726,3.505,10.716,5,0,19,0,1.0,nan,chain1_E_chain2_F,2,0,0,0,2,0,0,38,0,0,13,0,1,0,1,0,0,0,1,1,0,pass_dual_rap_contact;pass_contact_balance;pass_face_angle,0.15714,0,
backbone_denovo,RAPCID_backbone_rapcid_backbone_23_model_6.cif.gz,/scratch/a2149a01/RAPCID_2610_output/backbone_denovo/RAPCID_backbone_rapcid_backbone_23_model_6.cif.gz,B,A,68,64,2.117,15.325,2.495,0,6,0,25,0.0,nan,chain1_F_chain2_E,0,0,3,0,0,3,0,20,0,0,0,20,0,0,1,0,0,0,1,1,0,pass_dual_rap_contact;pass_contact_balance;pass_face_angle,0.22571,0,
backbone_denovo,RAPCID_backbone_rapcid_backbone_23_model_7.cif.gz,/scratch/a2149a01/RAPCID_2610_output/backbone_denovo/RAPCID_backbone_rapcid_backbone_23_model_7.cif.gz,B,A,68,64,2.867,3.095,3.282,6,4,24,8,0.75,100.9,chain1_E_chain2_F,3,0,1,0,3,0,0,27,1,1,16,5,0,1,1,1,1,1,1,1,1,,0.43037,1,811
backbone_denovo,RAPCID_backbone_rapcid_backbone_240_model_0.cif.gz,/scratch/a2149a01/RAPCID_2610_output/backbone_denovo/RAPCID_backbone_rapcid_backbone_240_model_0.cif.gz,B,A,53,51,2.645,2.977,19.87,3,0,6,0,1.0,nan,chain1_E_chain2_F,1,0,0,0,1,0,0,20,0,0,7,0,0,0,1,0,0,0,1,1,0,pass_dual_rap_contact;pass_contact_balance;pass_face_angle,0.13857,0,
backbone_denovo,RAPCID_backbone_rapcid_backbone_240_model_1.cif.gz,/scratch/a2149a01/RAPCID_2610_output/backbone_denovo/RAPCID_backbone_rapcid_backbone_240_model_1.cif.gz,B,A,53,51,2.594,2.726,5.646,4,0,11,0,1.0,nan,chain1_E_chain2_F,1,0,0,0,1,0,0,21,0,0,9,0,0,1,1,0,0,0,1,1,0,pass_dual_rap_contact;pass_contact_balance;pass_face_angle,0.15357,0,
backbone_denovo,RAPCID_backbone_rapcid_backbone_240_model_2.cif.gz,/scratch/a2149a01/RAPCID_2610_output/backbone_denovo/RAPCID_backbone_rapcid_backbone_240_model_2.cif.gz,B,A,53,51,2.379,2.992,2.299,2,5,5,16,0.2381,68.23,chain1_E_chain2_F,2,0,0,0,2,0,0,45,1,1,7,4,0,0,1,1,1,1,0,1,0,pass_direct_interface,0.28571,0,
backbone_denovo,RAPCID_backbone_rapcid_backbone_240_model_3.cif.gz,/scratch/a2149a01/RAPCID_2610_output/backbone_denovo/RAPCID_backbone_rapcid_backbone_240_model_3.cif.gz,B,A,53,51,2.855,3.068,3.134,5,6,9,15,0.375,82.98,chain1_E_chain2_F,1,1,0,3,1,3,0,20,1,1,10,13,0,0,1,1,1,1,1,1,1,,0.48421,1,688
backbone_denovo,RAPCID_backbone_rapcid_backbone_240_model_4.cif.gz,/scratch/a2149a01/RAPCID_2610_output/backbone_denovo/RAPCID_backbone_rapcid_backbone_240_model_4.cif.gz,B,A,53,51,2.342,3.379,2.246,2,4,6,14,0.3,72.36,chain1_F_chain2_E,0,0,2,0,0,2,0,41,1,0,3,7,1,0,1,1,1,1,0,1,0,pass_direct_interface,0.30502,0,
backbone_denovo,RAPCID_backbone_rapcid_backbone_240_model_5.cif.gz,/scratch/a2149a01/RAPCID_2610_output/backbone_denovo/RAPCID_backbone_rapcid_backbone_240_model_5.cif.gz,B,A,53,51,1.439,2.799,9.947,9,0,22,0,1.0,nan,chain1_E_chain2_F,2,0,0,0,2,0,0,25,1,0,13,0,2,2,0,0,0,0,1,1,0,pass_no_clash;pass_dual_rap_contact;pass_contact_balance;pass_face_angle,0.18881,0,
backbone_denovo,RAPCID_backbone_rapcid_backbone_240_model_6.cif.gz,/scratch/a2149a01/RAPCID_2610_output/backbone_denovo/RAPCID_backbone_rapcid_backbone_240_model_6.cif.gz,B,A,53,51,2.614,10.568,3.429,0,4,0,9,0.0,nan,chain1_E_chain2_F,0,0,1,1,0,1,0,51,0,0,0,11,0,0,1,0,0,0,0,1,0,pass_dual_rap_contact;pass_contact_balance;pass_face_angle;pass_direct_interface,0.12857,0,
backbone_denovo,RAPCID_backbone_rapcid_backbone_240_model_7.cif.gz,/scratch/a2149a01/RAPCID_2610_output/backbone_denovo/RAPCID_backbone_rapcid_backbone_240_model_7.cif.gz,B,A,53,51,2.604,3.055,9.93,8,0,16,0,1.0,nan,chain1_E_chain2_F,1,0,0,0,1,0,0,27,0,0,20,0,0,0,1,0,0,0,1,1,0,pass_dual_rap_contact;pass_contact_balance;pass_face_angle,0.13357,0,
backbone_denovo,RAPCID_backbone_rapcid_backbone_241_model_0.cif.gz,/scratch/a2149a01/RAPCID_2610_output/backbone_denovo/RAPCID_backbone_rapcid_backbone_241_model_0.cif.gz,A,B,67,30,2.3,3.293,3.496,3,3,5,7,0.4167,65.9,chain1_E_chain2_F,1,0,1,0,1,0,0,33,0,1,9,3,0,1,1,1,1,1,1,1,1,,0.3119,0,
backbone_denovo,RAPCID_backbone_rapcid_backbone_241_model_1.cif.gz,/scratch/a2149a01/RAPCID_2610_output/backbone_denovo/RAPCID_backbone_rapcid_backbone_241_model_1.cif.gz,A,B,67,30,2.763,2.833,7.873,3,0,12,0,1.0,nan,chain1_E_chain2_F,0,0,0,0,0,0,0,32,0,0,1,0,0,0,1,0,0,0,1,1,0,pass_dual_rap_contact;pass_contact_balance;pass_face_angle,0.01,0,
backbone_denovo,RAPCID_backbone_rapcid_backbone_241_model_2.cif.gz,/scratch/a2149a01/RAPCID_2610_output/backbone_denovo/RAPCID_backbone_rapcid_backbone_241_model_2.cif.gz,A,B,67,30,2.609,2.438,3.166,5,2,25,4,0.8621,80.58,chain1_E_chain2_F,3,0,0,0,3,0,0,19,2,1,15,3,1,0,1,1,1,1,1,1,1,,0.37448,1,965
backbone_denovo,RAPCID_backbone_rapcid_backbone_241_model_3.cif.gz,/scratch/a2149a01/RAPCID_2610_output/backbone_denovo/RAPCID_backbone_rapcid_backbone_241_model_3.cif.gz,A,B,67,30,2.702,3.027,3.777,8,4,24,6,0.8,81.45,chain1_F_chain2_E,1,1,1,0,1,1,0,17,1,0,9,11,0,0,1,1,1,1,1,1,1,,0.35031,0,
backbone_denovo,RAPCID_backbone_rapcid_backbone_241_model_4.cif.gz,/scratch/a2149a01/RAPCID_2610_output/backbone_denovo/RAPCID_backbone_rapcid_backbone_241_model_4.cif.gz,A,B,67,30,2.985,5.176,20.095,0,0,0,0,0.0,nan,chain1_E_chain2_F,0,0,0,0,0,0,0,20,0,0,2,0,0,0,1,0,0,0,1,1,0,pass_dual_rap_contact;pass_contact_balance;pass_face_angle,0.06,0,
backbone_denovo,RAPCID_backbone_rapcid_backbone_241_model_5.cif.gz,/scratch/a2149a01/RAPCID_2610_output/backbone_denovo/RAPCID_backbone_rapcid_backbone_241_model_5.cif.gz,A,B,67,30,2.672,3.957,3.184,4,2,6,14,0.3,71.35,chain1_F_chain2_E,0,0,1,0,0,1,0,32,1,0,5,7,0,0,1,1,1,1,1,1,1,,0.27305,0,
backbone_denovo,RAPCID_backbone_rapcid_backbone_241_model_6.cif.gz,/scratch/a2149a01/RAPCID_2610_output/backbone_denovo/RAPCID_backbone_rapcid_backbone_241_model_6.cif.gz,A,B,67,30,2.213,3.007,2.669,6,1,18,3,0.8571,81.5,chain1_E_chain2_F,2,1,0,0,2,0,0,36,2,0,5,0,0,0,1,0,1,1,1,1,0,pass_dual_rap_contact,0.23929,0,
backbone_denovo,RAPCID_backbone_rapcid_backbone_241_model_7.cif.gz,/scratch/a2149a01/RAPCID_2610_output/backbone_denovo/RAPCID_backbone_rapcid_backbone_241_model_7.cif.gz,A,B,67,30,2.791,2.986,4.328,6,1,16,1,0.9412,87.04,chain1_E_chain2_F,2,0,0,0,2,0,0,39,2,0,13,3,0,0,1,0,0,1,1,1,0,pass_dual_rap_contact;pass_contact_balance,0.27413,0,
backbone_denovo,RAPCID_backbone_rapcid_backbone_242_model_0.cif.gz,/scratch/a2149a01/RAPCID_2610_output/backbone_denovo/RAPCID_backbone_rapcid_backbone_242_model_0.cif.gz,A,B,48,41,3.091,3.435,2.967,2,6,4,16,0.2,50.22,chain1_E_chain2_F,0,0,1,1,0,1,0,38,1,3,0,7,0,0,1,1,1,0,1,1,0,pass_face_angle,0.24524,0,
backbone_denovo,RAPCID_backbone_rapcid_backbone_242_model_1.cif.gz,/scratch/a2149a01/RAPCID_2610_output/backbone_denovo/RAPCID_backbone_rapcid_backbone_242_model_1.cif.gz,A,B,48,41,2.695,2.91,3.681,4,5,12,9,0.5714,74.41,chain1_E_chain2_F,1,1,0,3,1,3,0,47,2,2,9,8,0,0,1,1,1,1,0,1,0,pass_direct_interface,0.47041,0,
backbone_denovo,RAPCID_backbone_rapcid_backbone_242_model_2.cif.gz,/scratch/a2149a01/RAPCID_2610_output/backbone_denovo/RAPCID_backbone_rapcid_backbone_242_model_2.cif.gz,A,B,48,41,2.31,3.294,3.438,7,1,15,1,0.9375,59.98,chain1_E_chain2_F,2,1,0,1,2,1,0,45,2,1,11,4,0,0,1,0,0,0,0,1,0,pass_dual_rap_contact;pass_contact_balance;pass_face_angle;pass_direct_interface,0.26071,0,
backbone_denovo,RAPCID_backbone_rapcid_backbone_242_model_3.cif.gz,/scratch/a2149a01/RAPCID_2610_output/backbone_denovo/RAPCID_backbone_rapcid_backbone_242_model_3.cif.gz,A,B,48,41,1.959,2.449,3.691,5,4,17,7,0.7083,87.72,chain1_E_chain2_F,1,1,0,2,1,2,0,36,0,0,10,9,1,0,0,1,1,1,1,1,0,pass_no_clash,0.36478,0,
backbone_denovo,RAPCID_backbone_rapcid_backbone_242_model_4.cif.gz,/scratch/a2149a01/RAPCID_2610_output/backbone_denovo/RAPCID_backbone_rapcid_backbone_242_model_4.cif.gz,A,B,48,41,2.652,6.22,2.818,0,4,0,12,0.0,nan,chain1_E_chain2_F,0,0,0,3,0,3,0,24,0,1,1,10,0,1,1,0,0,0,1,1,0,pass_dual_rap_contact;pass_contact_balance;pass_face_angle,0.22238,0,
backbone_denovo,RAPCID_backbone_rapcid_backbone_242_model_5.cif.gz,/scratch/a2149a01/RAPCID_2610_output/backbone_denovo/RAPCID_backbone_rapcid_backbone_242_model_5.cif.gz,A,B,48,41,3.231,3.064,3.248,5,3,21,9,0.7,93.86,chain1_F_chain2_E,1,1,2,0,1,2,0,15,1,0,8,8,0,0,1,1,1,1,1,1,1,,0.47025,1,708
backbone_denovo,RAPCID_backbone_rapcid_backbone_242_model_6.cif.gz,/scratch/a2149a01/RAPCID_2610_output/backbone_denovo/RAPCID_backbone_rapcid_backbone_242_model_6.cif.gz,A,B,48,41,2.343,2.982,3.367,5,4,11,9,0.55,63.91,chain1_F_chain2_E,1,1,2,0,1,2,0,28,2,2,6,10,0,0,1,1,1,1,1,1,1,,0.43238,1,805
backbone_denovo,RAPCID_backbone_rapcid_backbone_242_model_7.cif.gz,/scratch/a2149a01/RAPCID_2610_output/backbone_denovo/RAPCID_backbone_rapcid_backbone_242_model_7.cif.gz,A,B,48,41,2.805,2.906,3.342,5,4,9,7,0.5625,42.03,chain1_E_chain2_F,1,2,0,1,1,1,0,25,1,2,4,5,0,0,1,1,1,0,1,1,0,pass_face_angle,0.38714,0,
backbone_denovo,RAPCID_backbone_rapcid_backbone_243_model_0.cif.gz,/scratch/a2149a01/RAPCID_2610_output/backbone_denovo/RAPCID_backbone_rapcid_backbone_243_model_0.cif.gz,B,A,39,34,2.821,2.99,9.23,4,0,15,0,1.0,nan,chain1_E_chain2_F,2,0,0,0,2,0,0,38,0,0,12,0,0,0,1,0,0,0,1,1,0,pass_dual_rap_contact;pass_contact_balance;pass_face_angle,0.15714,0,
backbone_denovo,RAPCID_backbone_rapcid_backbone_243_model_1.cif.gz,/scratch/a2149a01/RAPCID_2610_output/backbone_denovo/RAPCID_backbone_rapcid_backbone_243_model_1.cif.gz,B,A,39,34,2.762,3.567,3.394,3,3,5,17,0.2273,44.77,chain1_F_chain2_E,1,0,2,0,0,2,0,39,2,2,0,10,0,1,1,1,1,0,1,1,0,pass_face_angle,0.31472,0,
backbone_denovo,RAPCID_backbone_rapcid_backbone_243_model_2.cif.gz,/scratch/a2149a01/RAPCID_2610_output/backbone_denovo/RAPCID_backbone_rapcid_backbone_243_model_2.cif.gz,B,A,39,34,3.151,10.468,3.188,0,3,0,15,0.0,nan,chain1_F_chain2_E,0,0,1,0,0,1,0,16,0,0,0,9,0,0,1,0,0,0,1,1,0,pass_dual_rap_contact;pass_contact_balance;pass_face_angle,0.17857,0,
backbone_denovo,RAPCID_backbone_rapcid_backbone_243_model_3.cif.gz,/scratch/a2149a01/RAPCID_2610_output/backbone_denovo/RAPCID_backbone_rapcid_backbone_243_model_3.cif.gz,B,A,39,34,2.522,3.37,3.044,3,3,8,11,0.4211,64.71,chain1_E_chain2_F,1,0,1,0,1,0,0,13,1,0,7,0,0,1,1,1,1,1,1,1,1,,0.35866,0,
backbone_denovo,RAPCID_backbone_rapcid_backbone_243_model_4.cif.gz,/scratch/a2149a01/RAPCID_2610_output/backbone_denovo/RAPCID_backbone_rapcid_backbone_243_model_4.cif.gz,B,A,39,34,2.77,3.337,9.575,3,0,13,0,1.0,nan,chain1_E_chain2_F,2,0,0,0,2,0,0,34,0,0,10,0,1,0,1,0,0,0,1,1,0,pass_dual_rap_contact;pass_contact_balance;pass_face_angle,0.15714,0,
backbone_denovo,RAPCID_backbone_rapcid_backbone_243_model_5.cif.gz,/scratch/a2149a01/RAPCID_2610_output/backbone_denovo/RAPCID_backbone_rapcid_backbone_243_model_5.cif.gz,B,A,39,34,2.864,3.155,3.526,2,3,4,9,0.3077,47.03,chain1_E_chain2_F,2,0,2,0,2,0,0,36,2,1,7,0,0,0,1,1,1,0,1,1,0,pass_face_angle,0.30022,0,
backbone_denovo,RAPCID_backbone_rapcid_backbone_243_model_6.cif.gz,/scratch/a2149a01/RAPCID_2610_output/backbone_denovo/RAPCID_backbone_rapcid_backbone_243_model_6.cif.gz,B,A,39,34,2.649,3.268,3.952,6,3,10,6,0.625,70.82,chain1_F_chain2_E,0,3,1,0,3,1,0,24,1,0,9,10,0,0,1,1,1,1,1,1,1,,0.40702,1,869
backbone_denovo,RAPCID_backbone_rapcid_backbone_243_model_7.cif.gz,/scratch/a2149a01/RAPCID_2610_output/backbone_denovo/RAPCID_backbone_rapcid_backbone_243_model_7.cif.gz,B,A,39,34,3.375,3.996,3.458,1,5,2,9,0.1818,49.82,chain1_F_chain2_E,0,0,1,0,0,1,0,12,0,0,0,10,0,0,1,0,1,0,1,1,0,pass_dual_rap_contact;pass_face_angle,0.2813,0,
backbone_denovo,RAPCID_backbone_rapcid_backbone_244_model_0.cif.gz,/scratch/a2149a01/RAPCID_2610_output/backbone_denovo/RAPCID_backbone_rapcid_backbone_244_model_0.cif.gz,A,B,68,32,90.007,2.682,101.15,11,0,24,0,1.0,nan,chain1_E_chain2_F,1,1,0,0,1,0,0,0,0,0,18,0,0,0,1,0,0,0,1,1,0,pass_dual_rap_contact;pass_contact_balance;pass_face_angle,0.18857,0,
backbone_denovo,RAPCID_backbone_rapcid_backbone_244_model_1.cif.gz,/scratch/a2149a01/RAPCID_2610_output/backbone_denovo/RAPCID_backbone_rapcid_backbone_244_model_1.cif.gz,A,B,68,32,2.615,2.975,3.313,3,4,8,13,0.381,86.18,chain1_E_chain2_F,2,0,0,0,2,0,0,39,0,1,14,1,0,0,1,1,1,1,1,1,1,,0.38344,1,939
backbone_denovo,RAPCID_backbone_rapcid_backbone_244_model_2.cif.gz,/scratch/a2149a01/RAPCID_2610_output/backbone_denovo/RAPCID_backbone_rapcid_backbone_244_model_2.cif.gz,A,B,68,32,2.032,3.403,3.422,6,3,15,9,0.625,95.56,chain1_E_chain2_F,1,0,1,0,1,0,0,45,1,0,12,0,0,0,1,1,1,1,0,1,0,pass_direct_interface,0.38376,0,
backbone_denovo,RAPCID_backbone_rapcid_backbone_244_model_3.cif.gz,/scratch/a2149a01/RAPCID_2610_output/backbone_denovo/RAPCID_backbone_rapcid_backbone_244_model_3.cif.gz,A,B,68,32,2.716,3.636,2.841,3,3,14,8,0.6364,71.06,chain1_F_chain2_E,1,1,1,0,1,1,0,22,0,1,5,5,0,0,1,1,1,1,1,1,1,,0.35612,0,
backbone_denovo,RAPCID_backbone_rapcid_backbone_244_model_4.cif.gz,/scratch/a2149a01/RAPCID_2610_output/backbone_denovo/RAPCID_backbone_rapcid_backbone_244_model_4.cif.gz,A,B,68,32,3.093,3.556,11.283,3,0,5,0,1.0,nan,chain1_E_chain2_F,1,0,0,0,1,0,0,17,0,0,7,0,0,0,1,0,0,0,1,1,0,pass_dual_rap_contact;pass_contact_balance;pass_face_angle,0.15357,0,
backbone_denovo,RAPCID_backbone_rapcid_backbone_244_model_5.cif.gz,/scratch/a2149a01/RAPCID_2610_output/backbone_denovo/RAPCID_backbone_rapcid_backbone_244_model_5.cif.gz,A,B,68,32,3.059,3.166,2.721,3,3,12,7,0.6316,106.98,chain1_F_chain2_E,1,0,2,0,0,2,0,28,0,0,6,8,0,0,1,1,1,1,1,1,1,,0.43112,1,809
backbone_denovo,RAPCID_backbone_rapcid_backbone_244_model_6.cif.gz,/scratch/a2149a01/RAPCID_2610_output/backbone_denovo/RAPCID_backbone_rapcid_backbone_244_model_6.cif.gz,A,B,68,32,2.452,3.266,2.983,6,3,17,11,0.6071,77.15,chain1_F_chain2_E,1,3,1,0,3,1,0,38,1,1,10,5,0,0,1,1,1,1,1,1,1,,0.43194,1,807
backbone_denovo,RAPCID_backbone_rapcid_backbone_244_model_7.cif.gz,/scratch/a2149a01/RAPCID_2610_output/backbone_denovo/RAPCID_backbone_rapcid_backbone_244_model_7.cif.gz,A,B,68,32,2.66,2.578,9.829,8,0,22,0,1.0,nan,chain1_F_chain2_E,1,2,0,0,2,0,0,40,1,0,11,0,0,0,1,0,0,0,1,1,0,pass_dual_rap_contact;pass_contact_balance;pass_face_angle,0.17381,0,
backbone_denovo,RAPCID_backbone_rapcid_backbone_245_model_0.cif.gz,/scratch/a2149a01/RAPCID_2610_output/backbone_denovo/RAPCID_backbone_rapcid_backbone_245_model_0.cif.gz,A,B,54,39,2.599,3.079,3.434,5,1,13,6,0.6842,64.12,chain1_E_chain2_F,3,0,1,0,3,0,0,38,2,0,11,2,1,0,1,0,1,1,1,1,0,pass_dual_rap_contact,0.34536,0,
backbone_denovo,RAPCID_backbone_rapcid_backbone_245_model_1.cif.gz,/scratch/a2149a01/RAPCID_2610_output/backbone_denovo/RAPCID_backbone_rapcid_backbone_245_model_1.cif.gz,A,B,54,39,2.818,3.364,3.472,3,1,8,3,0.7273,42.03,chain1_F_chain2_E,0,1,0,0,1,0,0,44,0,1,7,0,0,0,1,0,1,0,0,1,0,pass_dual_rap_contact;pass_face_angle;pass_direct_interface,0.22433,0,
backbone_denovo,RAPCID_backbone_rapcid_backbone_245_model_2.cif.gz,/scratch/a2149a01/RAPCID_2610_output/backbone_denovo/RAPCID_backbone_rapcid_backbone_245_model_2.cif.gz,A,B,54,39,2.872,2.911,3.472,3,3,10,12,0.4545,79.12,chain1_E_chain2_F,2,0,1,1,2,1,0,29,2,0,6,6,1,0,1,1,1,1,1,1,1,,0.4346,1,794
backbone_denovo,RAPCID_backbone_rapcid_backbone_245_model_3.cif.gz,/scratch/a2149a01/RAPCID_2610_output/backbone_denovo/RAPCID_backbone_rapcid_backbone_245_model_3.cif.gz,A,B,54,39,2.61,14.058,2.744,0,7,0,30,0.0,nan,chain1_E_chain2_F,0,0,2,2,0,2,0,9,0,0,0,13,1,1,1,0,0,0,1,1,0,pass_dual_rap_contact;pass_contact_balance;pass_face_angle,0.25214,0,
backbone_denovo,RAPCID_backbone_rapcid_backbone_245_model_4.cif.gz,/scratch/a2149a01/RAPCID_2610_output/backbone_denovo/RAPCID_backbone_rapcid_backbone_245_model_4.cif.gz,A,B,54,39,3.05,2.792,3.476,4,3,10,6,0.625,75.99,chain1_E_chain2_F,2,0,0,3,2,3,0,18,1,1,9,11,0,0,1,1,1,1,1,1,1,,0.49947,1,655
backbone_denovo,RAPCID_backbone_rapcid_backbone_245_model_5.cif.gz,/scratch/a2149a01/RAPCID_2610_output/backbone_denovo/RAPCID_backbone_rapcid_backbone_245_model_5.cif.gz,A,B,54,39,2.835,3.134,3.144,3,5,9,19,0.3214,90.73,chain1_F_chain2_E,1,0,2,0,0,2,1,34,2,1,2,11,0,0,1,1,1,1,1,1,1,,0.43673,1,785
backbone_denovo,RAPCID_backbone_rapcid_backbone_245_model_6.cif.gz,/scratch/a2149a01/RAPCID_2610_output/backbone_denovo/RAPCID_backbone_rapcid_backbone_245_model_6.cif.gz,A,B,54,39,3.137,3.214,3.185,5,3,8,13,0.381,76.17,chain1_F_chain2_E,1,0,2,0,0,2,1,14,0,0,2,11,1,0,1,1,1,1,1,1,1,,0.43198,1,806
backbone_denovo,RAPCID_backbone_rapcid_backbone_245_model_7.cif.gz,/scratch/a2149a01/RAPCID_2610_output/backbone_denovo/RAPCID_backbone_rapcid_backbone_245_model_7.cif.gz,A,B,54,39,2.41,3.555,3.465,4,4,6,10,0.375,48.83,chain1_F_chain2_E,0,2,0,1,2,0,0,39,3,1,7,0,1,0,1,1,1,0,1,1,0,pass_face_angle,0.34381,0,
backbone_denovo,RAPCID_backbone_rapcid_backbone_246_model_0.cif.gz,/scratch/a2149a01/RAPCID_2610_output/backbone_denovo/RAPCID_backbone_rapcid_backbone_246_model_0.cif.gz,A,B,36,33,2.92,3.005,3.496,4,4,6,9,0.4,73.13,chain1_F_chain2_E,0,3,1,0,3,1,0,36,1,1,7,11,0,0,1,1,1,1,1,1,1,,0.42139,1,831
backbone_denovo,RAPCID_backbone_rapcid_backbone_246_model_1.cif.gz,/scratch/a2149a01/RAPCID_2610_output/backbone_denovo/RAPCID_backbone_rapcid_backbone_246_model_1.cif.gz,A,B,36,33,3.37,3.216,3.542,4,5,11,7,0.6111,70.27,chain1_E_chain2_F,1,0,0,2,1,2,0,12,1,0,12,9,0,0,1,1,1,1,1,1,1,,0.44219,1,770
backbone_denovo,RAPCID_backbone_rapcid_backbone_246_model_2.cif.gz,/scratch/a2149a01/RAPCID_2610_output/backbone_denovo/RAPCID_backbone_rapcid_backbone_246_model_2.cif.gz,A,B,36,33,3.135,7.794,8.516,0,0,0,0,0.0,nan,chain1_E_chain2_F,0,0,0,0,0,0,0,18,0,0,0,0,0,1,1,0,0,0,1,1,0,pass_dual_rap_contact;pass_contact_balance;pass_face_angle,0.05,0,
backbone_denovo,RAPCID_backbone_rapcid_backbone_246_model_3.cif.gz,/scratch/a2149a01/RAPCID_2610_output/backbone_denovo/RAPCID_backbone_rapcid_backbone_246_model_3.cif.gz,A,B,36,33,2.517,3.681,3.714,5,1,11,3,0.7857,70.5,chain1_E_chain2_F,1,0,0,1,1,1,0,37,2,0,10,5,0,0,1,0,1,1,1,1,0,pass_dual_rap_contact,0.28118,0,
backbone_denovo,RAPCID_backbone_rapcid_backbone_246_model_4.cif.gz,/scratch/a2149a01/RAPCID_2610_output/backbone_denovo/RAPCID_backbone_rapcid_backbone_246_model_4.cif.gz,A,B,36,33,2.684,4.21,3.716,1,2,1,2,0.3333,70.3,chain1_E_chain2_F,0,0,0,0,0,0,0,27,0,0,1,7,0,0,1,0,1,1,1,1,0,pass_dual_rap_contact,0.22268,0,
backbone_denovo,RAPCID_backbone_rapcid_backbone_246_model_5.cif.gz,/scratch/a2149a01/RAPCID_2610_output/backbone_denovo/RAPCID_backbone_rapcid_backbone_246_model_5.cif.gz,A,B,36,33,3.072,8.46,2.807,0,4,0,20,0.0,nan,chain1_F_chain2_E,0,0,2,0,0,2,0,35,0,1,0,13,0,0,1,0,0,0,1,1,0,pass_dual_rap_contact;pass_contact_balance;pass_face_angle,0.17381,0,
backbone_denovo,RAPCID_backbone_rapcid_backbone_246_model_6.cif.gz,/scratch/a2149a01/RAPCID_2610_output/backbone_denovo/RAPCID_backbone_rapcid_backbone_246_model_6.cif.gz,A,B,36,33,2.928,3.806,3.463,3,2,9,4,0.6923,28.17,chain1_F_chain2_E,0,1,0,0,1,0,0,21,1,2,7,0,0,0,1,1,1,0,1,1,0,pass_face_angle,0.30665,0,
backbone_denovo,RAPCID_backbone_rapcid_backbone_246_model_7.cif.gz,/scratch/a2149a01/RAPCID_2610_output/backbone_denovo/RAPCID_backbone_rapcid_backbone_246_model_7.cif.gz,A,B,36,33,3.212,9.895,3.1,0,3,0,6,0.0,nan,chain1_E_chain2_F,0,0,0,0,0,0,0,22,0,0,0,4,0,0,1,0,0,0,1,1,0,pass_dual_rap_contact;pass_contact_balance;pass_face_angle,0.07,0,
backbone_denovo,RAPCID_backbone_rapcid_backbone_247_model_0.cif.gz,/scratch/a2149a01/RAPCID_2610_output/backbone_denovo/RAPCID_backbone_rapcid_backbone_247_model_0.cif.gz,A,B,60,52,1.949,10.123,4.095,0,2,0,2,0.0,nan,chain1_F_chain2_E,0,0,1,0,0,1,0,63,0,0,0,10,0,0,0,0,0,0,0,1,0,pass_no_clash;pass_dual_rap_contact;pass_contact_balance;pass_face_angle;pass_direct_interface,0.12857,0,
backbone_denovo,RAPCID_backbone_rapcid_backbone_247_model_1.cif.gz,/scratch/a2149a01/RAPCID_2610_output/backbone_denovo/RAPCID_backbone_rapcid_backbone_247_model_1.cif.gz,A,B,60,52,2.948,3.374,2.603,3,4,7,10,0.4118,84.93,chain1_E_chain2_F,1,0,1,0,1,0,0,21,0,1,7,1,0,0,1,1,1,1,1,1,1,,0.37804,1,955
backbone_denovo,RAPCID_backbone_rapcid_backbone_247_model_2.cif.gz,/scratch/a2149a01/RAPCID_2610_output/backbone_denovo/RAPCID_backbone_rapcid_backbone_247_model_2.cif.gz,A,B,60,52,1.797,2.592,3.299,2,2,8,6,0.5714,81.72,chain1_F_chain2_E,0,0,1,0,0,1,0,28,1,0,4,6,0,0,0,1,1,1,1,1,0,pass_no_clash,0.35907,0,
backbone_denovo,RAPCID_backbone_rapcid_backbone_247_model_3.cif.gz,/scratch/a2149a01/RAPCID_2610_output/backbone_denovo/RAPCID_backbone_rapcid_backbone_247_model_3.cif.gz,A,B,60,52,2.392,2.298,2.974,7,2,28,5,0.8485,98.05,chain1_E_chain2_F,2,0,1,0,2,0,1,26,1,0,12,3,1,0,1,1,1,1,1,1,1,,0.36981,1,980
backbone_denovo,RAPCID_backbone_rapcid_backbone_247_model_4.cif.gz,/scratch/a2149a01/RAPCID_2610_output/backbone_denovo/RAPCID_backbone_rapcid_backbone_247_model_4.cif.gz,A,B,60,52,2.265,4.29,15.517,1,0,1,0,1.0,nan,chain1_E_chain2_F,0,0,0,0,0,0,0,37,0,0,4,0,0,0,1,0,0,0,1,1,0,pass_dual_rap_contact;pass_contact_balance;pass_face_angle,0.04,0,
backbone_denovo,RAPCID_backbone_rapcid_backbone_247_model_5.cif.gz,/scratch/a2149a01/RAPCID_2610_output/backbone_denovo/RAPCID_backbone_rapcid_backbone_247_model_5.cif.gz,A,B,60,52,2.724,3.029,8.031,4,0,13,0,1.0,nan,chain1_E_chain2_F,2,0,0,0,2,0,0,42,0,0,12,0,0,0,1,0,0,0,0,1,0,pass_dual_rap_contact;pass_contact_balance;pass_face_angle;pass_direct_interface,0.15714,0,
backbone_denovo,RAPCID_backbone_rapcid_backbone_247_model_6.cif.gz,/scratch/a2149a01/RAPCID_2610_output/backbone_denovo/RAPCID_backbone_rapcid_backbone_247_model_6.cif.gz,A,B,60,52,2.747,3.693,2.303,5,5,12,20,0.375,77.12,chain1_F_chain2_E,0,2,1,1,2,1,0,56,2,1,13,10,0,1,1,1,1,1,0,1,0,pass_direct_interface,0.41279,0,
backbone_denovo,RAPCID_backbone_rapcid_backbone_247_model_7.cif.gz,/scratch/a2149a01/RAPCID_2610_output/backbone_denovo/RAPCID_backbone_rapcid_backbone_247_model_7.cif.gz,A,B,60,52,2.493,7.13,3.696,0,5,0,11,0.0,nan,chain1_E_chain2_F,0,0,0,1,0,1,0,36,0,0,2,12,2,0,1,0,0,0,1,1,0,pass_dual_rap_contact;pass_contact_balance;pass_face_angle,0.12857,0,
backbone_denovo,RAPCID_backbone_rapcid_backbone_248_model_0.cif.gz,/scratch/a2149a01/RAPCID_2610_output/backbone_denovo/RAPCID_backbone_rapcid_backbone_248_model_0.cif.gz,B,A,51,50,2.19,11.522,3.546,0,2,0,5,0.0,nan,chain1_F_chain2_E,0,0,1,0,0,1,0,34,0,0,0,8,0,1,1,0,0,0,1,1,0,pass_dual_rap_contact;pass_contact_balance;pass_face_angle,0.10857,0,
backbone_denovo,RAPCID_backbone_rapcid_backbone_248_model_1.cif.gz,/scratch/a2149a01/RAPCID_2610_output/backbone_denovo/RAPCID_backbone_rapcid_backbone_248_model_1.cif.gz,B,A,51,50,2.49,3.009,2.949,5,3,14,5,0.7368,80.77,chain1_E_chain2_F,1,1,0,2,1,2,0,42,1,0,10,12,0,0,1,1,1,1,0,1,0,pass_direct_interface,0.34688,0,
backbone_denovo,RAPCID_backbone_rapcid_backbone_248_model_2.cif.gz,/scratch/a2149a01/RAPCID_2610_output/backbone_denovo/RAPCID_backbone_rapcid_backbone_248_model_2.cif.gz,B,A,51,50,2.653,4.216,2.95,1,4,1,15,0.0625,54.05,chain1_F_chain2_E,0,0,1,0,0,1,0,39,0,1,0,7,0,0,1,0,0,0,1,1,0,pass_dual_rap_contact;pass_contact_balance;pass_face_angle,0.14024,0,
backbone_denovo,RAPCID_backbone_rapcid_backbone_248_model_3.cif.gz,/scratch/a2149a01/RAPCID_2610_output/backbone_denovo/RAPCID_backbone_rapcid_backbone_248_model_3.cif.gz,B,A,51,50,2.468,3.874,3.033,3,5,3,14,0.1765,60.63,chain1_F_chain2_E,0,0,2,0,0,2,1,44,1,1,0,13,0,0,1,0,1,1,0,1,0,pass_dual_rap_contact;pass_direct_interface,0.28964,0,
backbone_denovo,RAPCID_backbone_rapcid_backbone_248_model_4.cif.gz,/scratch/a2149a01/RAPCID_2610_output/backbone_denovo/RAPCID_backbone_rapcid_backbone_248_model_4.cif.gz,B,A,51,50,2.882,3.17,3.52,3,5,5,11,0.3125,65.75,chain1_F_chain2_E,0,2,1,1,2,1,0,34,0,1,12,10,0,0,1,1,1,1,1,1,1,,0.32738,0,
backbone_denovo,RAPCID_backbone_rapcid_backbone_248_model_5.cif.gz,/scratch/a2149a01/RAPCID_2610_output/backbone_denovo/RAPCID_backbone_rapcid_backbone_248_model_5.cif.gz,B,A,51,50,2.764,2.928,3.852,5,2,13,2,0.8667,63.49,chain1_E_chain2_F,2,0,0,0,2,0,0,25,1,1,8,0,0,0,1,0,1,1,1,1,0,pass_dual_rap_contact,0.23881,0,
backbone_denovo,RAPCID_backbone_rapcid_backbone_248_model_6.cif.gz,/scratch/a2149a01/RAPCID_2610_output/backbone_denovo/RAPCID_backbone_rapcid_backbone_248_model_6.cif.gz,B,A,51,50,2.76,11.224,3.044,0,5,0,17,0.0,nan,chain1_F_chain2_E,0,0,1,0,0,1,0,35,0,0,0,10,0,0,1,0,0,0,1,1,0,pass_dual_rap_contact;pass_contact_balance;pass_face_angle,0.12857,0,
backbone_denovo,RAPCID_backbone_rapcid_backbone_248_model_7.cif.gz,/scratch/a2149a01/RAPCID_2610_output/backbone_denovo/RAPCID_backbone_rapcid_backbone_248_model_7.cif.gz,B,A,51,50,2.751,3.278,3.253,5,3,19,5,0.7917,66.95,chain1_F_chain2_E,0,3,1,0,3,1,0,35,2,1,13,11,0,0,1,1,1,1,1,1,1,,0.34762,0,
backbone_denovo,RAPCID_backbone_rapcid_backbone_249_model_0.cif.gz,/scratch/a2149a01/RAPCID_2610_output/backbone_denovo/RAPCID_backbone_rapcid_backbone_249_model_0.cif.gz,A,B,62,59,2.073,3.171,2.877,5,3,16,8,0.6667,68.39,chain1_E_chain2_F,1,1,0,2,1,2,0,53,1,1,11,9,1,0,1,1,1,1,0,1,0,pass_direct_interface,0.35238,0,
backbone_denovo,RAPCID_backbone_rapcid_backbone_249_model_1.cif.gz,/scratch/a2149a01/RAPCID_2610_output/backbone_denovo/RAPCID_backbone_rapcid_backbone_249_model_1.cif.gz,A,B,62,59,2.591,1.556,3.797,4,4,12,7,0.6316,60.09,chain1_E_chain2_F,0,1,0,2,0,2,0,39,1,0,0,8,0,0,0,1,1,1,1,1,0,pass_no_clash,0.30118,0,
backbone_denovo,RAPCID_backbone_rapcid_backbone_249_model_2.cif.gz,/scratch/a2149a01/RAPCID_2610_output/backbone_denovo/RAPCID_backbone_rapcid_backbone_249_model_2.cif.gz,A,B,62,59,19.85,2.972,29.988,9,0,26,0,1.0,nan,chain1_E_chain2_F,2,0,0,0,2,0,0,0,0,0,17,0,0,0,1,0,0,0,1,1,0,pass_dual_rap_contact;pass_contact_balance;pass_face_angle,0.21714,0,
backbone_denovo,RAPCID_backbone_rapcid_backbone_249_model_3.cif.gz,/scratch/a2149a01/RAPCID_2610_output/backbone_denovo/RAPCID_backbone_rapcid_backbone_249_model_3.cif.gz,A,B,62,59,2.351,3.299,2.723,5,4,18,13,0.5806,93.91,chain1_E_chain2_F,1,0,0,2,1,2,0,23,1,1,9,9,0,0,1,1,1,1,1,1,1,,0.49481,1,664
backbone_denovo,RAPCID_backbone_rapcid_backbone_249_model_4.cif.gz,/scratch/a2149a01/RAPCID_2610_output/backbone_denovo/RAPCID_backbone_rapcid_backbone_249_model_4.cif.gz,A,B,62,59,2.616,2.695,2.598,3,3,9,10,0.4737,59.93,chain1_F_chain2_E,0,0,2,0,0,2,0,50,1,2,1,7,1,0,1,1,1,0,0,1,0,pass_face_angle;pass_direct_interface,0.37662,0,
backbone_denovo,RAPCID_backbone_rapcid_backbone_249_model_5.cif.gz,/scratch/a2149a01/RAPCID_2610_output/backbone_denovo/RAPCID_backbone_rapcid_backbone_249_model_5.cif.gz,A,B,62,59,2.981,2.898,3.805,5,4,10,10,0.5,99.83,chain1_E_chain2_F,1,0,0,3,1,3,0,26,1,0,9,14,0,0,1,1,1,1,1,1,1,,0.54371,1,597
backbone_denovo,RAPCID_backbone_rapcid_backbone_249_model_6.cif.gz,/scratch/a2149a01/RAPCID_2610_output/backbone_denovo/RAPCID_backbone_rapcid_backbone_249_model_6.cif.gz,A,B,62,59,2.588,3.001,8.119,4,0,9,0,1.0,nan,chain1_E_chain2_F,1,0,0,0,1,0,0,47,1,0,10,0,1,2,1,0,0,0,0,1,0,pass_dual_rap_contact;pass_contact_balance;pass_face_angle;pass_direct_interface,0.14524,0,
backbone_denovo,RAPCID_backbone_rapcid_backbone_249_model_7.cif.gz,/scratch/a2149a01/RAPCID_2610_output/backbone_denovo/RAPCID_backbone_rapcid_backbone_249_model_7.cif.gz,A,B,62,59,2.319,2.812,8.291,1,0,12,0,1.0,nan,chain1_E_chain2_F,1,0,0,0,1,0,0,35,0,0,3,0,0,0,1,0,0,0,1,1,0,pass_dual_rap_contact;pass_contact_balance;pass_face_angle,0.05857,0,
backbone_denovo,RAPCID_backbone_rapcid_backbone_24_model_0.cif.gz,/scratch/a2149a01/RAPCID_2610_output/backbone_denovo/RAPCID_backbone_rapcid_backbone_24_model_0.cif.gz,A,B,51,48,2.726,2.862,2.847,3,5,6,17,0.2609,71.06,chain1_F_chain2_E,0,2,1,1,2,1,0,50,1,2,12,10,0,0,1,1,1,1,0,1,0,pass_direct_interface,0.34691,0,
backbone_denovo,RAPCID_backbone_rapcid_backbone_24_model_1.cif.gz,/scratch/a2149a01/RAPCID_2610_output/backbone_denovo/RAPCID_backbone_rapcid_backbone_24_model_1.cif.gz,A,B,51,48,2.387,2.576,3.514,3,4,7,13,0.35,56.47,chain1_E_chain2_F,1,1,0,3,1,3,0,52,1,2,9,11,0,1,1,1,1,0,0,1,0,pass_face_angle;pass_direct_interface,0.40429,0,
backbone_denovo,RAPCID_backbone_rapcid_backbone_24_model_2.cif.gz,/scratch/a2149a01/RAPCID_2610_output/backbone_denovo/RAPCID_backbone_rapcid_backbone_24_model_2.cif.gz,A,B,51,48,2.763,2.952,3.1,4,4,14,10,0.5833,48.32,chain1_E_chain2_F,2,0,1,0,2,0,0,49,2,2,13,2,0,0,1,1,1,0,0,1,0,pass_face_angle;pass_direct_interface,0.39048,0,
backbone_denovo,RAPCID_backbone_rapcid_backbone_24_model_3.cif.gz,/scratch/a2149a01/RAPCID_2610_output/backbone_denovo/RAPCID_backbone_rapcid_backbone_24_model_3.cif.gz,A,B,51,48,2.443,3.296,4.065,3,2,5,2,0.7143,50.0,chain1_F_chain2_E,0,2,1,0,2,1,0,43,1,0,12,4,0,0,1,0,1,0,0,1,0,pass_dual_rap_contact;pass_face_angle;pass_direct_interface,0.31667,0,
backbone_denovo,RAPCID_backbone_rapcid_backbone_24_model_4.cif.gz,/scratch/a2149a01/RAPCID_2610_output/backbone_denovo/RAPCID_backbone_rapcid_backbone_24_model_4.cif.gz,A,B,51,48,2.786,3.234,2.885,3,3,6,13,0.3158,42.83,chain1_F_chain2_E,1,0,2,0,0,2,0,46,1,1,0,13,0,0,1,1,1,0,0,1,0,pass_face_angle;pass_direct_interface,0.31679,0,
backbone_denovo,RAPCID_backbone_rapcid_backbone_24_model_5.cif.gz,/scratch/a2149a01/RAPCID_2610_output/backbone_denovo/RAPCID_backbone_rapcid_backbone_24_model_5.cif.gz,A,B,51,48,2.456,3.441,2.654,5,4,15,13,0.5357,81.26,chain1_F_chain2_E,0,3,1,1,3,1,0,42,0,1,13,9,0,0,1,1,1,1,0,1,0,pass_direct_interface,0.45753,0,
backbone_denovo,RAPCID_backbone_rapcid_backbone_24_model_6.cif.gz,/scratch/a2149a01/RAPCID_2610_output/backbone_denovo/RAPCID_backbone_rapcid_backbone_24_model_6.cif.gz,A,B,51,48,2.115,2.366,3.139,4,1,12,2,0.8571,60.19,chain1_E_chain2_F,2,0,0,0,2,0,0,30,2,1,7,3,0,0,1,0,1,1,1,1,0,pass_dual_rap_contact,0.26429,0,
backbone_denovo,RAPCID_backbone_rapcid_backbone_24_model_7.cif.gz,/scratch/a2149a01/RAPCID_2610_output/backbone_denovo/RAPCID_backbone_rapcid_backbone_24_model_7.cif.gz,A,B,51,48,2.859,3.37,12.528,1,0,3,0,1.0,nan,chain1_F_chain2_E,0,1,0,0,1,0,0,23,0,0,5,0,0,0,1,0,0,0,1,1,0,pass_dual_rap_contact;pass_contact_balance;pass_face_angle,0.10357,0,
backbone_denovo,RAPCID_backbone_rapcid_backbone_25_model_0.cif.gz,/scratch/a2149a01/RAPCID_2610_output/backbone_denovo/RAPCID_backbone_rapcid_backbone_25_model_0.cif.gz,A,B,44,31,2.35,3.845,3.371,3,3,4,4,0.5,77.49,chain1_E_chain2_F,1,0,1,0,1,0,0,27,0,1,7,1,0,0,1,1,1,1,1,1,1,,0.35853,0,
backbone_denovo,RAPCID_backbone_rapcid_backbone_25_model_1.cif.gz,/scratch/a2149a01/RAPCID_2610_output/backbone_denovo/RAPCID_backbone_rapcid_backbone_25_model_1.cif.gz,A,B,44,31,2.511,3.567,3.296,4,3,17,13,0.5667,71.85,chain1_F_chain2_E,1,1,2,0,1,2,0,24,2,2,5,10,1,0,1,1,1,1,1,1,1,,0.45521,1,735
backbone_denovo,RAPCID_backbone_rapcid_backbone_25_model_2.cif.gz,/scratch/a2149a01/RAPCID_2610_output/backbone_denovo/RAPCID_backbone_rapcid_backbone_25_model_2.cif.gz,A,B,44,31,2.99,4.419,2.661,1,5,1,14,0.0667,52.63,chain1_F_chain2_E,0,0,1,0,0,1,0,35,0,1,4,9,0,0,1,0,0,0,1,1,0,pass_dual_rap_contact;pass_contact_balance;pass_face_angle,0.1719,0,
backbone_denovo,RAPCID_backbone_rapcid_backbone_25_model_3.cif.gz,/scratch/a2149a01/RAPCID_2610_output/backbone_denovo/RAPCID_backbone_rapcid_backbone_25_model_3.cif.gz,A,B,44,31,2.778,3.491,6.239,4,0,7,0,1.0,nan,chain1_F_chain2_E,0,1,0,0,1,0,0,31,1,0,10,0,0,0,1,0,0,0,1,1,0,pass_dual_rap_contact;pass_contact_balance;pass_face_angle,0.14524,0,
backbone_denovo,RAPCID_backbone_rapcid_backbone_25_model_4.cif.gz,/scratch/a2149a01/RAPCID_2610_output/backbone_denovo/RAPCID_backbone_rapcid_backbone_25_model_4.cif.gz,A,B,44,31,3.354,2.629,11.723,3,0,8,0,1.0,nan,chain1_E_chain2_F,1,0,0,0,1,0,0,7,0,0,5,0,0,0,1,0,0,0,1,1,0,pass_dual_rap_contact;pass_contact_balance;pass_face_angle,0.17357,0,
backbone_denovo,RAPCID_backbone_rapcid_backbone_25_model_5.cif.gz,/scratch/a2149a01/RAPCID_2610_output/backbone_denovo/RAPCID_backbone_rapcid_backbone_25_model_5.cif.gz,A,B,44,31,2.563,3.226,3.355,4,3,13,6,0.6842,70.38,chain1_F_chain2_E,1,1,1,0,1,1,0,34,1,2,8,5,0,0,1,1,1,1,1,1,1,,0.33805,0,
backbone_denovo,RAPCID_backbone_rapcid_backbone_25_model_6.cif.gz,/scratch/a2149a01/RAPCID_2610_output/backbone_denovo/RAPCID_backbone_rapcid_backbone_25_model_6.cif.gz,A,B,44,31,2.165,2.892,2.441,5,3,13,7,0.65,86.72,chain1_F_chain2_E,1,1,1,0,1,1,0,35,2,0,5,5,0,0,1,1,1,1,1,1,1,,0.38956,1,918
backbone_denovo,RAPCID_backbone_rapcid_backbone_25_model_7.cif.gz,/scratch/a2149a01/RAPCID_2610_output/backbone_denovo/RAPCID_backbone_rapcid_backbone_25_model_7.cif.gz,A,B,44,31,2.96,3.173,2.453,3,4,4,12,0.25,36.31,chain1_F_chain2_E,0,1,0,0,1,0,0,21,1,1,5,1,0,0,1,1,1,0,1,1,0,pass_face_angle,0.2569,0,
backbone_denovo,RAPCID_backbone_rapcid_backbone_26_model_0.cif.gz,/scratch/a2149a01/RAPCID_2610_output/backbone_denovo/RAPCID_backbone_rapcid_backbone_26_model_0.cif.gz,A,B,65,54,2.498,3.358,3.844,4,2,10,8,0.5556,53.65,chain1_E_chain2_F,2,0,1,0,2,0,0,40,2,1,10,0,0,1,1,1,1,0,1,1,0,pass_face_angle,0.38492,0,
backbone_denovo,RAPCID_backbone_rapcid_backbone_26_model_1.cif.gz,/scratch/a2149a01/RAPCID_2610_output/backbone_denovo/RAPCID_backbone_rapcid_backbone_26_model_1.cif.gz,A,B,65,54,2.8,2.99,3.179,5,3,11,7,0.6111,83.79,chain1_E_chain2_F,2,0,1,0,2,0,0,28,1,0,15,4,1,0,1,1,1,1,1,1,1,,0.37867,1,952
backbone_denovo,RAPCID_backbone_rapcid_backbone_26_model_2.cif.gz,/scratch/a2149a01/RAPCID_2610_output/backbone_denovo/RAPCID_backbone_rapcid_backbone_26_model_2.cif.gz,A,B,65,54,2.768,3.419,13.223,5,0,12,0,1.0,nan,chain1_F_chain2_E,0,2,0,0,2,0,0,29,0,0,12,0,0,0,1,0,0,0,1,1,0,pass_dual_rap_contact;pass_contact_balance;pass_face_angle,0.15714,0,
backbone_denovo,RAPCID_backbone_rapcid_backbone_26_model_3.cif.gz,/scratch/a2149a01/RAPCID_2610_output/backbone_denovo/RAPCID_backbone_rapcid_backbone_26_model_3.cif.gz,A,B,65,54,2.836,2.617,3.399,5,3,17,4,0.8095,97.85,chain1_E_chain2_F,2,0,0,2,2,2,0,30,0,0,8,8,0,0,1,1,1,1,1,1,1,,0.38665,1,931
backbone_denovo,RAPCID_backbone_rapcid_backbone_26_model_4.cif.gz,/scratch/a2149a01/RAPCID_2610_output/backbone_denovo/RAPCID_backbone_rapcid_backbone_26_model_4.cif.gz,A,B,65,54,2.281,3.284,3.358,3,2,16,6,0.7273,68.72,chain1_E_chain2_F,1,0,1,0,1,0,0,37,1,0,10,3,1,0,1,1,1,1,1,1,1,,0.25433,0,
backbone_denovo,RAPCID_backbone_rapcid_backbone_26_model_5.cif.gz,/scratch/a2149a01/RAPCID_2610_output/backbone_denovo/RAPCID_backbone_rapcid_backbone_26_model_5.cif.gz,A,B,65,54,2.905,1.605,3.422,5,3,17,5,0.7727,84.49,chain1_E_chain2_F,1,0,0,0,1,0,0,24,1,1,10,4,1,0,0,1,1,1,1,1,0,pass_no_clash,0.32444,0,
backbone_denovo,RAPCID_backbone_rapcid_backbone_26_model_6.cif.gz,/scratch/a2149a01/RAPCID_2610_output/backbone_denovo/RAPCID_backbone_rapcid_backbone_26_model_6.cif.gz,A,B,65,54,2.618,3.779,11.067,3,0,7,0,1.0,nan,chain1_F_chain2_E,0,1,0,0,1,0,0,40,0,0,10,0,1,2,1,0,0,0,1,1,0,pass_dual_rap_contact;pass_contact_balance;pass_face_angle,0.12857,0,
backbone_denovo,RAPCID_backbone_rapcid_backbone_26_model_7.cif.gz,/scratch/a2149a01/RAPCID_2610_output/backbone_denovo/RAPCID_backbone_rapcid_backbone_26_model_7.cif.gz,A,B,65,54,2.553,2.765,5.381,4,0,16,0,1.0,nan,chain1_E_chain2_F,1,0,0,0,1,0,0,45,0,0,10,0,0,0,1,0,0,0,0,1,0,pass_dual_rap_contact;pass_contact_balance;pass_face_angle;pass_direct_interface,0.12857,0,
backbone_denovo,RAPCID_backbone_rapcid_backbone_27_model_0.cif.gz,/scratch/a2149a01/RAPCID_2610_output/backbone_denovo/RAPCID_backbone_rapcid_backbone_27_model_0.cif.gz,A,B,67,57,2.118,2.367,3.426,6,2,14,3,0.8235,57.42,chain1_E_chain2_F,2,0,0,0,2,0,0,43,0,1,9,4,0,0,1,0,1,0,0,1,0,pass_dual_rap_contact;pass_face_angle;pass_direct_interface,0.2444,0,
backbone_denovo,RAPCID_backbone_rapcid_backbone_27_model_1.cif.gz,/scratch/a2149a01/RAPCID_2610_output/backbone_denovo/RAPCID_backbone_rapcid_backbone_27_model_1.cif.gz,A,B,67,57,2.348,3.294,3.325,3,4,5,6,0.4545,62.43,chain1_F_chain2_E,0,2,0,0,2,0,0,40,0,0,10,3,0,0,1,1,1,1,1,1,1,,0.33896,0,
backbone_denovo,RAPCID_backbone_rapcid_backbone_27_model_2.cif.gz,/scratch/a2149a01/RAPCID_2610_output/backbone_denovo/RAPCID_backbone_rapcid_backbone_27_model_2.cif.gz,A,B,67,57,2.566,2.704,2.635,3,5,11,12,0.4783,80.59,chain1_F_chain2_E,0,2,2,0,2,2,0,40,0,2,8,9,0,0,1,1,1,1,1,1,1,,0.47756,1,696
backbone_denovo,RAPCID_backbone_rapcid_backbone_27_model_3.cif.gz,/scratch/a2149a01/RAPCID_2610_output/backbone_denovo/RAPCID_backbone_rapcid_backbone_27_model_3.cif.gz,A,B,67,57,2.582,2.859,7.993,3,0,17,0,1.0,nan,chain1_E_chain2_F,1,0,0,0,1,0,0,41,0,0,9,0,1,0,1,0,0,0,0,1,0,pass_dual_rap_contact;pass_contact_balance;pass_face_angle;pass_direct_interface,0.11857,0,
backbone_denovo,RAPCID_backbone_rapcid_backbone_27_model_4.cif.gz,/scratch/a2149a01/RAPCID_2610_output/backbone_denovo/RAPCID_backbone_rapcid_backbone_27_model_4.cif.gz,A,B,67,57,2.547,2.493,2.805,4,3,19,6,0.76,83.62,chain1_E_chain2_F,1,0,1,0,1,0,0,33,1,1,8,6,1,0,1,1,1,1,1,1,1,,0.30664,0,
backbone_denovo,RAPCID_backbone_rapcid_backbone_27_model_5.cif.gz,/scratch/a2149a01/RAPCID_2610_output/backbone_denovo/RAPCID_backbone_rapcid_backbone_27_model_5.cif.gz,A,B,67,57,2.476,2.794,2.941,3,4,10,8,0.5556,77.87,chain1_E_chain2_F,2,0,1,0,2,0,0,34,1,0,8,9,0,0,1,1,1,1,1,1,1,,0.38116,1,942
backbone_denovo,RAPCID_backbone_rapcid_backbone_27_model_6.cif.gz,/scratch/a2149a01/RAPCID_2610_output/backbone_denovo/RAPCID_backbone_rapcid_backbone_27_model_6.cif.gz,A,B,67,57,2.529,3.163,2.691,3,4,11,12,0.4783,93.63,chain1_F_chain2_E,1,2,2,0,2,2,0,45,1,1,9,7,0,1,1,1,1,1,0,1,0,pass_direct_interface,0.52103,0,
backbone_denovo,RAPCID_backbone_rapcid_backbone_27_model_7.cif.gz,/scratch/a2149a01/RAPCID_2610_output/backbone_denovo/RAPCID_backbone_rapcid_backbone_27_model_7.cif.gz,A,B,67,57,2.771,1.636,2.46,5,6,14,13,0.5185,56.45,chain1_F_chain2_E,1,0,2,0,0,2,0,42,3,2,5,10,0,0,0,1,1,0,0,1,0,pass_no_clash;pass_face_angle;pass_direct_interface,0.43307,0,
backbone_denovo,RAPCID_backbone_rapcid_backbone_28_model_0.cif.gz,/scratch/a2149a01/RAPCID_2610_output/backbone_denovo/RAPCID_backbone_rapcid_backbone_28_model_0.cif.gz,A,B,63,39,2.815,8.558,3.256,0,4,0,10,0.0,nan,chain1_E_chain2_F,0,0,1,1,0,1,0,41,0,0,0,3,0,0,1,0,0,0,0,1,0,pass_dual_rap_contact;pass_contact_balance;pass_face_angle;pass_direct_interface,0.05857,0,
backbone_denovo,RAPCID_backbone_rapcid_backbone_28_model_1.cif.gz,/scratch/a2149a01/RAPCID_2610_output/backbone_denovo/RAPCID_backbone_rapcid_backbone_28_model_1.cif.gz,A,B,63,39,1.927,3.07,3.028,8,3,25,10,0.7143,91.15,chain1_E_chain2_F,1,0,0,2,1,2,0,45,2,1,11,8,2,0,0,1,1,1,0,1,0,pass_no_clash;pass_direct_interface,0.42382,0,
backbone_denovo,RAPCID_backbone_rapcid_backbone_28_model_2.cif.gz,/scratch/a2149a01/RAPCID_2610_output/backbone_denovo/RAPCID_backbone_rapcid_backbone_28_model_2.cif.gz,A,B,63,39,2.456,3.907,3.155,3,4,3,11,0.2143,45.93,chain1_F_chain2_E,1,0,2,0,0,2,0,36,1,2,0,9,0,0,1,0,1,0,1,1,0,pass_dual_rap_contact;pass_face_angle,0.28286,0,
backbone_denovo,RAPCID_backbone_rapcid_backbone_28_model_3.cif.gz,/scratch/a2149a01/RAPCID_2610_output/backbone_denovo/RAPCID_backbone_rapcid_backbone_28_model_3.cif.gz,A,B,63,39,1.652,3.177,3.636,3,4,5,7,0.4167,71.65,chain1_F_chain2_E,0,0,1,0,0,1,0,44,0,1,4,9,0,0,0,1,1,1,0,1,0,pass_no_clash;pass_direct_interface,0.32073,0,
backbone_denovo,RAPCID_backbone_rapcid_backbone_28_model_4.cif.gz,/scratch/a2149a01/RAPCID_2610_output/backbone_denovo/RAPCID_backbone_rapcid_backbone_28_model_4.cif.gz,A,B,63,39,2.435,3.423,10.899,4,0,12,0,1.0,nan,chain1_E_chain2_F,2,0,0,0,2,0,0,35,0,0,14,0,0,0,1,0,0,0,1,1,0,pass_dual_rap_contact;pass_contact_balance;pass_face_angle,0.15714,0,
backbone_denovo,RAPCID_backbone_rapcid_backbone_28_model_5.cif.gz,/scratch/a2149a01/RAPCID_2610_output/backbone_denovo/RAPCID_backbone_rapcid_backbone_28_model_5.cif.gz,A,B,63,39,2.699,8.861,2.723,0,7,0,26,0.0,nan,chain1_F_chain2_E,0,0,2,0,0,2,0,40,0,1,0,11,0,1,1,0,0,0,1,1,0,pass_dual_rap_contact;pass_contact_balance;pass_face_angle,0.17381,0,
backbone_denovo,RAPCID_backbone_rapcid_backbone_28_model_6.cif.gz,/scratch/a2149a01/RAPCID_2610_output/backbone_denovo/RAPCID_backbone_rapcid_backbone_28_model_6.cif.gz,A,B,63,39,2.793,3.328,3.119,7,3,16,10,0.6154,100.19,chain1_F_chain2_E,1,3,1,0,3,1,0,35,1,1,13,4,0,0,1,1,1,1,1,1,1,,0.50543,1,648
backbone_denovo,RAPCID_backbone_rapcid_backbone_28_model_7.cif.gz,/scratch/a2149a01/RAPCID_2610_output/backbone_denovo/RAPCID_backbone_rapcid_backbone_28_model_7.cif.gz,A,B,63,39,2.48,3.214,3.256,4,4,7,13,0.35,63.65,chain1_E_chain2_F,1,0,0,2,1,2,0,34,1,2,9,10,0,0,1,1,1,1,1,1,1,,0.37571,1,960
backbone_denovo,RAPCID_backbone_rapcid_backbone_29_model_0.cif.gz,/scratch/a2149a01/RAPCID_2610_output/backbone_denovo/RAPCID_backbone_rapcid_backbone_29_model_0.cif.gz,A,B,44,42,2.911,3.774,3.244,1,3,1,11,0.0833,44.77,chain1_F_chain2_E,0,0,3,0,0,3,0,48,1,2,0,12,0,0,1,0,0,0,0,1,0,pass_dual_rap_contact;pass_contact_balance;pass_face_angle;pass_direct_interface,0.26905,0,
backbone_denovo,RAPCID_backbone_rapcid_backbone_29_model_1.cif.gz,/scratch/a2149a01/RAPCID_2610_output/backbone_denovo/RAPCID_backbone_rapcid_backbone_29_model_1.cif.gz,A,B,44,42,2.816,2.737,3.211,3,2,14,6,0.7,71.56,chain1_F_chain2_E,0,1,1,0,1,1,0,37,2,0,8,9,1,0,1,1,1,1,1,1,1,,0.319,0,
backbone_denovo,RAPCID_backbone_rapcid_backbone_29_model_2.cif.gz,/scratch/a2149a01/RAPCID_2610_output/backbone_denovo/RAPCID_backbone_rapcid_backbone_29_model_2.cif.gz,A,B,44,42,2.654,3.369,3.446,2,4,6,13,0.3158,59.24,chain1_F_chain2_E,1,0,2,0,0,2,0,43,1,1,4,11,0,0,1,1,1,0,0,1,0,pass_face_angle;pass_direct_interface,0.31679,0,
backbone_denovo,RAPCID_backbone_rapcid_backbone_29_model_3.cif.gz,/scratch/a2149a01/RAPCID_2610_output/backbone_denovo/RAPCID_backbone_rapcid_backbone_29_model_3.cif.gz,A,B,44,42,2.382,3.299,3.484,6,2,17,3,0.85,48.36,chain1_E_chain2_F,1,1,0,1,1,1,0,34,1,1,10,7,0,0,1,0,1,0,1,1,0,pass_dual_rap_contact;pass_face_angle,0.25048,0,
backbone_denovo,RAPCID_backbone_rapcid_backbone_29_model_4.cif.gz,/scratch/a2149a01/RAPCID_2610_output/backbone_denovo/RAPCID_backbone_rapcid_backbone_29_model_4.cif.gz,A,B,44,42,2.775,3.324,3.139,4,4,8,13,0.381,83.56,chain1_E_chain2_F,1,1,0,2,1,2,0,22,2,0,9,11,1,0,1,1,1,1,1,1,1,,0.44997,1,746
backbone_denovo,RAPCID_backbone_rapcid_backbone_29_model_5.cif.gz,/scratch/a2149a01/RAPCID_2610_output/backbone_denovo/RAPCID_backbone_rapcid_backbone_29_model_5.cif.gz,A,B,44,42,2.883,2.999,3.209,5,3,17,9,0.6538,72.54,chain1_E_chain2_F,2,1,0,1,2,1,0,44,2,2,10,7,0,0,1,1,1,1,0,1,0,pass_direct_interface,0.40265,0,
backbone_denovo,RAPCID_backbone_rapcid_backbone_29_model_6.cif.gz,/scratch/a2149a01/RAPCID_2610_output/backbone_denovo/RAPCID_backbone_rapcid_backbone_29_model_6.cif.gz,A,B,44,42,2.866,3.101,2.407,4,2,13,7,0.65,43.13,chain1_F_chain2_E,0,2,0,0,2,0,0,44,1,0,11,0,0,1,1,1,1,0,0,1,0,pass_face_angle;pass_direct_interface,0.31381,0,
backbone_denovo,RAPCID_backbone_rapcid_backbone_29_model_7.cif.gz,/scratch/a2149a01/RAPCID_2610_output/backbone_denovo/RAPCID_backbone_rapcid_backbone_29_model_7.cif.gz,A,B,44,42,2.43,3.258,3.537,3,4,5,11,0.3125,77.16,chain1_E_chain2_F,1,0,0,2,1,2,0,27,1,1,6,12,1,0,1,1,1,1,1,1,1,,0.37623,1,959
backbone_denovo,RAPCID_backbone_rapcid_backbone_2_model_0.cif.gz,/scratch/a2149a01/RAPCID_2610_output/backbone_denovo/RAPCID_backbone_rapcid_backbone_2_model_0.cif.gz,A,B,67,60,2.372,2.672,20.21,8,0,23,0,1.0,nan,chain1_E_chain2_F,2,2,0,0,2,0,0,13,0,0,15,0,0,0,1,0,0,0,1,1,0,pass_dual_rap_contact;pass_contact_balance;pass_face_angle,0.23214,0,
backbone_denovo,RAPCID_backbone_rapcid_backbone_2_model_1.cif.gz,/scratch/a2149a01/RAPCID_2610_output/backbone_denovo/RAPCID_backbone_rapcid_backbone_2_model_1.cif.gz,A,B,67,60,15.208,1.783,32.612,12,0,36,0,1.0,nan,chain1_E_chain2_F,3,1,0,0,3,0,0,0,0,0,21,0,0,2,0,0,0,0,1,1,0,pass_no_clash;pass_dual_rap_contact;pass_contact_balance;pass_face_angle,0.24571,0,
backbone_denovo,RAPCID_backbone_rapcid_backbone_2_model_2.cif.gz,/scratch/a2149a01/RAPCID_2610_output/backbone_denovo/RAPCID_backbone_rapcid_backbone_2_model_2.cif.gz,A,B,67,60,2.806,3.105,2.286,6,3,9,9,0.5,69.21,chain1_E_chain2_F,0,0,0,0,0,0,0,25,1,1,8,0,0,0,1,1,1,1,1,1,1,,0.32904,0,
backbone_denovo,RAPCID_backbone_rapcid_backbone_2_model_3.cif.gz,/scratch/a2149a01/RAPCID_2610_output/backbone_denovo/RAPCID_backbone_rapcid_backbone_2_model_3.cif.gz,A,B,67,60,1.424,2.958,1.714,3,6,13,25,0.3421,88.89,chain1_F_chain2_E,1,2,1,0,2,1,0,44,1,3,8,7,0,1,0,1,1,1,0,1,0,pass_no_clash;pass_direct_interface,0.45551,0,
backbone_denovo,RAPCID_backbone_rapcid_backbone_2_model_4.cif.gz,/scratch/a2149a01/RAPCID_2610_output/backbone_denovo/RAPCID_backbone_rapcid_backbone_2_model_4.cif.gz,A,B,67,60,2.633,3.118,3.247,3,3,5,12,0.2941,67.34,chain1_F_chain2_E,1,0,2,0,0,2,0,45,2,1,4,10,0,1,1,1,1,1,0,1,0,pass_direct_interface,0.32479,0,
backbone_denovo,RAPCID_backbone_rapcid_backbone_2_model_5.cif.gz,/scratch/a2149a01/RAPCID_2610_output/backbone_denovo/RAPCID_backbone_rapcid_backbone_2_model_5.cif.gz,A,B,67,60,1.952,3.005,3.658,3,3,9,7,0.5625,108.72,chain1_E_chain2_F,1,0,1,1,1,1,0,43,1,0,7,10,0,0,0,1,1,1,0,1,0,pass_no_clash;pass_direct_interface,0.48122,0,
backbone_denovo,RAPCID_backbone_rapcid_backbone_2_model_6.cif.gz,/scratch/a2149a01/RAPCID_2610_output/backbone_denovo/RAPCID_backbone_rapcid_backbone_2_model_6.cif.gz,A,B,67,60,2.626,2.856,2.832,3,2,9,5,0.6429,80.17,chain1_F_chain2_E,0,1,1,0,1,1,0,53,1,1,7,5,1,0,1,1,1,1,0,1,0,pass_direct_interface,0.37055,0,
backbone_denovo,RAPCID_backbone_rapcid_backbone_2_model_7.cif.gz,/scratch/a2149a01/RAPCID_2610_output/backbone_denovo/RAPCID_backbone_rapcid_backbone_2_model_7.cif.gz,A,B,67,60,2.715,2.522,2.948,4,6,11,20,0.3548,111.15,chain1_E_chain2_F,1,0,0,0,1,0,0,31,1,0,9,2,0,0,1,1,1,1,1,1,1,,0.42767,1,814
backbone_denovo,RAPCID_backbone_rapcid_backbone_30_model_0.cif.gz,/scratch/a2149a01/RAPCID_2610_output/backbone_denovo/RAPCID_backbone_rapcid_backbone_30_model_0.cif.gz,B,A,56,41,2.592,2.271,3.683,3,5,11,9,0.55,94.32,chain1_E_chain2_F,1,0,0,2,1,2,0,33,1,0,8,11,1,0,1,1,1,1,1,1,1,,0.46679,1,718
backbone_denovo,RAPCID_backbone_rapcid_backbone_30_model_1.cif.gz,/scratch/a2149a01/RAPCID_2610_output/backbone_denovo/RAPCID_backbone_rapcid_backbone_30_model_1.cif.gz,B,A,56,41,1.824,2.692,3.126,3,4,9,7,0.5625,106.0,chain1_E_chain2_F,0,0,1,1,0,1,0,31,0,0,1,7,0,0,0,1,1,1,1,1,0,pass_no_clash,0.4069,0,
backbone_denovo,RAPCID_backbone_rapcid_backbone_30_model_2.cif.gz,/scratch/a2149a01/RAPCID_2610_output/backbone_denovo/RAPCID_backbone_rapcid_backbone_30_model_2.cif.gz,B,A,56,41,2.575,5.441,2.344,0,5,0,15,0.0,nan,chain1_F_chain2_E,0,0,2,0,0,2,0,31,0,1,0,13,0,0,1,0,0,0,1,1,0,pass_dual_rap_contact;pass_contact_balance;pass_face_angle,0.17381,0,
backbone_denovo,RAPCID_backbone_rapcid_backbone_30_model_3.cif.gz,/scratch/a2149a01/RAPCID_2610_output/backbone_denovo/RAPCID_backbone_rapcid_backbone_30_model_3.cif.gz,B,A,56,41,0.566,5.424,3.09,0,5,0,17,0.0,nan,chain1_E_chain2_F,0,0,1,2,0,2,0,29,0,1,0,10,0,1,0,0,0,0,1,1,0,pass_no_clash;pass_dual_rap_contact;pass_contact_balance;pass_face_angle,0.17381,0,
backbone_denovo,RAPCID_backbone_rapcid_backbone_30_model_4.cif.gz,/scratch/a2149a01/RAPCID_2610_output/backbone_denovo/RAPCID_backbone_rapcid_backbone_30_model_4.cif.gz,B,A,56,41,2.462,3.115,9.093,7,0,21,0,1.0,nan,chain1_E_chain2_F,2,1,0,0,2,0,0,29,0,0,17,0,0,0,1,0,0,0,1,1,0,pass_dual_rap_contact;pass_contact_balance;pass_face_angle,0.15714,0,
backbone_denovo,RAPCID_backbone_rapcid_backbone_30_model_5.cif.gz,/scratch/a2149a01/RAPCID_2610_output/backbone_denovo/RAPCID_backbone_rapcid_backbone_30_model_5.cif.gz,B,A,56,41,2.322,2.302,2.823,4,4,10,14,0.4167,92.59,chain1_F_chain2_E,0,0,2,0,0,2,0,36,0,0,3,11,0,0,1,1,1,1,1,1,1,,0.40243,1,884
backbone_denovo,RAPCID_backbone_rapcid_backbone_30_model_6.cif.gz,/scratch/a2149a01/RAPCID_2610_output/backbone_denovo/RAPCID_backbone_rapcid_backbone_30_model_6.cif.gz,B,A,56,41,2.041,3.555,3.105,5,4,9,13,0.4091,68.04,chain1_F_chain2_E,0,2,2,0,2,2,0,52,3,2,10,10,0,0,1,1,1,1,0,1,0,pass_direct_interface,0.46126,0,
backbone_denovo,RAPCID_backbone_rapcid_backbone_30_model_7.cif.gz,/scratch/a2149a01/RAPCID_2610_output/backbone_denovo/RAPCID_backbone_rapcid_backbone_30_model_7.cif.gz,B,A,56,41,2.279,2.673,3.96,5,2,13,2,0.8667,118.45,chain1_F_chain2_E,0,3,0,0,3,0,0,33,1,0,11,4,0,0,1,0,1,1,1,1,0,pass_dual_rap_contact,0.42053,0,
backbone_denovo,RAPCID_backbone_rapcid_backbone_31_model_0.cif.gz,/scratch/a2149a01/RAPCID_2610_output/backbone_denovo/RAPCID_backbone_rapcid_backbone_31_model_0.cif.gz,A,B,58,55,2.781,10.728,2.773,0,4,0,19,0.0,nan,chain1_F_chain2_E,0,0,3,0,0,3,0,29,0,0,0,14,1,1,1,0,0,0,1,1,0,pass_dual_rap_contact;pass_contact_balance;pass_face_angle,0.18571,0,
backbone_denovo,RAPCID_backbone_rapcid_backbone_31_model_1.cif.gz,/scratch/a2149a01/RAPCID_2610_output/backbone_denovo/RAPCID_backbone_rapcid_backbone_31_model_1.cif.gz,A,B,58,55,2.656,3.873,7.588,1,0,2,0,1.0,nan,chain1_F_chain2_E,0,1,0,0,1,0,0,37,0,0,5,0,0,0,1,0,0,0,1,1,0,pass_dual_rap_contact;pass_contact_balance;pass_face_angle,0.07857,0,
backbone_denovo,RAPCID_backbone_rapcid_backbone_31_model_2.cif.gz,/scratch/a2149a01/RAPCID_2610_output/backbone_denovo/RAPCID_backbone_rapcid_backbone_31_model_2.cif.gz,A,B,58,55,2.865,3.222,2.603,4,4,9,11,0.45,55.75,chain1_F_chain2_E,1,0,2,0,0,2,1,34,1,1,0,13,0,0,1,1,1,0,1,1,0,pass_face_angle,0.39905,0,
backbone_denovo,RAPCID_backbone_rapcid_backbone_31_model_3.cif.gz,/scratch/a2149a01/RAPCID_2610_output/backbone_denovo/RAPCID_backbone_rapcid_backbone_31_model_3.cif.gz,A,B,58,55,2.266,3.317,2.243,4,3,11,9,0.55,88.57,chain1_E_chain2_F,2,0,0,0,2,0,0,41,1,2,9,3,0,1,1,1,1,1,0,1,0,pass_direct_interface,0.45236,0,
backbone_denovo,RAPCID_backbone_rapcid_backbone_31_model_4.cif.gz,/scratch/a2149a01/RAPCID_2610_output/backbone_denovo/RAPCID_backbone_rapcid_backbone_31_model_4.cif.gz,A,B,58,55,2.742,3.279,3.341,3,3,5,7,0.4167,68.67,chain1_F_chain2_E,0,2,1,0,2,1,0,36,1,0,7,11,0,0,1,1,1,1,1,1,1,,0.36905,1,983
backbone_denovo,RAPCID_backbone_rapcid_backbone_31_model_5.cif.gz,/scratch/a2149a01/RAPCID_2610_output/backbone_denovo/RAPCID_backbone_rapcid_backbone_31_model_5.cif.gz,A,B,58,55,2.494,3.164,2.306,4,4,5,11,0.3125,49.52,chain1_F_chain2_E,2,0,3,0,0,3,0,44,1,2,0,12,0,0,1,1,1,0,0,1,0,pass_face_angle;pass_direct_interface,0.36071,0,
backbone_denovo,RAPCID_backbone_rapcid_backbone_31_model_6.cif.gz,/scratch/a2149a01/RAPCID_2610_output/backbone_denovo/RAPCID_backbone_rapcid_backbone_31_model_6.cif.gz,A,B,58,55,2.671,2.605,2.835,3,7,11,19,0.3667,89.08,chain1_F_chain2_E,1,1,2,0,1,2,0,29,0,2,6,11,0,0,1,1,1,1,1,1,1,,0.43263,1,804
backbone_denovo,RAPCID_backbone_rapcid_backbone_31_model_7.cif.gz,/scratch/a2149a01/RAPCID_2610_output/backbone_denovo/RAPCID_backbone_rapcid_backbone_31_model_7.cif.gz,A,B,58,55,2.748,3.214,3.432,4,2,15,3,0.8333,38.68,chain1_F_chain2_E,1,3,0,1,3,0,0,55,2,2,10,0,0,0,1,0,1,0,0,1,0,pass_dual_rap_contact;pass_face_angle;pass_direct_interface,0.31905,0,
backbone_denovo,RAPCID_backbone_rapcid_backbone_32_model_0.cif.gz,/scratch/a2149a01/RAPCID_2610_output/backbone_denovo/RAPCID_backbone_rapcid_backbone_32_model_0.cif.gz,A,B,51,34,2.454,3.179,3.099,6,5,15,13,0.5357,84.36,chain1_F_chain2_E,0,3,2,1,3,2,0,29,1,1,12,10,0,0,1,1,1,1,1,1,1,,0.51309,1,637
backbone_denovo,RAPCID_backbone_rapcid_backbone_32_model_1.cif.gz,/scratch/a2149a01/RAPCID_2610_output/backbone_denovo/RAPCID_backbone_rapcid_backbone_32_model_1.cif.gz,A,B,51,34,2.843,2.685,7.601,6,0,15,0,1.0,nan,chain1_E_chain2_F,1,0,0,0,1,0,0,34,0,0,7,0,0,0,1,0,0,0,1,1,0,pass_dual_rap_contact;pass_contact_balance;pass_face_angle,0.09857,0,
backbone_denovo,RAPCID_backbone_rapcid_backbone_32_model_2.cif.gz,/scratch/a2149a01/RAPCID_2610_output/backbone_denovo/RAPCID_backbone_rapcid_backbone_32_model_2.cif.gz,A,B,51,34,3.086,3.884,9.735,4,0,5,0,1.0,nan,chain1_F_chain2_E,0,1,0,0,1,0,0,37,0,0,10,0,1,0,1,0,0,0,1,1,0,pass_dual_rap_contact;pass_contact_balance;pass_face_angle,0.12857,0,
backbone_denovo,RAPCID_backbone_rapcid_backbone_32_model_3.cif.gz,/scratch/a2149a01/RAPCID_2610_output/backbone_denovo/RAPCID_backbone_rapcid_backbone_32_model_3.cif.gz,A,B,51,34,2.415,2.358,3.681,4,3,13,5,0.7222,92.05,chain1_E_chain2_F,1,0,0,2,1,2,0,32,2,1,6,8,0,0,1,1,1,1,1,1,1,,0.42365,1,827
backbone_denovo,RAPCID_backbone_rapcid_backbone_32_model_4.cif.gz,/scratch/a2149a01/RAPCID_2610_output/backbone_denovo/RAPCID_backbone_rapcid_backbone_32_model_4.cif.gz,A,B,51,34,3.486,3.614,9.591,4,0,7,0,1.0,nan,chain1_F_chain2_E,0,2,0,0,2,0,0,20,0,0,9,0,0,0,1,0,0,0,1,1,0,pass_dual_rap_contact;pass_contact_balance;pass_face_angle,0.18714,0,
backbone_denovo,RAPCID_backbone_rapcid_backbone_32_model_5.cif.gz,/scratch/a2149a01/RAPCID_2610_output/backbone_denovo/RAPCID_backbone_rapcid_backbone_32_model_5.cif.gz,A,B,51,34,2.57,3.697,3.351,1,2,2,5,0.2857,70.02,chain1_F_chain2_E,0,1,1,0,1,1,0,28,0,1,7,8,0,0,1,0,1,1,1,1,0,pass_dual_rap_contact,0.29151,0,
backbone_denovo,RAPCID_backbone_rapcid_backbone_32_model_6.cif.gz,/scratch/a2149a01/RAPCID_2610_output/backbone_denovo/RAPCID_backbone_rapcid_backbone_32_model_6.cif.gz,A,B,51,34,2.118,3.36,2.937,5,2,21,5,0.8077,99.87,chain1_F_chain2_E,1,1,1,0,1,1,0,30,0,0,11,5,0,0,1,1,1,1,1,1,1,,0.33696,0,
backbone_denovo,RAPCID_backbone_rapcid_backbone_32_model_7.cif.gz,/scratch/a2149a01/RAPCID_2610_output/backbone_denovo/RAPCID_backbone_rapcid_backbone_32_model_7.cif.gz,A,B,51,34,3.242,2.957,3.291,2,4,10,12,0.4545,113.58,chain1_E_chain2_F,0,0,1,1,0,1,0,28,0,0,4,7,0,0,1,1,1,1,1,1,1,,0.45898,1,729
backbone_denovo,RAPCID_backbone_rapcid_backbone_33_model_0.cif.gz,/scratch/a2149a01/RAPCID_2610_output/backbone_denovo/RAPCID_backbone_rapcid_backbone_33_model_0.cif.gz,B,A,59,40,2.009,2.669,2.634,4,4,12,12,0.5,85.74,chain1_F_chain2_E,0,0,2,0,0,2,0,30,0,1,3,10,0,0,1,1,1,1,1,1,1,,0.4296,1,813
backbone_denovo,RAPCID_backbone_rapcid_backbone_33_model_1.cif.gz,/scratch/a2149a01/RAPCID_2610_output/backbone_denovo/RAPCID_backbone_rapcid_backbone_33_model_1.cif.gz,B,A,59,40,2.806,2.943,2.555,7,2,13,7,0.65,97.82,chain1_F_chain2_E,0,3,2,0,3,2,0,30,1,0,15,5,1,0,1,1,1,1,1,1,1,,0.4956,1,663
backbone_denovo,RAPCID_backbone_rapcid_backbone_33_model_2.cif.gz,/scratch/a2149a01/RAPCID_2610_output/backbone_denovo/RAPCID_backbone_rapcid_backbone_33_model_2.cif.gz,B,A,59,40,2.967,2.373,3.456,4,5,11,15,0.4231,53.22,chain1_E_chain2_F,0,1,0,2,0,2,0,27,1,1,0,10,0,0,1,1,1,0,1,1,0,pass_face_angle,0.36471,0,
backbone_denovo,RAPCID_backbone_rapcid_backbone_33_model_3.cif.gz,/scratch/a2149a01/RAPCID_2610_output/backbone_denovo/RAPCID_backbone_rapcid_backbone_33_model_3.cif.gz,B,A,59,40,2.801,9.648,3.66,0,3,0,5,0.0,nan,chain1_E_chain2_F,0,0,0,0,0,0,0,48,0,0,0,0,0,0,1,0,0,0,0,1,0,pass_dual_rap_contact;pass_contact_balance;pass_face_angle;pass_direct_interface,0.0,0,
backbone_denovo,RAPCID_backbone_rapcid_backbone_33_model_4.cif.gz,/scratch/a2149a01/RAPCID_2610_output/backbone_denovo/RAPCID_backbone_rapcid_backbone_33_model_4.cif.gz,B,A,59,40,2.731,2.843,3.177,5,2,11,5,0.6875,50.48,chain1_E_chain2_F,1,0,0,1,1,1,0,30,1,0,3,7,0,0,1,1,1,0,1,1,0,pass_face_angle,0.29881,0,
backbone_denovo,RAPCID_backbone_rapcid_backbone_33_model_5.cif.gz,/scratch/a2149a01/RAPCID_2610_output/backbone_denovo/RAPCID_backbone_rapcid_backbone_33_model_5.cif.gz,B,A,59,40,2.441,3.166,3.012,5,5,22,12,0.6471,76.68,chain1_E_chain2_F,3,0,1,1,3,1,0,49,2,1,16,8,0,0,1,1,1,1,0,1,0,pass_direct_interface,0.43108,0,
backbone_denovo,RAPCID_backbone_rapcid_backbone_33_model_6.cif.gz,/scratch/a2149a01/RAPCID_2610_output/backbone_denovo/RAPCID_backbone_rapcid_backbone_33_model_6.cif.gz,B,A,59,40,2.921,11.255,3.089,0,3,0,5,0.0,nan,chain1_E_chain2_F,0,0,0,1,0,1,0,22,0,0,0,6,0,0,1,0,0,0,1,1,0,pass_dual_rap_contact;pass_contact_balance;pass_face_angle,0.11857,0,
backbone_denovo,RAPCID_backbone_rapcid_backbone_33_model_7.cif.gz,/scratch/a2149a01/RAPCID_2610_output/backbone_denovo/RAPCID_backbone_rapcid_backbone_33_model_7.cif.gz,B,A,59,40,3.231,3.287,3.255,3,4,4,15,0.2105,80.38,chain1_F_chain2_E,1,0,3,0,0,3,1,17,0,1,0,12,1,0,1,1,1,1,1,1,1,,0.4081,1,867
backbone_denovo,RAPCID_backbone_rapcid_backbone_34_model_0.cif.gz,/scratch/a2149a01/RAPCID_2610_output/backbone_denovo/RAPCID_backbone_rapcid_backbone_34_model_0.cif.gz,B,A,59,32,3.043,2.747,3.485,8,2,21,4,0.84,65.62,chain1_E_chain2_F,1,0,0,0,1,0,0,39,1,2,12,5,0,0,1,1,1,1,1,1,1,,0.24257,0,
backbone_denovo,RAPCID_backbone_rapcid_backbone_34_model_1.cif.gz,/scratch/a2149a01/RAPCID_2610_output/backbone_denovo/RAPCID_backbone_rapcid_backbone_34_model_1.cif.gz,B,A,59,32,2.641,2.008,2.652,4,5,16,22,0.4211,77.97,chain1_F_chain2_E,0,2,2,1,2,2,0,27,2,2,6,11,1,0,1,1,1,1,1,1,1,,0.48426,1,687
backbone_denovo,RAPCID_backbone_rapcid_backbone_34_model_2.cif.gz,/scratch/a2149a01/RAPCID_2610_output/backbone_denovo/RAPCID_backbone_rapcid_backbone_34_model_2.cif.gz,B,A,59,32,2.179,6.643,3.522,0,3,0,6,0.0,nan,chain1_F_chain2_E,0,0,1,0,0,1,0,35,0,0,0,8,0,0,1,0,0,0,1,1,0,pass_dual_rap_contact;pass_contact_balance;pass_face_angle,0.10857,0,
backbone_denovo,RAPCID_backbone_rapcid_backbone_34_model_3.cif.gz,/scratch/a2149a01/RAPCID_2610_output/backbone_denovo/RAPCID_backbone_rapcid_backbone_34_model_3.cif.gz,B,A,59,32,2.415,7.53,2.88,0,4,0,9,0.0,nan,chain1_F_chain2_E,0,0,1,0,0,1,0,31,0,1,0,8,0,0,1,0,0,0,1,1,0,pass_dual_rap_contact;pass_contact_balance;pass_face_angle,0.12524,0,
backbone_denovo,RAPCID_backbone_rapcid_backbone_34_model_4.cif.gz,/scratch/a2149a01/RAPCID_2610_output/backbone_denovo/RAPCID_backbone_rapcid_backbone_34_model_4.cif.gz,B,A,59,32,2.649,2.219,3.773,5,3,19,3,0.8636,49.93,chain1_E_chain2_F,3,0,1,0,3,0,0,29,2,0,11,2,0,0,1,0,1,0,1,1,0,pass_dual_rap_contact;pass_face_angle,0.27359,0,
backbone_denovo,RAPCID_backbone_rapcid_backbone_34_model_5.cif.gz,/scratch/a2149a01/RAPCID_2610_output/backbone_denovo/RAPCID_backbone_rapcid_backbone_34_model_5.cif.gz,B,A,59,32,0.959,3.624,2.999,4,6,9,19,0.3214,71.88,chain1_F_chain2_E,0,1,1,1,1,1,0,26,1,2,8,12,0,1,0,1,1,1,1,1,0,pass_no_clash,0.3553,0,
backbone_denovo,RAPCID_backbone_rapcid_backbone_34_model_6.cif.gz,/scratch/a2149a01/RAPCID_2610_output/backbone_denovo/RAPCID_backbone_rapcid_backbone_34_model_6.cif.gz,B,A,59,32,2.293,3.457,6.462,2,0,3,0,1.0,nan,chain1_E_chain2_F,1,0,0,0,1,0,0,33,1,0,8,0,0,0,1,0,0,0,1,1,0,pass_dual_rap_contact;pass_contact_balance;pass_face_angle,0.12524,0,
backbone_denovo,RAPCID_backbone_rapcid_backbone_34_model_7.cif.gz,/scratch/a2149a01/RAPCID_2610_output/backbone_denovo/RAPCID_backbone_rapcid_backbone_34_model_7.cif.gz,B,A,59,32,2.777,7.425,3.169,0,4,0,12,0.0,nan,chain1_F_chain2_E,0,0,2,0,0,2,0,17,0,0,0,9,0,0,1,0,0,0,1,1,0,pass_dual_rap_contact;pass_contact_balance;pass_face_angle,0.20214,0,
backbone_denovo,RAPCID_backbone_rapcid_backbone_35_model_0.cif.gz,/scratch/a2149a01/RAPCID_2610_output/backbone_denovo/RAPCID_backbone_rapcid_backbone_35_model_0.cif.gz,A,B,63,48,2.283,1.666,2.978,4,4,13,7,0.65,61.1,chain1_E_chain2_F,2,0,0,2,2,2,0,39,1,1,9,12,0,0,0,1,1,1,1,1,0,pass_no_clash,0.38762,0,
backbone_denovo,RAPCID_backbone_rapcid_backbone_35_model_1.cif.gz,/scratch/a2149a01/RAPCID_2610_output/backbone_denovo/RAPCID_backbone_rapcid_backbone_35_model_1.cif.gz,A,B,63,48,2.727,3.367,12.249,5,0,7,0,1.0,nan,chain1_E_chain2_F,2,0,0,0,2,0,0,48,0,0,15,0,1,0,1,0,0,0,0,1,0,pass_dual_rap_contact;pass_contact_balance;pass_face_angle;pass_direct_interface,0.15714,0,
backbone_denovo,RAPCID_backbone_rapcid_backbone_35_model_2.cif.gz,/scratch/a2149a01/RAPCID_2610_output/backbone_denovo/RAPCID_backbone_rapcid_backbone_35_model_2.cif.gz,A,B,63,48,2.625,2.869,13.202,6,0,24,0,1.0,nan,chain1_E_chain2_F,2,2,0,0,2,0,0,32,0,0,15,0,0,0,1,0,0,0,1,1,0,pass_dual_rap_contact;pass_contact_balance;pass_face_angle,0.15714,0,
backbone_denovo,RAPCID_backbone_rapcid_backbone_35_model_3.cif.gz,/scratch/a2149a01/RAPCID_2610_output/backbone_denovo/RAPCID_backbone_rapcid_backbone_35_model_3.cif.gz,A,B,63,48,2.698,2.741,3.43,3,3,7,7,0.5,84.64,chain1_F_chain2_E,1,0,2,0,0,2,0,29,0,0,0,11,0,0,1,1,1,1,1,1,1,,0.40928,1,861
backbone_denovo,RAPCID_backbone_rapcid_backbone_35_model_4.cif.gz,/scratch/a2149a01/RAPCID_2610_output/backbone_denovo/RAPCID_backbone_rapcid_backbone_35_model_4.cif.gz,A,B,63,48,2.638,3.408,2.864,5,5,11,24,0.3143,92.16,chain1_F_chain2_E,1,1,2,0,1,2,1,42,0,3,5,13,1,0,1,1,1,1,0,1,0,pass_direct_interface,0.46719,0,
backbone_denovo,RAPCID_backbone_rapcid_backbone_35_model_5.cif.gz,/scratch/a2149a01/RAPCID_2610_output/backbone_denovo/RAPCID_backbone_rapcid_backbone_35_model_5.cif.gz,A,B,63,48,2.77,3.151,3.833,3,2,10,2,0.8333,51.96,chain1_E_chain2_F,2,0,1,0,2,0,0,37,1,0,8,1,0,0,1,0,1,0,1,1,0,pass_dual_rap_contact;pass_face_angle,0.23048,0,
backbone_denovo,RAPCID_backbone_rapcid_backbone_35_model_6.cif.gz,/scratch/a2149a01/RAPCID_2610_output/backbone_denovo/RAPCID_backbone_rapcid_backbone_35_model_6.cif.gz,A,B,63,48,2.724,2.127,16.701,4,0,20,0,1.0,nan,chain1_E_chain2_F,3,0,0,0,3,0,0,17,0,0,12,0,1,0,1,0,0,0,1,1,0,pass_dual_rap_contact;pass_contact_balance;pass_face_angle,0.24071,0,
backbone_denovo,RAPCID_backbone_rapcid_backbone_35_model_7.cif.gz,/scratch/a2149a01/RAPCID_2610_output/backbone_denovo/RAPCID_backbone_rapcid_backbone_35_model_7.cif.gz,A,B,63,48,2.198,3.05,3.715,5,6,12,14,0.4615,75.37,chain1_E_chain2_F,2,1,0,2,2,2,0,37,1,0,10,12,1,0,1,1,1,1,1,1,1,,0.4368,1,784
backbone_denovo,RAPCID_backbone_rapcid_backbone_36_model_0.cif.gz,/scratch/a2149a01/RAPCID_2610_output/backbone_denovo/RAPCID_backbone_rapcid_backbone_36_model_0.cif.gz,A,B,62,46,2.841,3.716,3.559,2,3,3,4,0.4286,74.59,chain1_E_chain2_F,1,0,0,1,1,1,0,39,0,2,7,4,0,0,1,0,1,1,1,1,0,pass_dual_rap_contact,0.38054,0,
backbone_denovo,RAPCID_backbone_rapcid_backbone_36_model_1.cif.gz,/scratch/a2149a01/RAPCID_2610_output/backbone_denovo/RAPCID_backbone_rapcid_backbone_36_model_1.cif.gz,A,B,62,46,3.059,3.111,3.569,4,5,9,8,0.5294,55.34,chain1_F_chain2_E,0,2,1,1,2,1,0,45,3,3,12,6,0,0,1,1,1,0,0,1,0,pass_face_angle;pass_direct_interface,0.47395,0,
backbone_denovo,RAPCID_backbone_rapcid_backbone_36_model_2.cif.gz,/scratch/a2149a01/RAPCID_2610_output/backbone_denovo/RAPCID_backbone_rapcid_backbone_36_model_2.cif.gz,A,B,62,46,2.712,3.028,3.145,3,5,6,8,0.4286,69.69,chain1_E_chain2_F,2,0,1,1,2,1,0,34,1,1,7,12,0,0,1,1,1,1,1,1,1,,0.39278,1,908
backbone_denovo,RAPCID_backbone_rapcid_backbone_36_model_3.cif.gz,/scratch/a2149a01/RAPCID_2610_output/backbone_denovo/RAPCID_backbone_rapcid_backbone_36_model_3.cif.gz,A,B,62,46,2.213,2.864,3.925,5,1,11,1,0.9167,39.86,chain1_E_chain2_F,0,0,0,0,0,0,0,46,2,1,0,2,0,0,1,0,0,0,0,1,0,pass_dual_rap_contact;pass_contact_balance;pass_face_angle;pass_direct_interface,0.10333,0,
backbone_denovo,RAPCID_backbone_rapcid_backbone_36_model_4.cif.gz,/scratch/a2149a01/RAPCID_2610_output/backbone_denovo/RAPCID_backbone_rapcid_backbone_36_model_4.cif.gz,A,B,62,46,2.788,3.125,7.809,4,0,8,0,1.0,nan,chain1_F_chain2_E,0,2,0,0,2,0,0,28,0,0,14,0,1,1,1,0,0,0,1,1,0,pass_dual_rap_contact;pass_contact_balance;pass_face_angle,0.15714,0,
backbone_denovo,RAPCID_backbone_rapcid_backbone_36_model_5.cif.gz,/scratch/a2149a01/RAPCID_2610_output/backbone_denovo/RAPCID_backbone_rapcid_backbone_36_model_5.cif.gz,A,B,62,46,1.409,3.538,2.687,2,8,3,26,0.1034,91.53,chain1_F_chain2_E,0,0,2,0,0,2,1,38,1,1,2,14,1,0,0,0,1,1,1,1,0,pass_no_clash;pass_dual_rap_contact,0.33552,0,
backbone_denovo,RAPCID_backbone_rapcid_backbone_36_model_6.cif.gz,/scratch/a2149a01/RAPCID_2610_output/backbone_denovo/RAPCID_backbone_rapcid_backbone_36_model_6.cif.gz,A,B,62,46,3.054,2.751,8.668,7,0,20,0,1.0,nan,chain1_E_chain2_F,3,0,0,0,3,0,0,22,0,0,11,0,0,0,1,0,0,0,1,1,0,pass_dual_rap_contact;pass_contact_balance;pass_face_angle,0.21571,0,
backbone_denovo,RAPCID_backbone_rapcid_backbone_36_model_7.cif.gz,/scratch/a2149a01/RAPCID_2610_output/backbone_denovo/RAPCID_backbone_rapcid_backbone_36_model_7.cif.gz,A,B,62,46,2.957,3.273,3.264,3,4,7,12,0.3684,60.54,chain1_F_chain2_E,0,2,1,1,2,1,0,37,1,2,14,10,0,0,1,1,1,1,1,1,1,,0.38308,1,941
backbone_denovo,RAPCID_backbone_rapcid_backbone_37_model_0.cif.gz,/scratch/a2149a01/RAPCID_2610_output/backbone_denovo/RAPCID_backbone_rapcid_backbone_37_model_0.cif.gz,B,A,53,39,2.299,2.982,2.995,2,5,7,17,0.2917,99.99,chain1_E_chain2_F,0,0,1,2,0,2,0,12,1,0,4,10,0,0,1,1,1,1,1,1,1,,0.47377,1,701
backbone_denovo,RAPCID_backbone_rapcid_backbone_37_model_1.cif.gz,/scratch/a2149a01/RAPCID_2610_output/backbone_denovo/RAPCID_backbone_rapcid_backbone_37_model_1.cif.gz,B,A,53,39,2.842,2.993,3.531,4,2,12,9,0.5714,60.49,chain1_E_chain2_F,1,2,0,1,1,1,0,40,1,0,9,5,0,0,1,1,1,1,1,1,1,,0.34524,0,
backbone_denovo,RAPCID_backbone_rapcid_backbone_37_model_2.cif.gz,/scratch/a2149a01/RAPCID_2610_output/backbone_denovo/RAPCID_backbone_rapcid_backbone_37_model_2.cif.gz,B,A,53,39,2.302,3.376,3.451,6,2,16,4,0.8,58.28,chain1_E_chain2_F,3,0,0,0,3,0,1,46,2,1,15,0,0,0,1,1,1,0,0,1,0,pass_face_angle;pass_direct_interface,0.34429,0,
backbone_denovo,RAPCID_backbone_rapcid_backbone_37_model_3.cif.gz,/scratch/a2149a01/RAPCID_2610_output/backbone_denovo/RAPCID_backbone_rapcid_backbone_37_model_3.cif.gz,B,A,53,39,3.031,3.149,3.386,5,4,15,9,0.625,84.67,chain1_E_chain2_F,1,0,1,1,1,1,0,18,0,1,8,6,0,0,1,1,1,1,1,1,1,,0.42604,1,819
backbone_denovo,RAPCID_backbone_rapcid_backbone_37_model_4.cif.gz,/scratch/a2149a01/RAPCID_2610_output/backbone_denovo/RAPCID_backbone_rapcid_backbone_37_model_4.cif.gz,B,A,53,39,2.804,3.29,3.136,3,2,4,8,0.3333,52.17,chain1_E_chain2_F,1,0,1,0,1,0,0,43,1,1,10,3,0,0,1,1,1,0,0,1,0,pass_face_angle;pass_direct_interface,0.29524,0,
backbone_denovo,RAPCID_backbone_rapcid_backbone_37_model_5.cif.gz,/scratch/a2149a01/RAPCID_2610_output/backbone_denovo/RAPCID_backbone_rapcid_backbone_37_model_5.cif.gz,B,A,53,39,2.84,3.026,3.193,3,5,5,14,0.2632,57.41,chain1_F_chain2_E,0,2,1,1,2,1,0,41,1,1,11,11,0,0,1,1,1,0,0,1,0,pass_face_angle;pass_direct_interface,0.32431,0,
backbone_denovo,RAPCID_backbone_rapcid_backbone_37_model_6.cif.gz,/scratch/a2149a01/RAPCID_2610_output/backbone_denovo/RAPCID_backbone_rapcid_backbone_37_model_6.cif.gz,B,A,53,39,2.493,3.316,3.121,3,5,8,15,0.3478,81.5,chain1_F_chain2_E,0,2,1,0,2,1,0,37,1,1,10,9,1,0,1,1,1,1,1,1,1,,0.39983,1,893
backbone_denovo,RAPCID_backbone_rapcid_backbone_37_model_7.cif.gz,/scratch/a2149a01/RAPCID_2610_output/backbone_denovo/RAPCID_backbone_rapcid_backbone_37_model_7.cif.gz,B,A,53,39,2.95,2.961,3.548,3,4,12,11,0.5217,102.96,chain1_E_chain2_F,1,0,0,2,1,2,0,30,1,0,7,9,0,0,1,1,1,1,1,1,1,,0.50688,1,646
backbone_denovo,RAPCID_backbone_rapcid_backbone_38_model_0.cif.gz,/scratch/a2149a01/RAPCID_2610_output/backbone_denovo/RAPCID_backbone_rapcid_backbone_38_model_0.cif.gz,A,B,52,32,2.373,2.781,3.241,4,2,12,5,0.7059,60.84,chain1_E_chain2_F,1,0,1,0,1,0,0,35,1,1,7,0,1,0,1,1,1,1,1,1,1,,0.24955,0,
backbone_denovo,RAPCID_backbone_rapcid_backbone_38_model_1.cif.gz,/scratch/a2149a01/RAPCID_2610_output/backbone_denovo/RAPCID_backbone_rapcid_backbone_38_model_1.cif.gz,A,B,52,32,1.382,3.379,3.142,3,4,7,8,0.4667,73.39,chain1_E_chain2_F,2,0,0,1,2,1,0,26,1,0,6,6,0,1,0,1,1,1,1,1,0,pass_no_clash,0.41367,0,
backbone_denovo,RAPCID_backbone_rapcid_backbone_38_model_2.cif.gz,/scratch/a2149a01/RAPCID_2610_output/backbone_denovo/RAPCID_backbone_rapcid_backbone_38_model_2.cif.gz,A,B,52,32,1.889,2.926,2.912,3,2,10,4,0.7143,78.25,chain1_F_chain2_E,0,0,1,0,0,1,0,32,1,0,1,4,0,0,0,1,1,1,1,1,0,pass_no_clash,0.24035,0,
backbone_denovo,RAPCID_backbone_rapcid_backbone_38_model_3.cif.gz,/scratch/a2149a01/RAPCID_2610_output/backbone_denovo/RAPCID_backbone_rapcid_backbone_38_model_3.cif.gz,A,B,52,32,2.588,3.029,3.162,4,4,11,12,0.4783,79.14,chain1_F_chain2_E,0,1,2,0,1,2,0,23,2,1,4,10,0,0,1,1,1,1,1,1,1,,0.48581,1,684
backbone_denovo,RAPCID_backbone_rapcid_backbone_38_model_4.cif.gz,/scratch/a2149a01/RAPCID_2610_output/backbone_denovo/RAPCID_backbone_rapcid_backbone_38_model_4.cif.gz,A,B,52,32,1.63,2.689,13.157,2,0,5,0,1.0,nan,chain1_E_chain2_F,0,0,0,0,0,0,0,30,0,0,2,0,0,0,0,0,0,0,1,1,0,pass_no_clash;pass_dual_rap_contact;pass_contact_balance;pass_face_angle,0.02,0,
backbone_denovo,RAPCID_backbone_rapcid_backbone_38_model_5.cif.gz,/scratch/a2149a01/RAPCID_2610_output/backbone_denovo/RAPCID_backbone_rapcid_backbone_38_model_5.cif.gz,A,B,52,32,2.512,3.559,9.295,5,0,12,0,1.0,nan,chain1_F_chain2_E,0,2,0,0,2,0,0,27,0,0,13,0,0,0,1,0,0,0,1,1,0,pass_dual_rap_contact;pass_contact_balance;pass_face_angle,0.16214,0,
backbone_denovo,RAPCID_backbone_rapcid_backbone_38_model_6.cif.gz,/scratch/a2149a01/RAPCID_2610_output/backbone_denovo/RAPCID_backbone_rapcid_backbone_38_model_6.cif.gz,A,B,52,32,2.047,2.855,8.571,2,0,4,0,1.0,nan,chain1_E_chain2_F,1,0,0,0,1,0,0,38,0,0,6,0,1,1,1,0,0,0,1,1,0,pass_dual_rap_contact;pass_contact_balance;pass_face_angle,0.08857,0,
backbone_denovo,RAPCID_backbone_rapcid_backbone_38_model_7.cif.gz,/scratch/a2149a01/RAPCID_2610_output/backbone_denovo/RAPCID_backbone_rapcid_backbone_38_model_7.cif.gz,A,B,52,32,2.423,2.975,3.285,3,4,6,15,0.2857,94.93,chain1_F_chain2_E,1,0,2,0,0,2,0,23,0,1,5,12,0,0,1,1,1,1,1,1,1,,0.39952,1,895
backbone_denovo,RAPCID_backbone_rapcid_backbone_39_model_0.cif.gz,/scratch/a2149a01/RAPCID_2610_output/backbone_denovo/RAPCID_backbone_rapcid_backbone_39_model_0.cif.gz,B,A,60,33,2.522,3.284,3.039,2,2,5,3,0.625,68.95,chain1_E_chain2_F,1,0,1,0,1,0,0,32,1,1,7,0,0,0,1,0,1,1,1,1,0,pass_dual_rap_contact,0.2819,0,
backbone_denovo,RAPCID_backbone_rapcid_backbone_39_model_1.cif.gz,/scratch/a2149a01/RAPCID_2610_output/backbone_denovo/RAPCID_backbone_rapcid_backbone_39_model_1.cif.gz,B,A,60,33,2.201,2.206,3.08,5,3,17,20,0.4595,60.08,chain1_E_chain2_F,2,0,0,1,2,1,0,37,2,2,7,5,0,0,1,1,1,1,1,1,1,,0.43616,1,789
backbone_denovo,RAPCID_backbone_rapcid_backbone_39_model_2.cif.gz,/scratch/a2149a01/RAPCID_2610_output/backbone_denovo/RAPCID_backbone_rapcid_backbone_39_model_2.cif.gz,B,A,60,33,2.7,3.65,2.896,2,4,4,14,0.2222,62.54,chain1_E_chain2_F,1,0,0,0,1,0,0,35,0,2,5,2,0,0,1,1,1,1,1,1,1,,0.22079,0,
backbone_denovo,RAPCID_backbone_rapcid_backbone_39_model_3.cif.gz,/scratch/a2149a01/RAPCID_2610_output/backbone_denovo/RAPCID_backbone_rapcid_backbone_39_model_3.cif.gz,B,A,60,33,2.94,2.972,3.677,5,3,11,4,0.7333,67.3,chain1_E_chain2_F,1,0,0,1,1,1,0,45,1,1,6,6,1,0,1,1,1,1,0,1,0,pass_direct_interface,0.29714,0,
backbone_denovo,RAPCID_backbone_rapcid_backbone_39_model_4.cif.gz,/scratch/a2149a01/RAPCID_2610_output/backbone_denovo/RAPCID_backbone_rapcid_backbone_39_model_4.cif.gz,B,A,60,33,2.964,2.794,2.138,3,5,9,15,0.375,73.72,chain1_E_chain2_F,1,0,1,0,1,0,0,33,2,1,10,0,0,0,1,1,1,1,1,1,1,,0.34429,0,
backbone_denovo,RAPCID_backbone_rapcid_backbone_39_model_5.cif.gz,/scratch/a2149a01/RAPCID_2610_output/backbone_denovo/RAPCID_backbone_rapcid_backbone_39_model_5.cif.gz,B,A,60,33,1.721,3.02,13.67,3,0,8,0,1.0,nan,chain1_E_chain2_F,2,0,0,0,2,0,0,30,0,0,12,0,4,0,0,0,0,0,1,1,0,pass_no_clash;pass_dual_rap_contact;pass_contact_balance;pass_face_angle,0.15714,0,
backbone_denovo,RAPCID_backbone_rapcid_backbone_39_model_6.cif.gz,/scratch/a2149a01/RAPCID_2610_output/backbone_denovo/RAPCID_backbone_rapcid_backbone_39_model_6.cif.gz,B,A,60,33,2.668,3.29,3.224,5,6,8,14,0.3636,59.93,chain1_F_chain2_E,0,3,2,1,3,2,0,22,2,2,11,11,1,0,1,1,1,0,1,1,0,pass_face_angle,0.48498,0,
backbone_denovo,RAPCID_backbone_rapcid_backbone_39_model_7.cif.gz,/scratch/a2149a01/RAPCID_2610_output/backbone_denovo/RAPCID_backbone_rapcid_backbone_39_model_7.cif.gz,B,A,60,33,2.301,1.871,3.29,3,1,8,1,0.8889,63.58,chain1_F_chain2_E,0,1,1,0,1,1,0,37,0,1,4,6,0,0,0,0,1,1,1,1,0,pass_no_clash;pass_dual_rap_contact,0.21825,0,
backbone_denovo,RAPCID_backbone_rapcid_backbone_3_model_0.cif.gz,/scratch/a2149a01/RAPCID_2610_output/backbone_denovo/RAPCID_backbone_rapcid_backbone_3_model_0.cif.gz,B,A,47,40,2.969,3.293,2.743,7,5,19,18,0.5135,114.34,chain1_F_chain2_E,1,1,2,0,1,2,0,18,1,1,12,5,0,0,1,1,1,1,1,1,1,,0.61476,1,479
backbone_denovo,RAPCID_backbone_rapcid_backbone_3_model_1.cif.gz,/scratch/a2149a01/RAPCID_2610_output/backbone_denovo/RAPCID_backbone_rapcid_backbone_3_model_1.cif.gz,B,A,47,40,2.408,3.478,3.405,3,2,8,4,0.6667,102.37,chain1_E_chain2_F,1,0,0,2,1,2,0,35,1,0,10,9,0,0,1,1,1,1,1,1,1,,0.44696,1,757
backbone_denovo,RAPCID_backbone_rapcid_backbone_3_model_2.cif.gz,/scratch/a2149a01/RAPCID_2610_output/backbone_denovo/RAPCID_backbone_rapcid_backbone_3_model_2.cif.gz,B,A,47,40,2.106,3.421,3.162,5,4,11,6,0.6471,46.88,chain1_E_chain2_F,1,2,0,1,1,1,0,42,2,0,3,8,0,0,1,1,1,0,0,1,0,pass_face_angle;pass_direct_interface,0.33165,0,
backbone_denovo,RAPCID_backbone_rapcid_backbone_3_model_3.cif.gz,/scratch/a2149a01/RAPCID_2610_output/backbone_denovo/RAPCID_backbone_rapcid_backbone_3_model_3.cif.gz,B,A,47,40,2.76,3.659,3.93,4,2,4,2,0.6667,39.25,chain1_E_chain2_F,1,1,0,1,1,1,0,35,0,1,7,6,0,0,1,0,1,0,1,1,0,pass_dual_rap_contact;pass_face_angle,0.30714,0,
backbone_denovo,RAPCID_backbone_rapcid_backbone_3_model_4.cif.gz,/scratch/a2149a01/RAPCID_2610_output/backbone_denovo/RAPCID_backbone_rapcid_backbone_3_model_4.cif.gz,B,A,47,40,2.738,2.887,3.4,2,3,4,6,0.4,50.66,chain1_E_chain2_F,0,0,1,2,0,2,0,36,1,1,0,10,0,0,1,1,1,0,1,1,0,pass_face_angle,0.35048,0,
backbone_denovo,RAPCID_backbone_rapcid_backbone_3_model_5.cif.gz,/scratch/a2149a01/RAPCID_2610_output/backbone_denovo/RAPCID_backbone_rapcid_backbone_3_model_5.cif.gz,B,A,47,40,2.664,3.381,3.931,6,1,19,1,0.95,34.98,chain1_E_chain2_F,0,1,0,1,0,1,0,32,1,0,0,5,0,0,1,0,0,0,1,1,0,pass_dual_rap_contact;pass_contact_balance;pass_face_angle,0.11524,0,
backbone_denovo,RAPCID_backbone_rapcid_backbone_3_model_6.cif.gz,/scratch/a2149a01/RAPCID_2610_output/backbone_denovo/RAPCID_backbone_rapcid_backbone_3_model_6.cif.gz,B,A,47,40,3.177,2.931,3.562,3,4,7,12,0.3684,72.79,chain1_E_chain2_F,2,0,0,2,2,2,0,22,1,0,6,12,0,0,1,1,1,1,1,1,1,,0.42094,1,834
backbone_denovo,RAPCID_backbone_rapcid_backbone_3_model_7.cif.gz,/scratch/a2149a01/RAPCID_2610_output/backbone_denovo/RAPCID_backbone_rapcid_backbone_3_model_7.cif.gz,B,A,47,40,2.585,2.666,3.196,3,3,15,5,0.75,61.19,chain1_E_chain2_F,3,0,2,0,3,0,0,49,2,0,11,0,0,0,1,1,1,1,0,1,0,pass_direct_interface,0.31905,0,
backbone_denovo,RAPCID_backbone_rapcid_backbone_40_model_0.cif.gz,/scratch/a2149a01/RAPCID_2610_output/backbone_denovo/RAPCID_backbone_rapcid_backbone_40_model_0.cif.gz,B,A,51,40,2.254,3.618,3.45,2,4,5,9,0.3571,63.07,chain1_F_chain2_E,0,1,1,1,1,1,0,27,0,0,5,8,0,0,1,1,1,1,1,1,1,,0.305,0,
backbone_denovo,RAPCID_backbone_rapcid_backbone_40_model_1.cif.gz,/scratch/a2149a01/RAPCID_2610_output/backbone_denovo/RAPCID_backbone_rapcid_backbone_40_model_1.cif.gz,B,A,51,40,2.524,3.317,3.274,3,3,8,8,0.5,81.04,chain1_F_chain2_E,0,2,1,0,2,1,0,44,1,1,13,8,0,0,1,1,1,1,0,1,0,pass_direct_interface,0.45917,0,
backbone_denovo,RAPCID_backbone_rapcid_backbone_40_model_2.cif.gz,/scratch/a2149a01/RAPCID_2610_output/backbone_denovo/RAPCID_backbone_rapcid_backbone_40_model_2.cif.gz,B,A,51,40,2.341,6.774,2.518,0,4,0,13,0.0,nan,chain1_F_chain2_E,0,0,1,0,0,1,0,21,0,0,0,11,0,1,1,0,0,0,1,1,0,pass_dual_rap_contact;pass_contact_balance;pass_face_angle,0.16357,0,
backbone_denovo,RAPCID_backbone_rapcid_backbone_40_model_3.cif.gz,/scratch/a2149a01/RAPCID_2610_output/backbone_denovo/RAPCID_backbone_rapcid_backbone_40_model_3.cif.gz,B,A,51,40,2.498,2.797,1.437,5,4,11,10,0.5238,84.16,chain1_F_chain2_E,0,3,2,0,3,2,0,32,1,1,13,10,0,0,0,1,1,1,1,1,0,pass_no_clash,0.51721,0,
backbone_denovo,RAPCID_backbone_rapcid_backbone_40_model_4.cif.gz,/scratch/a2149a01/RAPCID_2610_output/backbone_denovo/RAPCID_backbone_rapcid_backbone_40_model_4.cif.gz,B,A,51,40,2.879,2.301,2.86,5,3,16,4,0.8,82.08,chain1_F_chain2_E,1,0,2,0,0,2,0,35,0,0,2,9,0,0,1,1,1,1,1,1,1,,0.28074,0,
backbone_denovo,RAPCID_backbone_rapcid_backbone_40_model_5.cif.gz,/scratch/a2149a01/RAPCID_2610_output/backbone_denovo/RAPCID_backbone_rapcid_backbone_40_model_5.cif.gz,B,A,51,40,2.937,2.808,3.808,4,2,10,4,0.7143,55.7,chain1_E_chain2_F,3,0,1,0,3,0,0,39,2,1,12,1,0,0,1,1,1,0,1,1,0,pass_face_angle,0.35,0,
backbone_denovo,RAPCID_backbone_rapcid_backbone_40_model_6.cif.gz,/scratch/a2149a01/RAPCID_2610_output/backbone_denovo/RAPCID_backbone_rapcid_backbone_40_model_6.cif.gz,B,A,51,40,2.662,3.208,10.252,4,0,9,0,1.0,nan,chain1_E_chain2_F,1,0,0,0,1,0,0,25,0,0,7,0,1,0,1,0,0,0,1,1,0,pass_dual_rap_contact;pass_contact_balance;pass_face_angle,0.11357,0,
backbone_denovo,RAPCID_backbone_rapcid_backbone_40_model_7.cif.gz,/scratch/a2149a01/RAPCID_2610_output/backbone_denovo/RAPCID_backbone_rapcid_backbone_40_model_7.cif.gz,B,A,51,40,2.601,3.251,3.375,5,2,22,3,0.88,67.26,chain1_E_chain2_F,1,1,0,1,1,1,0,44,0,2,11,4,1,0,1,0,1,1,0,1,0,pass_dual_rap_contact;pass_direct_interface,0.23848,0,
backbone_denovo,RAPCID_backbone_rapcid_backbone_41_model_0.cif.gz,/scratch/a2149a01/RAPCID_2610_output/backbone_denovo/RAPCID_backbone_rapcid_backbone_41_model_0.cif.gz,B,A,52,43,2.697,2.969,2.854,5,3,14,10,0.5833,100.0,chain1_F_chain2_E,1,1,1,0,1,1,0,29,1,2,8,6,0,0,1,1,1,1,1,1,1,,0.47715,1,698
backbone_denovo,RAPCID_backbone_rapcid_backbone_41_model_1.cif.gz,/scratch/a2149a01/RAPCID_2610_output/backbone_denovo/RAPCID_backbone_rapcid_backbone_41_model_1.cif.gz,B,A,52,43,2.832,3.352,2.643,4,6,7,18,0.28,71.33,chain1_F_chain2_E,0,3,1,1,3,1,0,52,2,1,9,12,0,0,1,1,1,1,0,1,0,pass_direct_interface,0.38404,0,
backbone_denovo,RAPCID_backbone_rapcid_backbone_41_model_2.cif.gz,/scratch/a2149a01/RAPCID_2610_output/backbone_denovo/RAPCID_backbone_rapcid_backbone_41_model_2.cif.gz,B,A,52,43,3.106,3.445,3.385,3,5,5,11,0.3125,134.56,chain1_E_chain2_F,1,0,0,2,1,2,0,36,0,0,7,12,0,0,1,1,1,1,1,1,1,,0.52925,1,613
backbone_denovo,RAPCID_backbone_rapcid_backbone_41_model_3.cif.gz,/scratch/a2149a01/RAPCID_2610_output/backbone_denovo/RAPCID_backbone_rapcid_backbone_41_model_3.cif.gz,B,A,52,43,3.128,3.372,3.237,4,4,8,10,0.4444,49.06,chain1_E_chain2_F,0,1,1,2,0,2,0,38,0,2,0,9,0,0,1,1,1,0,1,1,0,pass_face_angle,0.35825,0,
backbone_denovo,RAPCID_backbone_rapcid_backbone_41_model_4.cif.gz,/scratch/a2149a01/RAPCID_2610_output/backbone_denovo/RAPCID_backbone_rapcid_backbone_41_model_4.cif.gz,B,A,52,43,2.918,3.171,2.359,4,5,6,19,0.24,62.37,chain1_E_chain2_F,2,0,2,0,2,0,0,40,1,1,10,0,0,0,1,1,1,1,1,1,1,,0.28648,0,
backbone_denovo,RAPCID_backbone_rapcid_backbone_41_model_5.cif.gz,/scratch/a2149a01/RAPCID_2610_output/backbone_denovo/RAPCID_backbone_rapcid_backbone_41_model_5.cif.gz,B,A,52,43,2.232,3.098,3.01,4,6,11,16,0.4074,58.51,chain1_E_chain2_F,0,1,1,2,0,2,0,52,2,2,0,10,0,0,1,1,1,0,0,1,0,pass_face_angle;pass_direct_interface,0.38677,0,
backbone_denovo,RAPCID_backbone_rapcid_backbone_41_model_6.cif.gz,/scratch/a2149a01/RAPCID_2610_output/backbone_denovo/RAPCID_backbone_rapcid_backbone_41_model_6.cif.gz,B,A,52,43,2.658,2.867,3.528,5,3,13,6,0.6842,62.12,chain1_E_chain2_F,1,1,0,2,1,2,0,48,2,2,11,7,0,0,1,1,1,1,0,1,0,pass_direct_interface,0.3787,0,
backbone_denovo,RAPCID_backbone_rapcid_backbone_41_model_7.cif.gz,/scratch/a2149a01/RAPCID_2610_output/backbone_denovo/RAPCID_backbone_rapcid_backbone_41_model_7.cif.gz,B,A,52,43,1.743,2.976,6.717,4,0,16,0,1.0,nan,chain1_E_chain2_F,2,0,0,0,2,0,0,40,1,0,11,0,0,0,0,0,0,0,1,1,0,pass_no_clash;pass_dual_rap_contact;pass_contact_balance;pass_face_angle,0.17381,0,
backbone_denovo,RAPCID_backbone_rapcid_backbone_42_model_0.cif.gz,/scratch/a2149a01/RAPCID_2610_output/backbone_denovo/RAPCID_backbone_rapcid_backbone_42_model_0.cif.gz,B,A,67,44,2.264,3.404,2.959,2,4,8,15,0.3478,85.06,chain1_F_chain2_E,1,0,2,0,0,2,0,36,1,0,3,13,0,0,1,1,1,1,1,1,1,,0.36647,1,987
backbone_denovo,RAPCID_backbone_rapcid_backbone_42_model_1.cif.gz,/scratch/a2149a01/RAPCID_2610_output/backbone_denovo/RAPCID_backbone_rapcid_backbone_42_model_1.cif.gz,B,A,67,44,2.234,2.531,3.282,4,4,11,13,0.4583,91.91,chain1_E_chain2_F,2,0,0,3,2,3,0,47,2,0,8,12,0,0,1,1,1,1,0,1,0,pass_direct_interface,0.53589,0,
backbone_denovo,RAPCID_backbone_rapcid_backbone_42_model_2.cif.gz,/scratch/a2149a01/RAPCID_2610_output/backbone_denovo/RAPCID_backbone_rapcid_backbone_42_model_2.cif.gz,B,A,67,44,2.616,3.084,3.278,5,5,15,19,0.4412,110.3,chain1_E_chain2_F,1,0,1,1,1,1,0,38,1,0,6,11,0,0,1,1,1,1,1,1,1,,0.48795,1,678
backbone_denovo,RAPCID_backbone_rapcid_backbone_42_model_3.cif.gz,/scratch/a2149a01/RAPCID_2610_output/backbone_denovo/RAPCID_backbone_rapcid_backbone_42_model_3.cif.gz,B,A,67,44,2.095,3.261,3.004,4,6,8,16,0.3333,79.67,chain1_E_chain2_F,2,0,1,1,2,1,0,42,3,2,7,9,0,0,1,1,1,1,0,1,0,pass_direct_interface,0.43794,0,
backbone_denovo,RAPCID_backbone_rapcid_backbone_42_model_4.cif.gz,/scratch/a2149a01/RAPCID_2610_output/backbone_denovo/RAPCID_backbone_rapcid_backbone_42_model_4.cif.gz,B,A,67,44,2.45,2.474,2.808,4,4,18,9,0.6667,137.94,chain1_E_chain2_F,2,0,0,3,2,3,0,26,1,0,10,10,0,0,1,1,1,1,1,1,1,,0.63267,1,424
backbone_denovo,RAPCID_backbone_rapcid_backbone_42_model_5.cif.gz,/scratch/a2149a01/RAPCID_2610_output/backbone_denovo/RAPCID_backbone_rapcid_backbone_42_model_5.cif.gz,B,A,67,44,2.383,2.754,3.184,6,3,14,10,0.5833,84.84,chain1_F_chain2_E,1,2,3,0,2,3,0,33,0,0,6,12,0,0,1,1,1,1,1,1,1,,0.46232,1,724
backbone_denovo,RAPCID_backbone_rapcid_backbone_42_model_6.cif.gz,/scratch/a2149a01/RAPCID_2610_output/backbone_denovo/RAPCID_backbone_rapcid_backbone_42_model_6.cif.gz,B,A,67,44,2.158,3.04,3.447,3,5,8,15,0.3478,109.93,chain1_E_chain2_F,2,0,0,1,2,1,0,36,2,0,6,11,0,0,1,1,1,1,1,1,1,,0.49462,1,665
backbone_denovo,RAPCID_backbone_rapcid_backbone_42_model_7.cif.gz,/scratch/a2149a01/RAPCID_2610_output/backbone_denovo/RAPCID_backbone_rapcid_backbone_42_model_7.cif.gz,B,A,67,44,3.094,3.123,3.193,2,4,4,14,0.2222,51.77,chain1_E_chain2_F,0,1,1,2,0,2,0,25,0,1,0,8,0,1,1,1,1,0,1,1,0,pass_face_angle,0.2577,0,
backbone_denovo,RAPCID_backbone_rapcid_backbone_43_model_0.cif.gz,/scratch/a2149a01/RAPCID_2610_output/backbone_denovo/RAPCID_backbone_rapcid_backbone_43_model_0.cif.gz,B,A,63,50,0.924,17.395,2.969,0,9,0,32,0.0,nan,chain1_F_chain2_E,0,0,3,1,0,3,1,2,0,0,0,16,0,0,0,0,0,0,1,1,0,pass_no_clash;pass_dual_rap_contact;pass_contact_balance;pass_face_angle,0.28429,0,
backbone_denovo,RAPCID_backbone_rapcid_backbone_43_model_1.cif.gz,/scratch/a2149a01/RAPCID_2610_output/backbone_denovo/RAPCID_backbone_rapcid_backbone_43_model_1.cif.gz,B,A,63,50,2.81,2.687,6.508,4,0,19,0,1.0,nan,chain1_E_chain2_F,1,0,0,0,1,0,0,35,1,0,8,0,0,0,1,0,0,0,1,1,0,pass_dual_rap_contact;pass_contact_balance;pass_face_angle,0.12524,0,
backbone_denovo,RAPCID_backbone_rapcid_backbone_43_model_2.cif.gz,/scratch/a2149a01/RAPCID_2610_output/backbone_denovo/RAPCID_backbone_rapcid_backbone_43_model_2.cif.gz,B,A,63,50,2.678,3.154,3.298,5,4,12,8,0.6,65.66,chain1_E_chain2_F,2,0,1,0,2,0,1,36,1,1,9,3,0,0,1,1,1,1,1,1,1,,0.37905,1,951
backbone_denovo,RAPCID_backbone_rapcid_backbone_43_model_3.cif.gz,/scratch/a2149a01/RAPCID_2610_output/backbone_denovo/RAPCID_backbone_rapcid_backbone_43_model_3.cif.gz,B,A,63,50,2.62,2.217,12.387,4,0,15,0,1.0,nan,chain1_E_chain2_F,1,0,0,0,1,0,0,42,0,0,4,0,1,0,1,0,0,0,0,1,0,pass_dual_rap_contact;pass_contact_balance;pass_face_angle;pass_direct_interface,0.06857,0,
backbone_denovo,RAPCID_backbone_rapcid_backbone_43_model_4.cif.gz,/scratch/a2149a01/RAPCID_2610_output/backbone_denovo/RAPCID_backbone_rapcid_backbone_43_model_4.cif.gz,B,A,63,50,2.239,2.508,2.866,5,4,13,9,0.5909,53.68,chain1_F_chain2_E,0,2,0,1,2,0,0,54,2,1,22,2,1,0,1,1,1,0,0,1,0,pass_face_angle;pass_direct_interface,0.37078,0,
backbone_denovo,RAPCID_backbone_rapcid_backbone_43_model_5.cif.gz,/scratch/a2149a01/RAPCID_2610_output/backbone_denovo/RAPCID_backbone_rapcid_backbone_43_model_5.cif.gz,B,A,63,50,2.174,3.422,15.424,7,0,12,0,1.0,nan,chain1_F_chain2_E,0,2,0,0,2,0,0,21,0,0,15,0,1,1,1,0,0,0,1,1,0,pass_dual_rap_contact;pass_contact_balance;pass_face_angle,0.19214,0,
backbone_denovo,RAPCID_backbone_rapcid_backbone_43_model_6.cif.gz,/scratch/a2149a01/RAPCID_2610_output/backbone_denovo/RAPCID_backbone_rapcid_backbone_43_model_6.cif.gz,B,A,63,50,2.005,8.505,3.106,0,6,0,14,0.0,nan,chain1_E_chain2_F,0,0,0,2,0,2,0,59,0,1,0,11,0,0,1,0,0,0,0,1,0,pass_dual_rap_contact;pass_contact_balance;pass_face_angle;pass_direct_interface,0.17381,0,
backbone_denovo,RAPCID_backbone_rapcid_backbone_43_model_7.cif.gz,/scratch/a2149a01/RAPCID_2610_output/backbone_denovo/RAPCID_backbone_rapcid_backbone_43_model_7.cif.gz,B,A,63,50,2.628,3.685,14.393,5,0,9,0,1.0,nan,chain1_E_chain2_F,1,0,0,0,1,0,0,38,0,0,10,0,3,1,1,0,0,0,1,1,0,pass_dual_rap_contact;pass_contact_balance;pass_face_angle,0.12857,0,
backbone_denovo,RAPCID_backbone_rapcid_backbone_44_model_0.cif.gz,/scratch/a2149a01/RAPCID_2610_output/backbone_denovo/RAPCID_backbone_rapcid_backbone_44_model_0.cif.gz,B,A,51,41,2.09,3.467,3.652,1,6,2,18,0.1,114.7,chain1_E_chain2_F,0,0,1,1,0,1,0,39,1,1,5,9,0,0,1,0,1,1,1,1,0,pass_dual_rap_contact,0.35425,0,
backbone_denovo,RAPCID_backbone_rapcid_backbone_44_model_1.cif.gz,/scratch/a2149a01/RAPCID_2610_output/backbone_denovo/RAPCID_backbone_rapcid_backbone_44_model_1.cif.gz,B,A,51,41,2.346,3.04,3.197,4,3,9,15,0.375,71.46,chain1_F_chain2_E,0,2,1,0,2,1,0,44,1,1,14,10,0,0,1,1,1,1,0,1,0,pass_direct_interface,0.37725,0,
backbone_denovo,RAPCID_backbone_rapcid_backbone_44_model_2.cif.gz,/scratch/a2149a01/RAPCID_2610_output/backbone_denovo/RAPCID_backbone_rapcid_backbone_44_model_2.cif.gz,B,A,51,41,2.605,2.364,3.288,5,4,17,13,0.5667,63.18,chain1_E_chain2_F,1,1,0,3,1,3,0,34,2,1,9,10,0,0,1,1,1,1,1,1,1,,0.43762,1,778
backbone_denovo,RAPCID_backbone_rapcid_backbone_44_model_3.cif.gz,/scratch/a2149a01/RAPCID_2610_output/backbone_denovo/RAPCID_backbone_rapcid_backbone_44_model_3.cif.gz,B,A,51,41,2.527,2.768,3.315,2,4,3,13,0.1875,62.73,chain1_F_chain2_E,1,0,2,0,0,2,0,33,1,0,0,10,0,0,1,0,1,1,1,1,0,pass_dual_rap_contact,0.24881,0,
backbone_denovo,RAPCID_backbone_rapcid_backbone_44_model_4.cif.gz,/scratch/a2149a01/RAPCID_2610_output/backbone_denovo/RAPCID_backbone_rapcid_backbone_44_model_4.cif.gz,B,A,51,41,4.42,26.442,2.672,0,8,0,20,0.0,nan,chain1_F_chain2_E,0,0,1,0,0,1,0,0,0,0,0,12,0,0,1,0,0,0,1,1,0,pass_dual_rap_contact;pass_contact_balance;pass_face_angle,0.18857,0,
backbone_denovo,RAPCID_backbone_rapcid_backbone_44_model_5.cif.gz,/scratch/a2149a01/RAPCID_2610_output/backbone_denovo/RAPCID_backbone_rapcid_backbone_44_model_5.cif.gz,B,A,51,41,2.677,7.485,2.737,0,4,0,15,0.0,nan,chain1_F_chain2_E,0,0,3,0,0,3,0,52,0,1,0,11,0,0,1,0,0,0,0,1,0,pass_dual_rap_contact;pass_contact_balance;pass_face_angle;pass_direct_interface,0.20238,0,
backbone_denovo,RAPCID_backbone_rapcid_backbone_44_model_6.cif.gz,/scratch/a2149a01/RAPCID_2610_output/backbone_denovo/RAPCID_backbone_rapcid_backbone_44_model_6.cif.gz,B,A,51,41,2.802,2.815,2.196,2,4,9,19,0.3214,41.85,chain1_F_chain2_E,1,0,3,0,0,3,0,24,1,1,1,12,1,0,1,1,1,0,1,1,0,pass_face_angle,0.36762,0,
backbone_denovo,RAPCID_backbone_rapcid_backbone_44_model_7.cif.gz,/scratch/a2149a01/RAPCID_2610_output/backbone_denovo/RAPCID_backbone_rapcid_backbone_44_model_7.cif.gz,B,A,51,41,2.569,2.754,3.776,4,1,10,3,0.7692,69.83,chain1_E_chain2_F,1,0,0,0,1,0,0,29,1,0,4,1,0,0,1,0,1,1,1,1,0,pass_dual_rap_contact,0.19031,0,
backbone_denovo,RAPCID_backbone_rapcid_backbone_45_model_0.cif.gz,/scratch/a2149a01/RAPCID_2610_output/backbone_denovo/RAPCID_backbone_rapcid_backbone_45_model_0.cif.gz,B,A,65,43,2.712,2.915,3.254,3,4,10,6,0.625,65.63,chain1_E_chain2_F,1,0,0,1,1,1,0,41,1,2,6,5,0,0,1,1,1,1,0,1,0,pass_direct_interface,0.35714,0,
backbone_denovo,RAPCID_backbone_rapcid_backbone_45_model_1.cif.gz,/scratch/a2149a01/RAPCID_2610_output/backbone_denovo/RAPCID_backbone_rapcid_backbone_45_model_1.cif.gz,B,A,65,43,3.176,2.698,3.278,2,4,11,9,0.55,119.58,chain1_F_chain2_E,1,1,2,0,1,2,0,9,0,0,5,12,0,0,1,1,1,1,1,1,1,,0.62932,1,436
backbone_denovo,RAPCID_backbone_rapcid_backbone_45_model_2.cif.gz,/scratch/a2149a01/RAPCID_2610_output/backbone_denovo/RAPCID_backbone_rapcid_backbone_45_model_2.cif.gz,B,A,65,43,2.244,2.351,3.303,5,5,14,9,0.6087,64.43,chain1_E_chain2_F,0,0,0,2,0,2,0,36,0,1,2,9,0,0,1,1,1,1,1,1,1,,0.33033,0,
backbone_denovo,RAPCID_backbone_rapcid_backbone_45_model_3.cif.gz,/scratch/a2149a01/RAPCID_2610_output/backbone_denovo/RAPCID_backbone_rapcid_backbone_45_model_3.cif.gz,B,A,65,43,2.51,2.936,3.203,5,3,15,4,0.7895,72.76,chain1_E_chain2_F,2,0,0,1,2,1,0,41,2,1,9,10,0,0,1,1,1,1,0,1,0,pass_direct_interface,0.33247,0,
backbone_denovo,RAPCID_backbone_rapcid_backbone_45_model_4.cif.gz,/scratch/a2149a01/RAPCID_2610_output/backbone_denovo/RAPCID_backbone_rapcid_backbone_45_model_4.cif.gz,B,A,65,43,2.332,3.298,2.843,6,4,10,16,0.3846,84.16,chain1_F_chain2_E,1,0,2,0,0,2,1,33,0,1,4,13,0,0,1,1,1,1,1,1,1,,0.40675,1,871
backbone_denovo,RAPCID_backbone_rapcid_backbone_45_model_5.cif.gz,/scratch/a2149a01/RAPCID_2610_output/backbone_denovo/RAPCID_backbone_rapcid_backbone_45_model_5.cif.gz,B,A,65,43,2.788,2.717,9.068,5,0,14,0,1.0,nan,chain1_E_chain2_F,2,0,0,0,2,0,0,32,0,0,10,0,0,0,1,0,0,0,1,1,0,pass_dual_rap_contact;pass_contact_balance;pass_face_angle,0.15714,0,
backbone_denovo,RAPCID_backbone_rapcid_backbone_45_model_6.cif.gz,/scratch/a2149a01/RAPCID_2610_output/backbone_denovo/RAPCID_backbone_rapcid_backbone_45_model_6.cif.gz,B,A,65,43,2.932,3.337,4.954,6,0,9,0,1.0,nan,chain1_E_chain2_F,2,0,0,0,2,0,0,27,1,0,14,0,0,0,1,0,0,0,1,1,0,pass_dual_rap_contact;pass_contact_balance;pass_face_angle,0.17881,0,
backbone_denovo,RAPCID_backbone_rapcid_backbone_45_model_7.cif.gz,/scratch/a2149a01/RAPCID_2610_output/backbone_denovo/RAPCID_backbone_rapcid_backbone_45_model_7.cif.gz,B,A,65,43,45.476,3.505,78.239,4,0,11,0,1.0,nan,chain1_E_chain2_F,3,0,0,0,3,0,0,0,0,0,11,0,2,0,1,0,0,0,1,1,0,pass_dual_rap_contact;pass_contact_balance;pass_face_angle,0.24571,0,
backbone_denovo,RAPCID_backbone_rapcid_backbone_46_model_0.cif.gz,/scratch/a2149a01/RAPCID_2610_output/backbone_denovo/RAPCID_backbone_rapcid_backbone_46_model_0.cif.gz,B,A,38,33,2.828,3.498,3.267,6,3,10,9,0.5263,78.4,chain1_F_chain2_E,0,3,1,0,3,1,0,32,0,1,10,9,0,0,1,1,1,1,1,1,1,,0.45176,1,741
backbone_denovo,RAPCID_backbone_rapcid_backbone_46_model_1.cif.gz,/scratch/a2149a01/RAPCID_2610_output/backbone_denovo/RAPCID_backbone_rapcid_backbone_46_model_1.cif.gz,B,A,38,33,2.449,3.608,2.575,4,3,8,12,0.4,63.12,chain1_F_chain2_E,0,2,1,0,2,1,0,35,2,2,9,3,0,0,1,1,1,1,1,1,1,,0.41238,1,851
backbone_denovo,RAPCID_backbone_rapcid_backbone_46_model_2.cif.gz,/scratch/a2149a01/RAPCID_2610_output/backbone_denovo/RAPCID_backbone_rapcid_backbone_46_model_2.cif.gz,B,A,38,33,2.867,3.48,3.194,3,4,6,6,0.5,57.55,chain1_E_chain2_F,1,0,1,0,1,0,0,14,0,1,10,0,0,0,1,1,1,0,1,1,0,pass_face_angle,0.41524,0,
backbone_denovo,RAPCID_backbone_rapcid_backbone_46_model_3.cif.gz,/scratch/a2149a01/RAPCID_2610_output/backbone_denovo/RAPCID_backbone_rapcid_backbone_46_model_3.cif.gz,B,A,38,33,2.371,3.025,8.716,8,0,24,0,1.0,nan,chain1_E_chain2_F,2,1,0,0,2,0,0,36,1,0,11,0,0,0,1,0,0,0,1,1,0,pass_dual_rap_contact;pass_contact_balance;pass_face_angle,0.17381,0,
backbone_denovo,RAPCID_backbone_rapcid_backbone_46_model_4.cif.gz,/scratch/a2149a01/RAPCID_2610_output/backbone_denovo/RAPCID_backbone_rapcid_backbone_46_model_4.cif.gz,B,A,38,33,3.064,3.198,3.597,2,1,7,3,0.7,29.94,chain1_E_chain2_F,1,0,1,0,1,0,0,34,2,1,8,0,0,0,1,0,1,0,1,1,0,pass_dual_rap_contact;pass_face_angle,0.27857,0,
backbone_denovo,RAPCID_backbone_rapcid_backbone_46_model_5.cif.gz,/scratch/a2149a01/RAPCID_2610_output/backbone_denovo/RAPCID_backbone_rapcid_backbone_46_model_5.cif.gz,B,A,38,33,2.819,3.983,3.57,3,2,4,7,0.3636,58.52,chain1_E_chain2_F,2,0,1,0,2,0,0,27,0,1,9,2,0,0,1,1,1,0,1,1,0,pass_face_angle,0.32426,0,
backbone_denovo,RAPCID_backbone_rapcid_backbone_46_model_6.cif.gz,/scratch/a2149a01/RAPCID_2610_output/backbone_denovo/RAPCID_backbone_rapcid_backbone_46_model_6.cif.gz,B,A,38,33,2.69,3.082,5.365,5,0,16,0,1.0,nan,chain1_E_chain2_F,2,0,0,0,2,0,1,34,1,0,11,0,1,0,1,0,0,0,1,1,0,pass_dual_rap_contact;pass_contact_balance;pass_face_angle,0.20238,0,
backbone_denovo,RAPCID_backbone_rapcid_backbone_46_model_7.cif.gz,/scratch/a2149a01/RAPCID_2610_output/backbone_denovo/RAPCID_backbone_rapcid_backbone_46_model_7.cif.gz,B,A,38,33,2.967,3.562,4.47,5,1,10,1,0.9091,39.08,chain1_E_chain2_F,1,1,0,0,1,0,0,47,2,0,9,7,0,0,1,0,0,0,0,1,0,pass_dual_rap_contact;pass_contact_balance;pass_face_angle;pass_direct_interface,0.19827,0,
backbone_denovo,RAPCID_backbone_rapcid_backbone_47_model_0.cif.gz,/scratch/a2149a01/RAPCID_2610_output/backbone_denovo/RAPCID_backbone_rapcid_backbone_47_model_0.cif.gz,B,A,47,37,2.967,2.983,2.857,4,4,21,9,0.7,60.48,chain1_E_chain2_F,2,0,1,0,2,0,1,31,1,2,10,5,0,0,1,1,1,1,1,1,1,,0.35571,0,
backbone_denovo,RAPCID_backbone_rapcid_backbone_47_model_1.cif.gz,/scratch/a2149a01/RAPCID_2610_output/backbone_denovo/RAPCID_backbone_rapcid_backbone_47_model_1.cif.gz,B,A,47,37,2.368,3.774,3.604,4,1,4,1,0.8,69.99,chain1_E_chain2_F,1,1,0,0,1,0,0,38,0,1,8,0,0,0,1,0,1,1,1,1,0,pass_dual_rap_contact,0.20854,0,
backbone_denovo,RAPCID_backbone_rapcid_backbone_47_model_2.cif.gz,/scratch/a2149a01/RAPCID_2610_output/backbone_denovo/RAPCID_backbone_rapcid_backbone_47_model_2.cif.gz,B,A,47,37,3.146,3.636,2.574,3,4,4,11,0.2667,91.76,chain1_F_chain2_E,0,0,1,0,0,1,0,29,1,1,9,7,0,0,1,1,1,1,1,1,1,,0.34443,0,
backbone_denovo,RAPCID_backbone_rapcid_backbone_47_model_3.cif.gz,/scratch/a2149a01/RAPCID_2610_output/backbone_denovo/RAPCID_backbone_rapcid_backbone_47_model_3.cif.gz,B,A,47,37,2.601,3.855,4.628,2,0,2,0,1.0,nan,chain1_F_chain2_E,0,1,0,0,1,0,0,21,0,0,9,0,0,0,1,0,0,0,1,1,0,pass_dual_rap_contact;pass_contact_balance;pass_face_angle,0.15357,0,
backbone_denovo,RAPCID_backbone_rapcid_backbone_47_model_4.cif.gz,/scratch/a2149a01/RAPCID_2610_output/backbone_denovo/RAPCID_backbone_rapcid_backbone_47_model_4.cif.gz,B,A,47,37,2.98,3.741,9.042,4,0,10,0,1.0,nan,chain1_E_chain2_F,1,1,0,0,1,0,0,33,0,0,10,0,0,0,1,0,0,0,1,1,0,pass_dual_rap_contact;pass_contact_balance;pass_face_angle,0.12857,0,
backbone_denovo,RAPCID_backbone_rapcid_backbone_47_model_5.cif.gz,/scratch/a2149a01/RAPCID_2610_output/backbone_denovo/RAPCID_backbone_rapcid_backbone_47_model_5.cif.gz,B,A,47,37,2.594,2.914,3.424,7,4,18,10,0.6429,70.35,chain1_E_chain2_F,1,1,0,2,1,2,0,43,1,2,10,7,0,0,1,1,1,1,0,1,0,pass_direct_interface,0.38308,0,
backbone_denovo,RAPCID_backbone_rapcid_backbone_47_model_6.cif.gz,/scratch/a2149a01/RAPCID_2610_output/backbone_denovo/RAPCID_backbone_rapcid_backbone_47_model_6.cif.gz,B,A,47,37,2.353,2.558,1.721,2,3,3,8,0.2727,58.71,chain1_F_chain2_E,0,0,1,0,0,1,0,38,1,0,0,6,0,0,0,0,1,0,1,1,0,pass_no_clash;pass_dual_rap_contact;pass_face_angle,0.21433,0,
backbone_denovo,RAPCID_backbone_rapcid_backbone_47_model_7.cif.gz,/scratch/a2149a01/RAPCID_2610_output/backbone_denovo/RAPCID_backbone_rapcid_backbone_47_model_7.cif.gz,B,A,47,37,2.798,3.553,3.066,5,3,7,13,0.35,69.12,chain1_F_chain2_E,0,3,0,0,3,0,0,33,1,1,11,0,0,0,1,1,1,1,1,1,1,,0.35945,0,
backbone_denovo,RAPCID_backbone_rapcid_backbone_48_model_0.cif.gz,/scratch/a2149a01/RAPCID_2610_output/backbone_denovo/RAPCID_backbone_rapcid_backbone_48_model_0.cif.gz,B,A,64,57,2.491,11.163,3.155,0,4,0,11,0.0,nan,chain1_F_chain2_E,0,0,1,0,0,1,0,38,0,0,0,8,0,0,1,0,0,0,1,1,0,pass_dual_rap_contact;pass_contact_balance;pass_face_angle,0.10857,0,
backbone_denovo,RAPCID_backbone_rapcid_backbone_48_model_1.cif.gz,/scratch/a2149a01/RAPCID_2610_output/backbone_denovo/RAPCID_backbone_rapcid_backbone_48_model_1.cif.gz,B,A,64,57,40.468,3.339,52.766,9,0,20,0,1.0,nan,chain1_E_chain2_F,2,1,0,0,2,0,0,0,0,0,13,0,0,0,1,0,0,0,1,1,0,pass_dual_rap_contact;pass_contact_balance;pass_face_angle,0.21714,0,
backbone_denovo,RAPCID_backbone_rapcid_backbone_48_model_2.cif.gz,/scratch/a2149a01/RAPCID_2610_output/backbone_denovo/RAPCID_backbone_rapcid_backbone_48_model_2.cif.gz,B,A,64,57,2.527,2.753,2.876,6,4,18,17,0.5143,74.14,chain1_F_chain2_E,0,2,2,0,2,2,0,49,2,2,14,10,0,0,1,1,1,1,0,1,0,pass_direct_interface,0.49238,0,
backbone_denovo,RAPCID_backbone_rapcid_backbone_48_model_3.cif.gz,/scratch/a2149a01/RAPCID_2610_output/backbone_denovo/RAPCID_backbone_rapcid_backbone_48_model_3.cif.gz,B,A,64,57,2.441,3.222,3.079,5,6,18,22,0.45,88.16,chain1_E_chain2_F,3,0,0,1,3,1,0,38,2,2,13,7,0,0,1,1,1,1,1,1,1,,0.52483,1,617
backbone_denovo,RAPCID_backbone_rapcid_backbone_48_model_4.cif.gz,/scratch/a2149a01/RAPCID_2610_output/backbone_denovo/RAPCID_backbone_rapcid_backbone_48_model_4.cif.gz,B,A,64,57,2.812,3.293,3.541,1,3,5,10,0.3333,54.46,chain1_E_chain2_F,0,0,0,2,0,2,0,42,1,1,0,6,0,0,1,0,1,0,0,1,0,pass_dual_rap_contact;pass_face_angle;pass_direct_interface,0.28381,0,
backbone_denovo,RAPCID_backbone_rapcid_backbone_48_model_5.cif.gz,/scratch/a2149a01/RAPCID_2610_output/backbone_denovo/RAPCID_backbone_rapcid_backbone_48_model_5.cif.gz,B,A,64,57,2.83,2.474,2.55,3,2,9,6,0.6,54.39,chain1_E_chain2_F,1,0,1,0,1,0,0,48,1,1,8,0,1,1,1,1,1,0,0,1,0,pass_face_angle;pass_direct_interface,0.3019,0,
backbone_denovo,RAPCID_backbone_rapcid_backbone_48_model_6.cif.gz,/scratch/a2149a01/RAPCID_2610_output/backbone_denovo/RAPCID_backbone_rapcid_backbone_48_model_6.cif.gz,B,A,64,57,2.589,2.826,2.528,5,4,10,13,0.4348,64.46,chain1_E_chain2_F,1,0,1,0,1,0,0,40,3,1,7,0,0,0,1,1,1,1,1,1,1,,0.33915,0,
backbone_denovo,RAPCID_backbone_rapcid_backbone_48_model_7.cif.gz,/scratch/a2149a01/RAPCID_2610_output/backbone_denovo/RAPCID_backbone_rapcid_backbone_48_model_7.cif.gz,B,A,64,57,30.021,3.563,59.7,6,0,8,0,1.0,nan,chain1_E_chain2_F,1,1,0,0,1,0,0,0,0,0,12,0,0,1,1,0,0,0,1,1,0,pass_dual_rap_contact;pass_contact_balance;pass_face_angle,0.18857,0,
backbone_denovo,RAPCID_backbone_rapcid_backbone_49_model_0.cif.gz,/scratch/a2149a01/RAPCID_2610_output/backbone_denovo/RAPCID_backbone_rapcid_backbone_49_model_0.cif.gz,A,B,52,32,2.502,3.613,3.69,5,2,12,3,0.8,51.66,chain1_E_chain2_F,1,0,0,0,1,0,0,31,2,1,12,1,1,0,1,0,1,0,1,1,0,pass_dual_rap_contact;pass_face_angle,0.25857,0,
backbone_denovo,RAPCID_backbone_rapcid_backbone_49_model_1.cif.gz,/scratch/a2149a01/RAPCID_2610_output/backbone_denovo/RAPCID_backbone_rapcid_backbone_49_model_1.cif.gz,A,B,52,32,3.243,2.646,3.319,5,2,13,6,0.6842,50.05,chain1_E_chain2_F,2,0,0,0,2,0,0,11,0,1,15,0,0,0,1,1,1,0,1,1,0,pass_face_angle,0.38513,0,
backbone_denovo,RAPCID_backbone_rapcid_backbone_49_model_2.cif.gz,/scratch/a2149a01/RAPCID_2610_output/backbone_denovo/RAPCID_backbone_rapcid_backbone_49_model_2.cif.gz,A,B,52,32,1.764,3.71,3.199,1,6,5,19,0.2083,84.56,chain1_E_chain2_F,1,0,0,3,1,3,0,19,0,1,5,13,0,0,0,0,1,1,1,1,0,pass_no_clash;pass_dual_rap_contact,0.41114,0,
backbone_denovo,RAPCID_backbone_rapcid_backbone_49_model_3.cif.gz,/scratch/a2149a01/RAPCID_2610_output/backbone_denovo/RAPCID_backbone_rapcid_backbone_49_model_3.cif.gz,A,B,52,32,2.489,3.256,3.381,5,3,13,4,0.7647,51.06,chain1_E_chain2_F,0,1,0,2,0,2,0,19,1,1,0,10,0,0,1,1,1,0,1,1,0,pass_face_angle,0.32959,0,
backbone_denovo,RAPCID_backbone_rapcid_backbone_49_model_4.cif.gz,/scratch/a2149a01/RAPCID_2610_output/backbone_denovo/RAPCID_backbone_rapcid_backbone_49_model_4.cif.gz,A,B,52,32,3.072,3.293,9.86,1,0,5,0,1.0,nan,chain1_E_chain2_F,1,0,0,0,1,0,0,32,0,0,9,0,0,0,1,0,0,0,1,1,0,pass_dual_rap_contact;pass_contact_balance;pass_face_angle,0.11857,0,
backbone_denovo,RAPCID_backbone_rapcid_backbone_49_model_5.cif.gz,/scratch/a2149a01/RAPCID_2610_output/backbone_denovo/RAPCID_backbone_rapcid_backbone_49_model_5.cif.gz,A,B,52,32,2.504,3.718,2.776,2,4,2,12,0.1429,45.97,chain1_F_chain2_E,1,0,2,0,0,2,0,37,1,1,0,7,0,0,1,0,1,0,1,1,0,pass_dual_rap_contact;pass_face_angle,0.21762,0,
backbone_denovo,RAPCID_backbone_rapcid_backbone_49_model_6.cif.gz,/scratch/a2149a01/RAPCID_2610_output/backbone_denovo/RAPCID_backbone_rapcid_backbone_49_model_6.cif.gz,A,B,52,32,2.869,3.482,2.819,3,3,6,5,0.5455,56.41,chain1_E_chain2_F,1,0,0,2,1,2,0,31,0,0,6,7,0,0,1,1,1,0,1,1,0,pass_face_angle,0.36753,0,
backbone_denovo,RAPCID_backbone_rapcid_backbone_49_model_7.cif.gz,/scratch/a2149a01/RAPCID_2610_output/backbone_denovo/RAPCID_backbone_rapcid_backbone_49_model_7.cif.gz,A,B,52,32,2.516,3.645,14.785,5,0,14,0,1.0,nan,chain1_E_chain2_F,1,1,0,0,1,0,0,23,0,0,11,0,1,1,1,0,0,0,1,1,0,pass_dual_rap_contact;pass_contact_balance;pass_face_angle,0.15357,0,
backbone_denovo,RAPCID_backbone_rapcid_backbone_4_model_0.cif.gz,/scratch/a2149a01/RAPCID_2610_output/backbone_denovo/RAPCID_backbone_rapcid_backbone_4_model_0.cif.gz,A,B,53,42,2.802,3.476,3.241,7,5,15,13,0.5357,68.81,chain1_F_chain2_E,0,3,1,1,3,1,0,22,1,3,15,11,0,0,1,1,1,1,1,1,1,,0.49667,1,660
backbone_denovo,RAPCID_backbone_rapcid_backbone_4_model_1.cif.gz,/scratch/a2149a01/RAPCID_2610_output/backbone_denovo/RAPCID_backbone_rapcid_backbone_4_model_1.cif.gz,A,B,53,42,2.3,2.882,3.537,8,3,21,8,0.7241,75.72,chain1_F_chain2_E,0,2,1,2,2,1,1,45,1,1,16,5,0,0,1,1,1,1,0,1,0,pass_direct_interface,0.38037,0,
backbone_denovo,RAPCID_backbone_rapcid_backbone_4_model_2.cif.gz,/scratch/a2149a01/RAPCID_2610_output/backbone_denovo/RAPCID_backbone_rapcid_backbone_4_model_2.cif.gz,A,B,53,42,2.909,3.028,3.156,4,4,9,13,0.4091,64.66,chain1_F_chain2_E,0,1,2,0,1,2,0,38,2,1,11,10,0,0,1,1,1,1,1,1,1,,0.39935,1,896
backbone_denovo,RAPCID_backbone_rapcid_backbone_4_model_3.cif.gz,/scratch/a2149a01/RAPCID_2610_output/backbone_denovo/RAPCID_backbone_rapcid_backbone_4_model_3.cif.gz,A,B,53,42,2.233,2.947,3.046,5,2,16,6,0.7273,82.61,chain1_E_chain2_F,1,0,0,0,1,0,0,28,1,1,8,0,1,0,1,1,1,1,1,1,1,,0.29636,0,
backbone_denovo,RAPCID_backbone_rapcid_backbone_4_model_4.cif.gz,/scratch/a2149a01/RAPCID_2610_output/backbone_denovo/RAPCID_backbone_rapcid_backbone_4_model_4.cif.gz,A,B,53,42,2.509,3.002,10.903,7,0,20,0,1.0,nan,chain1_E_chain2_F,2,0,0,0,2,0,0,31,0,0,8,0,0,0,1,0,0,0,1,1,0,pass_dual_rap_contact;pass_contact_balance;pass_face_angle,0.13714,0,
backbone_denovo,RAPCID_backbone_rapcid_backbone_4_model_5.cif.gz,/scratch/a2149a01/RAPCID_2610_output/backbone_denovo/RAPCID_backbone_rapcid_backbone_4_model_5.cif.gz,A,B,53,42,2.811,3.585,3.2,3,4,6,10,0.375,50.23,chain1_F_chain2_E,0,3,0,1,3,0,0,37,1,2,12,0,0,0,1,1,1,0,1,1,0,pass_face_angle,0.38571,0,
backbone_denovo,RAPCID_backbone_rapcid_backbone_4_model_6.cif.gz,/scratch/a2149a01/RAPCID_2610_output/backbone_denovo/RAPCID_backbone_rapcid_backbone_4_model_6.cif.gz,A,B,53,42,2.744,3.297,2.77,2,4,6,13,0.3158,68.3,chain1_E_chain2_F,1,0,1,0,1,0,0,41,0,1,11,0,0,0,1,1,1,1,0,1,0,pass_direct_interface,0.27155,0,
backbone_denovo,RAPCID_backbone_rapcid_backbone_4_model_7.cif.gz,/scratch/a2149a01/RAPCID_2610_output/backbone_denovo/RAPCID_backbone_rapcid_backbone_4_model_7.cif.gz,A,B,53,42,3.033,3.309,3.467,4,4,8,11,0.4211,77.75,chain1_E_chain2_F,2,0,0,3,2,3,0,34,1,1,10,12,0,0,1,1,1,1,1,1,1,,0.47379,1,700
backbone_denovo,RAPCID_backbone_rapcid_backbone_50_model_0.cif.gz,/scratch/a2149a01/RAPCID_2610_output/backbone_denovo/RAPCID_backbone_rapcid_backbone_50_model_0.cif.gz,B,A,60,44,3.164,3.425,3.927,2,3,6,6,0.5,62.18,chain1_E_chain2_F,0,0,0,2,0,2,0,25,1,0,4,9,0,0,1,1,1,1,1,1,1,,0.38881,1,922
backbone_denovo,RAPCID_backbone_rapcid_backbone_50_model_1.cif.gz,/scratch/a2149a01/RAPCID_2610_output/backbone_denovo/RAPCID_backbone_rapcid_backbone_50_model_1.cif.gz,B,A,60,44,2.755,4.724,3.364,0,4,0,12,0.0,nan,chain1_E_chain2_F,0,0,0,1,0,1,0,27,0,0,1,10,0,0,1,0,0,0,1,1,0,pass_dual_rap_contact;pass_contact_balance;pass_face_angle,0.13357,0,
backbone_denovo,RAPCID_backbone_rapcid_backbone_50_model_2.cif.gz,/scratch/a2149a01/RAPCID_2610_output/backbone_denovo/RAPCID_backbone_rapcid_backbone_50_model_2.cif.gz,B,A,60,44,2.101,3.074,2.508,4,1,5,5,0.5,56.38,chain1_E_chain2_F,2,0,1,0,2,0,0,38,0,1,9,1,0,0,1,0,1,0,1,1,0,pass_dual_rap_contact;pass_face_angle,0.37381,0,
backbone_denovo,RAPCID_backbone_rapcid_backbone_50_model_3.cif.gz,/scratch/a2149a01/RAPCID_2610_output/backbone_denovo/RAPCID_backbone_rapcid_backbone_50_model_3.cif.gz,B,A,60,44,2.98,2.64,3.491,9,1,27,1,0.9643,58.7,chain1_E_chain2_F,3,1,0,0,3,0,1,18,2,0,14,0,0,0,1,0,0,0,1,1,0,pass_dual_rap_contact;pass_contact_balance;pass_face_angle,0.3119,0,
backbone_denovo,RAPCID_backbone_rapcid_backbone_50_model_4.cif.gz,/scratch/a2149a01/RAPCID_2610_output/backbone_denovo/RAPCID_backbone_rapcid_backbone_50_model_4.cif.gz,B,A,60,44,2.525,3.351,3.364,3,5,6,22,0.2143,69.57,chain1_F_chain2_E,0,2,1,1,2,1,0,51,2,1,10,10,0,0,1,1,1,1,0,1,0,pass_direct_interface,0.32332,0,
backbone_denovo,RAPCID_backbone_rapcid_backbone_50_model_5.cif.gz,/scratch/a2149a01/RAPCID_2610_output/backbone_denovo/RAPCID_backbone_rapcid_backbone_50_model_5.cif.gz,B,A,60,44,2.671,3.188,3.255,4,5,15,14,0.5172,77.63,chain1_E_chain2_F,2,0,0,3,2,3,0,43,2,1,8,12,0,0,1,1,1,1,0,1,0,pass_direct_interface,0.51473,0,
backbone_denovo,RAPCID_backbone_rapcid_backbone_50_model_6.cif.gz,/scratch/a2149a01/RAPCID_2610_output/backbone_denovo/RAPCID_backbone_rapcid_backbone_50_model_6.cif.gz,B,A,60,44,1.721,3.289,2.387,4,8,6,24,0.2,85.4,chain1_E_chain2_F,1,0,1,0,1,0,0,30,1,2,6,9,1,0,0,1,1,1,1,1,0,pass_no_clash,0.31325,0,
backbone_denovo,RAPCID_backbone_rapcid_backbone_50_model_7.cif.gz,/scratch/a2149a01/RAPCID_2610_output/backbone_denovo/RAPCID_backbone_rapcid_backbone_50_model_7.cif.gz,B,A,60,44,2.599,3.235,20.394,9,0,17,0,1.0,nan,chain1_E_chain2_F,2,2,0,0,2,0,0,26,0,0,15,0,0,0,1,0,0,0,1,1,0,pass_dual_rap_contact;pass_contact_balance;pass_face_angle,0.16714,0,
backbone_denovo,RAPCID_backbone_rapcid_backbone_51_model_0.cif.gz,/scratch/a2149a01/RAPCID_2610_output/backbone_denovo/RAPCID_backbone_rapcid_backbone_51_model_0.cif.gz,B,A,63,34,2.414,2.923,2.376,4,5,12,20,0.375,88.63,chain1_F_chain2_E,1,0,2,0,0,2,1,30,2,0,4,10,0,1,1,1,1,1,1,1,1,,0.43447,1,795
backbone_denovo,RAPCID_backbone_rapcid_backbone_51_model_1.cif.gz,/scratch/a2149a01/RAPCID_2610_output/backbone_denovo/RAPCID_backbone_rapcid_backbone_51_model_1.cif.gz,B,A,63,34,3.075,4.363,2.202,1,4,1,8,0.1111,43.9,chain1_E_chain2_F,0,0,0,1,0,1,0,30,0,1,0,3,0,1,1,0,1,0,1,1,0,pass_dual_rap_contact;pass_face_angle,0.11968,0,
backbone_denovo,RAPCID_backbone_rapcid_backbone_51_model_2.cif.gz,/scratch/a2149a01/RAPCID_2610_output/backbone_denovo/RAPCID_backbone_rapcid_backbone_51_model_2.cif.gz,B,A,63,34,3.014,3.302,3.03,3,3,5,11,0.3125,53.67,chain1_E_chain2_F,2,0,1,0,2,0,0,10,0,1,11,1,1,0,1,1,1,0,1,1,0,pass_face_angle,0.38881,0,
backbone_denovo,RAPCID_backbone_rapcid_backbone_51_model_3.cif.gz,/scratch/a2149a01/RAPCID_2610_output/backbone_denovo/RAPCID_backbone_rapcid_backbone_51_model_3.cif.gz,B,A,63,34,1.98,2.576,3.517,4,4,15,5,0.75,63.88,chain1_E_chain2_F,1,0,1,0,1,0,0,37,0,0,9,2,0,0,0,1,1,1,1,1,0,pass_no_clash,0.22857,0,
backbone_denovo,RAPCID_backbone_rapcid_backbone_51_model_4.cif.gz,/scratch/a2149a01/RAPCID_2610_output/backbone_denovo/RAPCID_backbone_rapcid_backbone_51_model_4.cif.gz,B,A,63,34,2.975,2.511,3.887,4,4,5,9,0.3571,76.97,chain1_E_chain2_F,0,1,1,2,0,2,0,30,0,0,0,9,0,0,1,1,1,1,1,1,1,,0.31657,0,
backbone_denovo,RAPCID_backbone_rapcid_backbone_51_model_5.cif.gz,/scratch/a2149a01/RAPCID_2610_output/backbone_denovo/RAPCID_backbone_rapcid_backbone_51_model_5.cif.gz,B,A,63,34,2.85,3.114,8.344,5,0,11,0,1.0,nan,chain1_E_chain2_F,1,0,0,0,1,0,0,22,0,0,4,0,1,0,1,0,0,0,1,1,0,pass_dual_rap_contact;pass_contact_balance;pass_face_angle,0.09857,0,
backbone_denovo,RAPCID_backbone_rapcid_backbone_51_model_6.cif.gz,/scratch/a2149a01/RAPCID_2610_output/backbone_denovo/RAPCID_backbone_rapcid_backbone_51_model_6.cif.gz,B,A,63,34,2.488,3.226,2.498,2,8,3,27,0.1,66.17,chain1_E_chain2_F,0,0,1,2,0,2,0,36,1,2,11,11,0,0,1,0,1,1,1,1,0,pass_dual_rap_contact,0.24714,0,
backbone_denovo,RAPCID_backbone_rapcid_backbone_51_model_7.cif.gz,/scratch/a2149a01/RAPCID_2610_output/backbone_denovo/RAPCID_backbone_rapcid_backbone_51_model_7.cif.gz,B,A,63,34,2.545,2.883,12.52,7,0,20,0,1.0,nan,chain1_E_chain2_F,3,0,0,0,3,0,0,22,0,0,19,0,0,0,1,0,0,0,1,1,0,pass_dual_rap_contact;pass_contact_balance;pass_face_angle,0.21571,0,
backbone_denovo,RAPCID_backbone_rapcid_backbone_52_model_0.cif.gz,/scratch/a2149a01/RAPCID_2610_output/backbone_denovo/RAPCID_backbone_rapcid_backbone_52_model_0.cif.gz,B,A,55,44,2.571,3.713,2.928,4,3,7,11,0.3889,76.93,chain1_E_chain2_F,1,0,1,0,1,0,0,29,2,1,12,2,1,1,1,1,1,1,1,1,1,,0.36057,0,
backbone_denovo,RAPCID_backbone_rapcid_backbone_52_model_1.cif.gz,/scratch/a2149a01/RAPCID_2610_output/backbone_denovo/RAPCID_backbone_rapcid_backbone_52_model_1.cif.gz,B,A,55,44,3.162,3.14,2.83,3,6,4,16,0.2,79.3,chain1_F_chain2_E,0,2,1,1,2,1,0,39,0,2,11,11,0,0,1,1,1,1,1,1,1,,0.33338,0,
backbone_denovo,RAPCID_backbone_rapcid_backbone_52_model_2.cif.gz,/scratch/a2149a01/RAPCID_2610_output/backbone_denovo/RAPCID_backbone_rapcid_backbone_52_model_2.cif.gz,B,A,55,44,3.408,2.276,3.173,3,2,15,5,0.75,93.29,chain1_F_chain2_E,0,0,2,0,0,2,1,14,0,1,3,11,1,0,1,1,1,1,1,1,1,,0.45335,1,739
backbone_denovo,RAPCID_backbone_rapcid_backbone_52_model_3.cif.gz,/scratch/a2149a01/RAPCID_2610_output/backbone_denovo/RAPCID_backbone_rapcid_backbone_52_model_3.cif.gz,B,A,55,44,2.699,3.217,2.659,5,4,18,14,0.5625,57.39,chain1_E_chain2_F,2,0,2,0,2,0,1,40,2,1,11,2,1,0,1,1,1,0,1,1,0,pass_face_angle,0.41071,0,
backbone_denovo,RAPCID_backbone_rapcid_backbone_52_model_4.cif.gz,/scratch/a2149a01/RAPCID_2610_output/backbone_denovo/RAPCID_backbone_rapcid_backbone_52_model_4.cif.gz,B,A,55,44,2.553,3.215,11.881,1,0,6,0,1.0,nan,chain1_E_chain2_F,1,0,0,0,1,0,0,39,0,0,7,0,0,0,1,0,0,0,1,1,0,pass_dual_rap_contact;pass_contact_balance;pass_face_angle,0.09857,0,
backbone_denovo,RAPCID_backbone_rapcid_backbone_52_model_5.cif.gz,/scratch/a2149a01/RAPCID_2610_output/backbone_denovo/RAPCID_backbone_rapcid_backbone_52_model_5.cif.gz,B,A,55,44,2.688,3.22,3.101,6,2,19,7,0.7308,58.0,chain1_F_chain2_E,1,1,1,0,1,1,0,36,3,1,13,10,1,0,1,1,1,0,1,1,0,pass_face_angle,0.3315,0,
backbone_denovo,RAPCID_backbone_rapcid_backbone_52_model_6.cif.gz,/scratch/a2149a01/RAPCID_2610_output/backbone_denovo/RAPCID_backbone_rapcid_backbone_52_model_6.cif.gz,B,A,55,44,2.27,3.867,3.098,5,6,12,17,0.4138,81.87,chain1_E_chain2_F,1,1,0,2,1,2,0,39,1,1,10,11,0,0,1,1,1,1,1,1,1,,0.42748,1,815
backbone_denovo,RAPCID_backbone_rapcid_backbone_52_model_7.cif.gz,/scratch/a2149a01/RAPCID_2610_output/backbone_denovo/RAPCID_backbone_rapcid_backbone_52_model_7.cif.gz,B,A,55,44,2.57,3.39,3.057,4,4,9,15,0.375,60.39,chain1_F_chain2_E,0,1,2,0,1,2,0,49,1,1,11,10,0,0,1,1,1,1,0,1,0,pass_direct_interface,0.36905,0,
backbone_denovo,RAPCID_backbone_rapcid_backbone_53_model_0.cif.gz,/scratch/a2149a01/RAPCID_2610_output/backbone_denovo/RAPCID_backbone_rapcid_backbone_53_model_0.cif.gz,A,B,50,43,2.573,3.054,2.083,6,1,14,4,0.7778,73.2,chain1_E_chain2_F,1,1,0,2,1,2,0,45,3,1,9,5,0,0,1,0,1,1,0,1,0,pass_dual_rap_contact;pass_direct_interface,0.35528,0,
backbone_denovo,RAPCID_backbone_rapcid_backbone_53_model_1.cif.gz,/scratch/a2149a01/RAPCID_2610_output/backbone_denovo/RAPCID_backbone_rapcid_backbone_53_model_1.cif.gz,A,B,50,43,3.145,9.245,3.554,0,3,0,7,0.0,nan,chain1_E_chain2_F,0,0,0,0,0,0,0,14,0,0,0,0,0,0,1,0,0,0,1,1,0,pass_dual_rap_contact;pass_contact_balance;pass_face_angle,0.07,0,
backbone_denovo,RAPCID_backbone_rapcid_backbone_53_model_2.cif.gz,/scratch/a2149a01/RAPCID_2610_output/backbone_denovo/RAPCID_backbone_rapcid_backbone_53_model_2.cif.gz,A,B,50,43,2.689,3.215,3.462,3,3,12,7,0.6316,96.74,chain1_E_chain2_F,1,1,0,3,1,3,0,35,0,2,9,10,0,0,1,1,1,1,1,1,1,,0.48745,1,681
backbone_denovo,RAPCID_backbone_rapcid_backbone_53_model_3.cif.gz,/scratch/a2149a01/RAPCID_2610_output/backbone_denovo/RAPCID_backbone_rapcid_backbone_53_model_3.cif.gz,A,B,50,43,2.832,2.396,3.367,3,2,8,3,0.7273,87.92,chain1_E_chain2_F,2,0,1,1,2,1,0,20,1,0,7,7,0,0,1,0,1,1,1,1,0,pass_dual_rap_contact,0.41455,0,
backbone_denovo,RAPCID_backbone_rapcid_backbone_53_model_4.cif.gz,/scratch/a2149a01/RAPCID_2610_output/backbone_denovo/RAPCID_backbone_rapcid_backbone_53_model_4.cif.gz,A,B,50,43,2.619,4.272,3.938,2,3,2,5,0.2857,41.25,chain1_E_chain2_F,0,0,0,1,0,1,0,43,0,0,4,9,0,0,1,0,1,0,0,1,0,pass_dual_rap_contact;pass_face_angle;pass_direct_interface,0.24286,0,
backbone_denovo,RAPCID_backbone_rapcid_backbone_53_model_5.cif.gz,/scratch/a2149a01/RAPCID_2610_output/backbone_denovo/RAPCID_backbone_rapcid_backbone_53_model_5.cif.gz,A,B,50,43,2.091,3.41,3.485,6,2,20,6,0.7692,51.15,chain1_E_chain2_F,1,2,0,1,1,1,0,23,1,0,5,12,1,0,1,1,1,0,1,1,0,pass_face_angle,0.29112,0,
backbone_denovo,RAPCID_backbone_rapcid_backbone_53_model_6.cif.gz,/scratch/a2149a01/RAPCID_2610_output/backbone_denovo/RAPCID_backbone_rapcid_backbone_53_model_6.cif.gz,A,B,50,43,2.705,3.212,3.141,3,3,6,7,0.4615,52.81,chain1_E_chain2_F,1,0,1,2,1,2,0,36,1,1,10,9,0,0,1,1,1,0,1,1,0,pass_face_angle,0.40366,0,
backbone_denovo,RAPCID_backbone_rapcid_backbone_53_model_7.cif.gz,/scratch/a2149a01/RAPCID_2610_output/backbone_denovo/RAPCID_backbone_rapcid_backbone_53_model_7.cif.gz,A,B,50,43,2.691,3.394,3.513,1,4,1,9,0.1,29.96,chain1_E_chain2_F,0,0,0,2,0,2,0,21,1,2,0,13,0,1,1,0,1,0,1,1,0,pass_dual_rap_contact;pass_face_angle,0.28214,0,
backbone_denovo,RAPCID_backbone_rapcid_backbone_54_model_0.cif.gz,/scratch/a2149a01/RAPCID_2610_output/backbone_denovo/RAPCID_backbone_rapcid_backbone_54_model_0.cif.gz,B,A,55,31,0.828,2.471,2.827,5,4,16,16,0.5,100.54,chain1_F_chain2_E,1,0,2,0,0,2,0,29,1,0,4,10,0,1,0,1,1,1,1,1,0,pass_no_clash,0.47894,0,
backbone_denovo,RAPCID_backbone_rapcid_backbone_54_model_1.cif.gz,/scratch/a2149a01/RAPCID_2610_output/backbone_denovo/RAPCID_backbone_rapcid_backbone_54_model_1.cif.gz,B,A,55,31,2.983,3.646,3.542,6,4,14,14,0.5,121.93,chain1_F_chain2_E,1,2,2,0,2,2,0,20,0,0,12,10,0,0,1,1,1,1,1,1,1,,0.63071,1,428
backbone_denovo,RAPCID_backbone_rapcid_backbone_54_model_2.cif.gz,/scratch/a2149a01/RAPCID_2610_output/backbone_denovo/RAPCID_backbone_rapcid_backbone_54_model_2.cif.gz,B,A,55,31,2.502,3.228,1.433,3,2,5,6,0.4545,68.26,chain1_E_chain2_F,0,0,0,0,0,0,0,14,0,2,3,3,3,1,0,1,1,1,1,1,0,pass_no_clash,0.34515,0,
backbone_denovo,RAPCID_backbone_rapcid_backbone_54_model_3.cif.gz,/scratch/a2149a01/RAPCID_2610_output/backbone_denovo/RAPCID_backbone_rapcid_backbone_54_model_3.cif.gz,B,A,55,31,2.498,2.726,7.618,4,0,17,0,1.0,nan,chain1_E_chain2_F,2,0,0,0,2,0,0,23,1,0,6,0,0,0,1,0,0,0,1,1,0,pass_dual_rap_contact;pass_contact_balance;pass_face_angle,0.15881,0,
backbone_denovo,RAPCID_backbone_rapcid_backbone_54_model_4.cif.gz,/scratch/a2149a01/RAPCID_2610_output/backbone_denovo/RAPCID_backbone_rapcid_backbone_54_model_4.cif.gz,B,A,55,31,2.716,3.269,2.878,4,5,7,14,0.3333,72.67,chain1_F_chain2_E,0,3,2,1,3,2,0,26,1,1,8,11,0,0,1,1,1,1,1,1,1,,0.43175,1,808
backbone_denovo,RAPCID_backbone_rapcid_backbone_54_model_5.cif.gz,/scratch/a2149a01/RAPCID_2610_output/backbone_denovo/RAPCID_backbone_rapcid_backbone_54_model_5.cif.gz,B,A,55,31,2.697,9.367,3.525,0,5,0,8,0.0,nan,chain1_E_chain2_F,0,0,0,2,0,2,0,21,0,0,0,9,0,0,1,0,0,0,1,1,0,pass_dual_rap_contact;pass_contact_balance;pass_face_angle,0.18214,0,
backbone_denovo,RAPCID_backbone_rapcid_backbone_54_model_6.cif.gz,/scratch/a2149a01/RAPCID_2610_output/backbone_denovo/RAPCID_backbone_rapcid_backbone_54_model_6.cif.gz,B,A,55,31,0.947,2.985,3.767,4,2,17,2,0.8947,82.51,chain1_E_chain2_F,1,0,0,1,1,1,0,26,0,0,5,5,0,0,0,0,1,1,1,1,0,pass_no_clash;pass_dual_rap_contact,0.25429,0,
backbone_denovo,RAPCID_backbone_rapcid_backbone_54_model_7.cif.gz,/scratch/a2149a01/RAPCID_2610_output/backbone_denovo/RAPCID_backbone_rapcid_backbone_54_model_7.cif.gz,B,A,55,31,2.231,2.731,3.509,3,2,10,2,0.8333,34.85,chain1_E_chain2_F,2,0,1,0,2,0,0,32,1,0,7,1,0,0,1,0,1,0,1,1,0,pass_dual_rap_contact;pass_face_angle,0.22048,0,
backbone_denovo,RAPCID_backbone_rapcid_backbone_55_model_0.cif.gz,/scratch/a2149a01/RAPCID_2610_output/backbone_denovo/RAPCID_backbone_rapcid_backbone_55_model_0.cif.gz,A,B,64,48,2.67,6.811,3.812,0,3,0,5,0.0,nan,chain1_F_chain2_E,0,0,1,0,0,1,0,45,0,0,0,6,0,0,1,0,0,0,0,1,0,pass_dual_rap_contact;pass_contact_balance;pass_face_angle;pass_direct_interface,0.08857,0,
backbone_denovo,RAPCID_backbone_rapcid_backbone_55_model_1.cif.gz,/scratch/a2149a01/RAPCID_2610_output/backbone_denovo/RAPCID_backbone_rapcid_backbone_55_model_1.cif.gz,A,B,64,48,1.943,8.627,2.977,0,7,0,25,0.0,nan,chain1_E_chain2_F,0,0,1,2,0,2,0,35,0,1,0,12,0,0,0,0,0,0,1,1,0,pass_no_clash;pass_dual_rap_contact;pass_contact_balance;pass_face_angle,0.17381,0,
backbone_denovo,RAPCID_backbone_rapcid_backbone_55_model_2.cif.gz,/scratch/a2149a01/RAPCID_2610_output/backbone_denovo/RAPCID_backbone_rapcid_backbone_55_model_2.cif.gz,A,B,64,48,2.157,4.036,3.842,2,1,3,1,0.75,58.91,chain1_E_chain2_F,0,0,0,0,0,0,0,18,0,1,0,0,0,0,1,0,1,0,1,1,0,pass_dual_rap_contact;pass_face_angle,0.16667,0,
backbone_denovo,RAPCID_backbone_rapcid_backbone_55_model_3.cif.gz,/scratch/a2149a01/RAPCID_2610_output/backbone_denovo/RAPCID_backbone_rapcid_backbone_55_model_3.cif.gz,A,B,64,48,2.786,3.017,3.256,5,4,17,11,0.6071,130.07,chain1_E_chain2_F,1,0,0,1,1,1,0,39,1,0,6,12,0,0,1,1,1,1,1,1,1,,0.53453,1,607
backbone_denovo,RAPCID_backbone_rapcid_backbone_55_model_4.cif.gz,/scratch/a2149a01/RAPCID_2610_output/backbone_denovo/RAPCID_backbone_rapcid_backbone_55_model_4.cif.gz,A,B,64,48,2.556,2.928,2.192,9,5,25,21,0.5435,119.01,chain1_E_chain2_F,3,0,0,0,3,0,0,28,2,1,16,5,1,1,1,1,1,1,1,1,1,,0.58502,1,535
backbone_denovo,RAPCID_backbone_rapcid_backbone_55_model_5.cif.gz,/scratch/a2149a01/RAPCID_2610_output/backbone_denovo/RAPCID_backbone_rapcid_backbone_55_model_5.cif.gz,A,B,64,48,2.035,2.617,9.436,5,0,14,0,1.0,nan,chain1_E_chain2_F,2,0,0,0,2,0,0,40,0,0,18,0,0,0,1,0,0,0,1,1,0,pass_dual_rap_contact;pass_contact_balance;pass_face_angle,0.15714,0,
backbone_denovo,RAPCID_backbone_rapcid_backbone_55_model_6.cif.gz,/scratch/a2149a01/RAPCID_2610_output/backbone_denovo/RAPCID_backbone_rapcid_backbone_55_model_6.cif.gz,A,B,64,48,1.908,3.004,3.397,4,4,13,11,0.5417,114.18,chain1_E_chain2_F,2,0,0,2,2,2,0,40,1,1,7,11,0,0,0,1,1,1,1,1,0,pass_no_clash,0.58156,0,
backbone_denovo,RAPCID_backbone_rapcid_backbone_55_model_7.cif.gz,/scratch/a2149a01/RAPCID_2610_output/backbone_denovo/RAPCID_backbone_rapcid_backbone_55_model_7.cif.gz,A,B,64,48,3.057,2.896,3.423,7,4,23,12,0.6571,98.45,chain1_F_chain2_E,1,2,2,0,2,2,0,39,0,1,11,12,0,0,1,1,1,1,1,1,1,,0.46626,1,720
backbone_denovo,RAPCID_backbone_rapcid_backbone_56_model_0.cif.gz,/scratch/a2149a01/RAPCID_2610_output/backbone_denovo/RAPCID_backbone_rapcid_backbone_56_model_0.cif.gz,B,A,68,60,2.643,2.587,3.386,3,6,8,17,0.32,60.18,chain1_E_chain2_F,1,0,0,3,1,3,0,41,2,3,8,12,0,0,1,1,1,1,0,1,0,pass_direct_interface,0.42562,0,
backbone_denovo,RAPCID_backbone_rapcid_backbone_56_model_1.cif.gz,/scratch/a2149a01/RAPCID_2610_output/backbone_denovo/RAPCID_backbone_rapcid_backbone_56_model_1.cif.gz,B,A,68,60,1.971,4.343,3.298,1,3,1,5,0.1667,76.11,chain1_F_chain2_E,0,0,1,0,0,1,0,39,0,1,6,7,0,0,0,0,1,1,1,1,0,pass_no_clash;pass_dual_rap_contact,0.23562,0,
backbone_denovo,RAPCID_backbone_rapcid_backbone_56_model_2.cif.gz,/scratch/a2149a01/RAPCID_2610_output/backbone_denovo/RAPCID_backbone_rapcid_backbone_56_model_2.cif.gz,B,A,68,60,3.059,10.238,4.022,0,2,0,2,0.0,nan,chain1_E_chain2_F,0,0,0,1,0,1,0,20,0,0,0,4,0,0,1,0,0,0,1,1,0,pass_dual_rap_contact;pass_contact_balance;pass_face_angle,0.10857,0,
backbone_denovo,RAPCID_backbone_rapcid_backbone_56_model_3.cif.gz,/scratch/a2149a01/RAPCID_2610_output/backbone_denovo/RAPCID_backbone_rapcid_backbone_56_model_3.cif.gz,B,A,68,60,2.041,1.897,3.634,2,3,8,13,0.381,82.29,chain1_F_chain2_E,0,1,2,0,1,2,0,43,0,2,6,7,0,0,0,1,1,1,0,1,0,pass_no_clash;pass_direct_interface,0.41571,0,
backbone_denovo,RAPCID_backbone_rapcid_backbone_56_model_4.cif.gz,/scratch/a2149a01/RAPCID_2610_output/backbone_denovo/RAPCID_backbone_rapcid_backbone_56_model_4.cif.gz,B,A,68,60,2.659,3.178,10.641,7,0,21,0,1.0,nan,chain1_E_chain2_F,2,0,0,0,2,0,0,40,0,0,17,0,0,0,1,0,0,0,1,1,0,pass_dual_rap_contact;pass_contact_balance;pass_face_angle,0.15714,0,
backbone_denovo,RAPCID_backbone_rapcid_backbone_56_model_5.cif.gz,/scratch/a2149a01/RAPCID_2610_output/backbone_denovo/RAPCID_backbone_rapcid_backbone_56_model_5.cif.gz,B,A,68,60,1.9,3.135,3.648,5,4,15,9,0.625,87.98,chain1_E_chain2_F,0,0,0,2,0,2,0,37,1,0,5,12,0,0,0,1,1,1,1,1,0,pass_no_clash,0.38706,0,
backbone_denovo,RAPCID_backbone_rapcid_backbone_56_model_6.cif.gz,/scratch/a2149a01/RAPCID_2610_output/backbone_denovo/RAPCID_backbone_rapcid_backbone_56_model_6.cif.gz,B,A,68,60,2.918,3.291,3.837,4,3,16,5,0.7619,54.28,chain1_E_chain2_F,2,0,1,0,2,0,0,33,2,2,10,2,2,0,1,1,1,0,1,1,0,pass_face_angle,0.31905,0,
backbone_denovo,RAPCID_backbone_rapcid_backbone_56_model_7.cif.gz,/scratch/a2149a01/RAPCID_2610_output/backbone_denovo/RAPCID_backbone_rapcid_backbone_56_model_7.cif.gz,B,A,68,60,2.744,2.918,3.134,9,4,22,19,0.5366,97.94,chain1_E_chain2_F,2,0,1,2,2,2,0,45,2,2,13,6,0,0,1,1,1,1,0,1,0,pass_direct_interface,0.5628,0,
backbone_denovo,RAPCID_backbone_rapcid_backbone_57_model_0.cif.gz,/scratch/a2149a01/RAPCID_2610_output/backbone_denovo/RAPCID_backbone_rapcid_backbone_57_model_0.cif.gz,A,B,61,33,2.281,3.148,7.566,6,0,16,0,1.0,nan,chain1_E_chain2_F,2,0,0,0,2,0,0,22,0,0,12,0,0,0,1,0,0,0,1,1,0,pass_dual_rap_contact;pass_contact_balance;pass_face_angle,0.18714,0,
backbone_denovo,RAPCID_backbone_rapcid_backbone_57_model_1.cif.gz,/scratch/a2149a01/RAPCID_2610_output/backbone_denovo/RAPCID_backbone_rapcid_backbone_57_model_1.cif.gz,A,B,61,33,2.914,1.74,3.453,6,1,23,1,0.9583,28.43,chain1_E_chain2_F,1,0,0,0,1,0,0,35,2,1,14,0,0,0,0,0,0,0,1,1,0,pass_no_clash;pass_dual_rap_contact;pass_contact_balance;pass_face_angle,0.19524,0,
backbone_denovo,RAPCID_backbone_rapcid_backbone_57_model_2.cif.gz,/scratch/a2149a01/RAPCID_2610_output/backbone_denovo/RAPCID_backbone_rapcid_backbone_57_model_2.cif.gz,A,B,61,33,2.646,3.253,3.37,7,3,17,7,0.7083,66.64,chain1_F_chain2_E,1,0,2,0,0,2,0,30,2,0,5,7,0,0,1,1,1,1,1,1,1,,0.30714,0,
backbone_denovo,RAPCID_backbone_rapcid_backbone_57_model_3.cif.gz,/scratch/a2149a01/RAPCID_2610_output/backbone_denovo/RAPCID_backbone_rapcid_backbone_57_model_3.cif.gz,A,B,61,33,1.667,2.495,4.8,6,0,17,0,1.0,nan,chain1_E_chain2_F,1,0,0,0,1,0,0,39,2,0,7,3,1,0,0,0,0,0,1,1,0,pass_no_clash;pass_dual_rap_contact;pass_contact_balance;pass_face_angle,0.1619,0,
backbone_denovo,RAPCID_backbone_rapcid_backbone_57_model_4.cif.gz,/scratch/a2149a01/RAPCID_2610_output/backbone_denovo/RAPCID_backbone_rapcid_backbone_57_model_4.cif.gz,A,B,61,33,2.423,2.454,2.765,3,2,10,6,0.625,70.29,chain1_F_chain2_E,1,0,2,0,0,2,0,35,0,1,0,8,1,0,1,1,1,1,1,1,1,,0.3081,0,
backbone_denovo,RAPCID_backbone_rapcid_backbone_57_model_5.cif.gz,/scratch/a2149a01/RAPCID_2610_output/backbone_denovo/RAPCID_backbone_rapcid_backbone_57_model_5.cif.gz,A,B,61,33,2.433,3.428,2.686,5,6,9,27,0.25,93.97,chain1_F_chain2_E,1,1,1,0,1,1,0,40,0,2,8,5,0,0,1,1,1,1,1,1,1,,0.37372,1,971
backbone_denovo,RAPCID_backbone_rapcid_backbone_57_model_6.cif.gz,/scratch/a2149a01/RAPCID_2610_output/backbone_denovo/RAPCID_backbone_rapcid_backbone_57_model_6.cif.gz,A,B,61,33,1.511,3.477,3.506,4,2,9,6,0.6,60.71,chain1_E_chain2_F,1,0,1,0,1,0,0,41,1,1,6,0,0,0,0,1,1,1,0,1,0,pass_no_clash;pass_direct_interface,0.2819,0,
backbone_denovo,RAPCID_backbone_rapcid_backbone_57_model_7.cif.gz,/scratch/a2149a01/RAPCID_2610_output/backbone_denovo/RAPCID_backbone_rapcid_backbone_57_model_7.cif.gz,A,B,61,33,3.017,2.283,4.216,6,1,23,2,0.92,65.61,chain1_E_chain2_F,2,0,0,0,2,0,0,33,2,0,9,3,1,0,1,0,0,1,1,1,0,pass_dual_rap_contact;pass_contact_balance,0.22248,0,
backbone_denovo,RAPCID_backbone_rapcid_backbone_58_model_0.cif.gz,/scratch/a2149a01/RAPCID_2610_output/backbone_denovo/RAPCID_backbone_rapcid_backbone_58_model_0.cif.gz,B,A,68,48,2.745,2.539,3.631,4,4,16,9,0.64,92.39,chain1_E_chain2_F,2,0,0,1,2,1,0,35,1,0,8,11,0,1,1,1,1,1,1,1,1,,0.42435,1,825
backbone_denovo,RAPCID_backbone_rapcid_backbone_58_model_1.cif.gz,/scratch/a2149a01/RAPCID_2610_output/backbone_denovo/RAPCID_backbone_rapcid_backbone_58_model_1.cif.gz,B,A,68,48,1.851,3.008,14.203,4,0,13,0,1.0,nan,chain1_E_chain2_F,2,0,0,0,2,0,1,24,0,0,10,0,0,0,0,0,0,0,1,1,0,pass_no_clash;pass_dual_rap_contact;pass_contact_balance;pass_face_angle,0.20571,0,
backbone_denovo,RAPCID_backbone_rapcid_backbone_58_model_2.cif.gz,/scratch/a2149a01/RAPCID_2610_output/backbone_denovo/RAPCID_backbone_rapcid_backbone_58_model_2.cif.gz,B,A,68,48,3.364,18.052,2.875,0,5,0,17,0.0,nan,chain1_F_chain2_E,0,0,1,0,0,1,0,7,0,0,0,10,0,0,1,0,0,0,1,1,0,pass_dual_rap_contact;pass_contact_balance;pass_face_angle,0.22357,0,
backbone_denovo,RAPCID_backbone_rapcid_backbone_58_model_3.cif.gz,/scratch/a2149a01/RAPCID_2610_output/backbone_denovo/RAPCID_backbone_rapcid_backbone_58_model_3.cif.gz,B,A,68,48,1.863,3.12,2.962,7,4,15,14,0.5172,69.89,chain1_F_chain2_E,0,2,1,0,2,1,0,39,4,1,13,11,0,1,0,1,1,1,1,1,0,pass_no_clash,0.46511,0,
backbone_denovo,RAPCID_backbone_rapcid_backbone_58_model_4.cif.gz,/scratch/a2149a01/RAPCID_2610_output/backbone_denovo/RAPCID_backbone_rapcid_backbone_58_model_4.cif.gz,B,A,68,48,2.666,2.783,11.639,6,0,22,0,1.0,nan,chain1_E_chain2_F,2,1,0,0,2,0,0,33,0,0,11,0,0,0,1,0,0,0,1,1,0,pass_dual_rap_contact;pass_contact_balance;pass_face_angle,0.15714,0,
backbone_denovo,RAPCID_backbone_rapcid_backbone_58_model_5.cif.gz,/scratch/a2149a01/RAPCID_2610_output/backbone_denovo/RAPCID_backbone_rapcid_backbone_58_model_5.cif.gz,B,A,68,48,2.918,13.547,3.413,0,5,0,11,0.0,nan,chain1_E_chain2_F,0,0,1,1,0,1,0,18,0,0,0,10,0,0,1,0,0,0,1,1,0,pass_dual_rap_contact;pass_contact_balance;pass_face_angle,0.17857,0,
backbone_denovo,RAPCID_backbone_rapcid_backbone_58_model_6.cif.gz,/scratch/a2149a01/RAPCID_2610_output/backbone_denovo/RAPCID_backbone_rapcid_backbone_58_model_6.cif.gz,B,A,68,48,2.884,3.338,20.833,4,0,12,0,1.0,nan,chain1_E_chain2_F,2,0,0,0,2,0,0,11,0,0,15,0,1,0,1,0,0,0,1,1,0,pass_dual_rap_contact;pass_contact_balance;pass_face_angle,0.24214,0,
backbone_denovo,RAPCID_backbone_rapcid_backbone_58_model_7.cif.gz,/scratch/a2149a01/RAPCID_2610_output/backbone_denovo/RAPCID_backbone_rapcid_backbone_58_model_7.cif.gz,B,A,68,48,2.738,3.015,3.975,9,3,20,5,0.8,113.29,chain1_E_chain2_F,2,1,0,2,2,2,1,46,3,0,12,10,0,0,1,1,1,1,0,1,0,pass_direct_interface,0.52047,0,
backbone_denovo,RAPCID_backbone_rapcid_backbone_59_model_0.cif.gz,/scratch/a2149a01/RAPCID_2610_output/backbone_denovo/RAPCID_backbone_rapcid_backbone_59_model_0.cif.gz,B,A,68,53,2.228,3.672,2.588,1,3,1,8,0.1111,53.84,chain1_E_chain2_F,1,0,1,0,1,0,0,34,1,1,5,2,0,0,1,0,1,0,1,1,0,pass_dual_rap_contact;pass_face_angle,0.17635,0,
backbone_denovo,RAPCID_backbone_rapcid_backbone_59_model_1.cif.gz,/scratch/a2149a01/RAPCID_2610_output/backbone_denovo/RAPCID_backbone_rapcid_backbone_59_model_1.cif.gz,B,A,68,53,2.922,3.641,2.684,3,3,6,13,0.3158,93.77,chain1_F_chain2_E,1,0,2,0,0,2,1,43,0,0,4,13,0,0,1,1,1,1,0,1,0,pass_direct_interface,0.3946,0,
backbone_denovo,RAPCID_backbone_rapcid_backbone_59_model_2.cif.gz,/scratch/a2149a01/RAPCID_2610_output/backbone_denovo/RAPCID_backbone_rapcid_backbone_59_model_2.cif.gz,B,A,68,53,2.791,3.263,3.417,2,4,4,9,0.3077,58.31,chain1_E_chain2_F,1,0,1,1,1,1,0,40,2,1,5,7,0,0,1,1,1,0,1,1,0,pass_face_angle,0.33022,0,
backbone_denovo,RAPCID_backbone_rapcid_backbone_59_model_3.cif.gz,/scratch/a2149a01/RAPCID_2610_output/backbone_denovo/RAPCID_backbone_rapcid_backbone_59_model_3.cif.gz,B,A,68,53,1.951,4.541,2.985,0,4,0,11,0.0,nan,chain1_F_chain2_E,0,0,2,0,0,2,0,37,0,1,0,12,0,0,0,0,0,0,1,1,0,pass_no_clash;pass_dual_rap_contact;pass_contact_balance;pass_face_angle,0.17381,0,
backbone_denovo,RAPCID_backbone_rapcid_backbone_59_model_4.cif.gz,/scratch/a2149a01/RAPCID_2610_output/backbone_denovo/RAPCID_backbone_rapcid_backbone_59_model_4.cif.gz,B,A,68,53,3.18,1.946,3.658,2,5,9,11,0.45,99.06,chain1_E_chain2_F,1,0,0,3,1,3,0,36,0,0,5,12,0,0,0,1,1,1,1,1,0,pass_no_clash,0.4945,0,
backbone_denovo,RAPCID_backbone_rapcid_backbone_59_model_5.cif.gz,/scratch/a2149a01/RAPCID_2610_output/backbone_denovo/RAPCID_backbone_rapcid_backbone_59_model_5.cif.gz,B,A,68,53,2.709,2.999,3.466,4,4,13,6,0.6842,79.66,chain1_E_chain2_F,2,0,1,0,2,0,1,33,0,1,11,2,0,0,1,1,1,1,1,1,1,,0.36421,1,995
backbone_denovo,RAPCID_backbone_rapcid_backbone_59_model_6.cif.gz,/scratch/a2149a01/RAPCID_2610_output/backbone_denovo/RAPCID_backbone_rapcid_backbone_59_model_6.cif.gz,B,A,68,53,2.408,3.444,2.381,4,4,9,14,0.3913,74.38,chain1_E_chain2_F,1,0,1,0,1,0,0,42,2,2,8,1,0,0,1,1,1,1,0,1,0,pass_direct_interface,0.35968,0,
backbone_denovo,RAPCID_backbone_rapcid_backbone_59_model_7.cif.gz,/scratch/a2149a01/RAPCID_2610_output/backbone_denovo/RAPCID_backbone_rapcid_backbone_59_model_7.cif.gz,B,A,68,53,2.502,15.735,2.849,0,10,0,25,0.0,nan,chain1_F_chain2_E,0,0,1,0,0,1,0,4,0,0,0,18,0,0,1,0,0,0,1,1,0,pass_dual_rap_contact;pass_contact_balance;pass_face_angle,0.20857,0,
backbone_denovo,RAPCID_backbone_rapcid_backbone_5_model_0.cif.gz,/scratch/a2149a01/RAPCID_2610_output/backbone_denovo/RAPCID_backbone_rapcid_backbone_5_model_0.cif.gz,A,B,48,45,2.221,2.954,3.184,2,4,5,14,0.2632,69.41,chain1_E_chain2_F,2,0,1,2,2,2,0,19,0,0,8,10,0,0,1,1,1,1,1,1,1,,0.3659,1,988
backbone_denovo,RAPCID_backbone_rapcid_backbone_5_model_1.cif.gz,/scratch/a2149a01/RAPCID_2610_output/backbone_denovo/RAPCID_backbone_rapcid_backbone_5_model_1.cif.gz,A,B,48,45,2.887,3.594,3.159,5,3,9,5,0.6429,55.02,chain1_F_chain2_E,0,3,1,1,3,1,0,49,0,1,10,9,0,0,1,1,1,0,0,1,0,pass_face_angle;pass_direct_interface,0.37381,0,
backbone_denovo,RAPCID_backbone_rapcid_backbone_5_model_2.cif.gz,/scratch/a2149a01/RAPCID_2610_output/backbone_denovo/RAPCID_backbone_rapcid_backbone_5_model_2.cif.gz,A,B,48,45,2.811,3.782,3.444,3,4,4,11,0.2667,46.8,chain1_E_chain2_F,0,1,0,1,0,1,0,30,0,1,4,12,0,0,1,1,1,0,1,1,0,pass_face_angle,0.2519,0,
backbone_denovo,RAPCID_backbone_rapcid_backbone_5_model_3.cif.gz,/scratch/a2149a01/RAPCID_2610_output/backbone_denovo/RAPCID_backbone_rapcid_backbone_5_model_3.cif.gz,A,B,48,45,2.725,3.765,2.218,2,4,2,11,0.1538,57.3,chain1_F_chain2_E,0,2,2,1,2,2,0,45,1,1,12,10,0,0,1,0,1,0,0,1,0,pass_dual_rap_contact;pass_face_angle;pass_direct_interface,0.30916,0,
backbone_denovo,RAPCID_backbone_rapcid_backbone_5_model_4.cif.gz,/scratch/a2149a01/RAPCID_2610_output/backbone_denovo/RAPCID_backbone_rapcid_backbone_5_model_4.cif.gz,A,B,48,45,2.224,2.582,3.3,5,4,11,7,0.6111,49.07,chain1_E_chain2_F,0,1,0,2,0,2,0,36,2,0,0,10,0,0,1,1,1,0,1,1,0,pass_face_angle,0.34603,0,
backbone_denovo,RAPCID_backbone_rapcid_backbone_5_model_5.cif.gz,/scratch/a2149a01/RAPCID_2610_output/backbone_denovo/RAPCID_backbone_rapcid_backbone_5_model_5.cif.gz,A,B,48,45,7.584,23.418,2.934,0,10,0,22,0.0,nan,chain1_F_chain2_E,0,0,3,0,0,3,0,0,0,0,0,21,0,0,1,0,0,0,1,1,0,pass_dual_rap_contact;pass_contact_balance;pass_face_angle,0.24571,0,
backbone_denovo,RAPCID_backbone_rapcid_backbone_5_model_6.cif.gz,/scratch/a2149a01/RAPCID_2610_output/backbone_denovo/RAPCID_backbone_rapcid_backbone_5_model_6.cif.gz,A,B,48,45,3.171,3.773,2.806,4,4,8,12,0.4,63.99,chain1_E_chain2_F,1,1,0,3,1,3,0,40,0,1,9,9,0,0,1,1,1,1,1,1,1,,0.39095,1,915
backbone_denovo,RAPCID_backbone_rapcid_backbone_5_model_7.cif.gz,/scratch/a2149a01/RAPCID_2610_output/backbone_denovo/RAPCID_backbone_rapcid_backbone_5_model_7.cif.gz,A,B,48,45,3.078,2.598,3.262,5,5,16,10,0.6154,75.93,chain1_E_chain2_F,1,1,0,2,1,2,0,29,2,0,11,13,0,0,1,1,1,1,1,1,1,,0.396,1,899
backbone_denovo,RAPCID_backbone_rapcid_backbone_60_model_0.cif.gz,/scratch/a2149a01/RAPCID_2610_output/backbone_denovo/RAPCID_backbone_rapcid_backbone_60_model_0.cif.gz,B,A,37,31,2.552,3.488,5.724,4,0,12,0,1.0,nan,chain1_F_chain2_E,0,3,0,0,3,0,0,30,0,0,8,2,0,0,1,0,0,0,1,1,0,pass_dual_rap_contact;pass_contact_balance;pass_face_angle,0.18571,0,
backbone_denovo,RAPCID_backbone_rapcid_backbone_60_model_1.cif.gz,/scratch/a2149a01/RAPCID_2610_output/backbone_denovo/RAPCID_backbone_rapcid_backbone_60_model_1.cif.gz,B,A,37,31,2.902,3.35,3.291,4,3,8,7,0.5333,47.08,chain1_F_chain2_E,0,2,0,1,2,0,0,33,2,2,9,0,0,0,1,1,1,0,1,1,0,pass_face_angle,0.40048,0,
backbone_denovo,RAPCID_backbone_rapcid_backbone_60_model_2.cif.gz,/scratch/a2149a01/RAPCID_2610_output/backbone_denovo/RAPCID_backbone_rapcid_backbone_60_model_2.cif.gz,B,A,37,31,2.777,3.064,2.636,4,4,10,13,0.4348,57.62,chain1_E_chain2_F,1,1,1,2,1,2,0,28,1,2,10,8,0,0,1,1,1,0,1,1,0,pass_face_angle,0.40963,0,
backbone_denovo,RAPCID_backbone_rapcid_backbone_60_model_3.cif.gz,/scratch/a2149a01/RAPCID_2610_output/backbone_denovo/RAPCID_backbone_rapcid_backbone_60_model_3.cif.gz,B,A,37,31,2.789,3.297,3.266,4,4,10,14,0.4167,87.78,chain1_F_chain2_E,0,2,1,0,2,1,0,38,2,0,7,9,0,0,1,1,1,1,1,1,1,,0.4483,1,752
backbone_denovo,RAPCID_backbone_rapcid_backbone_60_model_4.cif.gz,/scratch/a2149a01/RAPCID_2610_output/backbone_denovo/RAPCID_backbone_rapcid_backbone_60_model_4.cif.gz,B,A,37,31,3.465,11.941,3.358,0,2,0,3,0.0,nan,chain1_F_chain2_E,0,0,1,0,0,1,0,5,0,0,0,8,0,0,1,0,0,0,1,1,0,pass_dual_rap_contact;pass_contact_balance;pass_face_angle,0.19357,0,
backbone_denovo,RAPCID_backbone_rapcid_backbone_60_model_5.cif.gz,/scratch/a2149a01/RAPCID_2610_output/backbone_denovo/RAPCID_backbone_rapcid_backbone_60_model_5.cif.gz,B,A,37,31,2.731,2.927,2.446,4,3,13,10,0.5652,73.45,chain1_E_chain2_F,3,0,1,0,3,0,0,34,0,1,10,0,0,0,1,1,1,1,1,1,1,,0.39114,1,914
backbone_denovo,RAPCID_backbone_rapcid_backbone_60_model_6.cif.gz,/scratch/a2149a01/RAPCID_2610_output/backbone_denovo/RAPCID_backbone_rapcid_backbone_60_model_6.cif.gz,B,A,37,31,2.577,3.233,2.963,6,3,15,7,0.6818,73.86,chain1_E_chain2_F,1,1,0,2,1,2,0,37,1,2,11,4,0,0,1,1,1,1,1,1,1,,0.37919,1,949
backbone_denovo,RAPCID_backbone_rapcid_backbone_60_model_7.cif.gz,/scratch/a2149a01/RAPCID_2610_output/backbone_denovo/RAPCID_backbone_rapcid_backbone_60_model_7.cif.gz,B,A,37,31,3.03,10.821,2.822,0,6,0,13,0.0,nan,chain1_F_chain2_E,0,0,1,0,0,1,0,22,0,0,0,9,0,0,1,0,0,0,1,1,0,pass_dual_rap_contact;pass_contact_balance;pass_face_angle,0.14857,0,
backbone_denovo,RAPCID_backbone_rapcid_backbone_61_model_0.cif.gz,/scratch/a2149a01/RAPCID_2610_output/backbone_denovo/RAPCID_backbone_rapcid_backbone_61_model_0.cif.gz,A,B,56,47,2.404,3.034,9.231,6,0,13,0,1.0,nan,chain1_E_chain2_F,1,0,0,0,1,0,0,25,0,0,12,0,0,0,1,0,0,0,1,1,0,pass_dual_rap_contact;pass_contact_balance;pass_face_angle,0.14357,0,
backbone_denovo,RAPCID_backbone_rapcid_backbone_61_model_1.cif.gz,/scratch/a2149a01/RAPCID_2610_output/backbone_denovo/RAPCID_backbone_rapcid_backbone_61_model_1.cif.gz,A,B,56,47,2.794,19.863,3.815,0,1,0,3,0.0,nan,chain1_F_chain2_E,0,0,1,0,0,1,0,6,0,0,0,4,0,0,1,0,0,0,1,1,0,pass_dual_rap_contact;pass_contact_balance;pass_face_angle,0.15857,0,
backbone_denovo,RAPCID_backbone_rapcid_backbone_61_model_2.cif.gz,/scratch/a2149a01/RAPCID_2610_output/backbone_denovo/RAPCID_backbone_rapcid_backbone_61_model_2.cif.gz,A,B,56,47,2.27,3.092,3.095,8,3,24,6,0.8,114.35,chain1_E_chain2_F,3,0,1,0,3,0,1,24,1,2,19,5,0,0,1,1,1,1,1,1,1,,0.51545,1,632
backbone_denovo,RAPCID_backbone_rapcid_backbone_61_model_3.cif.gz,/scratch/a2149a01/RAPCID_2610_output/backbone_denovo/RAPCID_backbone_rapcid_backbone_61_model_3.cif.gz,A,B,56,47,2.648,2.886,3.671,6,2,16,4,0.8,72.6,chain1_E_chain2_F,1,0,1,0,1,0,0,38,2,1,13,3,0,0,1,1,1,1,1,1,1,,0.27057,0,
backbone_denovo,RAPCID_backbone_rapcid_backbone_61_model_4.cif.gz,/scratch/a2149a01/RAPCID_2610_output/backbone_denovo/RAPCID_backbone_rapcid_backbone_61_model_4.cif.gz,A,B,56,47,2.844,3.354,2.298,4,4,10,12,0.4545,133.84,chain1_F_chain2_E,0,2,1,0,2,1,0,32,0,0,14,7,0,0,1,1,1,1,1,1,1,,0.58365,1,539
backbone_denovo,RAPCID_backbone_rapcid_backbone_61_model_5.cif.gz,/scratch/a2149a01/RAPCID_2610_output/backbone_denovo/RAPCID_backbone_rapcid_backbone_61_model_5.cif.gz,A,B,56,47,2.361,3.459,5.344,6,0,13,0,1.0,nan,chain1_E_chain2_F,1,0,0,0,1,0,0,37,0,0,11,0,0,0,1,0,0,0,1,1,0,pass_dual_rap_contact;pass_contact_balance;pass_face_angle,0.12857,0,
backbone_denovo,RAPCID_backbone_rapcid_backbone_61_model_6.cif.gz,/scratch/a2149a01/RAPCID_2610_output/backbone_denovo/RAPCID_backbone_rapcid_backbone_61_model_6.cif.gz,A,B,56,47,3.079,3.16,15.08,10,0,20,0,1.0,nan,chain1_E_chain2_F,2,0,0,0,2,0,0,3,0,0,20,0,0,1,1,0,0,0,1,1,0,pass_dual_rap_contact;pass_contact_balance;pass_face_angle,0.23214,0,
backbone_denovo,RAPCID_backbone_rapcid_backbone_61_model_7.cif.gz,/scratch/a2149a01/RAPCID_2610_output/backbone_denovo/RAPCID_backbone_rapcid_backbone_61_model_7.cif.gz,A,B,56,47,2.525,3.55,3.607,4,5,16,12,0.5714,43.8,chain1_F_chain2_E,0,2,0,1,2,0,0,45,3,2,13,0,0,0,1,1,1,0,0,1,0,pass_face_angle;pass_direct_interface,0.4119,0,
backbone_denovo,RAPCID_backbone_rapcid_backbone_62_model_0.cif.gz,/scratch/a2149a01/RAPCID_2610_output/backbone_denovo/RAPCID_backbone_rapcid_backbone_62_model_0.cif.gz,A,B,61,35,2.384,3.787,2.87,1,6,2,16,0.1111,48.43,chain1_F_chain2_E,1,0,2,0,0,2,0,24,0,0,0,12,0,0,1,0,1,0,1,1,0,pass_dual_rap_contact;pass_face_angle,0.22159,0,
backbone_denovo,RAPCID_backbone_rapcid_backbone_62_model_1.cif.gz,/scratch/a2149a01/RAPCID_2610_output/backbone_denovo/RAPCID_backbone_rapcid_backbone_62_model_1.cif.gz,A,B,61,35,2.926,3.221,2.76,5,3,11,8,0.5789,49.84,chain1_E_chain2_F,1,0,0,2,1,2,0,32,2,0,7,8,0,0,1,1,1,0,1,1,0,pass_face_angle,0.38747,0,
backbone_denovo,RAPCID_backbone_rapcid_backbone_62_model_2.cif.gz,/scratch/a2149a01/RAPCID_2610_output/backbone_denovo/RAPCID_backbone_rapcid_backbone_62_model_2.cif.gz,A,B,61,35,2.747,3.726,4.072,4,1,8,1,0.8889,50.96,chain1_E_chain2_F,1,1,0,1,1,1,0,31,0,0,9,4,0,0,1,0,1,0,1,1,0,pass_dual_rap_contact;pass_face_angle,0.20159,0,
backbone_denovo,RAPCID_backbone_rapcid_backbone_62_model_3.cif.gz,/scratch/a2149a01/RAPCID_2610_output/backbone_denovo/RAPCID_backbone_rapcid_backbone_62_model_3.cif.gz,A,B,61,35,2.896,3.137,2.781,2,3,6,10,0.375,80.78,chain1_E_chain2_F,1,0,0,0,1,0,0,27,1,1,6,0,0,0,1,1,1,1,1,1,1,,0.31616,0,
backbone_denovo,RAPCID_backbone_rapcid_backbone_62_model_4.cif.gz,/scratch/a2149a01/RAPCID_2610_output/backbone_denovo/RAPCID_backbone_rapcid_backbone_62_model_4.cif.gz,A,B,61,35,1.9,3.323,12.058,2,0,7,0,1.0,nan,chain1_E_chain2_F,0,0,0,0,0,0,0,41,0,0,4,0,0,0,0,0,0,0,0,1,0,pass_no_clash;pass_dual_rap_contact;pass_contact_balance;pass_face_angle;pass_direct_interface,0.04,0,
backbone_denovo,RAPCID_backbone_rapcid_backbone_62_model_5.cif.gz,/scratch/a2149a01/RAPCID_2610_output/backbone_denovo/RAPCID_backbone_rapcid_backbone_62_model_5.cif.gz,A,B,61,35,2.25,3.119,3.637,5,1,11,1,0.9167,38.56,chain1_E_chain2_F,0,0,0,1,0,1,0,29,1,1,4,4,0,0,1,0,0,0,1,1,0,pass_dual_rap_contact;pass_contact_balance;pass_face_angle,0.17524,0,
backbone_denovo,RAPCID_backbone_rapcid_backbone_62_model_6.cif.gz,/scratch/a2149a01/RAPCID_2610_output/backbone_denovo/RAPCID_backbone_rapcid_backbone_62_model_6.cif.gz,A,B,61,35,3.083,3.973,3.064,2,4,2,12,0.1429,49.82,chain1_F_chain2_E,0,1,1,0,1,1,0,20,1,1,5,9,0,0,1,0,1,0,1,1,0,pass_dual_rap_contact;pass_face_angle,0.28762,0,
backbone_denovo,RAPCID_backbone_rapcid_backbone_62_model_7.cif.gz,/scratch/a2149a01/RAPCID_2610_output/backbone_denovo/RAPCID_backbone_rapcid_backbone_62_model_7.cif.gz,A,B,61,35,2.574,3.488,3.049,3,2,5,7,0.4167,70.34,chain1_F_chain2_E,0,1,1,0,1,1,0,40,1,1,9,2,1,0,1,1,1,1,1,1,1,,0.3616,0,
backbone_denovo,RAPCID_backbone_rapcid_backbone_63_model_0.cif.gz,/scratch/a2149a01/RAPCID_2610_output/backbone_denovo/RAPCID_backbone_rapcid_backbone_63_model_0.cif.gz,A,B,57,56,2.641,2.238,3.456,5,2,19,7,0.7308,81.43,chain1_E_chain2_F,1,0,1,0,1,0,0,45,2,1,9,4,0,0,1,1,1,1,0,1,0,pass_direct_interface,0.32769,0,
backbone_denovo,RAPCID_backbone_rapcid_backbone_63_model_1.cif.gz,/scratch/a2149a01/RAPCID_2610_output/backbone_denovo/RAPCID_backbone_rapcid_backbone_63_model_1.cif.gz,A,B,57,56,2.35,3.335,2.01,2,4,5,10,0.3333,40.83,chain1_E_chain2_F,0,0,0,0,0,0,0,40,1,1,4,6,0,0,1,1,1,0,1,1,0,pass_face_angle,0.26667,0,
backbone_denovo,RAPCID_backbone_rapcid_backbone_63_model_2.cif.gz,/scratch/a2149a01/RAPCID_2610_output/backbone_denovo/RAPCID_backbone_rapcid_backbone_63_model_2.cif.gz,A,B,57,56,2.059,3.151,2.602,3,3,9,9,0.5,62.47,chain1_E_chain2_F,0,0,1,1,0,1,0,43,0,0,2,4,0,0,1,1,1,1,0,1,0,pass_direct_interface,0.28857,0,
backbone_denovo,RAPCID_backbone_rapcid_backbone_63_model_3.cif.gz,/scratch/a2149a01/RAPCID_2610_output/backbone_denovo/RAPCID_backbone_rapcid_backbone_63_model_3.cif.gz,A,B,57,56,3.246,3.728,3.861,4,3,7,4,0.6364,48.28,chain1_E_chain2_F,0,1,0,1,0,1,0,12,0,0,4,10,0,0,1,1,1,0,1,1,0,pass_face_angle,0.35403,0,
backbone_denovo,RAPCID_backbone_rapcid_backbone_63_model_4.cif.gz,/scratch/a2149a01/RAPCID_2610_output/backbone_denovo/RAPCID_backbone_rapcid_backbone_63_model_4.cif.gz,A,B,57,56,2.822,3.091,3.111,2,5,8,15,0.3478,120.03,chain1_E_chain2_F,1,0,1,1,1,1,0,24,1,0,8,12,0,0,1,1,1,1,1,1,1,,0.50304,1,651
backbone_denovo,RAPCID_backbone_rapcid_backbone_63_model_5.cif.gz,/scratch/a2149a01/RAPCID_2610_output/backbone_denovo/RAPCID_backbone_rapcid_backbone_63_model_5.cif.gz,A,B,57,56,2.413,3.166,3.054,5,2,16,4,0.8,57.58,chain1_F_chain2_E,0,3,1,0,3,1,0,46,2,2,13,9,1,0,1,1,1,0,0,1,0,pass_face_angle;pass_direct_interface,0.36095,0,
backbone_denovo,RAPCID_backbone_rapcid_backbone_63_model_6.cif.gz,/scratch/a2149a01/RAPCID_2610_output/backbone_denovo/RAPCID_backbone_rapcid_backbone_63_model_6.cif.gz,A,B,57,56,3.253,17.329,3.16,0,6,0,19,0.0,nan,chain1_F_chain2_E,0,0,1,0,0,1,0,18,0,0,0,10,0,0,1,0,0,0,1,1,0,pass_dual_rap_contact;pass_contact_balance;pass_face_angle,0.17857,0,
backbone_denovo,RAPCID_backbone_rapcid_backbone_63_model_7.cif.gz,/scratch/a2149a01/RAPCID_2610_output/backbone_denovo/RAPCID_backbone_rapcid_backbone_63_model_7.cif.gz,A,B,57,56,2.922,3.364,2.882,4,6,8,18,0.3077,73.79,chain1_F_chain2_E,1,0,2,0,0,2,0,23,1,1,6,9,0,0,1,1,1,1,1,1,1,,0.35451,0,
backbone_denovo,RAPCID_backbone_rapcid_backbone_64_model_0.cif.gz,/scratch/a2149a01/RAPCID_2610_output/backbone_denovo/RAPCID_backbone_rapcid_backbone_64_model_0.cif.gz,B,A,66,58,2.602,3.347,12.701,5,0,10,0,1.0,nan,chain1_F_chain2_E,0,1,0,0,1,0,0,26,0,0,11,0,0,1,1,0,0,0,1,1,0,pass_dual_rap_contact;pass_contact_balance;pass_face_angle,0.13857,0,
backbone_denovo,RAPCID_backbone_rapcid_backbone_64_model_1.cif.gz,/scratch/a2149a01/RAPCID_2610_output/backbone_denovo/RAPCID_backbone_rapcid_backbone_64_model_1.cif.gz,B,A,66,58,2.848,2.794,4.925,7,0,15,0,1.0,nan,chain1_E_chain2_F,1,0,0,0,1,0,0,33,1,0,8,0,0,0,1,0,0,0,1,1,0,pass_dual_rap_contact;pass_contact_balance;pass_face_angle,0.12524,0,
backbone_denovo,RAPCID_backbone_rapcid_backbone_64_model_2.cif.gz,/scratch/a2149a01/RAPCID_2610_output/backbone_denovo/RAPCID_backbone_rapcid_backbone_64_model_2.cif.gz,B,A,66,58,2.742,3.062,3.074,3,5,12,14,0.4615,67.42,chain1_E_chain2_F,1,0,1,0,1,0,0,57,1,1,13,1,0,0,1,1,1,1,0,1,0,pass_direct_interface,0.34652,0,
backbone_denovo,RAPCID_backbone_rapcid_backbone_64_model_3.cif.gz,/scratch/a2149a01/RAPCID_2610_output/backbone_denovo/RAPCID_backbone_rapcid_backbone_64_model_3.cif.gz,B,A,66,58,2.604,2.873,2.383,4,6,13,21,0.3824,91.76,chain1_F_chain2_E,1,2,2,0,2,2,0,42,2,2,7,10,0,0,1,1,1,1,0,1,0,pass_direct_interface,0.50977,0,
backbone_denovo,RAPCID_backbone_rapcid_backbone_64_model_4.cif.gz,/scratch/a2149a01/RAPCID_2610_output/backbone_denovo/RAPCID_backbone_rapcid_backbone_64_model_4.cif.gz,B,A,66,58,2.616,3.138,3.186,4,6,10,18,0.3571,87.04,chain1_F_chain2_E,0,3,2,0,3,2,0,34,1,3,9,11,1,0,1,1,1,1,1,1,1,,0.5125,1,639
backbone_denovo,RAPCID_backbone_rapcid_backbone_64_model_5.cif.gz,/scratch/a2149a01/RAPCID_2610_output/backbone_denovo/RAPCID_backbone_rapcid_backbone_64_model_5.cif.gz,B,A,66,58,2.637,3.635,8.013,3,0,4,0,1.0,nan,chain1_E_chain2_F,1,0,0,0,1,0,0,32,0,0,12,0,0,0,1,0,0,0,1,1,0,pass_dual_rap_contact;pass_contact_balance;pass_face_angle,0.12857,0,
backbone_denovo,RAPCID_backbone_rapcid_backbone_64_model_6.cif.gz,/scratch/a2149a01/RAPCID_2610_output/backbone_denovo/RAPCID_backbone_rapcid_backbone_64_model_6.cif.gz,B,A,66,58,2.407,2.914,3.127,5,2,21,3,0.875,44.03,chain1_E_chain2_F,3,0,1,0,3,0,0,60,2,1,15,0,0,0,1,0,1,0,0,1,0,pass_dual_rap_contact;pass_face_angle;pass_direct_interface,0.28571,0,
backbone_denovo,RAPCID_backbone_rapcid_backbone_64_model_7.cif.gz,/scratch/a2149a01/RAPCID_2610_output/backbone_denovo/RAPCID_backbone_rapcid_backbone_64_model_7.cif.gz,B,A,66,58,2.818,3.479,8.672,5,0,13,0,1.0,nan,chain1_E_chain2_F,1,0,0,0,1,0,0,27,0,0,11,0,1,0,1,0,0,0,1,1,0,pass_dual_rap_contact;pass_contact_balance;pass_face_angle,0.13357,0,
backbone_denovo,RAPCID_backbone_rapcid_backbone_65_model_0.cif.gz,/scratch/a2149a01/RAPCID_2610_output/backbone_denovo/RAPCID_backbone_rapcid_backbone_65_model_0.cif.gz,A,B,62,32,2.398,3.322,3.742,2,2,8,3,0.7273,61.56,chain1_E_chain2_F,1,0,1,0,1,0,0,36,0,0,8,3,0,0,1,0,1,1,1,1,0,pass_dual_rap_contact,0.23766,0,
backbone_denovo,RAPCID_backbone_rapcid_backbone_65_model_1.cif.gz,/scratch/a2149a01/RAPCID_2610_output/backbone_denovo/RAPCID_backbone_rapcid_backbone_65_model_1.cif.gz,A,B,62,32,3.004,2.722,3.039,3,4,14,14,0.5,82.41,chain1_F_chain2_E,0,2,2,0,2,2,0,35,2,0,8,8,3,0,1,1,1,1,1,1,1,,0.49233,1,671
backbone_denovo,RAPCID_backbone_rapcid_backbone_65_model_2.cif.gz,/scratch/a2149a01/RAPCID_2610_output/backbone_denovo/RAPCID_backbone_rapcid_backbone_65_model_2.cif.gz,A,B,62,32,2.876,3.18,14.777,2,0,8,0,1.0,nan,chain1_E_chain2_F,2,0,0,0,2,0,0,31,0,0,9,0,0,0,1,0,0,0,1,1,0,pass_dual_rap_contact;pass_contact_balance;pass_face_angle,0.14714,0,
backbone_denovo,RAPCID_backbone_rapcid_backbone_65_model_3.cif.gz,/scratch/a2149a01/RAPCID_2610_output/backbone_denovo/RAPCID_backbone_rapcid_backbone_65_model_3.cif.gz,A,B,62,32,2.755,3.34,10.813,4,0,9,0,1.0,nan,chain1_E_chain2_F,1,0,0,0,1,0,0,32,0,0,9,0,1,0,1,0,0,0,1,1,0,pass_dual_rap_contact;pass_contact_balance;pass_face_angle,0.11857,0,
backbone_denovo,RAPCID_backbone_rapcid_backbone_65_model_4.cif.gz,/scratch/a2149a01/RAPCID_2610_output/backbone_denovo/RAPCID_backbone_rapcid_backbone_65_model_4.cif.gz,A,B,62,32,2.678,4.214,3.412,2,3,3,12,0.2,51.17,chain1_F_chain2_E,0,0,1,0,0,1,0,25,0,0,0,8,0,0,1,0,1,0,1,1,0,pass_dual_rap_contact;pass_face_angle,0.20357,0,
backbone_denovo,RAPCID_backbone_rapcid_backbone_65_model_5.cif.gz,/scratch/a2149a01/RAPCID_2610_output/backbone_denovo/RAPCID_backbone_rapcid_backbone_65_model_5.cif.gz,A,B,62,32,2.525,2.928,3.86,6,2,19,4,0.8261,74.75,chain1_E_chain2_F,1,0,1,0,1,0,0,31,1,0,10,3,1,0,1,1,1,1,1,1,1,,0.23398,0,
backbone_denovo,RAPCID_backbone_rapcid_backbone_65_model_6.cif.gz,/scratch/a2149a01/RAPCID_2610_output/backbone_denovo/RAPCID_backbone_rapcid_backbone_65_model_6.cif.gz,A,B,62,32,2.517,3.344,3.266,4,1,17,2,0.8947,41.26,chain1_E_chain2_F,1,1,0,0,1,0,0,33,1,1,5,5,1,0,1,0,1,0,1,1,0,pass_dual_rap_contact;pass_face_angle,0.20401,0,
backbone_denovo,RAPCID_backbone_rapcid_backbone_65_model_7.cif.gz,/scratch/a2149a01/RAPCID_2610_output/backbone_denovo/RAPCID_backbone_rapcid_backbone_65_model_7.cif.gz,A,B,62,32,2.52,6.38,2.935,0,3,0,5,0.0,nan,chain1_F_chain2_E,0,0,1,0,0,1,0,40,0,1,0,4,0,0,1,0,0,0,1,1,0,pass_dual_rap_contact;pass_contact_balance;pass_face_angle,0.08524,0,
backbone_denovo,RAPCID_backbone_rapcid_backbone_66_model_0.cif.gz,/scratch/a2149a01/RAPCID_2610_output/backbone_denovo/RAPCID_backbone_rapcid_backbone_66_model_0.cif.gz,A,B,58,47,2.313,3.458,3.186,4,4,13,10,0.5652,72.26,chain1_F_chain2_E,1,2,1,0,2,1,0,33,2,1,8,7,0,2,1,1,1,1,1,1,1,,0.4205,1,835
backbone_denovo,RAPCID_backbone_rapcid_backbone_66_model_1.cif.gz,/scratch/a2149a01/RAPCID_2610_output/backbone_denovo/RAPCID_backbone_rapcid_backbone_66_model_1.cif.gz,A,B,58,47,2.281,3.065,6.457,4,0,8,0,1.0,nan,chain1_E_chain2_F,1,0,0,0,1,0,0,30,1,0,7,0,0,0,1,0,0,0,1,1,0,pass_dual_rap_contact;pass_contact_balance;pass_face_angle,0.11524,0,
backbone_denovo,RAPCID_backbone_rapcid_backbone_66_model_2.cif.gz,/scratch/a2149a01/RAPCID_2610_output/backbone_denovo/RAPCID_backbone_rapcid_backbone_66_model_2.cif.gz,A,B,58,47,2.976,3.342,3.409,4,4,9,10,0.4737,51.83,chain1_E_chain2_F,2,0,2,0,2,0,1,25,1,1,13,0,0,0,1,1,1,0,1,1,0,pass_face_angle,0.42352,0,
backbone_denovo,RAPCID_backbone_rapcid_backbone_66_model_3.cif.gz,/scratch/a2149a01/RAPCID_2610_output/backbone_denovo/RAPCID_backbone_rapcid_backbone_66_model_3.cif.gz,A,B,58,47,2.768,3.7,2.853,2,6,8,9,0.4706,103.4,chain1_E_chain2_F,2,0,2,0,2,0,1,44,0,0,5,0,0,0,1,1,1,1,0,1,0,pass_direct_interface,0.43863,0,
backbone_denovo,RAPCID_backbone_rapcid_backbone_66_model_4.cif.gz,/scratch/a2149a01/RAPCID_2610_output/backbone_denovo/RAPCID_backbone_rapcid_backbone_66_model_4.cif.gz,A,B,58,47,2.151,3.954,12.409,2,0,4,0,1.0,nan,chain1_E_chain2_F,0,0,0,0,0,0,0,35,0,0,11,0,1,0,1,0,0,0,1,1,0,pass_dual_rap_contact;pass_contact_balance;pass_face_angle,0.1,0,
backbone_denovo,RAPCID_backbone_rapcid_backbone_66_model_5.cif.gz,/scratch/a2149a01/RAPCID_2610_output/backbone_denovo/RAPCID_backbone_rapcid_backbone_66_model_5.cif.gz,A,B,58,47,2.647,3.148,3.438,3,4,4,11,0.2667,57.38,chain1_F_chain2_E,0,1,1,0,1,1,0,30,1,1,10,10,0,0,1,1,1,0,1,1,0,pass_face_angle,0.29714,0,
backbone_denovo,RAPCID_backbone_rapcid_backbone_66_model_6.cif.gz,/scratch/a2149a01/RAPCID_2610_output/backbone_denovo/RAPCID_backbone_rapcid_backbone_66_model_6.cif.gz,A,B,58,47,2.312,7.91,3.317,0,4,0,14,0.0,nan,chain1_F_chain2_E,0,0,1,0,0,1,0,24,0,0,0,9,0,0,1,0,0,0,1,1,0,pass_dual_rap_contact;pass_contact_balance;pass_face_angle,0.13857,0,
backbone_denovo,RAPCID_backbone_rapcid_backbone_66_model_7.cif.gz,/scratch/a2149a01/RAPCID_2610_output/backbone_denovo/RAPCID_backbone_rapcid_backbone_66_model_7.cif.gz,A,B,58,47,2.565,3.173,3.609,4,7,7,13,0.35,65.15,chain1_E_chain2_F,1,1,0,3,1,3,0,47,3,2,6,12,0,0,1,1,1,1,0,1,0,pass_direct_interface,0.43762,0,
backbone_denovo,RAPCID_backbone_rapcid_backbone_67_model_0.cif.gz,/scratch/a2149a01/RAPCID_2610_output/backbone_denovo/RAPCID_backbone_rapcid_backbone_67_model_0.cif.gz,A,B,61,52,2.789,3.04,3.357,6,1,23,1,0.9583,79.06,chain1_E_chain2_F,3,0,0,0,3,0,0,40,2,0,14,3,1,0,1,0,0,1,1,1,0,pass_dual_rap_contact;pass_contact_balance,0.26924,0,
backbone_denovo,RAPCID_backbone_rapcid_backbone_67_model_1.cif.gz,/scratch/a2149a01/RAPCID_2610_output/backbone_denovo/RAPCID_backbone_rapcid_backbone_67_model_1.cif.gz,A,B,61,52,2.863,3.58,3.154,3,1,7,3,0.7,10.28,chain1_E_chain2_F,0,1,0,1,0,1,0,40,3,1,0,5,0,0,1,0,1,0,1,1,0,pass_dual_rap_contact;pass_face_angle,0.26524,0,
backbone_denovo,RAPCID_backbone_rapcid_backbone_67_model_2.cif.gz,/scratch/a2149a01/RAPCID_2610_output/backbone_denovo/RAPCID_backbone_rapcid_backbone_67_model_2.cif.gz,A,B,61,52,2.834,2.876,3.266,4,6,12,14,0.4615,93.87,chain1_E_chain2_F,2,0,0,3,2,3,0,24,1,0,9,14,0,0,1,1,1,1,1,1,1,,0.54703,1,594
backbone_denovo,RAPCID_backbone_rapcid_backbone_67_model_3.cif.gz,/scratch/a2149a01/RAPCID_2610_output/backbone_denovo/RAPCID_backbone_rapcid_backbone_67_model_3.cif.gz,A,B,61,52,2.299,2.825,3.136,5,6,13,18,0.4194,74.78,chain1_E_chain2_F,1,1,0,2,1,2,0,49,1,1,11,13,0,0,1,1,1,1,0,1,0,pass_direct_interface,0.40605,0,
backbone_denovo,RAPCID_backbone_rapcid_backbone_67_model_4.cif.gz,/scratch/a2149a01/RAPCID_2610_output/backbone_denovo/RAPCID_backbone_rapcid_backbone_67_model_4.cif.gz,A,B,61,52,2.456,3.406,12.715,4,0,11,0,1.0,nan,chain1_E_chain2_F,1,0,0,0,1,0,0,32,0,0,14,0,0,0,1,0,0,0,1,1,0,pass_dual_rap_contact;pass_contact_balance;pass_face_angle,0.12857,0,
backbone_denovo,RAPCID_backbone_rapcid_backbone_67_model_5.cif.gz,/scratch/a2149a01/RAPCID_2610_output/backbone_denovo/RAPCID_backbone_rapcid_backbone_67_model_5.cif.gz,A,B,61,52,2.636,2.967,2.996,3,4,6,11,0.3529,66.58,chain1_E_chain2_F,3,0,1,0,3,0,0,42,1,1,12,3,0,0,1,1,1,1,0,1,0,pass_direct_interface,0.36022,0,
backbone_denovo,RAPCID_backbone_rapcid_backbone_67_model_6.cif.gz,/scratch/a2149a01/RAPCID_2610_output/backbone_denovo/RAPCID_backbone_rapcid_backbone_67_model_6.cif.gz,A,B,61,52,2.839,3.276,3.518,6,5,18,12,0.6,69.54,chain1_E_chain2_F,0,3,0,3,0,3,0,41,1,1,1,12,0,1,1,1,1,1,0,1,0,pass_direct_interface,0.38084,0,
backbone_denovo,RAPCID_backbone_rapcid_backbone_67_model_7.cif.gz,/scratch/a2149a01/RAPCID_2610_output/backbone_denovo/RAPCID_backbone_rapcid_backbone_67_model_7.cif.gz,A,B,61,52,2.541,3.32,3.093,2,7,5,20,0.2,83.36,chain1_E_chain2_F,1,0,1,1,1,1,0,40,2,1,5,11,0,0,1,1,1,1,1,1,1,,0.335,0,
backbone_denovo,RAPCID_backbone_rapcid_backbone_68_model_0.cif.gz,/scratch/a2149a01/RAPCID_2610_output/backbone_denovo/RAPCID_backbone_rapcid_backbone_68_model_0.cif.gz,B,A,63,47,2.056,3.23,21.299,5,0,15,0,1.0,nan,chain1_E_chain2_F,2,0,0,0,2,0,0,15,0,0,19,0,1,0,1,0,0,0,1,1,0,pass_dual_rap_contact;pass_contact_balance;pass_face_angle,0.22214,0,
backbone_denovo,RAPCID_backbone_rapcid_backbone_68_model_1.cif.gz,/scratch/a2149a01/RAPCID_2610_output/backbone_denovo/RAPCID_backbone_rapcid_backbone_68_model_1.cif.gz,B,A,63,47,2.788,2.983,3.128,3,4,5,8,0.3846,108.62,chain1_E_chain2_F,1,0,0,3,1,3,0,35,0,1,6,11,0,0,1,1,1,1,1,1,1,,0.51687,1,628
backbone_denovo,RAPCID_backbone_rapcid_backbone_68_model_2.cif.gz,/scratch/a2149a01/RAPCID_2610_output/backbone_denovo/RAPCID_backbone_rapcid_backbone_68_model_2.cif.gz,B,A,63,47,2.565,3.051,3.25,5,5,17,16,0.5152,46.14,chain1_E_chain2_F,3,1,1,1,3,1,0,37,3,3,11,5,0,0,1,1,1,0,1,1,0,pass_face_angle,0.50823,0,
backbone_denovo,RAPCID_backbone_rapcid_backbone_68_model_3.cif.gz,/scratch/a2149a01/RAPCID_2610_output/backbone_denovo/RAPCID_backbone_rapcid_backbone_68_model_3.cif.gz,B,A,63,47,2.738,3.491,8.792,8,0,19,0,1.0,nan,chain1_F_chain2_E,1,3,0,0,3,0,0,56,2,0,11,0,0,0,1,0,0,0,0,1,0,pass_dual_rap_contact;pass_contact_balance;pass_face_angle;pass_direct_interface,0.21905,0,
backbone_denovo,RAPCID_backbone_rapcid_backbone_68_model_4.cif.gz,/scratch/a2149a01/RAPCID_2610_output/backbone_denovo/RAPCID_backbone_rapcid_backbone_68_model_4.cif.gz,B,A,63,47,2.705,2.633,3.637,5,2,14,3,0.8235,51.34,chain1_F_chain2_E,0,3,1,0,3,1,0,31,2,0,12,9,0,0,1,0,1,0,1,1,0,pass_dual_rap_contact;pass_face_angle,0.31821,0,
backbone_denovo,RAPCID_backbone_rapcid_backbone_68_model_5.cif.gz,/scratch/a2149a01/RAPCID_2610_output/backbone_denovo/RAPCID_backbone_rapcid_backbone_68_model_5.cif.gz,B,A,63,47,2.009,2.965,2.602,5,4,14,16,0.4667,129.15,chain1_F_chain2_E,0,0,2,0,0,2,1,34,2,0,3,13,0,0,1,1,1,1,1,1,1,,0.60622,1,498
backbone_denovo,RAPCID_backbone_rapcid_backbone_68_model_6.cif.gz,/scratch/a2149a01/RAPCID_2610_output/backbone_denovo/RAPCID_backbone_rapcid_backbone_68_model_6.cif.gz,B,A,63,47,2.882,2.932,3.506,9,3,29,7,0.8056,84.94,chain1_F_chain2_E,0,2,1,0,2,1,1,54,3,2,18,9,1,0,1,1,1,1,0,1,0,pass_direct_interface,0.42852,0,
backbone_denovo,RAPCID_backbone_rapcid_backbone_68_model_7.cif.gz,/scratch/a2149a01/RAPCID_2610_output/backbone_denovo/RAPCID_backbone_rapcid_backbone_68_model_7.cif.gz,B,A,63,47,2.467,3.569,14.333,5,0,11,0,1.0,nan,chain1_E_chain2_F,3,0,0,0,3,0,0,12,0,0,14,0,0,0,1,0,0,0,1,1,0,pass_dual_rap_contact;pass_contact_balance;pass_face_angle,0.26571,0,
backbone_denovo,RAPCID_backbone_rapcid_backbone_69_model_0.cif.gz,/scratch/a2149a01/RAPCID_2610_output/backbone_denovo/RAPCID_backbone_rapcid_backbone_69_model_0.cif.gz,B,A,69,34,2.843,2.575,10.936,2,0,11,0,1.0,nan,chain1_E_chain2_F,1,0,0,0,1,0,0,26,0,0,9,0,1,0,1,0,0,0,1,1,0,pass_dual_rap_contact;pass_contact_balance;pass_face_angle,0.12857,0,
backbone_denovo,RAPCID_backbone_rapcid_backbone_69_model_1.cif.gz,/scratch/a2149a01/RAPCID_2610_output/backbone_denovo/RAPCID_backbone_rapcid_backbone_69_model_1.cif.gz,B,A,69,34,2.505,2.35,3.057,6,1,22,3,0.88,71.69,chain1_E_chain2_F,1,0,1,0,1,0,0,42,1,1,3,0,0,0,1,0,1,1,0,1,0,pass_dual_rap_contact;pass_direct_interface,0.14888,0,
backbone_denovo,RAPCID_backbone_rapcid_backbone_69_model_2.cif.gz,/scratch/a2149a01/RAPCID_2610_output/backbone_denovo/RAPCID_backbone_rapcid_backbone_69_model_2.cif.gz,B,A,69,34,2.765,2.364,3.326,3,5,13,17,0.4333,64.98,chain1_E_chain2_F,1,0,0,2,1,2,0,35,1,2,11,9,0,1,1,1,1,1,1,1,1,,0.40905,1,863
backbone_denovo,RAPCID_backbone_rapcid_backbone_69_model_3.cif.gz,/scratch/a2149a01/RAPCID_2610_output/backbone_denovo/RAPCID_backbone_rapcid_backbone_69_model_3.cif.gz,B,A,69,34,2.333,2.4,2.927,3,2,9,5,0.6429,70.04,chain1_E_chain2_F,2,0,1,0,2,0,0,30,0,1,7,1,0,0,1,1,1,1,1,1,1,,0.30014,0,
backbone_denovo,RAPCID_backbone_rapcid_backbone_69_model_4.cif.gz,/scratch/a2149a01/RAPCID_2610_output/backbone_denovo/RAPCID_backbone_rapcid_backbone_69_model_4.cif.gz,B,A,69,34,19.453,2.979,40.733,8,0,27,0,1.0,nan,chain1_E_chain2_F,2,1,0,0,2,0,0,0,0,0,12,0,1,0,1,0,0,0,1,1,0,pass_dual_rap_contact;pass_contact_balance;pass_face_angle,0.21714,0,
backbone_denovo,RAPCID_backbone_rapcid_backbone_69_model_5.cif.gz,/scratch/a2149a01/RAPCID_2610_output/backbone_denovo/RAPCID_backbone_rapcid_backbone_69_model_5.cif.gz,B,A,69,34,2.772,2.742,3.584,4,2,21,6,0.7778,106.86,chain1_E_chain2_F,3,0,1,0,3,0,0,32,1,0,10,5,0,0,1,1,1,1,1,1,1,,0.41746,1,844
backbone_denovo,RAPCID_backbone_rapcid_backbone_69_model_6.cif.gz,/scratch/a2149a01/RAPCID_2610_output/backbone_denovo/RAPCID_backbone_rapcid_backbone_69_model_6.cif.gz,B,A,69,34,2.247,3.176,2.713,3,4,5,9,0.3571,67.98,chain1_F_chain2_E,1,0,2,0,0,2,0,34,0,1,4,8,0,0,1,1,1,1,1,1,1,,0.31667,0,
backbone_denovo,RAPCID_backbone_rapcid_backbone_69_model_7.cif.gz,/scratch/a2149a01/RAPCID_2610_output/backbone_denovo/RAPCID_backbone_rapcid_backbone_69_model_7.cif.gz,B,A,69,34,2.347,13.18,23.077,0,0,0,0,0.0,nan,chain1_E_chain2_F,0,0,0,0,0,0,0,31,0,0,0,0,0,0,1,0,0,0,1,1,0,pass_dual_rap_contact;pass_contact_balance;pass_face_angle,0.0,0,
backbone_denovo,RAPCID_backbone_rapcid_backbone_6_model_0.cif.gz,/scratch/a2149a01/RAPCID_2610_output/backbone_denovo/RAPCID_backbone_rapcid_backbone_6_model_0.cif.gz,B,A,48,44,2.712,3.067,6.915,4,0,8,0,1.0,nan,chain1_F_chain2_E,0,1,0,0,1,0,0,51,0,0,9,0,0,0,1,0,0,0,0,1,0,pass_dual_rap_contact;pass_contact_balance;pass_face_angle;pass_direct_interface,0.11857,0,
backbone_denovo,RAPCID_backbone_rapcid_backbone_6_model_1.cif.gz,/scratch/a2149a01/RAPCID_2610_output/backbone_denovo/RAPCID_backbone_rapcid_backbone_6_model_1.cif.gz,B,A,48,44,2.311,11.288,2.79,0,6,0,16,0.0,nan,chain1_F_chain2_E,0,0,2,0,0,2,0,44,0,0,0,13,0,0,1,0,0,0,0,1,0,pass_dual_rap_contact;pass_contact_balance;pass_face_angle;pass_direct_interface,0.15714,0,
backbone_denovo,RAPCID_backbone_rapcid_backbone_6_model_2.cif.gz,/scratch/a2149a01/RAPCID_2610_output/backbone_denovo/RAPCID_backbone_rapcid_backbone_6_model_2.cif.gz,B,A,48,44,3.022,3.311,3.16,5,4,17,8,0.68,65.76,chain1_E_chain2_F,1,1,0,2,1,2,0,20,3,2,9,9,0,0,1,1,1,1,1,1,1,,0.43705,1,783
backbone_denovo,RAPCID_backbone_rapcid_backbone_6_model_3.cif.gz,/scratch/a2149a01/RAPCID_2610_output/backbone_denovo/RAPCID_backbone_rapcid_backbone_6_model_3.cif.gz,B,A,48,44,2.749,3.417,2.995,4,6,15,24,0.3846,90.04,chain1_F_chain2_E,0,2,1,1,2,1,0,27,1,2,9,10,1,0,1,1,1,1,1,1,1,,0.46468,1,721
backbone_denovo,RAPCID_backbone_rapcid_backbone_6_model_4.cif.gz,/scratch/a2149a01/RAPCID_2610_output/backbone_denovo/RAPCID_backbone_rapcid_backbone_6_model_4.cif.gz,B,A,48,44,3.006,10.892,2.967,0,4,0,8,0.0,nan,chain1_F_chain2_E,0,0,3,0,0,3,0,20,0,0,0,10,0,0,1,0,0,0,1,1,0,pass_dual_rap_contact;pass_contact_balance;pass_face_angle,0.22571,0,
backbone_denovo,RAPCID_backbone_rapcid_backbone_6_model_5.cif.gz,/scratch/a2149a01/RAPCID_2610_output/backbone_denovo/RAPCID_backbone_rapcid_backbone_6_model_5.cif.gz,B,A,48,44,2.851,3.254,3.643,5,4,10,8,0.5556,57.69,chain1_E_chain2_F,1,1,0,2,1,2,0,15,0,0,9,11,0,0,1,1,1,0,1,1,0,pass_face_angle,0.42849,0,
backbone_denovo,RAPCID_backbone_rapcid_backbone_6_model_6.cif.gz,/scratch/a2149a01/RAPCID_2610_output/backbone_denovo/RAPCID_backbone_rapcid_backbone_6_model_6.cif.gz,B,A,48,44,2.737,3.389,3.196,3,4,13,8,0.619,64.61,chain1_E_chain2_F,2,0,1,0,2,0,0,26,1,0,9,0,0,0,1,1,1,1,1,1,1,,0.32619,0,
backbone_denovo,RAPCID_backbone_rapcid_backbone_6_model_7.cif.gz,/scratch/a2149a01/RAPCID_2610_output/backbone_denovo/RAPCID_backbone_rapcid_backbone_6_model_7.cif.gz,B,A,48,44,2.855,3.095,2.701,4,3,13,10,0.5652,73.57,chain1_E_chain2_F,2,0,0,1,2,1,0,44,2,1,10,9,0,0,1,1,1,1,0,1,0,pass_direct_interface,0.42487,0,
backbone_denovo,RAPCID_backbone_rapcid_backbone_70_model_0.cif.gz,/scratch/a2149a01/RAPCID_2610_output/backbone_denovo/RAPCID_backbone_rapcid_backbone_70_model_0.cif.gz,A,B,53,44,2.646,3.237,3.246,2,5,7,20,0.2593,53.37,chain1_F_chain2_E,1,0,2,0,0,2,0,40,2,2,0,13,2,1,1,1,1,0,1,1,0,pass_face_angle,0.32751,0,
backbone_denovo,RAPCID_backbone_rapcid_backbone_70_model_1.cif.gz,/scratch/a2149a01/RAPCID_2610_output/backbone_denovo/RAPCID_backbone_rapcid_backbone_70_model_1.cif.gz,A,B,53,44,2.721,3.616,3.009,4,3,11,11,0.5,62.11,chain1_F_chain2_E,0,2,1,0,2,1,0,42,1,1,13,10,0,0,1,1,1,1,0,1,0,pass_direct_interface,0.41905,0,
backbone_denovo,RAPCID_backbone_rapcid_backbone_70_model_2.cif.gz,/scratch/a2149a01/RAPCID_2610_output/backbone_denovo/RAPCID_backbone_rapcid_backbone_70_model_2.cif.gz,A,B,53,44,2.314,2.909,3.084,6,3,20,8,0.7143,70.83,chain1_E_chain2_F,1,1,0,3,1,3,0,47,2,1,10,9,0,0,1,1,1,1,0,1,0,pass_direct_interface,0.38469,0,
backbone_denovo,RAPCID_backbone_rapcid_backbone_70_model_3.cif.gz,/scratch/a2149a01/RAPCID_2610_output/backbone_denovo/RAPCID_backbone_rapcid_backbone_70_model_3.cif.gz,A,B,53,44,2.498,16.016,3.628,0,2,0,8,0.0,nan,chain1_F_chain2_E,0,0,1,0,0,1,0,24,0,0,0,8,0,0,1,0,0,0,1,1,0,pass_dual_rap_contact;pass_contact_balance;pass_face_angle,0.12857,0,
backbone_denovo,RAPCID_backbone_rapcid_backbone_70_model_4.cif.gz,/scratch/a2149a01/RAPCID_2610_output/backbone_denovo/RAPCID_backbone_rapcid_backbone_70_model_4.cif.gz,A,B,53,44,1.878,3.359,3.215,2,3,3,8,0.2727,69.91,chain1_F_chain2_E,1,0,2,0,0,2,0,31,1,0,2,11,0,0,0,0,1,1,1,1,0,pass_no_clash;pass_dual_rap_contact,0.28592,0,
backbone_denovo,RAPCID_backbone_rapcid_backbone_70_model_5.cif.gz,/scratch/a2149a01/RAPCID_2610_output/backbone_denovo/RAPCID_backbone_rapcid_backbone_70_model_5.cif.gz,A,B,53,44,2.708,3.672,1.904,2,9,4,23,0.1481,45.93,chain1_E_chain2_F,1,0,1,2,1,2,0,23,2,1,7,9,0,0,0,1,1,0,1,1,0,pass_no_clash;pass_face_angle,0.31997,0,
backbone_denovo,RAPCID_backbone_rapcid_backbone_70_model_6.cif.gz,/scratch/a2149a01/RAPCID_2610_output/backbone_denovo/RAPCID_backbone_rapcid_backbone_70_model_6.cif.gz,A,B,53,44,2.895,3.017,3.319,5,4,17,11,0.6071,68.93,chain1_E_chain2_F,2,0,1,0,2,0,0,42,3,2,13,0,0,0,1,1,1,1,0,1,0,pass_direct_interface,0.39762,0,
backbone_denovo,RAPCID_backbone_rapcid_backbone_70_model_7.cif.gz,/scratch/a2149a01/RAPCID_2610_output/backbone_denovo/RAPCID_backbone_rapcid_backbone_70_model_7.cif.gz,A,B,53,44,2.392,2.924,2.743,4,4,10,13,0.4348,71.12,chain1_E_chain2_F,1,1,0,2,1,2,0,37,0,1,8,11,0,0,1,1,1,1,1,1,1,,0.38338,1,940
backbone_denovo,RAPCID_backbone_rapcid_backbone_71_model_0.cif.gz,/scratch/a2149a01/RAPCID_2610_output/backbone_denovo/RAPCID_backbone_rapcid_backbone_71_model_0.cif.gz,B,A,57,48,2.6,3.258,2.765,4,3,7,7,0.5,42.19,chain1_F_chain2_E,1,1,2,0,1,2,0,46,1,2,10,10,0,0,1,1,1,0,0,1,0,pass_face_angle;pass_direct_interface,0.43571,0,
backbone_denovo,RAPCID_backbone_rapcid_backbone_71_model_1.cif.gz,/scratch/a2149a01/RAPCID_2610_output/backbone_denovo/RAPCID_backbone_rapcid_backbone_71_model_1.cif.gz,B,A,57,48,2.639,11.951,3.746,0,5,0,5,0.0,nan,chain1_F_chain2_E,0,0,2,0,0,2,0,17,0,0,0,14,0,0,1,0,0,0,1,1,0,pass_dual_rap_contact;pass_contact_balance;pass_face_angle,0.21214,0,
backbone_denovo,RAPCID_backbone_rapcid_backbone_71_model_2.cif.gz,/scratch/a2149a01/RAPCID_2610_output/backbone_denovo/RAPCID_backbone_rapcid_backbone_71_model_2.cif.gz,B,A,57,48,2.336,1.968,2.833,3,3,9,8,0.5294,76.26,chain1_E_chain2_F,0,0,0,0,0,0,0,16,0,1,7,3,0,0,0,1,1,1,1,1,0,pass_no_clash,0.38909,0,
backbone_denovo,RAPCID_backbone_rapcid_backbone_71_model_3.cif.gz,/scratch/a2149a01/RAPCID_2610_output/backbone_denovo/RAPCID_backbone_rapcid_backbone_71_model_3.cif.gz,B,A,57,48,2.784,2.513,3.371,4,4,11,7,0.6111,104.0,chain1_E_chain2_F,1,0,0,2,1,2,0,23,1,1,8,11,0,1,1,1,1,1,1,1,1,,0.51627,1,630
backbone_denovo,RAPCID_backbone_rapcid_backbone_71_model_4.cif.gz,/scratch/a2149a01/RAPCID_2610_output/backbone_denovo/RAPCID_backbone_rapcid_backbone_71_model_4.cif.gz,B,A,57,48,2.626,2.946,2.855,6,3,9,13,0.4091,128.3,chain1_F_chain2_E,1,1,2,0,1,2,1,18,1,1,12,10,0,0,1,1,1,1,1,1,1,,0.65892,1,351
backbone_denovo,RAPCID_backbone_rapcid_backbone_71_model_5.cif.gz,/scratch/a2149a01/RAPCID_2610_output/backbone_denovo/RAPCID_backbone_rapcid_backbone_71_model_5.cif.gz,B,A,57,48,2.518,3.165,3.272,1,2,2,5,0.2857,63.77,chain1_E_chain2_F,1,0,0,0,1,0,0,41,0,0,5,1,0,0,1,0,1,1,0,1,0,pass_dual_rap_contact;pass_direct_interface,0.20286,0,
backbone_denovo,RAPCID_backbone_rapcid_backbone_71_model_6.cif.gz,/scratch/a2149a01/RAPCID_2610_output/backbone_denovo/RAPCID_backbone_rapcid_backbone_71_model_6.cif.gz,B,A,57,48,2.657,3.677,2.795,3,4,8,14,0.3636,49.65,chain1_F_chain2_E,0,2,0,1,2,0,0,43,0,3,9,0,0,0,1,1,1,0,0,1,0,pass_face_angle;pass_direct_interface,0.3426,0,
backbone_denovo,RAPCID_backbone_rapcid_backbone_71_model_7.cif.gz,/scratch/a2149a01/RAPCID_2610_output/backbone_denovo/RAPCID_backbone_rapcid_backbone_71_model_7.cif.gz,B,A,57,48,2.903,2.988,2.462,3,3,15,5,0.75,37.67,chain1_E_chain2_F,2,0,1,0,2,0,0,39,1,1,10,0,0,0,1,1,1,0,1,1,0,pass_face_angle,0.29048,0,
backbone_denovo,RAPCID_backbone_rapcid_backbone_72_model_0.cif.gz,/scratch/a2149a01/RAPCID_2610_output/backbone_denovo/RAPCID_backbone_rapcid_backbone_72_model_0.cif.gz,A,B,65,45,2.655,2.866,2.928,6,4,12,14,0.4615,117.96,chain1_E_chain2_F,0,0,1,1,0,1,0,32,1,0,7,10,0,0,1,1,1,1,1,1,1,,0.49307,1,668
backbone_denovo,RAPCID_backbone_rapcid_backbone_72_model_1.cif.gz,/scratch/a2149a01/RAPCID_2610_output/backbone_denovo/RAPCID_backbone_rapcid_backbone_72_model_1.cif.gz,A,B,65,45,2.735,3.397,4.201,3,4,5,9,0.3571,36.47,chain1_F_chain2_E,1,0,2,0,0,2,0,28,1,0,0,10,0,0,1,1,1,0,1,1,0,pass_face_angle,0.31667,0,
backbone_denovo,RAPCID_backbone_rapcid_backbone_72_model_2.cif.gz,/scratch/a2149a01/RAPCID_2610_output/backbone_denovo/RAPCID_backbone_rapcid_backbone_72_model_2.cif.gz,A,B,65,45,2.933,2.965,3.201,5,4,12,17,0.4138,84.5,chain1_F_chain2_E,1,0,2,0,0,2,1,33,0,1,7,13,0,0,1,1,1,1,1,1,1,,0.41957,1,837
backbone_denovo,RAPCID_backbone_rapcid_backbone_72_model_3.cif.gz,/scratch/a2149a01/RAPCID_2610_output/backbone_denovo/RAPCID_backbone_rapcid_backbone_72_model_3.cif.gz,A,B,65,45,2.751,2.898,21.661,9,0,29,0,1.0,nan,chain1_E_chain2_F,2,0,0,0,2,0,0,14,0,0,18,0,1,0,1,0,0,0,1,1,0,pass_dual_rap_contact;pass_contact_balance;pass_face_angle,0.22714,0,
backbone_denovo,RAPCID_backbone_rapcid_backbone_72_model_4.cif.gz,/scratch/a2149a01/RAPCID_2610_output/backbone_denovo/RAPCID_backbone_rapcid_backbone_72_model_4.cif.gz,A,B,65,45,2.667,2.044,2.838,5,1,21,3,0.875,75.7,chain1_F_chain2_E,1,0,2,0,0,2,0,40,2,1,1,8,0,0,1,0,1,1,1,1,0,pass_dual_rap_contact,0.26947,0,
backbone_denovo,RAPCID_backbone_rapcid_backbone_72_model_5.cif.gz,/scratch/a2149a01/RAPCID_2610_output/backbone_denovo/RAPCID_backbone_rapcid_backbone_72_model_5.cif.gz,A,B,65,45,2.674,2.217,2.926,4,3,14,9,0.6087,100.33,chain1_E_chain2_F,1,0,1,0,1,0,0,40,0,0,7,1,0,0,1,1,1,1,1,1,1,,0.36951,1,981
backbone_denovo,RAPCID_backbone_rapcid_backbone_72_model_6.cif.gz,/scratch/a2149a01/RAPCID_2610_output/backbone_denovo/RAPCID_backbone_rapcid_backbone_72_model_6.cif.gz,A,B,65,45,2.628,3.321,3.126,5,3,14,9,0.6087,55.52,chain1_E_chain2_F,1,0,0,1,1,1,0,41,3,1,8,11,0,1,1,1,1,0,0,1,0,pass_face_angle;pass_direct_interface,0.38033,0,
backbone_denovo,RAPCID_backbone_rapcid_backbone_72_model_7.cif.gz,/scratch/a2149a01/RAPCID_2610_output/backbone_denovo/RAPCID_backbone_rapcid_backbone_72_model_7.cif.gz,A,B,65,45,2.703,2.835,3.292,3,2,9,5,0.6429,71.96,chain1_E_chain2_F,1,0,0,0,1,0,0,24,1,1,8,3,1,0,1,1,1,1,1,1,1,,0.33462,0,
backbone_denovo,RAPCID_backbone_rapcid_backbone_73_model_0.cif.gz,/scratch/a2149a01/RAPCID_2610_output/backbone_denovo/RAPCID_backbone_rapcid_backbone_73_model_0.cif.gz,A,B,52,52,2.449,3.172,2.974,5,3,15,9,0.625,77.13,chain1_F_chain2_E,0,3,1,1,3,1,0,59,1,1,13,9,0,0,1,1,1,1,0,1,0,pass_direct_interface,0.42472,0,
backbone_denovo,RAPCID_backbone_rapcid_backbone_73_model_1.cif.gz,/scratch/a2149a01/RAPCID_2610_output/backbone_denovo/RAPCID_backbone_rapcid_backbone_73_model_1.cif.gz,A,B,52,52,2.795,2.542,1.494,4,5,8,24,0.25,78.23,chain1_F_chain2_E,1,1,1,0,1,1,0,43,1,1,6,7,0,0,0,1,1,1,0,1,0,pass_no_clash;pass_direct_interface,0.32125,0,
backbone_denovo,RAPCID_backbone_rapcid_backbone_73_model_2.cif.gz,/scratch/a2149a01/RAPCID_2610_output/backbone_denovo/RAPCID_backbone_rapcid_backbone_73_model_2.cif.gz,A,B,52,52,2.285,3.495,2.636,4,6,4,19,0.1739,68.49,chain1_F_chain2_E,0,3,2,1,3,2,0,57,2,2,12,10,0,0,1,1,1,1,0,1,0,pass_direct_interface,0.37909,0,
backbone_denovo,RAPCID_backbone_rapcid_backbone_73_model_3.cif.gz,/scratch/a2149a01/RAPCID_2610_output/backbone_denovo/RAPCID_backbone_rapcid_backbone_73_model_3.cif.gz,A,B,52,52,2.114,3.581,3.057,1,4,2,8,0.2,61.9,chain1_E_chain2_F,1,0,1,0,1,0,0,39,0,1,6,1,0,0,1,0,1,1,1,1,0,pass_dual_rap_contact,0.19524,0,
backbone_denovo,RAPCID_backbone_rapcid_backbone_73_model_4.cif.gz,/scratch/a2149a01/RAPCID_2610_output/backbone_denovo/RAPCID_backbone_rapcid_backbone_73_model_4.cif.gz,A,B,52,52,2.514,3.365,3.239,4,3,15,8,0.6522,68.16,chain1_F_chain2_E,1,1,1,0,1,1,0,45,1,1,14,12,0,0,1,1,1,1,0,1,0,pass_direct_interface,0.32961,0,
backbone_denovo,RAPCID_backbone_rapcid_backbone_73_model_5.cif.gz,/scratch/a2149a01/RAPCID_2610_output/backbone_denovo/RAPCID_backbone_rapcid_backbone_73_model_5.cif.gz,A,B,52,52,2.855,2.99,2.396,4,4,17,17,0.5,58.78,chain1_F_chain2_E,0,1,1,0,1,1,0,42,3,3,12,11,0,0,1,1,1,0,0,1,0,pass_face_angle;pass_direct_interface,0.45714,0,
backbone_denovo,RAPCID_backbone_rapcid_backbone_73_model_6.cif.gz,/scratch/a2149a01/RAPCID_2610_output/backbone_denovo/RAPCID_backbone_rapcid_backbone_73_model_6.cif.gz,A,B,52,52,2.584,3.72,2.742,4,5,8,15,0.3478,76.34,chain1_F_chain2_E,0,3,1,1,3,1,0,54,0,2,11,10,0,0,1,1,1,1,0,1,0,pass_direct_interface,0.41122,0,
backbone_denovo,RAPCID_backbone_rapcid_backbone_73_model_7.cif.gz,/scratch/a2149a01/RAPCID_2610_output/backbone_denovo/RAPCID_backbone_rapcid_backbone_73_model_7.cif.gz,A,B,52,52,2.638,3.36,2.644,4,7,13,20,0.3939,66.27,chain1_F_chain2_E,0,3,2,1,3,2,0,61,2,2,13,11,0,0,1,1,1,1,0,1,0,pass_direct_interface,0.4671,0,
backbone_denovo,RAPCID_backbone_rapcid_backbone_74_model_0.cif.gz,/scratch/a2149a01/RAPCID_2610_output/backbone_denovo/RAPCID_backbone_rapcid_backbone_74_model_0.cif.gz,A,B,63,34,2.45,2.939,2.731,5,2,16,7,0.6957,92.46,chain1_E_chain2_F,2,0,1,0,2,0,0,33,1,0,14,0,0,1,1,1,1,1,1,1,1,,0.37375,1,970
backbone_denovo,RAPCID_backbone_rapcid_backbone_74_model_1.cif.gz,/scratch/a2149a01/RAPCID_2610_output/backbone_denovo/RAPCID_backbone_rapcid_backbone_74_model_1.cif.gz,A,B,63,34,2.142,3.005,3.27,4,2,13,7,0.65,56.84,chain1_E_chain2_F,2,0,0,0,2,0,0,27,2,1,9,0,0,0,1,1,1,0,1,1,0,pass_face_angle,0.34214,0,
backbone_denovo,RAPCID_backbone_rapcid_backbone_74_model_2.cif.gz,/scratch/a2149a01/RAPCID_2610_output/backbone_denovo/RAPCID_backbone_rapcid_backbone_74_model_2.cif.gz,A,B,63,34,2.08,3.436,3.693,3,3,12,5,0.7059,86.74,chain1_E_chain2_F,2,0,1,1,2,1,0,27,1,0,11,4,0,0,1,1,1,1,1,1,1,,0.38416,1,937
backbone_denovo,RAPCID_backbone_rapcid_backbone_74_model_3.cif.gz,/scratch/a2149a01/RAPCID_2610_output/backbone_denovo/RAPCID_backbone_rapcid_backbone_74_model_3.cif.gz,A,B,63,34,2.696,3.426,3.956,3,3,8,3,0.7273,58.79,chain1_F_chain2_E,0,2,0,0,2,0,0,38,1,0,12,3,0,0,1,0,1,0,1,1,0,pass_dual_rap_contact;pass_face_angle,0.2829,0,
backbone_denovo,RAPCID_backbone_rapcid_backbone_74_model_4.cif.gz,/scratch/a2149a01/RAPCID_2610_output/backbone_denovo/RAPCID_backbone_rapcid_backbone_74_model_4.cif.gz,A,B,63,34,2.421,1.663,3.596,5,2,22,4,0.8462,45.25,chain1_E_chain2_F,2,0,1,0,2,0,0,39,1,0,10,0,0,0,0,1,1,0,1,1,0,pass_no_clash;pass_face_angle,0.23535,0,
backbone_denovo,RAPCID_backbone_rapcid_backbone_74_model_5.cif.gz,/scratch/a2149a01/RAPCID_2610_output/backbone_denovo/RAPCID_backbone_rapcid_backbone_74_model_5.cif.gz,A,B,63,34,1.806,2.326,3.629,6,1,22,1,0.9565,72.31,chain1_E_chain2_F,1,0,0,0,1,0,0,36,1,1,8,3,0,0,0,0,0,1,1,1,0,pass_no_clash;pass_dual_rap_contact;pass_contact_balance,0.19032,0,
backbone_denovo,RAPCID_backbone_rapcid_backbone_74_model_6.cif.gz,/scratch/a2149a01/RAPCID_2610_output/backbone_denovo/RAPCID_backbone_rapcid_backbone_74_model_6.cif.gz,A,B,63,34,3.025,2.672,11.282,6,0,21,0,1.0,nan,chain1_E_chain2_F,2,2,0,0,2,0,0,32,0,0,10,0,0,0,1,0,0,0,1,1,0,pass_dual_rap_contact;pass_contact_balance;pass_face_angle,0.15714,0,
backbone_denovo,RAPCID_backbone_rapcid_backbone_74_model_7.cif.gz,/scratch/a2149a01/RAPCID_2610_output/backbone_denovo/RAPCID_backbone_rapcid_backbone_74_model_7.cif.gz,A,B,63,34,2.743,2.376,3.521,6,3,22,6,0.7857,100.06,chain1_E_chain2_F,1,0,0,1,1,1,0,28,1,0,8,5,0,0,1,1,1,1,1,1,1,,0.36307,1,998
backbone_denovo,RAPCID_backbone_rapcid_backbone_75_model_0.cif.gz,/scratch/a2149a01/RAPCID_2610_output/backbone_denovo/RAPCID_backbone_rapcid_backbone_75_model_0.cif.gz,A,B,68,55,2.734,2.854,3.048,4,4,16,13,0.5517,71.68,chain1_E_chain2_F,2,0,1,0,2,0,0,24,2,1,10,5,0,0,1,1,1,1,1,1,1,,0.41539,1,849
backbone_denovo,RAPCID_backbone_rapcid_backbone_75_model_1.cif.gz,/scratch/a2149a01/RAPCID_2610_output/backbone_denovo/RAPCID_backbone_rapcid_backbone_75_model_1.cif.gz,A,B,68,55,2.571,2.855,2.111,8,5,23,16,0.5897,91.1,chain1_F_chain2_E,1,3,1,0,3,1,0,37,3,1,11,6,0,0,1,1,1,1,1,1,1,,0.51872,1,624
backbone_denovo,RAPCID_backbone_rapcid_backbone_75_model_2.cif.gz,/scratch/a2149a01/RAPCID_2610_output/backbone_denovo/RAPCID_backbone_rapcid_backbone_75_model_2.cif.gz,A,B,68,55,2.273,2.738,11.144,5,0,25,0,1.0,nan,chain1_E_chain2_F,3,0,0,0,3,0,1,39,0,0,16,0,0,0,1,0,0,0,1,1,0,pass_dual_rap_contact;pass_contact_balance;pass_face_angle,0.21429,0,
backbone_denovo,RAPCID_backbone_rapcid_backbone_75_model_3.cif.gz,/scratch/a2149a01/RAPCID_2610_output/backbone_denovo/RAPCID_backbone_rapcid_backbone_75_model_3.cif.gz,A,B,68,55,2.779,3.147,3.755,4,4,10,6,0.625,76.57,chain1_F_chain2_E,0,1,0,0,1,0,0,50,2,0,9,5,0,1,1,1,1,1,0,1,0,pass_direct_interface,0.33715,0,
backbone_denovo,RAPCID_backbone_rapcid_backbone_75_model_4.cif.gz,/scratch/a2149a01/RAPCID_2610_output/backbone_denovo/RAPCID_backbone_rapcid_backbone_75_model_4.cif.gz,A,B,68,55,2.397,4.326,9.965,1,0,1,0,1.0,nan,chain1_E_chain2_F,0,0,0,0,0,0,0,45,0,0,1,0,0,0,1,0,0,0,0,1,0,pass_dual_rap_contact;pass_contact_balance;pass_face_angle;pass_direct_interface,0.01,0,
backbone_denovo,RAPCID_backbone_rapcid_backbone_75_model_5.cif.gz,/scratch/a2149a01/RAPCID_2610_output/backbone_denovo/RAPCID_backbone_rapcid_backbone_75_model_5.cif.gz,A,B,68,55,2.299,2.889,17.207,7,0,15,0,1.0,nan,chain1_E_chain2_F,1,1,0,0,1,0,0,20,0,0,9,0,0,0,1,0,0,0,1,1,0,pass_dual_rap_contact;pass_contact_balance;pass_face_angle,0.15857,0,
backbone_denovo,RAPCID_backbone_rapcid_backbone_75_model_6.cif.gz,/scratch/a2149a01/RAPCID_2610_output/backbone_denovo/RAPCID_backbone_rapcid_backbone_75_model_6.cif.gz,A,B,68,55,3.154,13.379,3.118,0,7,0,20,0.0,nan,chain1_E_chain2_F,0,0,1,1,0,1,0,11,0,0,0,5,0,0,1,0,0,0,1,1,0,pass_dual_rap_contact;pass_contact_balance;pass_face_angle,0.16357,0,
backbone_denovo,RAPCID_backbone_rapcid_backbone_75_model_7.cif.gz,/scratch/a2149a01/RAPCID_2610_output/backbone_denovo/RAPCID_backbone_rapcid_backbone_75_model_7.cif.gz,A,B,68,55,2.584,1.902,3.634,5,3,14,4,0.7778,57.66,chain1_E_chain2_F,2,0,1,0,2,0,0,46,1,2,8,0,0,0,0,1,1,0,0,1,0,pass_no_clash;pass_face_angle;pass_direct_interface,0.27603,0,
backbone_denovo,RAPCID_backbone_rapcid_backbone_76_model_0.cif.gz,/scratch/a2149a01/RAPCID_2610_output/backbone_denovo/RAPCID_backbone_rapcid_backbone_76_model_0.cif.gz,A,B,57,41,2.866,3.238,2.945,4,2,11,6,0.6471,67.33,chain1_E_chain2_F,2,0,2,0,2,0,0,34,1,1,5,0,1,0,1,1,1,1,1,1,1,,0.28165,0,
backbone_denovo,RAPCID_backbone_rapcid_backbone_76_model_1.cif.gz,/scratch/a2149a01/RAPCID_2610_output/backbone_denovo/RAPCID_backbone_rapcid_backbone_76_model_1.cif.gz,A,B,57,41,2.921,3.006,3.465,4,4,10,7,0.5882,75.27,chain1_E_chain2_F,2,0,2,0,2,0,0,23,0,0,5,0,0,0,1,1,1,1,1,1,1,,0.31776,0,
backbone_denovo,RAPCID_backbone_rapcid_backbone_76_model_2.cif.gz,/scratch/a2149a01/RAPCID_2610_output/backbone_denovo/RAPCID_backbone_rapcid_backbone_76_model_2.cif.gz,A,B,57,41,2.851,2.84,11.213,8,0,27,0,1.0,nan,chain1_F_chain2_E,1,2,0,0,2,0,0,27,0,0,15,0,1,0,1,0,0,0,1,1,0,pass_dual_rap_contact;pass_contact_balance;pass_face_angle,0.16214,0,
backbone_denovo,RAPCID_backbone_rapcid_backbone_76_model_3.cif.gz,/scratch/a2149a01/RAPCID_2610_output/backbone_denovo/RAPCID_backbone_rapcid_backbone_76_model_3.cif.gz,A,B,57,41,2.591,3.222,3.313,4,5,10,13,0.4348,62.4,chain1_E_chain2_F,1,0,0,1,1,1,0,29,1,1,4,10,0,0,1,1,1,1,1,1,1,,0.36439,1,994
backbone_denovo,RAPCID_backbone_rapcid_backbone_76_model_4.cif.gz,/scratch/a2149a01/RAPCID_2610_output/backbone_denovo/RAPCID_backbone_rapcid_backbone_76_model_4.cif.gz,A,B,57,41,2.538,3.317,10.351,6,0,15,0,1.0,nan,chain1_F_chain2_E,0,3,0,0,3,0,0,26,0,0,13,0,0,0,1,0,0,0,1,1,0,pass_dual_rap_contact;pass_contact_balance;pass_face_angle,0.19571,0,
backbone_denovo,RAPCID_backbone_rapcid_backbone_76_model_5.cif.gz,/scratch/a2149a01/RAPCID_2610_output/backbone_denovo/RAPCID_backbone_rapcid_backbone_76_model_5.cif.gz,A,B,57,41,2.548,2.76,3.837,4,3,9,4,0.6923,70.06,chain1_E_chain2_F,3,0,1,0,3,0,0,39,0,1,9,3,0,0,1,1,1,1,1,1,1,,0.32898,0,
backbone_denovo,RAPCID_backbone_rapcid_backbone_76_model_6.cif.gz,/scratch/a2149a01/RAPCID_2610_output/backbone_denovo/RAPCID_backbone_rapcid_backbone_76_model_6.cif.gz,A,B,57,41,2.443,2.629,2.346,5,6,11,26,0.2973,128.78,chain1_E_chain2_F,0,0,1,1,0,1,0,23,0,1,4,11,0,0,1,1,1,1,1,1,1,,0.48843,1,677
backbone_denovo,RAPCID_backbone_rapcid_backbone_76_model_7.cif.gz,/scratch/a2149a01/RAPCID_2610_output/backbone_denovo/RAPCID_backbone_rapcid_backbone_76_model_7.cif.gz,A,B,57,41,2.43,1.806,3.162,4,3,11,6,0.6471,64.8,chain1_F_chain2_E,0,0,2,0,0,2,0,17,0,2,1,10,0,0,0,1,1,1,1,1,0,pass_no_clash,0.38665,0,
backbone_denovo,RAPCID_backbone_rapcid_backbone_77_model_0.cif.gz,/scratch/a2149a01/RAPCID_2610_output/backbone_denovo/RAPCID_backbone_rapcid_backbone_77_model_0.cif.gz,A,B,44,41,2.939,2.482,3.497,4,3,12,6,0.6667,112.61,chain1_E_chain2_F,2,0,1,0,2,0,1,23,0,0,11,4,0,0,1,1,1,1,1,1,1,,0.48942,1,675
backbone_denovo,RAPCID_backbone_rapcid_backbone_77_model_1.cif.gz,/scratch/a2149a01/RAPCID_2610_output/backbone_denovo/RAPCID_backbone_rapcid_backbone_77_model_1.cif.gz,A,B,44,41,2.526,3.078,3.064,4,4,10,18,0.3571,62.31,chain1_F_chain2_E,1,1,3,0,1,3,0,36,2,2,8,11,0,1,1,1,1,1,1,1,1,,0.42381,1,826
backbone_denovo,RAPCID_backbone_rapcid_backbone_77_model_2.cif.gz,/scratch/a2149a01/RAPCID_2610_output/backbone_denovo/RAPCID_backbone_rapcid_backbone_77_model_2.cif.gz,A,B,44,41,2.722,3.131,3.246,4,6,10,17,0.3704,65.05,chain1_F_chain2_E,0,2,1,1,2,1,0,48,3,1,9,10,0,0,1,1,1,1,0,1,0,pass_direct_interface,0.40053,0,
backbone_denovo,RAPCID_backbone_rapcid_backbone_77_model_3.cif.gz,/scratch/a2149a01/RAPCID_2610_output/backbone_denovo/RAPCID_backbone_rapcid_backbone_77_model_3.cif.gz,A,B,44,41,2.641,3.619,2.887,1,5,2,13,0.1333,38.95,chain1_F_chain2_E,0,0,1,0,0,1,0,38,1,2,0,7,0,0,1,0,1,0,1,1,0,pass_dual_rap_contact;pass_face_angle,0.2019,0,
backbone_denovo,RAPCID_backbone_rapcid_backbone_77_model_4.cif.gz,/scratch/a2149a01/RAPCID_2610_output/backbone_denovo/RAPCID_backbone_rapcid_backbone_77_model_4.cif.gz,A,B,44,41,2.697,10.068,3.193,0,6,0,16,0.0,nan,chain1_F_chain2_E,0,0,2,0,0,2,0,16,0,0,0,11,0,0,1,0,0,0,1,1,0,pass_dual_rap_contact;pass_contact_balance;pass_face_angle,0.21714,0,
backbone_denovo,RAPCID_backbone_rapcid_backbone_77_model_5.cif.gz,/scratch/a2149a01/RAPCID_2610_output/backbone_denovo/RAPCID_backbone_rapcid_backbone_77_model_5.cif.gz,A,B,44,41,2.474,3.201,2.754,5,4,15,8,0.6522,67.47,chain1_E_chain2_F,1,1,0,3,1,3,0,39,0,1,11,10,0,0,1,1,1,1,1,1,1,,0.37008,1,979
backbone_denovo,RAPCID_backbone_rapcid_backbone_77_model_6.cif.gz,/scratch/a2149a01/RAPCID_2610_output/backbone_denovo/RAPCID_backbone_rapcid_backbone_77_model_6.cif.gz,A,B,44,41,2.736,2.79,2.713,4,4,14,11,0.56,55.73,chain1_F_chain2_E,0,3,0,1,3,0,0,20,1,2,13,0,0,0,1,1,1,0,1,1,0,pass_face_angle,0.45171,0,
backbone_denovo,RAPCID_backbone_rapcid_backbone_77_model_7.cif.gz,/scratch/a2149a01/RAPCID_2610_output/backbone_denovo/RAPCID_backbone_rapcid_backbone_77_model_7.cif.gz,A,B,44,41,2.156,3.614,3.658,3,4,9,8,0.5294,70.26,chain1_E_chain2_F,1,1,0,1,1,1,0,39,0,0,4,9,1,0,1,1,1,1,1,1,1,,0.34957,0,
backbone_denovo,RAPCID_backbone_rapcid_backbone_78_model_0.cif.gz,/scratch/a2149a01/RAPCID_2610_output/backbone_denovo/RAPCID_backbone_rapcid_backbone_78_model_0.cif.gz,A,B,56,43,2.724,3.095,3.559,6,3,15,8,0.6522,70.51,chain1_F_chain2_E,0,3,0,1,3,0,0,52,1,1,14,9,0,0,1,1,1,1,0,1,0,pass_direct_interface,0.36322,0,
backbone_denovo,RAPCID_backbone_rapcid_backbone_78_model_1.cif.gz,/scratch/a2149a01/RAPCID_2610_output/backbone_denovo/RAPCID_backbone_rapcid_backbone_78_model_1.cif.gz,A,B,56,43,2.477,3.865,3.509,5,3,11,8,0.5789,64.08,chain1_F_chain2_E,0,2,1,1,2,1,0,33,0,1,15,10,0,0,1,1,1,1,1,1,1,,0.3708,1,976
backbone_denovo,RAPCID_backbone_rapcid_backbone_78_model_2.cif.gz,/scratch/a2149a01/RAPCID_2610_output/backbone_denovo/RAPCID_backbone_rapcid_backbone_78_model_2.cif.gz,A,B,56,43,2.838,3.148,2.84,5,4,13,9,0.5909,81.06,chain1_F_chain2_E,0,3,1,0,3,1,0,47,1,2,13,9,0,0,1,1,1,1,0,1,0,pass_direct_interface,0.46814,0,
backbone_denovo,RAPCID_backbone_rapcid_backbone_78_model_3.cif.gz,/scratch/a2149a01/RAPCID_2610_output/backbone_denovo/RAPCID_backbone_rapcid_backbone_78_model_3.cif.gz,A,B,56,43,2.184,3.208,3.062,6,4,13,8,0.619,71.34,chain1_F_chain2_E,0,3,1,0,3,1,0,38,1,2,15,10,0,0,1,1,1,1,1,1,1,,0.42448,1,823
backbone_denovo,RAPCID_backbone_rapcid_backbone_78_model_4.cif.gz,/scratch/a2149a01/RAPCID_2610_output/backbone_denovo/RAPCID_backbone_rapcid_backbone_78_model_4.cif.gz,A,B,56,43,2.542,4.034,2.668,3,5,3,21,0.125,71.31,chain1_F_chain2_E,0,1,2,1,1,2,0,49,0,2,8,11,0,0,1,0,1,1,0,1,0,pass_dual_rap_contact;pass_direct_interface,0.27675,0,
backbone_denovo,RAPCID_backbone_rapcid_backbone_78_model_5.cif.gz,/scratch/a2149a01/RAPCID_2610_output/backbone_denovo/RAPCID_backbone_rapcid_backbone_78_model_5.cif.gz,A,B,56,43,2.384,3.436,2.491,2,3,4,11,0.2667,94.94,chain1_E_chain2_F,0,0,1,2,0,2,0,27,0,1,1,10,1,1,1,1,1,1,1,1,1,,0.37195,1,973
backbone_denovo,RAPCID_backbone_rapcid_backbone_78_model_6.cif.gz,/scratch/a2149a01/RAPCID_2610_output/backbone_denovo/RAPCID_backbone_rapcid_backbone_78_model_6.cif.gz,A,B,56,43,18.869,2.854,28.889,9,0,28,0,1.0,nan,chain1_E_chain2_F,2,0,0,0,2,0,0,0,0,0,13,0,1,0,1,0,0,0,1,1,0,pass_dual_rap_contact;pass_contact_balance;pass_face_angle,0.21714,0,
backbone_denovo,RAPCID_backbone_rapcid_backbone_78_model_7.cif.gz,/scratch/a2149a01/RAPCID_2610_output/backbone_denovo/RAPCID_backbone_rapcid_backbone_78_model_7.cif.gz,A,B,56,43,2.36,3.511,3.642,2,2,3,6,0.3333,71.74,chain1_E_chain2_F,1,0,1,0,1,0,0,30,1,0,6,4,0,0,1,0,1,1,1,1,0,pass_dual_rap_contact,0.28771,0,
backbone_denovo,RAPCID_backbone_rapcid_backbone_79_model_0.cif.gz,/scratch/a2149a01/RAPCID_2610_output/backbone_denovo/RAPCID_backbone_rapcid_backbone_79_model_0.cif.gz,B,A,60,32,2.944,2.898,7.081,5,0,10,0,1.0,nan,chain1_E_chain2_F,2,0,0,0,2,0,0,34,1,0,3,0,0,0,1,0,0,0,1,1,0,pass_dual_rap_contact;pass_contact_balance;pass_face_angle,0.10381,0,
backbone_denovo,RAPCID_backbone_rapcid_backbone_79_model_1.cif.gz,/scratch/a2149a01/RAPCID_2610_output/backbone_denovo/RAPCID_backbone_rapcid_backbone_79_model_1.cif.gz,B,A,60,32,3.134,2.783,14.249,5,0,11,0,1.0,nan,chain1_E_chain2_F,2,0,0,0,2,0,1,25,0,0,13,0,0,0,1,0,0,0,1,1,0,pass_dual_rap_contact;pass_contact_balance;pass_face_angle,0.20071,0,
backbone_denovo,RAPCID_backbone_rapcid_backbone_79_model_2.cif.gz,/scratch/a2149a01/RAPCID_2610_output/backbone_denovo/RAPCID_backbone_rapcid_backbone_79_model_2.cif.gz,B,A,60,32,2.575,2.993,2.563,4,3,11,8,0.5789,67.81,chain1_E_chain2_F,2,0,1,1,2,1,0,41,1,0,7,3,1,0,1,1,1,1,0,1,0,pass_direct_interface,0.3708,0,
backbone_denovo,RAPCID_backbone_rapcid_backbone_79_model_3.cif.gz,/scratch/a2149a01/RAPCID_2610_output/backbone_denovo/RAPCID_backbone_rapcid_backbone_79_model_3.cif.gz,B,A,60,32,3.111,3.148,2.707,4,4,13,12,0.52,66.47,chain1_E_chain2_F,2,0,0,1,2,1,0,32,1,1,7,6,0,0,1,1,1,1,1,1,1,,0.41105,1,854
backbone_denovo,RAPCID_backbone_rapcid_backbone_79_model_4.cif.gz,/scratch/a2149a01/RAPCID_2610_output/backbone_denovo/RAPCID_backbone_rapcid_backbone_79_model_4.cif.gz,B,A,60,32,2.773,3.017,2.699,6,5,20,15,0.5714,77.53,chain1_F_chain2_E,0,2,1,2,2,1,0,46,3,2,9,10,0,0,1,1,1,1,0,1,0,pass_direct_interface,0.46891,0,
backbone_denovo,RAPCID_backbone_rapcid_backbone_79_model_5.cif.gz,/scratch/a2149a01/RAPCID_2610_output/backbone_denovo/RAPCID_backbone_rapcid_backbone_79_model_5.cif.gz,B,A,60,32,2.756,2.652,2.545,4,3,9,11,0.45,81.85,chain1_E_chain2_F,0,0,0,0,0,0,0,30,0,1,8,0,0,0,1,1,1,1,1,1,1,,0.31949,0,
backbone_denovo,RAPCID_backbone_rapcid_backbone_79_model_6.cif.gz,/scratch/a2149a01/RAPCID_2610_output/backbone_denovo/RAPCID_backbone_rapcid_backbone_79_model_6.cif.gz,B,A,60,32,2.456,3.51,10.231,3,0,7,0,1.0,nan,chain1_E_chain2_F,1,0,0,0,1,0,0,24,0,0,9,0,0,0,1,0,0,0,1,1,0,pass_dual_rap_contact;pass_contact_balance;pass_face_angle,0.13857,0,
backbone_denovo,RAPCID_backbone_rapcid_backbone_79_model_7.cif.gz,/scratch/a2149a01/RAPCID_2610_output/backbone_denovo/RAPCID_backbone_rapcid_backbone_79_model_7.cif.gz,B,A,60,32,2.593,3.654,10.497,3,0,4,0,1.0,nan,chain1_F_chain2_E,0,1,0,0,1,0,0,31,0,0,9,0,0,0,1,0,0,0,1,1,0,pass_dual_rap_contact;pass_contact_balance;pass_face_angle,0.11857,0,
backbone_denovo,RAPCID_backbone_rapcid_backbone_7_model_0.cif.gz,/scratch/a2149a01/RAPCID_2610_output/backbone_denovo/RAPCID_backbone_rapcid_backbone_7_model_0.cif.gz,B,A,57,40,2.904,2.489,7.419,5,0,10,0,1.0,nan,chain1_E_chain2_F,1,0,0,0,1,0,0,19,0,0,9,0,0,0,1,0,0,0,1,1,0,pass_dual_rap_contact;pass_contact_balance;pass_face_angle,0.16357,0,
backbone_denovo,RAPCID_backbone_rapcid_backbone_7_model_1.cif.gz,/scratch/a2149a01/RAPCID_2610_output/backbone_denovo/RAPCID_backbone_rapcid_backbone_7_model_1.cif.gz,B,A,57,40,1.132,2.648,3.523,4,1,10,4,0.7143,80.59,chain1_E_chain2_F,2,0,0,0,2,0,0,34,1,0,7,6,0,1,0,0,1,1,1,1,0,pass_no_clash;pass_dual_rap_contact,0.32674,0,
backbone_denovo,RAPCID_backbone_rapcid_backbone_7_model_2.cif.gz,/scratch/a2149a01/RAPCID_2610_output/backbone_denovo/RAPCID_backbone_rapcid_backbone_7_model_2.cif.gz,B,A,57,40,2.436,2.79,3.125,6,4,14,14,0.5,88.57,chain1_E_chain2_F,1,0,0,2,1,2,0,35,1,0,7,10,2,0,1,1,1,1,1,1,1,,0.4676,1,715
backbone_denovo,RAPCID_backbone_rapcid_backbone_7_model_3.cif.gz,/scratch/a2149a01/RAPCID_2610_output/backbone_denovo/RAPCID_backbone_rapcid_backbone_7_model_3.cif.gz,B,A,57,40,2.81,3.204,3.035,2,4,8,13,0.381,77.42,chain1_E_chain2_F,1,0,1,1,1,1,0,21,0,1,7,7,0,0,1,1,1,1,1,1,1,,0.38927,1,920
backbone_denovo,RAPCID_backbone_rapcid_backbone_7_model_4.cif.gz,/scratch/a2149a01/RAPCID_2610_output/backbone_denovo/RAPCID_backbone_rapcid_backbone_7_model_4.cif.gz,B,A,57,40,2.751,3.799,13.29,3,0,10,0,1.0,nan,chain1_E_chain2_F,2,0,0,0,2,0,0,25,0,0,10,0,2,0,1,0,0,0,1,1,0,pass_dual_rap_contact;pass_contact_balance;pass_face_angle,0.17214,0,
backbone_denovo,RAPCID_backbone_rapcid_backbone_7_model_5.cif.gz,/scratch/a2149a01/RAPCID_2610_output/backbone_denovo/RAPCID_backbone_rapcid_backbone_7_model_5.cif.gz,B,A,57,40,2.667,10.565,3.615,0,4,0,5,0.0,nan,chain1_E_chain2_F,0,0,0,0,0,0,0,33,0,0,0,0,0,0,1,0,0,0,1,1,0,pass_dual_rap_contact;pass_contact_balance;pass_face_angle,0.0,0,
backbone_denovo,RAPCID_backbone_rapcid_backbone_7_model_6.cif.gz,/scratch/a2149a01/RAPCID_2610_output/backbone_denovo/RAPCID_backbone_rapcid_backbone_7_model_6.cif.gz,B,A,57,40,1.936,2.919,3.451,5,5,11,20,0.3548,104.09,chain1_E_chain2_F,1,0,1,1,1,1,0,38,1,1,5,9,0,0,0,1,1,1,1,1,0,pass_no_clash,0.44938,0,
backbone_denovo,RAPCID_backbone_rapcid_backbone_7_model_7.cif.gz,/scratch/a2149a01/RAPCID_2610_output/backbone_denovo/RAPCID_backbone_rapcid_backbone_7_model_7.cif.gz,B,A,57,40,2.556,3.161,3.47,8,4,18,10,0.6429,60.1,chain1_E_chain2_F,1,1,0,2,1,2,0,35,1,1,8,8,0,0,1,1,1,1,1,1,1,,0.3619,0,
backbone_denovo,RAPCID_backbone_rapcid_backbone_80_model_0.cif.gz,/scratch/a2149a01/RAPCID_2610_output/backbone_denovo/RAPCID_backbone_rapcid_backbone_80_model_0.cif.gz,B,A,57,54,2.601,5.147,2.37,0,7,0,30,0.0,nan,chain1_E_chain2_F,0,0,1,1,0,1,0,56,0,2,0,10,0,1,1,0,0,0,0,1,0,pass_dual_rap_contact;pass_contact_balance;pass_face_angle;pass_direct_interface,0.1619,0,
backbone_denovo,RAPCID_backbone_rapcid_backbone_80_model_1.cif.gz,/scratch/a2149a01/RAPCID_2610_output/backbone_denovo/RAPCID_backbone_rapcid_backbone_80_model_1.cif.gz,B,A,57,54,2.757,2.781,10.434,3,0,5,0,1.0,nan,chain1_E_chain2_F,0,0,0,0,0,0,0,37,0,0,2,0,0,0,1,0,0,0,1,1,0,pass_dual_rap_contact;pass_contact_balance;pass_face_angle,0.02,0,
backbone_denovo,RAPCID_backbone_rapcid_backbone_80_model_2.cif.gz,/scratch/a2149a01/RAPCID_2610_output/backbone_denovo/RAPCID_backbone_rapcid_backbone_80_model_2.cif.gz,B,A,57,54,2.447,2.51,2.842,5,2,14,4,0.7778,65.83,chain1_E_chain2_F,1,0,1,0,1,0,0,43,1,1,9,0,0,0,1,1,1,1,0,1,0,pass_direct_interface,0.24079,0,
backbone_denovo,RAPCID_backbone_rapcid_backbone_80_model_3.cif.gz,/scratch/a2149a01/RAPCID_2610_output/backbone_denovo/RAPCID_backbone_rapcid_backbone_80_model_3.cif.gz,B,A,57,54,1.579,1.948,12.845,6,0,20,0,1.0,nan,chain1_E_chain2_F,2,1,0,0,2,0,0,19,0,0,8,0,2,0,0,0,0,0,1,1,0,pass_no_clash;pass_dual_rap_contact;pass_contact_balance;pass_face_angle,0.18214,0,
backbone_denovo,RAPCID_backbone_rapcid_backbone_80_model_4.cif.gz,/scratch/a2149a01/RAPCID_2610_output/backbone_denovo/RAPCID_backbone_rapcid_backbone_80_model_4.cif.gz,B,A,57,54,2.416,3.628,3.131,4,3,12,5,0.7059,59.33,chain1_F_chain2_E,0,1,1,0,1,1,0,35,0,0,7,5,0,0,1,1,1,0,1,1,0,pass_face_angle,0.27479,0,
backbone_denovo,RAPCID_backbone_rapcid_backbone_80_model_5.cif.gz,/scratch/a2149a01/RAPCID_2610_output/backbone_denovo/RAPCID_backbone_rapcid_backbone_80_model_5.cif.gz,B,A,57,54,2.77,3.445,2.625,3,4,4,9,0.3077,46.5,chain1_F_chain2_E,0,2,0,1,2,0,0,57,2,3,7,0,0,0,1,1,1,0,0,1,0,pass_face_angle;pass_direct_interface,0.33355,0,
backbone_denovo,RAPCID_backbone_rapcid_backbone_80_model_6.cif.gz,/scratch/a2149a01/RAPCID_2610_output/backbone_denovo/RAPCID_backbone_rapcid_backbone_80_model_6.cif.gz,B,A,57,54,2.155,2.883,2.867,4,4,18,19,0.4865,89.14,chain1_E_chain2_F,3,0,1,1,3,1,0,45,1,1,13,9,0,1,1,1,1,1,0,1,0,pass_direct_interface,0.50935,0,
backbone_denovo,RAPCID_backbone_rapcid_backbone_80_model_7.cif.gz,/scratch/a2149a01/RAPCID_2610_output/backbone_denovo/RAPCID_backbone_rapcid_backbone_80_model_7.cif.gz,B,A,57,54,2.736,3.023,2.922,2,4,5,11,0.3125,85.2,chain1_F_chain2_E,1,1,1,0,1,1,0,24,0,2,4,6,0,0,1,1,1,1,1,1,1,,0.38949,1,919
backbone_denovo,RAPCID_backbone_rapcid_backbone_81_model_0.cif.gz,/scratch/a2149a01/RAPCID_2610_output/backbone_denovo/RAPCID_backbone_rapcid_backbone_81_model_0.cif.gz,B,A,67,65,2.635,3.446,3.009,3,6,12,21,0.3636,104.55,chain1_F_chain2_E,1,1,2,0,1,2,1,49,1,1,5,11,1,0,1,1,1,1,0,1,0,pass_direct_interface,0.51157,0,
backbone_denovo,RAPCID_backbone_rapcid_backbone_81_model_1.cif.gz,/scratch/a2149a01/RAPCID_2610_output/backbone_denovo/RAPCID_backbone_rapcid_backbone_81_model_1.cif.gz,B,A,67,65,3.229,23.673,2.539,0,9,0,25,0.0,nan,chain1_F_chain2_E,0,0,2,0,0,2,1,11,0,0,0,19,3,0,1,0,0,0,1,1,0,pass_dual_rap_contact;pass_contact_balance;pass_face_angle,0.27071,0,
backbone_denovo,RAPCID_backbone_rapcid_backbone_81_model_2.cif.gz,/scratch/a2149a01/RAPCID_2610_output/backbone_denovo/RAPCID_backbone_rapcid_backbone_81_model_2.cif.gz,B,A,67,65,2.752,2.675,19.579,7,0,16,0,1.0,nan,chain1_F_chain2_E,0,1,0,0,1,0,0,11,0,0,23,0,0,0,1,0,0,0,1,1,0,pass_dual_rap_contact;pass_contact_balance;pass_face_angle,0.21357,0,
backbone_denovo,RAPCID_backbone_rapcid_backbone_81_model_3.cif.gz,/scratch/a2149a01/RAPCID_2610_output/backbone_denovo/RAPCID_backbone_rapcid_backbone_81_model_3.cif.gz,B,A,67,65,2.969,2.021,3.362,5,2,18,5,0.7826,60.86,chain1_E_chain2_F,1,0,1,0,1,0,0,40,1,1,9,3,0,1,1,1,1,1,1,1,1,,0.24886,0,
backbone_denovo,RAPCID_backbone_rapcid_backbone_81_model_4.cif.gz,/scratch/a2149a01/RAPCID_2610_output/backbone_denovo/RAPCID_backbone_rapcid_backbone_81_model_4.cif.gz,B,A,67,65,2.552,2.699,3.757,3,4,10,10,0.5,63.03,chain1_E_chain2_F,3,0,1,0,3,0,0,41,2,1,9,5,0,0,1,1,1,1,0,1,0,pass_direct_interface,0.43571,0,
backbone_denovo,RAPCID_backbone_rapcid_backbone_81_model_5.cif.gz,/scratch/a2149a01/RAPCID_2610_output/backbone_denovo/RAPCID_backbone_rapcid_backbone_81_model_5.cif.gz,B,A,67,65,2.415,3.548,2.975,6,4,12,14,0.4615,76.38,chain1_F_chain2_E,0,3,1,1,3,1,0,48,1,1,14,10,0,0,1,1,1,1,0,1,0,pass_direct_interface,0.45683,0,
backbone_denovo,RAPCID_backbone_rapcid_backbone_81_model_6.cif.gz,/scratch/a2149a01/RAPCID_2610_output/backbone_denovo/RAPCID_backbone_rapcid_backbone_81_model_6.cif.gz,B,A,67,65,2.898,3.57,4.138,4,1,6,1,0.8571,89.48,chain1_E_chain2_F,2,0,0,0,2,0,0,27,0,0,16,0,0,1,1,0,1,1,1,1,0,pass_dual_rap_contact,0.28756,0,
backbone_denovo,RAPCID_backbone_rapcid_backbone_81_model_7.cif.gz,/scratch/a2149a01/RAPCID_2610_output/backbone_denovo/RAPCID_backbone_rapcid_backbone_81_model_7.cif.gz,B,A,67,65,2.136,3.458,2.953,3,5,11,15,0.4231,72.33,chain1_E_chain2_F,1,0,1,0,1,0,0,39,1,2,8,7,1,0,1,1,1,1,1,1,1,,0.3589,0,
backbone_denovo,RAPCID_backbone_rapcid_backbone_82_model_0.cif.gz,/scratch/a2149a01/RAPCID_2610_output/backbone_denovo/RAPCID_backbone_rapcid_backbone_82_model_0.cif.gz,B,A,50,30,2.668,3.394,2.503,6,1,19,2,0.9048,123.04,chain1_E_chain2_F,1,1,0,0,1,0,0,34,0,0,10,1,0,0,1,0,0,1,1,1,0,pass_dual_rap_contact;pass_contact_balance,0.34682,0,
backbone_denovo,RAPCID_backbone_rapcid_backbone_82_model_1.cif.gz,/scratch/a2149a01/RAPCID_2610_output/backbone_denovo/RAPCID_backbone_rapcid_backbone_82_model_1.cif.gz,B,A,50,30,2.268,13.078,3.623,0,1,0,2,0.0,nan,chain1_F_chain2_E,0,0,1,0,0,1,0,17,0,0,0,4,0,0,1,0,0,0,1,1,0,pass_dual_rap_contact;pass_contact_balance;pass_face_angle,0.12357,0,
backbone_denovo,RAPCID_backbone_rapcid_backbone_82_model_2.cif.gz,/scratch/a2149a01/RAPCID_2610_output/backbone_denovo/RAPCID_backbone_rapcid_backbone_82_model_2.cif.gz,B,A,50,30,2.195,3.311,2.771,4,3,7,13,0.35,76.09,chain1_F_chain2_E,0,0,1,0,0,1,0,40,2,1,4,7,0,0,1,1,1,1,1,1,1,,0.3422,0,
backbone_denovo,RAPCID_backbone_rapcid_backbone_82_model_3.cif.gz,/scratch/a2149a01/RAPCID_2610_output/backbone_denovo/RAPCID_backbone_rapcid_backbone_82_model_3.cif.gz,B,A,50,30,3.02,2.806,2.554,2,3,7,10,0.4118,84.41,chain1_F_chain2_E,0,0,2,0,0,2,0,16,0,0,3,7,0,0,1,1,1,1,1,1,1,,0.43322,1,801
backbone_denovo,RAPCID_backbone_rapcid_backbone_82_model_4.cif.gz,/scratch/a2149a01/RAPCID_2610_output/backbone_denovo/RAPCID_backbone_rapcid_backbone_82_model_4.cif.gz,B,A,50,30,2.858,3.089,3.088,3,2,6,9,0.4,75.0,chain1_E_chain2_F,1,0,1,0,1,0,0,27,2,1,6,0,0,0,1,1,1,1,1,1,1,,0.32356,0,
backbone_denovo,RAPCID_backbone_rapcid_backbone_82_model_5.cif.gz,/scratch/a2149a01/RAPCID_2610_output/backbone_denovo/RAPCID_backbone_rapcid_backbone_82_model_5.cif.gz,B,A,50,30,2.907,2.949,3.204,5,4,20,12,0.625,76.39,chain1_E_chain2_F,2,0,1,1,2,1,1,30,1,1,11,4,0,0,1,1,1,1,1,1,1,,0.42225,1,829
backbone_denovo,RAPCID_backbone_rapcid_backbone_82_model_6.cif.gz,/scratch/a2149a01/RAPCID_2610_output/backbone_denovo/RAPCID_backbone_rapcid_backbone_82_model_6.cif.gz,B,A,50,30,3.085,5.88,3.129,0,3,0,14,0.0,nan,chain1_F_chain2_E,0,0,2,0,0,2,0,33,0,1,0,8,0,0,1,0,0,0,1,1,0,pass_dual_rap_contact;pass_contact_balance;pass_face_angle,0.15381,0,
backbone_denovo,RAPCID_backbone_rapcid_backbone_82_model_7.cif.gz,/scratch/a2149a01/RAPCID_2610_output/backbone_denovo/RAPCID_backbone_rapcid_backbone_82_model_7.cif.gz,B,A,50,30,2.908,2.71,3.259,4,5,10,9,0.5263,76.8,chain1_E_chain2_F,2,0,0,2,2,2,0,24,0,1,8,8,0,0,1,1,1,1,1,1,1,,0.46642,1,719
backbone_denovo,RAPCID_backbone_rapcid_backbone_83_model_0.cif.gz,/scratch/a2149a01/RAPCID_2610_output/backbone_denovo/RAPCID_backbone_rapcid_backbone_83_model_0.cif.gz,B,A,68,38,2.114,3.173,3.477,3,3,15,5,0.75,84.18,chain1_E_chain2_F,1,0,0,1,1,1,0,32,0,0,5,7,1,0,1,1,1,1,1,1,1,,0.30775,0,
backbone_denovo,RAPCID_backbone_rapcid_backbone_83_model_1.cif.gz,/scratch/a2149a01/RAPCID_2610_output/backbone_denovo/RAPCID_backbone_rapcid_backbone_83_model_1.cif.gz,B,A,68,38,2.727,3.205,3.459,3,4,7,9,0.4375,54.19,chain1_F_chain2_E,1,0,2,0,0,2,0,45,1,2,2,11,0,0,1,1,1,0,0,1,0,pass_face_angle;pass_direct_interface,0.38214,0,
backbone_denovo,RAPCID_backbone_rapcid_backbone_83_model_2.cif.gz,/scratch/a2149a01/RAPCID_2610_output/backbone_denovo/RAPCID_backbone_rapcid_backbone_83_model_2.cif.gz,B,A,68,38,3.435,2.074,3.684,6,2,24,2,0.9231,87.17,chain1_E_chain2_F,1,0,0,1,1,1,0,16,1,0,9,7,0,0,1,0,0,1,1,1,0,pass_dual_rap_contact;pass_contact_balance,0.32515,0,
backbone_denovo,RAPCID_backbone_rapcid_backbone_83_model_3.cif.gz,/scratch/a2149a01/RAPCID_2610_output/backbone_denovo/RAPCID_backbone_rapcid_backbone_83_model_3.cif.gz,B,A,68,38,2.543,10.965,2.888,0,7,0,21,0.0,nan,chain1_F_chain2_E,0,0,2,0,0,2,0,15,0,0,0,16,1,0,1,0,0,0,1,1,0,pass_dual_rap_contact;pass_contact_balance;pass_face_angle,0.22214,0,
backbone_denovo,RAPCID_backbone_rapcid_backbone_83_model_4.cif.gz,/scratch/a2149a01/RAPCID_2610_output/backbone_denovo/RAPCID_backbone_rapcid_backbone_83_model_4.cif.gz,B,A,68,38,2.869,2.722,5.637,3,0,9,0,1.0,nan,chain1_E_chain2_F,1,0,0,0,1,0,0,37,0,0,10,0,0,0,1,0,0,0,1,1,0,pass_dual_rap_contact;pass_contact_balance;pass_face_angle,0.12857,0,
backbone_denovo,RAPCID_backbone_rapcid_backbone_83_model_5.cif.gz,/scratch/a2149a01/RAPCID_2610_output/backbone_denovo/RAPCID_backbone_rapcid_backbone_83_model_5.cif.gz,B,A,68,38,2.68,3.412,2.667,6,3,15,10,0.6,108.9,chain1_F_chain2_E,1,2,1,0,2,1,0,27,0,1,9,8,0,0,1,1,1,1,1,1,1,,0.50037,1,654
backbone_denovo,RAPCID_backbone_rapcid_backbone_83_model_6.cif.gz,/scratch/a2149a01/RAPCID_2610_output/backbone_denovo/RAPCID_backbone_rapcid_backbone_83_model_6.cif.gz,B,A,68,38,2.583,3.648,3.341,5,4,15,14,0.5172,42.63,chain1_E_chain2_F,0,2,0,2,0,2,0,27,1,2,5,11,1,0,1,1,1,0,1,1,0,pass_face_angle,0.40525,0,
backbone_denovo,RAPCID_backbone_rapcid_backbone_83_model_7.cif.gz,/scratch/a2149a01/RAPCID_2610_output/backbone_denovo/RAPCID_backbone_rapcid_backbone_83_model_7.cif.gz,B,A,68,38,2.733,2.727,3.596,5,1,16,2,0.8889,77.78,chain1_E_chain2_F,1,0,0,1,1,1,0,31,1,0,7,2,0,1,1,0,1,1,1,1,0,pass_dual_rap_contact,0.23751,0,
backbone_denovo,RAPCID_backbone_rapcid_backbone_84_model_0.cif.gz,/scratch/a2149a01/RAPCID_2610_output/backbone_denovo/RAPCID_backbone_rapcid_backbone_84_model_0.cif.gz,B,A,58,52,2.444,3.327,3.305,6,4,15,15,0.5,64.97,chain1_F_chain2_E,0,1,1,0,1,1,0,49,2,2,13,10,0,0,1,1,1,1,0,1,0,pass_direct_interface,0.42381,0,
backbone_denovo,RAPCID_backbone_rapcid_backbone_84_model_1.cif.gz,/scratch/a2149a01/RAPCID_2610_output/backbone_denovo/RAPCID_backbone_rapcid_backbone_84_model_1.cif.gz,B,A,58,52,1.566,3.664,3.647,5,4,9,6,0.6,57.62,chain1_E_chain2_F,1,1,0,2,1,2,0,45,1,2,9,10,0,0,0,1,1,0,0,1,0,pass_no_clash;pass_face_angle;pass_direct_interface,0.39571,0,
backbone_denovo,RAPCID_backbone_rapcid_backbone_84_model_2.cif.gz,/scratch/a2149a01/RAPCID_2610_output/backbone_denovo/RAPCID_backbone_rapcid_backbone_84_model_2.cif.gz,B,A,58,52,2.946,16.172,3.842,0,4,0,7,0.0,nan,chain1_F_chain2_E,0,0,1,0,0,1,0,17,0,0,0,8,0,0,1,0,0,0,1,1,0,pass_dual_rap_contact;pass_contact_balance;pass_face_angle,0.16357,0,
backbone_denovo,RAPCID_backbone_rapcid_backbone_84_model_3.cif.gz,/scratch/a2149a01/RAPCID_2610_output/backbone_denovo/RAPCID_backbone_rapcid_backbone_84_model_3.cif.gz,B,A,58,52,2.555,3.571,2.704,4,4,10,11,0.4762,76.16,chain1_F_chain2_E,1,1,1,0,1,1,0,36,1,1,6,7,0,0,1,1,1,1,1,1,1,,0.40482,1,878
backbone_denovo,RAPCID_backbone_rapcid_backbone_84_model_4.cif.gz,/scratch/a2149a01/RAPCID_2610_output/backbone_denovo/RAPCID_backbone_rapcid_backbone_84_model_4.cif.gz,B,A,58,52,2.587,3.85,3.256,1,2,2,5,0.2857,77.19,chain1_E_chain2_F,0,0,0,0,0,0,0,59,0,2,4,2,1,0,1,0,1,1,0,1,0,pass_dual_rap_contact;pass_direct_interface,0.23491,0,
backbone_denovo,RAPCID_backbone_rapcid_backbone_84_model_5.cif.gz,/scratch/a2149a01/RAPCID_2610_output/backbone_denovo/RAPCID_backbone_rapcid_backbone_84_model_5.cif.gz,B,A,58,52,2.831,3.605,3.21,4,6,15,12,0.5556,55.12,chain1_E_chain2_F,0,1,1,2,0,2,0,44,1,2,0,11,0,0,1,1,1,0,0,1,0,pass_face_angle;pass_direct_interface,0.38492,0,
backbone_denovo,RAPCID_backbone_rapcid_backbone_84_model_6.cif.gz,/scratch/a2149a01/RAPCID_2610_output/backbone_denovo/RAPCID_backbone_rapcid_backbone_84_model_6.cif.gz,B,A,58,52,3.092,3.259,5.593,2,0,8,0,1.0,nan,chain1_E_chain2_F,1,0,0,0,1,0,0,14,0,0,7,0,0,0,1,0,0,0,1,1,0,pass_dual_rap_contact;pass_contact_balance;pass_face_angle,0.16857,0,
backbone_denovo,RAPCID_backbone_rapcid_backbone_84_model_7.cif.gz,/scratch/a2149a01/RAPCID_2610_output/backbone_denovo/RAPCID_backbone_rapcid_backbone_84_model_7.cif.gz,B,A,58,52,24.421,3.098,35.772,17,0,32,0,1.0,nan,chain1_E_chain2_F,3,3,0,0,3,0,0,0,0,0,21,0,0,0,1,0,0,0,1,1,0,pass_dual_rap_contact;pass_contact_balance;pass_face_angle,0.24571,0,
backbone_denovo,RAPCID_backbone_rapcid_backbone_85_model_0.cif.gz,/scratch/a2149a01/RAPCID_2610_output/backbone_denovo/RAPCID_backbone_rapcid_backbone_85_model_0.cif.gz,A,B,61,49,2.212,2.972,2.276,6,4,13,10,0.5652,95.54,chain1_E_chain2_F,3,0,0,0,3,0,0,35,2,1,16,3,0,0,1,1,1,1,1,1,1,,0.4981,1,659
backbone_denovo,RAPCID_backbone_rapcid_backbone_85_model_1.cif.gz,/scratch/a2149a01/RAPCID_2610_output/backbone_denovo/RAPCID_backbone_rapcid_backbone_85_model_1.cif.gz,A,B,61,49,2.814,3.248,11.263,3,0,10,0,1.0,nan,chain1_E_chain2_F,2,0,0,0,2,0,0,32,0,0,8,0,0,0,1,0,0,0,1,1,0,pass_dual_rap_contact;pass_contact_balance;pass_face_angle,0.13714,0,
backbone_denovo,RAPCID_backbone_rapcid_backbone_85_model_2.cif.gz,/scratch/a2149a01/RAPCID_2610_output/backbone_denovo/RAPCID_backbone_rapcid_backbone_85_model_2.cif.gz,A,B,61,49,2.438,2.82,4.236,3,1,11,1,0.9167,47.19,chain1_E_chain2_F,1,0,0,0,1,0,0,41,2,0,9,0,0,0,1,0,0,0,0,1,0,pass_dual_rap_contact;pass_contact_balance;pass_face_angle;pass_direct_interface,0.18524,0,
backbone_denovo,RAPCID_backbone_rapcid_backbone_85_model_3.cif.gz,/scratch/a2149a01/RAPCID_2610_output/backbone_denovo/RAPCID_backbone_rapcid_backbone_85_model_3.cif.gz,A,B,61,49,2.702,3.205,5.536,5,0,10,0,1.0,nan,chain1_E_chain2_F,1,0,0,0,1,0,0,36,0,0,8,2,0,0,1,0,0,0,1,1,0,pass_dual_rap_contact;pass_contact_balance;pass_face_angle,0.12857,0,
backbone_denovo,RAPCID_backbone_rapcid_backbone_85_model_4.cif.gz,/scratch/a2149a01/RAPCID_2610_output/backbone_denovo/RAPCID_backbone_rapcid_backbone_85_model_4.cif.gz,A,B,61,49,2.679,3.28,2.751,2,4,3,9,0.25,82.31,chain1_E_chain2_F,1,0,1,0,1,0,0,31,0,0,9,1,1,1,1,0,1,1,1,1,0,pass_dual_rap_contact,0.27293,0,
backbone_denovo,RAPCID_backbone_rapcid_backbone_85_model_5.cif.gz,/scratch/a2149a01/RAPCID_2610_output/backbone_denovo/RAPCID_backbone_rapcid_backbone_85_model_5.cif.gz,A,B,61,49,2.779,15.13,3.384,0,9,0,23,0.0,nan,chain1_F_chain2_E,0,0,2,0,0,2,0,14,0,0,0,11,0,0,1,0,0,0,1,1,0,pass_dual_rap_contact;pass_contact_balance;pass_face_angle,0.22714,0,
backbone_denovo,RAPCID_backbone_rapcid_backbone_85_model_6.cif.gz,/scratch/a2149a01/RAPCID_2610_output/backbone_denovo/RAPCID_backbone_rapcid_backbone_85_model_6.cif.gz,A,B,61,49,2.035,3.051,2.959,6,4,17,16,0.5152,125.76,chain1_F_chain2_E,0,2,2,0,2,2,1,50,1,3,18,7,0,0,1,1,1,1,0,1,0,pass_direct_interface,0.69267,0,
backbone_denovo,RAPCID_backbone_rapcid_backbone_85_model_7.cif.gz,/scratch/a2149a01/RAPCID_2610_output/backbone_denovo/RAPCID_backbone_rapcid_backbone_85_model_7.cif.gz,A,B,61,49,3.074,2.742,11.642,4,0,10,0,1.0,nan,chain1_E_chain2_F,1,0,0,0,1,0,0,34,0,0,11,0,0,0,1,0,0,0,1,1,0,pass_dual_rap_contact;pass_contact_balance;pass_face_angle,0.12857,0,
backbone_denovo,RAPCID_backbone_rapcid_backbone_86_model_0.cif.gz,/scratch/a2149a01/RAPCID_2610_output/backbone_denovo/RAPCID_backbone_rapcid_backbone_86_model_0.cif.gz,B,A,65,36,2.733,3.501,3.087,1,3,3,5,0.375,67.14,chain1_E_chain2_F,0,0,0,1,0,1,0,34,0,1,5,9,0,0,1,0,1,1,1,1,0,pass_dual_rap_contact,0.29524,0,
backbone_denovo,RAPCID_backbone_rapcid_backbone_86_model_1.cif.gz,/scratch/a2149a01/RAPCID_2610_output/backbone_denovo/RAPCID_backbone_rapcid_backbone_86_model_1.cif.gz,B,A,65,36,2.476,2.851,3.011,5,2,13,7,0.65,78.94,chain1_E_chain2_F,3,0,1,0,3,0,0,31,0,1,14,5,0,0,1,1,1,1,1,1,1,,0.37553,1,961
backbone_denovo,RAPCID_backbone_rapcid_backbone_86_model_2.cif.gz,/scratch/a2149a01/RAPCID_2610_output/backbone_denovo/RAPCID_backbone_rapcid_backbone_86_model_2.cif.gz,B,A,65,36,2.768,3.178,2.966,3,5,5,16,0.2381,57.56,chain1_F_chain2_E,0,1,1,0,1,1,0,28,0,3,7,9,0,0,1,1,1,0,1,1,0,pass_face_angle,0.30238,0,
backbone_denovo,RAPCID_backbone_rapcid_backbone_86_model_3.cif.gz,/scratch/a2149a01/RAPCID_2610_output/backbone_denovo/RAPCID_backbone_rapcid_backbone_86_model_3.cif.gz,B,A,65,36,2.986,2.744,4.926,5,0,11,0,1.0,nan,chain1_E_chain2_F,1,0,0,0,1,0,0,44,0,0,8,0,0,1,1,0,0,0,0,1,0,pass_dual_rap_contact;pass_contact_balance;pass_face_angle;pass_direct_interface,0.10857,0,
backbone_denovo,RAPCID_backbone_rapcid_backbone_86_model_4.cif.gz,/scratch/a2149a01/RAPCID_2610_output/backbone_denovo/RAPCID_backbone_rapcid_backbone_86_model_4.cif.gz,B,A,65,36,2.794,3.355,8.186,4,0,11,0,1.0,nan,chain1_E_chain2_F,2,0,0,0,2,0,0,32,1,0,10,0,1,0,1,0,0,0,1,1,0,pass_dual_rap_contact;pass_contact_balance;pass_face_angle,0.17381,0,
backbone_denovo,RAPCID_backbone_rapcid_backbone_86_model_5.cif.gz,/scratch/a2149a01/RAPCID_2610_output/backbone_denovo/RAPCID_backbone_rapcid_backbone_86_model_5.cif.gz,B,A,65,36,2.777,3.271,11.012,3,0,13,0,1.0,nan,chain1_F_chain2_E,0,1,0,0,1,0,0,33,0,0,7,0,1,1,1,0,0,0,1,1,0,pass_dual_rap_contact;pass_contact_balance;pass_face_angle,0.09857,0,
backbone_denovo,RAPCID_backbone_rapcid_backbone_86_model_6.cif.gz,/scratch/a2149a01/RAPCID_2610_output/backbone_denovo/RAPCID_backbone_rapcid_backbone_86_model_6.cif.gz,B,A,65,36,2.692,2.822,3.819,6,3,18,5,0.7826,66.73,chain1_E_chain2_F,1,0,1,0,1,0,0,38,1,1,11,2,0,0,1,1,1,1,1,1,1,,0.24886,0,
backbone_denovo,RAPCID_backbone_rapcid_backbone_86_model_7.cif.gz,/scratch/a2149a01/RAPCID_2610_output/backbone_denovo/RAPCID_backbone_rapcid_backbone_86_model_7.cif.gz,B,A,65,36,2.098,2.434,4.309,7,1,20,1,0.9524,41.76,chain1_E_chain2_F,1,2,0,1,1,1,0,27,1,0,7,6,1,0,1,0,0,0,1,1,0,pass_dual_rap_contact;pass_contact_balance;pass_face_angle,0.19786,0,
backbone_denovo,RAPCID_backbone_rapcid_backbone_87_model_0.cif.gz,/scratch/a2149a01/RAPCID_2610_output/backbone_denovo/RAPCID_backbone_rapcid_backbone_87_model_0.cif.gz,B,A,39,33,2.875,3.047,3.926,3,2,12,3,0.8,46.22,chain1_E_chain2_F,1,0,1,0,1,0,0,35,1,2,10,0,0,0,1,0,1,0,1,1,0,pass_dual_rap_contact;pass_face_angle,0.25857,0,
backbone_denovo,RAPCID_backbone_rapcid_backbone_87_model_1.cif.gz,/scratch/a2149a01/RAPCID_2610_output/backbone_denovo/RAPCID_backbone_rapcid_backbone_87_model_1.cif.gz,B,A,39,33,2.925,3.218,3.591,5,4,18,6,0.75,75.76,chain1_F_chain2_E,0,3,1,0,3,1,0,34,1,2,10,6,0,0,1,1,1,1,1,1,1,,0.38681,1,930
backbone_denovo,RAPCID_backbone_rapcid_backbone_87_model_2.cif.gz,/scratch/a2149a01/RAPCID_2610_output/backbone_denovo/RAPCID_backbone_rapcid_backbone_87_model_2.cif.gz,B,A,39,33,2.846,3.787,3.277,1,2,2,6,0.25,94.25,chain1_F_chain2_E,0,1,1,1,1,1,0,32,0,0,6,7,0,0,1,0,1,1,1,1,0,pass_dual_rap_contact,0.3413,0,
backbone_denovo,RAPCID_backbone_rapcid_backbone_87_model_3.cif.gz,/scratch/a2149a01/RAPCID_2610_output/backbone_denovo/RAPCID_backbone_rapcid_backbone_87_model_3.cif.gz,B,A,39,33,2.517,2.775,3.882,3,2,10,5,0.6667,55.29,chain1_E_chain2_F,2,0,1,0,2,0,0,36,0,1,8,0,0,0,1,1,1,0,1,1,0,pass_face_angle,0.28714,0,
backbone_denovo,RAPCID_backbone_rapcid_backbone_87_model_4.cif.gz,/scratch/a2149a01/RAPCID_2610_output/backbone_denovo/RAPCID_backbone_rapcid_backbone_87_model_4.cif.gz,B,A,39,33,2.823,3.259,2.935,4,2,13,6,0.6842,46.85,chain1_F_chain2_E,1,0,3,0,0,3,0,29,2,1,0,7,0,0,1,1,1,0,1,1,0,pass_face_angle,0.33203,0,
backbone_denovo,RAPCID_backbone_rapcid_backbone_87_model_5.cif.gz,/scratch/a2149a01/RAPCID_2610_output/backbone_denovo/RAPCID_backbone_rapcid_backbone_87_model_5.cif.gz,B,A,39,33,2.801,2.801,3.101,4,4,7,12,0.3684,56.25,chain1_F_chain2_E,1,1,3,0,1,3,0,24,1,2,5,10,0,0,1,1,1,0,1,1,0,pass_face_angle,0.43165,0,
backbone_denovo,RAPCID_backbone_rapcid_backbone_87_model_6.cif.gz,/scratch/a2149a01/RAPCID_2610_output/backbone_denovo/RAPCID_backbone_rapcid_backbone_87_model_6.cif.gz,B,A,39,33,2.674,3.075,3.873,5,2,20,4,0.8333,66.24,chain1_E_chain2_F,2,1,0,1,2,1,0,39,2,1,10,4,0,0,1,1,1,1,1,1,1,,0.30238,0,
backbone_denovo,RAPCID_backbone_rapcid_backbone_87_model_7.cif.gz,/scratch/a2149a01/RAPCID_2610_output/backbone_denovo/RAPCID_backbone_rapcid_backbone_87_model_7.cif.gz,B,A,39,33,2.754,3.518,3.482,1,3,2,9,0.1818,59.54,chain1_F_chain2_E,1,0,2,0,0,2,0,32,0,1,0,5,0,0,1,0,1,0,1,1,0,pass_dual_rap_contact;pass_face_angle,0.19654,0,
backbone_denovo,RAPCID_backbone_rapcid_backbone_88_model_0.cif.gz,/scratch/a2149a01/RAPCID_2610_output/backbone_denovo/RAPCID_backbone_rapcid_backbone_88_model_0.cif.gz,A,B,45,40,2.636,3.537,2.987,5,3,17,8,0.68,51.96,chain1_F_chain2_E,0,3,0,1,3,0,0,43,1,2,9,0,1,0,1,1,1,0,0,1,0,pass_face_angle;pass_direct_interface,0.35371,0,
backbone_denovo,RAPCID_backbone_rapcid_backbone_88_model_1.cif.gz,/scratch/a2149a01/RAPCID_2610_output/backbone_denovo/RAPCID_backbone_rapcid_backbone_88_model_1.cif.gz,A,B,45,40,2.971,2.913,9.492,4,0,8,0,1.0,nan,chain1_E_chain2_F,0,0,0,0,0,0,0,43,0,0,0,0,0,0,1,0,0,0,0,1,0,pass_dual_rap_contact;pass_contact_balance;pass_face_angle;pass_direct_interface,0.0,0,
backbone_denovo,RAPCID_backbone_rapcid_backbone_88_model_2.cif.gz,/scratch/a2149a01/RAPCID_2610_output/backbone_denovo/RAPCID_backbone_rapcid_backbone_88_model_2.cif.gz,A,B,45,40,2.017,2.721,3.577,3,4,8,13,0.381,54.13,chain1_E_chain2_F,1,0,1,2,1,2,0,49,2,3,9,9,0,0,1,1,1,0,0,1,0,pass_face_angle;pass_direct_interface,0.42143,0,
backbone_denovo,RAPCID_backbone_rapcid_backbone_88_model_3.cif.gz,/scratch/a2149a01/RAPCID_2610_output/backbone_denovo/RAPCID_backbone_rapcid_backbone_88_model_3.cif.gz,A,B,45,40,2.286,2.769,4.569,2,0,8,0,1.0,nan,chain1_F_chain2_E,0,1,0,0,1,0,0,40,2,0,10,0,0,0,1,0,0,0,1,1,0,pass_dual_rap_contact;pass_contact_balance;pass_face_angle,0.1619,0,
backbone_denovo,RAPCID_backbone_rapcid_backbone_88_model_4.cif.gz,/scratch/a2149a01/RAPCID_2610_output/backbone_denovo/RAPCID_backbone_rapcid_backbone_88_model_4.cif.gz,A,B,45,40,2.93,3.192,3.203,4,4,6,7,0.4615,81.45,chain1_F_chain2_E,0,2,1,0,2,1,0,26,1,1,11,4,0,0,1,1,1,1,1,1,1,,0.45516,1,736
backbone_denovo,RAPCID_backbone_rapcid_backbone_88_model_5.cif.gz,/scratch/a2149a01/RAPCID_2610_output/backbone_denovo/RAPCID_backbone_rapcid_backbone_88_model_5.cif.gz,A,B,45,40,2.064,3.534,2.955,6,2,18,8,0.6923,58.46,chain1_F_chain2_E,1,1,3,0,1,3,0,41,1,1,9,6,0,0,1,1,1,0,0,1,0,pass_face_angle;pass_direct_interface,0.3707,0,
backbone_denovo,RAPCID_backbone_rapcid_backbone_88_model_6.cif.gz,/scratch/a2149a01/RAPCID_2610_output/backbone_denovo/RAPCID_backbone_rapcid_backbone_88_model_6.cif.gz,A,B,45,40,2.73,6.741,2.784,0,6,0,21,0.0,nan,chain1_E_chain2_F,0,0,1,1,0,1,0,41,0,1,0,9,0,0,1,0,0,0,0,1,0,pass_dual_rap_contact;pass_contact_balance;pass_face_angle;pass_direct_interface,0.13524,0,
backbone_denovo,RAPCID_backbone_rapcid_backbone_88_model_7.cif.gz,/scratch/a2149a01/RAPCID_2610_output/backbone_denovo/RAPCID_backbone_rapcid_backbone_88_model_7.cif.gz,A,B,45,40,2.73,3.537,2.865,4,4,7,9,0.4375,39.18,chain1_E_chain2_F,0,1,0,1,0,1,0,44,2,2,0,9,0,0,1,1,1,0,0,1,0,pass_face_angle;pass_direct_interface,0.36024,0,
backbone_denovo,RAPCID_backbone_rapcid_backbone_89_model_0.cif.gz,/scratch/a2149a01/RAPCID_2610_output/backbone_denovo/RAPCID_backbone_rapcid_backbone_89_model_0.cif.gz,A,B,61,43,2.528,3.878,2.81,2,6,5,14,0.2632,76.01,chain1_F_chain2_E,1,0,3,0,0,3,1,34,1,0,0,12,0,0,1,1,1,1,1,1,1,,0.35958,0,
backbone_denovo,RAPCID_backbone_rapcid_backbone_89_model_1.cif.gz,/scratch/a2149a01/RAPCID_2610_output/backbone_denovo/RAPCID_backbone_rapcid_backbone_89_model_1.cif.gz,A,B,61,43,3.142,9.665,2.714,0,5,0,12,0.0,nan,chain1_F_chain2_E,0,0,1,0,0,1,0,37,0,0,0,12,0,0,1,0,0,0,1,1,0,pass_dual_rap_contact;pass_contact_balance;pass_face_angle,0.12857,0,
backbone_denovo,RAPCID_backbone_rapcid_backbone_89_model_2.cif.gz,/scratch/a2149a01/RAPCID_2610_output/backbone_denovo/RAPCID_backbone_rapcid_backbone_89_model_2.cif.gz,A,B,61,43,2.858,2.822,10.824,4,0,9,0,1.0,nan,chain1_E_chain2_F,1,0,0,0,1,0,0,19,0,0,6,0,0,0,1,0,0,0,1,1,0,pass_dual_rap_contact;pass_contact_balance;pass_face_angle,0.13357,0,
backbone_denovo,RAPCID_backbone_rapcid_backbone_89_model_3.cif.gz,/scratch/a2149a01/RAPCID_2610_output/backbone_denovo/RAPCID_backbone_rapcid_backbone_89_model_3.cif.gz,A,B,61,43,2.778,3.251,3.635,4,3,9,11,0.45,74.42,chain1_E_chain2_F,1,0,0,2,1,2,0,26,1,1,9,10,0,0,1,1,1,1,1,1,1,,0.42713,1,816
backbone_denovo,RAPCID_backbone_rapcid_backbone_89_model_4.cif.gz,/scratch/a2149a01/RAPCID_2610_output/backbone_denovo/RAPCID_backbone_rapcid_backbone_89_model_4.cif.gz,A,B,61,43,2.269,4.226,3.459,2,3,2,10,0.1667,77.98,chain1_E_chain2_F,0,0,1,1,0,1,0,33,0,0,0,7,0,1,1,0,1,1,1,1,0,pass_dual_rap_contact,0.19517,0,
backbone_denovo,RAPCID_backbone_rapcid_backbone_89_model_5.cif.gz,/scratch/a2149a01/RAPCID_2610_output/backbone_denovo/RAPCID_backbone_rapcid_backbone_89_model_5.cif.gz,A,B,61,43,2.673,11.48,3.16,0,5,0,16,0.0,nan,chain1_F_chain2_E,0,0,1,0,0,1,0,12,0,0,0,7,0,0,1,0,0,0,1,1,0,pass_dual_rap_contact;pass_contact_balance;pass_face_angle,0.17857,0,
backbone_denovo,RAPCID_backbone_rapcid_backbone_89_model_6.cif.gz,/scratch/a2149a01/RAPCID_2610_output/backbone_denovo/RAPCID_backbone_rapcid_backbone_89_model_6.cif.gz,A,B,61,43,2.443,3.658,2.555,3,4,6,18,0.25,61.34,chain1_F_chain2_E,0,0,1,0,0,1,0,39,1,0,0,7,0,0,1,1,1,1,1,1,1,,0.21524,0,
backbone_denovo,RAPCID_backbone_rapcid_backbone_89_model_7.cif.gz,/scratch/a2149a01/RAPCID_2610_output/backbone_denovo/RAPCID_backbone_rapcid_backbone_89_model_7.cif.gz,A,B,61,43,2.696,3.39,3.42,5,4,14,6,0.7,73.83,chain1_E_chain2_F,2,0,0,2,2,2,0,34,1,0,11,8,0,0,1,1,1,1,1,1,1,,0.36704,1,986
backbone_denovo,RAPCID_backbone_rapcid_backbone_8_model_0.cif.gz,/scratch/a2149a01/RAPCID_2610_output/backbone_denovo/RAPCID_backbone_rapcid_backbone_8_model_0.cif.gz,B,A,57,34,2.68,2.506,3.241,4,4,12,14,0.4615,86.67,chain1_E_chain2_F,2,0,0,3,2,3,0,44,1,1,8,10,0,1,1,1,1,1,0,1,0,pass_direct_interface,0.51969,0,
backbone_denovo,RAPCID_backbone_rapcid_backbone_8_model_1.cif.gz,/scratch/a2149a01/RAPCID_2610_output/backbone_denovo/RAPCID_backbone_rapcid_backbone_8_model_1.cif.gz,B,A,57,34,1.992,4.292,3.125,1,5,1,21,0.0455,71.35,chain1_F_chain2_E,0,1,1,1,1,1,0,41,0,3,10,9,0,0,0,0,0,1,0,1,0,pass_no_clash;pass_dual_rap_contact;pass_contact_balance;pass_direct_interface,0.23317,0,
backbone_denovo,RAPCID_backbone_rapcid_backbone_8_model_2.cif.gz,/scratch/a2149a01/RAPCID_2610_output/backbone_denovo/RAPCID_backbone_rapcid_backbone_8_model_2.cif.gz,B,A,57,34,2.548,3.46,7.968,6,0,14,0,1.0,nan,chain1_E_chain2_F,1,0,0,0,1,0,0,28,0,0,4,1,0,0,1,0,0,0,1,1,0,pass_dual_rap_contact;pass_contact_balance;pass_face_angle,0.07857,0,
backbone_denovo,RAPCID_backbone_rapcid_backbone_8_model_3.cif.gz,/scratch/a2149a01/RAPCID_2610_output/backbone_denovo/RAPCID_backbone_rapcid_backbone_8_model_3.cif.gz,B,A,57,34,2.661,2.667,2.045,4,2,12,10,0.5455,59.48,chain1_E_chain2_F,2,0,0,0,2,0,0,42,2,2,8,6,0,1,1,1,1,0,0,1,0,pass_face_angle;pass_direct_interface,0.40563,0,
backbone_denovo,RAPCID_backbone_rapcid_backbone_8_model_4.cif.gz,/scratch/a2149a01/RAPCID_2610_output/backbone_denovo/RAPCID_backbone_rapcid_backbone_8_model_4.cif.gz,B,A,57,34,2.632,3.251,3.689,4,3,8,4,0.6667,67.01,chain1_E_chain2_F,1,0,0,0,1,0,0,31,1,1,7,6,0,0,1,1,1,1,1,1,1,,0.29524,0,
backbone_denovo,RAPCID_backbone_rapcid_backbone_8_model_5.cif.gz,/scratch/a2149a01/RAPCID_2610_output/backbone_denovo/RAPCID_backbone_rapcid_backbone_8_model_5.cif.gz,B,A,57,34,2.62,2.23,3.394,3,5,13,10,0.5652,81.32,chain1_F_chain2_E,1,0,2,0,0,2,0,23,1,0,1,8,0,0,1,1,1,1,1,1,1,,0.40379,1,881
backbone_denovo,RAPCID_backbone_rapcid_backbone_8_model_6.cif.gz,/scratch/a2149a01/RAPCID_2610_output/backbone_denovo/RAPCID_backbone_rapcid_backbone_8_model_6.cif.gz,B,A,57,34,1.2,4.72,3.303,0,3,0,19,0.0,nan,chain1_F_chain2_E,0,0,2,0,0,2,1,35,0,1,0,11,0,1,0,0,0,0,1,1,0,pass_no_clash;pass_dual_rap_contact;pass_contact_balance;pass_face_angle,0.20238,0,
backbone_denovo,RAPCID_backbone_rapcid_backbone_8_model_7.cif.gz,/scratch/a2149a01/RAPCID_2610_output/backbone_denovo/RAPCID_backbone_rapcid_backbone_8_model_7.cif.gz,B,A,57,34,2.563,2.792,3.786,4,3,15,4,0.7895,75.08,chain1_E_chain2_F,1,0,0,2,1,2,0,30,1,0,9,8,0,1,1,1,1,1,1,1,1,,0.30687,0,
backbone_denovo,RAPCID_backbone_rapcid_backbone_90_model_0.cif.gz,/scratch/a2149a01/RAPCID_2610_output/backbone_denovo/RAPCID_backbone_rapcid_backbone_90_model_0.cif.gz,B,A,63,56,2.878,4.157,3.227,3,5,4,9,0.3077,76.66,chain1_E_chain2_F,2,0,1,0,2,0,0,39,0,1,8,1,1,0,1,1,1,1,1,1,1,,0.31241,0,
backbone_denovo,RAPCID_backbone_rapcid_backbone_90_model_1.cif.gz,/scratch/a2149a01/RAPCID_2610_output/backbone_denovo/RAPCID_backbone_rapcid_backbone_90_model_1.cif.gz,B,A,63,56,2.796,4.043,3.464,1,3,1,6,0.1429,45.93,chain1_F_chain2_E,0,0,1,0,0,1,0,39,0,2,0,4,0,1,1,0,1,0,1,1,0,pass_dual_rap_contact;pass_face_angle,0.15905,0,
backbone_denovo,RAPCID_backbone_rapcid_backbone_90_model_2.cif.gz,/scratch/a2149a01/RAPCID_2610_output/backbone_denovo/RAPCID_backbone_rapcid_backbone_90_model_2.cif.gz,B,A,63,56,2.761,13.187,3.143,0,4,0,10,0.0,nan,chain1_F_chain2_E,0,0,1,0,0,1,0,22,0,0,0,10,0,0,1,0,0,0,1,1,0,pass_dual_rap_contact;pass_contact_balance;pass_face_angle,0.15857,0,
backbone_denovo,RAPCID_backbone_rapcid_backbone_90_model_3.cif.gz,/scratch/a2149a01/RAPCID_2610_output/backbone_denovo/RAPCID_backbone_rapcid_backbone_90_model_3.cif.gz,B,A,63,56,2.548,4.129,2.521,1,3,2,15,0.1176,76.06,chain1_E_chain2_F,1,0,1,0,1,0,0,39,0,1,7,0,1,0,1,0,1,1,1,1,0,pass_dual_rap_contact,0.18583,0,
backbone_denovo,RAPCID_backbone_rapcid_backbone_90_model_4.cif.gz,/scratch/a2149a01/RAPCID_2610_output/backbone_denovo/RAPCID_backbone_rapcid_backbone_90_model_4.cif.gz,B,A,63,56,2.587,2.817,3.158,3,3,9,12,0.4286,50.79,chain1_E_chain2_F,0,1,0,2,0,2,0,59,1,1,0,13,0,0,1,1,1,0,0,1,0,pass_face_angle;pass_direct_interface,0.3619,0,
backbone_denovo,RAPCID_backbone_rapcid_backbone_90_model_5.cif.gz,/scratch/a2149a01/RAPCID_2610_output/backbone_denovo/RAPCID_backbone_rapcid_backbone_90_model_5.cif.gz,B,A,63,56,2.364,2.87,2.608,5,3,17,10,0.6296,68.55,chain1_F_chain2_E,2,2,1,0,2,1,0,35,1,1,7,3,1,0,1,1,1,1,1,1,1,,0.3672,1,985
backbone_denovo,RAPCID_backbone_rapcid_backbone_90_model_6.cif.gz,/scratch/a2149a01/RAPCID_2610_output/backbone_denovo/RAPCID_backbone_rapcid_backbone_90_model_6.cif.gz,B,A,63,56,2.608,3.03,2.97,4,2,9,4,0.6923,46.69,chain1_F_chain2_E,0,2,0,1,2,0,0,28,0,1,12,0,0,1,1,1,1,0,1,1,0,pass_face_angle,0.29689,0,
backbone_denovo,RAPCID_backbone_rapcid_backbone_90_model_7.cif.gz,/scratch/a2149a01/RAPCID_2610_output/backbone_denovo/RAPCID_backbone_rapcid_backbone_90_model_7.cif.gz,B,A,63,56,1.907,3.275,2.02,3,4,11,14,0.44,73.33,chain1_F_chain2_E,1,0,2,0,0,2,0,31,0,2,0,8,0,1,0,1,1,1,1,1,0,pass_no_clash,0.3609,0,
backbone_denovo,RAPCID_backbone_rapcid_backbone_91_model_0.cif.gz,/scratch/a2149a01/RAPCID_2610_output/backbone_denovo/RAPCID_backbone_rapcid_backbone_91_model_0.cif.gz,A,B,61,50,2.602,2.428,3.238,5,5,16,12,0.5714,115.78,chain1_E_chain2_F,1,0,0,1,1,1,0,36,1,1,7,11,0,0,1,1,1,1,1,1,1,,0.51783,1,625
backbone_denovo,RAPCID_backbone_rapcid_backbone_91_model_1.cif.gz,/scratch/a2149a01/RAPCID_2610_output/backbone_denovo/RAPCID_backbone_rapcid_backbone_91_model_1.cif.gz,A,B,61,50,2.493,2.323,10.321,4,0,18,0,1.0,nan,chain1_E_chain2_F,3,0,0,0,3,0,0,37,0,0,12,0,1,0,1,0,0,0,1,1,0,pass_dual_rap_contact;pass_contact_balance;pass_face_angle,0.18571,0,
backbone_denovo,RAPCID_backbone_rapcid_backbone_91_model_2.cif.gz,/scratch/a2149a01/RAPCID_2610_output/backbone_denovo/RAPCID_backbone_rapcid_backbone_91_model_2.cif.gz,A,B,61,50,2.684,3.002,3.231,2,2,7,11,0.3889,105.88,chain1_E_chain2_F,1,0,1,1,1,1,0,36,0,0,5,10,0,0,1,1,1,1,1,1,1,,0.43564,1,792
backbone_denovo,RAPCID_backbone_rapcid_backbone_91_model_3.cif.gz,/scratch/a2149a01/RAPCID_2610_output/backbone_denovo/RAPCID_backbone_rapcid_backbone_91_model_3.cif.gz,A,B,61,50,11.096,2.488,32.909,11,0,29,0,1.0,nan,chain1_E_chain2_F,2,2,0,0,2,0,0,0,0,0,20,0,0,0,1,0,0,0,1,1,0,pass_dual_rap_contact;pass_contact_balance;pass_face_angle,0.21714,0,
backbone_denovo,RAPCID_backbone_rapcid_backbone_91_model_4.cif.gz,/scratch/a2149a01/RAPCID_2610_output/backbone_denovo/RAPCID_backbone_rapcid_backbone_91_model_4.cif.gz,A,B,61,50,3.185,3.226,2.611,2,2,4,5,0.4444,66.9,chain1_F_chain2_E,0,1,2,0,1,2,0,25,0,0,6,7,0,0,1,1,1,1,1,1,1,,0.37849,1,954
backbone_denovo,RAPCID_backbone_rapcid_backbone_91_model_5.cif.gz,/scratch/a2149a01/RAPCID_2610_output/backbone_denovo/RAPCID_backbone_rapcid_backbone_91_model_5.cif.gz,A,B,61,50,21.728,3.237,34.661,12,0,28,0,1.0,nan,chain1_E_chain2_F,3,1,0,0,3,0,1,0,0,0,25,0,0,0,1,0,0,0,1,1,0,pass_dual_rap_contact;pass_contact_balance;pass_face_angle,0.27429,0,
backbone_denovo,RAPCID_backbone_rapcid_backbone_91_model_6.cif.gz,/scratch/a2149a01/RAPCID_2610_output/backbone_denovo/RAPCID_backbone_rapcid_backbone_91_model_6.cif.gz,A,B,61,50,2.673,3.175,3.126,2,7,4,26,0.1333,84.44,chain1_E_chain2_F,1,0,1,1,1,1,0,36,2,2,5,12,0,0,1,1,1,1,1,1,1,,0.3286,0,
backbone_denovo,RAPCID_backbone_rapcid_backbone_91_model_7.cif.gz,/scratch/a2149a01/RAPCID_2610_output/backbone_denovo/RAPCID_backbone_rapcid_backbone_91_model_7.cif.gz,A,B,61,50,2.14,3.0,17.786,5,0,8,0,1.0,nan,chain1_E_chain2_F,1,0,0,0,1,0,0,27,0,0,13,0,0,0,1,0,0,0,1,1,0,pass_dual_rap_contact;pass_contact_balance;pass_face_angle,0.13357,0,
backbone_denovo,RAPCID_backbone_rapcid_backbone_92_model_0.cif.gz,/scratch/a2149a01/RAPCID_2610_output/backbone_denovo/RAPCID_backbone_rapcid_backbone_92_model_0.cif.gz,A,B,67,54,2.521,3.561,3.44,3,2,11,4,0.7333,50.05,chain1_E_chain2_F,1,1,0,1,1,1,0,57,0,1,6,6,0,0,1,1,1,0,0,1,0,pass_face_angle;pass_direct_interface,0.28048,0,
backbone_denovo,RAPCID_backbone_rapcid_backbone_92_model_1.cif.gz,/scratch/a2149a01/RAPCID_2610_output/backbone_denovo/RAPCID_backbone_rapcid_backbone_92_model_1.cif.gz,A,B,67,54,1.691,3.288,19.316,7,0,23,0,1.0,nan,chain1_E_chain2_F,2,0,0,0,2,0,0,25,0,0,15,0,1,0,0,0,0,0,1,1,0,pass_no_clash;pass_dual_rap_contact;pass_contact_balance;pass_face_angle,0.17214,0,
backbone_denovo,RAPCID_backbone_rapcid_backbone_92_model_2.cif.gz,/scratch/a2149a01/RAPCID_2610_output/backbone_denovo/RAPCID_backbone_rapcid_backbone_92_model_2.cif.gz,A,B,67,54,2.161,4.159,2.852,1,4,2,11,0.1538,94.66,chain1_E_chain2_F,0,0,0,3,0,3,0,40,0,1,6,11,1,1,1,0,1,1,1,1,0,pass_dual_rap_contact,0.34945,0,
backbone_denovo,RAPCID_backbone_rapcid_backbone_92_model_3.cif.gz,/scratch/a2149a01/RAPCID_2610_output/backbone_denovo/RAPCID_backbone_rapcid_backbone_92_model_3.cif.gz,A,B,67,54,2.688,2.714,3.126,5,3,14,7,0.6667,51.43,chain1_E_chain2_F,0,0,0,0,0,0,0,33,1,1,3,4,0,0,1,1,1,0,1,1,0,pass_face_angle,0.23667,0,
backbone_denovo,RAPCID_backbone_rapcid_backbone_92_model_4.cif.gz,/scratch/a2149a01/RAPCID_2610_output/backbone_denovo/RAPCID_backbone_rapcid_backbone_92_model_4.cif.gz,A,B,67,54,2.711,2.737,3.357,5,5,17,16,0.5152,100.95,chain1_E_chain2_F,2,0,1,1,2,1,1,38,0,0,14,6,0,0,1,1,1,1,1,1,1,,0.51474,1,634
backbone_denovo,RAPCID_backbone_rapcid_backbone_92_model_5.cif.gz,/scratch/a2149a01/RAPCID_2610_output/backbone_denovo/RAPCID_backbone_rapcid_backbone_92_model_5.cif.gz,A,B,67,54,2.941,15.697,3.158,0,5,0,20,0.0,nan,chain1_F_chain2_E,0,0,1,0,0,1,0,21,0,0,0,8,0,1,1,0,0,0,1,1,0,pass_dual_rap_contact;pass_contact_balance;pass_face_angle,0.14357,0,
backbone_denovo,RAPCID_backbone_rapcid_backbone_92_model_6.cif.gz,/scratch/a2149a01/RAPCID_2610_output/backbone_denovo/RAPCID_backbone_rapcid_backbone_92_model_6.cif.gz,A,B,67,54,2.687,2.725,4.404,8,1,25,1,0.9615,52.32,chain1_E_chain2_F,2,2,0,0,2,0,0,49,2,0,9,0,1,0,1,0,0,0,0,1,0,pass_dual_rap_contact;pass_contact_balance;pass_face_angle;pass_direct_interface,0.19586,0,
backbone_denovo,RAPCID_backbone_rapcid_backbone_92_model_7.cif.gz,/scratch/a2149a01/RAPCID_2610_output/backbone_denovo/RAPCID_backbone_rapcid_backbone_92_model_7.cif.gz,A,B,67,54,25.57,2.824,41.087,10,0,27,0,1.0,nan,chain1_E_chain2_F,2,2,0,0,2,0,0,0,0,0,20,0,1,0,1,0,0,0,1,1,0,pass_dual_rap_contact;pass_contact_balance;pass_face_angle,0.21714,0,
backbone_denovo,RAPCID_backbone_rapcid_backbone_93_model_0.cif.gz,/scratch/a2149a01/RAPCID_2610_output/backbone_denovo/RAPCID_backbone_rapcid_backbone_93_model_0.cif.gz,A,B,64,61,2.525,3.343,3.316,7,4,20,13,0.6061,67.21,chain1_F_chain2_E,0,2,1,0,2,1,0,48,3,3,14,10,1,0,1,1,1,1,0,1,0,pass_direct_interface,0.44329,0,
backbone_denovo,RAPCID_backbone_rapcid_backbone_93_model_1.cif.gz,/scratch/a2149a01/RAPCID_2610_output/backbone_denovo/RAPCID_backbone_rapcid_backbone_93_model_1.cif.gz,A,B,64,61,2.398,7.205,3.12,0,4,0,11,0.0,nan,chain1_F_chain2_E,0,0,1,0,0,1,0,11,0,0,0,8,1,0,1,0,0,0,1,1,0,pass_dual_rap_contact;pass_contact_balance;pass_face_angle,0.19357,0,
backbone_denovo,RAPCID_backbone_rapcid_backbone_93_model_2.cif.gz,/scratch/a2149a01/RAPCID_2610_output/backbone_denovo/RAPCID_backbone_rapcid_backbone_93_model_2.cif.gz,A,B,64,61,2.439,3.159,3.159,4,10,9,32,0.2195,104.35,chain1_E_chain2_F,2,0,0,3,2,3,1,48,2,1,7,17,1,0,1,1,1,1,0,1,0,pass_direct_interface,0.52705,0,
backbone_denovo,RAPCID_backbone_rapcid_backbone_93_model_3.cif.gz,/scratch/a2149a01/RAPCID_2610_output/backbone_denovo/RAPCID_backbone_rapcid_backbone_93_model_3.cif.gz,A,B,64,61,2.863,23.275,3.805,0,1,0,1,0.0,nan,chain1_E_chain2_F,0,0,0,0,0,0,0,15,0,0,0,1,0,0,1,0,0,0,1,1,0,pass_dual_rap_contact;pass_contact_balance;pass_face_angle,0.075,0,
backbone_denovo,RAPCID_backbone_rapcid_backbone_93_model_4.cif.gz,/scratch/a2149a01/RAPCID_2610_output/backbone_denovo/RAPCID_backbone_rapcid_backbone_93_model_4.cif.gz,A,B,64,61,3.008,3.425,3.568,3,1,7,6,0.5385,73.53,chain1_E_chain2_F,1,1,0,1,1,1,0,34,0,0,8,5,0,0,1,0,1,1,1,1,0,pass_dual_rap_contact,0.35685,0,
backbone_denovo,RAPCID_backbone_rapcid_backbone_93_model_5.cif.gz,/scratch/a2149a01/RAPCID_2610_output/backbone_denovo/RAPCID_backbone_rapcid_backbone_93_model_5.cif.gz,A,B,64,61,2.728,3.764,3.417,7,4,10,10,0.5,69.71,chain1_F_chain2_E,0,2,2,0,2,2,0,47,1,1,15,10,1,0,1,1,1,1,0,1,0,pass_direct_interface,0.44997,0,
backbone_denovo,RAPCID_backbone_rapcid_backbone_93_model_6.cif.gz,/scratch/a2149a01/RAPCID_2610_output/backbone_denovo/RAPCID_backbone_rapcid_backbone_93_model_6.cif.gz,A,B,64,61,2.403,2.463,2.259,6,4,16,12,0.5714,95.61,chain1_E_chain2_F,1,0,1,0,1,0,0,34,1,0,10,1,0,0,1,1,1,1,1,1,1,,0.40537,1,875
backbone_denovo,RAPCID_backbone_rapcid_backbone_93_model_7.cif.gz,/scratch/a2149a01/RAPCID_2610_output/backbone_denovo/RAPCID_backbone_rapcid_backbone_93_model_7.cif.gz,A,B,64,61,2.476,2.933,3.153,5,2,16,5,0.7619,72.18,chain1_E_chain2_F,2,0,1,0,2,0,0,30,1,2,10,2,0,0,1,1,1,1,1,1,1,,0.31297,0,
backbone_denovo,RAPCID_backbone_rapcid_backbone_94_model_0.cif.gz,/scratch/a2149a01/RAPCID_2610_output/backbone_denovo/RAPCID_backbone_rapcid_backbone_94_model_0.cif.gz,B,A,67,61,2.162,2.895,3.325,4,2,11,3,0.7857,78.6,chain1_F_chain2_E,0,1,0,0,1,0,0,48,1,1,8,10,0,1,1,0,1,1,0,1,0,pass_dual_rap_contact;pass_direct_interface,0.27962,0,
backbone_denovo,RAPCID_backbone_rapcid_backbone_94_model_1.cif.gz,/scratch/a2149a01/RAPCID_2610_output/backbone_denovo/RAPCID_backbone_rapcid_backbone_94_model_1.cif.gz,B,A,67,61,2.919,2.86,2.676,5,1,16,6,0.7273,55.78,chain1_F_chain2_E,0,1,1,0,1,1,0,46,1,1,9,5,0,0,1,0,1,0,0,1,0,pass_dual_rap_contact;pass_face_angle;pass_direct_interface,0.29957,0,
backbone_denovo,RAPCID_backbone_rapcid_backbone_94_model_2.cif.gz,/scratch/a2149a01/RAPCID_2610_output/backbone_denovo/RAPCID_backbone_rapcid_backbone_94_model_2.cif.gz,B,A,67,61,2.469,4.346,15.921,1,0,2,0,1.0,nan,chain1_E_chain2_F,1,0,0,0,1,0,0,28,0,0,5,0,2,0,1,0,0,0,1,1,0,pass_dual_rap_contact;pass_contact_balance;pass_face_angle,0.07857,0,
backbone_denovo,RAPCID_backbone_rapcid_backbone_94_model_3.cif.gz,/scratch/a2149a01/RAPCID_2610_output/backbone_denovo/RAPCID_backbone_rapcid_backbone_94_model_3.cif.gz,B,A,67,61,2.963,3.227,5.558,7,0,16,0,1.0,nan,chain1_E_chain2_F,2,0,0,0,2,0,0,38,1,0,11,0,0,0,1,0,0,0,1,1,0,pass_dual_rap_contact;pass_contact_balance;pass_face_angle,0.17381,0,
backbone_denovo,RAPCID_backbone_rapcid_backbone_94_model_4.cif.gz,/scratch/a2149a01/RAPCID_2610_output/backbone_denovo/RAPCID_backbone_rapcid_backbone_94_model_4.cif.gz,B,A,67,61,2.25,2.882,3.017,6,4,16,9,0.64,95.28,chain1_E_chain2_F,2,0,1,1,2,1,0,50,0,1,12,6,0,0,1,1,1,1,0,1,0,pass_direct_interface,0.43397,0,
backbone_denovo,RAPCID_backbone_rapcid_backbone_94_model_5.cif.gz,/scratch/a2149a01/RAPCID_2610_output/backbone_denovo/RAPCID_backbone_rapcid_backbone_94_model_5.cif.gz,B,A,67,61,2.753,2.984,2.918,5,5,11,14,0.44,66.76,chain1_E_chain2_F,1,1,0,2,1,2,0,51,2,1,10,16,0,0,1,1,1,1,0,1,0,pass_direct_interface,0.41171,0,
backbone_denovo,RAPCID_backbone_rapcid_backbone_94_model_6.cif.gz,/scratch/a2149a01/RAPCID_2610_output/backbone_denovo/RAPCID_backbone_rapcid_backbone_94_model_6.cif.gz,B,A,67,61,2.503,2.743,2.691,6,5,14,14,0.5,66.67,chain1_E_chain2_F,2,0,1,0,2,0,0,36,2,3,12,0,1,0,1,1,1,1,1,1,1,,0.44048,1,775
backbone_denovo,RAPCID_backbone_rapcid_backbone_94_model_7.cif.gz,/scratch/a2149a01/RAPCID_2610_output/backbone_denovo/RAPCID_backbone_rapcid_backbone_94_model_7.cif.gz,B,A,67,61,2.324,2.949,2.162,3,5,21,26,0.4468,69.36,chain1_E_chain2_F,1,0,1,0,1,0,0,43,1,2,8,3,0,0,1,1,1,1,0,1,0,pass_direct_interface,0.3585,0,
backbone_denovo,RAPCID_backbone_rapcid_backbone_95_model_0.cif.gz,/scratch/a2149a01/RAPCID_2610_output/backbone_denovo/RAPCID_backbone_rapcid_backbone_95_model_0.cif.gz,B,A,56,46,3.257,3.017,14.54,9,0,25,0,1.0,nan,chain1_F_chain2_E,1,2,0,0,2,0,0,27,0,0,10,0,1,1,1,0,0,0,1,1,0,pass_dual_rap_contact;pass_contact_balance;pass_face_angle,0.16214,0,
backbone_denovo,RAPCID_backbone_rapcid_backbone_95_model_1.cif.gz,/scratch/a2149a01/RAPCID_2610_output/backbone_denovo/RAPCID_backbone_rapcid_backbone_95_model_1.cif.gz,B,A,56,46,2.427,3.842,2.921,3,5,6,14,0.3,84.31,chain1_E_chain2_F,1,0,0,3,1,3,0,41,0,1,9,10,0,0,1,1,1,1,0,1,0,pass_direct_interface,0.40199,0,
backbone_denovo,RAPCID_backbone_rapcid_backbone_95_model_2.cif.gz,/scratch/a2149a01/RAPCID_2610_output/backbone_denovo/RAPCID_backbone_rapcid_backbone_95_model_2.cif.gz,B,A,56,46,2.395,2.709,5.343,3,0,7,0,1.0,nan,chain1_E_chain2_F,2,0,0,0,2,0,0,32,1,0,6,0,0,0,1,0,0,0,1,1,0,pass_dual_rap_contact;pass_contact_balance;pass_face_angle,0.13381,0,
backbone_denovo,RAPCID_backbone_rapcid_backbone_95_model_3.cif.gz,/scratch/a2149a01/RAPCID_2610_output/backbone_denovo/RAPCID_backbone_rapcid_backbone_95_model_3.cif.gz,B,A,56,46,2.819,3.581,3.689,4,2,7,2,0.7778,54.93,chain1_F_chain2_E,0,1,0,0,1,0,0,37,1,1,11,3,0,0,1,0,1,0,1,1,0,pass_dual_rap_contact;pass_face_angle,0.25079,0,
backbone_denovo,RAPCID_backbone_rapcid_backbone_95_model_4.cif.gz,/scratch/a2149a01/RAPCID_2610_output/backbone_denovo/RAPCID_backbone_rapcid_backbone_95_model_4.cif.gz,B,A,56,46,2.75,1.971,3.145,3,4,11,6,0.6471,100.31,chain1_E_chain2_F,0,0,0,3,0,3,0,36,2,0,5,12,1,0,0,1,1,1,1,1,0,pass_no_clash,0.46458,0,
backbone_denovo,RAPCID_backbone_rapcid_backbone_95_model_5.cif.gz,/scratch/a2149a01/RAPCID_2610_output/backbone_denovo/RAPCID_backbone_rapcid_backbone_95_model_5.cif.gz,B,A,56,46,2.841,2.92,2.205,4,5,12,13,0.48,92.9,chain1_E_chain2_F,0,0,1,1,0,1,0,33,1,1,0,10,1,0,1,1,1,1,1,1,1,,0.43357,1,798
backbone_denovo,RAPCID_backbone_rapcid_backbone_95_model_6.cif.gz,/scratch/a2149a01/RAPCID_2610_output/backbone_denovo/RAPCID_backbone_rapcid_backbone_95_model_6.cif.gz,B,A,56,46,1.304,2.634,4.084,3,1,10,1,0.9091,40.64,chain1_E_chain2_F,0,0,0,0,0,0,0,24,1,0,6,0,0,1,0,0,0,0,1,1,0,pass_no_clash;pass_dual_rap_contact;pass_contact_balance;pass_face_angle,0.13303,0,
backbone_denovo,RAPCID_backbone_rapcid_backbone_95_model_7.cif.gz,/scratch/a2149a01/RAPCID_2610_output/backbone_denovo/RAPCID_backbone_rapcid_backbone_95_model_7.cif.gz,B,A,56,46,2.518,3.564,2.731,5,5,10,19,0.3448,72.96,chain1_F_chain2_E,0,1,1,1,1,1,0,42,1,1,15,11,0,0,1,1,1,1,0,1,0,pass_direct_interface,0.34162,0,
backbone_denovo,RAPCID_backbone_rapcid_backbone_96_model_0.cif.gz,/scratch/a2149a01/RAPCID_2610_output/backbone_denovo/RAPCID_backbone_rapcid_backbone_96_model_0.cif.gz,B,A,62,32,2.493,4.216,2.743,1,5,1,18,0.0526,73.18,chain1_F_chain2_E,0,0,2,0,0,2,1,34,0,1,1,10,0,0,1,0,0,1,1,1,0,pass_dual_rap_contact;pass_contact_balance,0.23737,0,
backbone_denovo,RAPCID_backbone_rapcid_backbone_96_model_1.cif.gz,/scratch/a2149a01/RAPCID_2610_output/backbone_denovo/RAPCID_backbone_rapcid_backbone_96_model_1.cif.gz,B,A,62,32,2.618,4.39,2.707,1,5,3,20,0.1304,44.49,chain1_E_chain2_F,0,0,1,1,0,1,0,26,0,1,4,7,0,0,1,0,1,0,1,1,0,pass_dual_rap_contact;pass_face_angle,0.20741,0,
backbone_denovo,RAPCID_backbone_rapcid_backbone_96_model_2.cif.gz,/scratch/a2149a01/RAPCID_2610_output/backbone_denovo/RAPCID_backbone_rapcid_backbone_96_model_2.cif.gz,B,A,62,32,2.863,3.323,9.606,2,0,9,0,1.0,nan,chain1_E_chain2_F,2,0,0,0,2,0,0,39,0,0,9,0,0,0,1,0,0,0,1,1,0,pass_dual_rap_contact;pass_contact_balance;pass_face_angle,0.14714,0,
backbone_denovo,RAPCID_backbone_rapcid_backbone_96_model_3.cif.gz,/scratch/a2149a01/RAPCID_2610_output/backbone_denovo/RAPCID_backbone_rapcid_backbone_96_model_3.cif.gz,B,A,62,32,1.969,2.651,2.735,4,1,13,3,0.8125,53.94,chain1_E_chain2_F,2,0,1,0,2,0,0,34,2,1,8,2,0,0,0,0,1,0,1,1,0,pass_no_clash;pass_dual_rap_contact;pass_face_angle,0.28214,0,
backbone_denovo,RAPCID_backbone_rapcid_backbone_96_model_4.cif.gz,/scratch/a2149a01/RAPCID_2610_output/backbone_denovo/RAPCID_backbone_rapcid_backbone_96_model_4.cif.gz,B,A,62,32,2.851,3.546,3.161,2,4,3,7,0.3,46.08,chain1_F_chain2_E,0,0,1,0,0,1,0,27,0,0,0,7,0,0,1,0,1,0,1,1,0,pass_dual_rap_contact;pass_face_angle,0.22357,0,
backbone_denovo,RAPCID_backbone_rapcid_backbone_96_model_5.cif.gz,/scratch/a2149a01/RAPCID_2610_output/backbone_denovo/RAPCID_backbone_rapcid_backbone_96_model_5.cif.gz,B,A,62,32,2.159,4.242,11.806,1,0,2,0,1.0,nan,chain1_E_chain2_F,0,0,0,0,0,0,0,22,0,0,8,0,0,0,1,0,0,0,1,1,0,pass_dual_rap_contact;pass_contact_balance;pass_face_angle,0.11,0,
backbone_denovo,RAPCID_backbone_rapcid_backbone_96_model_6.cif.gz,/scratch/a2149a01/RAPCID_2610_output/backbone_denovo/RAPCID_backbone_rapcid_backbone_96_model_6.cif.gz,B,A,62,32,2.612,3.156,3.192,4,4,5,15,0.25,84.92,chain1_F_chain2_E,0,1,1,0,1,1,0,25,1,1,9,10,1,0,1,1,1,1,1,1,1,,0.35853,0,
backbone_denovo,RAPCID_backbone_rapcid_backbone_96_model_7.cif.gz,/scratch/a2149a01/RAPCID_2610_output/backbone_denovo/RAPCID_backbone_rapcid_backbone_96_model_7.cif.gz,B,A,62,32,2.277,2.762,7.637,4,0,8,0,1.0,nan,chain1_E_chain2_F,1,0,0,0,1,0,0,43,1,0,8,0,1,0,1,0,0,0,0,1,0,pass_dual_rap_contact;pass_contact_balance;pass_face_angle;pass_direct_interface,0.12524,0,
backbone_denovo,RAPCID_backbone_rapcid_backbone_97_model_0.cif.gz,/scratch/a2149a01/RAPCID_2610_output/backbone_denovo/RAPCID_backbone_rapcid_backbone_97_model_0.cif.gz,B,A,43,40,3.056,3.828,3.728,4,5,7,10,0.4118,70.89,chain1_E_chain2_F,1,0,0,3,1,3,0,31,1,0,9,11,0,0,1,1,1,1,1,1,1,,0.40194,1,885
backbone_denovo,RAPCID_backbone_rapcid_backbone_97_model_1.cif.gz,/scratch/a2149a01/RAPCID_2610_output/backbone_denovo/RAPCID_backbone_rapcid_backbone_97_model_1.cif.gz,B,A,43,40,2.738,4.093,2.498,1,6,1,18,0.0526,88.23,chain1_F_chain2_E,0,1,2,1,1,2,0,42,0,2,7,10,0,0,1,0,0,1,0,1,0,pass_dual_rap_contact;pass_contact_balance;pass_direct_interface,0.30421,0,
backbone_denovo,RAPCID_backbone_rapcid_backbone_97_model_2.cif.gz,/scratch/a2149a01/RAPCID_2610_output/backbone_denovo/RAPCID_backbone_rapcid_backbone_97_model_2.cif.gz,B,A,43,40,1.791,3.643,3.416,4,4,9,11,0.45,74.32,chain1_E_chain2_F,1,0,0,2,1,2,0,41,0,0,10,11,0,0,0,1,1,1,0,1,0,pass_no_clash;pass_direct_interface,0.38343,0,
backbone_denovo,RAPCID_backbone_rapcid_backbone_97_model_3.cif.gz,/scratch/a2149a01/RAPCID_2610_output/backbone_denovo/RAPCID_backbone_rapcid_backbone_97_model_3.cif.gz,B,A,43,40,2.517,2.707,3.525,5,4,6,17,0.2609,47.5,chain1_E_chain2_F,2,0,2,0,2,0,0,43,2,3,11,1,0,0,1,1,1,0,0,1,0,pass_face_angle;pass_direct_interface,0.34482,0,
backbone_denovo,RAPCID_backbone_rapcid_backbone_97_model_4.cif.gz,/scratch/a2149a01/RAPCID_2610_output/backbone_denovo/RAPCID_backbone_rapcid_backbone_97_model_4.cif.gz,B,A,43,40,2.673,3.341,3.609,5,5,17,8,0.68,68.61,chain1_E_chain2_F,2,1,0,3,2,3,0,39,2,2,10,8,0,0,1,1,1,1,1,1,1,,0.43752,1,779
backbone_denovo,RAPCID_backbone_rapcid_backbone_97_model_5.cif.gz,/scratch/a2149a01/RAPCID_2610_output/backbone_denovo/RAPCID_backbone_rapcid_backbone_97_model_5.cif.gz,B,A,43,40,3.407,19.84,3.419,0,4,0,14,0.0,nan,chain1_E_chain2_F,0,0,1,2,0,2,0,8,0,0,0,12,0,0,1,0,0,0,1,1,0,pass_dual_rap_contact;pass_contact_balance;pass_face_angle,0.25714,0,
backbone_denovo,RAPCID_backbone_rapcid_backbone_97_model_6.cif.gz,/scratch/a2149a01/RAPCID_2610_output/backbone_denovo/RAPCID_backbone_rapcid_backbone_97_model_6.cif.gz,B,A,43,40,2.89,3.414,11.037,2,0,7,0,1.0,nan,chain1_E_chain2_F,1,0,0,0,1,0,0,33,0,0,5,0,0,0,1,0,0,0,1,1,0,pass_dual_rap_contact;pass_contact_balance;pass_face_angle,0.07857,0,
backbone_denovo,RAPCID_backbone_rapcid_backbone_97_model_7.cif.gz,/scratch/a2149a01/RAPCID_2610_output/backbone_denovo/RAPCID_backbone_rapcid_backbone_97_model_7.cif.gz,B,A,43,40,3.088,3.288,3.66,5,4,10,6,0.625,56.95,chain1_E_chain2_F,0,1,0,2,0,2,0,24,1,1,10,12,0,0,1,1,1,0,1,1,0,pass_face_angle,0.36048,0,
backbone_denovo,RAPCID_backbone_rapcid_backbone_98_model_0.cif.gz,/scratch/a2149a01/RAPCID_2610_output/backbone_denovo/RAPCID_backbone_rapcid_backbone_98_model_0.cif.gz,A,B,65,63,2.488,2.714,20.867,9,0,23,0,1.0,nan,chain1_E_chain2_F,2,2,0,0,2,0,0,15,0,0,17,0,0,0,1,0,0,0,1,1,0,pass_dual_rap_contact;pass_contact_balance;pass_face_angle,0.22214,0,
backbone_denovo,RAPCID_backbone_rapcid_backbone_98_model_1.cif.gz,/scratch/a2149a01/RAPCID_2610_output/backbone_denovo/RAPCID_backbone_rapcid_backbone_98_model_1.cif.gz,A,B,65,63,2.827,3.964,2.992,2,3,2,11,0.1538,62.11,chain1_F_chain2_E,1,0,2,0,0,2,0,47,0,0,3,12,0,0,1,0,1,1,0,1,0,pass_dual_rap_contact;pass_direct_interface,0.21868,0,
backbone_denovo,RAPCID_backbone_rapcid_backbone_98_model_2.cif.gz,/scratch/a2149a01/RAPCID_2610_output/backbone_denovo/RAPCID_backbone_rapcid_backbone_98_model_2.cif.gz,A,B,65,63,2.731,3.019,2.858,4,1,8,5,0.6154,76.27,chain1_E_chain2_F,2,0,0,0,2,0,0,44,2,0,7,1,0,0,1,0,1,1,0,1,0,pass_dual_rap_contact;pass_direct_interface,0.34856,0,
backbone_denovo,RAPCID_backbone_rapcid_backbone_98_model_3.cif.gz,/scratch/a2149a01/RAPCID_2610_output/backbone_denovo/RAPCID_backbone_rapcid_backbone_98_model_3.cif.gz,A,B,65,63,2.929,3.73,3.405,3,5,3,8,0.2727,40.0,chain1_E_chain2_F,0,1,0,2,0,2,0,55,1,1,0,11,0,0,1,0,1,0,0,1,0,pass_dual_rap_contact;pass_face_angle;pass_direct_interface,0.29957,0,
backbone_denovo,RAPCID_backbone_rapcid_backbone_98_model_4.cif.gz,/scratch/a2149a01/RAPCID_2610_output/backbone_denovo/RAPCID_backbone_rapcid_backbone_98_model_4.cif.gz,A,B,65,63,2.475,3.006,7.148,6,0,18,0,1.0,nan,chain1_E_chain2_F,1,0,0,0,1,0,0,48,1,0,8,0,0,0,1,0,0,0,0,1,0,pass_dual_rap_contact;pass_contact_balance;pass_face_angle;pass_direct_interface,0.12524,0,
backbone_denovo,RAPCID_backbone_rapcid_backbone_98_model_5.cif.gz,/scratch/a2149a01/RAPCID_2610_output/backbone_denovo/RAPCID_backbone_rapcid_backbone_98_model_5.cif.gz,A,B,65,63,2.611,3.274,7.71,6,0,20,0,1.0,nan,chain1_F_chain2_E,0,2,0,0,2,0,0,47,1,0,11,0,0,0,1,0,0,0,0,1,0,pass_dual_rap_contact;pass_contact_balance;pass_face_angle;pass_direct_interface,0.17381,0,
backbone_denovo,RAPCID_backbone_rapcid_backbone_98_model_6.cif.gz,/scratch/a2149a01/RAPCID_2610_output/backbone_denovo/RAPCID_backbone_rapcid_backbone_98_model_6.cif.gz,A,B,65,63,2.408,2.67,3.463,8,2,20,3,0.8696,54.57,chain1_F_chain2_E,1,1,1,0,1,1,0,58,3,0,9,11,0,0,1,0,1,0,0,1,0,pass_dual_rap_contact;pass_face_angle;pass_direct_interface,0.25932,0,
backbone_denovo,RAPCID_backbone_rapcid_backbone_98_model_7.cif.gz,/scratch/a2149a01/RAPCID_2610_output/backbone_denovo/RAPCID_backbone_rapcid_backbone_98_model_7.cif.gz,A,B,65,63,2.712,3.652,3.286,3,3,11,9,0.55,68.57,chain1_F_chain2_E,0,1,1,1,1,1,0,36,0,1,7,8,1,1,1,1,1,1,1,1,1,,0.35381,0,
backbone_denovo,RAPCID_backbone_rapcid_backbone_99_model_0.cif.gz,/scratch/a2149a01/RAPCID_2610_output/backbone_denovo/RAPCID_backbone_rapcid_backbone_99_model_0.cif.gz,A,B,63,48,2.76,2.653,9.639,2,0,8,0,1.0,nan,chain1_E_chain2_F,0,0,0,0,0,0,0,40,0,0,3,0,0,0,1,0,0,0,1,1,0,pass_dual_rap_contact;pass_contact_balance;pass_face_angle,0.03,0,
backbone_denovo,RAPCID_backbone_rapcid_backbone_99_model_1.cif.gz,/scratch/a2149a01/RAPCID_2610_output/backbone_denovo/RAPCID_backbone_rapcid_backbone_99_model_1.cif.gz,A,B,63,48,2.157,2.754,3.015,4,4,12,10,0.5455,109.0,chain1_E_chain2_F,2,0,1,1,2,1,1,40,0,0,13,6,0,0,1,1,1,1,1,1,1,,0.52942,1,612
backbone_denovo,RAPCID_backbone_rapcid_backbone_99_model_2.cif.gz,/scratch/a2149a01/RAPCID_2610_output/backbone_denovo/RAPCID_backbone_rapcid_backbone_99_model_2.cif.gz,A,B,63,48,1.657,2.854,2.65,6,6,11,20,0.3548,106.1,chain1_E_chain2_F,1,0,1,2,1,2,0,39,1,1,7,11,1,2,0,1,1,1,1,1,0,pass_no_clash,0.48464,0,
backbone_denovo,RAPCID_backbone_rapcid_backbone_99_model_3.cif.gz,/scratch/a2149a01/RAPCID_2610_output/backbone_denovo/RAPCID_backbone_rapcid_backbone_99_model_3.cif.gz,A,B,63,48,2.418,8.773,3.156,0,5,0,10,0.0,nan,chain1_F_chain2_E,0,0,1,0,0,1,0,53,0,0,0,10,0,0,1,0,0,0,0,1,0,pass_dual_rap_contact;pass_contact_balance;pass_face_angle;pass_direct_interface,0.12857,0,
backbone_denovo,RAPCID_backbone_rapcid_backbone_99_model_4.cif.gz,/scratch/a2149a01/RAPCID_2610_output/backbone_denovo/RAPCID_backbone_rapcid_backbone_99_model_4.cif.gz,A,B,63,48,1.885,3.417,3.384,3,3,6,8,0.4286,55.82,chain1_E_chain2_F,1,0,1,0,1,0,0,41,2,1,5,0,0,0,0,1,1,0,0,1,0,pass_no_clash;pass_face_angle;pass_direct_interface,0.3,0,
backbone_denovo,RAPCID_backbone_rapcid_backbone_99_model_5.cif.gz,/scratch/a2149a01/RAPCID_2610_output/backbone_denovo/RAPCID_backbone_rapcid_backbone_99_model_5.cif.gz,A,B,63,48,2.001,3.031,4.691,3,0,12,0,1.0,nan,chain1_E_chain2_F,2,0,0,0,2,0,0,34,1,0,10,0,0,0,1,0,0,0,1,1,0,pass_dual_rap_contact;pass_contact_balance;pass_face_angle,0.17381,0,
backbone_denovo,RAPCID_backbone_rapcid_backbone_99_model_6.cif.gz,/scratch/a2149a01/RAPCID_2610_output/backbone_denovo/RAPCID_backbone_rapcid_backbone_99_model_6.cif.gz,A,B,63,48,2.634,3.497,3.175,3,7,7,25,0.2188,64.8,chain1_F_chain2_E,0,3,1,1,3,1,0,50,1,1,10,10,0,1,1,1,1,1,0,1,0,pass_direct_interface,0.33512,0,
backbone_denovo,RAPCID_backbone_rapcid_backbone_99_model_7.cif.gz,/scratch/a2149a01/RAPCID_2610_output/backbone_denovo/RAPCID_backbone_rapcid_backbone_99_model_7.cif.gz,A,B,63,48,2.912,2.89,3.133,5,6,17,11,0.6071,132.62,chain1_E_chain2_F,1,0,0,3,1,3,0,36,0,1,9,12,0,1,1,1,1,1,1,1,1,,0.60016,1,504
backbone_denovo,RAPCID_backbone_rapcid_backbone_9_model_0.cif.gz,/scratch/a2149a01/RAPCID_2610_output/backbone_denovo/RAPCID_backbone_rapcid_backbone_9_model_0.cif.gz,A,B,60,58,2.731,2.93,6.495,7,0,25,0,1.0,nan,chain1_E_chain2_F,2,1,0,0,2,0,0,36,1,0,11,0,0,0,1,0,0,0,1,1,0,pass_dual_rap_contact;pass_contact_balance;pass_face_angle,0.17381,0,
backbone_denovo,RAPCID_backbone_rapcid_backbone_9_model_1.cif.gz,/scratch/a2149a01/RAPCID_2610_output/backbone_denovo/RAPCID_backbone_rapcid_backbone_9_model_1.cif.gz,A,B,60,58,2.639,3.526,2.023,4,3,6,12,0.3333,89.98,chain1_E_chain2_F,1,0,1,0,1,0,0,42,0,1,8,1,0,0,1,1,1,1,0,1,0,pass_direct_interface,0.33852,0,
backbone_denovo,RAPCID_backbone_rapcid_backbone_9_model_2.cif.gz,/scratch/a2149a01/RAPCID_2610_output/backbone_denovo/RAPCID_backbone_rapcid_backbone_9_model_2.cif.gz,A,B,60,58,2.446,4.109,3.853,1,2,1,3,0.25,54.29,chain1_E_chain2_F,1,0,0,0,1,0,0,52,0,1,5,0,0,0,1,0,1,0,0,1,0,pass_dual_rap_contact;pass_face_angle;pass_direct_interface,0.19524,0,
backbone_denovo,RAPCID_backbone_rapcid_backbone_9_model_3.cif.gz,/scratch/a2149a01/RAPCID_2610_output/backbone_denovo/RAPCID_backbone_rapcid_backbone_9_model_3.cif.gz,A,B,60,58,1.927,2.934,3.509,6,3,22,4,0.8462,67.74,chain1_E_chain2_F,2,1,0,1,2,1,0,43,1,0,10,12,0,0,0,1,1,1,0,1,0,pass_no_clash;pass_direct_interface,0.26392,0,
backbone_denovo,RAPCID_backbone_rapcid_backbone_9_model_4.cif.gz,/scratch/a2149a01/RAPCID_2610_output/backbone_denovo/RAPCID_backbone_rapcid_backbone_9_model_4.cif.gz,A,B,60,58,2.711,3.323,3.428,4,4,15,8,0.6522,53.03,chain1_E_chain2_F,2,0,2,0,2,0,0,57,1,1,13,0,0,0,1,1,1,0,0,1,0,pass_face_angle;pass_direct_interface,0.32961,0,
backbone_denovo,RAPCID_backbone_rapcid_backbone_9_model_5.cif.gz,/scratch/a2149a01/RAPCID_2610_output/backbone_denovo/RAPCID_backbone_rapcid_backbone_9_model_5.cif.gz,A,B,60,58,2.727,3.113,3.114,5,4,12,8,0.6,68.82,chain1_E_chain2_F,1,1,0,1,1,1,0,52,2,2,12,12,0,0,1,1,1,1,0,1,0,pass_direct_interface,0.38381,0,
backbone_denovo,RAPCID_backbone_rapcid_backbone_9_model_6.cif.gz,/scratch/a2149a01/RAPCID_2610_output/backbone_denovo/RAPCID_backbone_rapcid_backbone_9_model_6.cif.gz,A,B,60,58,2.405,2.908,2.655,3,4,6,10,0.375,67.48,chain1_E_chain2_F,1,0,0,1,1,1,0,30,0,1,5,10,0,0,1,1,1,1,1,1,1,,0.32381,0,
backbone_denovo,RAPCID_backbone_rapcid_backbone_9_model_7.cif.gz,/scratch/a2149a01/RAPCID_2610_output/backbone_denovo/RAPCID_backbone_rapcid_backbone_9_model_7.cif.gz,A,B,60,58,1.366,3.642,3.044,5,4,11,11,0.5,77.7,chain1_F_chain2_E,0,3,1,0,3,1,0,50,1,1,13,10,1,0,0,1,1,1,0,1,0,pass_no_clash;pass_direct_interface,0.47661,0,
