group,file,path,chain1,chain2,chain1_length,chain2_length,min_chain_chain_dist_A,min_chain1_RAP_dist_A,min_chain2_RAP_dist_A,chain1_RAP_contact_residues,chain2_RAP_contact_residues,chain1_RAP_contact_atoms,chain2_RAP_contact_atoms,RAP_contact_balance_chain1,RAP_face_angle_deg,orientation,chain1_E_hotspots,chain1_F_hotspots,chain2_E_hotspots,chain2_F_hotspots,assigned_face1_hotspots,assigned_face2_hotspots,shared_seam_contact,direct_residue_pairs_4A,chain1_tripartite_residues,chain2_tripartite_residues,assigned_chain1_reachable_residues,assigned_chain2_reachable_residues,chain1_TYR_count,chain2_TYR_count,pass_no_clash,pass_dual_rap_contact,pass_contact_balance,pass_face_angle,pass_direct_interface,pass_conserved_motif,hard_pass,failed_filters,soft_score,selected_final,selected_rank_global
backbone,RAPCID_backbone_rapcid_backbone_0_model_0.cif.gz,/scratch/a2149a01/RAPCID_2610_output/backbone/RAPCID_backbone_rapcid_backbone_0_model_0.cif.gz,B,A,32,24,9.7,3.927,2.765,5,5,10,17,0.3704,148.54,chain1_F_chain2_E,0,3,2,0,3,2,0,0,0,0,13,13,0,2,1,1,1,1,1,0,0,pass_conserved_motif,0.71615,0,
backbone,RAPCID_backbone_rapcid_backbone_0_model_1.cif.gz,/scratch/a2149a01/RAPCID_2610_output/backbone/RAPCID_backbone_rapcid_backbone_0_model_1.cif.gz,B,A,32,24,6.739,3.517,2.77,5,6,17,12,0.5862,137.0,chain1_F_chain2_E,0,3,1,0,3,1,0,0,0,0,14,10,0,2,1,1,1,1,1,0,0,pass_conserved_motif,0.66647,0,
backbone,RAPCID_backbone_rapcid_backbone_0_model_2.cif.gz,/scratch/a2149a01/RAPCID_2610_output/backbone/RAPCID_backbone_rapcid_backbone_0_model_2.cif.gz,B,A,32,24,7.738,3.487,2.401,6,5,22,15,0.5946,156.04,chain1_F_chain2_E,0,3,1,0,3,1,0,0,0,0,14,13,0,1,1,1,1,1,1,0,0,pass_conserved_motif,0.72657,0,
backbone,RAPCID_backbone_rapcid_backbone_0_model_3.cif.gz,/scratch/a2149a01/RAPCID_2610_output/backbone/RAPCID_backbone_rapcid_backbone_0_model_3.cif.gz,B,A,32,24,4.249,3.478,2.493,5,5,20,17,0.5405,157.91,chain1_F_chain2_E,0,3,1,0,3,1,0,0,0,0,14,13,0,1,1,1,1,1,1,0,0,pass_conserved_motif,0.75442,0,
backbone,RAPCID_backbone_rapcid_backbone_0_model_4.cif.gz,/scratch/a2149a01/RAPCID_2610_output/backbone/RAPCID_backbone_rapcid_backbone_0_model_4.cif.gz,B,A,32,24,9.621,3.601,2.642,5,4,13,11,0.5417,157.64,chain1_F_chain2_E,0,3,1,0,3,1,0,0,0,0,13,10,0,1,1,1,1,1,1,0,0,pass_conserved_motif,0.75309,0,
backbone,RAPCID_backbone_rapcid_backbone_0_model_5.cif.gz,/scratch/a2149a01/RAPCID_2610_output/backbone/RAPCID_backbone_rapcid_backbone_0_model_5.cif.gz,B,A,32,24,4.115,3.513,2.861,4,6,16,15,0.5161,154.89,chain1_F_chain2_E,0,2,1,0,2,1,0,0,0,0,14,12,1,1,1,1,1,1,1,1,1,,0.72556,1,125
backbone,RAPCID_backbone_rapcid_backbone_0_model_6.cif.gz,/scratch/a2149a01/RAPCID_2610_output/backbone/RAPCID_backbone_rapcid_backbone_0_model_6.cif.gz,B,A,32,24,4.907,3.494,2.493,6,6,13,15,0.4643,142.07,chain1_F_chain2_E,0,3,2,0,3,2,0,0,0,0,13,13,0,2,1,1,1,1,1,0,0,pass_conserved_motif,0.73214,0,
backbone,RAPCID_backbone_rapcid_backbone_0_model_7.cif.gz,/scratch/a2149a01/RAPCID_2610_output/backbone/RAPCID_backbone_rapcid_backbone_0_model_7.cif.gz,B,A,32,24,10.155,3.353,3.547,5,5,15,9,0.625,144.94,chain1_F_chain2_E,0,3,2,0,3,2,0,0,0,0,13,13,0,1,1,1,1,1,1,0,0,pass_conserved_motif,0.70597,0,
backbone,RAPCID_backbone_rapcid_backbone_100_model_0.cif.gz,/scratch/a2149a01/RAPCID_2610_output/backbone/RAPCID_backbone_rapcid_backbone_100_model_0.cif.gz,A,B,32,25,3.161,2.846,3.595,7,6,11,18,0.3793,121.31,chain1_E_chain2_F,1,0,0,3,1,3,0,5,1,0,12,15,2,0,1,1,1,1,1,0,0,pass_conserved_motif,0.64205,0,
backbone,RAPCID_backbone_rapcid_backbone_100_model_1.cif.gz,/scratch/a2149a01/RAPCID_2610_output/backbone/RAPCID_backbone_rapcid_backbone_100_model_1.cif.gz,A,B,32,25,10.99,3.293,3.247,5,5,8,13,0.381,168.08,chain1_E_chain2_F,1,0,0,3,1,3,0,0,0,0,11,15,1,0,1,1,1,1,1,0,0,pass_conserved_motif,0.6964,0,
backbone,RAPCID_backbone_rapcid_backbone_100_model_2.cif.gz,/scratch/a2149a01/RAPCID_2610_output/backbone/RAPCID_backbone_rapcid_backbone_100_model_2.cif.gz,A,B,32,25,4.298,1.874,3.247,6,5,16,16,0.5,157.94,chain1_E_chain2_F,1,0,0,3,1,3,0,0,0,0,12,16,1,1,0,1,1,1,1,1,0,pass_no_clash,0.77075,0,
backbone,RAPCID_backbone_rapcid_backbone_100_model_3.cif.gz,/scratch/a2149a01/RAPCID_2610_output/backbone/RAPCID_backbone_rapcid_backbone_100_model_3.cif.gz,A,B,32,25,10.492,3.38,2.877,4,6,11,16,0.4074,168.17,chain1_E_chain2_F,1,0,0,3,1,3,0,0,0,0,9,15,1,0,1,1,1,1,1,0,0,pass_conserved_motif,0.70669,0,
backbone,RAPCID_backbone_rapcid_backbone_100_model_4.cif.gz,/scratch/a2149a01/RAPCID_2610_output/backbone/RAPCID_backbone_rapcid_backbone_100_model_4.cif.gz,A,B,32,25,5.931,2.749,3.288,4,5,11,17,0.3929,161.13,chain1_E_chain2_F,1,0,0,3,1,3,0,0,0,0,10,15,1,0,1,1,1,1,1,0,0,pass_conserved_motif,0.72434,0,
backbone,RAPCID_backbone_rapcid_backbone_100_model_5.cif.gz,/scratch/a2149a01/RAPCID_2610_output/backbone/RAPCID_backbone_rapcid_backbone_100_model_5.cif.gz,A,B,32,25,2.98,2.64,3.154,8,5,15,20,0.4286,139.13,chain1_E_chain2_F,1,0,0,3,1,3,0,4,0,0,10,15,1,1,1,1,1,1,1,1,1,,0.69949,1,202
backbone,RAPCID_backbone_rapcid_backbone_100_model_6.cif.gz,/scratch/a2149a01/RAPCID_2610_output/backbone/RAPCID_backbone_rapcid_backbone_100_model_6.cif.gz,A,B,32,25,7.695,3.116,3.314,4,6,13,15,0.4643,160.35,chain1_E_chain2_F,1,0,0,3,1,3,0,0,0,0,11,16,1,0,1,1,1,1,1,0,0,pass_conserved_motif,0.75552,0,
backbone,RAPCID_backbone_rapcid_backbone_100_model_7.cif.gz,/scratch/a2149a01/RAPCID_2610_output/backbone/RAPCID_backbone_rapcid_backbone_100_model_7.cif.gz,A,B,32,25,8.533,3.091,3.401,4,5,8,15,0.3478,147.61,chain1_E_chain2_F,1,0,0,3,1,3,0,0,0,0,10,14,1,0,1,1,1,1,1,0,0,pass_conserved_motif,0.67544,0,
backbone,RAPCID_backbone_rapcid_backbone_101_model_0.cif.gz,/scratch/a2149a01/RAPCID_2610_output/backbone/RAPCID_backbone_rapcid_backbone_101_model_0.cif.gz,B,A,41,33,2.574,2.747,3.662,5,6,12,9,0.5714,111.26,chain1_F_chain2_E,1,2,1,0,2,1,0,12,1,0,10,11,0,1,1,1,1,1,1,0,0,pass_conserved_motif,0.59468,0,
backbone,RAPCID_backbone_rapcid_backbone_101_model_1.cif.gz,/scratch/a2149a01/RAPCID_2610_output/backbone/RAPCID_backbone_rapcid_backbone_101_model_1.cif.gz,B,A,41,33,3.687,3.231,3.025,5,3,6,6,0.5,142.05,chain1_F_chain2_E,0,3,1,0,3,1,0,2,0,0,13,10,0,1,1,1,1,1,1,0,0,pass_conserved_motif,0.72778,0,
backbone,RAPCID_backbone_rapcid_backbone_101_model_2.cif.gz,/scratch/a2149a01/RAPCID_2610_output/backbone/RAPCID_backbone_rapcid_backbone_101_model_2.cif.gz,B,A,41,33,4.875,2.445,2.842,5,4,14,6,0.7,125.56,chain1_F_chain2_E,0,2,1,0,2,1,0,0,0,0,10,8,0,1,1,1,1,1,1,0,0,pass_conserved_motif,0.55425,0,
backbone,RAPCID_backbone_rapcid_backbone_101_model_3.cif.gz,/scratch/a2149a01/RAPCID_2610_output/backbone/RAPCID_backbone_rapcid_backbone_101_model_3.cif.gz,B,A,41,33,3.075,3.432,2.588,6,4,17,11,0.6071,127.03,chain1_F_chain2_E,1,3,1,0,3,1,0,6,0,1,12,10,0,1,1,1,1,1,1,0,0,pass_conserved_motif,0.67154,0,
backbone,RAPCID_backbone_rapcid_backbone_101_model_4.cif.gz,/scratch/a2149a01/RAPCID_2610_output/backbone/RAPCID_backbone_rapcid_backbone_101_model_4.cif.gz,B,A,41,33,6.87,2.713,3.014,5,2,15,3,0.8333,136.65,chain1_F_chain2_E,1,3,1,0,3,1,0,0,0,0,10,8,0,1,1,0,1,1,1,0,0,pass_dual_rap_contact;pass_conserved_motif,0.56644,0,
backbone,RAPCID_backbone_rapcid_backbone_101_model_5.cif.gz,/scratch/a2149a01/RAPCID_2610_output/backbone/RAPCID_backbone_rapcid_backbone_101_model_5.cif.gz,B,A,41,33,3.216,2.933,3.237,4,6,15,13,0.5357,122.27,chain1_F_chain2_E,1,2,1,0,2,1,0,5,0,0,10,10,0,1,1,1,1,1,1,0,0,pass_conserved_motif,0.63401,0,
backbone,RAPCID_backbone_rapcid_backbone_101_model_6.cif.gz,/scratch/a2149a01/RAPCID_2610_output/backbone/RAPCID_backbone_rapcid_backbone_101_model_6.cif.gz,B,A,41,33,3.544,2.751,2.988,4,4,21,10,0.6774,132.47,chain1_F_chain2_E,1,2,1,0,2,1,0,5,0,0,10,10,0,1,1,1,1,1,1,0,0,pass_conserved_motif,0.6113,0,
backbone,RAPCID_backbone_rapcid_backbone_101_model_7.cif.gz,/scratch/a2149a01/RAPCID_2610_output/backbone/RAPCID_backbone_rapcid_backbone_101_model_7.cif.gz,B,A,41,33,3.637,3.379,2.862,10,4,25,14,0.641,163.38,chain1_F_chain2_E,0,3,1,0,3,1,1,1,0,1,17,15,0,1,1,1,1,1,1,0,0,pass_conserved_motif,0.75352,0,
backbone,RAPCID_backbone_rapcid_backbone_102_model_0.cif.gz,/scratch/a2149a01/RAPCID_2610_output/backbone/RAPCID_backbone_rapcid_backbone_102_model_0.cif.gz,A,B,35,27,12.732,3.326,3.676,2,4,4,14,0.2222,168.5,chain1_E_chain2_F,1,0,0,3,1,3,0,0,0,0,7,10,1,0,1,1,1,1,1,0,0,pass_conserved_motif,0.6315,0,
backbone,RAPCID_backbone_rapcid_backbone_102_model_1.cif.gz,/scratch/a2149a01/RAPCID_2610_output/backbone/RAPCID_backbone_rapcid_backbone_102_model_1.cif.gz,A,B,35,27,2.962,2.23,3.022,8,4,18,17,0.5143,120.34,chain1_E_chain2_F,1,0,0,3,1,3,0,2,0,0,13,10,1,0,1,1,1,1,1,0,0,pass_conserved_motif,0.64971,0,
backbone,RAPCID_backbone_rapcid_backbone_102_model_2.cif.gz,/scratch/a2149a01/RAPCID_2610_output/backbone/RAPCID_backbone_rapcid_backbone_102_model_2.cif.gz,A,B,35,27,13.152,2.893,3.526,2,4,8,12,0.4,153.54,chain1_E_chain2_F,2,0,0,3,2,3,1,0,0,0,7,10,1,0,1,1,1,1,1,0,0,pass_conserved_motif,0.77321,0,
backbone,RAPCID_backbone_rapcid_backbone_102_model_3.cif.gz,/scratch/a2149a01/RAPCID_2610_output/backbone/RAPCID_backbone_rapcid_backbone_102_model_3.cif.gz,A,B,35,27,9.659,2.878,3.869,5,3,8,9,0.4706,157.54,chain1_E_chain2_F,1,0,0,2,1,2,0,0,0,0,10,10,1,0,1,1,1,1,1,0,0,pass_conserved_motif,0.7291,0,
backbone,RAPCID_backbone_rapcid_backbone_102_model_4.cif.gz,/scratch/a2149a01/RAPCID_2610_output/backbone/RAPCID_backbone_rapcid_backbone_102_model_4.cif.gz,A,B,35,27,2.89,2.72,3.582,6,4,17,12,0.5862,138.42,chain1_E_chain2_F,2,0,0,3,2,3,0,4,0,0,15,10,1,0,1,1,1,1,1,0,0,pass_conserved_motif,0.71978,0,
backbone,RAPCID_backbone_rapcid_backbone_102_model_5.cif.gz,/scratch/a2149a01/RAPCID_2610_output/backbone/RAPCID_backbone_rapcid_backbone_102_model_5.cif.gz,A,B,35,27,4.036,3.137,3.485,4,4,11,10,0.5238,146.54,chain1_E_chain2_F,1,0,0,3,1,3,0,0,0,0,10,10,1,0,1,1,1,1,1,0,0,pass_conserved_motif,0.72324,0,
backbone,RAPCID_backbone_rapcid_backbone_102_model_6.cif.gz,/scratch/a2149a01/RAPCID_2610_output/backbone/RAPCID_backbone_rapcid_backbone_102_model_6.cif.gz,A,B,35,27,3.204,3.076,3.636,8,4,17,9,0.6538,154.31,chain1_E_chain2_F,1,0,0,3,1,3,0,1,0,0,13,10,1,0,1,1,1,1,1,0,0,pass_conserved_motif,0.70212,0,
backbone,RAPCID_backbone_rapcid_backbone_102_model_7.cif.gz,/scratch/a2149a01/RAPCID_2610_output/backbone/RAPCID_backbone_rapcid_backbone_102_model_7.cif.gz,A,B,35,27,2.884,1.981,3.694,7,3,18,11,0.6207,133.1,chain1_E_chain2_F,1,0,0,2,1,2,0,5,1,0,12,10,1,0,0,1,1,1,1,0,0,pass_no_clash;pass_conserved_motif,0.65276,0,
backbone,RAPCID_backbone_rapcid_backbone_103_model_0.cif.gz,/scratch/a2149a01/RAPCID_2610_output/backbone/RAPCID_backbone_rapcid_backbone_103_model_0.cif.gz,B,A,39,34,7.502,3.535,2.537,5,5,17,15,0.5312,143.3,chain1_F_chain2_E,0,3,1,0,3,1,0,0,0,0,14,13,0,1,1,1,1,1,1,0,0,pass_conserved_motif,0.70944,0,
backbone,RAPCID_backbone_rapcid_backbone_103_model_1.cif.gz,/scratch/a2149a01/RAPCID_2610_output/backbone/RAPCID_backbone_rapcid_backbone_103_model_1.cif.gz,B,A,39,34,6.994,3.406,2.543,5,4,24,14,0.6316,151.92,chain1_F_chain2_E,0,3,1,0,3,1,0,0,0,0,15,11,1,1,1,1,1,1,1,1,1,,0.69804,1,206
backbone,RAPCID_backbone_rapcid_backbone_103_model_2.cif.gz,/scratch/a2149a01/RAPCID_2610_output/backbone/RAPCID_backbone_rapcid_backbone_103_model_2.cif.gz,B,A,39,34,9.353,3.5,3.186,6,5,22,15,0.5946,148.71,chain1_F_chain2_E,0,3,3,0,3,3,0,0,0,0,16,11,0,1,1,1,1,1,1,0,0,pass_conserved_motif,0.75928,0,
backbone,RAPCID_backbone_rapcid_backbone_103_model_3.cif.gz,/scratch/a2149a01/RAPCID_2610_output/backbone/RAPCID_backbone_rapcid_backbone_103_model_3.cif.gz,B,A,39,34,7.012,3.114,2.821,5,3,17,9,0.6538,149.39,chain1_F_chain2_E,0,3,1,0,3,1,0,0,0,0,14,9,0,1,1,1,1,1,1,0,0,pass_conserved_motif,0.68072,0,
backbone,RAPCID_backbone_rapcid_backbone_103_model_4.cif.gz,/scratch/a2149a01/RAPCID_2610_output/backbone/RAPCID_backbone_rapcid_backbone_103_model_4.cif.gz,B,A,39,34,7.322,3.105,3.09,6,5,30,14,0.6818,161.21,chain1_F_chain2_E,0,3,2,0,3,2,1,0,0,0,16,12,1,1,1,1,1,1,1,1,1,,0.75133,1,60
backbone,RAPCID_backbone_rapcid_backbone_103_model_5.cif.gz,/scratch/a2149a01/RAPCID_2610_output/backbone/RAPCID_backbone_rapcid_backbone_103_model_5.cif.gz,B,A,39,34,11.378,3.58,2.79,5,4,17,9,0.6538,159.17,chain1_F_chain2_E,0,3,1,0,3,1,0,0,0,0,16,10,1,1,1,1,1,1,1,1,1,,0.71218,1,159
backbone,RAPCID_backbone_rapcid_backbone_103_model_6.cif.gz,/scratch/a2149a01/RAPCID_2610_output/backbone/RAPCID_backbone_rapcid_backbone_103_model_6.cif.gz,B,A,39,34,5.55,3.432,2.538,6,4,22,8,0.7333,129.45,chain1_F_chain2_E,1,3,1,0,3,1,0,0,0,0,17,10,0,1,1,1,1,1,1,0,0,pass_conserved_motif,0.58245,0,
backbone,RAPCID_backbone_rapcid_backbone_103_model_7.cif.gz,/scratch/a2149a01/RAPCID_2610_output/backbone/RAPCID_backbone_rapcid_backbone_103_model_7.cif.gz,B,A,39,34,10.772,3.505,3.02,6,3,14,11,0.56,175.48,chain1_F_chain2_E,0,3,2,0,3,2,0,0,0,0,16,10,0,1,1,1,1,1,1,0,0,pass_conserved_motif,0.72394,0,
backbone,RAPCID_backbone_rapcid_backbone_104_model_0.cif.gz,/scratch/a2149a01/RAPCID_2610_output/backbone/RAPCID_backbone_rapcid_backbone_104_model_0.cif.gz,A,B,45,29,3.542,3.067,3.164,5,9,13,23,0.3611,135.71,chain1_E_chain2_F,1,0,1,3,1,3,0,5,1,1,10,15,1,0,1,1,1,1,1,0,0,pass_conserved_motif,0.69942,0,
backbone,RAPCID_backbone_rapcid_backbone_104_model_1.cif.gz,/scratch/a2149a01/RAPCID_2610_output/backbone/RAPCID_backbone_rapcid_backbone_104_model_1.cif.gz,A,B,45,29,2.863,2.401,2.598,5,4,20,21,0.4878,113.85,chain1_E_chain2_F,2,0,1,2,2,2,1,18,1,1,13,10,2,1,1,1,1,1,1,1,1,,0.67081,1,306
backbone,RAPCID_backbone_rapcid_backbone_104_model_2.cif.gz,/scratch/a2149a01/RAPCID_2610_output/backbone/RAPCID_backbone_rapcid_backbone_104_model_2.cif.gz,A,B,45,29,2.927,2.923,2.685,4,3,14,9,0.6087,141.1,chain1_E_chain2_F,2,0,0,2,2,2,1,9,0,0,11,10,1,0,1,1,1,1,1,0,0,pass_conserved_motif,0.7347,0,
backbone,RAPCID_backbone_rapcid_backbone_104_model_3.cif.gz,/scratch/a2149a01/RAPCID_2610_output/backbone/RAPCID_backbone_rapcid_backbone_104_model_3.cif.gz,A,B,45,29,3.095,2.897,2.372,3,9,6,22,0.2143,130.65,chain1_E_chain2_F,1,0,1,3,1,3,0,7,0,1,10,15,1,0,1,1,1,1,1,0,0,pass_conserved_motif,0.61718,0,
backbone,RAPCID_backbone_rapcid_backbone_104_model_4.cif.gz,/scratch/a2149a01/RAPCID_2610_output/backbone/RAPCID_backbone_rapcid_backbone_104_model_4.cif.gz,A,B,45,29,3.355,2.636,3.028,4,6,16,16,0.5,130.09,chain1_E_chain2_F,2,0,0,2,2,2,1,7,0,0,12,10,1,0,1,1,1,1,1,0,0,pass_conserved_motif,0.74148,0,
backbone,RAPCID_backbone_rapcid_backbone_104_model_5.cif.gz,/scratch/a2149a01/RAPCID_2610_output/backbone/RAPCID_backbone_rapcid_backbone_104_model_5.cif.gz,A,B,45,29,3.254,2.579,3.035,4,5,14,12,0.5385,110.93,chain1_E_chain2_F,1,0,1,3,1,3,0,7,1,0,10,14,1,0,1,1,1,1,1,0,0,pass_conserved_motif,0.65033,0,
backbone,RAPCID_backbone_rapcid_backbone_104_model_6.cif.gz,/scratch/a2149a01/RAPCID_2610_output/backbone/RAPCID_backbone_rapcid_backbone_104_model_6.cif.gz,A,B,45,29,4.287,2.953,3.015,6,10,12,23,0.3429,170.94,chain1_E_chain2_F,1,0,0,3,1,3,1,0,0,0,14,18,2,0,1,1,1,1,1,0,0,pass_conserved_motif,0.70021,0,
backbone,RAPCID_backbone_rapcid_backbone_104_model_7.cif.gz,/scratch/a2149a01/RAPCID_2610_output/backbone/RAPCID_backbone_rapcid_backbone_104_model_7.cif.gz,A,B,45,29,3.034,2.804,2.841,4,4,11,15,0.4231,102.28,chain1_E_chain2_F,1,0,0,2,1,2,0,11,1,1,12,9,1,0,1,1,1,1,1,0,0,pass_conserved_motif,0.58423,0,
backbone,RAPCID_backbone_rapcid_backbone_105_model_0.cif.gz,/scratch/a2149a01/RAPCID_2610_output/backbone/RAPCID_backbone_rapcid_backbone_105_model_0.cif.gz,A,B,32,28,2.515,2.665,2.925,6,4,17,14,0.5484,122.32,chain1_E_chain2_F,1,0,1,2,1,2,0,5,1,1,10,10,1,0,1,1,1,1,1,0,0,pass_conserved_motif,0.66241,0,
backbone,RAPCID_backbone_rapcid_backbone_105_model_1.cif.gz,/scratch/a2149a01/RAPCID_2610_output/backbone/RAPCID_backbone_rapcid_backbone_105_model_1.cif.gz,A,B,32,28,4.23,2.99,3.005,5,7,20,18,0.5263,122.49,chain1_E_chain2_F,3,0,1,3,3,3,1,0,0,0,10,14,2,0,1,1,1,1,1,0,0,pass_conserved_motif,0.72778,0,
backbone,RAPCID_backbone_rapcid_backbone_105_model_2.cif.gz,/scratch/a2149a01/RAPCID_2610_output/backbone/RAPCID_backbone_rapcid_backbone_105_model_2.cif.gz,A,B,32,28,10.75,2.561,3.107,5,6,17,10,0.6296,168.37,chain1_E_chain2_F,2,0,0,3,2,3,1,0,0,0,10,14,1,0,1,1,1,1,1,0,0,pass_conserved_motif,0.74834,0,
backbone,RAPCID_backbone_rapcid_backbone_105_model_3.cif.gz,/scratch/a2149a01/RAPCID_2610_output/backbone/RAPCID_backbone_rapcid_backbone_105_model_3.cif.gz,A,B,32,28,11.573,3.092,3.614,4,3,9,5,0.6429,149.01,chain1_E_chain2_F,1,0,0,3,1,3,1,0,0,0,10,11,1,1,1,1,1,1,1,1,1,,0.7124,1,158
backbone,RAPCID_backbone_rapcid_backbone_105_model_4.cif.gz,/scratch/a2149a01/RAPCID_2610_output/backbone/RAPCID_backbone_rapcid_backbone_105_model_4.cif.gz,A,B,32,28,6.172,2.581,2.008,4,10,21,38,0.3559,137.8,chain1_E_chain2_F,2,0,1,3,2,3,1,0,0,0,10,20,1,0,1,1,1,1,1,0,0,pass_conserved_motif,0.70312,0,
backbone,RAPCID_backbone_rapcid_backbone_105_model_5.cif.gz,/scratch/a2149a01/RAPCID_2610_output/backbone/RAPCID_backbone_rapcid_backbone_105_model_5.cif.gz,A,B,32,28,3.152,2.228,2.898,5,5,17,13,0.5667,128.48,chain1_E_chain2_F,2,0,0,2,2,2,0,6,0,0,10,10,1,0,1,1,1,1,1,0,0,pass_conserved_motif,0.67588,0,
backbone,RAPCID_backbone_rapcid_backbone_105_model_6.cif.gz,/scratch/a2149a01/RAPCID_2610_output/backbone/RAPCID_backbone_rapcid_backbone_105_model_6.cif.gz,A,B,32,28,3.591,2.931,3.212,3,4,10,15,0.4,130.53,chain1_E_chain2_F,1,0,0,2,1,2,0,1,0,0,10,11,1,0,1,1,1,1,1,0,0,pass_conserved_motif,0.61582,0,
backbone,RAPCID_backbone_rapcid_backbone_105_model_7.cif.gz,/scratch/a2149a01/RAPCID_2610_output/backbone/RAPCID_backbone_rapcid_backbone_105_model_7.cif.gz,A,B,32,28,3.973,2.752,2.826,3,3,12,10,0.5455,127.28,chain1_E_chain2_F,1,0,0,2,1,2,0,1,0,0,9,7,1,1,1,1,1,1,1,1,1,,0.62681,1,447
backbone,RAPCID_backbone_rapcid_backbone_106_model_0.cif.gz,/scratch/a2149a01/RAPCID_2610_output/backbone/RAPCID_backbone_rapcid_backbone_106_model_0.cif.gz,B,A,42,33,3.211,3.36,2.944,4,4,9,14,0.3913,126.65,chain1_F_chain2_E,0,3,1,0,3,1,0,9,0,0,12,9,0,1,1,1,1,1,1,0,0,pass_conserved_motif,0.65798,0,
backbone,RAPCID_backbone_rapcid_backbone_106_model_1.cif.gz,/scratch/a2149a01/RAPCID_2610_output/backbone/RAPCID_backbone_rapcid_backbone_106_model_1.cif.gz,B,A,42,33,3.035,2.707,2.913,5,5,15,16,0.4839,113.06,chain1_F_chain2_E,1,2,1,0,2,1,0,15,0,1,9,10,0,1,1,1,1,1,1,0,0,pass_conserved_motif,0.60781,0,
backbone,RAPCID_backbone_rapcid_backbone_106_model_2.cif.gz,/scratch/a2149a01/RAPCID_2610_output/backbone/RAPCID_backbone_rapcid_backbone_106_model_2.cif.gz,B,A,42,33,3.655,3.402,3.023,5,4,10,13,0.4348,123.22,chain1_F_chain2_E,0,3,2,0,3,2,0,3,0,0,15,11,1,1,1,1,1,1,1,1,1,,0.67251,1,300
backbone,RAPCID_backbone_rapcid_backbone_106_model_3.cif.gz,/scratch/a2149a01/RAPCID_2610_output/backbone/RAPCID_backbone_rapcid_backbone_106_model_3.cif.gz,B,A,42,33,1.956,3.235,3.398,6,3,18,12,0.6,96.73,chain1_F_chain2_E,1,2,1,0,2,1,0,10,2,1,12,9,0,2,0,1,1,1,1,0,0,pass_no_clash;pass_conserved_motif,0.57814,0,
backbone,RAPCID_backbone_rapcid_backbone_106_model_4.cif.gz,/scratch/a2149a01/RAPCID_2610_output/backbone/RAPCID_backbone_rapcid_backbone_106_model_4.cif.gz,B,A,42,33,2.425,3.195,2.951,5,5,16,15,0.5161,121.12,chain1_F_chain2_E,0,2,1,0,2,1,0,8,0,0,8,10,1,1,1,1,1,1,1,1,1,,0.65299,1,369
backbone,RAPCID_backbone_rapcid_backbone_106_model_5.cif.gz,/scratch/a2149a01/RAPCID_2610_output/backbone/RAPCID_backbone_rapcid_backbone_106_model_5.cif.gz,B,A,42,33,4.011,3.014,2.592,4,4,10,10,0.5,126.63,chain1_F_chain2_E,0,2,1,0,2,1,0,0,0,0,10,9,0,1,1,1,1,1,1,0,0,pass_conserved_motif,0.6378,0,
backbone,RAPCID_backbone_rapcid_backbone_106_model_6.cif.gz,/scratch/a2149a01/RAPCID_2610_output/backbone/RAPCID_backbone_rapcid_backbone_106_model_6.cif.gz,B,A,42,33,2.74,3.424,2.884,5,6,10,26,0.2778,126.62,chain1_F_chain2_E,0,2,2,0,2,2,1,18,1,1,9,11,0,1,1,1,1,1,1,0,0,pass_conserved_motif,0.62935,0,
backbone,RAPCID_backbone_rapcid_backbone_106_model_7.cif.gz,/scratch/a2149a01/RAPCID_2610_output/backbone/RAPCID_backbone_rapcid_backbone_106_model_7.cif.gz,B,A,42,33,2.767,3.271,2.541,6,4,16,13,0.5517,125.0,chain1_F_chain2_E,0,3,1,0,3,1,0,17,1,0,9,10,0,1,1,1,1,1,1,0,0,pass_conserved_motif,0.65193,0,
backbone,RAPCID_backbone_rapcid_backbone_107_model_0.cif.gz,/scratch/a2149a01/RAPCID_2610_output/backbone/RAPCID_backbone_rapcid_backbone_107_model_0.cif.gz,A,B,30,28,2.525,2.592,2.986,4,5,18,15,0.5455,124.27,chain1_E_chain2_F,2,0,1,2,2,2,1,6,1,0,14,10,1,0,1,1,1,1,1,0,0,pass_conserved_motif,0.71559,0,
backbone,RAPCID_backbone_rapcid_backbone_107_model_1.cif.gz,/scratch/a2149a01/RAPCID_2610_output/backbone/RAPCID_backbone_rapcid_backbone_107_model_1.cif.gz,A,B,30,28,2.688,3.01,2.855,4,4,11,16,0.4074,130.84,chain1_E_chain2_F,1,0,1,2,1,2,0,6,0,0,10,9,1,0,1,1,1,1,1,0,0,pass_conserved_motif,0.64481,0,
backbone,RAPCID_backbone_rapcid_backbone_107_model_2.cif.gz,/scratch/a2149a01/RAPCID_2610_output/backbone/RAPCID_backbone_rapcid_backbone_107_model_2.cif.gz,A,B,30,28,3.201,3.055,2.869,5,4,12,12,0.5,138.02,chain1_E_chain2_F,2,0,0,2,2,2,0,3,1,0,11,10,1,0,1,1,1,1,1,0,0,pass_conserved_motif,0.73603,0,
backbone,RAPCID_backbone_rapcid_backbone_107_model_3.cif.gz,/scratch/a2149a01/RAPCID_2610_output/backbone/RAPCID_backbone_rapcid_backbone_107_model_3.cif.gz,A,B,30,28,3.426,3.199,3.333,5,4,21,10,0.6774,131.44,chain1_E_chain2_F,2,0,0,2,2,2,1,1,0,0,12,10,1,0,1,1,1,1,1,0,0,pass_conserved_motif,0.64503,0,
backbone,RAPCID_backbone_rapcid_backbone_107_model_4.cif.gz,/scratch/a2149a01/RAPCID_2610_output/backbone/RAPCID_backbone_rapcid_backbone_107_model_4.cif.gz,A,B,30,28,3.578,2.358,3.385,6,5,15,16,0.4839,138.34,chain1_E_chain2_F,1,0,1,3,1,3,0,3,0,0,10,12,2,0,1,1,1,1,1,0,0,pass_conserved_motif,0.71397,0,
backbone,RAPCID_backbone_rapcid_backbone_107_model_5.cif.gz,/scratch/a2149a01/RAPCID_2610_output/backbone/RAPCID_backbone_rapcid_backbone_107_model_5.cif.gz,A,B,30,28,3.33,2.937,2.431,4,6,12,22,0.3529,112.36,chain1_E_chain2_F,1,0,0,2,1,2,0,6,1,1,10,10,1,0,1,1,1,1,1,0,0,pass_conserved_motif,0.59475,0,
backbone,RAPCID_backbone_rapcid_backbone_107_model_6.cif.gz,/scratch/a2149a01/RAPCID_2610_output/backbone/RAPCID_backbone_rapcid_backbone_107_model_6.cif.gz,A,B,30,28,3.719,2.979,2.673,5,4,17,13,0.5667,109.6,chain1_E_chain2_F,2,0,0,2,2,2,0,3,0,0,10,10,2,1,1,1,1,1,1,1,1,,0.59795,1,508
backbone,RAPCID_backbone_rapcid_backbone_107_model_7.cif.gz,/scratch/a2149a01/RAPCID_2610_output/backbone/RAPCID_backbone_rapcid_backbone_107_model_7.cif.gz,A,B,30,28,2.683,2.409,3.418,6,6,16,17,0.4848,122.93,chain1_E_chain2_F,1,0,0,3,1,3,0,1,0,0,10,14,1,0,1,1,1,1,1,0,0,pass_conserved_motif,0.65298,0,
backbone,RAPCID_backbone_rapcid_backbone_108_model_0.cif.gz,/scratch/a2149a01/RAPCID_2610_output/backbone/RAPCID_backbone_rapcid_backbone_108_model_0.cif.gz,A,B,30,30,2.779,2.621,2.804,5,6,20,16,0.5556,125.13,chain1_E_chain2_F,1,0,0,3,1,3,0,18,1,1,10,12,1,0,1,1,1,1,1,0,0,pass_conserved_motif,0.66249,0,
backbone,RAPCID_backbone_rapcid_backbone_108_model_1.cif.gz,/scratch/a2149a01/RAPCID_2610_output/backbone/RAPCID_backbone_rapcid_backbone_108_model_1.cif.gz,A,B,30,30,4.314,2.699,2.879,5,5,16,14,0.5333,135.1,chain1_E_chain2_F,2,0,0,3,2,3,1,0,0,0,11,16,1,0,1,1,1,1,1,0,0,pass_conserved_motif,0.73843,0,
backbone,RAPCID_backbone_rapcid_backbone_108_model_2.cif.gz,/scratch/a2149a01/RAPCID_2610_output/backbone/RAPCID_backbone_rapcid_backbone_108_model_2.cif.gz,A,B,30,30,3.038,3.302,3.305,4,8,8,18,0.3077,139.01,chain1_E_chain2_F,1,0,0,3,1,3,0,1,1,0,11,18,1,0,1,1,1,1,1,0,0,pass_conserved_motif,0.6524,0,
backbone,RAPCID_backbone_rapcid_backbone_108_model_3.cif.gz,/scratch/a2149a01/RAPCID_2610_output/backbone/RAPCID_backbone_rapcid_backbone_108_model_3.cif.gz,A,B,30,30,5.94,3.08,3.011,2,7,9,22,0.2903,141.12,chain1_E_chain2_F,2,0,1,3,2,3,1,0,0,0,9,13,1,0,1,1,1,1,1,0,0,pass_conserved_motif,0.68794,0,
backbone,RAPCID_backbone_rapcid_backbone_108_model_4.cif.gz,/scratch/a2149a01/RAPCID_2610_output/backbone/RAPCID_backbone_rapcid_backbone_108_model_4.cif.gz,A,B,30,30,2.552,2.627,3.012,5,7,20,17,0.5405,137.57,chain1_E_chain2_F,2,0,0,3,2,3,0,10,1,0,12,14,1,0,1,1,1,1,1,0,0,pass_conserved_motif,0.76187,0,
backbone,RAPCID_backbone_rapcid_backbone_108_model_5.cif.gz,/scratch/a2149a01/RAPCID_2610_output/backbone/RAPCID_backbone_rapcid_backbone_108_model_5.cif.gz,A,B,30,30,3.374,2.807,3.432,3,8,8,21,0.2759,121.11,chain1_E_chain2_F,1,0,1,3,1,3,0,2,1,0,9,16,1,0,1,1,1,1,1,0,0,pass_conserved_motif,0.58499,0,
backbone,RAPCID_backbone_rapcid_backbone_108_model_6.cif.gz,/scratch/a2149a01/RAPCID_2610_output/backbone/RAPCID_backbone_rapcid_backbone_108_model_6.cif.gz,A,B,30,30,3.22,2.587,2.98,7,5,14,11,0.56,124.88,chain1_E_chain2_F,1,0,1,3,1,3,0,8,1,0,10,14,1,0,1,1,1,1,1,0,0,pass_conserved_motif,0.69321,0,
backbone,RAPCID_backbone_rapcid_backbone_108_model_7.cif.gz,/scratch/a2149a01/RAPCID_2610_output/backbone/RAPCID_backbone_rapcid_backbone_108_model_7.cif.gz,A,B,30,30,2.966,2.786,2.876,4,7,13,22,0.3714,102.66,chain1_E_chain2_F,1,0,1,2,1,2,0,10,1,1,7,12,1,0,1,1,1,1,1,0,0,pass_conserved_motif,0.56983,0,
backbone,RAPCID_backbone_rapcid_backbone_109_model_0.cif.gz,/scratch/a2149a01/RAPCID_2610_output/backbone/RAPCID_backbone_rapcid_backbone_109_model_0.cif.gz,B,A,32,30,2.741,2.844,3.134,7,4,21,10,0.6774,120.16,chain1_F_chain2_E,2,3,1,0,3,1,0,12,1,1,14,8,0,2,1,1,1,1,1,0,0,pass_conserved_motif,0.62718,0,
backbone,RAPCID_backbone_rapcid_backbone_109_model_1.cif.gz,/scratch/a2149a01/RAPCID_2610_output/backbone/RAPCID_backbone_rapcid_backbone_109_model_1.cif.gz,B,A,32,30,2.737,1.798,2.79,5,4,14,11,0.56,110.07,chain1_F_chain2_E,0,2,3,0,2,3,0,19,1,0,8,9,1,2,0,1,1,1,1,1,0,pass_no_clash,0.61741,0,
backbone,RAPCID_backbone_rapcid_backbone_109_model_2.cif.gz,/scratch/a2149a01/RAPCID_2610_output/backbone/RAPCID_backbone_rapcid_backbone_109_model_2.cif.gz,B,A,32,30,2.802,2.399,1.96,4,5,10,11,0.4762,118.12,chain1_F_chain2_E,0,2,1,0,2,1,0,13,0,1,9,8,0,2,0,1,1,1,1,0,0,pass_no_clash;pass_conserved_motif,0.63158,0,
backbone,RAPCID_backbone_rapcid_backbone_109_model_3.cif.gz,/scratch/a2149a01/RAPCID_2610_output/backbone/RAPCID_backbone_rapcid_backbone_109_model_3.cif.gz,B,A,32,30,3.429,2.794,2.738,5,5,14,16,0.4667,115.92,chain1_F_chain2_E,1,2,1,0,2,1,0,1,1,1,9,11,0,2,1,1,1,1,1,0,0,pass_conserved_motif,0.62711,0,
backbone,RAPCID_backbone_rapcid_backbone_109_model_4.cif.gz,/scratch/a2149a01/RAPCID_2610_output/backbone/RAPCID_backbone_rapcid_backbone_109_model_4.cif.gz,B,A,32,30,9.063,3.526,2.808,5,4,17,10,0.6296,154.5,chain1_F_chain2_E,0,3,2,0,3,2,1,0,0,0,15,10,2,1,1,1,1,1,1,1,1,,0.76458,1,37
backbone,RAPCID_backbone_rapcid_backbone_109_model_5.cif.gz,/scratch/a2149a01/RAPCID_2610_output/backbone/RAPCID_backbone_rapcid_backbone_109_model_5.cif.gz,B,A,32,30,11.675,3.75,2.883,2,4,3,7,0.3,141.73,chain1_F_chain2_E,0,2,1,0,2,1,0,0,0,0,10,10,0,1,1,0,1,1,1,0,0,pass_dual_rap_contact;pass_conserved_motif,0.60816,0,
backbone,RAPCID_backbone_rapcid_backbone_109_model_6.cif.gz,/scratch/a2149a01/RAPCID_2610_output/backbone/RAPCID_backbone_rapcid_backbone_109_model_6.cif.gz,B,A,32,30,4.752,2.71,2.674,4,7,12,20,0.375,134.66,chain1_F_chain2_E,0,3,1,0,3,1,0,0,0,0,12,12,1,1,1,1,1,1,1,1,1,,0.64317,1,399
backbone,RAPCID_backbone_rapcid_backbone_109_model_7.cif.gz,/scratch/a2149a01/RAPCID_2610_output/backbone/RAPCID_backbone_rapcid_backbone_109_model_7.cif.gz,B,A,32,30,3.086,2.608,2.998,9,3,26,10,0.7222,126.73,chain1_F_chain2_E,1,3,1,0,3,1,0,1,1,1,14,9,2,1,1,1,1,1,1,1,1,,0.61615,1,477
backbone,RAPCID_backbone_rapcid_backbone_10_model_0.cif.gz,/scratch/a2149a01/RAPCID_2610_output/backbone/RAPCID_backbone_rapcid_backbone_10_model_0.cif.gz,A,B,43,13,10.427,2.732,3.258,4,4,8,15,0.3478,153.43,chain1_E_chain2_F,1,0,0,3,1,3,0,0,0,0,11,11,1,0,1,1,1,1,1,0,0,pass_conserved_motif,0.69485,0,
backbone,RAPCID_backbone_rapcid_backbone_10_model_1.cif.gz,/scratch/a2149a01/RAPCID_2610_output/backbone/RAPCID_backbone_rapcid_backbone_10_model_1.cif.gz,A,B,43,13,8.59,2.983,3.47,4,5,13,12,0.52,144.0,chain1_E_chain2_F,1,0,0,3,1,3,0,0,0,0,9,11,2,1,1,1,1,1,1,1,1,,0.71628,1,148
backbone,RAPCID_backbone_rapcid_backbone_10_model_2.cif.gz,/scratch/a2149a01/RAPCID_2610_output/backbone/RAPCID_backbone_rapcid_backbone_10_model_2.cif.gz,A,B,43,13,7.473,2.732,3.621,6,4,14,16,0.4667,137.18,chain1_E_chain2_F,1,0,0,3,1,3,0,0,0,0,10,11,2,0,1,1,1,1,1,0,0,pass_conserved_motif,0.68821,0,
backbone,RAPCID_backbone_rapcid_backbone_10_model_3.cif.gz,/scratch/a2149a01/RAPCID_2610_output/backbone/RAPCID_backbone_rapcid_backbone_10_model_3.cif.gz,A,B,43,13,9.728,2.842,3.325,4,4,7,13,0.35,128.93,chain1_E_chain2_F,1,0,0,3,1,3,0,0,0,0,9,11,1,0,1,1,1,1,1,0,0,pass_conserved_motif,0.61405,0,
backbone,RAPCID_backbone_rapcid_backbone_10_model_4.cif.gz,/scratch/a2149a01/RAPCID_2610_output/backbone/RAPCID_backbone_rapcid_backbone_10_model_4.cif.gz,A,B,43,13,10.215,3.032,3.623,3,4,11,18,0.3793,153.36,chain1_E_chain2_F,1,0,0,3,1,3,1,0,0,0,10,11,1,0,1,1,1,1,1,0,0,pass_conserved_motif,0.73579,0,
backbone,RAPCID_backbone_rapcid_backbone_10_model_5.cif.gz,/scratch/a2149a01/RAPCID_2610_output/backbone/RAPCID_backbone_rapcid_backbone_10_model_5.cif.gz,A,B,43,13,7.072,2.633,3.547,4,4,19,16,0.5429,133.87,chain1_E_chain2_F,1,0,0,3,1,3,0,0,0,0,13,11,1,1,1,1,1,1,1,1,1,,0.67338,1,296
backbone,RAPCID_backbone_rapcid_backbone_10_model_6.cif.gz,/scratch/a2149a01/RAPCID_2610_output/backbone/RAPCID_backbone_rapcid_backbone_10_model_6.cif.gz,A,B,43,13,7.768,2.631,3.617,5,4,16,17,0.4848,140.5,chain1_E_chain2_F,2,0,0,3,2,3,0,0,0,0,10,11,1,0,1,1,1,1,1,0,0,pass_conserved_motif,0.73513,0,
backbone,RAPCID_backbone_rapcid_backbone_10_model_7.cif.gz,/scratch/a2149a01/RAPCID_2610_output/backbone/RAPCID_backbone_rapcid_backbone_10_model_7.cif.gz,A,B,43,13,9.937,2.715,3.434,4,5,12,13,0.48,146.8,chain1_E_chain2_F,1,0,0,3,1,3,0,0,0,0,10,11,1,0,1,1,1,1,1,0,0,pass_conserved_motif,0.72563,0,
backbone,RAPCID_backbone_rapcid_backbone_110_model_0.cif.gz,/scratch/a2149a01/RAPCID_2610_output/backbone/RAPCID_backbone_rapcid_backbone_110_model_0.cif.gz,A,B,43,39,2.938,3.324,2.886,4,6,9,19,0.3214,128.6,chain1_E_chain2_F,2,0,0,2,2,2,0,5,0,0,11,10,1,0,1,1,1,1,1,0,0,pass_conserved_motif,0.62651,0,
backbone,RAPCID_backbone_rapcid_backbone_110_model_1.cif.gz,/scratch/a2149a01/RAPCID_2610_output/backbone/RAPCID_backbone_rapcid_backbone_110_model_1.cif.gz,A,B,43,39,3.247,3.011,3.064,2,3,5,12,0.2941,120.17,chain1_E_chain2_F,1,0,1,2,1,2,0,5,0,0,10,9,2,0,1,1,1,1,1,0,0,pass_conserved_motif,0.55894,0,
backbone,RAPCID_backbone_rapcid_backbone_110_model_2.cif.gz,/scratch/a2149a01/RAPCID_2610_output/backbone/RAPCID_backbone_rapcid_backbone_110_model_2.cif.gz,A,B,43,39,2.967,2.549,2.632,5,4,15,22,0.4054,134.3,chain1_E_chain2_F,1,0,1,2,1,2,1,14,0,0,9,10,1,1,1,1,1,1,1,1,1,,0.6641,1,330
backbone,RAPCID_backbone_rapcid_backbone_110_model_3.cif.gz,/scratch/a2149a01/RAPCID_2610_output/backbone/RAPCID_backbone_rapcid_backbone_110_model_3.cif.gz,A,B,43,39,6.752,2.831,2.122,4,5,12,11,0.5217,130.36,chain1_E_chain2_F,1,0,0,3,1,3,0,0,0,0,9,10,1,0,1,1,1,1,1,0,0,pass_conserved_motif,0.67011,0,
backbone,RAPCID_backbone_rapcid_backbone_110_model_4.cif.gz,/scratch/a2149a01/RAPCID_2610_output/backbone/RAPCID_backbone_rapcid_backbone_110_model_4.cif.gz,A,B,43,39,3.26,2.993,2.8,4,4,12,13,0.48,115.5,chain1_E_chain2_F,1,0,1,2,1,2,0,10,0,1,11,10,1,0,1,1,1,1,1,0,0,pass_conserved_motif,0.63938,0,
backbone,RAPCID_backbone_rapcid_backbone_110_model_5.cif.gz,/scratch/a2149a01/RAPCID_2610_output/backbone/RAPCID_backbone_rapcid_backbone_110_model_5.cif.gz,A,B,43,39,3.326,2.803,3.494,4,4,9,11,0.45,129.17,chain1_E_chain2_F,1,0,0,2,1,2,0,3,0,1,10,8,1,0,1,1,1,1,1,0,0,pass_conserved_motif,0.65796,0,
backbone,RAPCID_backbone_rapcid_backbone_110_model_6.cif.gz,/scratch/a2149a01/RAPCID_2610_output/backbone/RAPCID_backbone_rapcid_backbone_110_model_6.cif.gz,A,B,43,39,3.414,2.936,2.569,5,5,16,11,0.5926,123.93,chain1_E_chain2_F,1,0,0,2,1,2,0,3,0,0,9,9,2,1,1,1,1,1,1,1,1,,0.60676,1,495
backbone,RAPCID_backbone_rapcid_backbone_110_model_7.cif.gz,/scratch/a2149a01/RAPCID_2610_output/backbone/RAPCID_backbone_rapcid_backbone_110_model_7.cif.gz,A,B,43,39,3.355,2.991,2.822,4,4,8,19,0.2963,121.66,chain1_E_chain2_F,1,0,1,2,1,2,0,12,0,0,10,11,1,1,1,1,1,1,1,1,1,,0.55975,1,582
backbone,RAPCID_backbone_rapcid_backbone_111_model_0.cif.gz,/scratch/a2149a01/RAPCID_2610_output/backbone/RAPCID_backbone_rapcid_backbone_111_model_0.cif.gz,B,A,37,12,8.597,3.673,1.703,5,4,14,20,0.4118,156.7,chain1_F_chain2_E,0,3,2,0,3,2,1,0,0,0,16,7,1,1,0,1,1,1,1,1,0,pass_no_clash,0.78848,0,
backbone,RAPCID_backbone_rapcid_backbone_111_model_1.cif.gz,/scratch/a2149a01/RAPCID_2610_output/backbone/RAPCID_backbone_rapcid_backbone_111_model_1.cif.gz,B,A,37,12,8.583,3.296,2.159,6,4,20,16,0.5556,149.74,chain1_F_chain2_E,0,3,2,0,3,2,1,0,0,0,16,7,0,1,1,1,1,1,1,0,0,pass_conserved_motif,0.77833,0,
backbone,RAPCID_backbone_rapcid_backbone_111_model_2.cif.gz,/scratch/a2149a01/RAPCID_2610_output/backbone/RAPCID_backbone_rapcid_backbone_111_model_2.cif.gz,B,A,37,12,8.768,3.017,2.704,5,4,19,10,0.6552,142.66,chain1_F_chain2_E,0,3,2,0,3,2,1,0,0,0,16,7,0,1,1,1,1,1,1,0,0,pass_conserved_motif,0.71488,0,
backbone,RAPCID_backbone_rapcid_backbone_111_model_3.cif.gz,/scratch/a2149a01/RAPCID_2610_output/backbone/RAPCID_backbone_rapcid_backbone_111_model_3.cif.gz,B,A,37,12,9.228,3.268,2.252,6,4,23,15,0.6053,162.25,chain1_F_chain2_E,0,3,2,0,3,2,1,0,0,0,16,7,1,1,1,1,1,1,1,1,1,,0.77848,1,23
backbone,RAPCID_backbone_rapcid_backbone_111_model_4.cif.gz,/scratch/a2149a01/RAPCID_2610_output/backbone/RAPCID_backbone_rapcid_backbone_111_model_4.cif.gz,B,A,37,12,8.761,3.188,2.016,5,4,25,15,0.625,151.21,chain1_F_chain2_E,0,3,2,0,3,2,1,0,0,0,20,7,0,1,1,1,1,1,1,0,0,pass_conserved_motif,0.75546,0,
backbone,RAPCID_backbone_rapcid_backbone_111_model_5.cif.gz,/scratch/a2149a01/RAPCID_2610_output/backbone/RAPCID_backbone_rapcid_backbone_111_model_5.cif.gz,B,A,37,12,9.336,3.481,2.122,6,4,22,13,0.6286,171.19,chain1_F_chain2_E,0,3,2,0,3,2,1,0,0,0,14,7,0,1,1,1,1,1,1,0,0,pass_conserved_motif,0.73937,0,
backbone,RAPCID_backbone_rapcid_backbone_111_model_6.cif.gz,/scratch/a2149a01/RAPCID_2610_output/backbone/RAPCID_backbone_rapcid_backbone_111_model_6.cif.gz,B,A,37,12,11.425,3.259,2.506,5,3,22,10,0.6875,172.64,chain1_F_chain2_E,0,3,1,0,3,1,1,0,0,0,14,7,1,2,1,1,1,1,1,1,1,,0.68238,1,261
backbone,RAPCID_backbone_rapcid_backbone_111_model_7.cif.gz,/scratch/a2149a01/RAPCID_2610_output/backbone/RAPCID_backbone_rapcid_backbone_111_model_7.cif.gz,B,A,37,12,7.976,3.199,2.003,6,4,18,12,0.6,155.49,chain1_F_chain2_E,0,3,2,0,3,2,1,0,0,0,17,7,0,1,1,1,1,1,1,0,0,pass_conserved_motif,0.77974,0,
backbone,RAPCID_backbone_rapcid_backbone_112_model_0.cif.gz,/scratch/a2149a01/RAPCID_2610_output/backbone/RAPCID_backbone_rapcid_backbone_112_model_0.cif.gz,B,A,27,22,2.865,2.375,2.919,4,4,12,17,0.4138,118.0,chain1_F_chain2_E,0,2,2,0,2,2,0,1,0,0,9,11,0,1,1,1,1,1,1,0,0,pass_conserved_motif,0.60812,0,
backbone,RAPCID_backbone_rapcid_backbone_112_model_1.cif.gz,/scratch/a2149a01/RAPCID_2610_output/backbone/RAPCID_backbone_rapcid_backbone_112_model_1.cif.gz,B,A,27,22,3.29,2.909,2.886,4,4,21,13,0.6176,119.33,chain1_F_chain2_E,1,2,1,0,2,1,0,6,0,1,9,12,0,1,1,1,1,1,1,0,0,pass_conserved_motif,0.61309,0,
backbone,RAPCID_backbone_rapcid_backbone_112_model_2.cif.gz,/scratch/a2149a01/RAPCID_2610_output/backbone/RAPCID_backbone_rapcid_backbone_112_model_2.cif.gz,B,A,27,22,4.886,2.651,2.966,4,4,11,12,0.4783,122.73,chain1_F_chain2_E,0,2,1,0,2,1,0,0,0,0,9,10,0,1,1,1,1,1,1,0,0,pass_conserved_motif,0.61611,0,
backbone,RAPCID_backbone_rapcid_backbone_112_model_3.cif.gz,/scratch/a2149a01/RAPCID_2610_output/backbone/RAPCID_backbone_rapcid_backbone_112_model_3.cif.gz,B,A,27,22,4.759,2.83,2.889,4,5,11,14,0.44,145.69,chain1_F_chain2_E,0,2,2,0,2,2,0,0,0,0,10,9,0,2,1,1,1,1,1,0,0,pass_conserved_motif,0.70591,0,
backbone,RAPCID_backbone_rapcid_backbone_112_model_4.cif.gz,/scratch/a2149a01/RAPCID_2610_output/backbone/RAPCID_backbone_rapcid_backbone_112_model_4.cif.gz,B,A,27,22,3.662,3.277,2.762,5,4,13,16,0.4483,128.22,chain1_F_chain2_E,0,2,2,0,2,2,1,2,0,1,10,9,0,1,1,1,1,1,1,0,0,pass_conserved_motif,0.70625,0,
backbone,RAPCID_backbone_rapcid_backbone_112_model_5.cif.gz,/scratch/a2149a01/RAPCID_2610_output/backbone/RAPCID_backbone_rapcid_backbone_112_model_5.cif.gz,B,A,27,22,5.451,3.228,2.141,4,4,12,12,0.5,136.6,chain1_F_chain2_E,0,2,2,0,2,2,0,0,0,0,11,9,0,1,1,1,1,1,1,0,0,pass_conserved_motif,0.69963,0,
backbone,RAPCID_backbone_rapcid_backbone_112_model_6.cif.gz,/scratch/a2149a01/RAPCID_2610_output/backbone/RAPCID_backbone_rapcid_backbone_112_model_6.cif.gz,B,A,27,22,3.875,3.245,3.211,5,5,15,12,0.5556,114.14,chain1_F_chain2_E,0,2,1,0,2,1,0,1,0,0,9,9,0,1,1,1,1,1,1,0,0,pass_conserved_motif,0.57897,0,
backbone,RAPCID_backbone_rapcid_backbone_112_model_7.cif.gz,/scratch/a2149a01/RAPCID_2610_output/backbone/RAPCID_backbone_rapcid_backbone_112_model_7.cif.gz,B,A,27,22,3.801,3.084,3.042,10,5,33,17,0.66,131.29,chain1_F_chain2_E,0,3,2,0,3,2,0,1,0,1,21,11,0,1,1,1,1,1,1,0,0,pass_conserved_motif,0.66816,0,
backbone,RAPCID_backbone_rapcid_backbone_113_model_0.cif.gz,/scratch/a2149a01/RAPCID_2610_output/backbone/RAPCID_backbone_rapcid_backbone_113_model_0.cif.gz,A,B,43,32,2.836,2.77,2.16,5,4,11,13,0.4583,120.36,chain1_E_chain2_F,1,0,0,2,1,2,0,6,0,0,9,9,1,0,1,1,1,1,1,0,0,pass_conserved_motif,0.63026,0,
backbone,RAPCID_backbone_rapcid_backbone_113_model_1.cif.gz,/scratch/a2149a01/RAPCID_2610_output/backbone/RAPCID_backbone_rapcid_backbone_113_model_1.cif.gz,A,B,43,32,5.243,3.942,3.107,2,9,4,33,0.1081,156.19,chain1_E_chain2_F,1,0,0,3,1,3,1,0,0,0,8,16,1,0,1,1,1,1,1,0,0,pass_conserved_motif,0.63673,0,
backbone,RAPCID_backbone_rapcid_backbone_113_model_2.cif.gz,/scratch/a2149a01/RAPCID_2610_output/backbone/RAPCID_backbone_rapcid_backbone_113_model_2.cif.gz,A,B,43,32,3.841,3.113,3.217,5,4,14,11,0.56,129.48,chain1_E_chain2_F,1,0,0,3,1,3,0,1,0,0,10,10,1,0,1,1,1,1,1,0,0,pass_conserved_motif,0.6569,0,
backbone,RAPCID_backbone_rapcid_backbone_113_model_3.cif.gz,/scratch/a2149a01/RAPCID_2610_output/backbone/RAPCID_backbone_rapcid_backbone_113_model_3.cif.gz,A,B,43,32,4.281,2.856,2.644,3,5,10,14,0.4167,130.57,chain1_E_chain2_F,2,0,1,2,2,2,0,0,0,0,8,10,1,0,1,1,1,1,1,0,0,pass_conserved_motif,0.64617,0,
backbone,RAPCID_backbone_rapcid_backbone_113_model_4.cif.gz,/scratch/a2149a01/RAPCID_2610_output/backbone/RAPCID_backbone_rapcid_backbone_113_model_4.cif.gz,A,B,43,32,3.517,2.875,2.887,3,5,8,13,0.381,128.22,chain1_E_chain2_F,1,0,1,3,1,3,0,4,1,1,9,11,2,0,1,1,1,1,1,0,0,pass_conserved_motif,0.67739,0,
backbone,RAPCID_backbone_rapcid_backbone_113_model_5.cif.gz,/scratch/a2149a01/RAPCID_2610_output/backbone/RAPCID_backbone_rapcid_backbone_113_model_5.cif.gz,A,B,43,32,8.765,3.212,3.131,3,5,8,19,0.2963,151.81,chain1_E_chain2_F,1,0,0,3,1,3,0,0,0,0,10,16,2,0,1,1,1,1,1,0,0,pass_conserved_motif,0.66884,0,
backbone,RAPCID_backbone_rapcid_backbone_113_model_6.cif.gz,/scratch/a2149a01/RAPCID_2610_output/backbone/RAPCID_backbone_rapcid_backbone_113_model_6.cif.gz,A,B,43,32,3.096,2.92,3.491,3,9,12,14,0.4615,105.12,chain1_E_chain2_F,1,0,1,3,1,3,0,5,1,0,10,20,2,0,1,1,1,1,1,0,0,pass_conserved_motif,0.62096,0,
backbone,RAPCID_backbone_rapcid_backbone_113_model_7.cif.gz,/scratch/a2149a01/RAPCID_2610_output/backbone/RAPCID_backbone_rapcid_backbone_113_model_7.cif.gz,A,B,43,32,3.002,3.129,3.467,4,5,12,13,0.48,134.56,chain1_E_chain2_F,1,0,1,3,1,3,0,1,0,0,14,11,1,0,1,1,1,1,1,0,0,pass_conserved_motif,0.68981,0,
backbone,RAPCID_backbone_rapcid_backbone_114_model_0.cif.gz,/scratch/a2149a01/RAPCID_2610_output/backbone/RAPCID_backbone_rapcid_backbone_114_model_0.cif.gz,A,B,36,28,10.257,3.35,3.438,2,6,4,12,0.25,156.24,chain1_E_chain2_F,1,0,0,3,1,3,0,0,0,0,6,16,2,0,1,1,1,1,1,0,0,pass_conserved_motif,0.66509,0,
backbone,RAPCID_backbone_rapcid_backbone_114_model_1.cif.gz,/scratch/a2149a01/RAPCID_2610_output/backbone/RAPCID_backbone_rapcid_backbone_114_model_1.cif.gz,A,B,36,28,6.536,2.801,3.68,5,5,13,14,0.4815,160.08,chain1_E_chain2_F,1,0,0,3,1,3,0,0,0,0,11,16,1,0,1,1,1,1,1,0,0,pass_conserved_motif,0.76327,0,
backbone,RAPCID_backbone_rapcid_backbone_114_model_2.cif.gz,/scratch/a2149a01/RAPCID_2610_output/backbone/RAPCID_backbone_rapcid_backbone_114_model_2.cif.gz,A,B,36,28,7.016,3.037,3.189,6,7,14,13,0.5185,153.64,chain1_E_chain2_F,1,0,0,3,1,3,0,0,0,0,12,18,1,0,1,1,1,1,1,0,0,pass_conserved_motif,0.74901,0,
backbone,RAPCID_backbone_rapcid_backbone_114_model_3.cif.gz,/scratch/a2149a01/RAPCID_2610_output/backbone/RAPCID_backbone_rapcid_backbone_114_model_3.cif.gz,A,B,36,28,8.57,3.335,3.449,3,6,8,19,0.2963,142.01,chain1_E_chain2_F,1,0,0,3,1,3,0,0,0,0,9,16,1,0,1,1,1,1,1,0,0,pass_conserved_motif,0.63619,0,
backbone,RAPCID_backbone_rapcid_backbone_114_model_4.cif.gz,/scratch/a2149a01/RAPCID_2610_output/backbone/RAPCID_backbone_rapcid_backbone_114_model_4.cif.gz,A,B,36,28,3.661,3.103,3.258,4,7,10,21,0.3226,131.61,chain1_E_chain2_F,2,0,1,3,2,3,0,1,0,1,7,18,1,0,1,1,1,1,1,0,0,pass_conserved_motif,0.66225,0,
backbone,RAPCID_backbone_rapcid_backbone_114_model_5.cif.gz,/scratch/a2149a01/RAPCID_2610_output/backbone/RAPCID_backbone_rapcid_backbone_114_model_5.cif.gz,A,B,36,28,6.492,2.839,3.45,5,7,15,31,0.3261,149.59,chain1_E_chain2_F,2,0,0,3,2,3,1,0,0,0,14,17,1,0,1,1,1,1,1,0,0,pass_conserved_motif,0.7305,0,
backbone,RAPCID_backbone_rapcid_backbone_114_model_6.cif.gz,/scratch/a2149a01/RAPCID_2610_output/backbone/RAPCID_backbone_rapcid_backbone_114_model_6.cif.gz,A,B,36,28,3.282,3.03,2.487,4,5,13,16,0.4483,117.55,chain1_E_chain2_F,1,0,1,2,1,2,0,5,0,1,11,9,2,0,1,1,1,1,1,0,0,pass_conserved_motif,0.62852,0,
backbone,RAPCID_backbone_rapcid_backbone_114_model_7.cif.gz,/scratch/a2149a01/RAPCID_2610_output/backbone/RAPCID_backbone_rapcid_backbone_114_model_7.cif.gz,A,B,36,28,9.095,3.055,2.6,5,6,15,22,0.4054,152.4,chain1_E_chain2_F,2,0,0,3,2,3,0,0,0,0,14,15,1,1,1,1,1,1,1,1,1,,0.74303,1,76
backbone,RAPCID_backbone_rapcid_backbone_115_model_0.cif.gz,/scratch/a2149a01/RAPCID_2610_output/backbone/RAPCID_backbone_rapcid_backbone_115_model_0.cif.gz,B,A,41,26,3.592,3.459,2.902,5,6,15,16,0.4839,111.8,chain1_F_chain2_E,0,3,1,0,3,1,0,5,1,1,11,9,1,1,1,1,1,1,1,1,1,,0.66883,1,315
backbone,RAPCID_backbone_rapcid_backbone_115_model_1.cif.gz,/scratch/a2149a01/RAPCID_2610_output/backbone/RAPCID_backbone_rapcid_backbone_115_model_1.cif.gz,B,A,41,26,3.624,3.051,2.955,6,6,23,16,0.5897,121.7,chain1_F_chain2_E,1,3,1,0,3,1,0,7,0,0,15,10,0,2,1,1,1,1,1,0,0,pass_conserved_motif,0.64907,0,
backbone,RAPCID_backbone_rapcid_backbone_115_model_2.cif.gz,/scratch/a2149a01/RAPCID_2610_output/backbone/RAPCID_backbone_rapcid_backbone_115_model_2.cif.gz,B,A,41,26,2.993,3.358,2.692,7,4,16,12,0.5714,107.14,chain1_F_chain2_E,1,2,1,0,2,1,0,15,0,0,15,9,0,1,1,1,1,1,1,0,0,pass_conserved_motif,0.54927,0,
backbone,RAPCID_backbone_rapcid_backbone_115_model_3.cif.gz,/scratch/a2149a01/RAPCID_2610_output/backbone/RAPCID_backbone_rapcid_backbone_115_model_3.cif.gz,B,A,41,26,3.139,2.968,2.776,5,4,14,16,0.4667,126.52,chain1_F_chain2_E,1,2,1,0,2,1,0,9,0,1,11,9,0,1,1,1,1,1,1,0,0,pass_conserved_motif,0.67579,0,
backbone,RAPCID_backbone_rapcid_backbone_115_model_4.cif.gz,/scratch/a2149a01/RAPCID_2610_output/backbone/RAPCID_backbone_rapcid_backbone_115_model_4.cif.gz,B,A,41,26,3.776,3.301,2.813,7,2,14,7,0.6667,124.23,chain1_F_chain2_E,0,3,1,0,3,1,0,1,0,0,13,9,0,1,1,1,1,1,1,0,0,pass_conserved_motif,0.59673,0,
backbone,RAPCID_backbone_rapcid_backbone_115_model_5.cif.gz,/scratch/a2149a01/RAPCID_2610_output/backbone/RAPCID_backbone_rapcid_backbone_115_model_5.cif.gz,B,A,41,26,3.079,2.754,2.482,5,4,11,11,0.5,120.92,chain1_F_chain2_E,0,2,1,0,2,1,0,8,0,0,12,10,0,1,1,1,1,1,1,0,0,pass_conserved_motif,0.65877,0,
backbone,RAPCID_backbone_rapcid_backbone_115_model_6.cif.gz,/scratch/a2149a01/RAPCID_2610_output/backbone/RAPCID_backbone_rapcid_backbone_115_model_6.cif.gz,B,A,41,26,3.158,3.297,3.349,6,3,14,6,0.7,127.0,chain1_F_chain2_E,1,3,1,0,3,1,0,6,0,0,14,9,0,1,1,1,1,1,1,0,0,pass_conserved_motif,0.61763,0,
backbone,RAPCID_backbone_rapcid_backbone_115_model_7.cif.gz,/scratch/a2149a01/RAPCID_2610_output/backbone/RAPCID_backbone_rapcid_backbone_115_model_7.cif.gz,B,A,41,26,3.204,3.686,2.778,7,4,13,21,0.3824,112.56,chain1_F_chain2_E,1,2,1,0,2,1,0,9,0,1,13,10,0,1,1,1,1,1,1,0,0,pass_conserved_motif,0.59552,0,
backbone,RAPCID_backbone_rapcid_backbone_116_model_0.cif.gz,/scratch/a2149a01/RAPCID_2610_output/backbone/RAPCID_backbone_rapcid_backbone_116_model_0.cif.gz,B,A,31,21,9.973,3.198,2.524,4,2,11,7,0.6111,159.95,chain1_F_chain2_E,0,3,1,0,3,1,0,0,0,0,13,5,1,1,1,1,1,1,1,1,1,,0.72668,1,123
backbone,RAPCID_backbone_rapcid_backbone_116_model_1.cif.gz,/scratch/a2149a01/RAPCID_2610_output/backbone/RAPCID_backbone_rapcid_backbone_116_model_1.cif.gz,B,A,31,21,8.146,2.642,3.45,4,3,13,8,0.619,133.01,chain1_F_chain2_E,0,2,2,0,2,2,0,0,0,0,10,8,0,1,1,1,1,1,1,0,0,pass_conserved_motif,0.64004,0,
backbone,RAPCID_backbone_rapcid_backbone_116_model_2.cif.gz,/scratch/a2149a01/RAPCID_2610_output/backbone/RAPCID_backbone_rapcid_backbone_116_model_2.cif.gz,B,A,31,21,8.425,2.571,3.105,5,3,12,8,0.6,141.11,chain1_F_chain2_E,0,2,2,0,2,2,0,0,0,0,10,7,0,1,1,1,1,1,1,0,0,pass_conserved_motif,0.67465,0,
backbone,RAPCID_backbone_rapcid_backbone_116_model_3.cif.gz,/scratch/a2149a01/RAPCID_2610_output/backbone/RAPCID_backbone_rapcid_backbone_116_model_3.cif.gz,B,A,31,21,3.477,3.311,3.111,8,4,23,18,0.561,125.16,chain1_F_chain2_E,1,3,2,0,3,2,1,5,1,2,14,8,0,2,1,1,1,1,1,0,0,pass_conserved_motif,0.76925,0,
backbone,RAPCID_backbone_rapcid_backbone_116_model_4.cif.gz,/scratch/a2149a01/RAPCID_2610_output/backbone/RAPCID_backbone_rapcid_backbone_116_model_4.cif.gz,B,A,31,21,12.181,3.801,2.742,3,4,5,11,0.3125,167.53,chain1_F_chain2_E,0,1,2,0,1,2,1,0,0,0,6,8,0,1,1,1,1,1,1,0,0,pass_conserved_motif,0.67085,0,
backbone,RAPCID_backbone_rapcid_backbone_116_model_5.cif.gz,/scratch/a2149a01/RAPCID_2610_output/backbone/RAPCID_backbone_rapcid_backbone_116_model_5.cif.gz,B,A,31,21,6.845,3.691,3.512,4,3,9,6,0.6,132.47,chain1_F_chain2_E,0,2,1,0,2,1,0,0,0,0,9,8,0,1,1,1,1,1,1,0,0,pass_conserved_motif,0.6173,0,
backbone,RAPCID_backbone_rapcid_backbone_116_model_6.cif.gz,/scratch/a2149a01/RAPCID_2610_output/backbone/RAPCID_backbone_rapcid_backbone_116_model_6.cif.gz,B,A,31,21,7.872,1.699,3.054,4,2,19,6,0.76,131.13,chain1_F_chain2_E,1,2,1,0,2,1,0,0,0,0,9,7,0,1,0,1,1,1,1,0,0,pass_no_clash;pass_conserved_motif,0.54881,0,
backbone,RAPCID_backbone_rapcid_backbone_116_model_7.cif.gz,/scratch/a2149a01/RAPCID_2610_output/backbone/RAPCID_backbone_rapcid_backbone_116_model_7.cif.gz,B,A,31,21,8.761,2.463,3.165,5,3,20,7,0.7407,138.24,chain1_F_chain2_E,1,2,1,0,2,1,0,0,0,0,16,6,1,1,1,1,1,1,1,1,1,,0.58022,1,553
backbone,RAPCID_backbone_rapcid_backbone_117_model_0.cif.gz,/scratch/a2149a01/RAPCID_2610_output/backbone/RAPCID_backbone_rapcid_backbone_117_model_0.cif.gz,B,A,46,24,2.896,3.123,3.078,5,4,15,13,0.5357,114.57,chain1_F_chain2_E,1,2,1,0,2,1,0,2,0,0,9,10,1,1,1,1,1,1,1,1,1,,0.59335,1,515
backbone,RAPCID_backbone_rapcid_backbone_117_model_1.cif.gz,/scratch/a2149a01/RAPCID_2610_output/backbone/RAPCID_backbone_rapcid_backbone_117_model_1.cif.gz,B,A,46,24,3.601,2.668,2.846,4,4,15,8,0.6522,120.19,chain1_F_chain2_E,0,2,1,0,2,1,0,2,0,1,12,9,0,1,1,1,1,1,1,0,0,pass_conserved_motif,0.58213,0,
backbone,RAPCID_backbone_rapcid_backbone_117_model_2.cif.gz,/scratch/a2149a01/RAPCID_2610_output/backbone/RAPCID_backbone_rapcid_backbone_117_model_2.cif.gz,B,A,46,24,3.513,2.572,2.717,6,4,16,9,0.64,131.56,chain1_F_chain2_E,1,3,1,0,3,1,0,3,0,0,12,12,0,1,1,1,1,1,1,0,0,pass_conserved_motif,0.64183,0,
backbone,RAPCID_backbone_rapcid_backbone_117_model_3.cif.gz,/scratch/a2149a01/RAPCID_2610_output/backbone/RAPCID_backbone_rapcid_backbone_117_model_3.cif.gz,B,A,46,24,3.217,2.823,2.368,6,4,17,14,0.5484,116.72,chain1_F_chain2_E,1,2,1,0,2,1,0,3,0,1,11,10,0,2,1,1,1,1,1,0,0,pass_conserved_motif,0.6171,0,
backbone,RAPCID_backbone_rapcid_backbone_117_model_4.cif.gz,/scratch/a2149a01/RAPCID_2610_output/backbone/RAPCID_backbone_rapcid_backbone_117_model_4.cif.gz,B,A,46,24,3.561,3.331,3.454,8,5,15,9,0.625,116.99,chain1_F_chain2_E,0,2,1,0,2,1,0,3,1,1,17,9,0,1,1,1,1,1,1,0,0,pass_conserved_motif,0.604,0,
backbone,RAPCID_backbone_rapcid_backbone_117_model_5.cif.gz,/scratch/a2149a01/RAPCID_2610_output/backbone/RAPCID_backbone_rapcid_backbone_117_model_5.cif.gz,B,A,46,24,3.464,2.969,2.982,4,4,12,10,0.5455,118.52,chain1_F_chain2_E,1,2,1,0,2,1,0,1,0,1,10,9,0,1,1,1,1,1,1,0,0,pass_conserved_motif,0.61428,0,
backbone,RAPCID_backbone_rapcid_backbone_117_model_6.cif.gz,/scratch/a2149a01/RAPCID_2610_output/backbone/RAPCID_backbone_rapcid_backbone_117_model_6.cif.gz,B,A,46,24,3.626,3.269,3.017,7,2,16,8,0.6667,117.8,chain1_F_chain2_E,1,2,1,0,2,1,0,1,0,0,15,8,0,1,1,1,1,1,1,0,0,pass_conserved_motif,0.54671,0,
backbone,RAPCID_backbone_rapcid_backbone_117_model_7.cif.gz,/scratch/a2149a01/RAPCID_2610_output/backbone/RAPCID_backbone_rapcid_backbone_117_model_7.cif.gz,B,A,46,24,3.237,2.622,2.865,4,4,14,14,0.5,119.2,chain1_F_chain2_E,0,2,1,0,2,1,0,4,0,0,10,10,0,2,1,1,1,1,1,0,0,pass_conserved_motif,0.63303,0,
backbone,RAPCID_backbone_rapcid_backbone_118_model_0.cif.gz,/scratch/a2149a01/RAPCID_2610_output/backbone/RAPCID_backbone_rapcid_backbone_118_model_0.cif.gz,A,B,32,24,3.227,3.026,2.287,4,6,20,14,0.5882,132.94,chain1_E_chain2_F,2,0,1,3,2,3,1,7,0,0,11,11,2,0,1,1,1,1,1,0,0,pass_conserved_motif,0.74428,0,
backbone,RAPCID_backbone_rapcid_backbone_118_model_1.cif.gz,/scratch/a2149a01/RAPCID_2610_output/backbone/RAPCID_backbone_rapcid_backbone_118_model_1.cif.gz,A,B,32,24,7.091,2.85,3.076,4,7,18,24,0.4286,150.27,chain1_E_chain2_F,2,0,0,3,2,3,0,0,0,0,10,22,1,0,1,1,1,1,1,0,0,pass_conserved_motif,0.74518,0,
backbone,RAPCID_backbone_rapcid_backbone_118_model_2.cif.gz,/scratch/a2149a01/RAPCID_2610_output/backbone/RAPCID_backbone_rapcid_backbone_118_model_2.cif.gz,A,B,32,24,2.908,2.491,2.79,5,6,16,9,0.64,134.06,chain1_E_chain2_F,1,0,0,3,1,3,0,7,1,0,10,11,1,0,1,1,1,1,1,0,0,pass_conserved_motif,0.6868,0,
backbone,RAPCID_backbone_rapcid_backbone_118_model_3.cif.gz,/scratch/a2149a01/RAPCID_2610_output/backbone/RAPCID_backbone_rapcid_backbone_118_model_3.cif.gz,A,B,32,24,3.426,2.657,3.103,5,4,17,15,0.5312,130.08,chain1_E_chain2_F,2,0,1,2,2,2,0,6,1,0,10,10,3,0,1,1,1,1,1,0,0,pass_conserved_motif,0.71205,0,
backbone,RAPCID_backbone_rapcid_backbone_118_model_4.cif.gz,/scratch/a2149a01/RAPCID_2610_output/backbone/RAPCID_backbone_rapcid_backbone_118_model_4.cif.gz,A,B,32,24,2.77,2.91,2.734,4,5,12,21,0.3636,100.66,chain1_E_chain2_F,2,0,1,2,2,2,0,13,2,2,12,10,1,0,1,1,1,1,1,0,0,pass_conserved_motif,0.60694,0,
backbone,RAPCID_backbone_rapcid_backbone_118_model_5.cif.gz,/scratch/a2149a01/RAPCID_2610_output/backbone/RAPCID_backbone_rapcid_backbone_118_model_5.cif.gz,A,B,32,24,3.317,3.063,3.053,4,8,12,23,0.3429,124.61,chain1_E_chain2_F,1,0,0,3,1,3,0,3,1,1,13,16,1,0,1,1,1,1,1,0,0,pass_conserved_motif,0.64512,0,
backbone,RAPCID_backbone_rapcid_backbone_118_model_6.cif.gz,/scratch/a2149a01/RAPCID_2610_output/backbone/RAPCID_backbone_rapcid_backbone_118_model_6.cif.gz,A,B,32,24,3.554,2.998,3.19,3,4,16,11,0.5926,114.48,chain1_E_chain2_F,1,0,0,2,1,2,0,6,1,1,12,10,1,0,1,1,1,1,1,0,0,pass_conserved_motif,0.62361,0,
backbone,RAPCID_backbone_rapcid_backbone_118_model_7.cif.gz,/scratch/a2149a01/RAPCID_2610_output/backbone/RAPCID_backbone_rapcid_backbone_118_model_7.cif.gz,A,B,32,24,2.479,3.38,3.006,3,6,5,19,0.2083,119.46,chain1_E_chain2_F,1,0,1,2,1,2,0,15,1,1,10,10,1,0,1,1,1,1,1,0,0,pass_conserved_motif,0.53558,0,
backbone,RAPCID_backbone_rapcid_backbone_119_model_0.cif.gz,/scratch/a2149a01/RAPCID_2610_output/backbone/RAPCID_backbone_rapcid_backbone_119_model_0.cif.gz,A,B,46,27,3.766,2.705,2.14,3,5,16,13,0.5517,121.42,chain1_E_chain2_F,1,0,0,2,1,2,0,4,0,0,10,10,1,0,1,1,1,1,1,0,0,pass_conserved_motif,0.61976,0,
backbone,RAPCID_backbone_rapcid_backbone_119_model_1.cif.gz,/scratch/a2149a01/RAPCID_2610_output/backbone/RAPCID_backbone_rapcid_backbone_119_model_1.cif.gz,A,B,46,27,2.901,2.962,2.864,4,6,18,16,0.5294,146.17,chain1_E_chain2_F,2,0,0,2,2,2,1,13,0,0,11,10,1,0,1,1,1,1,1,0,0,pass_conserved_motif,0.76333,0,
backbone,RAPCID_backbone_rapcid_backbone_119_model_2.cif.gz,/scratch/a2149a01/RAPCID_2610_output/backbone/RAPCID_backbone_rapcid_backbone_119_model_2.cif.gz,A,B,46,27,3.406,2.921,2.579,3,5,11,16,0.4074,115.2,chain1_E_chain2_F,1,0,0,2,1,2,0,5,0,1,11,9,1,0,1,1,1,1,1,0,0,pass_conserved_motif,0.60434,0,
backbone,RAPCID_backbone_rapcid_backbone_119_model_3.cif.gz,/scratch/a2149a01/RAPCID_2610_output/backbone/RAPCID_backbone_rapcid_backbone_119_model_3.cif.gz,A,B,46,27,2.932,2.859,2.943,4,4,13,14,0.4815,115.14,chain1_E_chain2_F,1,0,0,2,1,2,0,8,0,0,10,10,1,1,1,1,1,1,1,1,1,,0.63212,1,425
backbone,RAPCID_backbone_rapcid_backbone_119_model_4.cif.gz,/scratch/a2149a01/RAPCID_2610_output/backbone/RAPCID_backbone_rapcid_backbone_119_model_4.cif.gz,A,B,46,27,2.79,2.925,2.278,6,6,12,14,0.4615,125.36,chain1_E_chain2_F,1,0,0,3,1,3,0,5,0,0,15,10,1,0,1,1,1,1,1,0,0,pass_conserved_motif,0.67175,0,
backbone,RAPCID_backbone_rapcid_backbone_119_model_5.cif.gz,/scratch/a2149a01/RAPCID_2610_output/backbone/RAPCID_backbone_rapcid_backbone_119_model_5.cif.gz,A,B,46,27,2.977,2.832,3.421,5,5,16,15,0.5161,108.48,chain1_E_chain2_F,1,0,1,3,1,3,0,7,0,0,9,15,1,0,1,1,1,1,1,0,0,pass_conserved_motif,0.63442,0,
backbone,RAPCID_backbone_rapcid_backbone_119_model_6.cif.gz,/scratch/a2149a01/RAPCID_2610_output/backbone/RAPCID_backbone_rapcid_backbone_119_model_6.cif.gz,A,B,46,27,2.259,2.796,2.867,4,4,15,13,0.5357,109.37,chain1_E_chain2_F,1,0,0,2,1,2,0,16,1,1,9,9,1,0,1,1,1,1,1,0,0,pass_conserved_motif,0.59931,0,
backbone,RAPCID_backbone_rapcid_backbone_119_model_7.cif.gz,/scratch/a2149a01/RAPCID_2610_output/backbone/RAPCID_backbone_rapcid_backbone_119_model_7.cif.gz,A,B,46,27,2.973,2.954,2.848,4,4,10,13,0.4348,124.1,chain1_E_chain2_F,1,0,0,2,1,2,0,12,0,1,13,10,2,0,1,1,1,1,1,0,0,pass_conserved_motif,0.63996,0,
backbone,RAPCID_backbone_rapcid_backbone_11_model_0.cif.gz,/scratch/a2149a01/RAPCID_2610_output/backbone/RAPCID_backbone_rapcid_backbone_11_model_0.cif.gz,A,B,33,19,2.725,2.162,3.61,7,4,19,15,0.5588,128.25,chain1_E_chain2_F,1,0,0,3,1,3,0,2,0,0,12,11,1,0,1,1,1,1,1,0,0,pass_conserved_motif,0.65827,0,
backbone,RAPCID_backbone_rapcid_backbone_11_model_1.cif.gz,/scratch/a2149a01/RAPCID_2610_output/backbone/RAPCID_backbone_rapcid_backbone_11_model_1.cif.gz,A,B,33,19,3.315,2.891,3.796,4,5,12,9,0.5714,156.47,chain1_E_chain2_F,1,0,0,3,1,3,0,1,0,0,11,11,1,0,1,1,1,1,1,0,0,pass_conserved_motif,0.74229,0,
backbone,RAPCID_backbone_rapcid_backbone_11_model_2.cif.gz,/scratch/a2149a01/RAPCID_2610_output/backbone/RAPCID_backbone_rapcid_backbone_11_model_2.cif.gz,A,B,33,19,3.088,2.491,3.484,7,4,22,16,0.5789,116.01,chain1_E_chain2_F,1,0,0,3,1,3,0,3,0,0,10,11,1,0,1,1,1,1,1,0,0,pass_conserved_motif,0.61442,0,
backbone,RAPCID_backbone_rapcid_backbone_11_model_3.cif.gz,/scratch/a2149a01/RAPCID_2610_output/backbone/RAPCID_backbone_rapcid_backbone_11_model_3.cif.gz,A,B,33,19,3.646,2.272,3.646,8,4,21,12,0.6364,128.09,chain1_E_chain2_F,1,0,0,3,1,3,0,2,0,0,11,11,2,0,1,1,1,1,1,0,0,pass_conserved_motif,0.62672,0,
backbone,RAPCID_backbone_rapcid_backbone_11_model_4.cif.gz,/scratch/a2149a01/RAPCID_2610_output/backbone/RAPCID_backbone_rapcid_backbone_11_model_4.cif.gz,A,B,33,19,4.064,2.345,2.9,6,4,15,13,0.5357,138.23,chain1_E_chain2_F,2,0,0,3,2,3,0,0,0,0,12,11,1,1,1,1,1,1,1,1,1,,0.71933,1,140
backbone,RAPCID_backbone_rapcid_backbone_11_model_5.cif.gz,/scratch/a2149a01/RAPCID_2610_output/backbone/RAPCID_backbone_rapcid_backbone_11_model_5.cif.gz,A,B,33,19,7.781,3.159,3.617,4,4,14,9,0.6087,154.23,chain1_E_chain2_F,1,0,0,3,1,3,0,0,0,0,10,12,1,0,1,1,1,1,1,0,0,pass_conserved_motif,0.71491,0,
backbone,RAPCID_backbone_rapcid_backbone_11_model_6.cif.gz,/scratch/a2149a01/RAPCID_2610_output/backbone/RAPCID_backbone_rapcid_backbone_11_model_6.cif.gz,A,B,33,19,5.454,3.204,3.413,5,4,15,13,0.5357,114.75,chain1_E_chain2_F,1,0,0,3,1,3,0,0,0,0,11,11,1,2,1,1,1,1,1,1,1,,0.61249,1,481
backbone,RAPCID_backbone_rapcid_backbone_11_model_7.cif.gz,/scratch/a2149a01/RAPCID_2610_output/backbone/RAPCID_backbone_rapcid_backbone_11_model_7.cif.gz,A,B,33,19,3.366,2.433,3.708,6,4,16,13,0.5517,123.5,chain1_E_chain2_F,1,0,0,3,1,3,0,2,0,0,10,11,1,0,1,1,1,1,1,0,0,pass_conserved_motif,0.64527,0,
backbone,RAPCID_backbone_rapcid_backbone_120_model_0.cif.gz,/scratch/a2149a01/RAPCID_2610_output/backbone/RAPCID_backbone_rapcid_backbone_120_model_0.cif.gz,B,A,27,25,3.698,3.315,2.289,5,8,17,17,0.5,147.81,chain1_F_chain2_E,0,3,1,0,3,1,0,4,1,0,15,12,1,1,1,1,1,1,1,1,1,,0.77367,1,28
backbone,RAPCID_backbone_rapcid_backbone_120_model_1.cif.gz,/scratch/a2149a01/RAPCID_2610_output/backbone/RAPCID_backbone_rapcid_backbone_120_model_1.cif.gz,B,A,27,25,3.681,3.119,3.256,5,5,17,13,0.5667,136.21,chain1_F_chain2_E,0,3,1,0,3,1,0,1,0,0,15,11,1,1,1,1,1,1,1,1,1,,0.67664,1,279
backbone,RAPCID_backbone_rapcid_backbone_120_model_2.cif.gz,/scratch/a2149a01/RAPCID_2610_output/backbone/RAPCID_backbone_rapcid_backbone_120_model_2.cif.gz,B,A,27,25,2.957,3.133,2.201,5,8,18,22,0.45,132.62,chain1_F_chain2_E,0,3,2,0,3,2,0,4,1,0,16,10,0,1,1,1,1,1,1,0,0,pass_conserved_motif,0.73158,0,
backbone,RAPCID_backbone_rapcid_backbone_120_model_3.cif.gz,/scratch/a2149a01/RAPCID_2610_output/backbone/RAPCID_backbone_rapcid_backbone_120_model_3.cif.gz,B,A,27,25,5.649,3.269,2.434,6,6,20,17,0.5405,154.31,chain1_F_chain2_E,0,3,1,0,3,1,0,0,0,0,15,10,0,1,1,1,1,1,1,0,0,pass_conserved_motif,0.74244,0,
backbone,RAPCID_backbone_rapcid_backbone_120_model_4.cif.gz,/scratch/a2149a01/RAPCID_2610_output/backbone/RAPCID_backbone_rapcid_backbone_120_model_4.cif.gz,B,A,27,25,2.353,3.458,2.094,6,8,20,21,0.4878,133.09,chain1_F_chain2_E,0,3,2,0,3,2,0,7,1,2,15,11,0,1,1,1,1,1,1,0,0,pass_conserved_motif,0.79662,0,
backbone,RAPCID_backbone_rapcid_backbone_120_model_5.cif.gz,/scratch/a2149a01/RAPCID_2610_output/backbone/RAPCID_backbone_rapcid_backbone_120_model_5.cif.gz,B,A,27,25,7.682,3.167,2.329,6,4,17,13,0.5667,172.72,chain1_F_chain2_E,0,3,1,0,3,1,0,0,0,0,17,10,0,1,1,1,1,1,1,0,0,pass_conserved_motif,0.70188,0,
backbone,RAPCID_backbone_rapcid_backbone_120_model_6.cif.gz,/scratch/a2149a01/RAPCID_2610_output/backbone/RAPCID_backbone_rapcid_backbone_120_model_6.cif.gz,B,A,27,25,5.604,3.566,2.762,5,4,17,18,0.4857,138.16,chain1_F_chain2_E,0,3,1,0,3,1,0,0,0,0,16,11,0,1,1,1,1,1,1,0,0,pass_conserved_motif,0.69911,0,
backbone,RAPCID_backbone_rapcid_backbone_120_model_7.cif.gz,/scratch/a2149a01/RAPCID_2610_output/backbone/RAPCID_backbone_rapcid_backbone_120_model_7.cif.gz,B,A,27,25,3.661,3.085,2.786,6,6,19,14,0.5758,171.03,chain1_F_chain2_E,0,3,1,0,3,1,0,1,0,0,15,13,1,1,1,1,1,1,1,1,1,,0.70888,1,169
backbone,RAPCID_backbone_rapcid_backbone_121_model_0.cif.gz,/scratch/a2149a01/RAPCID_2610_output/backbone/RAPCID_backbone_rapcid_backbone_121_model_0.cif.gz,B,A,39,32,5.892,3.206,2.397,4,3,13,7,0.65,119.23,chain1_F_chain2_E,0,2,1,0,2,1,0,0,0,0,8,9,0,1,1,1,1,1,1,0,0,pass_conserved_motif,0.55314,0,
backbone,RAPCID_backbone_rapcid_backbone_121_model_1.cif.gz,/scratch/a2149a01/RAPCID_2610_output/backbone/RAPCID_backbone_rapcid_backbone_121_model_1.cif.gz,B,A,39,32,5.155,3.483,2.204,4,7,11,17,0.3929,142.93,chain1_F_chain2_E,0,2,1,0,2,1,0,0,0,0,15,10,0,1,1,1,1,1,1,0,0,pass_conserved_motif,0.64928,0,
backbone,RAPCID_backbone_rapcid_backbone_121_model_2.cif.gz,/scratch/a2149a01/RAPCID_2610_output/backbone/RAPCID_backbone_rapcid_backbone_121_model_2.cif.gz,B,A,39,32,3.332,3.259,2.876,6,1,15,4,0.7895,160.46,chain1_F_chain2_E,0,3,1,0,3,1,0,7,0,0,11,8,0,1,1,0,1,1,1,0,0,pass_dual_rap_contact;pass_conserved_motif,0.68864,0,
backbone,RAPCID_backbone_rapcid_backbone_121_model_3.cif.gz,/scratch/a2149a01/RAPCID_2610_output/backbone/RAPCID_backbone_rapcid_backbone_121_model_3.cif.gz,B,A,39,32,6.25,2.986,3.385,7,4,29,12,0.7073,173.64,chain1_F_chain2_E,0,3,1,0,3,1,0,0,0,0,16,9,0,1,1,1,1,1,1,0,0,pass_conserved_motif,0.64256,0,
backbone,RAPCID_backbone_rapcid_backbone_121_model_4.cif.gz,/scratch/a2149a01/RAPCID_2610_output/backbone/RAPCID_backbone_rapcid_backbone_121_model_4.cif.gz,B,A,39,32,10.645,2.863,2.499,6,4,24,7,0.7742,161.72,chain1_F_chain2_E,0,3,1,0,3,1,0,0,0,0,16,9,0,1,1,1,1,1,1,0,0,pass_conserved_motif,0.65555,0,
backbone,RAPCID_backbone_rapcid_backbone_121_model_5.cif.gz,/scratch/a2149a01/RAPCID_2610_output/backbone/RAPCID_backbone_rapcid_backbone_121_model_5.cif.gz,B,A,39,32,2.88,2.383,2.918,6,4,19,14,0.5758,113.61,chain1_F_chain2_E,1,2,2,0,2,2,1,20,1,1,9,14,0,1,1,1,1,1,1,0,0,pass_conserved_motif,0.63458,0,
backbone,RAPCID_backbone_rapcid_backbone_121_model_6.cif.gz,/scratch/a2149a01/RAPCID_2610_output/backbone/RAPCID_backbone_rapcid_backbone_121_model_6.cif.gz,B,A,39,32,2.91,3.469,3.301,3,6,6,16,0.2727,133.04,chain1_F_chain2_E,0,2,2,0,2,2,0,5,0,0,11,13,0,1,1,1,1,1,1,0,0,pass_conserved_motif,0.62184,0,
backbone,RAPCID_backbone_rapcid_backbone_121_model_7.cif.gz,/scratch/a2149a01/RAPCID_2610_output/backbone/RAPCID_backbone_rapcid_backbone_121_model_7.cif.gz,B,A,39,32,12.753,3.486,3.478,5,3,15,6,0.7143,160.03,chain1_F_chain2_E,0,3,1,0,3,1,0,0,0,0,15,9,0,1,1,1,1,1,1,0,0,pass_conserved_motif,0.68514,0,
backbone,RAPCID_backbone_rapcid_backbone_122_model_0.cif.gz,/scratch/a2149a01/RAPCID_2610_output/backbone/RAPCID_backbone_rapcid_backbone_122_model_0.cif.gz,A,B,42,33,10.231,2.617,2.859,3,6,12,20,0.375,150.9,chain1_E_chain2_F,2,0,0,3,2,3,0,0,0,0,8,15,1,0,1,1,1,1,1,0,0,pass_conserved_motif,0.72585,0,
backbone,RAPCID_backbone_rapcid_backbone_122_model_1.cif.gz,/scratch/a2149a01/RAPCID_2610_output/backbone/RAPCID_backbone_rapcid_backbone_122_model_1.cif.gz,A,B,42,33,9.549,3.057,3.463,3,6,9,22,0.2903,155.32,chain1_E_chain2_F,1,0,0,3,1,3,0,0,0,0,9,15,1,0,1,1,1,1,1,0,0,pass_conserved_motif,0.67815,0,
backbone,RAPCID_backbone_rapcid_backbone_122_model_2.cif.gz,/scratch/a2149a01/RAPCID_2610_output/backbone/RAPCID_backbone_rapcid_backbone_122_model_2.cif.gz,A,B,42,33,8.434,2.705,3.138,5,6,11,23,0.3235,169.58,chain1_E_chain2_F,1,0,0,3,1,3,0,0,0,0,10,17,1,0,1,1,1,1,1,0,0,pass_conserved_motif,0.66844,0,
backbone,RAPCID_backbone_rapcid_backbone_122_model_3.cif.gz,/scratch/a2149a01/RAPCID_2610_output/backbone/RAPCID_backbone_rapcid_backbone_122_model_3.cif.gz,A,B,42,33,8.666,3.299,3.09,4,4,12,19,0.3871,149.78,chain1_E_chain2_F,2,0,0,2,2,2,0,0,0,0,10,15,1,0,1,1,1,1,1,0,0,pass_conserved_motif,0.69839,0,
backbone,RAPCID_backbone_rapcid_backbone_122_model_4.cif.gz,/scratch/a2149a01/RAPCID_2610_output/backbone/RAPCID_backbone_rapcid_backbone_122_model_4.cif.gz,A,B,42,33,11.517,2.656,3.444,4,4,11,12,0.4783,160.3,chain1_E_chain2_F,1,0,0,2,1,2,0,0,0,0,11,16,1,0,1,1,1,1,1,0,0,pass_conserved_motif,0.7327,0,
backbone,RAPCID_backbone_rapcid_backbone_122_model_5.cif.gz,/scratch/a2149a01/RAPCID_2610_output/backbone/RAPCID_backbone_rapcid_backbone_122_model_5.cif.gz,A,B,42,33,8.412,2.557,3.158,5,5,16,16,0.5,155.88,chain1_E_chain2_F,1,0,0,3,1,3,0,0,0,0,10,16,1,0,1,1,1,1,1,0,0,pass_conserved_motif,0.76389,0,
backbone,RAPCID_backbone_rapcid_backbone_122_model_6.cif.gz,/scratch/a2149a01/RAPCID_2610_output/backbone/RAPCID_backbone_rapcid_backbone_122_model_6.cif.gz,A,B,42,33,7.481,2.515,2.971,4,4,19,17,0.5278,156.81,chain1_E_chain2_F,1,0,0,2,1,2,0,0,0,0,13,16,2,0,1,1,1,1,1,0,0,pass_conserved_motif,0.72731,0,
backbone,RAPCID_backbone_rapcid_backbone_122_model_7.cif.gz,/scratch/a2149a01/RAPCID_2610_output/backbone/RAPCID_backbone_rapcid_backbone_122_model_7.cif.gz,A,B,42,33,10.92,3.105,3.514,4,5,10,16,0.3846,146.31,chain1_E_chain2_F,1,0,0,3,1,3,0,0,0,0,10,16,1,0,1,1,1,1,1,0,0,pass_conserved_motif,0.68583,0,
backbone,RAPCID_backbone_rapcid_backbone_123_model_0.cif.gz,/scratch/a2149a01/RAPCID_2610_output/backbone/RAPCID_backbone_rapcid_backbone_123_model_0.cif.gz,A,B,34,31,8.643,2.684,3.673,3,4,8,12,0.4,151.3,chain1_E_chain2_F,1,0,0,2,1,2,0,0,0,0,9,13,1,0,1,1,1,1,1,0,0,pass_conserved_motif,0.68006,0,
backbone,RAPCID_backbone_rapcid_backbone_123_model_1.cif.gz,/scratch/a2149a01/RAPCID_2610_output/backbone/RAPCID_backbone_rapcid_backbone_123_model_1.cif.gz,A,B,34,31,12.094,2.849,3.194,4,6,12,17,0.4138,157.1,chain1_E_chain2_F,1,0,0,3,1,3,0,0,0,0,9,13,1,0,1,1,1,1,1,0,0,pass_conserved_motif,0.73348,0,
backbone,RAPCID_backbone_rapcid_backbone_123_model_2.cif.gz,/scratch/a2149a01/RAPCID_2610_output/backbone/RAPCID_backbone_rapcid_backbone_123_model_2.cif.gz,A,B,34,31,8.276,2.395,3.029,4,4,16,19,0.4571,136.0,chain1_E_chain2_F,2,0,0,2,2,2,1,0,0,0,9,13,1,0,1,1,1,1,1,0,0,pass_conserved_motif,0.70904,0,
backbone,RAPCID_backbone_rapcid_backbone_123_model_3.cif.gz,/scratch/a2149a01/RAPCID_2610_output/backbone/RAPCID_backbone_rapcid_backbone_123_model_3.cif.gz,A,B,34,31,12.598,3.281,3.271,2,6,5,24,0.1724,161.96,chain1_E_chain2_F,0,0,0,3,0,3,0,0,0,0,7,13,1,0,1,1,1,1,1,0,0,pass_conserved_motif,0.6048,0,
backbone,RAPCID_backbone_rapcid_backbone_123_model_4.cif.gz,/scratch/a2149a01/RAPCID_2610_output/backbone/RAPCID_backbone_rapcid_backbone_123_model_4.cif.gz,A,B,34,31,11.0,3.335,3.223,3,5,8,17,0.32,161.66,chain1_E_chain2_F,1,0,0,3,1,3,0,0,0,0,9,13,1,0,1,1,1,1,1,0,0,pass_conserved_motif,0.69342,0,
backbone,RAPCID_backbone_rapcid_backbone_123_model_5.cif.gz,/scratch/a2149a01/RAPCID_2610_output/backbone/RAPCID_backbone_rapcid_backbone_123_model_5.cif.gz,A,B,34,31,10.963,2.611,3.567,3,6,9,15,0.375,155.18,chain1_E_chain2_F,1,0,0,3,1,3,0,0,0,0,9,13,2,0,1,1,1,1,1,0,0,pass_conserved_motif,0.71154,0,
backbone,RAPCID_backbone_rapcid_backbone_123_model_6.cif.gz,/scratch/a2149a01/RAPCID_2610_output/backbone/RAPCID_backbone_rapcid_backbone_123_model_6.cif.gz,A,B,34,31,7.536,3.214,3.337,3,6,7,18,0.28,147.18,chain1_E_chain2_F,2,0,0,3,2,3,1,0,0,0,7,13,1,0,1,1,1,1,1,0,0,pass_conserved_motif,0.70402,0,
backbone,RAPCID_backbone_rapcid_backbone_123_model_7.cif.gz,/scratch/a2149a01/RAPCID_2610_output/backbone/RAPCID_backbone_rapcid_backbone_123_model_7.cif.gz,A,B,34,31,13.759,3.132,3.588,2,4,4,10,0.2857,153.15,chain1_E_chain2_F,1,0,0,2,1,2,0,0,0,0,7,13,1,0,1,1,1,1,1,0,0,pass_conserved_motif,0.64049,0,
backbone,RAPCID_backbone_rapcid_backbone_124_model_0.cif.gz,/scratch/a2149a01/RAPCID_2610_output/backbone/RAPCID_backbone_rapcid_backbone_124_model_0.cif.gz,B,A,26,19,5.018,3.154,2.777,8,5,21,12,0.6364,125.38,chain1_F_chain2_E,1,3,1,0,3,1,0,0,0,0,17,10,0,1,1,1,1,1,1,0,0,pass_conserved_motif,0.60769,0,
backbone,RAPCID_backbone_rapcid_backbone_124_model_1.cif.gz,/scratch/a2149a01/RAPCID_2610_output/backbone/RAPCID_backbone_rapcid_backbone_124_model_1.cif.gz,B,A,26,19,13.381,3.174,3.336,6,3,19,7,0.7308,174.64,chain1_F_chain2_E,0,3,2,0,3,2,0,0,0,0,14,8,0,1,1,1,1,1,1,0,0,pass_conserved_motif,0.65841,0,
backbone,RAPCID_backbone_rapcid_backbone_124_model_2.cif.gz,/scratch/a2149a01/RAPCID_2610_output/backbone/RAPCID_backbone_rapcid_backbone_124_model_2.cif.gz,B,A,26,19,9.94,3.296,3.779,7,2,22,4,0.8462,143.13,chain1_F_chain2_E,1,3,1,0,3,1,0,0,0,0,16,7,1,1,1,1,1,1,1,1,1,,0.58292,1,543
backbone,RAPCID_backbone_rapcid_backbone_124_model_3.cif.gz,/scratch/a2149a01/RAPCID_2610_output/backbone/RAPCID_backbone_rapcid_backbone_124_model_3.cif.gz,B,A,26,19,7.65,3.322,3.38,7,2,21,5,0.8077,138.83,chain1_F_chain2_E,1,3,1,0,3,1,0,0,0,0,15,7,0,1,1,1,1,1,1,0,0,pass_conserved_motif,0.58398,0,
backbone,RAPCID_backbone_rapcid_backbone_124_model_4.cif.gz,/scratch/a2149a01/RAPCID_2610_output/backbone/RAPCID_backbone_rapcid_backbone_124_model_4.cif.gz,B,A,26,19,6.518,3.356,3.281,6,3,15,5,0.75,136.68,chain1_F_chain2_E,0,3,1,0,3,1,1,0,0,0,14,9,0,1,1,1,1,1,1,0,0,pass_conserved_motif,0.62846,0,
backbone,RAPCID_backbone_rapcid_backbone_124_model_5.cif.gz,/scratch/a2149a01/RAPCID_2610_output/backbone/RAPCID_backbone_rapcid_backbone_124_model_5.cif.gz,B,A,26,19,12.53,3.332,2.814,5,3,15,7,0.6818,177.0,chain1_F_chain2_E,0,3,1,0,3,1,0,0,0,0,15,8,0,1,1,1,1,1,1,0,0,pass_conserved_motif,0.64157,0,
backbone,RAPCID_backbone_rapcid_backbone_124_model_6.cif.gz,/scratch/a2149a01/RAPCID_2610_output/backbone/RAPCID_backbone_rapcid_backbone_124_model_6.cif.gz,B,A,26,19,12.08,3.416,3.387,5,3,15,8,0.6522,156.41,chain1_F_chain2_E,0,3,2,0,3,2,0,0,0,0,14,9,0,1,1,1,1,1,1,0,0,pass_conserved_motif,0.73335,0,
backbone,RAPCID_backbone_rapcid_backbone_124_model_7.cif.gz,/scratch/a2149a01/RAPCID_2610_output/backbone/RAPCID_backbone_rapcid_backbone_124_model_7.cif.gz,B,A,26,19,5.026,3.452,2.395,6,3,15,8,0.6522,116.47,chain1_F_chain2_E,0,3,1,0,3,1,1,0,0,0,16,9,0,1,1,1,1,1,1,0,0,pass_conserved_motif,0.60022,0,
backbone,RAPCID_backbone_rapcid_backbone_125_model_0.cif.gz,/scratch/a2149a01/RAPCID_2610_output/backbone/RAPCID_backbone_rapcid_backbone_125_model_0.cif.gz,A,B,30,23,10.319,2.971,3.065,4,5,17,15,0.5312,145.54,chain1_E_chain2_F,2,0,0,3,2,3,0,0,0,0,12,11,1,0,1,1,1,1,1,0,0,pass_conserved_motif,0.74549,0,
backbone,RAPCID_backbone_rapcid_backbone_125_model_1.cif.gz,/scratch/a2149a01/RAPCID_2610_output/backbone/RAPCID_backbone_rapcid_backbone_125_model_1.cif.gz,A,B,30,23,4.823,3.111,3.319,5,6,15,16,0.4839,132.09,chain1_E_chain2_F,2,0,0,3,2,3,0,0,0,0,10,12,1,0,1,1,1,1,1,0,0,pass_conserved_motif,0.70672,0,
backbone,RAPCID_backbone_rapcid_backbone_125_model_2.cif.gz,/scratch/a2149a01/RAPCID_2610_output/backbone/RAPCID_backbone_rapcid_backbone_125_model_2.cif.gz,A,B,30,23,10.418,2.122,3.263,5,5,16,20,0.4444,154.57,chain1_E_chain2_F,1,0,0,3,1,3,0,0,0,0,10,12,1,0,1,1,1,1,1,0,0,pass_conserved_motif,0.73729,0,
backbone,RAPCID_backbone_rapcid_backbone_125_model_3.cif.gz,/scratch/a2149a01/RAPCID_2610_output/backbone/RAPCID_backbone_rapcid_backbone_125_model_3.cif.gz,A,B,30,23,13.406,3.227,3.386,2,5,3,15,0.1667,175.23,chain1_E_chain2_F,1,0,0,3,1,3,0,0,0,0,9,12,1,0,1,0,1,1,1,0,0,pass_dual_rap_contact;pass_conserved_motif,0.58686,0,
backbone,RAPCID_backbone_rapcid_backbone_125_model_4.cif.gz,/scratch/a2149a01/RAPCID_2610_output/backbone/RAPCID_backbone_rapcid_backbone_125_model_4.cif.gz,A,B,30,23,10.667,2.816,3.157,5,6,13,22,0.3714,163.41,chain1_E_chain2_F,1,0,0,3,1,3,0,0,0,0,10,12,3,0,1,1,1,1,1,0,0,pass_conserved_motif,0.70816,0,
backbone,RAPCID_backbone_rapcid_backbone_125_model_5.cif.gz,/scratch/a2149a01/RAPCID_2610_output/backbone/RAPCID_backbone_rapcid_backbone_125_model_5.cif.gz,A,B,30,23,3.809,2.9,3.511,7,5,24,13,0.6486,119.44,chain1_E_chain2_F,1,0,0,3,1,3,0,1,1,1,10,12,1,0,1,1,1,1,1,0,0,pass_conserved_motif,0.6213,0,
backbone,RAPCID_backbone_rapcid_backbone_125_model_6.cif.gz,/scratch/a2149a01/RAPCID_2610_output/backbone/RAPCID_backbone_rapcid_backbone_125_model_6.cif.gz,A,B,30,23,12.139,3.126,3.352,2,6,6,17,0.2609,148.0,chain1_E_chain2_F,1,0,0,3,1,3,0,0,0,0,9,12,1,0,1,1,1,1,1,0,0,pass_conserved_motif,0.64196,0,
backbone,RAPCID_backbone_rapcid_backbone_125_model_7.cif.gz,/scratch/a2149a01/RAPCID_2610_output/backbone/RAPCID_backbone_rapcid_backbone_125_model_7.cif.gz,A,B,30,23,10.889,3.024,3.152,2,5,5,19,0.2083,136.86,chain1_E_chain2_F,2,0,0,3,2,3,0,0,0,0,9,12,1,1,1,1,1,1,1,1,1,,0.61239,1,483
backbone,RAPCID_backbone_rapcid_backbone_126_model_0.cif.gz,/scratch/a2149a01/RAPCID_2610_output/backbone/RAPCID_backbone_rapcid_backbone_126_model_0.cif.gz,B,A,30,14,13.611,3.697,3.624,4,2,13,5,0.7222,163.89,chain1_F_chain2_E,0,3,1,0,3,1,0,0,0,0,9,7,0,1,1,1,1,1,1,0,0,pass_conserved_motif,0.66908,0,
backbone,RAPCID_backbone_rapcid_backbone_126_model_1.cif.gz,/scratch/a2149a01/RAPCID_2610_output/backbone/RAPCID_backbone_rapcid_backbone_126_model_1.cif.gz,B,A,30,14,4.924,3.524,3.316,5,3,12,10,0.5455,145.33,chain1_F_chain2_E,0,3,2,0,3,2,1,0,0,0,9,8,0,1,1,1,1,1,1,0,0,pass_conserved_motif,0.76767,0,
backbone,RAPCID_backbone_rapcid_backbone_126_model_2.cif.gz,/scratch/a2149a01/RAPCID_2610_output/backbone/RAPCID_backbone_rapcid_backbone_126_model_2.cif.gz,B,A,30,14,9.09,3.884,2.122,4,4,11,14,0.44,153.52,chain1_F_chain2_E,0,3,2,0,3,2,1,0,0,0,9,8,0,1,1,1,1,1,1,0,0,pass_conserved_motif,0.78915,0,
backbone,RAPCID_backbone_rapcid_backbone_126_model_3.cif.gz,/scratch/a2149a01/RAPCID_2610_output/backbone/RAPCID_backbone_rapcid_backbone_126_model_3.cif.gz,B,A,30,14,11.723,3.724,2.409,4,5,12,13,0.48,164.85,chain1_F_chain2_E,0,3,2,0,3,2,1,0,0,0,9,8,0,1,1,1,1,1,1,0,0,pass_conserved_motif,0.80393,0,
backbone,RAPCID_backbone_rapcid_backbone_126_model_4.cif.gz,/scratch/a2149a01/RAPCID_2610_output/backbone/RAPCID_backbone_rapcid_backbone_126_model_4.cif.gz,B,A,30,14,9.216,3.57,1.982,4,4,13,16,0.4483,166.66,chain1_F_chain2_E,0,3,2,0,3,2,1,0,0,0,9,8,1,1,0,1,1,1,1,1,0,pass_no_clash,0.7852,0,
backbone,RAPCID_backbone_rapcid_backbone_126_model_5.cif.gz,/scratch/a2149a01/RAPCID_2610_output/backbone/RAPCID_backbone_rapcid_backbone_126_model_5.cif.gz,B,A,30,14,9.993,3.659,3.176,4,4,8,11,0.4211,146.72,chain1_F_chain2_E,0,3,1,0,3,1,1,0,0,0,9,8,0,2,1,1,1,1,1,0,0,pass_conserved_motif,0.73035,0,
backbone,RAPCID_backbone_rapcid_backbone_126_model_6.cif.gz,/scratch/a2149a01/RAPCID_2610_output/backbone/RAPCID_backbone_rapcid_backbone_126_model_6.cif.gz,B,A,30,14,13.082,3.826,3.277,4,2,12,5,0.7059,161.04,chain1_F_chain2_E,0,3,1,0,3,1,0,0,0,0,13,8,0,1,1,1,1,1,1,0,0,pass_conserved_motif,0.68512,0,
backbone,RAPCID_backbone_rapcid_backbone_126_model_7.cif.gz,/scratch/a2149a01/RAPCID_2610_output/backbone/RAPCID_backbone_rapcid_backbone_126_model_7.cif.gz,B,A,30,14,12.02,3.669,1.989,4,5,13,16,0.4483,157.62,chain1_F_chain2_E,0,3,2,0,3,2,1,0,0,0,9,8,0,1,0,1,1,1,1,0,0,pass_no_clash;pass_conserved_motif,0.80615,0,
backbone,RAPCID_backbone_rapcid_backbone_127_model_0.cif.gz,/scratch/a2149a01/RAPCID_2610_output/backbone/RAPCID_backbone_rapcid_backbone_127_model_0.cif.gz,A,B,34,27,5.409,3.116,3.598,4,5,15,12,0.5556,164.59,chain1_E_chain2_F,1,0,0,3,1,3,0,0,0,0,11,16,1,0,1,1,1,1,1,0,0,pass_conserved_motif,0.73342,0,
backbone,RAPCID_backbone_rapcid_backbone_127_model_1.cif.gz,/scratch/a2149a01/RAPCID_2610_output/backbone/RAPCID_backbone_rapcid_backbone_127_model_1.cif.gz,A,B,34,27,3.669,2.449,3.191,6,6,15,16,0.4839,158.85,chain1_E_chain2_F,1,0,0,3,1,3,0,2,0,0,12,16,1,0,1,1,1,1,1,0,0,pass_conserved_motif,0.77733,0,
backbone,RAPCID_backbone_rapcid_backbone_127_model_2.cif.gz,/scratch/a2149a01/RAPCID_2610_output/backbone/RAPCID_backbone_rapcid_backbone_127_model_2.cif.gz,A,B,34,27,2.41,2.266,3.298,8,5,16,15,0.5161,138.5,chain1_E_chain2_F,1,0,0,3,1,3,0,3,0,0,12,15,1,0,1,1,1,1,1,0,0,pass_conserved_motif,0.7145,0,
backbone,RAPCID_backbone_rapcid_backbone_127_model_3.cif.gz,/scratch/a2149a01/RAPCID_2610_output/backbone/RAPCID_backbone_rapcid_backbone_127_model_3.cif.gz,A,B,34,27,11.408,2.339,3.555,2,5,11,12,0.4783,153.95,chain1_E_chain2_F,2,0,0,3,2,3,0,0,0,0,8,16,2,0,1,1,1,1,1,0,0,pass_conserved_motif,0.77731,0,
backbone,RAPCID_backbone_rapcid_backbone_127_model_4.cif.gz,/scratch/a2149a01/RAPCID_2610_output/backbone/RAPCID_backbone_rapcid_backbone_127_model_4.cif.gz,A,B,34,27,2.653,2.865,3.449,6,6,15,22,0.4054,140.39,chain1_E_chain2_F,1,0,0,3,1,3,0,3,0,0,13,15,1,1,1,1,1,1,1,1,1,,0.68943,1,241
backbone,RAPCID_backbone_rapcid_backbone_127_model_5.cif.gz,/scratch/a2149a01/RAPCID_2610_output/backbone/RAPCID_backbone_rapcid_backbone_127_model_5.cif.gz,A,B,34,27,10.607,2.644,3.176,2,4,8,21,0.2759,155.72,chain1_E_chain2_F,1,0,0,2,1,2,0,0,0,0,8,16,2,0,1,1,1,1,1,0,0,pass_conserved_motif,0.64513,0,
backbone,RAPCID_backbone_rapcid_backbone_127_model_6.cif.gz,/scratch/a2149a01/RAPCID_2610_output/backbone/RAPCID_backbone_rapcid_backbone_127_model_6.cif.gz,A,B,34,27,10.828,2.97,3.152,3,6,10,19,0.3448,148.6,chain1_E_chain2_F,1,0,0,3,1,3,0,0,0,0,9,15,1,0,1,1,1,1,1,0,0,pass_conserved_motif,0.67754,0,
backbone,RAPCID_backbone_rapcid_backbone_127_model_7.cif.gz,/scratch/a2149a01/RAPCID_2610_output/backbone/RAPCID_backbone_rapcid_backbone_127_model_7.cif.gz,A,B,34,27,12.222,1.989,3.024,3,7,10,18,0.3571,148.17,chain1_E_chain2_F,2,0,0,3,2,3,0,0,0,0,8,16,1,0,0,1,1,1,1,0,0,pass_no_clash;pass_conserved_motif,0.70962,0,
backbone,RAPCID_backbone_rapcid_backbone_128_model_0.cif.gz,/scratch/a2149a01/RAPCID_2610_output/backbone/RAPCID_backbone_rapcid_backbone_128_model_0.cif.gz,A,B,34,28,11.268,2.953,3.356,4,6,10,20,0.3333,155.52,chain1_E_chain2_F,1,0,0,3,1,3,0,0,0,0,11,12,2,0,1,1,1,1,1,0,0,pass_conserved_motif,0.69603,0,
backbone,RAPCID_backbone_rapcid_backbone_128_model_1.cif.gz,/scratch/a2149a01/RAPCID_2610_output/backbone/RAPCID_backbone_rapcid_backbone_128_model_1.cif.gz,A,B,34,28,4.062,3.448,3.176,4,6,7,21,0.25,135.76,chain1_E_chain2_F,2,0,0,3,2,3,0,0,0,0,10,12,1,0,1,1,1,1,1,0,0,pass_conserved_motif,0.6254,0,
backbone,RAPCID_backbone_rapcid_backbone_128_model_2.cif.gz,/scratch/a2149a01/RAPCID_2610_output/backbone/RAPCID_backbone_rapcid_backbone_128_model_2.cif.gz,A,B,34,28,9.748,2.87,3.036,3,5,12,23,0.3429,138.83,chain1_E_chain2_F,2,0,0,3,2,3,1,0,0,0,10,12,1,0,1,1,1,1,1,0,0,pass_conserved_motif,0.70132,0,
backbone,RAPCID_backbone_rapcid_backbone_128_model_3.cif.gz,/scratch/a2149a01/RAPCID_2610_output/backbone/RAPCID_backbone_rapcid_backbone_128_model_3.cif.gz,A,B,34,28,10.89,2.943,3.3,3,5,7,25,0.2188,157.97,chain1_E_chain2_F,2,0,0,3,2,3,0,0,0,0,9,12,2,0,1,1,1,1,1,0,0,pass_conserved_motif,0.68691,0,
backbone,RAPCID_backbone_rapcid_backbone_128_model_4.cif.gz,/scratch/a2149a01/RAPCID_2610_output/backbone/RAPCID_backbone_rapcid_backbone_128_model_4.cif.gz,A,B,34,28,12.269,3.406,3.41,3,5,8,9,0.4706,157.26,chain1_E_chain2_F,1,0,0,3,1,3,0,0,0,0,11,12,1,0,1,1,1,1,1,0,0,pass_conserved_motif,0.75673,0,
backbone,RAPCID_backbone_rapcid_backbone_128_model_5.cif.gz,/scratch/a2149a01/RAPCID_2610_output/backbone/RAPCID_backbone_rapcid_backbone_128_model_5.cif.gz,A,B,34,28,11.467,3.038,3.138,3,5,8,19,0.2963,142.09,chain1_E_chain2_F,2,0,0,3,2,3,0,0,0,0,8,12,1,0,1,1,1,1,1,0,0,pass_conserved_motif,0.665,0,
backbone,RAPCID_backbone_rapcid_backbone_128_model_6.cif.gz,/scratch/a2149a01/RAPCID_2610_output/backbone/RAPCID_backbone_rapcid_backbone_128_model_6.cif.gz,A,B,34,28,10.451,2.355,3.575,3,4,9,15,0.375,174.6,chain1_E_chain2_F,1,0,0,2,1,2,0,0,0,0,8,12,2,0,1,1,1,1,1,0,0,pass_conserved_motif,0.64372,0,
backbone,RAPCID_backbone_rapcid_backbone_128_model_7.cif.gz,/scratch/a2149a01/RAPCID_2610_output/backbone/RAPCID_backbone_rapcid_backbone_128_model_7.cif.gz,A,B,34,28,11.362,3.363,3.345,4,6,9,16,0.36,166.47,chain1_E_chain2_F,2,0,0,3,2,3,0,0,0,0,9,12,1,0,1,1,1,1,1,0,0,pass_conserved_motif,0.72196,0,
backbone,RAPCID_backbone_rapcid_backbone_129_model_0.cif.gz,/scratch/a2149a01/RAPCID_2610_output/backbone/RAPCID_backbone_rapcid_backbone_129_model_0.cif.gz,B,A,47,30,3.2,2.679,2.806,5,3,16,7,0.6957,123.93,chain1_F_chain2_E,1,2,1,0,2,1,0,10,0,0,11,11,0,1,1,1,1,1,1,0,0,pass_conserved_motif,0.58056,0,
backbone,RAPCID_backbone_rapcid_backbone_129_model_1.cif.gz,/scratch/a2149a01/RAPCID_2610_output/backbone/RAPCID_backbone_rapcid_backbone_129_model_1.cif.gz,B,A,47,30,3.463,2.924,2.404,8,5,17,13,0.5667,133.93,chain1_F_chain2_E,1,3,1,0,3,1,0,7,1,0,14,9,0,1,1,1,1,1,1,0,0,pass_conserved_motif,0.71572,0,
backbone,RAPCID_backbone_rapcid_backbone_129_model_2.cif.gz,/scratch/a2149a01/RAPCID_2610_output/backbone/RAPCID_backbone_rapcid_backbone_129_model_2.cif.gz,B,A,47,30,2.897,3.067,2.882,5,5,12,13,0.48,122.19,chain1_F_chain2_E,0,2,1,0,2,1,0,10,0,0,9,11,0,2,1,1,1,1,1,0,0,pass_conserved_motif,0.64502,0,
backbone,RAPCID_backbone_rapcid_backbone_129_model_3.cif.gz,/scratch/a2149a01/RAPCID_2610_output/backbone/RAPCID_backbone_rapcid_backbone_129_model_3.cif.gz,B,A,47,30,2.641,3.081,2.838,5,3,15,8,0.6522,124.38,chain1_F_chain2_E,1,2,1,0,2,1,0,11,1,0,9,9,1,1,1,1,1,1,1,1,1,,0.61112,1,486
backbone,RAPCID_backbone_rapcid_backbone_129_model_4.cif.gz,/scratch/a2149a01/RAPCID_2610_output/backbone/RAPCID_backbone_rapcid_backbone_129_model_4.cif.gz,B,A,47,30,3.278,1.642,3.36,7,3,19,6,0.76,118.72,chain1_F_chain2_E,1,2,1,0,2,1,0,8,0,0,14,9,0,1,0,1,1,1,1,0,0,pass_no_clash;pass_conserved_motif,0.54746,0,
backbone,RAPCID_backbone_rapcid_backbone_129_model_5.cif.gz,/scratch/a2149a01/RAPCID_2610_output/backbone/RAPCID_backbone_rapcid_backbone_129_model_5.cif.gz,B,A,47,30,2.95,3.22,1.974,4,6,14,13,0.5185,120.04,chain1_F_chain2_E,0,3,1,0,3,1,0,13,1,1,11,10,0,1,0,1,1,1,1,0,0,pass_no_clash;pass_conserved_motif,0.68534,0,
backbone,RAPCID_backbone_rapcid_backbone_129_model_6.cif.gz,/scratch/a2149a01/RAPCID_2610_output/backbone/RAPCID_backbone_rapcid_backbone_129_model_6.cif.gz,B,A,47,30,3.629,2.45,3.328,6,5,15,13,0.5357,113.51,chain1_F_chain2_E,0,2,1,0,2,1,0,7,1,0,9,10,1,2,1,1,1,1,1,1,1,,0.63145,1,426
backbone,RAPCID_backbone_rapcid_backbone_129_model_7.cif.gz,/scratch/a2149a01/RAPCID_2610_output/backbone/RAPCID_backbone_rapcid_backbone_129_model_7.cif.gz,B,A,47,30,3.04,2.821,3.21,7,4,21,9,0.7,121.02,chain1_F_chain2_E,1,3,1,0,3,1,0,10,0,0,15,9,0,1,1,1,1,1,1,0,0,pass_conserved_motif,0.59769,0,
backbone,RAPCID_backbone_rapcid_backbone_12_model_0.cif.gz,/scratch/a2149a01/RAPCID_2610_output/backbone/RAPCID_backbone_rapcid_backbone_12_model_0.cif.gz,B,A,35,34,8.473,3.531,2.46,4,5,9,14,0.3913,148.58,chain1_F_chain2_E,0,2,1,0,2,1,0,0,0,0,13,10,0,1,1,1,1,1,1,0,0,pass_conserved_motif,0.66749,0,
backbone,RAPCID_backbone_rapcid_backbone_12_model_1.cif.gz,/scratch/a2149a01/RAPCID_2610_output/backbone/RAPCID_backbone_rapcid_backbone_12_model_1.cif.gz,B,A,35,34,11.773,3.181,2.969,6,2,20,4,0.8333,171.99,chain1_F_chain2_E,0,3,1,0,3,1,0,0,0,0,14,9,0,1,1,1,1,1,1,0,0,pass_conserved_motif,0.59765,0,
backbone,RAPCID_backbone_rapcid_backbone_12_model_2.cif.gz,/scratch/a2149a01/RAPCID_2610_output/backbone/RAPCID_backbone_rapcid_backbone_12_model_2.cif.gz,B,A,35,34,12.533,3.215,3.137,5,2,25,5,0.8333,162.78,chain1_F_chain2_E,0,3,1,0,3,1,0,0,0,0,14,6,1,1,1,1,1,1,1,1,1,,0.62835,1,441
backbone,RAPCID_backbone_rapcid_backbone_12_model_3.cif.gz,/scratch/a2149a01/RAPCID_2610_output/backbone/RAPCID_backbone_rapcid_backbone_12_model_3.cif.gz,B,A,35,34,7.121,2.539,2.666,5,4,17,15,0.5312,155.41,chain1_F_chain2_E,0,3,1,0,3,1,0,0,0,0,14,11,0,1,1,1,1,1,1,0,0,pass_conserved_motif,0.74982,0,
backbone,RAPCID_backbone_rapcid_backbone_12_model_4.cif.gz,/scratch/a2149a01/RAPCID_2610_output/backbone/RAPCID_backbone_rapcid_backbone_12_model_4.cif.gz,B,A,35,34,3.45,3.261,2.351,6,7,20,16,0.5556,133.87,chain1_F_chain2_E,0,3,1,0,3,1,0,4,0,0,14,12,0,1,1,1,1,1,1,0,0,pass_conserved_motif,0.68829,0,
backbone,RAPCID_backbone_rapcid_backbone_12_model_5.cif.gz,/scratch/a2149a01/RAPCID_2610_output/backbone/RAPCID_backbone_rapcid_backbone_12_model_5.cif.gz,B,A,35,34,7.032,3.268,3.236,5,3,15,8,0.6522,160.48,chain1_F_chain2_E,0,3,1,0,3,1,0,0,0,0,14,11,0,1,1,1,1,1,1,0,0,pass_conserved_motif,0.70849,0,
backbone,RAPCID_backbone_rapcid_backbone_12_model_6.cif.gz,/scratch/a2149a01/RAPCID_2610_output/backbone/RAPCID_backbone_rapcid_backbone_12_model_6.cif.gz,B,A,35,34,2.62,3.096,2.646,6,8,16,22,0.4211,140.89,chain1_F_chain2_E,0,3,1,0,3,1,0,5,0,1,13,10,1,1,1,1,1,1,1,1,1,,0.72402,1,128
backbone,RAPCID_backbone_rapcid_backbone_12_model_7.cif.gz,/scratch/a2149a01/RAPCID_2610_output/backbone/RAPCID_backbone_rapcid_backbone_12_model_7.cif.gz,B,A,35,34,3.553,3.541,2.968,5,5,14,14,0.5,128.14,chain1_F_chain2_E,0,3,1,0,3,1,0,2,0,0,13,10,0,1,1,1,1,1,1,0,0,pass_conserved_motif,0.68143,0,
backbone,RAPCID_backbone_rapcid_backbone_130_model_0.cif.gz,/scratch/a2149a01/RAPCID_2610_output/backbone/RAPCID_backbone_rapcid_backbone_130_model_0.cif.gz,B,A,37,32,2.988,3.363,2.626,5,7,17,14,0.5484,121.52,chain1_F_chain2_E,0,3,1,0,3,1,0,4,0,1,14,10,1,1,1,1,1,1,1,1,1,,0.66667,1,322
backbone,RAPCID_backbone_rapcid_backbone_130_model_1.cif.gz,/scratch/a2149a01/RAPCID_2610_output/backbone/RAPCID_backbone_rapcid_backbone_130_model_1.cif.gz,B,A,37,32,2.914,2.878,2.815,6,7,18,23,0.439,114.6,chain1_F_chain2_E,1,3,2,0,3,2,1,15,0,1,13,16,0,1,1,1,1,1,1,0,0,pass_conserved_motif,0.6807,0,
backbone,RAPCID_backbone_rapcid_backbone_130_model_2.cif.gz,/scratch/a2149a01/RAPCID_2610_output/backbone/RAPCID_backbone_rapcid_backbone_130_model_2.cif.gz,B,A,37,32,2.33,3.038,2.815,4,5,13,12,0.52,124.86,chain1_F_chain2_E,1,2,1,0,2,1,0,7,0,0,11,12,0,1,1,1,1,1,1,0,0,pass_conserved_motif,0.6589,0,
backbone,RAPCID_backbone_rapcid_backbone_130_model_3.cif.gz,/scratch/a2149a01/RAPCID_2610_output/backbone/RAPCID_backbone_rapcid_backbone_130_model_3.cif.gz,B,A,37,32,2.801,2.926,2.802,4,6,18,13,0.5806,121.04,chain1_F_chain2_E,1,2,1,0,2,1,0,13,0,1,11,12,0,1,1,1,1,1,1,0,0,pass_conserved_motif,0.61859,0,
backbone,RAPCID_backbone_rapcid_backbone_130_model_4.cif.gz,/scratch/a2149a01/RAPCID_2610_output/backbone/RAPCID_backbone_rapcid_backbone_130_model_4.cif.gz,B,A,37,32,3.285,2.992,3.395,7,3,18,7,0.72,122.16,chain1_F_chain2_E,1,3,1,0,3,1,0,3,1,1,18,8,0,2,1,1,1,1,1,0,0,pass_conserved_motif,0.61181,0,
backbone,RAPCID_backbone_rapcid_backbone_130_model_5.cif.gz,/scratch/a2149a01/RAPCID_2610_output/backbone/RAPCID_backbone_rapcid_backbone_130_model_5.cif.gz,B,A,37,32,4.265,3.703,2.051,5,6,9,16,0.36,160.9,chain1_F_chain2_E,0,3,1,0,3,1,0,0,0,0,15,12,0,1,1,1,1,1,1,0,0,pass_conserved_motif,0.71195,0,
backbone,RAPCID_backbone_rapcid_backbone_130_model_6.cif.gz,/scratch/a2149a01/RAPCID_2610_output/backbone/RAPCID_backbone_rapcid_backbone_130_model_6.cif.gz,B,A,37,32,3.816,3.157,2.485,5,5,10,17,0.3704,128.29,chain1_F_chain2_E,0,3,1,0,3,1,0,1,0,0,10,16,0,2,1,1,1,1,1,0,0,pass_conserved_motif,0.62506,0,
backbone,RAPCID_backbone_rapcid_backbone_130_model_7.cif.gz,/scratch/a2149a01/RAPCID_2610_output/backbone/RAPCID_backbone_rapcid_backbone_130_model_7.cif.gz,B,A,37,32,2.42,3.271,2.709,4,6,14,14,0.5,105.3,chain1_F_chain2_E,0,2,1,0,2,1,0,3,1,1,11,11,2,1,1,1,1,1,1,1,1,,0.61503,1,478
backbone,RAPCID_backbone_rapcid_backbone_131_model_0.cif.gz,/scratch/a2149a01/RAPCID_2610_output/backbone/RAPCID_backbone_rapcid_backbone_131_model_0.cif.gz,A,B,30,23,6.175,2.559,3.587,5,6,14,19,0.4242,149.06,chain1_E_chain2_F,1,0,0,3,1,3,0,0,0,0,12,14,1,0,1,1,1,1,1,0,0,pass_conserved_motif,0.71085,0,
backbone,RAPCID_backbone_rapcid_backbone_131_model_1.cif.gz,/scratch/a2149a01/RAPCID_2610_output/backbone/RAPCID_backbone_rapcid_backbone_131_model_1.cif.gz,A,B,30,23,13.416,2.863,3.08,3,5,8,18,0.3077,167.74,chain1_E_chain2_F,1,0,0,3,1,3,0,0,0,0,7,14,2,0,1,1,1,1,1,0,0,pass_conserved_motif,0.66823,0,
backbone,RAPCID_backbone_rapcid_backbone_131_model_2.cif.gz,/scratch/a2149a01/RAPCID_2610_output/backbone/RAPCID_backbone_rapcid_backbone_131_model_2.cif.gz,A,B,30,23,3.431,2.917,3.484,8,5,16,13,0.5517,132.2,chain1_E_chain2_F,1,0,0,3,1,3,0,1,1,0,11,13,1,0,1,1,1,1,1,0,0,pass_conserved_motif,0.68594,0,
backbone,RAPCID_backbone_rapcid_backbone_131_model_3.cif.gz,/scratch/a2149a01/RAPCID_2610_output/backbone/RAPCID_backbone_rapcid_backbone_131_model_3.cif.gz,A,B,30,23,7.2,2.609,3.185,4,6,14,31,0.3111,146.74,chain1_E_chain2_F,1,0,0,3,1,3,0,0,0,0,10,14,1,0,1,1,1,1,1,0,0,pass_conserved_motif,0.65785,0,
backbone,RAPCID_backbone_rapcid_backbone_131_model_4.cif.gz,/scratch/a2149a01/RAPCID_2610_output/backbone/RAPCID_backbone_rapcid_backbone_131_model_4.cif.gz,A,B,30,23,12.117,2.774,3.415,3,6,9,18,0.3333,144.87,chain1_E_chain2_F,2,0,0,3,2,3,0,0,0,0,8,13,1,1,1,1,1,1,1,1,1,,0.68908,1,244
backbone,RAPCID_backbone_rapcid_backbone_131_model_5.cif.gz,/scratch/a2149a01/RAPCID_2610_output/backbone/RAPCID_backbone_rapcid_backbone_131_model_5.cif.gz,A,B,30,23,3.62,2.049,3.321,8,5,23,18,0.561,141.58,chain1_E_chain2_F,1,0,0,3,1,3,0,1,1,0,13,14,1,0,1,1,1,1,1,0,0,pass_conserved_motif,0.71349,0,
backbone,RAPCID_backbone_rapcid_backbone_131_model_6.cif.gz,/scratch/a2149a01/RAPCID_2610_output/backbone/RAPCID_backbone_rapcid_backbone_131_model_6.cif.gz,A,B,30,23,13.011,3.527,2.967,3,6,6,15,0.2857,162.63,chain1_E_chain2_F,1,0,0,3,1,3,0,0,0,0,9,14,1,0,1,1,1,1,1,0,0,pass_conserved_motif,0.67648,0,
backbone,RAPCID_backbone_rapcid_backbone_131_model_7.cif.gz,/scratch/a2149a01/RAPCID_2610_output/backbone/RAPCID_backbone_rapcid_backbone_131_model_7.cif.gz,A,B,30,23,4.127,3.332,3.356,5,5,9,19,0.3214,151.58,chain1_E_chain2_F,1,0,0,3,1,3,0,0,0,0,8,14,1,0,1,1,1,1,1,0,0,pass_conserved_motif,0.67813,0,
backbone,RAPCID_backbone_rapcid_backbone_132_model_0.cif.gz,/scratch/a2149a01/RAPCID_2610_output/backbone/RAPCID_backbone_rapcid_backbone_132_model_0.cif.gz,B,A,26,22,4.436,2.823,3.258,4,5,15,13,0.5357,131.98,chain1_F_chain2_E,0,2,2,0,2,2,0,0,0,0,9,9,0,1,1,1,1,1,1,0,0,pass_conserved_motif,0.66994,0,
backbone,RAPCID_backbone_rapcid_backbone_132_model_1.cif.gz,/scratch/a2149a01/RAPCID_2610_output/backbone/RAPCID_backbone_rapcid_backbone_132_model_1.cif.gz,B,A,26,22,3.323,2.329,3.086,4,5,14,14,0.5,103.89,chain1_F_chain2_E,1,2,1,0,2,1,0,1,1,1,8,9,0,1,1,1,1,1,1,0,0,pass_conserved_motif,0.60034,0,
backbone,RAPCID_backbone_rapcid_backbone_132_model_2.cif.gz,/scratch/a2149a01/RAPCID_2610_output/backbone/RAPCID_backbone_rapcid_backbone_132_model_2.cif.gz,B,A,26,22,4.226,3.068,2.992,9,4,29,17,0.6304,145.74,chain1_F_chain2_E,1,3,1,0,3,1,0,0,0,0,22,9,1,1,1,1,1,1,1,1,1,,0.6779,1,276
backbone,RAPCID_backbone_rapcid_backbone_132_model_3.cif.gz,/scratch/a2149a01/RAPCID_2610_output/backbone/RAPCID_backbone_rapcid_backbone_132_model_3.cif.gz,B,A,26,22,4.136,3.025,1.671,10,5,33,17,0.66,143.03,chain1_F_chain2_E,1,3,2,0,3,2,1,0,0,0,18,9,0,2,0,1,1,1,1,0,0,pass_no_clash;pass_conserved_motif,0.7142,0,
backbone,RAPCID_backbone_rapcid_backbone_132_model_4.cif.gz,/scratch/a2149a01/RAPCID_2610_output/backbone/RAPCID_backbone_rapcid_backbone_132_model_4.cif.gz,B,A,26,22,4.804,3.134,2.829,5,4,18,14,0.5625,120.99,chain1_F_chain2_E,0,3,1,0,3,1,0,0,0,0,12,11,0,2,1,1,1,1,1,0,0,pass_conserved_motif,0.62257,0,
backbone,RAPCID_backbone_rapcid_backbone_132_model_5.cif.gz,/scratch/a2149a01/RAPCID_2610_output/backbone/RAPCID_backbone_rapcid_backbone_132_model_5.cif.gz,B,A,26,22,12.266,2.514,2.543,5,2,7,6,0.5385,136.84,chain1_F_chain2_E,0,2,1,0,2,1,0,0,0,0,8,9,0,1,1,1,1,1,1,0,0,pass_conserved_motif,0.65647,0,
backbone,RAPCID_backbone_rapcid_backbone_132_model_6.cif.gz,/scratch/a2149a01/RAPCID_2610_output/backbone/RAPCID_backbone_rapcid_backbone_132_model_6.cif.gz,B,A,26,22,9.771,1.893,2.968,4,3,11,9,0.55,127.41,chain1_F_chain2_E,0,2,1,0,2,1,0,0,0,0,10,7,0,1,0,1,1,1,1,0,0,pass_no_clash;pass_conserved_motif,0.62043,0,
backbone,RAPCID_backbone_rapcid_backbone_132_model_7.cif.gz,/scratch/a2149a01/RAPCID_2610_output/backbone/RAPCID_backbone_rapcid_backbone_132_model_7.cif.gz,B,A,26,22,2.701,2.987,2.521,4,4,16,13,0.5517,121.95,chain1_F_chain2_E,0,2,1,0,2,1,0,8,0,0,9,10,0,1,1,1,1,1,1,0,0,pass_conserved_motif,0.64154,0,
backbone,RAPCID_backbone_rapcid_backbone_133_model_0.cif.gz,/scratch/a2149a01/RAPCID_2610_output/backbone/RAPCID_backbone_rapcid_backbone_133_model_0.cif.gz,A,B,46,27,2.874,2.682,3.369,5,5,12,16,0.4286,138.81,chain1_E_chain2_F,1,0,0,3,1,3,0,7,0,0,13,12,1,0,1,1,1,1,1,0,0,pass_conserved_motif,0.71341,0,
backbone,RAPCID_backbone_rapcid_backbone_133_model_1.cif.gz,/scratch/a2149a01/RAPCID_2610_output/backbone/RAPCID_backbone_rapcid_backbone_133_model_1.cif.gz,A,B,46,27,2.997,3.433,3.012,3,6,6,11,0.3529,117.58,chain1_E_chain2_F,1,0,0,2,1,2,0,6,0,0,9,10,1,0,1,1,1,1,1,0,0,pass_conserved_motif,0.57882,0,
backbone,RAPCID_backbone_rapcid_backbone_133_model_2.cif.gz,/scratch/a2149a01/RAPCID_2610_output/backbone/RAPCID_backbone_rapcid_backbone_133_model_2.cif.gz,A,B,46,27,3.011,2.977,3.19,3,5,10,10,0.5,129.33,chain1_E_chain2_F,1,0,0,3,1,3,0,5,0,0,10,12,1,0,1,1,1,1,1,0,0,pass_conserved_motif,0.70037,0,
backbone,RAPCID_backbone_rapcid_backbone_133_model_3.cif.gz,/scratch/a2149a01/RAPCID_2610_output/backbone/RAPCID_backbone_rapcid_backbone_133_model_3.cif.gz,A,B,46,27,3.351,2.7,2.872,5,4,13,9,0.5909,128.4,chain1_E_chain2_F,1,0,1,2,1,2,0,3,0,0,10,11,1,0,1,1,1,1,1,0,0,pass_conserved_motif,0.62236,0,
backbone,RAPCID_backbone_rapcid_backbone_133_model_4.cif.gz,/scratch/a2149a01/RAPCID_2610_output/backbone/RAPCID_backbone_rapcid_backbone_133_model_4.cif.gz,A,B,46,27,2.69,2.495,3.129,4,4,9,10,0.4737,121.28,chain1_E_chain2_F,1,0,0,2,1,2,0,17,1,0,10,9,1,0,1,1,1,1,1,0,0,pass_conserved_motif,0.62111,0,
backbone,RAPCID_backbone_rapcid_backbone_133_model_5.cif.gz,/scratch/a2149a01/RAPCID_2610_output/backbone/RAPCID_backbone_rapcid_backbone_133_model_5.cif.gz,A,B,46,27,3.274,3.142,2.683,6,4,15,13,0.5357,107.58,chain1_E_chain2_F,1,0,1,2,1,2,0,11,0,0,15,10,1,0,1,1,1,1,1,0,0,pass_conserved_motif,0.58503,0,
backbone,RAPCID_backbone_rapcid_backbone_133_model_6.cif.gz,/scratch/a2149a01/RAPCID_2610_output/backbone/RAPCID_backbone_rapcid_backbone_133_model_6.cif.gz,A,B,46,27,3.495,3.027,2.411,3,5,11,18,0.3793,125.26,chain1_E_chain2_F,1,0,0,2,1,2,0,12,0,1,11,10,2,0,1,1,1,1,1,0,0,pass_conserved_motif,0.62163,0,
backbone,RAPCID_backbone_rapcid_backbone_133_model_7.cif.gz,/scratch/a2149a01/RAPCID_2610_output/backbone/RAPCID_backbone_rapcid_backbone_133_model_7.cif.gz,A,B,46,27,2.918,2.939,3.289,5,6,12,14,0.4615,125.15,chain1_E_chain2_F,1,0,1,3,1,3,0,3,0,0,10,10,1,1,1,1,1,1,1,1,1,,0.66106,1,345
backbone,RAPCID_backbone_rapcid_backbone_134_model_0.cif.gz,/scratch/a2149a01/RAPCID_2610_output/backbone/RAPCID_backbone_rapcid_backbone_134_model_0.cif.gz,A,B,33,18,11.02,3.0,3.004,2,7,5,25,0.1667,155.62,chain1_E_chain2_F,1,0,0,3,1,3,0,0,0,0,9,14,1,0,1,1,1,1,1,0,0,pass_conserved_motif,0.62968,0,
backbone,RAPCID_backbone_rapcid_backbone_134_model_1.cif.gz,/scratch/a2149a01/RAPCID_2610_output/backbone/RAPCID_backbone_rapcid_backbone_134_model_1.cif.gz,A,B,33,18,9.63,3.225,3.566,4,5,12,13,0.48,153.95,chain1_E_chain2_F,1,0,0,3,1,3,0,0,0,0,11,14,1,0,1,1,1,1,1,0,0,pass_conserved_motif,0.74945,0,
backbone,RAPCID_backbone_rapcid_backbone_134_model_2.cif.gz,/scratch/a2149a01/RAPCID_2610_output/backbone/RAPCID_backbone_rapcid_backbone_134_model_2.cif.gz,A,B,33,18,9.615,2.598,3.217,5,5,14,15,0.4828,156.07,chain1_E_chain2_F,1,0,0,3,1,3,0,0,0,0,11,15,1,0,1,1,1,1,1,0,0,pass_conserved_motif,0.75761,0,
backbone,RAPCID_backbone_rapcid_backbone_134_model_3.cif.gz,/scratch/a2149a01/RAPCID_2610_output/backbone/RAPCID_backbone_rapcid_backbone_134_model_3.cif.gz,A,B,33,18,13.75,3.179,2.996,1,5,3,22,0.12,154.98,chain1_E_chain2_F,0,0,0,3,0,3,0,0,0,0,9,15,1,0,1,0,1,1,1,0,0,pass_dual_rap_contact;pass_conserved_motif,0.58032,0,
backbone,RAPCID_backbone_rapcid_backbone_134_model_4.cif.gz,/scratch/a2149a01/RAPCID_2610_output/backbone/RAPCID_backbone_rapcid_backbone_134_model_4.cif.gz,A,B,33,18,6.791,2.713,3.295,5,5,14,19,0.4242,150.39,chain1_E_chain2_F,1,0,0,3,1,3,0,0,0,0,9,15,1,0,1,1,1,1,1,0,0,pass_conserved_motif,0.71528,0,
backbone,RAPCID_backbone_rapcid_backbone_134_model_5.cif.gz,/scratch/a2149a01/RAPCID_2610_output/backbone/RAPCID_backbone_rapcid_backbone_134_model_5.cif.gz,A,B,33,18,13.477,3.942,3.024,2,5,2,19,0.0952,164.31,chain1_E_chain2_F,0,0,0,3,0,3,0,0,0,0,8,15,1,0,1,0,0,1,1,0,0,pass_dual_rap_contact;pass_contact_balance;pass_conserved_motif,0.56612,0,
backbone,RAPCID_backbone_rapcid_backbone_134_model_6.cif.gz,/scratch/a2149a01/RAPCID_2610_output/backbone/RAPCID_backbone_rapcid_backbone_134_model_6.cif.gz,A,B,33,18,13.504,2.841,3.181,3,6,5,15,0.25,171.55,chain1_E_chain2_F,1,0,0,3,1,3,0,0,0,0,8,14,1,0,1,1,1,1,1,0,0,pass_conserved_motif,0.63245,0,
backbone,RAPCID_backbone_rapcid_backbone_134_model_7.cif.gz,/scratch/a2149a01/RAPCID_2610_output/backbone/RAPCID_backbone_rapcid_backbone_134_model_7.cif.gz,A,B,33,18,9.211,2.85,3.541,4,5,9,17,0.3462,147.38,chain1_E_chain2_F,1,0,0,3,1,3,0,0,0,0,11,14,1,0,1,1,1,1,1,0,0,pass_conserved_motif,0.67402,0,
backbone,RAPCID_backbone_rapcid_backbone_135_model_0.cif.gz,/scratch/a2149a01/RAPCID_2610_output/backbone/RAPCID_backbone_rapcid_backbone_135_model_0.cif.gz,B,A,37,27,9.301,3.523,2.213,5,3,13,13,0.5,162.71,chain1_F_chain2_E,0,2,2,0,2,2,1,0,0,0,14,6,0,1,1,1,1,1,1,0,0,pass_conserved_motif,0.79048,0,
backbone,RAPCID_backbone_rapcid_backbone_135_model_1.cif.gz,/scratch/a2149a01/RAPCID_2610_output/backbone/RAPCID_backbone_rapcid_backbone_135_model_1.cif.gz,B,A,37,27,9.658,3.675,2.46,5,3,13,12,0.52,147.63,chain1_F_chain2_E,0,3,2,0,3,2,1,0,0,0,16,6,0,1,1,1,1,1,1,0,0,pass_conserved_motif,0.78552,0,
backbone,RAPCID_backbone_rapcid_backbone_135_model_2.cif.gz,/scratch/a2149a01/RAPCID_2610_output/backbone/RAPCID_backbone_rapcid_backbone_135_model_2.cif.gz,B,A,37,27,10.72,3.372,1.867,5,3,18,11,0.6207,169.8,chain1_F_chain2_E,0,3,2,0,3,2,1,0,0,0,16,6,0,1,0,1,1,1,1,0,0,pass_no_clash;pass_conserved_motif,0.74715,0,
backbone,RAPCID_backbone_rapcid_backbone_135_model_3.cif.gz,/scratch/a2149a01/RAPCID_2610_output/backbone/RAPCID_backbone_rapcid_backbone_135_model_3.cif.gz,B,A,37,27,9.064,3.679,1.887,5,3,9,13,0.4091,159.72,chain1_F_chain2_E,0,3,2,0,3,2,1,0,0,0,15,6,1,1,0,1,1,1,1,1,0,pass_no_clash,0.79265,0,
backbone,RAPCID_backbone_rapcid_backbone_135_model_4.cif.gz,/scratch/a2149a01/RAPCID_2610_output/backbone/RAPCID_backbone_rapcid_backbone_135_model_4.cif.gz,B,A,37,27,9.338,3.626,1.976,6,3,19,11,0.6333,174.82,chain1_F_chain2_E,0,3,1,0,3,1,1,0,0,0,16,6,1,1,0,1,1,1,1,1,0,pass_no_clash,0.69678,0,
backbone,RAPCID_backbone_rapcid_backbone_135_model_5.cif.gz,/scratch/a2149a01/RAPCID_2610_output/backbone/RAPCID_backbone_rapcid_backbone_135_model_5.cif.gz,B,A,37,27,9.042,3.271,1.98,6,3,25,11,0.6944,165.62,chain1_F_chain2_E,0,3,2,0,3,2,1,0,0,0,16,6,0,1,0,1,1,1,1,0,0,pass_no_clash;pass_conserved_motif,0.73158,0,
backbone,RAPCID_backbone_rapcid_backbone_135_model_6.cif.gz,/scratch/a2149a01/RAPCID_2610_output/backbone/RAPCID_backbone_rapcid_backbone_135_model_6.cif.gz,B,A,37,27,7.216,3.142,2.035,6,5,21,17,0.5526,166.46,chain1_F_chain2_E,0,3,2,0,3,2,1,0,0,0,16,8,1,1,1,1,1,1,1,1,1,,0.78552,1,16
backbone,RAPCID_backbone_rapcid_backbone_135_model_7.cif.gz,/scratch/a2149a01/RAPCID_2610_output/backbone/RAPCID_backbone_rapcid_backbone_135_model_7.cif.gz,B,A,37,27,9.554,3.652,1.771,5,4,16,11,0.5926,174.12,chain1_F_chain2_E,0,3,2,0,3,2,1,0,0,0,14,6,0,1,0,1,1,1,1,0,0,pass_no_clash;pass_conserved_motif,0.74399,0,
backbone,RAPCID_backbone_rapcid_backbone_136_model_0.cif.gz,/scratch/a2149a01/RAPCID_2610_output/backbone/RAPCID_backbone_rapcid_backbone_136_model_0.cif.gz,B,A,30,18,2.839,2.337,2.409,4,3,18,9,0.6667,114.15,chain1_F_chain2_E,0,2,1,0,2,1,0,1,1,0,9,9,0,1,1,1,1,1,1,0,0,pass_conserved_motif,0.55121,0,
backbone,RAPCID_backbone_rapcid_backbone_136_model_1.cif.gz,/scratch/a2149a01/RAPCID_2610_output/backbone/RAPCID_backbone_rapcid_backbone_136_model_1.cif.gz,B,A,30,18,3.966,3.196,2.127,4,5,14,16,0.4667,123.82,chain1_F_chain2_E,0,3,1,0,3,1,0,1,1,1,10,8,0,1,1,1,1,1,1,0,0,pass_conserved_motif,0.68201,0,
backbone,RAPCID_backbone_rapcid_backbone_136_model_2.cif.gz,/scratch/a2149a01/RAPCID_2610_output/backbone/RAPCID_backbone_rapcid_backbone_136_model_2.cif.gz,B,A,30,18,3.154,2.973,2.602,5,5,17,14,0.5484,110.37,chain1_F_chain2_E,1,2,1,0,2,1,0,2,0,0,10,9,0,1,1,1,1,1,1,0,0,pass_conserved_motif,0.57427,0,
backbone,RAPCID_backbone_rapcid_backbone_136_model_3.cif.gz,/scratch/a2149a01/RAPCID_2610_output/backbone/RAPCID_backbone_rapcid_backbone_136_model_3.cif.gz,B,A,30,18,4.07,3.438,2.173,4,5,13,15,0.4643,128.73,chain1_F_chain2_E,0,2,1,0,2,1,0,0,0,0,10,9,1,2,1,1,1,1,1,1,1,,0.63053,1,430
backbone,RAPCID_backbone_rapcid_backbone_136_model_4.cif.gz,/scratch/a2149a01/RAPCID_2610_output/backbone/RAPCID_backbone_rapcid_backbone_136_model_4.cif.gz,B,A,30,18,11.74,3.689,3.442,5,4,8,11,0.4211,147.43,chain1_F_chain2_E,0,3,2,0,3,2,0,0,0,0,12,9,0,1,1,1,1,1,1,0,0,pass_conserved_motif,0.7327,0,
backbone,RAPCID_backbone_rapcid_backbone_136_model_5.cif.gz,/scratch/a2149a01/RAPCID_2610_output/backbone/RAPCID_backbone_rapcid_backbone_136_model_5.cif.gz,B,A,30,18,2.953,2.179,2.587,3,4,10,11,0.4762,119.23,chain1_F_chain2_E,1,2,1,0,2,1,0,1,0,1,8,9,0,1,1,1,1,1,1,0,0,pass_conserved_motif,0.62531,0,
backbone,RAPCID_backbone_rapcid_backbone_136_model_6.cif.gz,/scratch/a2149a01/RAPCID_2610_output/backbone/RAPCID_backbone_rapcid_backbone_136_model_6.cif.gz,B,A,30,18,11.998,2.721,3.811,4,4,10,10,0.5,143.26,chain1_F_chain2_E,0,2,2,0,2,2,0,0,0,0,10,9,0,1,1,1,1,1,1,0,0,pass_conserved_motif,0.72182,0,
backbone,RAPCID_backbone_rapcid_backbone_136_model_7.cif.gz,/scratch/a2149a01/RAPCID_2610_output/backbone/RAPCID_backbone_rapcid_backbone_136_model_7.cif.gz,B,A,30,18,9.875,3.439,2.915,3,3,12,7,0.6316,145.59,chain1_F_chain2_E,0,3,1,0,3,1,0,0,0,0,11,9,0,1,1,1,1,1,1,0,0,pass_conserved_motif,0.67695,0,
backbone,RAPCID_backbone_rapcid_backbone_137_model_0.cif.gz,/scratch/a2149a01/RAPCID_2610_output/backbone/RAPCID_backbone_rapcid_backbone_137_model_0.cif.gz,A,B,32,23,13.286,3.328,3.089,2,5,5,17,0.2273,170.33,chain1_E_chain2_F,1,0,0,3,1,3,0,0,0,0,7,16,1,0,1,1,1,1,1,0,0,pass_conserved_motif,0.62743,0,
backbone,RAPCID_backbone_rapcid_backbone_137_model_1.cif.gz,/scratch/a2149a01/RAPCID_2610_output/backbone/RAPCID_backbone_rapcid_backbone_137_model_1.cif.gz,A,B,32,23,6.927,3.197,2.944,2,12,7,28,0.2,135.09,chain1_E_chain2_F,1,0,1,3,1,3,0,0,0,0,8,20,1,0,1,1,1,1,1,0,0,pass_conserved_motif,0.57458,0,
backbone,RAPCID_backbone_rapcid_backbone_137_model_2.cif.gz,/scratch/a2149a01/RAPCID_2610_output/backbone/RAPCID_backbone_rapcid_backbone_137_model_2.cif.gz,A,B,32,23,11.874,2.856,3.444,3,5,8,19,0.2963,159.99,chain1_E_chain2_F,1,0,0,3,1,3,0,0,0,0,8,17,1,0,1,1,1,1,1,0,0,pass_conserved_motif,0.68951,0,
backbone,RAPCID_backbone_rapcid_backbone_137_model_3.cif.gz,/scratch/a2149a01/RAPCID_2610_output/backbone/RAPCID_backbone_rapcid_backbone_137_model_3.cif.gz,A,B,32,23,13.175,3.477,3.48,3,5,6,16,0.2727,166.33,chain1_E_chain2_F,1,0,0,3,1,3,0,0,0,0,7,15,1,0,1,1,1,1,1,0,0,pass_conserved_motif,0.65894,0,
backbone,RAPCID_backbone_rapcid_backbone_137_model_4.cif.gz,/scratch/a2149a01/RAPCID_2610_output/backbone/RAPCID_backbone_rapcid_backbone_137_model_4.cif.gz,A,B,32,23,9.465,2.94,3.196,3,5,14,18,0.4375,146.17,chain1_E_chain2_F,1,0,0,3,1,3,0,0,0,0,8,15,1,0,1,1,1,1,1,0,0,pass_conserved_motif,0.70652,0,
backbone,RAPCID_backbone_rapcid_backbone_137_model_5.cif.gz,/scratch/a2149a01/RAPCID_2610_output/backbone/RAPCID_backbone_rapcid_backbone_137_model_5.cif.gz,A,B,32,23,13.471,3.252,3.622,1,5,3,17,0.15,159.21,chain1_E_chain2_F,1,0,0,3,1,3,0,0,0,0,6,15,1,0,1,0,1,1,1,0,0,pass_dual_rap_contact;pass_conserved_motif,0.6336,0,
backbone,RAPCID_backbone_rapcid_backbone_137_model_6.cif.gz,/scratch/a2149a01/RAPCID_2610_output/backbone/RAPCID_backbone_rapcid_backbone_137_model_6.cif.gz,A,B,32,23,9.817,3.172,3.425,3,6,11,22,0.3333,150.35,chain1_E_chain2_F,2,0,0,3,2,3,0,0,0,0,8,16,1,0,1,1,1,1,1,0,0,pass_conserved_motif,0.70735,0,
backbone,RAPCID_backbone_rapcid_backbone_137_model_7.cif.gz,/scratch/a2149a01/RAPCID_2610_output/backbone/RAPCID_backbone_rapcid_backbone_137_model_7.cif.gz,A,B,32,23,9.227,3.186,3.565,4,7,8,15,0.3478,171.8,chain1_E_chain2_F,1,0,0,3,1,3,0,0,0,0,8,18,1,0,1,1,1,1,1,0,0,pass_conserved_motif,0.67074,0,
backbone,RAPCID_backbone_rapcid_backbone_138_model_0.cif.gz,/scratch/a2149a01/RAPCID_2610_output/backbone/RAPCID_backbone_rapcid_backbone_138_model_0.cif.gz,A,B,29,23,3.276,2.644,2.806,6,7,12,20,0.375,112.56,chain1_E_chain2_F,1,0,1,3,1,3,0,5,0,1,10,11,1,1,1,1,1,1,1,1,1,,0.61116,1,485
backbone,RAPCID_backbone_rapcid_backbone_138_model_1.cif.gz,/scratch/a2149a01/RAPCID_2610_output/backbone/RAPCID_backbone_rapcid_backbone_138_model_1.cif.gz,A,B,29,23,4.109,2.387,3.149,7,5,15,18,0.4545,158.83,chain1_E_chain2_F,1,0,0,3,1,3,0,0,0,0,13,16,1,1,1,1,1,1,1,1,1,,0.75553,1,53
backbone,RAPCID_backbone_rapcid_backbone_138_model_2.cif.gz,/scratch/a2149a01/RAPCID_2610_output/backbone/RAPCID_backbone_rapcid_backbone_138_model_2.cif.gz,A,B,29,23,3.18,2.919,3.415,6,5,16,15,0.5161,155.78,chain1_E_chain2_F,1,0,0,3,1,3,0,2,0,0,13,15,1,0,1,1,1,1,1,0,0,pass_conserved_motif,0.7671,0,
backbone,RAPCID_backbone_rapcid_backbone_138_model_3.cif.gz,/scratch/a2149a01/RAPCID_2610_output/backbone/RAPCID_backbone_rapcid_backbone_138_model_3.cif.gz,A,B,29,23,2.997,2.569,3.209,6,6,18,14,0.5625,140.21,chain1_E_chain2_F,1,0,0,3,1,3,0,1,0,0,14,16,1,0,1,1,1,1,1,0,0,pass_conserved_motif,0.69166,0,
backbone,RAPCID_backbone_rapcid_backbone_138_model_4.cif.gz,/scratch/a2149a01/RAPCID_2610_output/backbone/RAPCID_backbone_rapcid_backbone_138_model_4.cif.gz,A,B,29,23,6.517,2.338,3.162,6,5,12,17,0.4138,151.12,chain1_E_chain2_F,1,0,0,3,1,3,0,0,0,0,10,16,1,0,1,1,1,1,1,0,0,pass_conserved_motif,0.71353,0,
backbone,RAPCID_backbone_rapcid_backbone_138_model_5.cif.gz,/scratch/a2149a01/RAPCID_2610_output/backbone/RAPCID_backbone_rapcid_backbone_138_model_5.cif.gz,A,B,29,23,4.649,2.717,3.216,6,6,16,21,0.4324,148.51,chain1_E_chain2_F,1,0,0,3,1,3,0,0,0,0,12,16,1,0,1,1,1,1,1,0,0,pass_conserved_motif,0.71228,0,
backbone,RAPCID_backbone_rapcid_backbone_138_model_6.cif.gz,/scratch/a2149a01/RAPCID_2610_output/backbone/RAPCID_backbone_rapcid_backbone_138_model_6.cif.gz,A,B,29,23,2.622,2.574,3.15,6,7,18,23,0.439,166.22,chain1_E_chain2_F,1,0,0,3,1,3,0,4,0,1,13,18,1,0,1,1,1,1,1,0,0,pass_conserved_motif,0.76249,0,
backbone,RAPCID_backbone_rapcid_backbone_138_model_7.cif.gz,/scratch/a2149a01/RAPCID_2610_output/backbone/RAPCID_backbone_rapcid_backbone_138_model_7.cif.gz,A,B,29,23,3.273,2.205,3.243,7,6,22,23,0.4889,138.15,chain1_E_chain2_F,2,0,0,3,2,3,0,5,1,0,10,15,1,1,1,1,1,1,1,1,1,,0.77058,1,31
backbone,RAPCID_backbone_rapcid_backbone_139_model_0.cif.gz,/scratch/a2149a01/RAPCID_2610_output/backbone/RAPCID_backbone_rapcid_backbone_139_model_0.cif.gz,B,A,26,25,13.256,3.682,3.315,5,2,14,5,0.7368,170.78,chain1_F_chain2_E,0,3,1,0,3,1,0,0,0,0,10,7,0,1,1,1,1,1,1,0,0,pass_conserved_motif,0.6403,0,
backbone,RAPCID_backbone_rapcid_backbone_139_model_1.cif.gz,/scratch/a2149a01/RAPCID_2610_output/backbone/RAPCID_backbone_rapcid_backbone_139_model_1.cif.gz,B,A,26,25,3.864,3.72,3.124,4,5,9,13,0.4091,114.88,chain1_F_chain2_E,0,3,1,0,3,1,1,1,1,1,10,10,0,1,1,1,1,1,1,0,0,pass_conserved_motif,0.65777,0,
backbone,RAPCID_backbone_rapcid_backbone_139_model_2.cif.gz,/scratch/a2149a01/RAPCID_2610_output/backbone/RAPCID_backbone_rapcid_backbone_139_model_2.cif.gz,B,A,26,25,4.617,3.336,3.31,4,5,12,21,0.3636,139.76,chain1_F_chain2_E,0,3,2,0,3,2,0,0,0,0,10,13,0,2,1,1,1,1,1,0,0,pass_conserved_motif,0.68418,0,
backbone,RAPCID_backbone_rapcid_backbone_139_model_3.cif.gz,/scratch/a2149a01/RAPCID_2610_output/backbone/RAPCID_backbone_rapcid_backbone_139_model_3.cif.gz,B,A,26,25,3.718,3.603,3.119,4,3,12,13,0.48,129.08,chain1_F_chain2_E,0,3,0,0,3,0,1,1,0,1,10,6,0,1,1,1,1,1,1,0,0,pass_conserved_motif,0.68821,0,
backbone,RAPCID_backbone_rapcid_backbone_139_model_4.cif.gz,/scratch/a2149a01/RAPCID_2610_output/backbone/RAPCID_backbone_rapcid_backbone_139_model_4.cif.gz,B,A,26,25,2.521,3.435,2.738,4,7,9,16,0.36,113.25,chain1_F_chain2_E,0,3,1,0,3,1,0,1,0,1,10,10,0,2,1,1,1,1,1,0,0,pass_conserved_motif,0.58747,0,
backbone,RAPCID_backbone_rapcid_backbone_139_model_5.cif.gz,/scratch/a2149a01/RAPCID_2610_output/backbone/RAPCID_backbone_rapcid_backbone_139_model_5.cif.gz,B,A,26,25,11.452,3.472,3.07,4,3,14,8,0.6364,148.86,chain1_F_chain2_E,0,3,2,0,3,2,0,0,0,0,10,9,1,2,1,1,1,1,1,1,1,,0.71452,1,153
backbone,RAPCID_backbone_rapcid_backbone_139_model_6.cif.gz,/scratch/a2149a01/RAPCID_2610_output/backbone/RAPCID_backbone_rapcid_backbone_139_model_6.cif.gz,B,A,26,25,13.26,3.548,3.152,4,3,14,6,0.7,161.41,chain1_F_chain2_E,0,3,1,0,3,1,0,0,0,0,10,7,0,1,1,1,1,1,1,0,0,pass_conserved_motif,0.68625,0,
backbone,RAPCID_backbone_rapcid_backbone_139_model_7.cif.gz,/scratch/a2149a01/RAPCID_2610_output/backbone/RAPCID_backbone_rapcid_backbone_139_model_7.cif.gz,B,A,26,25,7.705,3.934,2.178,4,6,12,15,0.4444,142.55,chain1_F_chain2_E,0,3,1,0,3,1,0,0,0,0,10,12,0,1,1,1,1,1,1,0,0,pass_conserved_motif,0.69723,0,
backbone,RAPCID_backbone_rapcid_backbone_13_model_0.cif.gz,/scratch/a2149a01/RAPCID_2610_output/backbone/RAPCID_backbone_rapcid_backbone_13_model_0.cif.gz,B,A,45,15,4.866,3.805,3.491,5,4,7,13,0.35,123.52,chain1_F_chain2_E,0,3,1,0,3,1,0,0,0,0,10,9,0,1,1,1,1,1,1,0,0,pass_conserved_motif,0.59601,0,
backbone,RAPCID_backbone_rapcid_backbone_13_model_1.cif.gz,/scratch/a2149a01/RAPCID_2610_output/backbone/RAPCID_backbone_rapcid_backbone_13_model_1.cif.gz,B,A,45,15,3.336,3.159,3.279,9,3,22,14,0.6111,101.94,chain1_F_chain2_E,1,3,1,0,3,1,0,5,1,2,16,7,0,1,1,1,1,1,1,0,0,pass_conserved_motif,0.61464,0,
backbone,RAPCID_backbone_rapcid_backbone_13_model_2.cif.gz,/scratch/a2149a01/RAPCID_2610_output/backbone/RAPCID_backbone_rapcid_backbone_13_model_2.cif.gz,B,A,45,15,9.446,2.7,3.543,5,2,13,6,0.6842,148.08,chain1_F_chain2_E,0,2,1,0,2,1,0,0,0,0,9,7,0,1,1,1,1,1,1,0,0,pass_conserved_motif,0.63564,0,
backbone,RAPCID_backbone_rapcid_backbone_13_model_3.cif.gz,/scratch/a2149a01/RAPCID_2610_output/backbone/RAPCID_backbone_rapcid_backbone_13_model_3.cif.gz,B,A,45,15,3.074,3.02,3.389,5,3,16,4,0.8,128.09,chain1_F_chain2_E,1,2,1,0,2,1,0,1,0,0,11,9,1,1,1,1,1,1,1,1,1,,0.52768,1,614
backbone,RAPCID_backbone_rapcid_backbone_13_model_4.cif.gz,/scratch/a2149a01/RAPCID_2610_output/backbone/RAPCID_backbone_rapcid_backbone_13_model_4.cif.gz,B,A,45,15,5.237,2.928,3.469,6,3,23,7,0.7667,115.83,chain1_F_chain2_E,2,3,1,0,3,1,0,0,0,0,16,8,0,1,1,1,1,1,1,0,0,pass_conserved_motif,0.52373,0,
backbone,RAPCID_backbone_rapcid_backbone_13_model_5.cif.gz,/scratch/a2149a01/RAPCID_2610_output/backbone/RAPCID_backbone_rapcid_backbone_13_model_5.cif.gz,B,A,45,15,4.491,2.329,3.566,5,3,12,7,0.6316,129.78,chain1_F_chain2_E,1,2,1,0,2,1,0,0,0,0,10,9,0,1,1,1,1,1,1,0,0,pass_conserved_motif,0.59567,0,
backbone,RAPCID_backbone_rapcid_backbone_13_model_6.cif.gz,/scratch/a2149a01/RAPCID_2610_output/backbone/RAPCID_backbone_rapcid_backbone_13_model_6.cif.gz,B,A,45,15,3.687,3.335,3.648,6,4,12,9,0.5714,130.77,chain1_F_chain2_E,1,2,2,0,2,2,0,1,0,0,11,9,1,1,1,1,1,1,1,1,1,,0.6566,1,355
backbone,RAPCID_backbone_rapcid_backbone_13_model_7.cif.gz,/scratch/a2149a01/RAPCID_2610_output/backbone/RAPCID_backbone_rapcid_backbone_13_model_7.cif.gz,B,A,45,15,4.206,3.638,3.509,6,4,9,9,0.5,131.17,chain1_F_chain2_E,0,2,1,0,2,1,0,0,0,0,11,9,0,1,1,1,1,1,1,0,0,pass_conserved_motif,0.65295,0,
backbone,RAPCID_backbone_rapcid_backbone_140_model_0.cif.gz,/scratch/a2149a01/RAPCID_2610_output/backbone/RAPCID_backbone_rapcid_backbone_140_model_0.cif.gz,A,B,43,33,2.549,2.61,2.452,4,8,13,21,0.3824,110.31,chain1_E_chain2_F,1,0,1,2,1,2,0,19,1,2,10,12,1,1,1,1,1,1,1,1,1,,0.57134,1,567
backbone,RAPCID_backbone_rapcid_backbone_140_model_1.cif.gz,/scratch/a2149a01/RAPCID_2610_output/backbone/RAPCID_backbone_rapcid_backbone_140_model_1.cif.gz,A,B,43,33,3.326,3.017,2.788,3,7,7,24,0.2258,122.99,chain1_E_chain2_F,1,0,1,2,1,2,0,2,0,0,10,15,2,0,1,1,1,1,1,0,0,pass_conserved_motif,0.52599,0,
backbone,RAPCID_backbone_rapcid_backbone_140_model_2.cif.gz,/scratch/a2149a01/RAPCID_2610_output/backbone/RAPCID_backbone_rapcid_backbone_140_model_2.cif.gz,A,B,43,33,3.462,2.303,2.531,5,6,14,20,0.4118,120.06,chain1_E_chain2_F,1,0,0,2,1,2,0,7,1,1,10,10,1,0,1,1,1,1,1,0,0,pass_conserved_motif,0.64897,0,
backbone,RAPCID_backbone_rapcid_backbone_140_model_3.cif.gz,/scratch/a2149a01/RAPCID_2610_output/backbone/RAPCID_backbone_rapcid_backbone_140_model_3.cif.gz,A,B,43,33,3.583,2.893,2.974,3,6,11,14,0.44,128.47,chain1_E_chain2_F,1,0,0,2,1,2,0,5,0,1,7,9,1,0,1,1,1,1,1,0,0,pass_conserved_motif,0.66162,0,
backbone,RAPCID_backbone_rapcid_backbone_140_model_4.cif.gz,/scratch/a2149a01/RAPCID_2610_output/backbone/RAPCID_backbone_rapcid_backbone_140_model_4.cif.gz,A,B,43,33,6.864,3.237,2.899,3,10,9,35,0.2045,143.68,chain1_E_chain2_F,1,0,0,3,1,3,1,0,0,0,8,24,1,1,1,1,1,1,1,1,1,,0.6336,1,421
backbone,RAPCID_backbone_rapcid_backbone_140_model_5.cif.gz,/scratch/a2149a01/RAPCID_2610_output/backbone/RAPCID_backbone_rapcid_backbone_140_model_5.cif.gz,A,B,43,33,3.08,2.691,2.966,3,4,15,14,0.5172,111.38,chain1_E_chain2_F,1,0,0,2,1,2,0,13,1,1,10,10,1,1,1,1,1,1,1,1,1,,0.62842,1,440
backbone,RAPCID_backbone_rapcid_backbone_140_model_6.cif.gz,/scratch/a2149a01/RAPCID_2610_output/backbone/RAPCID_backbone_rapcid_backbone_140_model_6.cif.gz,A,B,43,33,3.527,2.91,2.734,6,3,15,9,0.625,126.59,chain1_E_chain2_F,1,0,0,2,1,2,0,7,0,0,13,10,1,0,1,1,1,1,1,0,0,pass_conserved_motif,0.6227,0,
backbone,RAPCID_backbone_rapcid_backbone_140_model_7.cif.gz,/scratch/a2149a01/RAPCID_2610_output/backbone/RAPCID_backbone_rapcid_backbone_140_model_7.cif.gz,A,B,43,33,3.432,3.046,3.295,3,8,8,15,0.3478,106.79,chain1_E_chain2_F,1,0,0,2,1,2,0,5,1,1,14,19,1,0,1,1,1,1,1,0,0,pass_conserved_motif,0.56913,0,
backbone,RAPCID_backbone_rapcid_backbone_141_model_0.cif.gz,/scratch/a2149a01/RAPCID_2610_output/backbone/RAPCID_backbone_rapcid_backbone_141_model_0.cif.gz,B,A,33,26,11.853,3.668,1.603,4,4,8,16,0.3333,153.46,chain1_F_chain2_E,0,3,2,0,3,2,1,0,0,0,9,7,0,1,0,1,1,1,1,0,0,pass_no_clash;pass_conserved_motif,0.74628,0,
backbone,RAPCID_backbone_rapcid_backbone_141_model_1.cif.gz,/scratch/a2149a01/RAPCID_2610_output/backbone/RAPCID_backbone_rapcid_backbone_141_model_1.cif.gz,B,A,33,26,9.646,3.238,2.892,5,3,16,10,0.6154,128.42,chain1_F_chain2_E,0,2,3,0,2,3,0,0,0,0,12,7,1,1,1,1,1,1,1,1,1,,0.65477,1,360
backbone,RAPCID_backbone_rapcid_backbone_141_model_2.cif.gz,/scratch/a2149a01/RAPCID_2610_output/backbone/RAPCID_backbone_rapcid_backbone_141_model_2.cif.gz,B,A,33,26,8.496,2.305,1.975,5,4,18,13,0.5806,161.17,chain1_F_chain2_E,1,2,2,0,2,2,1,0,0,0,12,7,1,1,0,1,1,1,1,1,0,pass_no_clash,0.76336,0,
backbone,RAPCID_backbone_rapcid_backbone_141_model_3.cif.gz,/scratch/a2149a01/RAPCID_2610_output/backbone/RAPCID_backbone_rapcid_backbone_141_model_3.cif.gz,B,A,33,26,3.389,3.538,3.532,5,4,9,6,0.6,138.77,chain1_F_chain2_E,0,2,1,0,2,1,0,5,0,0,9,7,1,1,1,1,1,1,1,1,1,,0.6633,1,333
backbone,RAPCID_backbone_rapcid_backbone_141_model_4.cif.gz,/scratch/a2149a01/RAPCID_2610_output/backbone/RAPCID_backbone_rapcid_backbone_141_model_4.cif.gz,B,A,33,26,12.203,3.012,1.809,4,4,12,16,0.4286,170.55,chain1_F_chain2_E,0,3,1,0,3,1,1,0,0,0,6,7,0,1,0,1,1,1,1,0,0,pass_no_clash;pass_conserved_motif,0.73578,0,
backbone,RAPCID_backbone_rapcid_backbone_141_model_5.cif.gz,/scratch/a2149a01/RAPCID_2610_output/backbone/RAPCID_backbone_rapcid_backbone_141_model_5.cif.gz,B,A,33,26,11.139,3.603,2.024,5,4,15,15,0.5,153.9,chain1_F_chain2_E,0,3,2,0,3,2,0,0,0,0,11,7,0,1,1,1,1,1,1,0,0,pass_conserved_motif,0.78586,0,
backbone,RAPCID_backbone_rapcid_backbone_141_model_6.cif.gz,/scratch/a2149a01/RAPCID_2610_output/backbone/RAPCID_backbone_rapcid_backbone_141_model_6.cif.gz,B,A,33,26,11.232,2.923,2.581,5,4,15,17,0.4688,154.07,chain1_F_chain2_E,0,3,2,0,3,2,1,0,0,0,10,9,0,1,1,1,1,1,1,0,0,pass_conserved_motif,0.8025,0,
backbone,RAPCID_backbone_rapcid_backbone_141_model_7.cif.gz,/scratch/a2149a01/RAPCID_2610_output/backbone/RAPCID_backbone_rapcid_backbone_141_model_7.cif.gz,B,A,33,26,7.862,2.576,1.338,4,4,13,14,0.4815,138.84,chain1_F_chain2_E,1,2,2,0,2,2,1,0,0,0,8,8,0,1,0,1,1,1,1,0,0,pass_no_clash;pass_conserved_motif,0.72826,0,
backbone,RAPCID_backbone_rapcid_backbone_142_model_0.cif.gz,/scratch/a2149a01/RAPCID_2610_output/backbone/RAPCID_backbone_rapcid_backbone_142_model_0.cif.gz,B,A,31,26,12.363,3.338,2.932,5,4,21,9,0.7,146.18,chain1_F_chain2_E,0,3,1,0,3,1,0,0,0,0,15,11,1,1,1,1,1,1,1,1,1,,0.65154,1,374
backbone,RAPCID_backbone_rapcid_backbone_142_model_1.cif.gz,/scratch/a2149a01/RAPCID_2610_output/backbone/RAPCID_backbone_rapcid_backbone_142_model_1.cif.gz,B,A,31,26,3.762,2.617,2.921,9,4,28,16,0.6364,149.16,chain1_F_chain2_E,0,3,2,0,3,2,1,1,1,0,18,9,0,1,1,1,1,1,1,0,0,pass_conserved_motif,0.76575,0,
backbone,RAPCID_backbone_rapcid_backbone_142_model_2.cif.gz,/scratch/a2149a01/RAPCID_2610_output/backbone/RAPCID_backbone_rapcid_backbone_142_model_2.cif.gz,B,A,31,26,7.995,3.4,2.58,5,2,16,8,0.6667,156.92,chain1_F_chain2_E,0,3,1,0,3,1,0,0,0,0,16,8,0,2,1,1,1,1,1,0,0,pass_conserved_motif,0.70069,0,
backbone,RAPCID_backbone_rapcid_backbone_142_model_3.cif.gz,/scratch/a2149a01/RAPCID_2610_output/backbone/RAPCID_backbone_rapcid_backbone_142_model_3.cif.gz,B,A,31,26,7.647,2.97,3.054,5,3,17,9,0.6538,138.06,chain1_F_chain2_E,0,3,1,0,3,1,0,0,0,0,16,11,0,1,1,1,1,1,1,0,0,pass_conserved_motif,0.64295,0,
backbone,RAPCID_backbone_rapcid_backbone_142_model_4.cif.gz,/scratch/a2149a01/RAPCID_2610_output/backbone/RAPCID_backbone_rapcid_backbone_142_model_4.cif.gz,B,A,31,26,4.05,3.324,2.718,6,4,14,15,0.4828,116.65,chain1_F_chain2_E,0,3,1,0,3,1,0,0,0,0,15,12,0,1,1,1,1,1,1,0,0,pass_conserved_motif,0.62621,0,
backbone,RAPCID_backbone_rapcid_backbone_142_model_5.cif.gz,/scratch/a2149a01/RAPCID_2610_output/backbone/RAPCID_backbone_rapcid_backbone_142_model_5.cif.gz,B,A,31,26,5.276,3.414,2.53,3,5,9,15,0.375,124.62,chain1_F_chain2_E,0,2,1,0,2,1,0,0,0,0,9,11,1,1,1,1,1,1,1,1,1,,0.58113,1,550
backbone,RAPCID_backbone_rapcid_backbone_142_model_6.cif.gz,/scratch/a2149a01/RAPCID_2610_output/backbone/RAPCID_backbone_rapcid_backbone_142_model_6.cif.gz,B,A,31,26,3.564,3.534,3.399,7,3,21,10,0.6774,117.04,chain1_F_chain2_E,0,3,0,0,3,0,1,2,2,1,15,9,1,1,1,1,1,1,1,1,1,,0.62347,1,458
backbone,RAPCID_backbone_rapcid_backbone_142_model_7.cif.gz,/scratch/a2149a01/RAPCID_2610_output/backbone/RAPCID_backbone_rapcid_backbone_142_model_7.cif.gz,B,A,31,26,7.614,3.655,2.868,4,5,12,14,0.4615,132.69,chain1_F_chain2_E,0,2,3,0,2,3,0,0,0,0,9,15,1,1,1,1,1,1,1,1,1,,0.69976,1,198
backbone,RAPCID_backbone_rapcid_backbone_143_model_0.cif.gz,/scratch/a2149a01/RAPCID_2610_output/backbone/RAPCID_backbone_rapcid_backbone_143_model_0.cif.gz,A,B,40,26,9.976,2.956,3.362,3,5,8,19,0.2963,158.88,chain1_E_chain2_F,1,0,0,3,1,3,0,0,0,0,10,13,2,0,1,1,1,1,1,0,0,pass_conserved_motif,0.6924,0,
backbone,RAPCID_backbone_rapcid_backbone_143_model_1.cif.gz,/scratch/a2149a01/RAPCID_2610_output/backbone/RAPCID_backbone_rapcid_backbone_143_model_1.cif.gz,A,B,40,26,9.791,3.091,3.232,5,5,11,18,0.3793,165.42,chain1_E_chain2_F,1,0,0,3,1,3,0,0,0,0,10,13,1,0,1,1,1,1,1,0,0,pass_conserved_motif,0.70462,0,
backbone,RAPCID_backbone_rapcid_backbone_143_model_2.cif.gz,/scratch/a2149a01/RAPCID_2610_output/backbone/RAPCID_backbone_rapcid_backbone_143_model_2.cif.gz,A,B,40,26,10.866,2.738,3.394,2,6,5,16,0.2381,163.49,chain1_E_chain2_F,1,0,0,3,1,3,0,0,0,0,9,13,1,1,1,1,1,1,1,1,1,,0.65456,1,362
backbone,RAPCID_backbone_rapcid_backbone_143_model_3.cif.gz,/scratch/a2149a01/RAPCID_2610_output/backbone/RAPCID_backbone_rapcid_backbone_143_model_3.cif.gz,A,B,40,26,11.41,3.027,3.364,3,5,6,17,0.2609,157.75,chain1_E_chain2_F,2,0,0,3,2,3,0,0,0,0,9,13,1,0,1,1,1,1,1,0,0,pass_conserved_motif,0.70303,0,
backbone,RAPCID_backbone_rapcid_backbone_143_model_4.cif.gz,/scratch/a2149a01/RAPCID_2610_output/backbone/RAPCID_backbone_rapcid_backbone_143_model_4.cif.gz,A,B,40,26,10.024,3.096,3.729,3,6,9,16,0.36,143.57,chain1_E_chain2_F,1,0,0,3,1,3,0,0,0,0,10,13,1,0,1,1,1,1,1,0,0,pass_conserved_motif,0.66686,0,
backbone,RAPCID_backbone_rapcid_backbone_143_model_5.cif.gz,/scratch/a2149a01/RAPCID_2610_output/backbone/RAPCID_backbone_rapcid_backbone_143_model_5.cif.gz,A,B,40,26,9.437,3.229,3.046,3,6,10,14,0.4167,167.4,chain1_E_chain2_F,2,0,0,3,2,3,1,0,0,0,12,13,1,0,1,1,1,1,1,0,0,pass_conserved_motif,0.77011,0,
backbone,RAPCID_backbone_rapcid_backbone_143_model_6.cif.gz,/scratch/a2149a01/RAPCID_2610_output/backbone/RAPCID_backbone_rapcid_backbone_143_model_6.cif.gz,A,B,40,26,12.845,3.263,3.491,2,6,4,13,0.2353,168.06,chain1_E_chain2_F,1,0,0,3,1,3,0,0,0,0,6,13,1,0,1,1,1,1,1,0,0,pass_conserved_motif,0.63819,0,
backbone,RAPCID_backbone_rapcid_backbone_143_model_7.cif.gz,/scratch/a2149a01/RAPCID_2610_output/backbone/RAPCID_backbone_rapcid_backbone_143_model_7.cif.gz,A,B,40,26,10.896,2.395,3.451,2,5,9,10,0.4737,149.76,chain1_E_chain2_F,2,0,0,3,2,3,0,0,0,0,7,13,1,0,1,1,1,1,1,0,0,pass_conserved_motif,0.76154,0,
backbone,RAPCID_backbone_rapcid_backbone_144_model_0.cif.gz,/scratch/a2149a01/RAPCID_2610_output/backbone/RAPCID_backbone_rapcid_backbone_144_model_0.cif.gz,A,B,35,26,4.274,2.942,3.497,8,5,20,16,0.5556,144.79,chain1_E_chain2_F,1,0,0,3,1,3,0,0,0,0,11,15,1,0,1,1,1,1,1,0,0,pass_conserved_motif,0.7047,0,
backbone,RAPCID_backbone_rapcid_backbone_144_model_1.cif.gz,/scratch/a2149a01/RAPCID_2610_output/backbone/RAPCID_backbone_rapcid_backbone_144_model_1.cif.gz,A,B,35,26,3.476,2.711,2.01,6,5,12,18,0.4,113.25,chain1_E_chain2_F,1,0,1,2,1,2,0,3,0,0,11,10,1,0,1,1,1,1,1,0,0,pass_conserved_motif,0.56821,0,
backbone,RAPCID_backbone_rapcid_backbone_144_model_2.cif.gz,/scratch/a2149a01/RAPCID_2610_output/backbone/RAPCID_backbone_rapcid_backbone_144_model_2.cif.gz,A,B,35,26,3.334,2.138,3.513,6,5,19,13,0.5938,141.62,chain1_E_chain2_F,1,0,0,3,1,3,0,3,0,0,13,14,2,1,1,1,1,1,1,1,1,,0.69384,1,226
backbone,RAPCID_backbone_rapcid_backbone_144_model_3.cif.gz,/scratch/a2149a01/RAPCID_2610_output/backbone/RAPCID_backbone_rapcid_backbone_144_model_3.cif.gz,A,B,35,26,2.964,3.012,2.867,6,5,13,18,0.4194,116.15,chain1_E_chain2_F,1,0,1,3,1,3,0,11,1,1,12,14,1,0,1,1,1,1,1,0,0,pass_conserved_motif,0.65754,0,
backbone,RAPCID_backbone_rapcid_backbone_144_model_4.cif.gz,/scratch/a2149a01/RAPCID_2610_output/backbone/RAPCID_backbone_rapcid_backbone_144_model_4.cif.gz,A,B,35,26,3.452,2.176,3.365,7,5,16,18,0.4706,155.01,chain1_E_chain2_F,1,0,0,3,1,3,0,3,0,0,10,16,1,1,1,1,1,1,1,1,1,,0.76422,1,38
backbone,RAPCID_backbone_rapcid_backbone_144_model_5.cif.gz,/scratch/a2149a01/RAPCID_2610_output/backbone/RAPCID_backbone_rapcid_backbone_144_model_5.cif.gz,A,B,35,26,2.983,2.735,3.1,6,5,16,25,0.3902,135.07,chain1_E_chain2_F,1,0,0,3,1,3,0,3,0,0,13,16,1,0,1,1,1,1,1,0,0,pass_conserved_motif,0.66562,0,
backbone,RAPCID_backbone_rapcid_backbone_144_model_6.cif.gz,/scratch/a2149a01/RAPCID_2610_output/backbone/RAPCID_backbone_rapcid_backbone_144_model_6.cif.gz,A,B,35,26,3.17,2.571,2.243,5,5,14,15,0.4828,122.36,chain1_E_chain2_F,1,0,0,2,1,2,0,7,0,1,10,8,1,0,1,1,1,1,1,0,0,pass_conserved_motif,0.66836,0,
backbone,RAPCID_backbone_rapcid_backbone_144_model_7.cif.gz,/scratch/a2149a01/RAPCID_2610_output/backbone/RAPCID_backbone_rapcid_backbone_144_model_7.cif.gz,A,B,35,26,3.339,2.518,3.27,4,4,15,11,0.5769,145.79,chain1_E_chain2_F,1,0,1,2,1,2,0,7,0,0,11,10,1,0,1,1,1,1,1,0,0,pass_conserved_motif,0.70592,0,
backbone,RAPCID_backbone_rapcid_backbone_145_model_0.cif.gz,/scratch/a2149a01/RAPCID_2610_output/backbone/RAPCID_backbone_rapcid_backbone_145_model_0.cif.gz,A,B,43,28,11.491,3.005,3.249,4,5,7,22,0.2414,151.63,chain1_E_chain2_F,1,0,0,3,1,3,0,0,0,0,13,15,1,0,1,1,1,1,1,0,0,pass_conserved_motif,0.64626,0,
backbone,RAPCID_backbone_rapcid_backbone_145_model_1.cif.gz,/scratch/a2149a01/RAPCID_2610_output/backbone/RAPCID_backbone_rapcid_backbone_145_model_1.cif.gz,A,B,43,28,11.756,3.399,3.289,3,5,11,16,0.4074,143.49,chain1_E_chain2_F,2,0,0,3,2,3,1,0,0,0,11,16,1,0,1,1,1,1,1,0,0,pass_conserved_motif,0.74269,0,
backbone,RAPCID_backbone_rapcid_backbone_145_model_2.cif.gz,/scratch/a2149a01/RAPCID_2610_output/backbone/RAPCID_backbone_rapcid_backbone_145_model_2.cif.gz,A,B,43,28,7.293,2.732,2.762,5,8,14,25,0.359,165.74,chain1_E_chain2_F,2,0,0,3,2,3,1,0,0,0,9,18,1,0,1,1,1,1,1,0,0,pass_conserved_motif,0.75256,0,
backbone,RAPCID_backbone_rapcid_backbone_145_model_3.cif.gz,/scratch/a2149a01/RAPCID_2610_output/backbone/RAPCID_backbone_rapcid_backbone_145_model_3.cif.gz,A,B,43,28,9.222,2.892,3.473,2,5,7,13,0.35,144.35,chain1_E_chain2_F,1,0,0,3,1,3,0,0,0,0,8,15,1,0,1,1,1,1,1,0,0,pass_conserved_motif,0.66545,0,
backbone,RAPCID_backbone_rapcid_backbone_145_model_4.cif.gz,/scratch/a2149a01/RAPCID_2610_output/backbone/RAPCID_backbone_rapcid_backbone_145_model_4.cif.gz,A,B,43,28,10.446,2.894,3.117,3,6,6,20,0.2308,162.96,chain1_E_chain2_F,1,0,0,3,1,3,0,0,0,0,11,16,1,0,1,1,1,1,1,0,0,pass_conserved_motif,0.6534,0,
backbone,RAPCID_backbone_rapcid_backbone_145_model_5.cif.gz,/scratch/a2149a01/RAPCID_2610_output/backbone/RAPCID_backbone_rapcid_backbone_145_model_5.cif.gz,A,B,43,28,3.016,2.843,2.91,4,4,17,17,0.5,133.85,chain1_E_chain2_F,1,0,1,2,1,2,1,11,1,1,12,10,1,0,1,1,1,1,1,0,0,pass_conserved_motif,0.74877,0,
backbone,RAPCID_backbone_rapcid_backbone_145_model_6.cif.gz,/scratch/a2149a01/RAPCID_2610_output/backbone/RAPCID_backbone_rapcid_backbone_145_model_6.cif.gz,A,B,43,28,8.903,2.933,3.35,3,4,9,16,0.36,153.33,chain1_E_chain2_F,1,0,0,2,1,2,0,0,0,0,11,16,1,0,1,1,1,1,1,0,0,pass_conserved_motif,0.67083,0,
backbone,RAPCID_backbone_rapcid_backbone_145_model_7.cif.gz,/scratch/a2149a01/RAPCID_2610_output/backbone/RAPCID_backbone_rapcid_backbone_145_model_7.cif.gz,A,B,43,28,10.361,3.159,3.455,3,6,9,18,0.3333,160.38,chain1_E_chain2_F,1,0,0,3,1,3,0,0,0,0,9,16,1,0,1,1,1,1,1,0,0,pass_conserved_motif,0.70302,0,
backbone,RAPCID_backbone_rapcid_backbone_146_model_0.cif.gz,/scratch/a2149a01/RAPCID_2610_output/backbone/RAPCID_backbone_rapcid_backbone_146_model_0.cif.gz,B,A,34,28,11.608,3.201,1.771,5,4,14,15,0.4828,147.18,chain1_F_chain2_E,0,3,2,0,3,2,1,0,0,0,10,8,0,1,0,1,1,1,1,0,0,pass_no_clash;pass_conserved_motif,0.78513,0,
backbone,RAPCID_backbone_rapcid_backbone_146_model_1.cif.gz,/scratch/a2149a01/RAPCID_2610_output/backbone/RAPCID_backbone_rapcid_backbone_146_model_1.cif.gz,B,A,34,28,3.675,3.548,3.622,3,4,7,7,0.5,131.67,chain1_F_chain2_E,0,2,1,0,2,1,0,3,0,0,7,8,0,1,1,1,1,1,1,0,0,pass_conserved_motif,0.66961,0,
backbone,RAPCID_backbone_rapcid_backbone_146_model_2.cif.gz,/scratch/a2149a01/RAPCID_2610_output/backbone/RAPCID_backbone_rapcid_backbone_146_model_2.cif.gz,B,A,34,28,6.563,1.723,2.758,4,4,9,16,0.36,136.75,chain1_F_chain2_E,0,2,1,0,2,1,1,0,0,0,11,8,0,1,0,1,1,1,1,0,0,pass_no_clash;pass_conserved_motif,0.64412,0,
backbone,RAPCID_backbone_rapcid_backbone_146_model_3.cif.gz,/scratch/a2149a01/RAPCID_2610_output/backbone/RAPCID_backbone_rapcid_backbone_146_model_3.cif.gz,B,A,34,28,5.324,3.688,2.917,5,5,7,14,0.3333,131.42,chain1_F_chain2_E,0,3,2,0,3,2,0,0,0,0,13,8,0,1,1,1,1,1,1,0,0,pass_conserved_motif,0.64426,0,
backbone,RAPCID_backbone_rapcid_backbone_146_model_4.cif.gz,/scratch/a2149a01/RAPCID_2610_output/backbone/RAPCID_backbone_rapcid_backbone_146_model_4.cif.gz,B,A,34,28,6.463,2.949,3.241,5,4,14,10,0.5833,128.93,chain1_F_chain2_E,1,3,1,0,3,1,0,0,0,0,12,8,0,1,1,1,1,1,1,0,0,pass_conserved_motif,0.64073,0,
backbone,RAPCID_backbone_rapcid_backbone_146_model_5.cif.gz,/scratch/a2149a01/RAPCID_2610_output/backbone/RAPCID_backbone_rapcid_backbone_146_model_5.cif.gz,B,A,34,28,6.62,3.253,3.409,4,5,12,13,0.48,132.14,chain1_F_chain2_E,1,3,2,0,3,2,0,0,0,0,13,8,0,1,1,1,1,1,1,0,0,pass_conserved_motif,0.70532,0,
backbone,RAPCID_backbone_rapcid_backbone_146_model_6.cif.gz,/scratch/a2149a01/RAPCID_2610_output/backbone/RAPCID_backbone_rapcid_backbone_146_model_6.cif.gz,B,A,34,28,6.343,3.439,3.198,3,3,8,4,0.6667,142.22,chain1_F_chain2_E,0,3,1,0,3,1,0,0,0,0,6,6,0,1,1,1,1,1,1,0,0,pass_conserved_motif,0.6517,0,
backbone,RAPCID_backbone_rapcid_backbone_146_model_7.cif.gz,/scratch/a2149a01/RAPCID_2610_output/backbone/RAPCID_backbone_rapcid_backbone_146_model_7.cif.gz,B,A,34,28,3.903,2.651,2.894,4,4,13,10,0.5652,125.23,chain1_F_chain2_E,0,2,2,0,2,2,0,2,0,0,13,8,0,1,1,1,1,1,1,0,0,pass_conserved_motif,0.64562,0,
backbone,RAPCID_backbone_rapcid_backbone_147_model_0.cif.gz,/scratch/a2149a01/RAPCID_2610_output/backbone/RAPCID_backbone_rapcid_backbone_147_model_0.cif.gz,A,B,28,22,8.762,3.11,3.597,4,4,11,13,0.4583,134.26,chain1_E_chain2_F,1,0,0,3,1,3,0,0,0,0,10,11,2,0,1,1,1,1,1,0,0,pass_conserved_motif,0.67516,0,
backbone,RAPCID_backbone_rapcid_backbone_147_model_1.cif.gz,/scratch/a2149a01/RAPCID_2610_output/backbone/RAPCID_backbone_rapcid_backbone_147_model_1.cif.gz,A,B,28,22,11.214,3.838,3.713,3,4,4,12,0.25,129.45,chain1_E_chain2_F,0,0,0,3,0,3,0,0,0,0,8,11,1,0,1,1,1,1,1,0,0,pass_conserved_motif,0.54723,0,
backbone,RAPCID_backbone_rapcid_backbone_147_model_2.cif.gz,/scratch/a2149a01/RAPCID_2610_output/backbone/RAPCID_backbone_rapcid_backbone_147_model_2.cif.gz,A,B,28,22,8.221,3.126,3.654,4,4,17,16,0.5152,135.23,chain1_E_chain2_F,2,0,0,3,2,3,0,0,0,0,11,11,1,0,1,1,1,1,1,0,0,pass_conserved_motif,0.71757,0,
backbone,RAPCID_backbone_rapcid_backbone_147_model_3.cif.gz,/scratch/a2149a01/RAPCID_2610_output/backbone/RAPCID_backbone_rapcid_backbone_147_model_3.cif.gz,A,B,28,22,9.183,3.132,3.616,6,4,11,12,0.4783,137.89,chain1_E_chain2_F,1,0,0,3,1,3,0,0,0,0,18,11,1,0,1,1,1,1,1,0,0,pass_conserved_motif,0.69523,0,
backbone,RAPCID_backbone_rapcid_backbone_147_model_4.cif.gz,/scratch/a2149a01/RAPCID_2610_output/backbone/RAPCID_backbone_rapcid_backbone_147_model_4.cif.gz,A,B,28,22,10.405,2.967,3.428,3,4,10,13,0.4348,145.38,chain1_E_chain2_F,2,0,0,3,2,3,0,0,0,0,10,11,2,0,1,1,1,1,1,0,0,pass_conserved_motif,0.73138,0,
backbone,RAPCID_backbone_rapcid_backbone_147_model_5.cif.gz,/scratch/a2149a01/RAPCID_2610_output/backbone/RAPCID_backbone_rapcid_backbone_147_model_5.cif.gz,A,B,28,22,10.069,3.171,3.645,5,3,12,10,0.5455,158.23,chain1_E_chain2_F,1,0,0,2,1,2,0,0,0,0,10,11,1,0,1,1,1,1,1,0,0,pass_conserved_motif,0.72497,0,
backbone,RAPCID_backbone_rapcid_backbone_147_model_6.cif.gz,/scratch/a2149a01/RAPCID_2610_output/backbone/RAPCID_backbone_rapcid_backbone_147_model_6.cif.gz,A,B,28,22,8.468,3.148,3.343,6,4,16,17,0.4848,145.13,chain1_E_chain2_F,2,0,0,3,2,3,0,0,0,0,16,11,1,0,1,1,1,1,1,0,0,pass_conserved_motif,0.75058,0,
backbone,RAPCID_backbone_rapcid_backbone_147_model_7.cif.gz,/scratch/a2149a01/RAPCID_2610_output/backbone/RAPCID_backbone_rapcid_backbone_147_model_7.cif.gz,A,B,28,22,5.861,2.686,3.334,6,4,18,18,0.5,121.21,chain1_E_chain2_F,1,0,0,3,1,3,0,0,0,0,10,11,1,0,1,1,1,1,1,0,0,pass_conserved_motif,0.64831,0,
backbone,RAPCID_backbone_rapcid_backbone_148_model_0.cif.gz,/scratch/a2149a01/RAPCID_2610_output/backbone/RAPCID_backbone_rapcid_backbone_148_model_0.cif.gz,B,A,29,14,11.168,3.145,2.187,4,4,9,13,0.4091,174.74,chain1_F_chain2_E,0,2,1,0,2,1,1,0,0,0,10,7,0,2,1,1,1,1,1,0,0,pass_conserved_motif,0.68545,0,
backbone,RAPCID_backbone_rapcid_backbone_148_model_1.cif.gz,/scratch/a2149a01/RAPCID_2610_output/backbone/RAPCID_backbone_rapcid_backbone_148_model_1.cif.gz,B,A,29,14,11.522,3.199,1.933,3,4,11,13,0.4583,171.9,chain1_F_chain2_E,0,2,2,0,2,2,1,0,0,0,9,7,0,1,0,1,1,1,1,0,0,pass_no_clash;pass_conserved_motif,0.74318,0,
backbone,RAPCID_backbone_rapcid_backbone_148_model_2.cif.gz,/scratch/a2149a01/RAPCID_2610_output/backbone/RAPCID_backbone_rapcid_backbone_148_model_2.cif.gz,B,A,29,14,10.514,3.388,2.178,3,4,10,18,0.3571,155.1,chain1_F_chain2_E,0,2,2,0,2,2,1,0,0,0,10,7,0,1,1,1,1,1,1,0,0,pass_conserved_motif,0.73272,0,
backbone,RAPCID_backbone_rapcid_backbone_148_model_3.cif.gz,/scratch/a2149a01/RAPCID_2610_output/backbone/RAPCID_backbone_rapcid_backbone_148_model_3.cif.gz,B,A,29,14,10.212,3.479,3.413,6,3,14,6,0.7,146.94,chain1_F_chain2_E,0,3,1,0,3,1,0,0,0,0,13,7,1,1,1,1,1,1,1,1,1,,0.65408,1,363
backbone,RAPCID_backbone_rapcid_backbone_148_model_4.cif.gz,/scratch/a2149a01/RAPCID_2610_output/backbone/RAPCID_backbone_rapcid_backbone_148_model_4.cif.gz,B,A,29,14,10.39,3.151,3.573,6,3,18,6,0.75,147.83,chain1_F_chain2_E,1,3,1,0,3,1,0,0,0,0,16,7,0,1,1,1,1,1,1,0,0,pass_conserved_motif,0.63706,0,
backbone,RAPCID_backbone_rapcid_backbone_148_model_5.cif.gz,/scratch/a2149a01/RAPCID_2610_output/backbone/RAPCID_backbone_rapcid_backbone_148_model_5.cif.gz,B,A,29,14,9.434,3.158,2.28,5,4,14,15,0.4828,164.36,chain1_F_chain2_E,1,2,2,0,2,2,1,0,0,0,9,7,0,1,1,1,1,1,1,0,0,pass_conserved_motif,0.77809,0,
backbone,RAPCID_backbone_rapcid_backbone_148_model_6.cif.gz,/scratch/a2149a01/RAPCID_2610_output/backbone/RAPCID_backbone_rapcid_backbone_148_model_6.cif.gz,B,A,29,14,8.797,2.528,2.29,5,4,16,14,0.5333,168.38,chain1_F_chain2_E,0,2,2,0,2,2,1,0,0,0,10,7,0,1,1,1,1,1,1,0,0,pass_conserved_motif,0.75825,0,
backbone,RAPCID_backbone_rapcid_backbone_148_model_7.cif.gz,/scratch/a2149a01/RAPCID_2610_output/backbone/RAPCID_backbone_rapcid_backbone_148_model_7.cif.gz,B,A,29,14,11.092,3.165,2.667,4,3,11,9,0.55,163.09,chain1_F_chain2_E,0,2,1,0,2,1,1,0,0,0,9,7,0,1,1,1,1,1,1,0,0,pass_conserved_motif,0.74066,0,
backbone,RAPCID_backbone_rapcid_backbone_149_model_0.cif.gz,/scratch/a2149a01/RAPCID_2610_output/backbone/RAPCID_backbone_rapcid_backbone_149_model_0.cif.gz,A,B,36,28,3.156,2.976,2.981,3,8,7,23,0.2333,120.87,chain1_E_chain2_F,2,0,1,3,2,3,0,4,0,0,8,16,1,0,1,1,1,1,1,0,0,pass_conserved_motif,0.5891,0,
backbone,RAPCID_backbone_rapcid_backbone_149_model_1.cif.gz,/scratch/a2149a01/RAPCID_2610_output/backbone/RAPCID_backbone_rapcid_backbone_149_model_1.cif.gz,A,B,36,28,3.057,2.575,3.187,4,4,11,13,0.4583,116.99,chain1_E_chain2_F,1,0,0,2,1,2,0,9,1,0,12,9,1,0,1,1,1,1,1,0,0,pass_conserved_motif,0.64067,0,
backbone,RAPCID_backbone_rapcid_backbone_149_model_2.cif.gz,/scratch/a2149a01/RAPCID_2610_output/backbone/RAPCID_backbone_rapcid_backbone_149_model_2.cif.gz,A,B,36,28,3.229,3.102,3.146,4,6,16,15,0.5161,134.53,chain1_E_chain2_F,2,0,0,2,2,2,0,8,0,0,12,10,1,0,1,1,1,1,1,0,0,pass_conserved_motif,0.72625,0,
backbone,RAPCID_backbone_rapcid_backbone_149_model_3.cif.gz,/scratch/a2149a01/RAPCID_2610_output/backbone/RAPCID_backbone_rapcid_backbone_149_model_3.cif.gz,A,B,36,28,2.947,2.993,3.322,5,6,13,14,0.4815,135.25,chain1_E_chain2_F,1,0,0,3,1,3,0,11,0,0,11,11,1,0,1,1,1,1,1,0,0,pass_conserved_motif,0.71272,0,
backbone,RAPCID_backbone_rapcid_backbone_149_model_4.cif.gz,/scratch/a2149a01/RAPCID_2610_output/backbone/RAPCID_backbone_rapcid_backbone_149_model_4.cif.gz,A,B,36,28,2.807,3.042,3.272,6,5,15,16,0.4839,118.48,chain1_E_chain2_F,1,0,0,3,1,3,0,10,3,1,12,11,1,1,1,1,1,1,1,1,1,,0.72944,1,113
backbone,RAPCID_backbone_rapcid_backbone_149_model_5.cif.gz,/scratch/a2149a01/RAPCID_2610_output/backbone/RAPCID_backbone_rapcid_backbone_149_model_5.cif.gz,A,B,36,28,3.23,2.454,2.604,6,4,15,14,0.5172,114.25,chain1_E_chain2_F,1,0,1,2,1,2,0,10,0,0,10,10,1,0,1,1,1,1,1,0,0,pass_conserved_motif,0.61966,0,
backbone,RAPCID_backbone_rapcid_backbone_149_model_6.cif.gz,/scratch/a2149a01/RAPCID_2610_output/backbone/RAPCID_backbone_rapcid_backbone_149_model_6.cif.gz,A,B,36,28,3.401,3.73,3.362,3,9,8,25,0.2424,126.78,chain1_E_chain2_F,2,0,1,3,2,3,0,4,0,1,9,20,1,0,1,1,1,1,1,0,0,pass_conserved_motif,0.62909,0,
backbone,RAPCID_backbone_rapcid_backbone_149_model_7.cif.gz,/scratch/a2149a01/RAPCID_2610_output/backbone/RAPCID_backbone_rapcid_backbone_149_model_7.cif.gz,A,B,36,28,3.078,3.088,3.38,3,4,6,12,0.3333,120.23,chain1_E_chain2_F,2,0,0,2,2,2,0,4,0,1,8,9,1,0,1,1,1,1,1,0,0,pass_conserved_motif,0.61507,0,
backbone,RAPCID_backbone_rapcid_backbone_14_model_0.cif.gz,/scratch/a2149a01/RAPCID_2610_output/backbone/RAPCID_backbone_rapcid_backbone_14_model_0.cif.gz,B,A,28,20,3.889,3.155,3.552,4,2,17,3,0.85,139.49,chain1_F_chain2_E,2,2,1,0,2,1,0,2,1,0,10,9,0,1,1,0,1,1,1,0,0,pass_dual_rap_contact;pass_conserved_motif,0.56734,0,
backbone,RAPCID_backbone_rapcid_backbone_14_model_1.cif.gz,/scratch/a2149a01/RAPCID_2610_output/backbone/RAPCID_backbone_rapcid_backbone_14_model_1.cif.gz,B,A,28,20,3.656,2.53,2.471,4,5,17,15,0.5312,113.7,chain1_F_chain2_E,0,2,2,0,2,2,0,1,1,1,8,9,0,1,1,1,1,1,1,0,0,pass_conserved_motif,0.64911,0,
backbone,RAPCID_backbone_rapcid_backbone_14_model_2.cif.gz,/scratch/a2149a01/RAPCID_2610_output/backbone/RAPCID_backbone_rapcid_backbone_14_model_2.cif.gz,B,A,28,20,4.482,2.107,3.264,6,2,24,6,0.8,140.66,chain1_F_chain2_E,1,3,1,0,3,1,0,0,0,0,12,8,0,1,1,1,1,1,1,0,0,pass_conserved_motif,0.59314,0,
backbone,RAPCID_backbone_rapcid_backbone_14_model_3.cif.gz,/scratch/a2149a01/RAPCID_2610_output/backbone/RAPCID_backbone_rapcid_backbone_14_model_3.cif.gz,B,A,28,20,2.785,2.371,3.648,8,4,20,8,0.7143,123.57,chain1_F_chain2_E,2,3,2,0,3,2,0,1,1,0,13,9,1,1,1,1,1,1,1,1,1,,0.62069,1,465
backbone,RAPCID_backbone_rapcid_backbone_14_model_4.cif.gz,/scratch/a2149a01/RAPCID_2610_output/backbone/RAPCID_backbone_rapcid_backbone_14_model_4.cif.gz,B,A,28,20,5.073,3.364,3.298,5,4,17,11,0.6071,115.87,chain1_F_chain2_E,0,3,2,0,3,2,0,0,0,0,12,9,0,1,1,1,1,1,1,0,0,pass_conserved_motif,0.61624,0,
backbone,RAPCID_backbone_rapcid_backbone_14_model_5.cif.gz,/scratch/a2149a01/RAPCID_2610_output/backbone/RAPCID_backbone_rapcid_backbone_14_model_5.cif.gz,B,A,28,20,9.532,2.959,2.991,4,5,11,13,0.4583,163.29,chain1_F_chain2_E,0,2,2,0,2,2,1,0,0,0,10,12,0,1,1,1,1,1,1,0,0,pass_conserved_motif,0.7719,0,
backbone,RAPCID_backbone_rapcid_backbone_14_model_6.cif.gz,/scratch/a2149a01/RAPCID_2610_output/backbone/RAPCID_backbone_rapcid_backbone_14_model_6.cif.gz,B,A,28,20,8.595,3.286,3.466,4,3,12,7,0.6316,134.24,chain1_F_chain2_E,1,2,2,0,2,2,0,0,0,0,10,7,0,1,1,1,1,1,1,0,0,pass_conserved_motif,0.63913,0,
backbone,RAPCID_backbone_rapcid_backbone_14_model_7.cif.gz,/scratch/a2149a01/RAPCID_2610_output/backbone/RAPCID_backbone_rapcid_backbone_14_model_7.cif.gz,B,A,28,20,3.306,2.926,2.807,7,2,14,4,0.7778,131.03,chain1_F_chain2_E,0,3,1,0,3,1,0,1,0,1,12,9,0,1,1,1,1,1,1,0,0,pass_conserved_motif,0.5916,0,
backbone,RAPCID_backbone_rapcid_backbone_150_model_0.cif.gz,/scratch/a2149a01/RAPCID_2610_output/backbone/RAPCID_backbone_rapcid_backbone_150_model_0.cif.gz,B,A,35,25,9.684,3.514,2.998,5,5,8,15,0.3478,150.66,chain1_F_chain2_E,0,3,2,0,3,2,0,0,0,0,11,13,0,1,1,1,1,1,1,0,0,pass_conserved_motif,0.71418,0,
backbone,RAPCID_backbone_rapcid_backbone_150_model_1.cif.gz,/scratch/a2149a01/RAPCID_2610_output/backbone/RAPCID_backbone_rapcid_backbone_150_model_1.cif.gz,B,A,35,25,6.372,2.705,3.778,2,5,10,14,0.4167,130.11,chain1_F_chain2_E,0,3,1,0,3,1,0,0,0,0,6,11,1,1,1,1,1,1,1,1,1,,0.64467,1,393
backbone,RAPCID_backbone_rapcid_backbone_150_model_2.cif.gz,/scratch/a2149a01/RAPCID_2610_output/backbone/RAPCID_backbone_rapcid_backbone_150_model_2.cif.gz,B,A,35,25,3.247,3.826,2.735,4,7,10,22,0.3125,111.46,chain1_F_chain2_E,0,2,1,0,2,1,0,2,0,1,11,10,0,1,1,1,1,1,1,0,0,pass_conserved_motif,0.53893,0,
backbone,RAPCID_backbone_rapcid_backbone_150_model_3.cif.gz,/scratch/a2149a01/RAPCID_2610_output/backbone/RAPCID_backbone_rapcid_backbone_150_model_3.cif.gz,B,A,35,25,3.012,3.331,2.809,5,7,13,26,0.3333,94.82,chain1_F_chain2_E,0,3,1,0,3,1,0,6,1,1,11,10,0,1,1,1,1,1,1,0,0,pass_conserved_motif,0.55701,0,
backbone,RAPCID_backbone_rapcid_backbone_150_model_4.cif.gz,/scratch/a2149a01/RAPCID_2610_output/backbone/RAPCID_backbone_rapcid_backbone_150_model_4.cif.gz,B,A,35,25,3.089,3.325,3.005,6,4,16,22,0.4211,126.52,chain1_F_chain2_E,0,3,1,0,3,1,0,4,0,0,16,11,0,1,1,1,1,1,1,0,0,pass_conserved_motif,0.65446,0,
backbone,RAPCID_backbone_rapcid_backbone_150_model_5.cif.gz,/scratch/a2149a01/RAPCID_2610_output/backbone/RAPCID_backbone_rapcid_backbone_150_model_5.cif.gz,B,A,35,25,3.51,2.847,2.917,5,3,16,7,0.6957,118.42,chain1_F_chain2_E,0,2,1,0,2,1,0,5,1,0,10,12,0,1,1,1,1,1,1,0,0,pass_conserved_motif,0.57385,0,
backbone,RAPCID_backbone_rapcid_backbone_150_model_6.cif.gz,/scratch/a2149a01/RAPCID_2610_output/backbone/RAPCID_backbone_rapcid_backbone_150_model_6.cif.gz,B,A,35,25,3.102,3.155,3.259,5,4,16,20,0.4444,123.56,chain1_F_chain2_E,1,3,2,0,3,2,1,1,0,1,15,11,0,1,1,1,1,1,1,0,0,pass_conserved_motif,0.71274,0,
backbone,RAPCID_backbone_rapcid_backbone_150_model_7.cif.gz,/scratch/a2149a01/RAPCID_2610_output/backbone/RAPCID_backbone_rapcid_backbone_150_model_7.cif.gz,B,A,35,25,2.783,3.474,2.363,3,6,6,17,0.2609,141.67,chain1_F_chain2_E,0,3,1,0,3,1,0,2,0,0,11,10,0,1,1,1,1,1,1,0,0,pass_conserved_motif,0.63088,0,
backbone,RAPCID_backbone_rapcid_backbone_151_model_0.cif.gz,/scratch/a2149a01/RAPCID_2610_output/backbone/RAPCID_backbone_rapcid_backbone_151_model_0.cif.gz,A,B,23,15,5.549,2.797,3.295,5,5,12,14,0.4615,142.18,chain1_E_chain2_F,1,0,0,3,1,3,0,0,0,0,12,12,1,0,1,1,1,1,1,0,0,pass_conserved_motif,0.70283,0,
backbone,RAPCID_backbone_rapcid_backbone_151_model_1.cif.gz,/scratch/a2149a01/RAPCID_2610_output/backbone/RAPCID_backbone_rapcid_backbone_151_model_1.cif.gz,A,B,23,15,7.613,2.615,3.451,4,5,11,14,0.44,142.58,chain1_E_chain2_F,1,0,0,3,1,3,0,0,0,0,12,12,1,0,1,1,1,1,1,0,0,pass_conserved_motif,0.69555,0,
backbone,RAPCID_backbone_rapcid_backbone_151_model_2.cif.gz,/scratch/a2149a01/RAPCID_2610_output/backbone/RAPCID_backbone_rapcid_backbone_151_model_2.cif.gz,A,B,23,15,6.927,2.26,3.4,5,4,19,14,0.5758,154.74,chain1_E_chain2_F,1,0,0,2,1,2,0,0,0,0,12,12,1,0,1,1,1,1,1,0,0,pass_conserved_motif,0.70121,0,
backbone,RAPCID_backbone_rapcid_backbone_151_model_3.cif.gz,/scratch/a2149a01/RAPCID_2610_output/backbone/RAPCID_backbone_rapcid_backbone_151_model_3.cif.gz,A,B,23,15,5.761,3.19,3.693,6,5,22,11,0.6667,127.05,chain1_E_chain2_F,2,0,0,3,2,3,0,0,0,0,13,12,1,0,1,1,1,1,1,0,0,pass_conserved_motif,0.6297,0,
backbone,RAPCID_backbone_rapcid_backbone_151_model_4.cif.gz,/scratch/a2149a01/RAPCID_2610_output/backbone/RAPCID_backbone_rapcid_backbone_151_model_4.cif.gz,A,B,23,15,9.014,2.796,3.235,5,5,18,19,0.4865,164.51,chain1_E_chain2_F,1,0,0,3,1,3,0,0,0,0,12,12,1,0,1,1,1,1,1,0,0,pass_conserved_motif,0.75052,0,
backbone,RAPCID_backbone_rapcid_backbone_151_model_5.cif.gz,/scratch/a2149a01/RAPCID_2610_output/backbone/RAPCID_backbone_rapcid_backbone_151_model_5.cif.gz,A,B,23,15,9.177,2.571,3.183,6,5,18,19,0.4865,147.88,chain1_E_chain2_F,1,0,0,3,1,3,0,0,0,0,11,12,2,0,1,1,1,1,1,0,0,pass_conserved_motif,0.7318,0,
backbone,RAPCID_backbone_rapcid_backbone_151_model_6.cif.gz,/scratch/a2149a01/RAPCID_2610_output/backbone/RAPCID_backbone_rapcid_backbone_151_model_6.cif.gz,A,B,23,15,3.552,3.181,3.216,4,5,14,20,0.4118,125.16,chain1_E_chain2_F,2,0,0,3,2,3,1,1,0,1,10,12,1,0,1,1,1,1,1,0,0,pass_conserved_motif,0.70499,0,
backbone,RAPCID_backbone_rapcid_backbone_151_model_7.cif.gz,/scratch/a2149a01/RAPCID_2610_output/backbone/RAPCID_backbone_rapcid_backbone_151_model_7.cif.gz,A,B,23,15,5.97,2.771,3.24,4,6,13,19,0.4062,139.38,chain1_E_chain2_F,1,0,0,3,1,3,0,0,0,0,10,12,1,0,1,1,1,1,1,0,0,pass_conserved_motif,0.67139,0,
backbone,RAPCID_backbone_rapcid_backbone_152_model_0.cif.gz,/scratch/a2149a01/RAPCID_2610_output/backbone/RAPCID_backbone_rapcid_backbone_152_model_0.cif.gz,B,A,38,26,3.187,2.839,3.292,6,4,12,9,0.5714,135.38,chain1_F_chain2_E,0,2,1,0,2,1,0,5,0,0,11,8,0,1,1,1,1,1,1,0,0,pass_conserved_motif,0.6634,0,
backbone,RAPCID_backbone_rapcid_backbone_152_model_1.cif.gz,/scratch/a2149a01/RAPCID_2610_output/backbone/RAPCID_backbone_rapcid_backbone_152_model_1.cif.gz,B,A,38,26,7.222,3.184,3.176,8,2,22,4,0.8462,165.84,chain1_F_chain2_E,0,3,1,0,3,1,1,0,0,0,21,6,0,1,1,1,1,1,1,0,0,pass_conserved_motif,0.6416,0,
backbone,RAPCID_backbone_rapcid_backbone_152_model_2.cif.gz,/scratch/a2149a01/RAPCID_2610_output/backbone/RAPCID_backbone_rapcid_backbone_152_model_2.cif.gz,B,A,38,26,4.113,3.405,3.472,6,4,12,4,0.75,125.06,chain1_F_chain2_E,0,3,1,0,3,1,0,0,0,0,16,12,0,1,1,1,1,1,1,0,0,pass_conserved_motif,0.56117,0,
backbone,RAPCID_backbone_rapcid_backbone_152_model_3.cif.gz,/scratch/a2149a01/RAPCID_2610_output/backbone/RAPCID_backbone_rapcid_backbone_152_model_3.cif.gz,B,A,38,26,3.431,3.262,3.245,6,3,15,12,0.5556,134.72,chain1_F_chain2_E,1,2,1,0,2,1,0,1,1,1,13,8,0,1,1,1,1,1,1,0,0,pass_conserved_motif,0.68088,0,
backbone,RAPCID_backbone_rapcid_backbone_152_model_4.cif.gz,/scratch/a2149a01/RAPCID_2610_output/backbone/RAPCID_backbone_rapcid_backbone_152_model_4.cif.gz,B,A,38,26,10.814,3.377,3.323,6,3,20,9,0.6897,159.98,chain1_F_chain2_E,0,3,2,0,3,2,0,0,0,0,16,7,0,1,1,1,1,1,1,0,0,pass_conserved_motif,0.72372,0,
backbone,RAPCID_backbone_rapcid_backbone_152_model_5.cif.gz,/scratch/a2149a01/RAPCID_2610_output/backbone/RAPCID_backbone_rapcid_backbone_152_model_5.cif.gz,B,A,38,26,12.43,3.705,3.363,5,2,13,3,0.8125,152.89,chain1_F_chain2_E,0,3,1,0,3,1,0,0,0,0,16,8,0,1,1,0,1,1,1,0,0,pass_dual_rap_contact;pass_conserved_motif,0.62891,0,
backbone,RAPCID_backbone_rapcid_backbone_152_model_6.cif.gz,/scratch/a2149a01/RAPCID_2610_output/backbone/RAPCID_backbone_rapcid_backbone_152_model_6.cif.gz,B,A,38,26,4.028,3.101,2.716,4,4,10,13,0.4348,112.21,chain1_F_chain2_E,0,2,1,0,2,1,0,0,0,0,9,9,0,1,1,1,1,1,1,0,0,pass_conserved_motif,0.56365,0,
backbone,RAPCID_backbone_rapcid_backbone_152_model_7.cif.gz,/scratch/a2149a01/RAPCID_2610_output/backbone/RAPCID_backbone_rapcid_backbone_152_model_7.cif.gz,B,A,38,26,14.542,3.15,3.564,5,2,17,5,0.7727,176.66,chain1_F_chain2_E,0,3,1,0,3,1,0,0,0,0,16,8,0,1,1,1,1,1,1,0,0,pass_conserved_motif,0.60634,0,
backbone,RAPCID_backbone_rapcid_backbone_153_model_0.cif.gz,/scratch/a2149a01/RAPCID_2610_output/backbone/RAPCID_backbone_rapcid_backbone_153_model_0.cif.gz,B,A,40,24,3.019,3.034,2.945,5,6,13,11,0.5417,108.51,chain1_F_chain2_E,0,2,1,0,2,1,0,11,0,2,13,10,1,1,1,1,1,1,1,1,1,,0.61908,1,474
backbone,RAPCID_backbone_rapcid_backbone_153_model_1.cif.gz,/scratch/a2149a01/RAPCID_2610_output/backbone/RAPCID_backbone_rapcid_backbone_153_model_1.cif.gz,B,A,40,24,2.742,3.243,2.26,4,5,14,16,0.4667,127.77,chain1_F_chain2_E,0,3,1,0,3,1,0,7,0,1,9,11,1,1,1,1,1,1,1,1,1,,0.70853,1,172
backbone,RAPCID_backbone_rapcid_backbone_153_model_2.cif.gz,/scratch/a2149a01/RAPCID_2610_output/backbone/RAPCID_backbone_rapcid_backbone_153_model_2.cif.gz,B,A,40,24,7.582,2.173,3.458,5,5,16,10,0.6154,132.21,chain1_F_chain2_E,1,2,2,0,2,2,0,0,0,0,8,7,0,2,1,1,1,1,1,0,0,pass_conserved_motif,0.63883,0,
backbone,RAPCID_backbone_rapcid_backbone_153_model_3.cif.gz,/scratch/a2149a01/RAPCID_2610_output/backbone/RAPCID_backbone_rapcid_backbone_153_model_3.cif.gz,B,A,40,24,3.678,2.604,3.039,6,3,14,7,0.6667,132.28,chain1_F_chain2_E,0,2,1,0,2,1,0,3,0,0,10,9,0,1,1,1,1,1,1,0,0,pass_conserved_motif,0.60499,0,
backbone,RAPCID_backbone_rapcid_backbone_153_model_4.cif.gz,/scratch/a2149a01/RAPCID_2610_output/backbone/RAPCID_backbone_rapcid_backbone_153_model_4.cif.gz,B,A,40,24,3.095,3.556,2.943,5,4,9,16,0.36,131.99,chain1_F_chain2_E,0,2,1,0,2,1,0,4,0,0,10,13,1,1,1,1,1,1,1,1,1,,0.61968,1,472
backbone,RAPCID_backbone_rapcid_backbone_153_model_5.cif.gz,/scratch/a2149a01/RAPCID_2610_output/backbone/RAPCID_backbone_rapcid_backbone_153_model_5.cif.gz,B,A,40,24,3.336,3.184,2.766,4,4,15,10,0.6,117.72,chain1_F_chain2_E,1,2,1,0,2,1,0,2,0,0,10,9,0,1,1,1,1,1,1,0,0,pass_conserved_motif,0.57811,0,
backbone,RAPCID_backbone_rapcid_backbone_153_model_6.cif.gz,/scratch/a2149a01/RAPCID_2610_output/backbone/RAPCID_backbone_rapcid_backbone_153_model_6.cif.gz,B,A,40,24,3.727,3.1,2.244,5,3,17,10,0.6296,121.05,chain1_F_chain2_E,1,2,2,0,2,2,0,3,1,0,11,9,0,1,1,1,1,1,1,0,0,pass_conserved_motif,0.6276,0,
backbone,RAPCID_backbone_rapcid_backbone_153_model_7.cif.gz,/scratch/a2149a01/RAPCID_2610_output/backbone/RAPCID_backbone_rapcid_backbone_153_model_7.cif.gz,B,A,40,24,2.901,2.874,3.156,5,6,17,12,0.5862,105.45,chain1_F_chain2_E,1,2,1,0,2,1,0,7,0,1,11,9,0,1,1,1,1,1,1,0,0,pass_conserved_motif,0.58441,0,
backbone,RAPCID_backbone_rapcid_backbone_154_model_0.cif.gz,/scratch/a2149a01/RAPCID_2610_output/backbone/RAPCID_backbone_rapcid_backbone_154_model_0.cif.gz,A,B,33,16,2.026,2.107,2.885,7,5,18,19,0.4865,164.63,chain1_E_chain2_F,2,0,0,3,2,3,0,2,0,1,12,13,3,1,1,1,1,1,1,1,1,,0.80537,1,8
backbone,RAPCID_backbone_rapcid_backbone_154_model_1.cif.gz,/scratch/a2149a01/RAPCID_2610_output/backbone/RAPCID_backbone_rapcid_backbone_154_model_1.cif.gz,A,B,33,16,9.596,2.511,3.507,4,5,12,18,0.4,151.34,chain1_E_chain2_F,1,0,0,3,1,3,0,0,0,0,9,13,1,0,1,1,1,1,1,0,0,pass_conserved_motif,0.70874,0,
backbone,RAPCID_backbone_rapcid_backbone_154_model_2.cif.gz,/scratch/a2149a01/RAPCID_2610_output/backbone/RAPCID_backbone_rapcid_backbone_154_model_2.cif.gz,A,B,33,16,7.253,2.255,3.464,5,5,15,18,0.4545,151.21,chain1_E_chain2_F,1,0,0,3,1,3,0,0,0,0,10,13,1,0,1,1,1,1,1,0,0,pass_conserved_motif,0.73013,0,
backbone,RAPCID_backbone_rapcid_backbone_154_model_3.cif.gz,/scratch/a2149a01/RAPCID_2610_output/backbone/RAPCID_backbone_rapcid_backbone_154_model_3.cif.gz,A,B,33,16,2.247,2.037,3.499,8,6,18,16,0.5294,133.28,chain1_E_chain2_F,1,0,0,3,1,3,0,6,0,1,13,13,1,0,1,1,1,1,1,0,0,pass_conserved_motif,0.72346,0,
backbone,RAPCID_backbone_rapcid_backbone_154_model_4.cif.gz,/scratch/a2149a01/RAPCID_2610_output/backbone/RAPCID_backbone_rapcid_backbone_154_model_4.cif.gz,A,B,33,16,8.856,3.58,3.432,4,6,8,21,0.2759,154.51,chain1_E_chain2_F,1,0,0,3,1,3,0,0,0,0,10,14,1,0,1,1,1,1,1,0,0,pass_conserved_motif,0.66966,0,
backbone,RAPCID_backbone_rapcid_backbone_154_model_5.cif.gz,/scratch/a2149a01/RAPCID_2610_output/backbone/RAPCID_backbone_rapcid_backbone_154_model_5.cif.gz,A,B,33,16,4.776,2.504,3.236,5,5,18,20,0.4737,161.34,chain1_E_chain2_F,1,0,0,3,1,3,0,0,0,0,12,14,1,0,1,1,1,1,1,0,0,pass_conserved_motif,0.75595,0,
backbone,RAPCID_backbone_rapcid_backbone_154_model_6.cif.gz,/scratch/a2149a01/RAPCID_2610_output/backbone/RAPCID_backbone_rapcid_backbone_154_model_6.cif.gz,A,B,33,16,10.519,3.071,3.395,3,6,8,18,0.3077,163.19,chain1_E_chain2_F,1,0,0,3,1,3,0,0,0,0,11,14,2,0,1,1,1,1,1,0,0,pass_conserved_motif,0.6834,0,
backbone,RAPCID_backbone_rapcid_backbone_154_model_7.cif.gz,/scratch/a2149a01/RAPCID_2610_output/backbone/RAPCID_backbone_rapcid_backbone_154_model_7.cif.gz,A,B,33,16,8.699,3.364,3.614,5,5,11,16,0.4074,165.32,chain1_E_chain2_F,1,0,0,3,1,3,0,0,0,0,9,14,1,0,1,1,1,1,1,0,0,pass_conserved_motif,0.71618,0,
backbone,RAPCID_backbone_rapcid_backbone_155_model_0.cif.gz,/scratch/a2149a01/RAPCID_2610_output/backbone/RAPCID_backbone_rapcid_backbone_155_model_0.cif.gz,A,B,35,27,8.406,2.972,3.612,4,4,11,13,0.4583,142.34,chain1_E_chain2_F,1,0,0,3,1,3,0,0,0,0,9,9,1,0,1,1,1,1,1,0,0,pass_conserved_motif,0.7021,0,
backbone,RAPCID_backbone_rapcid_backbone_155_model_1.cif.gz,/scratch/a2149a01/RAPCID_2610_output/backbone/RAPCID_backbone_rapcid_backbone_155_model_1.cif.gz,A,B,35,27,12.472,2.788,3.954,4,5,7,7,0.5,156.8,chain1_E_chain2_F,1,0,0,3,1,3,0,0,0,0,9,9,1,0,1,1,1,1,1,0,0,pass_conserved_motif,0.76695,0,
backbone,RAPCID_backbone_rapcid_backbone_155_model_2.cif.gz,/scratch/a2149a01/RAPCID_2610_output/backbone/RAPCID_backbone_rapcid_backbone_155_model_2.cif.gz,A,B,35,27,3.245,2.096,3.543,6,3,13,10,0.5652,145.68,chain1_E_chain2_F,1,0,0,2,1,2,0,5,0,0,13,9,1,0,1,1,1,1,1,0,0,pass_conserved_motif,0.70024,0,
backbone,RAPCID_backbone_rapcid_backbone_155_model_3.cif.gz,/scratch/a2149a01/RAPCID_2610_output/backbone/RAPCID_backbone_rapcid_backbone_155_model_3.cif.gz,A,B,35,27,12.873,2.629,3.735,2,5,4,14,0.2222,149.35,chain1_E_chain2_F,1,0,0,3,1,3,0,0,0,0,8,9,1,0,1,1,1,1,1,0,0,pass_conserved_motif,0.63101,0,
backbone,RAPCID_backbone_rapcid_backbone_155_model_4.cif.gz,/scratch/a2149a01/RAPCID_2610_output/backbone/RAPCID_backbone_rapcid_backbone_155_model_4.cif.gz,A,B,35,27,3.729,2.854,3.51,4,4,10,12,0.4545,146.08,chain1_E_chain2_F,1,0,0,3,1,3,0,2,0,0,10,9,2,0,1,1,1,1,1,0,0,pass_conserved_motif,0.72305,0,
backbone,RAPCID_backbone_rapcid_backbone_155_model_5.cif.gz,/scratch/a2149a01/RAPCID_2610_output/backbone/RAPCID_backbone_rapcid_backbone_155_model_5.cif.gz,A,B,35,27,3.426,3.056,3.672,7,4,17,12,0.5862,129.74,chain1_E_chain2_F,2,0,0,3,2,3,0,2,0,1,14,9,2,1,1,1,1,1,1,1,1,,0.69751,1,208
backbone,RAPCID_backbone_rapcid_backbone_155_model_6.cif.gz,/scratch/a2149a01/RAPCID_2610_output/backbone/RAPCID_backbone_rapcid_backbone_155_model_6.cif.gz,A,B,35,27,11.933,2.133,3.267,4,4,13,11,0.5417,164.02,chain1_E_chain2_F,2,0,0,3,2,3,0,0,0,0,12,9,1,0,1,1,1,1,1,0,0,pass_conserved_motif,0.76946,0,
backbone,RAPCID_backbone_rapcid_backbone_155_model_7.cif.gz,/scratch/a2149a01/RAPCID_2610_output/backbone/RAPCID_backbone_rapcid_backbone_155_model_7.cif.gz,A,B,35,27,3.035,2.592,3.71,5,4,14,14,0.5,141.95,chain1_E_chain2_F,1,0,0,3,1,3,0,4,0,0,12,9,2,0,1,1,1,1,1,0,0,pass_conserved_motif,0.73745,0,
backbone,RAPCID_backbone_rapcid_backbone_156_model_0.cif.gz,/scratch/a2149a01/RAPCID_2610_output/backbone/RAPCID_backbone_rapcid_backbone_156_model_0.cif.gz,B,A,33,23,3.586,3.011,2.959,5,4,18,8,0.6923,120.29,chain1_F_chain2_E,1,2,1,0,2,1,0,5,0,1,10,8,1,1,1,1,1,1,1,1,1,,0.58141,1,548
backbone,RAPCID_backbone_rapcid_backbone_156_model_1.cif.gz,/scratch/a2149a01/RAPCID_2610_output/backbone/RAPCID_backbone_rapcid_backbone_156_model_1.cif.gz,B,A,33,23,2.661,2.153,2.908,5,4,14,15,0.4828,107.78,chain1_F_chain2_E,0,2,1,0,2,1,0,22,0,2,9,8,0,1,1,1,1,1,1,0,0,pass_conserved_motif,0.57143,0,
backbone,RAPCID_backbone_rapcid_backbone_156_model_2.cif.gz,/scratch/a2149a01/RAPCID_2610_output/backbone/RAPCID_backbone_rapcid_backbone_156_model_2.cif.gz,B,A,33,23,3.856,3.317,3.307,6,3,16,7,0.6957,126.48,chain1_F_chain2_E,1,3,1,0,3,1,0,2,1,0,12,10,0,1,1,1,1,1,1,0,0,pass_conserved_motif,0.6143,0,
backbone,RAPCID_backbone_rapcid_backbone_156_model_3.cif.gz,/scratch/a2149a01/RAPCID_2610_output/backbone/RAPCID_backbone_rapcid_backbone_156_model_3.cif.gz,B,A,33,23,3.107,2.78,2.747,7,6,14,14,0.5,131.94,chain1_F_chain2_E,0,3,1,0,3,1,0,7,0,0,11,12,0,1,1,1,1,1,1,0,0,pass_conserved_motif,0.7191,0,
backbone,RAPCID_backbone_rapcid_backbone_156_model_4.cif.gz,/scratch/a2149a01/RAPCID_2610_output/backbone/RAPCID_backbone_rapcid_backbone_156_model_4.cif.gz,B,A,33,23,2.401,2.192,3.134,6,4,21,16,0.5676,102.14,chain1_F_chain2_E,0,2,1,0,2,1,0,22,1,0,9,8,1,1,1,1,1,1,1,1,1,,0.51584,1,631
backbone,RAPCID_backbone_rapcid_backbone_156_model_5.cif.gz,/scratch/a2149a01/RAPCID_2610_output/backbone/RAPCID_backbone_rapcid_backbone_156_model_5.cif.gz,B,A,33,23,3.488,2.849,2.779,5,5,13,17,0.4333,132.8,chain1_F_chain2_E,1,2,1,0,2,1,0,2,0,0,11,10,0,1,1,1,1,1,1,0,0,pass_conserved_motif,0.64173,0,
backbone,RAPCID_backbone_rapcid_backbone_156_model_6.cif.gz,/scratch/a2149a01/RAPCID_2610_output/backbone/RAPCID_backbone_rapcid_backbone_156_model_6.cif.gz,B,A,33,23,3.503,3.166,3.098,6,4,16,15,0.5161,124.55,chain1_F_chain2_E,0,2,1,0,2,1,0,2,1,1,11,11,1,1,1,1,1,1,1,1,1,,0.66776,1,319
backbone,RAPCID_backbone_rapcid_backbone_156_model_7.cif.gz,/scratch/a2149a01/RAPCID_2610_output/backbone/RAPCID_backbone_rapcid_backbone_156_model_7.cif.gz,B,A,33,23,3.573,3.148,2.61,5,3,15,12,0.5556,151.89,chain1_F_chain2_E,0,2,2,0,2,2,1,1,0,0,8,8,0,1,1,1,1,1,1,0,0,pass_conserved_motif,0.76193,0,
backbone,RAPCID_backbone_rapcid_backbone_157_model_0.cif.gz,/scratch/a2149a01/RAPCID_2610_output/backbone/RAPCID_backbone_rapcid_backbone_157_model_0.cif.gz,B,A,22,18,9.217,2.849,1.672,5,5,19,14,0.5758,137.83,chain1_F_chain2_E,0,3,2,0,3,2,1,0,0,0,16,9,0,1,0,1,1,1,1,0,0,pass_no_clash;pass_conserved_motif,0.73057,0,
backbone,RAPCID_backbone_rapcid_backbone_157_model_1.cif.gz,/scratch/a2149a01/RAPCID_2610_output/backbone/RAPCID_backbone_rapcid_backbone_157_model_1.cif.gz,B,A,22,18,11.197,3.407,2.877,5,3,11,13,0.4583,149.76,chain1_F_chain2_E,0,3,1,0,3,1,0,0,0,0,15,9,0,1,1,1,1,1,1,0,0,pass_conserved_motif,0.7268,0,
backbone,RAPCID_backbone_rapcid_backbone_157_model_2.cif.gz,/scratch/a2149a01/RAPCID_2610_output/backbone/RAPCID_backbone_rapcid_backbone_157_model_2.cif.gz,B,A,22,18,12.507,3.559,3.63,5,2,18,3,0.8571,174.88,chain1_F_chain2_E,0,3,1,0,3,1,0,0,0,0,16,7,0,1,1,0,1,1,1,0,0,pass_dual_rap_contact;pass_conserved_motif,0.57849,0,
backbone,RAPCID_backbone_rapcid_backbone_157_model_3.cif.gz,/scratch/a2149a01/RAPCID_2610_output/backbone/RAPCID_backbone_rapcid_backbone_157_model_3.cif.gz,B,A,22,18,11.099,3.532,3.152,5,4,19,12,0.6129,144.13,chain1_F_chain2_E,0,3,2,0,3,2,1,0,0,0,13,9,0,1,1,1,1,1,1,0,0,pass_conserved_motif,0.73669,0,
backbone,RAPCID_backbone_rapcid_backbone_157_model_4.cif.gz,/scratch/a2149a01/RAPCID_2610_output/backbone/RAPCID_backbone_rapcid_backbone_157_model_4.cif.gz,B,A,22,18,10.738,3.075,3.211,6,4,19,8,0.7037,162.05,chain1_F_chain2_E,0,3,2,0,3,2,0,0,0,0,16,9,0,2,1,1,1,1,1,0,0,pass_conserved_motif,0.71122,0,
backbone,RAPCID_backbone_rapcid_backbone_157_model_5.cif.gz,/scratch/a2149a01/RAPCID_2610_output/backbone/RAPCID_backbone_rapcid_backbone_157_model_5.cif.gz,B,A,22,18,10.807,3.381,2.78,5,4,18,17,0.5143,164.21,chain1_F_chain2_E,0,3,1,0,3,1,0,0,0,0,14,9,1,1,1,1,1,1,1,1,1,,0.75121,1,61
backbone,RAPCID_backbone_rapcid_backbone_157_model_6.cif.gz,/scratch/a2149a01/RAPCID_2610_output/backbone/RAPCID_backbone_rapcid_backbone_157_model_6.cif.gz,B,A,22,18,11.978,3.28,3.783,5,2,24,5,0.8276,169.53,chain1_F_chain2_E,0,3,1,0,3,1,0,0,0,0,17,7,0,1,1,1,1,1,1,0,0,pass_conserved_motif,0.60816,0,
backbone,RAPCID_backbone_rapcid_backbone_157_model_7.cif.gz,/scratch/a2149a01/RAPCID_2610_output/backbone/RAPCID_backbone_rapcid_backbone_157_model_7.cif.gz,B,A,22,18,6.275,3.191,2.214,4,4,15,12,0.5556,147.69,chain1_F_chain2_E,0,2,2,0,2,2,1,0,0,0,16,8,0,1,1,1,1,1,1,0,0,pass_conserved_motif,0.74292,0,
backbone,RAPCID_backbone_rapcid_backbone_158_model_0.cif.gz,/scratch/a2149a01/RAPCID_2610_output/backbone/RAPCID_backbone_rapcid_backbone_158_model_0.cif.gz,B,A,48,27,3.411,3.382,2.849,5,5,15,13,0.5357,117.9,chain1_F_chain2_E,1,2,1,0,2,1,0,3,1,0,9,19,1,2,1,1,1,1,1,1,1,,0.6261,1,450
backbone,RAPCID_backbone_rapcid_backbone_158_model_1.cif.gz,/scratch/a2149a01/RAPCID_2610_output/backbone/RAPCID_backbone_rapcid_backbone_158_model_1.cif.gz,B,A,48,27,2.579,2.646,2.583,5,3,22,14,0.6111,106.11,chain1_F_chain2_E,1,2,2,0,2,2,0,4,2,1,8,11,0,2,1,1,1,1,1,0,0,pass_conserved_motif,0.62354,0,
backbone,RAPCID_backbone_rapcid_backbone_158_model_2.cif.gz,/scratch/a2149a01/RAPCID_2610_output/backbone/RAPCID_backbone_rapcid_backbone_158_model_2.cif.gz,B,A,48,27,3.263,2.955,2.989,6,5,17,17,0.5,108.71,chain1_F_chain2_E,0,2,2,0,2,2,0,8,2,1,12,11,1,1,1,1,1,1,1,1,1,,0.69665,1,215
backbone,RAPCID_backbone_rapcid_backbone_158_model_3.cif.gz,/scratch/a2149a01/RAPCID_2610_output/backbone/RAPCID_backbone_rapcid_backbone_158_model_3.cif.gz,B,A,48,27,2.728,3.113,3.057,5,3,12,10,0.5455,122.85,chain1_F_chain2_E,0,1,1,0,1,1,0,6,0,1,12,10,0,1,1,1,1,1,1,0,0,pass_conserved_motif,0.62511,0,
backbone,RAPCID_backbone_rapcid_backbone_158_model_4.cif.gz,/scratch/a2149a01/RAPCID_2610_output/backbone/RAPCID_backbone_rapcid_backbone_158_model_4.cif.gz,B,A,48,27,2.871,1.413,2.866,6,4,16,10,0.6154,123.61,chain1_F_chain2_E,0,3,1,0,3,1,0,2,1,0,13,15,0,1,0,1,1,1,1,0,0,pass_no_clash;pass_conserved_motif,0.63683,0,
backbone,RAPCID_backbone_rapcid_backbone_158_model_5.cif.gz,/scratch/a2149a01/RAPCID_2610_output/backbone/RAPCID_backbone_rapcid_backbone_158_model_5.cif.gz,B,A,48,27,2.99,3.587,3.098,6,3,12,13,0.48,106.43,chain1_F_chain2_E,0,2,1,0,2,1,0,3,0,0,13,9,0,1,1,1,1,1,1,0,0,pass_conserved_motif,0.57748,0,
backbone,RAPCID_backbone_rapcid_backbone_158_model_6.cif.gz,/scratch/a2149a01/RAPCID_2610_output/backbone/RAPCID_backbone_rapcid_backbone_158_model_6.cif.gz,B,A,48,27,3.265,2.996,2.894,4,4,13,16,0.4483,119.76,chain1_F_chain2_E,1,2,3,0,2,3,1,3,1,1,9,11,0,1,1,1,1,1,1,0,0,pass_conserved_motif,0.72827,0,
backbone,RAPCID_backbone_rapcid_backbone_158_model_7.cif.gz,/scratch/a2149a01/RAPCID_2610_output/backbone/RAPCID_backbone_rapcid_backbone_158_model_7.cif.gz,B,A,48,27,3.863,2.588,3.255,7,5,16,10,0.6154,126.36,chain1_F_chain2_E,1,3,1,0,3,1,0,1,0,0,16,10,0,2,1,1,1,1,1,0,0,pass_conserved_motif,0.62434,0,
backbone,RAPCID_backbone_rapcid_backbone_159_model_0.cif.gz,/scratch/a2149a01/RAPCID_2610_output/backbone/RAPCID_backbone_rapcid_backbone_159_model_0.cif.gz,A,B,36,25,9.964,3.002,3.827,4,5,20,11,0.6452,163.83,chain1_E_chain2_F,2,0,0,3,2,3,1,0,0,0,11,10,1,0,1,1,1,1,1,0,0,pass_conserved_motif,0.75725,0,
backbone,RAPCID_backbone_rapcid_backbone_159_model_1.cif.gz,/scratch/a2149a01/RAPCID_2610_output/backbone/RAPCID_backbone_rapcid_backbone_159_model_1.cif.gz,A,B,36,25,9.4,2.765,3.783,5,4,15,9,0.625,148.5,chain1_E_chain2_F,1,0,0,3,1,3,0,0,0,0,12,10,1,0,1,1,1,1,1,0,0,pass_conserved_motif,0.68929,0,
backbone,RAPCID_backbone_rapcid_backbone_159_model_2.cif.gz,/scratch/a2149a01/RAPCID_2610_output/backbone/RAPCID_backbone_rapcid_backbone_159_model_2.cif.gz,A,B,36,25,3.903,2.714,3.446,5,4,17,14,0.5484,141.68,chain1_E_chain2_F,1,0,0,3,1,3,1,1,0,0,11,10,2,0,1,1,1,1,1,0,0,pass_conserved_motif,0.73077,0,
backbone,RAPCID_backbone_rapcid_backbone_159_model_3.cif.gz,/scratch/a2149a01/RAPCID_2610_output/backbone/RAPCID_backbone_rapcid_backbone_159_model_3.cif.gz,A,B,36,25,11.413,2.744,3.428,3,5,7,13,0.35,159.69,chain1_E_chain2_F,1,0,0,3,1,3,0,0,0,0,10,10,1,1,1,1,1,1,1,1,1,,0.71199,1,160
backbone,RAPCID_backbone_rapcid_backbone_159_model_4.cif.gz,/scratch/a2149a01/RAPCID_2610_output/backbone/RAPCID_backbone_rapcid_backbone_159_model_4.cif.gz,A,B,36,25,8.36,2.937,3.151,3,4,12,16,0.4286,146.54,chain1_E_chain2_F,1,0,0,3,1,3,0,0,0,0,10,10,2,0,1,1,1,1,1,0,0,pass_conserved_motif,0.70419,0,
backbone,RAPCID_backbone_rapcid_backbone_159_model_5.cif.gz,/scratch/a2149a01/RAPCID_2610_output/backbone/RAPCID_backbone_rapcid_backbone_159_model_5.cif.gz,A,B,36,25,8.381,3.027,3.866,3,5,6,10,0.375,157.18,chain1_E_chain2_F,1,0,0,3,1,3,0,0,0,0,11,10,1,0,1,1,1,1,1,0,0,pass_conserved_motif,0.71823,0,
backbone,RAPCID_backbone_rapcid_backbone_159_model_6.cif.gz,/scratch/a2149a01/RAPCID_2610_output/backbone/RAPCID_backbone_rapcid_backbone_159_model_6.cif.gz,A,B,36,25,9.751,3.072,3.342,3,4,12,14,0.4615,143.15,chain1_E_chain2_F,1,0,0,3,1,3,0,0,0,0,11,10,1,0,1,1,1,1,1,0,0,pass_conserved_motif,0.70607,0,
backbone,RAPCID_backbone_rapcid_backbone_159_model_7.cif.gz,/scratch/a2149a01/RAPCID_2610_output/backbone/RAPCID_backbone_rapcid_backbone_159_model_7.cif.gz,A,B,36,25,9.694,3.226,3.968,4,4,10,13,0.4348,137.09,chain1_E_chain2_F,1,0,0,3,1,3,0,0,0,0,9,10,1,1,1,1,1,1,1,1,1,,0.67517,1,286
backbone,RAPCID_backbone_rapcid_backbone_15_model_0.cif.gz,/scratch/a2149a01/RAPCID_2610_output/backbone/RAPCID_backbone_rapcid_backbone_15_model_0.cif.gz,B,A,48,22,4.679,2.587,3.292,5,5,18,13,0.5806,126.33,chain1_F_chain2_E,1,2,1,0,2,1,0,0,0,0,12,9,0,1,1,1,1,1,1,0,0,pass_conserved_motif,0.60454,0,
backbone,RAPCID_backbone_rapcid_backbone_15_model_1.cif.gz,/scratch/a2149a01/RAPCID_2610_output/backbone/RAPCID_backbone_rapcid_backbone_15_model_1.cif.gz,B,A,48,22,3.607,3.411,3.379,6,2,18,3,0.8571,138.22,chain1_F_chain2_E,0,2,1,0,2,1,0,1,0,0,13,7,0,1,1,0,1,1,1,0,0,pass_dual_rap_contact;pass_conserved_motif,0.5386,0,
backbone,RAPCID_backbone_rapcid_backbone_15_model_2.cif.gz,/scratch/a2149a01/RAPCID_2610_output/backbone/RAPCID_backbone_rapcid_backbone_15_model_2.cif.gz,B,A,48,22,7.986,2.692,3.131,5,2,17,4,0.8095,120.59,chain1_F_chain2_E,0,2,1,0,2,1,0,0,0,0,8,9,0,1,1,1,1,1,1,0,0,pass_conserved_motif,0.49389,0,
backbone,RAPCID_backbone_rapcid_backbone_15_model_3.cif.gz,/scratch/a2149a01/RAPCID_2610_output/backbone/RAPCID_backbone_rapcid_backbone_15_model_3.cif.gz,B,A,48,22,3.711,3.012,2.749,8,2,15,6,0.7143,134.46,chain1_F_chain2_E,1,3,1,0,3,1,0,1,0,0,14,6,0,1,1,1,1,1,1,0,0,pass_conserved_motif,0.61178,0,
backbone,RAPCID_backbone_rapcid_backbone_15_model_4.cif.gz,/scratch/a2149a01/RAPCID_2610_output/backbone/RAPCID_backbone_rapcid_backbone_15_model_4.cif.gz,B,A,48,22,9.613,2.8,3.366,4,3,12,9,0.5714,146.19,chain1_F_chain2_E,0,2,0,0,2,0,1,0,0,0,12,8,0,1,1,1,1,1,1,0,0,pass_conserved_motif,0.67446,0,
backbone,RAPCID_backbone_rapcid_backbone_15_model_5.cif.gz,/scratch/a2149a01/RAPCID_2610_output/backbone/RAPCID_backbone_rapcid_backbone_15_model_5.cif.gz,B,A,48,22,7.358,3.742,1.86,6,5,9,14,0.3913,146.84,chain1_F_chain2_E,0,2,2,0,2,2,1,0,0,0,10,8,0,1,0,1,1,1,1,0,0,pass_no_clash;pass_conserved_motif,0.71886,0,
backbone,RAPCID_backbone_rapcid_backbone_15_model_6.cif.gz,/scratch/a2149a01/RAPCID_2610_output/backbone/RAPCID_backbone_rapcid_backbone_15_model_6.cif.gz,B,A,48,22,3.595,3.043,3.573,5,4,14,11,0.56,112.67,chain1_F_chain2_E,1,2,1,0,2,1,0,2,1,1,11,10,0,1,1,1,1,1,1,0,0,pass_conserved_motif,0.61063,0,
backbone,RAPCID_backbone_rapcid_backbone_15_model_7.cif.gz,/scratch/a2149a01/RAPCID_2610_output/backbone/RAPCID_backbone_rapcid_backbone_15_model_7.cif.gz,B,A,48,22,5.994,3.112,2.866,5,3,12,7,0.6316,129.23,chain1_F_chain2_E,1,2,1,0,2,1,0,0,0,0,10,8,0,1,1,1,1,1,1,0,0,pass_conserved_motif,0.59386,0,
backbone,RAPCID_backbone_rapcid_backbone_160_model_0.cif.gz,/scratch/a2149a01/RAPCID_2610_output/backbone/RAPCID_backbone_rapcid_backbone_160_model_0.cif.gz,B,A,44,39,2.357,3.177,2.495,7,5,21,16,0.5676,113.84,chain1_F_chain2_E,1,3,1,0,3,1,0,15,1,1,12,10,0,1,1,1,1,1,1,0,0,pass_conserved_motif,0.63505,0,
backbone,RAPCID_backbone_rapcid_backbone_160_model_1.cif.gz,/scratch/a2149a01/RAPCID_2610_output/backbone/RAPCID_backbone_rapcid_backbone_160_model_1.cif.gz,B,A,44,39,3.119,3.128,2.896,6,4,11,18,0.3793,114.96,chain1_F_chain2_E,0,2,1,0,2,1,1,13,0,1,13,8,0,1,1,1,1,1,1,0,0,pass_conserved_motif,0.61087,0,
backbone,RAPCID_backbone_rapcid_backbone_160_model_2.cif.gz,/scratch/a2149a01/RAPCID_2610_output/backbone/RAPCID_backbone_rapcid_backbone_160_model_2.cif.gz,B,A,44,39,3.942,2.343,2.135,11,6,36,16,0.6923,132.53,chain1_F_chain2_E,1,3,1,0,3,1,0,1,1,0,20,12,0,1,1,1,1,1,1,0,0,pass_conserved_motif,0.63078,0,
backbone,RAPCID_backbone_rapcid_backbone_160_model_3.cif.gz,/scratch/a2149a01/RAPCID_2610_output/backbone/RAPCID_backbone_rapcid_backbone_160_model_3.cif.gz,B,A,44,39,3.378,2.793,2.906,10,4,36,12,0.75,131.7,chain1_F_chain2_E,1,3,2,0,3,2,0,5,0,0,15,10,0,2,1,1,1,1,1,0,0,pass_conserved_motif,0.63686,0,
backbone,RAPCID_backbone_rapcid_backbone_160_model_4.cif.gz,/scratch/a2149a01/RAPCID_2610_output/backbone/RAPCID_backbone_rapcid_backbone_160_model_4.cif.gz,B,A,44,39,3.323,3.287,2.401,4,4,12,13,0.48,118.87,chain1_F_chain2_E,0,3,1,0,3,1,0,16,0,0,13,12,0,1,1,1,1,1,1,0,0,pass_conserved_motif,0.63253,0,
backbone,RAPCID_backbone_rapcid_backbone_160_model_5.cif.gz,/scratch/a2149a01/RAPCID_2610_output/backbone/RAPCID_backbone_rapcid_backbone_160_model_5.cif.gz,B,A,44,39,3.338,3.094,2.875,5,4,12,11,0.5217,116.5,chain1_F_chain2_E,0,2,1,0,2,1,0,2,1,1,10,9,0,1,1,1,1,1,1,0,0,pass_conserved_motif,0.63869,0,
backbone,RAPCID_backbone_rapcid_backbone_160_model_6.cif.gz,/scratch/a2149a01/RAPCID_2610_output/backbone/RAPCID_backbone_rapcid_backbone_160_model_6.cif.gz,B,A,44,39,3.166,2.38,2.441,6,5,18,17,0.5143,108.81,chain1_F_chain2_E,1,2,3,0,2,3,0,9,1,2,12,13,0,2,1,1,1,1,1,0,0,pass_conserved_motif,0.71485,0,
backbone,RAPCID_backbone_rapcid_backbone_160_model_7.cif.gz,/scratch/a2149a01/RAPCID_2610_output/backbone/RAPCID_backbone_rapcid_backbone_160_model_7.cif.gz,B,A,44,39,7.776,3.34,3.106,9,5,27,9,0.75,133.67,chain1_F_chain2_E,0,3,1,0,3,1,0,0,0,0,22,9,0,1,1,1,1,1,1,0,0,pass_conserved_motif,0.58986,0,
backbone,RAPCID_backbone_rapcid_backbone_161_model_0.cif.gz,/scratch/a2149a01/RAPCID_2610_output/backbone/RAPCID_backbone_rapcid_backbone_161_model_0.cif.gz,A,B,23,15,9.935,3.869,3.714,2,5,4,12,0.25,155.09,chain1_E_chain2_F,0,0,0,3,0,3,1,0,0,0,5,13,1,0,1,1,1,1,1,0,0,pass_conserved_motif,0.66127,0,
backbone,RAPCID_backbone_rapcid_backbone_161_model_1.cif.gz,/scratch/a2149a01/RAPCID_2610_output/backbone/RAPCID_backbone_rapcid_backbone_161_model_1.cif.gz,A,B,23,15,5.759,2.241,3.036,4,5,21,18,0.5385,150.69,chain1_E_chain2_F,2,0,0,3,2,3,1,0,0,0,8,13,1,1,1,1,1,1,1,1,1,,0.78835,1,14
backbone,RAPCID_backbone_rapcid_backbone_161_model_2.cif.gz,/scratch/a2149a01/RAPCID_2610_output/backbone/RAPCID_backbone_rapcid_backbone_161_model_2.cif.gz,A,B,23,15,11.639,2.817,3.546,3,5,17,9,0.6538,153.33,chain1_E_chain2_F,2,0,0,3,2,3,1,0,0,0,8,13,1,0,1,1,1,1,1,0,0,pass_conserved_motif,0.75097,0,
backbone,RAPCID_backbone_rapcid_backbone_161_model_3.cif.gz,/scratch/a2149a01/RAPCID_2610_output/backbone/RAPCID_backbone_rapcid_backbone_161_model_3.cif.gz,A,B,23,15,8.204,1.966,2.702,4,5,19,16,0.5429,138.66,chain1_E_chain2_F,2,0,0,3,2,3,1,0,0,0,8,13,1,0,0,1,1,1,1,0,0,pass_no_clash;pass_conserved_motif,0.7465,0,
backbone,RAPCID_backbone_rapcid_backbone_161_model_4.cif.gz,/scratch/a2149a01/RAPCID_2610_output/backbone/RAPCID_backbone_rapcid_backbone_161_model_4.cif.gz,A,B,23,15,6.052,2.377,3.139,5,5,14,20,0.4118,150.05,chain1_E_chain2_F,2,0,0,3,2,3,1,0,0,0,8,13,1,0,1,1,1,1,1,0,0,pass_conserved_motif,0.76631,0,
backbone,RAPCID_backbone_rapcid_backbone_161_model_5.cif.gz,/scratch/a2149a01/RAPCID_2610_output/backbone/RAPCID_backbone_rapcid_backbone_161_model_5.cif.gz,A,B,23,15,10.743,3.258,3.344,3,5,8,20,0.2857,161.67,chain1_E_chain2_F,1,0,0,3,1,3,0,0,0,0,8,13,1,0,1,1,1,1,1,0,0,pass_conserved_motif,0.67968,0,
backbone,RAPCID_backbone_rapcid_backbone_161_model_6.cif.gz,/scratch/a2149a01/RAPCID_2610_output/backbone/RAPCID_backbone_rapcid_backbone_161_model_6.cif.gz,A,B,23,15,10.662,2.659,3.322,4,5,17,18,0.4857,147.76,chain1_E_chain2_F,3,0,0,3,3,3,0,0,0,0,10,13,1,0,1,1,1,1,1,0,0,pass_conserved_motif,0.78824,0,
backbone,RAPCID_backbone_rapcid_backbone_161_model_7.cif.gz,/scratch/a2149a01/RAPCID_2610_output/backbone/RAPCID_backbone_rapcid_backbone_161_model_7.cif.gz,A,B,23,15,8.911,1.806,3.776,4,5,13,12,0.52,158.2,chain1_E_chain2_F,2,0,0,3,2,3,1,0,0,0,7,13,1,0,0,1,1,1,1,0,0,pass_no_clash;pass_conserved_motif,0.82076,0,
backbone,RAPCID_backbone_rapcid_backbone_162_model_0.cif.gz,/scratch/a2149a01/RAPCID_2610_output/backbone/RAPCID_backbone_rapcid_backbone_162_model_0.cif.gz,B,A,49,36,3.009,3.124,2.061,6,6,15,15,0.5,127.81,chain1_F_chain2_E,0,2,1,0,2,1,0,17,0,1,13,15,0,1,1,1,1,1,1,0,0,pass_conserved_motif,0.6534,0,
backbone,RAPCID_backbone_rapcid_backbone_162_model_1.cif.gz,/scratch/a2149a01/RAPCID_2610_output/backbone/RAPCID_backbone_rapcid_backbone_162_model_1.cif.gz,B,A,49,36,3.32,3.14,2.912,4,5,10,12,0.4545,106.74,chain1_F_chain2_E,0,2,1,0,2,1,0,4,0,1,8,13,0,1,1,1,1,1,1,0,0,pass_conserved_motif,0.59,0,
backbone,RAPCID_backbone_rapcid_backbone_162_model_2.cif.gz,/scratch/a2149a01/RAPCID_2610_output/backbone/RAPCID_backbone_rapcid_backbone_162_model_2.cif.gz,B,A,49,36,3.516,2.753,3.298,5,3,14,6,0.7,123.35,chain1_F_chain2_E,0,2,1,0,2,1,0,3,0,0,8,9,0,1,1,1,1,1,1,0,0,pass_conserved_motif,0.56187,0,
backbone,RAPCID_backbone_rapcid_backbone_162_model_3.cif.gz,/scratch/a2149a01/RAPCID_2610_output/backbone/RAPCID_backbone_rapcid_backbone_162_model_3.cif.gz,B,A,49,36,2.472,2.475,2.975,7,3,16,9,0.64,105.49,chain1_F_chain2_E,0,2,1,0,2,1,0,14,2,1,12,12,0,1,1,1,1,1,1,0,0,pass_conserved_motif,0.57135,0,
backbone,RAPCID_backbone_rapcid_backbone_162_model_4.cif.gz,/scratch/a2149a01/RAPCID_2610_output/backbone/RAPCID_backbone_rapcid_backbone_162_model_4.cif.gz,B,A,49,36,3.07,3.451,1.992,7,3,12,8,0.6,114.98,chain1_F_chain2_E,0,2,1,0,2,1,0,10,0,0,13,10,0,1,0,1,1,1,1,0,0,pass_no_clash;pass_conserved_motif,0.58897,0,
backbone,RAPCID_backbone_rapcid_backbone_162_model_5.cif.gz,/scratch/a2149a01/RAPCID_2610_output/backbone/RAPCID_backbone_rapcid_backbone_162_model_5.cif.gz,B,A,49,36,3.512,2.682,3.176,4,5,9,12,0.4286,126.54,chain1_F_chain2_E,0,2,1,0,2,1,0,2,0,0,9,9,0,1,1,1,1,1,1,0,0,pass_conserved_motif,0.61893,0,
backbone,RAPCID_backbone_rapcid_backbone_162_model_6.cif.gz,/scratch/a2149a01/RAPCID_2610_output/backbone/RAPCID_backbone_rapcid_backbone_162_model_6.cif.gz,B,A,49,36,3.49,3.432,2.412,6,3,8,10,0.4444,131.63,chain1_F_chain2_E,0,2,1,0,2,1,0,2,0,0,14,12,0,1,1,1,1,1,1,0,0,pass_conserved_motif,0.64227,0,
backbone,RAPCID_backbone_rapcid_backbone_162_model_7.cif.gz,/scratch/a2149a01/RAPCID_2610_output/backbone/RAPCID_backbone_rapcid_backbone_162_model_7.cif.gz,B,A,49,36,3.201,2.701,2.502,5,4,16,17,0.4848,105.05,chain1_F_chain2_E,1,2,1,0,2,1,0,4,1,2,12,10,0,1,1,1,1,1,1,0,0,pass_conserved_motif,0.62983,0,
backbone,RAPCID_backbone_rapcid_backbone_163_model_0.cif.gz,/scratch/a2149a01/RAPCID_2610_output/backbone/RAPCID_backbone_rapcid_backbone_163_model_0.cif.gz,A,B,37,29,3.071,2.425,3.053,4,4,16,11,0.5926,131.46,chain1_E_chain2_F,2,0,1,2,2,2,1,8,0,0,12,9,2,0,1,1,1,1,1,0,0,pass_conserved_motif,0.71403,0,
backbone,RAPCID_backbone_rapcid_backbone_163_model_1.cif.gz,/scratch/a2149a01/RAPCID_2610_output/backbone/RAPCID_backbone_rapcid_backbone_163_model_1.cif.gz,A,B,37,29,2.99,2.904,2.888,3,4,9,15,0.375,124.76,chain1_E_chain2_F,1,0,0,2,1,2,0,8,1,0,10,10,1,0,1,1,1,1,1,0,0,pass_conserved_motif,0.63826,0,
backbone,RAPCID_backbone_rapcid_backbone_163_model_2.cif.gz,/scratch/a2149a01/RAPCID_2610_output/backbone/RAPCID_backbone_rapcid_backbone_163_model_2.cif.gz,A,B,37,29,3.3,3.059,3.109,4,5,12,12,0.5,132.24,chain1_E_chain2_F,1,0,0,2,1,2,0,5,0,0,9,11,1,1,1,1,1,1,1,1,1,,0.68152,1,266
backbone,RAPCID_backbone_rapcid_backbone_163_model_3.cif.gz,/scratch/a2149a01/RAPCID_2610_output/backbone/RAPCID_backbone_rapcid_backbone_163_model_3.cif.gz,A,B,37,29,2.997,3.068,3.294,3,6,8,17,0.32,119.46,chain1_E_chain2_F,1,0,0,3,1,3,0,6,0,0,9,10,1,0,1,1,1,1,1,0,0,pass_conserved_motif,0.60048,0,
backbone,RAPCID_backbone_rapcid_backbone_163_model_4.cif.gz,/scratch/a2149a01/RAPCID_2610_output/backbone/RAPCID_backbone_rapcid_backbone_163_model_4.cif.gz,A,B,37,29,2.927,2.938,3.033,5,5,11,14,0.44,133.09,chain1_E_chain2_F,1,0,0,2,1,2,0,11,2,0,9,10,1,0,1,1,1,1,1,0,0,pass_conserved_motif,0.69367,0,
backbone,RAPCID_backbone_rapcid_backbone_163_model_5.cif.gz,/scratch/a2149a01/RAPCID_2610_output/backbone/RAPCID_backbone_rapcid_backbone_163_model_5.cif.gz,A,B,37,29,4.042,3.157,3.558,4,5,7,12,0.3684,148.73,chain1_E_chain2_F,1,0,0,3,1,3,0,0,0,0,15,11,2,0,1,1,1,1,1,0,0,pass_conserved_motif,0.68742,0,
backbone,RAPCID_backbone_rapcid_backbone_163_model_6.cif.gz,/scratch/a2149a01/RAPCID_2610_output/backbone/RAPCID_backbone_rapcid_backbone_163_model_6.cif.gz,A,B,37,29,3.431,2.832,2.764,4,4,18,12,0.6,125.86,chain1_E_chain2_F,2,0,0,2,2,2,0,6,0,0,12,10,1,0,1,1,1,1,1,0,0,pass_conserved_motif,0.65383,0,
backbone,RAPCID_backbone_rapcid_backbone_163_model_7.cif.gz,/scratch/a2149a01/RAPCID_2610_output/backbone/RAPCID_backbone_rapcid_backbone_163_model_7.cif.gz,A,B,37,29,4.092,3.106,3.432,3,7,7,17,0.2917,148.64,chain1_E_chain2_F,1,0,0,3,1,3,0,0,0,0,9,11,1,0,1,1,1,1,1,0,0,pass_conserved_motif,0.65643,0,
backbone,RAPCID_backbone_rapcid_backbone_164_model_0.cif.gz,/scratch/a2149a01/RAPCID_2610_output/backbone/RAPCID_backbone_rapcid_backbone_164_model_0.cif.gz,A,B,51,20,10.947,2.868,3.609,2,5,8,17,0.32,161.57,chain1_E_chain2_F,1,0,0,3,1,3,0,0,0,0,9,15,2,0,1,1,1,1,1,0,0,pass_conserved_motif,0.69373,0,
backbone,RAPCID_backbone_rapcid_backbone_164_model_1.cif.gz,/scratch/a2149a01/RAPCID_2610_output/backbone/RAPCID_backbone_rapcid_backbone_164_model_1.cif.gz,A,B,51,20,9.938,3.037,3.394,3,6,14,17,0.4516,152.18,chain1_E_chain2_F,2,0,0,3,2,3,0,0,0,0,9,16,2,0,1,1,1,1,1,0,0,pass_conserved_motif,0.76075,0,
backbone,RAPCID_backbone_rapcid_backbone_164_model_2.cif.gz,/scratch/a2149a01/RAPCID_2610_output/backbone/RAPCID_backbone_rapcid_backbone_164_model_2.cif.gz,A,B,51,20,6.476,2.846,3.48,4,5,13,20,0.3939,144.18,chain1_E_chain2_F,1,0,0,3,1,3,0,0,0,0,11,15,1,0,1,1,1,1,1,0,0,pass_conserved_motif,0.68247,0,
backbone,RAPCID_backbone_rapcid_backbone_164_model_3.cif.gz,/scratch/a2149a01/RAPCID_2610_output/backbone/RAPCID_backbone_rapcid_backbone_164_model_3.cif.gz,A,B,51,20,10.554,3.0,3.321,2,6,8,14,0.3636,154.79,chain1_E_chain2_F,1,0,0,3,1,3,0,0,0,0,9,16,1,0,1,1,1,1,1,0,0,pass_conserved_motif,0.70572,0,
backbone,RAPCID_backbone_rapcid_backbone_164_model_4.cif.gz,/scratch/a2149a01/RAPCID_2610_output/backbone/RAPCID_backbone_rapcid_backbone_164_model_4.cif.gz,A,B,51,20,10.442,2.946,3.518,3,5,13,13,0.5,153.11,chain1_E_chain2_F,2,0,0,3,2,3,0,0,0,0,10,14,1,0,1,1,1,1,1,0,0,pass_conserved_motif,0.78322,0,
backbone,RAPCID_backbone_rapcid_backbone_164_model_5.cif.gz,/scratch/a2149a01/RAPCID_2610_output/backbone/RAPCID_backbone_rapcid_backbone_164_model_5.cif.gz,A,B,51,20,9.173,2.315,3.706,4,6,11,12,0.4783,149.66,chain1_E_chain2_F,1,0,0,3,1,3,0,0,0,0,10,14,1,0,1,1,1,1,1,0,0,pass_conserved_motif,0.73444,0,
backbone,RAPCID_backbone_rapcid_backbone_164_model_6.cif.gz,/scratch/a2149a01/RAPCID_2610_output/backbone/RAPCID_backbone_rapcid_backbone_164_model_6.cif.gz,A,B,51,20,11.796,2.859,3.532,5,5,12,13,0.48,165.97,chain1_E_chain2_F,1,0,0,3,1,3,0,0,0,0,13,15,1,0,1,1,1,1,1,0,0,pass_conserved_motif,0.74306,0,
backbone,RAPCID_backbone_rapcid_backbone_164_model_7.cif.gz,/scratch/a2149a01/RAPCID_2610_output/backbone/RAPCID_backbone_rapcid_backbone_164_model_7.cif.gz,A,B,51,20,9.689,3.065,3.186,3,5,12,20,0.375,147.48,chain1_E_chain2_F,2,0,0,3,2,3,0,0,0,0,8,16,1,1,1,1,1,1,1,1,1,,0.71447,1,154
backbone,RAPCID_backbone_rapcid_backbone_165_model_0.cif.gz,/scratch/a2149a01/RAPCID_2610_output/backbone/RAPCID_backbone_rapcid_backbone_165_model_0.cif.gz,A,B,44,25,12.467,2.848,3.156,3,5,6,18,0.25,149.99,chain1_E_chain2_F,1,0,0,3,1,3,0,0,0,0,9,15,1,0,1,1,1,1,1,0,0,pass_conserved_motif,0.64425,0,
backbone,RAPCID_backbone_rapcid_backbone_165_model_1.cif.gz,/scratch/a2149a01/RAPCID_2610_output/backbone/RAPCID_backbone_rapcid_backbone_165_model_1.cif.gz,A,B,44,25,11.592,3.245,2.915,2,6,4,18,0.1818,160.34,chain1_E_chain2_F,1,0,0,3,1,3,0,0,0,0,7,15,1,0,1,1,1,1,1,0,0,pass_conserved_motif,0.64256,0,
backbone,RAPCID_backbone_rapcid_backbone_165_model_2.cif.gz,/scratch/a2149a01/RAPCID_2610_output/backbone/RAPCID_backbone_rapcid_backbone_165_model_2.cif.gz,A,B,44,25,13.203,2.934,3.609,4,5,7,15,0.3182,167.86,chain1_E_chain2_F,1,0,0,3,1,3,0,0,0,0,10,15,1,0,1,1,1,1,1,0,0,pass_conserved_motif,0.67201,0,
backbone,RAPCID_backbone_rapcid_backbone_165_model_3.cif.gz,/scratch/a2149a01/RAPCID_2610_output/backbone/RAPCID_backbone_rapcid_backbone_165_model_3.cif.gz,A,B,44,25,5.523,3.197,3.778,4,5,8,12,0.4,158.99,chain1_E_chain2_F,1,0,0,3,1,3,0,0,0,0,10,15,1,0,1,1,1,1,1,0,0,pass_conserved_motif,0.73425,0,
backbone,RAPCID_backbone_rapcid_backbone_165_model_4.cif.gz,/scratch/a2149a01/RAPCID_2610_output/backbone/RAPCID_backbone_rapcid_backbone_165_model_4.cif.gz,A,B,44,25,10.619,2.884,3.279,4,5,15,13,0.5357,174.26,chain1_E_chain2_F,1,0,0,3,1,3,1,0,0,0,12,15,2,0,1,1,1,1,1,0,0,pass_conserved_motif,0.73771,0,
backbone,RAPCID_backbone_rapcid_backbone_165_model_5.cif.gz,/scratch/a2149a01/RAPCID_2610_output/backbone/RAPCID_backbone_rapcid_backbone_165_model_5.cif.gz,A,B,44,25,10.418,3.236,3.201,4,6,11,24,0.3143,163.1,chain1_E_chain2_F,1,0,0,3,1,3,0,0,0,0,10,15,2,0,1,1,1,1,1,0,0,pass_conserved_motif,0.68634,0,
backbone,RAPCID_backbone_rapcid_backbone_165_model_6.cif.gz,/scratch/a2149a01/RAPCID_2610_output/backbone/RAPCID_backbone_rapcid_backbone_165_model_6.cif.gz,A,B,44,25,7.759,2.646,2.985,4,5,14,17,0.4516,150.99,chain1_E_chain2_F,1,0,0,3,1,3,0,0,0,0,11,15,2,0,1,1,1,1,1,0,0,pass_conserved_motif,0.72823,0,
backbone,RAPCID_backbone_rapcid_backbone_165_model_7.cif.gz,/scratch/a2149a01/RAPCID_2610_output/backbone/RAPCID_backbone_rapcid_backbone_165_model_7.cif.gz,A,B,44,25,8.437,2.857,3.704,4,5,12,11,0.5217,154.65,chain1_E_chain2_F,1,0,0,3,1,3,0,0,0,0,10,14,1,0,1,1,1,1,1,0,0,pass_conserved_motif,0.75108,0,
backbone,RAPCID_backbone_rapcid_backbone_166_model_0.cif.gz,/scratch/a2149a01/RAPCID_2610_output/backbone/RAPCID_backbone_rapcid_backbone_166_model_0.cif.gz,B,A,23,13,11.517,3.26,1.976,6,4,18,14,0.5625,156.71,chain1_F_chain2_E,0,3,2,0,3,2,1,0,0,0,15,7,0,1,0,1,1,1,1,0,0,pass_no_clash;pass_conserved_motif,0.79879,0,
backbone,RAPCID_backbone_rapcid_backbone_166_model_1.cif.gz,/scratch/a2149a01/RAPCID_2610_output/backbone/RAPCID_backbone_rapcid_backbone_166_model_1.cif.gz,B,A,23,13,8.743,3.329,2.773,4,4,16,12,0.5714,157.75,chain1_F_chain2_E,0,2,1,0,2,1,0,0,0,0,15,7,0,1,1,1,1,1,1,0,0,pass_conserved_motif,0.71299,0,
backbone,RAPCID_backbone_rapcid_backbone_166_model_2.cif.gz,/scratch/a2149a01/RAPCID_2610_output/backbone/RAPCID_backbone_rapcid_backbone_166_model_2.cif.gz,B,A,23,13,10.722,2.9,3.523,5,3,16,7,0.6957,154.51,chain1_F_chain2_E,0,3,1,0,3,1,0,0,0,0,12,7,1,1,1,1,1,1,1,1,1,,0.68107,1,267
backbone,RAPCID_backbone_rapcid_backbone_166_model_3.cif.gz,/scratch/a2149a01/RAPCID_2610_output/backbone/RAPCID_backbone_rapcid_backbone_166_model_3.cif.gz,B,A,23,13,9.215,3.114,1.505,5,4,16,14,0.5333,145.0,chain1_F_chain2_E,0,3,2,0,3,2,1,0,0,0,16,7,0,1,0,1,1,1,1,0,0,pass_no_clash;pass_conserved_motif,0.77144,0,
backbone,RAPCID_backbone_rapcid_backbone_166_model_4.cif.gz,/scratch/a2149a01/RAPCID_2610_output/backbone/RAPCID_backbone_rapcid_backbone_166_model_4.cif.gz,B,A,23,13,8.542,3.271,2.365,5,4,19,15,0.5588,149.94,chain1_F_chain2_E,0,3,2,0,3,2,1,0,0,0,15,7,0,1,1,1,1,1,1,0,0,pass_conserved_motif,0.7777,0,
backbone,RAPCID_backbone_rapcid_backbone_166_model_5.cif.gz,/scratch/a2149a01/RAPCID_2610_output/backbone/RAPCID_backbone_rapcid_backbone_166_model_5.cif.gz,B,A,23,13,9.79,3.566,2.259,5,3,16,14,0.5333,160.25,chain1_F_chain2_E,1,3,2,0,3,2,1,0,0,0,16,7,0,1,1,1,1,1,1,0,0,pass_conserved_motif,0.81394,0,
backbone,RAPCID_backbone_rapcid_backbone_166_model_6.cif.gz,/scratch/a2149a01/RAPCID_2610_output/backbone/RAPCID_backbone_rapcid_backbone_166_model_6.cif.gz,B,A,23,13,8.792,2.97,2.442,5,4,17,16,0.5152,170.29,chain1_F_chain2_E,1,3,2,0,3,2,1,0,0,0,13,7,0,1,1,1,1,1,1,0,0,pass_conserved_motif,0.78773,0,
backbone,RAPCID_backbone_rapcid_backbone_166_model_7.cif.gz,/scratch/a2149a01/RAPCID_2610_output/backbone/RAPCID_backbone_rapcid_backbone_166_model_7.cif.gz,B,A,23,13,10.561,3.663,2.53,5,4,15,15,0.5,160.1,chain1_F_chain2_E,0,3,1,0,3,1,1,0,0,0,16,7,0,1,1,1,1,1,1,0,0,pass_conserved_motif,0.7992,0,
backbone,RAPCID_backbone_rapcid_backbone_167_model_0.cif.gz,/scratch/a2149a01/RAPCID_2610_output/backbone/RAPCID_backbone_rapcid_backbone_167_model_0.cif.gz,A,B,40,37,3.004,1.95,3.067,5,3,16,9,0.64,115.52,chain1_E_chain2_F,1,0,0,2,1,2,0,11,1,0,11,9,1,0,0,1,1,1,1,0,0,pass_no_clash;pass_conserved_motif,0.58643,0,
backbone,RAPCID_backbone_rapcid_backbone_167_model_1.cif.gz,/scratch/a2149a01/RAPCID_2610_output/backbone/RAPCID_backbone_rapcid_backbone_167_model_1.cif.gz,A,B,40,37,3.396,2.926,3.477,3,6,12,18,0.4,129.37,chain1_E_chain2_F,2,0,0,2,2,2,1,8,1,1,8,14,1,0,1,1,1,1,1,0,0,pass_conserved_motif,0.73743,0,
backbone,RAPCID_backbone_rapcid_backbone_167_model_2.cif.gz,/scratch/a2149a01/RAPCID_2610_output/backbone/RAPCID_backbone_rapcid_backbone_167_model_2.cif.gz,A,B,40,37,3.314,3.181,2.498,4,4,11,17,0.3929,109.23,chain1_E_chain2_F,1,0,1,2,1,2,0,4,0,0,10,8,1,0,1,1,1,1,1,0,0,pass_conserved_motif,0.55695,0,
backbone,RAPCID_backbone_rapcid_backbone_167_model_3.cif.gz,/scratch/a2149a01/RAPCID_2610_output/backbone/RAPCID_backbone_rapcid_backbone_167_model_3.cif.gz,A,B,40,37,2.561,2.769,2.585,3,6,12,24,0.3333,99.17,chain1_E_chain2_F,1,0,1,2,1,2,0,19,1,0,9,13,2,2,1,1,1,1,1,1,1,,0.4813,1,692
backbone,RAPCID_backbone_rapcid_backbone_167_model_4.cif.gz,/scratch/a2149a01/RAPCID_2610_output/backbone/RAPCID_backbone_rapcid_backbone_167_model_4.cif.gz,A,B,40,37,2.609,2.598,3.554,4,5,17,13,0.5667,111.42,chain1_E_chain2_F,1,0,0,2,1,2,0,20,1,1,10,8,1,1,1,1,1,1,1,1,1,,0.5738,1,561
backbone,RAPCID_backbone_rapcid_backbone_167_model_5.cif.gz,/scratch/a2149a01/RAPCID_2610_output/backbone/RAPCID_backbone_rapcid_backbone_167_model_5.cif.gz,A,B,40,37,3.246,2.767,3.443,5,5,13,10,0.5652,119.51,chain1_E_chain2_F,1,0,0,3,1,3,0,13,0,1,10,10,1,0,1,1,1,1,1,0,0,pass_conserved_motif,0.64825,0,
backbone,RAPCID_backbone_rapcid_backbone_167_model_6.cif.gz,/scratch/a2149a01/RAPCID_2610_output/backbone/RAPCID_backbone_rapcid_backbone_167_model_6.cif.gz,A,B,40,37,3.479,2.958,3.659,4,6,16,15,0.5161,115.7,chain1_E_chain2_F,1,0,1,3,1,3,0,1,0,0,10,14,1,0,1,1,1,1,1,0,0,pass_conserved_motif,0.6285,0,
backbone,RAPCID_backbone_rapcid_backbone_167_model_7.cif.gz,/scratch/a2149a01/RAPCID_2610_output/backbone/RAPCID_backbone_rapcid_backbone_167_model_7.cif.gz,A,B,40,37,5.612,2.48,3.049,3,9,10,20,0.3333,131.47,chain1_E_chain2_F,1,0,1,3,1,3,0,0,0,0,9,18,1,0,1,1,1,1,1,0,0,pass_conserved_motif,0.61586,0,
backbone,RAPCID_backbone_rapcid_backbone_168_model_0.cif.gz,/scratch/a2149a01/RAPCID_2610_output/backbone/RAPCID_backbone_rapcid_backbone_168_model_0.cif.gz,B,A,32,27,6.162,3.251,2.401,3,3,9,8,0.5294,139.51,chain1_F_chain2_E,0,2,1,0,2,1,0,0,0,0,9,12,0,1,1,1,1,1,1,0,0,pass_conserved_motif,0.66899,0,
backbone,RAPCID_backbone_rapcid_backbone_168_model_1.cif.gz,/scratch/a2149a01/RAPCID_2610_output/backbone/RAPCID_backbone_rapcid_backbone_168_model_1.cif.gz,B,A,32,27,3.195,3.309,2.87,5,6,16,17,0.4848,123.73,chain1_F_chain2_E,0,3,1,0,3,1,0,5,1,0,11,10,0,1,1,1,1,1,1,0,0,pass_conserved_motif,0.69232,0,
backbone,RAPCID_backbone_rapcid_backbone_168_model_2.cif.gz,/scratch/a2149a01/RAPCID_2610_output/backbone/RAPCID_backbone_rapcid_backbone_168_model_2.cif.gz,B,A,32,27,7.921,3.199,3.337,4,5,11,13,0.4583,152.27,chain1_F_chain2_E,0,2,1,0,2,1,1,0,0,0,10,10,0,1,1,1,1,1,1,0,0,pass_conserved_motif,0.73519,0,
backbone,RAPCID_backbone_rapcid_backbone_168_model_3.cif.gz,/scratch/a2149a01/RAPCID_2610_output/backbone/RAPCID_backbone_rapcid_backbone_168_model_3.cif.gz,B,A,32,27,3.175,3.317,2.985,6,5,9,12,0.4286,132.05,chain1_F_chain2_E,0,3,2,0,3,2,0,1,0,0,10,10,0,1,1,1,1,1,1,0,0,pass_conserved_motif,0.68945,0,
backbone,RAPCID_backbone_rapcid_backbone_168_model_4.cif.gz,/scratch/a2149a01/RAPCID_2610_output/backbone/RAPCID_backbone_rapcid_backbone_168_model_4.cif.gz,B,A,32,27,3.316,2.789,2.892,5,4,18,9,0.6667,122.22,chain1_F_chain2_E,1,2,1,0,2,1,0,3,1,0,10,10,0,1,1,1,1,1,1,0,0,pass_conserved_motif,0.58811,0,
backbone,RAPCID_backbone_rapcid_backbone_168_model_5.cif.gz,/scratch/a2149a01/RAPCID_2610_output/backbone/RAPCID_backbone_rapcid_backbone_168_model_5.cif.gz,B,A,32,27,2.658,3.379,3.976,3,3,8,5,0.6154,131.76,chain1_F_chain2_E,0,2,1,0,2,1,0,2,0,0,10,12,0,1,1,1,1,1,1,0,0,pass_conserved_motif,0.61877,0,
backbone,RAPCID_backbone_rapcid_backbone_168_model_6.cif.gz,/scratch/a2149a01/RAPCID_2610_output/backbone/RAPCID_backbone_rapcid_backbone_168_model_6.cif.gz,B,A,32,27,2.763,3.041,2.846,7,4,23,13,0.6389,109.6,chain1_F_chain2_E,0,2,2,0,2,2,0,17,0,2,9,11,1,1,1,1,1,1,1,1,1,,0.5824,1,545
backbone,RAPCID_backbone_rapcid_backbone_168_model_7.cif.gz,/scratch/a2149a01/RAPCID_2610_output/backbone/RAPCID_backbone_rapcid_backbone_168_model_7.cif.gz,B,A,32,27,3.16,2.618,2.878,4,3,16,6,0.7273,137.44,chain1_F_chain2_E,0,2,2,0,2,2,0,5,0,0,9,6,0,1,1,1,1,1,1,0,0,pass_conserved_motif,0.63652,0,
backbone,RAPCID_backbone_rapcid_backbone_169_model_0.cif.gz,/scratch/a2149a01/RAPCID_2610_output/backbone/RAPCID_backbone_rapcid_backbone_169_model_0.cif.gz,B,A,31,24,3.607,2.656,2.728,4,5,14,11,0.56,114.43,chain1_F_chain2_E,0,2,1,0,2,1,0,2,1,0,9,10,0,1,1,1,1,1,1,0,0,pass_conserved_motif,0.59983,0,
backbone,RAPCID_backbone_rapcid_backbone_169_model_1.cif.gz,/scratch/a2149a01/RAPCID_2610_output/backbone/RAPCID_backbone_rapcid_backbone_169_model_1.cif.gz,B,A,31,24,3.146,2.842,3.264,5,3,17,6,0.7391,128.18,chain1_F_chain2_E,1,2,1,0,2,1,0,6,0,0,10,9,0,1,1,1,1,1,1,0,0,pass_conserved_motif,0.57732,0,
backbone,RAPCID_backbone_rapcid_backbone_169_model_2.cif.gz,/scratch/a2149a01/RAPCID_2610_output/backbone/RAPCID_backbone_rapcid_backbone_169_model_2.cif.gz,B,A,31,24,3.72,2.526,2.635,6,4,16,17,0.4848,123.91,chain1_F_chain2_E,0,3,1,0,3,1,0,2,1,1,12,10,0,1,1,1,1,1,1,0,0,pass_conserved_motif,0.69458,0,
backbone,RAPCID_backbone_rapcid_backbone_169_model_3.cif.gz,/scratch/a2149a01/RAPCID_2610_output/backbone/RAPCID_backbone_rapcid_backbone_169_model_3.cif.gz,B,A,31,24,4.739,2.437,2.796,6,2,14,4,0.7778,130.03,chain1_F_chain2_E,1,2,2,0,2,2,0,0,0,0,14,8,0,1,1,1,1,1,1,0,0,pass_conserved_motif,0.56661,0,
backbone,RAPCID_backbone_rapcid_backbone_169_model_4.cif.gz,/scratch/a2149a01/RAPCID_2610_output/backbone/RAPCID_backbone_rapcid_backbone_169_model_4.cif.gz,B,A,31,24,3.397,2.753,2.839,6,7,14,19,0.4242,110.96,chain1_F_chain2_E,0,3,1,0,3,1,0,5,1,2,14,11,0,1,1,1,1,1,1,0,0,pass_conserved_motif,0.65884,0,
backbone,RAPCID_backbone_rapcid_backbone_169_model_5.cif.gz,/scratch/a2149a01/RAPCID_2610_output/backbone/RAPCID_backbone_rapcid_backbone_169_model_5.cif.gz,B,A,31,24,3.645,2.696,2.519,5,6,11,16,0.4074,135.08,chain1_F_chain2_E,0,3,1,0,3,1,0,1,0,0,12,12,0,1,1,1,1,1,1,0,0,pass_conserved_motif,0.6625,0,
backbone,RAPCID_backbone_rapcid_backbone_169_model_6.cif.gz,/scratch/a2149a01/RAPCID_2610_output/backbone/RAPCID_backbone_rapcid_backbone_169_model_6.cif.gz,B,A,31,24,3.825,2.498,3.054,5,2,14,6,0.7,133.15,chain1_F_chain2_E,0,2,1,0,2,1,0,1,0,0,11,9,0,2,1,1,1,1,1,0,0,pass_conserved_motif,0.58455,0,
backbone,RAPCID_backbone_rapcid_backbone_169_model_7.cif.gz,/scratch/a2149a01/RAPCID_2610_output/backbone/RAPCID_backbone_rapcid_backbone_169_model_7.cif.gz,B,A,31,24,4.665,3.13,2.817,6,7,10,20,0.3333,119.51,chain1_F_chain2_E,0,3,2,0,3,2,0,0,0,0,13,11,0,1,1,1,1,1,1,0,0,pass_conserved_motif,0.60457,0,
backbone,RAPCID_backbone_rapcid_backbone_16_model_0.cif.gz,/scratch/a2149a01/RAPCID_2610_output/backbone/RAPCID_backbone_rapcid_backbone_16_model_0.cif.gz,A,B,20,20,13.54,2.943,3.168,3,4,6,12,0.3333,157.52,chain1_E_chain2_F,1,0,0,3,1,3,0,0,0,0,7,10,1,0,1,1,1,1,1,0,0,pass_conserved_motif,0.70269,0,
backbone,RAPCID_backbone_rapcid_backbone_16_model_1.cif.gz,/scratch/a2149a01/RAPCID_2610_output/backbone/RAPCID_backbone_rapcid_backbone_16_model_1.cif.gz,A,B,20,20,12.247,3.273,3.246,3,5,5,17,0.2273,160.63,chain1_E_chain2_F,1,0,0,3,1,3,0,0,0,0,9,10,1,0,1,1,1,1,1,0,0,pass_conserved_motif,0.65975,0,
backbone,RAPCID_backbone_rapcid_backbone_16_model_2.cif.gz,/scratch/a2149a01/RAPCID_2610_output/backbone/RAPCID_backbone_rapcid_backbone_16_model_2.cif.gz,A,B,20,20,12.21,2.24,3.426,6,4,18,17,0.5143,141.82,chain1_E_chain2_F,3,0,0,3,3,3,0,0,0,0,11,10,1,0,1,1,1,1,1,0,0,pass_conserved_motif,0.76846,0,
backbone,RAPCID_backbone_rapcid_backbone_16_model_3.cif.gz,/scratch/a2149a01/RAPCID_2610_output/backbone/RAPCID_backbone_rapcid_backbone_16_model_3.cif.gz,A,B,20,20,10.464,2.896,3.739,5,3,14,7,0.6667,154.76,chain1_E_chain2_F,1,0,0,2,1,2,0,0,0,0,11,10,1,0,1,1,1,1,1,0,0,pass_conserved_motif,0.66493,0,
backbone,RAPCID_backbone_rapcid_backbone_16_model_4.cif.gz,/scratch/a2149a01/RAPCID_2610_output/backbone/RAPCID_backbone_rapcid_backbone_16_model_4.cif.gz,A,B,20,20,13.866,4.181,3.586,2,5,2,14,0.125,166.65,chain1_E_chain2_F,1,0,0,3,1,3,0,0,0,0,8,10,1,0,1,0,1,1,1,0,0,pass_dual_rap_contact;pass_conserved_motif,0.59877,0,
backbone,RAPCID_backbone_rapcid_backbone_16_model_5.cif.gz,/scratch/a2149a01/RAPCID_2610_output/backbone/RAPCID_backbone_rapcid_backbone_16_model_5.cif.gz,A,B,20,20,15.58,5.617,3.578,0,5,0,13,0.0,nan,chain1_E_chain2_F,0,0,0,3,0,3,0,0,0,0,4,10,1,0,1,0,0,0,1,0,0,pass_dual_rap_contact;pass_contact_balance;pass_face_angle;pass_conserved_motif,0.24571,0,
backbone,RAPCID_backbone_rapcid_backbone_16_model_6.cif.gz,/scratch/a2149a01/RAPCID_2610_output/backbone/RAPCID_backbone_rapcid_backbone_16_model_6.cif.gz,A,B,20,20,11.431,2.098,3.254,4,4,14,15,0.4828,158.56,chain1_E_chain2_F,2,0,0,3,2,3,1,0,0,0,10,10,1,0,1,1,1,1,1,0,0,pass_conserved_motif,0.82307,0,
backbone,RAPCID_backbone_rapcid_backbone_16_model_7.cif.gz,/scratch/a2149a01/RAPCID_2610_output/backbone/RAPCID_backbone_rapcid_backbone_16_model_7.cif.gz,A,B,20,20,12.738,2.564,3.349,2,4,6,17,0.2609,157.35,chain1_E_chain2_F,2,0,0,3,2,3,0,0,0,0,8,10,1,0,1,1,1,1,1,0,0,pass_conserved_motif,0.70172,0,
backbone,RAPCID_backbone_rapcid_backbone_170_model_0.cif.gz,/scratch/a2149a01/RAPCID_2610_output/backbone/RAPCID_backbone_rapcid_backbone_170_model_0.cif.gz,A,B,37,29,8.158,3.336,3.227,3,6,8,15,0.3478,154.1,chain1_E_chain2_F,1,0,0,3,1,3,0,0,0,0,8,13,1,0,1,1,1,1,1,0,0,pass_conserved_motif,0.69707,0,
backbone,RAPCID_backbone_rapcid_backbone_170_model_1.cif.gz,/scratch/a2149a01/RAPCID_2610_output/backbone/RAPCID_backbone_rapcid_backbone_170_model_1.cif.gz,A,B,37,29,11.322,3.111,3.346,3,5,11,17,0.3929,148.87,chain1_E_chain2_F,2,0,0,3,2,3,0,0,0,0,8,13,2,0,1,1,1,1,1,0,0,pass_conserved_motif,0.72625,0,
backbone,RAPCID_backbone_rapcid_backbone_170_model_2.cif.gz,/scratch/a2149a01/RAPCID_2610_output/backbone/RAPCID_backbone_rapcid_backbone_170_model_2.cif.gz,A,B,37,29,6.315,3.032,3.478,4,5,15,20,0.4286,129.71,chain1_E_chain2_F,1,0,0,3,1,3,0,0,0,0,11,13,1,0,1,1,1,1,1,0,0,pass_conserved_motif,0.64806,0,
backbone,RAPCID_backbone_rapcid_backbone_170_model_3.cif.gz,/scratch/a2149a01/RAPCID_2610_output/backbone/RAPCID_backbone_rapcid_backbone_170_model_3.cif.gz,A,B,37,29,6.647,2.398,3.448,6,6,12,16,0.4286,150.08,chain1_E_chain2_F,1,0,0,3,1,3,0,0,0,0,11,14,1,0,1,1,1,1,1,0,0,pass_conserved_motif,0.71597,0,
backbone,RAPCID_backbone_rapcid_backbone_170_model_4.cif.gz,/scratch/a2149a01/RAPCID_2610_output/backbone/RAPCID_backbone_rapcid_backbone_170_model_4.cif.gz,A,B,37,29,10.549,3.013,3.103,3,5,10,17,0.3704,148.46,chain1_E_chain2_F,1,0,0,3,1,3,0,0,0,0,11,13,1,0,1,1,1,1,1,0,0,pass_conserved_motif,0.68731,0,
backbone,RAPCID_backbone_rapcid_backbone_170_model_5.cif.gz,/scratch/a2149a01/RAPCID_2610_output/backbone/RAPCID_backbone_rapcid_backbone_170_model_5.cif.gz,A,B,37,29,12.279,2.774,3.312,3,5,4,12,0.25,169.87,chain1_E_chain2_F,1,0,0,3,1,3,0,0,0,0,8,14,1,0,1,1,1,1,1,0,0,pass_conserved_motif,0.63804,0,
backbone,RAPCID_backbone_rapcid_backbone_170_model_6.cif.gz,/scratch/a2149a01/RAPCID_2610_output/backbone/RAPCID_backbone_rapcid_backbone_170_model_6.cif.gz,A,B,37,29,8.877,2.828,3.416,5,5,17,20,0.4595,147.98,chain1_E_chain2_F,1,0,0,3,1,3,0,0,0,0,11,14,1,0,1,1,1,1,1,0,0,pass_conserved_motif,0.72135,0,
backbone,RAPCID_backbone_rapcid_backbone_170_model_7.cif.gz,/scratch/a2149a01/RAPCID_2610_output/backbone/RAPCID_backbone_rapcid_backbone_170_model_7.cif.gz,A,B,37,29,9.111,3.198,3.116,4,5,13,20,0.3939,138.08,chain1_E_chain2_F,3,0,0,3,3,3,0,0,0,0,11,14,1,0,1,1,1,1,1,0,0,pass_conserved_motif,0.71928,0,
backbone,RAPCID_backbone_rapcid_backbone_171_model_0.cif.gz,/scratch/a2149a01/RAPCID_2610_output/backbone/RAPCID_backbone_rapcid_backbone_171_model_0.cif.gz,A,B,40,21,11.636,3.239,3.414,3,6,7,20,0.2593,161.68,chain1_E_chain2_F,1,0,0,3,1,3,0,0,0,0,8,15,1,0,1,1,1,1,1,0,0,pass_conserved_motif,0.66905,0,
backbone,RAPCID_backbone_rapcid_backbone_171_model_1.cif.gz,/scratch/a2149a01/RAPCID_2610_output/backbone/RAPCID_backbone_rapcid_backbone_171_model_1.cif.gz,A,B,40,21,10.295,2.39,3.285,4,5,13,14,0.4815,165.14,chain1_E_chain2_F,1,0,0,3,1,3,0,0,0,0,9,16,2,0,1,1,1,1,1,0,0,pass_conserved_motif,0.74642,0,
backbone,RAPCID_backbone_rapcid_backbone_171_model_2.cif.gz,/scratch/a2149a01/RAPCID_2610_output/backbone/RAPCID_backbone_rapcid_backbone_171_model_2.cif.gz,A,B,40,21,5.974,3.236,3.162,3,5,11,17,0.3929,176.8,chain1_E_chain2_F,1,0,0,3,1,3,0,0,0,0,10,16,1,0,1,1,1,1,1,0,0,pass_conserved_motif,0.67208,0,
backbone,RAPCID_backbone_rapcid_backbone_171_model_3.cif.gz,/scratch/a2149a01/RAPCID_2610_output/backbone/RAPCID_backbone_rapcid_backbone_171_model_3.cif.gz,A,B,40,21,8.571,2.904,3.201,4,5,18,20,0.4737,149.97,chain1_E_chain2_F,2,0,0,3,2,3,0,0,0,0,11,16,1,0,1,1,1,1,1,0,0,pass_conserved_motif,0.76222,0,
backbone,RAPCID_backbone_rapcid_backbone_171_model_4.cif.gz,/scratch/a2149a01/RAPCID_2610_output/backbone/RAPCID_backbone_rapcid_backbone_171_model_4.cif.gz,A,B,40,21,9.934,3.612,3.577,2,6,8,18,0.3077,157.62,chain1_E_chain2_F,1,0,0,3,1,3,1,0,0,0,5,16,2,0,1,1,1,1,1,0,0,pass_conserved_motif,0.72135,0,
backbone,RAPCID_backbone_rapcid_backbone_171_model_5.cif.gz,/scratch/a2149a01/RAPCID_2610_output/backbone/RAPCID_backbone_rapcid_backbone_171_model_5.cif.gz,A,B,40,21,5.916,3.217,3.723,4,5,15,12,0.5556,156.7,chain1_E_chain2_F,1,0,0,3,1,3,0,0,0,0,11,14,1,0,1,1,1,1,1,0,0,pass_conserved_motif,0.7444,0,
backbone,RAPCID_backbone_rapcid_backbone_171_model_6.cif.gz,/scratch/a2149a01/RAPCID_2610_output/backbone/RAPCID_backbone_rapcid_backbone_171_model_6.cif.gz,A,B,40,21,8.792,3.597,3.598,4,5,18,17,0.5143,149.87,chain1_E_chain2_F,1,0,0,3,1,3,0,0,0,0,11,15,1,0,1,1,1,1,1,0,0,pass_conserved_motif,0.73812,0,
backbone,RAPCID_backbone_rapcid_backbone_171_model_7.cif.gz,/scratch/a2149a01/RAPCID_2610_output/backbone/RAPCID_backbone_rapcid_backbone_171_model_7.cif.gz,A,B,40,21,4.312,2.878,3.766,5,6,13,21,0.3824,151.49,chain1_E_chain2_F,2,0,0,3,2,3,0,0,0,0,12,15,3,0,1,1,1,1,1,0,0,pass_conserved_motif,0.73075,0,
backbone,RAPCID_backbone_rapcid_backbone_172_model_0.cif.gz,/scratch/a2149a01/RAPCID_2610_output/backbone/RAPCID_backbone_rapcid_backbone_172_model_0.cif.gz,A,B,37,34,4.249,2.605,3.203,5,7,14,18,0.4375,168.28,chain1_E_chain2_F,1,0,0,3,1,3,1,0,0,0,10,19,1,0,1,1,1,1,1,0,0,pass_conserved_motif,0.74694,0,
backbone,RAPCID_backbone_rapcid_backbone_172_model_1.cif.gz,/scratch/a2149a01/RAPCID_2610_output/backbone/RAPCID_backbone_rapcid_backbone_172_model_1.cif.gz,A,B,37,34,2.651,2.671,2.907,5,5,13,21,0.3824,120.46,chain1_E_chain2_F,1,0,1,2,1,2,0,9,1,1,12,12,2,0,1,1,1,1,1,0,0,pass_conserved_motif,0.63851,0,
backbone,RAPCID_backbone_rapcid_backbone_172_model_2.cif.gz,/scratch/a2149a01/RAPCID_2610_output/backbone/RAPCID_backbone_rapcid_backbone_172_model_2.cif.gz,A,B,37,34,1.918,2.842,3.316,5,5,20,14,0.5882,116.81,chain1_E_chain2_F,2,0,0,2,2,2,0,8,1,1,11,8,2,0,0,1,1,1,1,0,0,pass_no_clash;pass_conserved_motif,0.6717,0,
backbone,RAPCID_backbone_rapcid_backbone_172_model_3.cif.gz,/scratch/a2149a01/RAPCID_2610_output/backbone/RAPCID_backbone_rapcid_backbone_172_model_3.cif.gz,A,B,37,34,3.051,2.136,3.277,7,9,15,34,0.3061,141.18,chain1_E_chain2_F,1,0,1,3,1,3,0,9,0,0,10,16,1,1,1,1,1,1,1,1,1,,0.67234,1,302
backbone,RAPCID_backbone_rapcid_backbone_172_model_4.cif.gz,/scratch/a2149a01/RAPCID_2610_output/backbone/RAPCID_backbone_rapcid_backbone_172_model_4.cif.gz,A,B,37,34,2.667,3.394,2.883,3,4,4,12,0.25,131.99,chain1_E_chain2_F,1,0,0,2,1,2,0,4,0,0,8,9,1,0,1,1,1,1,1,0,0,pass_conserved_motif,0.57569,0,
backbone,RAPCID_backbone_rapcid_backbone_172_model_5.cif.gz,/scratch/a2149a01/RAPCID_2610_output/backbone/RAPCID_backbone_rapcid_backbone_172_model_5.cif.gz,A,B,37,34,3.768,2.969,3.283,6,8,18,32,0.36,157.2,chain1_E_chain2_F,1,0,1,3,1,3,1,2,1,1,11,19,1,0,1,1,1,1,1,0,0,pass_conserved_motif,0.7842,0,
backbone,RAPCID_backbone_rapcid_backbone_172_model_6.cif.gz,/scratch/a2149a01/RAPCID_2610_output/backbone/RAPCID_backbone_rapcid_backbone_172_model_6.cif.gz,A,B,37,34,9.554,3.251,3.085,1,9,3,30,0.0909,159.54,chain1_E_chain2_F,0,0,1,3,0,3,0,0,0,0,5,20,1,1,1,0,0,1,1,1,0,pass_dual_rap_contact;pass_contact_balance,0.58027,0,
backbone,RAPCID_backbone_rapcid_backbone_172_model_7.cif.gz,/scratch/a2149a01/RAPCID_2610_output/backbone/RAPCID_backbone_rapcid_backbone_172_model_7.cif.gz,A,B,37,34,7.813,3.048,3.529,5,5,10,17,0.3704,151.58,chain1_E_chain2_F,1,0,0,3,1,3,0,0,0,0,10,16,1,0,1,1,1,1,1,0,0,pass_conserved_motif,0.69768,0,
backbone,RAPCID_backbone_rapcid_backbone_173_model_0.cif.gz,/scratch/a2149a01/RAPCID_2610_output/backbone/RAPCID_backbone_rapcid_backbone_173_model_0.cif.gz,A,B,39,33,5.999,3.184,3.387,3,5,7,19,0.2692,141.39,chain1_E_chain2_F,2,0,0,2,2,2,1,0,0,0,8,17,1,0,1,1,1,1,1,0,0,pass_conserved_motif,0.65185,0,
backbone,RAPCID_backbone_rapcid_backbone_173_model_1.cif.gz,/scratch/a2149a01/RAPCID_2610_output/backbone/RAPCID_backbone_rapcid_backbone_173_model_1.cif.gz,A,B,39,33,6.771,2.7,3.506,4,5,13,21,0.3824,153.26,chain1_E_chain2_F,1,0,0,3,1,3,0,0,0,0,10,16,1,1,1,1,1,1,1,1,1,,0.7081,1,176
backbone,RAPCID_backbone_rapcid_backbone_173_model_2.cif.gz,/scratch/a2149a01/RAPCID_2610_output/backbone/RAPCID_backbone_rapcid_backbone_173_model_2.cif.gz,A,B,39,33,3.595,1.983,3.345,6,5,16,12,0.5714,155.34,chain1_E_chain2_F,1,0,0,3,1,3,0,1,0,0,13,15,1,0,0,1,1,1,1,0,0,pass_no_clash;pass_conserved_motif,0.73852,0,
backbone,RAPCID_backbone_rapcid_backbone_173_model_3.cif.gz,/scratch/a2149a01/RAPCID_2610_output/backbone/RAPCID_backbone_rapcid_backbone_173_model_3.cif.gz,A,B,39,33,3.869,2.458,3.144,6,6,15,20,0.4286,157.83,chain1_E_chain2_F,1,0,0,3,1,3,0,1,0,0,10,15,1,1,1,1,1,1,1,1,1,,0.74681,1,71
backbone,RAPCID_backbone_rapcid_backbone_173_model_4.cif.gz,/scratch/a2149a01/RAPCID_2610_output/backbone/RAPCID_backbone_rapcid_backbone_173_model_4.cif.gz,A,B,39,33,9.486,2.615,3.304,4,6,15,18,0.4545,151.85,chain1_E_chain2_F,1,0,0,3,1,3,0,0,0,0,12,15,2,0,1,1,1,1,1,0,0,pass_conserved_motif,0.73229,0,
backbone,RAPCID_backbone_rapcid_backbone_173_model_5.cif.gz,/scratch/a2149a01/RAPCID_2610_output/backbone/RAPCID_backbone_rapcid_backbone_173_model_5.cif.gz,A,B,39,33,9.389,3.173,3.515,2,5,8,15,0.3478,157.74,chain1_E_chain2_F,1,0,0,3,1,3,0,0,0,0,10,15,1,0,1,1,1,1,1,0,0,pass_conserved_motif,0.70921,0,
backbone,RAPCID_backbone_rapcid_backbone_173_model_6.cif.gz,/scratch/a2149a01/RAPCID_2610_output/backbone/RAPCID_backbone_rapcid_backbone_173_model_6.cif.gz,A,B,39,33,8.353,2.671,3.281,5,5,15,16,0.4839,155.91,chain1_E_chain2_F,1,0,0,3,1,3,0,0,0,0,10,15,1,0,1,1,1,1,1,0,0,pass_conserved_motif,0.75752,0,
backbone,RAPCID_backbone_rapcid_backbone_173_model_7.cif.gz,/scratch/a2149a01/RAPCID_2610_output/backbone/RAPCID_backbone_rapcid_backbone_173_model_7.cif.gz,A,B,39,33,10.823,2.905,3.155,3,5,8,19,0.2963,162.49,chain1_E_chain2_F,1,0,0,3,1,3,0,0,0,0,7,15,1,0,1,1,1,1,1,0,0,pass_conserved_motif,0.68119,0,
backbone,RAPCID_backbone_rapcid_backbone_174_model_0.cif.gz,/scratch/a2149a01/RAPCID_2610_output/backbone/RAPCID_backbone_rapcid_backbone_174_model_0.cif.gz,A,B,44,30,2.795,2.958,2.809,4,6,8,16,0.3333,114.7,chain1_E_chain2_F,1,0,0,2,1,2,0,5,1,2,10,11,1,0,1,1,1,1,1,0,0,pass_conserved_motif,0.60638,0,
backbone,RAPCID_backbone_rapcid_backbone_174_model_1.cif.gz,/scratch/a2149a01/RAPCID_2610_output/backbone/RAPCID_backbone_rapcid_backbone_174_model_1.cif.gz,A,B,44,30,10.957,2.954,3.265,3,6,8,19,0.2963,160.88,chain1_E_chain2_F,2,0,0,3,2,3,0,0,0,0,9,16,3,0,1,1,1,1,1,0,0,pass_conserved_motif,0.71511,0,
backbone,RAPCID_backbone_rapcid_backbone_174_model_2.cif.gz,/scratch/a2149a01/RAPCID_2610_output/backbone/RAPCID_backbone_rapcid_backbone_174_model_2.cif.gz,A,B,44,30,2.921,2.139,3.198,7,5,20,18,0.5263,142.84,chain1_E_chain2_F,2,0,0,3,2,3,0,3,0,0,12,16,1,2,1,1,1,1,1,1,1,,0.75345,1,55
backbone,RAPCID_backbone_rapcid_backbone_174_model_3.cif.gz,/scratch/a2149a01/RAPCID_2610_output/backbone/RAPCID_backbone_rapcid_backbone_174_model_3.cif.gz,A,B,44,30,3.44,2.965,2.893,4,11,8,35,0.186,120.78,chain1_E_chain2_F,1,0,1,3,1,3,0,4,0,1,12,19,1,1,1,1,1,1,1,1,1,,0.55797,1,585
backbone,RAPCID_backbone_rapcid_backbone_174_model_4.cif.gz,/scratch/a2149a01/RAPCID_2610_output/backbone/RAPCID_backbone_rapcid_backbone_174_model_4.cif.gz,A,B,44,30,8.366,2.684,2.559,3,7,9,22,0.2903,123.03,chain1_E_chain2_F,2,0,0,3,2,3,0,0,0,0,9,21,1,0,1,1,1,1,1,0,0,pass_conserved_motif,0.5991,0,
backbone,RAPCID_backbone_rapcid_backbone_174_model_5.cif.gz,/scratch/a2149a01/RAPCID_2610_output/backbone/RAPCID_backbone_rapcid_backbone_174_model_5.cif.gz,A,B,44,30,9.823,3.397,3.428,3,10,6,27,0.1818,147.88,chain1_E_chain2_F,1,0,1,3,1,3,0,0,0,0,9,22,2,1,1,1,1,1,1,1,1,,0.60996,1,487
backbone,RAPCID_backbone_rapcid_backbone_174_model_6.cif.gz,/scratch/a2149a01/RAPCID_2610_output/backbone/RAPCID_backbone_rapcid_backbone_174_model_6.cif.gz,A,B,44,30,8.786,2.812,2.615,4,5,8,12,0.4,135.49,chain1_E_chain2_F,1,0,0,2,1,2,0,0,0,0,10,10,1,0,1,1,1,1,1,0,0,pass_conserved_motif,0.62736,0,
backbone,RAPCID_backbone_rapcid_backbone_174_model_7.cif.gz,/scratch/a2149a01/RAPCID_2610_output/backbone/RAPCID_backbone_rapcid_backbone_174_model_7.cif.gz,A,B,44,30,11.081,2.691,3.464,4,5,9,19,0.3214,162.39,chain1_E_chain2_F,1,0,0,3,1,3,0,0,0,0,8,16,1,0,1,1,1,1,1,0,0,pass_conserved_motif,0.69154,0,
backbone,RAPCID_backbone_rapcid_backbone_175_model_0.cif.gz,/scratch/a2149a01/RAPCID_2610_output/backbone/RAPCID_backbone_rapcid_backbone_175_model_0.cif.gz,B,A,41,26,12.785,2.638,3.325,5,3,8,8,0.5,145.48,chain1_F_chain2_E,0,2,1,0,2,1,0,0,0,0,9,9,1,2,1,1,1,1,1,1,1,,0.70066,1,193
backbone,RAPCID_backbone_rapcid_backbone_175_model_1.cif.gz,/scratch/a2149a01/RAPCID_2610_output/backbone/RAPCID_backbone_rapcid_backbone_175_model_1.cif.gz,B,A,41,26,3.368,2.877,2.792,8,5,16,12,0.5714,136.11,chain1_F_chain2_E,1,3,1,0,3,1,0,4,0,0,15,10,0,1,1,1,1,1,1,0,0,pass_conserved_motif,0.68941,0,
backbone,RAPCID_backbone_rapcid_backbone_175_model_2.cif.gz,/scratch/a2149a01/RAPCID_2610_output/backbone/RAPCID_backbone_rapcid_backbone_175_model_2.cif.gz,B,A,41,26,6.471,2.6,2.76,5,3,16,10,0.6154,123.22,chain1_F_chain2_E,1,2,1,0,2,1,0,0,0,0,10,9,0,1,1,1,1,1,1,0,0,pass_conserved_motif,0.58029,0,
backbone,RAPCID_backbone_rapcid_backbone_175_model_3.cif.gz,/scratch/a2149a01/RAPCID_2610_output/backbone/RAPCID_backbone_rapcid_backbone_175_model_3.cif.gz,B,A,41,26,8.582,3.484,3.023,5,3,9,8,0.5294,152.34,chain1_F_chain2_E,0,3,2,0,3,2,0,0,0,0,10,9,0,1,1,1,1,1,1,0,0,pass_conserved_motif,0.7689,0,
backbone,RAPCID_backbone_rapcid_backbone_175_model_4.cif.gz,/scratch/a2149a01/RAPCID_2610_output/backbone/RAPCID_backbone_rapcid_backbone_175_model_4.cif.gz,B,A,41,26,3.722,3.292,2.886,6,3,15,10,0.6,132.46,chain1_F_chain2_E,0,3,1,0,3,1,0,1,0,0,11,9,0,2,1,1,1,1,1,0,0,pass_conserved_motif,0.65081,0,
backbone,RAPCID_backbone_rapcid_backbone_175_model_5.cif.gz,/scratch/a2149a01/RAPCID_2610_output/backbone/RAPCID_backbone_rapcid_backbone_175_model_5.cif.gz,B,A,41,26,7.542,2.733,2.977,5,3,15,9,0.625,146.48,chain1_F_chain2_E,0,3,1,0,3,1,0,0,0,0,13,9,0,2,1,1,1,1,1,0,0,pass_conserved_motif,0.68257,0,
backbone,RAPCID_backbone_rapcid_backbone_175_model_6.cif.gz,/scratch/a2149a01/RAPCID_2610_output/backbone/RAPCID_backbone_rapcid_backbone_175_model_6.cif.gz,B,A,41,26,3.701,2.885,2.113,5,8,14,19,0.4242,143.02,chain1_F_chain2_E,0,2,2,0,2,2,1,1,0,0,8,16,0,1,1,1,1,1,1,0,0,pass_conserved_motif,0.7243,0,
backbone,RAPCID_backbone_rapcid_backbone_175_model_7.cif.gz,/scratch/a2149a01/RAPCID_2610_output/backbone/RAPCID_backbone_rapcid_backbone_175_model_7.cif.gz,B,A,41,26,4.805,2.8,2.838,4,3,15,11,0.5769,124.47,chain1_F_chain2_E,0,2,1,0,2,1,0,0,0,0,8,8,0,1,1,1,1,1,1,0,0,pass_conserved_motif,0.59984,0,
backbone,RAPCID_backbone_rapcid_backbone_176_model_0.cif.gz,/scratch/a2149a01/RAPCID_2610_output/backbone/RAPCID_backbone_rapcid_backbone_176_model_0.cif.gz,A,B,35,31,5.846,3.29,3.008,2,6,3,22,0.12,148.57,chain1_E_chain2_F,1,0,0,3,1,3,0,0,0,0,8,11,1,0,1,0,1,1,1,0,0,pass_dual_rap_contact;pass_conserved_motif,0.58752,0,
backbone,RAPCID_backbone_rapcid_backbone_176_model_1.cif.gz,/scratch/a2149a01/RAPCID_2610_output/backbone/RAPCID_backbone_rapcid_backbone_176_model_1.cif.gz,A,B,35,31,4.251,2.762,2.975,5,8,13,23,0.3611,157.53,chain1_E_chain2_F,1,0,0,3,1,3,1,0,0,0,10,17,1,0,1,1,1,1,1,0,0,pass_conserved_motif,0.7424,0,
backbone,RAPCID_backbone_rapcid_backbone_176_model_2.cif.gz,/scratch/a2149a01/RAPCID_2610_output/backbone/RAPCID_backbone_rapcid_backbone_176_model_2.cif.gz,A,B,35,31,3.104,2.826,2.311,4,6,7,11,0.3889,130.94,chain1_E_chain2_F,1,0,0,2,1,2,0,7,0,0,9,9,1,0,1,1,1,1,1,0,0,pass_conserved_motif,0.64273,0,
backbone,RAPCID_backbone_rapcid_backbone_176_model_3.cif.gz,/scratch/a2149a01/RAPCID_2610_output/backbone/RAPCID_backbone_rapcid_backbone_176_model_3.cif.gz,A,B,35,31,9.06,3.158,2.997,1,8,2,24,0.0769,148.06,chain1_E_chain2_F,0,0,0,3,0,3,0,0,0,0,7,17,1,0,1,0,0,1,1,0,0,pass_dual_rap_contact;pass_contact_balance;pass_conserved_motif,0.54002,0,
backbone,RAPCID_backbone_rapcid_backbone_176_model_4.cif.gz,/scratch/a2149a01/RAPCID_2610_output/backbone/RAPCID_backbone_rapcid_backbone_176_model_4.cif.gz,A,B,35,31,3.249,3.061,3.193,3,4,7,9,0.4375,146.44,chain1_E_chain2_F,2,0,0,3,2,3,0,3,0,0,10,11,1,0,1,1,1,1,1,0,0,pass_conserved_motif,0.75098,0,
backbone,RAPCID_backbone_rapcid_backbone_176_model_5.cif.gz,/scratch/a2149a01/RAPCID_2610_output/backbone/RAPCID_backbone_rapcid_backbone_176_model_5.cif.gz,A,B,35,31,3.457,3.018,3.358,3,9,13,20,0.3939,168.51,chain1_E_chain2_F,2,0,0,3,2,3,1,1,1,0,11,17,1,0,1,1,1,1,1,0,0,pass_conserved_motif,0.77898,0,
backbone,RAPCID_backbone_rapcid_backbone_176_model_6.cif.gz,/scratch/a2149a01/RAPCID_2610_output/backbone/RAPCID_backbone_rapcid_backbone_176_model_6.cif.gz,A,B,35,31,11.817,2.471,3.711,2,6,10,12,0.4545,178.95,chain1_E_chain2_F,1,0,0,3,1,3,0,0,0,0,8,14,1,0,1,1,1,1,1,0,0,pass_conserved_motif,0.68961,0,
backbone,RAPCID_backbone_rapcid_backbone_176_model_7.cif.gz,/scratch/a2149a01/RAPCID_2610_output/backbone/RAPCID_backbone_rapcid_backbone_176_model_7.cif.gz,A,B,35,31,3.161,3.176,3.053,4,5,8,12,0.4,130.44,chain1_E_chain2_F,1,0,0,3,1,3,0,8,0,0,10,15,1,0,1,1,1,1,1,0,0,pass_conserved_motif,0.67909,0,
backbone,RAPCID_backbone_rapcid_backbone_177_model_0.cif.gz,/scratch/a2149a01/RAPCID_2610_output/backbone/RAPCID_backbone_rapcid_backbone_177_model_0.cif.gz,B,A,39,33,3.183,3.386,3.131,8,4,18,11,0.6207,126.37,chain1_F_chain2_E,1,3,1,0,3,1,0,7,0,0,15,10,0,2,1,1,1,1,1,0,0,pass_conserved_motif,0.65224,0,
backbone,RAPCID_backbone_rapcid_backbone_177_model_1.cif.gz,/scratch/a2149a01/RAPCID_2610_output/backbone/RAPCID_backbone_rapcid_backbone_177_model_1.cif.gz,B,A,39,33,2.435,2.551,2.611,4,7,17,25,0.4048,89.78,chain1_F_chain2_E,1,2,1,0,2,1,0,16,1,1,12,11,0,1,1,1,1,1,1,0,0,pass_conserved_motif,0.51022,0,
backbone,RAPCID_backbone_rapcid_backbone_177_model_2.cif.gz,/scratch/a2149a01/RAPCID_2610_output/backbone/RAPCID_backbone_rapcid_backbone_177_model_2.cif.gz,B,A,39,33,3.085,2.534,3.024,3,4,12,16,0.4286,113.28,chain1_F_chain2_E,0,2,3,0,2,3,0,3,1,2,10,11,0,1,1,1,1,1,1,0,0,pass_conserved_motif,0.68689,0,
backbone,RAPCID_backbone_rapcid_backbone_177_model_3.cif.gz,/scratch/a2149a01/RAPCID_2610_output/backbone/RAPCID_backbone_rapcid_backbone_177_model_3.cif.gz,B,A,39,33,3.81,2.568,2.923,5,2,14,7,0.6667,119.01,chain1_F_chain2_E,1,2,1,0,2,1,0,3,0,1,9,9,0,1,1,1,1,1,1,0,0,pass_conserved_motif,0.57741,0,
backbone,RAPCID_backbone_rapcid_backbone_177_model_4.cif.gz,/scratch/a2149a01/RAPCID_2610_output/backbone/RAPCID_backbone_rapcid_backbone_177_model_4.cif.gz,B,A,39,33,3.172,3.227,2.708,5,4,13,14,0.4815,103.66,chain1_F_chain2_E,0,2,2,0,2,2,0,2,1,1,8,15,0,1,1,1,1,1,1,0,0,pass_conserved_motif,0.62573,0,
backbone,RAPCID_backbone_rapcid_backbone_177_model_5.cif.gz,/scratch/a2149a01/RAPCID_2610_output/backbone/RAPCID_backbone_rapcid_backbone_177_model_5.cif.gz,B,A,39,33,3.101,2.576,2.931,5,3,14,13,0.5185,106.35,chain1_F_chain2_E,1,2,1,0,2,1,0,5,1,1,9,10,0,2,1,1,1,1,1,0,0,pass_conserved_motif,0.62114,0,
backbone,RAPCID_backbone_rapcid_backbone_177_model_6.cif.gz,/scratch/a2149a01/RAPCID_2610_output/backbone/RAPCID_backbone_rapcid_backbone_177_model_6.cif.gz,B,A,39,33,2.628,2.683,2.56,4,6,15,16,0.4839,111.56,chain1_F_chain2_E,1,2,1,0,2,1,0,7,0,1,9,10,0,1,1,1,1,1,1,0,0,pass_conserved_motif,0.63281,0,
backbone,RAPCID_backbone_rapcid_backbone_177_model_7.cif.gz,/scratch/a2149a01/RAPCID_2610_output/backbone/RAPCID_backbone_rapcid_backbone_177_model_7.cif.gz,B,A,39,33,6.455,2.693,3.171,3,4,13,14,0.4815,177.13,chain1_F_chain2_E,1,2,2,0,2,2,1,0,0,0,7,10,0,1,1,1,1,1,1,0,0,pass_conserved_motif,0.73503,0,
backbone,RAPCID_backbone_rapcid_backbone_178_model_0.cif.gz,/scratch/a2149a01/RAPCID_2610_output/backbone/RAPCID_backbone_rapcid_backbone_178_model_0.cif.gz,A,B,38,22,8.806,3.209,2.961,4,9,10,38,0.2083,139.13,chain1_E_chain2_F,1,0,1,3,1,3,0,0,0,0,9,20,1,0,1,1,1,1,1,0,0,pass_conserved_motif,0.5914,0,
backbone,RAPCID_backbone_rapcid_backbone_178_model_1.cif.gz,/scratch/a2149a01/RAPCID_2610_output/backbone/RAPCID_backbone_rapcid_backbone_178_model_1.cif.gz,A,B,38,22,7.603,2.308,3.132,6,6,16,24,0.4,145.49,chain1_E_chain2_F,1,0,0,3,1,3,0,0,0,0,11,15,2,1,1,1,1,1,1,1,1,,0.68927,1,243
backbone,RAPCID_backbone_rapcid_backbone_178_model_2.cif.gz,/scratch/a2149a01/RAPCID_2610_output/backbone/RAPCID_backbone_rapcid_backbone_178_model_2.cif.gz,A,B,38,22,11.632,3.069,3.691,3,5,9,11,0.45,168.95,chain1_E_chain2_F,1,0,0,3,1,3,0,0,0,0,10,15,1,0,1,1,1,1,1,0,0,pass_conserved_motif,0.72111,0,
backbone,RAPCID_backbone_rapcid_backbone_178_model_3.cif.gz,/scratch/a2149a01/RAPCID_2610_output/backbone/RAPCID_backbone_rapcid_backbone_178_model_3.cif.gz,A,B,38,22,3.278,2.945,2.394,5,6,14,19,0.4242,102.6,chain1_E_chain2_F,1,0,1,2,1,2,0,7,0,0,10,10,2,0,1,1,1,1,1,0,0,pass_conserved_motif,0.5624,0,
backbone,RAPCID_backbone_rapcid_backbone_178_model_4.cif.gz,/scratch/a2149a01/RAPCID_2610_output/backbone/RAPCID_backbone_rapcid_backbone_178_model_4.cif.gz,A,B,38,22,11.176,2.374,3.408,4,3,10,6,0.625,155.9,chain1_E_chain2_F,1,0,0,3,1,3,0,0,0,0,9,13,1,0,1,1,1,1,1,0,0,pass_conserved_motif,0.71397,0,
backbone,RAPCID_backbone_rapcid_backbone_178_model_5.cif.gz,/scratch/a2149a01/RAPCID_2610_output/backbone/RAPCID_backbone_rapcid_backbone_178_model_5.cif.gz,A,B,38,22,7.531,2.391,3.374,5,5,18,17,0.5143,151.24,chain1_E_chain2_F,2,0,0,3,2,3,0,0,0,0,10,15,1,0,1,1,1,1,1,0,0,pass_conserved_motif,0.77129,0,
backbone,RAPCID_backbone_rapcid_backbone_178_model_6.cif.gz,/scratch/a2149a01/RAPCID_2610_output/backbone/RAPCID_backbone_rapcid_backbone_178_model_6.cif.gz,A,B,38,22,5.031,2.237,3.505,7,5,14,15,0.4828,156.02,chain1_E_chain2_F,1,0,0,3,1,3,0,0,0,0,12,16,1,0,1,1,1,1,1,0,0,pass_conserved_motif,0.75745,0,
backbone,RAPCID_backbone_rapcid_backbone_178_model_7.cif.gz,/scratch/a2149a01/RAPCID_2610_output/backbone/RAPCID_backbone_rapcid_backbone_178_model_7.cif.gz,A,B,38,22,6.245,2.403,3.559,6,5,17,17,0.5,150.39,chain1_E_chain2_F,1,0,0,3,1,3,0,0,0,0,10,14,1,0,1,1,1,1,1,0,0,pass_conserved_motif,0.74558,0,
backbone,RAPCID_backbone_rapcid_backbone_179_model_0.cif.gz,/scratch/a2149a01/RAPCID_2610_output/backbone/RAPCID_backbone_rapcid_backbone_179_model_0.cif.gz,A,B,38,34,2.712,2.727,3.255,7,6,27,11,0.7105,95.61,chain1_E_chain2_F,1,0,0,3,1,3,0,16,3,2,10,10,2,0,1,1,1,1,1,0,0,pass_conserved_motif,0.56211,0,
backbone,RAPCID_backbone_rapcid_backbone_179_model_1.cif.gz,/scratch/a2149a01/RAPCID_2610_output/backbone/RAPCID_backbone_rapcid_backbone_179_model_1.cif.gz,A,B,38,34,6.5,3.411,3.502,5,4,10,16,0.3846,160.23,chain1_E_chain2_F,1,0,0,2,1,2,0,0,0,0,14,16,1,0,1,1,1,1,1,0,0,pass_conserved_motif,0.69546,0,
backbone,RAPCID_backbone_rapcid_backbone_179_model_2.cif.gz,/scratch/a2149a01/RAPCID_2610_output/backbone/RAPCID_backbone_rapcid_backbone_179_model_2.cif.gz,A,B,38,34,10.552,2.837,3.265,4,6,12,20,0.375,160.92,chain1_E_chain2_F,2,0,0,3,2,3,0,0,0,0,10,16,2,0,1,1,1,1,1,0,0,pass_conserved_motif,0.74647,0,
backbone,RAPCID_backbone_rapcid_backbone_179_model_3.cif.gz,/scratch/a2149a01/RAPCID_2610_output/backbone/RAPCID_backbone_rapcid_backbone_179_model_3.cif.gz,A,B,38,34,8.125,2.733,3.632,6,6,15,18,0.4545,158.05,chain1_E_chain2_F,2,0,0,3,2,3,0,0,0,0,10,15,3,1,1,1,1,1,1,1,1,,0.78152,1,20
backbone,RAPCID_backbone_rapcid_backbone_179_model_4.cif.gz,/scratch/a2149a01/RAPCID_2610_output/backbone/RAPCID_backbone_rapcid_backbone_179_model_4.cif.gz,A,B,38,34,3.212,3.06,2.426,5,5,10,14,0.4167,130.22,chain1_E_chain2_F,1,0,1,2,1,2,0,4,0,0,12,11,1,0,1,1,1,1,1,0,0,pass_conserved_motif,0.63645,0,
backbone,RAPCID_backbone_rapcid_backbone_179_model_5.cif.gz,/scratch/a2149a01/RAPCID_2610_output/backbone/RAPCID_backbone_rapcid_backbone_179_model_5.cif.gz,A,B,38,34,10.888,3.174,3.289,4,5,8,17,0.32,164.25,chain1_E_chain2_F,1,0,0,3,1,3,0,0,0,0,13,16,1,0,1,1,1,1,1,0,0,pass_conserved_motif,0.68477,0,
backbone,RAPCID_backbone_rapcid_backbone_179_model_6.cif.gz,/scratch/a2149a01/RAPCID_2610_output/backbone/RAPCID_backbone_rapcid_backbone_179_model_6.cif.gz,A,B,38,34,8.485,2.618,3.185,5,5,14,20,0.4118,152.23,chain1_E_chain2_F,1,0,0,3,1,3,0,0,0,0,9,15,1,0,1,1,1,1,1,0,0,pass_conserved_motif,0.71641,0,
backbone,RAPCID_backbone_rapcid_backbone_179_model_7.cif.gz,/scratch/a2149a01/RAPCID_2610_output/backbone/RAPCID_backbone_rapcid_backbone_179_model_7.cif.gz,A,B,38,34,3.411,3.102,3.233,3,8,9,24,0.2727,157.84,chain1_E_chain2_F,2,0,0,3,2,3,0,3,1,0,9,17,1,1,1,1,1,1,1,1,1,,0.73975,1,84
backbone,RAPCID_backbone_rapcid_backbone_17_model_0.cif.gz,/scratch/a2149a01/RAPCID_2610_output/backbone/RAPCID_backbone_rapcid_backbone_17_model_0.cif.gz,B,A,45,22,8.482,2.366,1.924,6,3,13,11,0.5417,161.2,chain1_F_chain2_E,0,3,2,0,3,2,1,0,0,0,11,7,0,1,0,1,1,1,1,0,0,pass_no_clash;pass_conserved_motif,0.80743,0,
backbone,RAPCID_backbone_rapcid_backbone_17_model_1.cif.gz,/scratch/a2149a01/RAPCID_2610_output/backbone/RAPCID_backbone_rapcid_backbone_17_model_1.cif.gz,B,A,45,22,8.108,3.491,1.949,4,3,13,14,0.4815,152.29,chain1_F_chain2_E,0,2,2,0,2,2,1,0,0,0,8,6,0,1,0,1,1,1,1,0,0,pass_no_clash;pass_conserved_motif,0.77309,0,
backbone,RAPCID_backbone_rapcid_backbone_17_model_2.cif.gz,/scratch/a2149a01/RAPCID_2610_output/backbone/RAPCID_backbone_rapcid_backbone_17_model_2.cif.gz,B,A,45,22,10.887,2.685,2.001,6,3,15,11,0.5769,171.14,chain1_F_chain2_E,0,3,2,0,3,2,1,0,0,0,10,6,0,1,1,1,1,1,1,0,0,pass_conserved_motif,0.76019,0,
backbone,RAPCID_backbone_rapcid_backbone_17_model_3.cif.gz,/scratch/a2149a01/RAPCID_2610_output/backbone/RAPCID_backbone_rapcid_backbone_17_model_3.cif.gz,B,A,45,22,6.327,3.739,1.705,5,4,9,12,0.4286,154.2,chain1_F_chain2_E,0,3,1,0,3,1,1,0,0,0,13,9,0,1,0,1,1,1,1,0,0,pass_no_clash;pass_conserved_motif,0.75829,0,
backbone,RAPCID_backbone_rapcid_backbone_17_model_4.cif.gz,/scratch/a2149a01/RAPCID_2610_output/backbone/RAPCID_backbone_rapcid_backbone_17_model_4.cif.gz,B,A,45,22,9.016,3.483,2.292,4,3,5,11,0.3125,167.28,chain1_F_chain2_E,0,2,1,0,2,1,1,0,0,0,14,6,0,1,1,1,1,1,1,0,0,pass_conserved_motif,0.67168,0,
backbone,RAPCID_backbone_rapcid_backbone_17_model_5.cif.gz,/scratch/a2149a01/RAPCID_2610_output/backbone/RAPCID_backbone_rapcid_backbone_17_model_5.cif.gz,B,A,45,22,11.76,3.261,1.877,4,3,7,14,0.3333,162.09,chain1_F_chain2_E,0,2,2,0,2,2,1,0,0,0,10,6,0,1,0,1,1,1,1,0,0,pass_no_clash;pass_conserved_motif,0.72589,0,
backbone,RAPCID_backbone_rapcid_backbone_17_model_6.cif.gz,/scratch/a2149a01/RAPCID_2610_output/backbone/RAPCID_backbone_rapcid_backbone_17_model_6.cif.gz,B,A,45,22,10.514,2.314,2.564,4,3,16,9,0.64,145.51,chain1_F_chain2_E,0,2,2,0,2,2,1,0,0,0,11,6,0,1,1,1,1,1,1,0,0,pass_conserved_motif,0.7019,0,
backbone,RAPCID_backbone_rapcid_backbone_17_model_7.cif.gz,/scratch/a2149a01/RAPCID_2610_output/backbone/RAPCID_backbone_rapcid_backbone_17_model_7.cif.gz,B,A,45,22,11.858,3.701,3.275,3,3,8,7,0.5333,142.19,chain1_F_chain2_E,0,2,1,0,2,1,0,0,0,0,11,6,0,1,1,1,1,1,1,0,0,pass_conserved_motif,0.67634,0,
backbone,RAPCID_backbone_rapcid_backbone_180_model_0.cif.gz,/scratch/a2149a01/RAPCID_2610_output/backbone/RAPCID_backbone_rapcid_backbone_180_model_0.cif.gz,A,B,39,22,6.882,3.016,3.564,4,5,13,14,0.4815,148.03,chain1_E_chain2_F,1,0,0,3,1,3,0,0,0,0,14,13,1,0,1,1,1,1,1,0,0,pass_conserved_motif,0.73032,0,
backbone,RAPCID_backbone_rapcid_backbone_180_model_1.cif.gz,/scratch/a2149a01/RAPCID_2610_output/backbone/RAPCID_backbone_rapcid_backbone_180_model_1.cif.gz,A,B,39,22,2.897,2.486,3.219,6,6,20,21,0.4878,144.34,chain1_E_chain2_F,1,0,0,3,1,3,0,9,1,1,13,12,1,0,1,1,1,1,1,0,0,pass_conserved_motif,0.78886,0,
backbone,RAPCID_backbone_rapcid_backbone_180_model_2.cif.gz,/scratch/a2149a01/RAPCID_2610_output/backbone/RAPCID_backbone_rapcid_backbone_180_model_2.cif.gz,A,B,39,22,10.266,2.504,3.2,3,5,11,15,0.4231,160.33,chain1_E_chain2_F,1,0,0,3,1,3,1,0,0,0,9,12,2,0,1,1,1,1,1,0,0,pass_conserved_motif,0.76765,0,
backbone,RAPCID_backbone_rapcid_backbone_180_model_3.cif.gz,/scratch/a2149a01/RAPCID_2610_output/backbone/RAPCID_backbone_rapcid_backbone_180_model_3.cif.gz,A,B,39,22,9.848,2.863,3.18,4,6,12,17,0.4138,161.12,chain1_E_chain2_F,2,0,0,3,2,3,0,0,0,0,11,12,1,0,1,1,1,1,1,0,0,pass_conserved_motif,0.7613,0,
backbone,RAPCID_backbone_rapcid_backbone_180_model_4.cif.gz,/scratch/a2149a01/RAPCID_2610_output/backbone/RAPCID_backbone_rapcid_backbone_180_model_4.cif.gz,A,B,39,22,10.613,3.233,3.438,4,5,10,17,0.3704,156.13,chain1_E_chain2_F,1,0,0,3,1,3,0,0,0,0,9,12,1,0,1,1,1,1,1,0,0,pass_conserved_motif,0.71286,0,
backbone,RAPCID_backbone_rapcid_backbone_180_model_5.cif.gz,/scratch/a2149a01/RAPCID_2610_output/backbone/RAPCID_backbone_rapcid_backbone_180_model_5.cif.gz,A,B,39,22,8.92,2.735,3.519,4,5,12,19,0.3871,150.43,chain1_E_chain2_F,1,0,0,3,1,3,0,0,0,0,10,12,1,0,1,1,1,1,1,0,0,pass_conserved_motif,0.70054,0,
backbone,RAPCID_backbone_rapcid_backbone_180_model_6.cif.gz,/scratch/a2149a01/RAPCID_2610_output/backbone/RAPCID_backbone_rapcid_backbone_180_model_6.cif.gz,A,B,39,22,10.603,2.833,3.03,4,6,9,19,0.3214,171.74,chain1_E_chain2_F,1,0,0,3,1,3,0,0,0,0,10,12,1,0,1,1,1,1,1,0,0,pass_conserved_motif,0.6604,0,
backbone,RAPCID_backbone_rapcid_backbone_180_model_7.cif.gz,/scratch/a2149a01/RAPCID_2610_output/backbone/RAPCID_backbone_rapcid_backbone_180_model_7.cif.gz,A,B,39,22,3.426,2.113,3.705,7,5,17,13,0.5667,135.78,chain1_E_chain2_F,1,0,0,3,1,3,0,4,0,0,13,12,1,0,1,1,1,1,1,0,0,pass_conserved_motif,0.69021,0,
backbone,RAPCID_backbone_rapcid_backbone_181_model_0.cif.gz,/scratch/a2149a01/RAPCID_2610_output/backbone/RAPCID_backbone_rapcid_backbone_181_model_0.cif.gz,A,B,39,22,3.299,2.775,3.628,4,5,10,11,0.4762,104.64,chain1_E_chain2_F,1,0,1,2,1,2,0,5,1,1,10,11,1,0,1,1,1,1,1,0,0,pass_conserved_motif,0.61331,0,
backbone,RAPCID_backbone_rapcid_backbone_181_model_1.cif.gz,/scratch/a2149a01/RAPCID_2610_output/backbone/RAPCID_backbone_rapcid_backbone_181_model_1.cif.gz,A,B,39,22,11.633,3.084,3.087,4,6,12,18,0.4,158.91,chain1_E_chain2_F,1,0,0,3,1,3,0,0,0,0,7,16,1,1,1,1,1,1,1,1,1,,0.73398,1,105
backbone,RAPCID_backbone_rapcid_backbone_181_model_2.cif.gz,/scratch/a2149a01/RAPCID_2610_output/backbone/RAPCID_backbone_rapcid_backbone_181_model_2.cif.gz,A,B,39,22,4.201,2.359,3.355,5,6,16,16,0.5,136.02,chain1_E_chain2_F,1,0,0,3,1,3,0,0,0,0,12,13,1,0,1,1,1,1,1,0,0,pass_conserved_motif,0.69767,0,
backbone,RAPCID_backbone_rapcid_backbone_181_model_3.cif.gz,/scratch/a2149a01/RAPCID_2610_output/backbone/RAPCID_backbone_rapcid_backbone_181_model_3.cif.gz,A,B,39,22,7.287,2.877,3.641,5,5,12,14,0.4615,141.01,chain1_E_chain2_F,1,0,0,3,1,3,0,0,0,0,11,14,1,0,1,1,1,1,1,0,0,pass_conserved_motif,0.69892,0,
backbone,RAPCID_backbone_rapcid_backbone_181_model_4.cif.gz,/scratch/a2149a01/RAPCID_2610_output/backbone/RAPCID_backbone_rapcid_backbone_181_model_4.cif.gz,A,B,39,22,9.919,3.095,3.834,3,5,12,14,0.4615,147.23,chain1_E_chain2_F,1,0,0,3,1,3,0,0,0,0,10,14,1,0,1,1,1,1,1,0,0,pass_conserved_motif,0.71968,0,
backbone,RAPCID_backbone_rapcid_backbone_181_model_5.cif.gz,/scratch/a2149a01/RAPCID_2610_output/backbone/RAPCID_backbone_rapcid_backbone_181_model_5.cif.gz,A,B,39,22,8.18,3.02,3.384,3,5,13,21,0.3824,149.48,chain1_E_chain2_F,1,0,0,3,1,3,0,0,0,0,9,16,1,0,1,1,1,1,1,0,0,pass_conserved_motif,0.69548,0,
backbone,RAPCID_backbone_rapcid_backbone_181_model_6.cif.gz,/scratch/a2149a01/RAPCID_2610_output/backbone/RAPCID_backbone_rapcid_backbone_181_model_6.cif.gz,A,B,39,22,9.698,2.838,3.556,4,6,17,13,0.5667,148.82,chain1_E_chain2_F,1,0,0,3,1,3,0,0,0,0,11,16,2,0,1,1,1,1,1,0,0,pass_conserved_motif,0.71369,0,
backbone,RAPCID_backbone_rapcid_backbone_181_model_7.cif.gz,/scratch/a2149a01/RAPCID_2610_output/backbone/RAPCID_backbone_rapcid_backbone_181_model_7.cif.gz,A,B,39,22,6.766,3.183,3.453,3,7,10,23,0.303,168.36,chain1_E_chain2_F,1,0,0,3,1,3,0,0,0,0,7,17,2,1,1,1,1,1,1,1,1,,0.6643,1,328
backbone,RAPCID_backbone_rapcid_backbone_182_model_0.cif.gz,/scratch/a2149a01/RAPCID_2610_output/backbone/RAPCID_backbone_rapcid_backbone_182_model_0.cif.gz,B,A,43,33,3.172,3.111,3.027,5,4,12,10,0.5455,128.55,chain1_F_chain2_E,0,2,1,0,2,1,0,12,0,0,11,11,0,2,1,1,1,1,1,0,0,pass_conserved_motif,0.64603,0,
backbone,RAPCID_backbone_rapcid_backbone_182_model_1.cif.gz,/scratch/a2149a01/RAPCID_2610_output/backbone/RAPCID_backbone_rapcid_backbone_182_model_1.cif.gz,B,A,43,33,3.701,3.489,2.396,6,6,18,16,0.5294,159.49,chain1_F_chain2_E,0,3,1,0,3,1,0,1,0,0,16,13,0,1,1,1,1,1,1,0,0,pass_conserved_motif,0.7659,0,
backbone,RAPCID_backbone_rapcid_backbone_182_model_2.cif.gz,/scratch/a2149a01/RAPCID_2610_output/backbone/RAPCID_backbone_rapcid_backbone_182_model_2.cif.gz,B,A,43,33,3.296,2.338,2.972,4,4,13,7,0.65,119.27,chain1_F_chain2_E,0,1,1,0,1,1,0,10,0,1,10,9,1,1,1,1,1,1,1,1,1,,0.57139,1,566
backbone,RAPCID_backbone_rapcid_backbone_182_model_3.cif.gz,/scratch/a2149a01/RAPCID_2610_output/backbone/RAPCID_backbone_rapcid_backbone_182_model_3.cif.gz,B,A,43,33,2.81,2.999,3.758,4,3,10,4,0.7143,133.32,chain1_F_chain2_E,0,2,1,0,2,1,0,5,0,0,8,9,0,1,1,1,1,1,1,0,0,pass_conserved_motif,0.59938,0,
backbone,RAPCID_backbone_rapcid_backbone_182_model_4.cif.gz,/scratch/a2149a01/RAPCID_2610_output/backbone/RAPCID_backbone_rapcid_backbone_182_model_4.cif.gz,B,A,43,33,2.806,3.059,2.903,7,3,21,6,0.7778,112.65,chain1_F_chain2_E,2,2,1,0,2,1,0,7,0,1,11,8,1,1,1,1,1,1,1,1,1,,0.53177,1,610
backbone,RAPCID_backbone_rapcid_backbone_182_model_5.cif.gz,/scratch/a2149a01/RAPCID_2610_output/backbone/RAPCID_backbone_rapcid_backbone_182_model_5.cif.gz,B,A,43,33,3.413,2.625,3.27,6,5,16,10,0.6154,111.59,chain1_F_chain2_E,1,2,1,0,2,1,0,13,0,1,11,10,0,1,1,1,1,1,1,0,0,pass_conserved_motif,0.57318,0,
backbone,RAPCID_backbone_rapcid_backbone_182_model_6.cif.gz,/scratch/a2149a01/RAPCID_2610_output/backbone/RAPCID_backbone_rapcid_backbone_182_model_6.cif.gz,B,A,43,33,3.436,2.737,3.188,4,7,13,20,0.3939,113.64,chain1_F_chain2_E,1,2,3,0,2,3,0,11,0,2,11,18,0,1,1,1,1,1,1,0,0,pass_conserved_motif,0.66756,0,
backbone,RAPCID_backbone_rapcid_backbone_182_model_7.cif.gz,/scratch/a2149a01/RAPCID_2610_output/backbone/RAPCID_backbone_rapcid_backbone_182_model_7.cif.gz,B,A,43,33,3.307,3.191,2.907,3,5,11,14,0.44,112.06,chain1_F_chain2_E,1,2,1,0,2,1,0,12,0,1,11,8,0,1,1,1,1,1,1,0,0,pass_conserved_motif,0.60191,0,
backbone,RAPCID_backbone_rapcid_backbone_183_model_0.cif.gz,/scratch/a2149a01/RAPCID_2610_output/backbone/RAPCID_backbone_rapcid_backbone_183_model_0.cif.gz,A,B,44,35,4.739,2.349,3.42,4,6,10,15,0.4,133.48,chain1_E_chain2_F,1,0,0,3,1,3,0,0,0,0,9,11,1,0,1,1,1,1,1,0,0,pass_conserved_motif,0.64922,0,
backbone,RAPCID_backbone_rapcid_backbone_183_model_1.cif.gz,/scratch/a2149a01/RAPCID_2610_output/backbone/RAPCID_backbone_rapcid_backbone_183_model_1.cif.gz,A,B,44,35,3.137,2.773,3.048,3,4,10,14,0.4167,132.39,chain1_E_chain2_F,1,0,0,3,1,3,0,6,0,0,11,13,1,0,1,1,1,1,1,0,0,pass_conserved_motif,0.68224,0,
backbone,RAPCID_backbone_rapcid_backbone_183_model_2.cif.gz,/scratch/a2149a01/RAPCID_2610_output/backbone/RAPCID_backbone_rapcid_backbone_183_model_2.cif.gz,A,B,44,35,5.811,2.956,3.501,4,5,14,12,0.5385,134.66,chain1_E_chain2_F,1,0,0,3,1,3,0,0,0,0,10,14,1,0,1,1,1,1,1,0,0,pass_conserved_motif,0.67776,0,
backbone,RAPCID_backbone_rapcid_backbone_183_model_3.cif.gz,/scratch/a2149a01/RAPCID_2610_output/backbone/RAPCID_backbone_rapcid_backbone_183_model_3.cif.gz,A,B,44,35,3.187,2.795,3.023,4,6,9,16,0.36,118.21,chain1_E_chain2_F,1,0,0,2,1,2,0,14,1,0,9,9,1,0,1,1,1,1,1,0,0,pass_conserved_motif,0.58042,0,
backbone,RAPCID_backbone_rapcid_backbone_183_model_4.cif.gz,/scratch/a2149a01/RAPCID_2610_output/backbone/RAPCID_backbone_rapcid_backbone_183_model_4.cif.gz,A,B,44,35,2.799,3.006,3.023,4,5,12,16,0.4286,119.4,chain1_E_chain2_F,1,0,1,2,1,2,0,11,0,0,9,12,1,0,1,1,1,1,1,0,0,pass_conserved_motif,0.61014,0,
backbone,RAPCID_backbone_rapcid_backbone_183_model_5.cif.gz,/scratch/a2149a01/RAPCID_2610_output/backbone/RAPCID_backbone_rapcid_backbone_183_model_5.cif.gz,A,B,44,35,3.33,2.826,3.221,4,5,13,11,0.5417,122.16,chain1_E_chain2_F,1,0,0,3,1,3,0,6,1,0,11,13,1,0,1,1,1,1,1,0,0,pass_conserved_motif,0.68149,0,
backbone,RAPCID_backbone_rapcid_backbone_183_model_6.cif.gz,/scratch/a2149a01/RAPCID_2610_output/backbone/RAPCID_backbone_rapcid_backbone_183_model_6.cif.gz,A,B,44,35,3.059,2.926,2.697,7,5,15,15,0.5,110.96,chain1_E_chain2_F,1,0,0,2,1,2,0,15,1,1,11,9,1,0,1,1,1,1,1,0,0,pass_conserved_motif,0.62392,0,
backbone,RAPCID_backbone_rapcid_backbone_183_model_7.cif.gz,/scratch/a2149a01/RAPCID_2610_output/backbone/RAPCID_backbone_rapcid_backbone_183_model_7.cif.gz,A,B,44,35,9.683,2.378,3.178,3,5,10,13,0.4348,149.71,chain1_E_chain2_F,1,0,0,3,1,3,0,0,0,0,7,12,1,0,1,1,1,1,1,0,0,pass_conserved_motif,0.71722,0,
backbone,RAPCID_backbone_rapcid_backbone_184_model_0.cif.gz,/scratch/a2149a01/RAPCID_2610_output/backbone/RAPCID_backbone_rapcid_backbone_184_model_0.cif.gz,B,A,37,29,1.275,2.801,3.175,4,3,16,8,0.6667,109.65,chain1_F_chain2_E,1,2,1,0,2,1,0,11,0,2,9,10,1,1,0,1,1,1,1,1,0,pass_no_clash,0.57289,0,
backbone,RAPCID_backbone_rapcid_backbone_184_model_1.cif.gz,/scratch/a2149a01/RAPCID_2610_output/backbone/RAPCID_backbone_rapcid_backbone_184_model_1.cif.gz,B,A,37,29,11.205,2.697,1.721,6,4,14,14,0.5,170.09,chain1_F_chain2_E,0,3,2,0,3,2,1,0,0,0,15,7,1,1,0,1,1,1,1,1,0,pass_no_clash,0.79445,0,
backbone,RAPCID_backbone_rapcid_backbone_184_model_2.cif.gz,/scratch/a2149a01/RAPCID_2610_output/backbone/RAPCID_backbone_rapcid_backbone_184_model_2.cif.gz,B,A,37,29,10.356,3.398,2.902,6,5,14,13,0.5185,134.36,chain1_F_chain2_E,0,1,2,0,1,2,0,0,0,0,13,7,0,1,1,1,1,1,1,0,0,pass_conserved_motif,0.65617,0,
backbone,RAPCID_backbone_rapcid_backbone_184_model_3.cif.gz,/scratch/a2149a01/RAPCID_2610_output/backbone/RAPCID_backbone_rapcid_backbone_184_model_3.cif.gz,B,A,37,29,11.839,3.06,2.105,4,4,12,15,0.4444,171.27,chain1_F_chain2_E,0,3,2,0,3,2,1,0,0,0,11,7,0,1,1,1,1,1,1,0,0,pass_conserved_motif,0.76832,0,
backbone,RAPCID_backbone_rapcid_backbone_184_model_4.cif.gz,/scratch/a2149a01/RAPCID_2610_output/backbone/RAPCID_backbone_rapcid_backbone_184_model_4.cif.gz,B,A,37,29,11.284,3.643,2.106,5,4,12,12,0.5,170.08,chain1_F_chain2_E,0,3,2,0,3,2,1,0,0,0,14,7,0,1,1,1,1,1,1,0,0,pass_conserved_motif,0.79448,0,
backbone,RAPCID_backbone_rapcid_backbone_184_model_5.cif.gz,/scratch/a2149a01/RAPCID_2610_output/backbone/RAPCID_backbone_rapcid_backbone_184_model_5.cif.gz,B,A,37,29,11.234,3.101,1.626,6,4,15,16,0.4839,172.42,chain1_F_chain2_E,0,3,2,0,3,2,1,0,0,0,10,7,0,1,0,1,1,1,1,0,0,pass_no_clash;pass_conserved_motif,0.78023,0,
backbone,RAPCID_backbone_rapcid_backbone_184_model_6.cif.gz,/scratch/a2149a01/RAPCID_2610_output/backbone/RAPCID_backbone_rapcid_backbone_184_model_6.cif.gz,B,A,37,29,4.258,3.148,1.952,5,4,15,16,0.4839,164.86,chain1_F_chain2_E,0,2,2,0,2,2,1,0,0,0,10,7,0,1,0,1,1,1,1,0,0,pass_no_clash;pass_conserved_motif,0.77687,0,
backbone,RAPCID_backbone_rapcid_backbone_184_model_7.cif.gz,/scratch/a2149a01/RAPCID_2610_output/backbone/RAPCID_backbone_rapcid_backbone_184_model_7.cif.gz,B,A,37,29,5.598,2.313,2.384,4,4,17,11,0.6071,137.08,chain1_F_chain2_E,1,2,1,0,2,1,0,0,0,0,10,8,1,2,1,1,1,1,1,1,1,,0.62978,1,433
backbone,RAPCID_backbone_rapcid_backbone_185_model_0.cif.gz,/scratch/a2149a01/RAPCID_2610_output/backbone/RAPCID_backbone_rapcid_backbone_185_model_0.cif.gz,B,A,31,20,3.047,2.624,3.377,5,4,16,16,0.5,127.32,chain1_F_chain2_E,1,2,1,0,2,1,0,6,1,1,10,9,1,1,1,1,1,1,1,1,1,,0.70345,1,184
backbone,RAPCID_backbone_rapcid_backbone_185_model_1.cif.gz,/scratch/a2149a01/RAPCID_2610_output/backbone/RAPCID_backbone_rapcid_backbone_185_model_1.cif.gz,B,A,31,20,2.539,2.699,2.879,4,6,10,11,0.4762,120.91,chain1_F_chain2_E,1,2,2,0,2,2,0,4,0,0,9,12,0,1,1,1,1,1,1,0,0,pass_conserved_motif,0.65779,0,
backbone,RAPCID_backbone_rapcid_backbone_185_model_2.cif.gz,/scratch/a2149a01/RAPCID_2610_output/backbone/RAPCID_backbone_rapcid_backbone_185_model_2.cif.gz,B,A,31,20,10.643,1.818,2.872,3,4,13,8,0.619,147.21,chain1_F_chain2_E,0,2,1,0,2,1,0,0,0,0,10,9,0,1,0,1,1,1,1,0,0,pass_no_clash;pass_conserved_motif,0.6588,0,
backbone,RAPCID_backbone_rapcid_backbone_185_model_3.cif.gz,/scratch/a2149a01/RAPCID_2610_output/backbone/RAPCID_backbone_rapcid_backbone_185_model_3.cif.gz,B,A,31,20,11.51,2.616,3.075,5,4,12,11,0.5217,158.55,chain1_F_chain2_E,0,2,1,0,2,1,1,0,0,0,8,9,0,1,1,1,1,1,1,0,0,pass_conserved_motif,0.76411,0,
backbone,RAPCID_backbone_rapcid_backbone_185_model_4.cif.gz,/scratch/a2149a01/RAPCID_2610_output/backbone/RAPCID_backbone_rapcid_backbone_185_model_4.cif.gz,B,A,31,20,3.138,2.694,3.009,5,3,16,13,0.5517,112.57,chain1_F_chain2_E,0,2,1,0,2,1,0,3,1,1,10,10,0,1,1,1,1,1,1,0,0,pass_conserved_motif,0.61858,0,
backbone,RAPCID_backbone_rapcid_backbone_185_model_5.cif.gz,/scratch/a2149a01/RAPCID_2610_output/backbone/RAPCID_backbone_rapcid_backbone_185_model_5.cif.gz,B,A,31,20,2.806,3.1,3.664,4,5,11,13,0.4583,123.69,chain1_F_chain2_E,0,2,1,0,2,1,0,1,0,0,9,12,0,1,1,1,1,1,1,0,0,pass_conserved_motif,0.61634,0,
backbone,RAPCID_backbone_rapcid_backbone_185_model_6.cif.gz,/scratch/a2149a01/RAPCID_2610_output/backbone/RAPCID_backbone_rapcid_backbone_185_model_6.cif.gz,B,A,31,20,2.83,3.321,2.996,4,4,12,10,0.5455,132.26,chain1_F_chain2_E,0,3,1,0,3,1,0,5,0,1,11,11,0,1,1,1,1,1,1,0,0,pass_conserved_motif,0.70863,0,
backbone,RAPCID_backbone_rapcid_backbone_185_model_7.cif.gz,/scratch/a2149a01/RAPCID_2610_output/backbone/RAPCID_backbone_rapcid_backbone_185_model_7.cif.gz,B,A,31,20,5.313,2.442,2.866,5,5,13,10,0.5652,140.16,chain1_F_chain2_E,0,2,1,0,2,1,0,0,0,0,12,9,0,1,1,1,1,1,1,0,0,pass_conserved_motif,0.65681,0,
backbone,RAPCID_backbone_rapcid_backbone_186_model_0.cif.gz,/scratch/a2149a01/RAPCID_2610_output/backbone/RAPCID_backbone_rapcid_backbone_186_model_0.cif.gz,A,B,39,35,3.148,3.096,2.87,4,6,16,13,0.5517,123.52,chain1_E_chain2_F,2,0,0,3,2,3,0,11,1,1,10,12,1,0,1,1,1,1,1,0,0,pass_conserved_motif,0.72224,0,
backbone,RAPCID_backbone_rapcid_backbone_186_model_1.cif.gz,/scratch/a2149a01/RAPCID_2610_output/backbone/RAPCID_backbone_rapcid_backbone_186_model_1.cif.gz,A,B,39,35,2.583,2.446,2.932,6,6,13,16,0.4483,126.48,chain1_E_chain2_F,1,0,0,3,1,3,0,14,0,0,13,12,1,0,1,1,1,1,1,0,0,pass_conserved_motif,0.65518,0,
backbone,RAPCID_backbone_rapcid_backbone_186_model_2.cif.gz,/scratch/a2149a01/RAPCID_2610_output/backbone/RAPCID_backbone_rapcid_backbone_186_model_2.cif.gz,A,B,39,35,3.727,3.041,3.311,4,6,11,18,0.3793,140.94,chain1_E_chain2_F,1,0,0,3,1,3,0,2,0,0,9,14,2,0,1,1,1,1,1,0,0,pass_conserved_motif,0.6758,0,
backbone,RAPCID_backbone_rapcid_backbone_186_model_3.cif.gz,/scratch/a2149a01/RAPCID_2610_output/backbone/RAPCID_backbone_rapcid_backbone_186_model_3.cif.gz,A,B,39,35,3.662,2.896,3.311,5,7,17,22,0.4359,138.4,chain1_E_chain2_F,2,0,0,3,2,3,0,1,0,0,10,13,1,0,1,1,1,1,1,0,0,pass_conserved_motif,0.71355,0,
backbone,RAPCID_backbone_rapcid_backbone_186_model_4.cif.gz,/scratch/a2149a01/RAPCID_2610_output/backbone/RAPCID_backbone_rapcid_backbone_186_model_4.cif.gz,A,B,39,35,3.722,2.882,3.719,4,4,10,6,0.625,135.26,chain1_E_chain2_F,1,0,0,2,1,2,0,2,0,0,10,11,1,0,1,1,1,1,1,0,0,pass_conserved_motif,0.62657,0,
backbone,RAPCID_backbone_rapcid_backbone_186_model_5.cif.gz,/scratch/a2149a01/RAPCID_2610_output/backbone/RAPCID_backbone_rapcid_backbone_186_model_5.cif.gz,A,B,39,35,3.155,2.437,3.16,4,6,9,21,0.3,146.52,chain1_E_chain2_F,1,0,0,3,1,3,1,8,0,0,10,14,1,1,1,1,1,1,1,1,1,,0.72124,1,136
backbone,RAPCID_backbone_rapcid_backbone_186_model_6.cif.gz,/scratch/a2149a01/RAPCID_2610_output/backbone/RAPCID_backbone_rapcid_backbone_186_model_6.cif.gz,A,B,39,35,2.91,2.891,2.796,3,7,7,17,0.2917,137.33,chain1_E_chain2_F,1,0,1,3,1,3,0,8,0,0,10,14,1,0,1,1,1,1,1,0,0,pass_conserved_motif,0.65873,0,
backbone,RAPCID_backbone_rapcid_backbone_186_model_7.cif.gz,/scratch/a2149a01/RAPCID_2610_output/backbone/RAPCID_backbone_rapcid_backbone_186_model_7.cif.gz,A,B,39,35,2.612,3.483,2.741,3,9,7,23,0.2333,116.21,chain1_E_chain2_F,1,0,1,3,1,3,0,10,1,1,10,15,1,0,1,1,1,1,1,0,0,pass_conserved_motif,0.58831,0,
backbone,RAPCID_backbone_rapcid_backbone_187_model_0.cif.gz,/scratch/a2149a01/RAPCID_2610_output/backbone/RAPCID_backbone_rapcid_backbone_187_model_0.cif.gz,A,B,28,24,4.085,2.714,3.492,9,6,19,16,0.5429,134.8,chain1_E_chain2_F,2,0,0,3,2,3,0,0,0,0,14,16,1,0,1,1,1,1,1,0,0,pass_conserved_motif,0.70504,0,
backbone,RAPCID_backbone_rapcid_backbone_187_model_1.cif.gz,/scratch/a2149a01/RAPCID_2610_output/backbone/RAPCID_backbone_rapcid_backbone_187_model_1.cif.gz,A,B,28,24,8.027,2.961,3.525,4,5,11,15,0.4231,148.25,chain1_E_chain2_F,1,0,0,3,1,3,0,0,0,0,11,15,1,1,1,1,1,1,1,1,1,,0.70769,1,178
backbone,RAPCID_backbone_rapcid_backbone_187_model_2.cif.gz,/scratch/a2149a01/RAPCID_2610_output/backbone/RAPCID_backbone_rapcid_backbone_187_model_2.cif.gz,A,B,28,24,5.865,2.663,3.526,5,5,12,13,0.48,165.58,chain1_E_chain2_F,1,0,0,3,1,3,0,0,0,0,10,15,1,0,1,1,1,1,1,0,0,pass_conserved_motif,0.74435,0,
backbone,RAPCID_backbone_rapcid_backbone_187_model_3.cif.gz,/scratch/a2149a01/RAPCID_2610_output/backbone/RAPCID_backbone_rapcid_backbone_187_model_3.cif.gz,A,B,28,24,3.194,2.26,3.55,8,5,19,21,0.475,129.77,chain1_E_chain2_F,2,0,0,3,2,3,0,4,1,1,10,16,1,0,1,1,1,1,1,0,0,pass_conserved_motif,0.74877,0,
backbone,RAPCID_backbone_rapcid_backbone_187_model_4.cif.gz,/scratch/a2149a01/RAPCID_2610_output/backbone/RAPCID_backbone_rapcid_backbone_187_model_4.cif.gz,A,B,28,24,7.111,3.176,3.614,4,6,12,17,0.4138,140.05,chain1_E_chain2_F,1,0,0,3,1,3,0,0,0,0,10,16,1,1,1,1,1,1,1,1,1,,0.67663,1,280
backbone,RAPCID_backbone_rapcid_backbone_187_model_5.cif.gz,/scratch/a2149a01/RAPCID_2610_output/backbone/RAPCID_backbone_rapcid_backbone_187_model_5.cif.gz,A,B,28,24,3.302,2.257,3.553,8,5,22,18,0.55,130.74,chain1_E_chain2_F,1,0,0,3,1,3,0,2,0,1,10,15,1,0,1,1,1,1,1,0,0,pass_conserved_motif,0.68675,0,
backbone,RAPCID_backbone_rapcid_backbone_187_model_6.cif.gz,/scratch/a2149a01/RAPCID_2610_output/backbone/RAPCID_backbone_rapcid_backbone_187_model_6.cif.gz,A,B,28,24,3.919,2.25,3.298,8,6,25,18,0.5814,133.59,chain1_E_chain2_F,1,0,0,3,1,3,0,2,1,0,13,15,1,0,1,1,1,1,1,0,0,pass_conserved_motif,0.6837,0,
backbone,RAPCID_backbone_rapcid_backbone_187_model_7.cif.gz,/scratch/a2149a01/RAPCID_2610_output/backbone/RAPCID_backbone_rapcid_backbone_187_model_7.cif.gz,A,B,28,24,3.658,2.596,3.284,8,5,18,19,0.4865,148.09,chain1_E_chain2_F,1,0,0,3,1,3,0,1,0,0,13,16,1,0,1,1,1,1,1,0,0,pass_conserved_motif,0.73752,0,
backbone,RAPCID_backbone_rapcid_backbone_188_model_0.cif.gz,/scratch/a2149a01/RAPCID_2610_output/backbone/RAPCID_backbone_rapcid_backbone_188_model_0.cif.gz,B,A,37,27,13.106,3.018,3.12,5,4,19,6,0.76,171.68,chain1_F_chain2_E,0,3,1,0,3,1,0,0,0,0,15,9,1,1,1,1,1,1,1,1,1,,0.62802,1,442
backbone,RAPCID_backbone_rapcid_backbone_188_model_1.cif.gz,/scratch/a2149a01/RAPCID_2610_output/backbone/RAPCID_backbone_rapcid_backbone_188_model_1.cif.gz,B,A,37,27,12.097,3.606,3.449,4,3,15,7,0.6818,158.4,chain1_F_chain2_E,0,2,2,0,2,2,0,0,0,0,15,9,1,1,1,1,1,1,1,1,1,,0.69957,1,201
backbone,RAPCID_backbone_rapcid_backbone_188_model_2.cif.gz,/scratch/a2149a01/RAPCID_2610_output/backbone/RAPCID_backbone_rapcid_backbone_188_model_2.cif.gz,B,A,37,27,9.603,3.484,3.263,6,4,20,9,0.6897,162.98,chain1_F_chain2_E,0,3,1,0,3,1,0,0,0,0,16,10,1,1,1,1,1,1,1,1,1,,0.68516,1,256
backbone,RAPCID_backbone_rapcid_backbone_188_model_3.cif.gz,/scratch/a2149a01/RAPCID_2610_output/backbone/RAPCID_backbone_rapcid_backbone_188_model_3.cif.gz,B,A,37,27,9.767,3.214,3.344,5,3,18,10,0.6429,159.07,chain1_F_chain2_E,0,3,1,0,3,1,0,0,0,0,15,9,0,1,1,1,1,1,1,0,0,pass_conserved_motif,0.71692,0,
backbone,RAPCID_backbone_rapcid_backbone_188_model_4.cif.gz,/scratch/a2149a01/RAPCID_2610_output/backbone/RAPCID_backbone_rapcid_backbone_188_model_4.cif.gz,B,A,37,27,9.955,3.419,2.847,5,4,17,13,0.5667,174.16,chain1_F_chain2_E,0,3,2,0,3,2,1,0,0,0,15,8,0,2,1,1,1,1,1,0,0,pass_conserved_motif,0.75424,0,
backbone,RAPCID_backbone_rapcid_backbone_188_model_5.cif.gz,/scratch/a2149a01/RAPCID_2610_output/backbone/RAPCID_backbone_rapcid_backbone_188_model_5.cif.gz,B,A,37,27,6.823,3.619,3.42,5,3,16,6,0.7273,148.33,chain1_F_chain2_E,0,3,1,0,3,1,1,0,0,0,14,9,1,1,1,1,1,1,1,1,1,,0.67637,1,281
backbone,RAPCID_backbone_rapcid_backbone_188_model_6.cif.gz,/scratch/a2149a01/RAPCID_2610_output/backbone/RAPCID_backbone_rapcid_backbone_188_model_6.cif.gz,B,A,37,27,9.183,3.271,2.984,5,4,23,11,0.6765,160.51,chain1_F_chain2_E,0,3,1,0,3,1,0,0,0,0,16,10,0,1,1,1,1,1,1,0,0,pass_conserved_motif,0.69867,0,
backbone,RAPCID_backbone_rapcid_backbone_188_model_7.cif.gz,/scratch/a2149a01/RAPCID_2610_output/backbone/RAPCID_backbone_rapcid_backbone_188_model_7.cif.gz,B,A,37,27,9.94,3.367,2.955,6,5,23,12,0.6571,145.12,chain1_F_chain2_E,0,3,2,0,3,2,0,0,0,0,16,12,2,1,1,1,1,1,1,1,1,,0.69372,1,227
backbone,RAPCID_backbone_rapcid_backbone_189_model_0.cif.gz,/scratch/a2149a01/RAPCID_2610_output/backbone/RAPCID_backbone_rapcid_backbone_189_model_0.cif.gz,B,A,34,21,13.813,3.497,3.052,5,2,17,4,0.8095,169.43,chain1_F_chain2_E,0,3,1,0,3,1,0,0,0,0,16,7,0,1,1,1,1,1,1,0,0,pass_conserved_motif,0.61572,0,
backbone,RAPCID_backbone_rapcid_backbone_189_model_1.cif.gz,/scratch/a2149a01/RAPCID_2610_output/backbone/RAPCID_backbone_rapcid_backbone_189_model_1.cif.gz,B,A,34,21,9.171,3.552,1.926,5,4,18,13,0.5806,163.24,chain1_F_chain2_E,0,3,2,0,3,2,1,0,0,0,16,7,0,1,0,1,1,1,1,0,0,pass_no_clash;pass_conserved_motif,0.78505,0,
backbone,RAPCID_backbone_rapcid_backbone_189_model_2.cif.gz,/scratch/a2149a01/RAPCID_2610_output/backbone/RAPCID_backbone_rapcid_backbone_189_model_2.cif.gz,B,A,34,21,7.163,3.354,3.268,4,3,9,9,0.5,134.53,chain1_F_chain2_E,0,2,1,0,2,1,0,0,0,0,10,7,0,1,1,1,1,1,1,0,0,pass_conserved_motif,0.66415,0,
backbone,RAPCID_backbone_rapcid_backbone_189_model_3.cif.gz,/scratch/a2149a01/RAPCID_2610_output/backbone/RAPCID_backbone_rapcid_backbone_189_model_3.cif.gz,B,A,34,21,10.542,3.377,2.954,5,2,14,7,0.6667,153.25,chain1_F_chain2_E,0,3,1,0,3,1,0,0,0,0,16,7,0,1,1,1,1,1,1,0,0,pass_conserved_motif,0.68846,0,
backbone,RAPCID_backbone_rapcid_backbone_189_model_4.cif.gz,/scratch/a2149a01/RAPCID_2610_output/backbone/RAPCID_backbone_rapcid_backbone_189_model_4.cif.gz,B,A,34,21,9.055,3.349,2.084,5,4,16,14,0.5333,155.34,chain1_F_chain2_E,0,3,2,0,3,2,1,0,0,0,16,7,0,1,1,1,1,1,1,0,0,pass_conserved_motif,0.80589,0,
backbone,RAPCID_backbone_rapcid_backbone_189_model_5.cif.gz,/scratch/a2149a01/RAPCID_2610_output/backbone/RAPCID_backbone_rapcid_backbone_189_model_5.cif.gz,B,A,34,21,7.789,2.999,2.201,5,4,18,11,0.6207,150.91,chain1_F_chain2_E,0,3,2,0,3,2,1,0,0,0,15,7,0,1,1,1,1,1,1,0,0,pass_conserved_motif,0.7562,0,
backbone,RAPCID_backbone_rapcid_backbone_189_model_6.cif.gz,/scratch/a2149a01/RAPCID_2610_output/backbone/RAPCID_backbone_rapcid_backbone_189_model_6.cif.gz,B,A,34,21,10.432,3.411,1.737,5,7,14,27,0.3415,155.84,chain1_F_chain2_E,0,3,2,0,3,2,1,0,0,0,16,16,0,1,0,1,1,1,1,0,0,pass_no_clash;pass_conserved_motif,0.75746,0,
backbone,RAPCID_backbone_rapcid_backbone_189_model_7.cif.gz,/scratch/a2149a01/RAPCID_2610_output/backbone/RAPCID_backbone_rapcid_backbone_189_model_7.cif.gz,B,A,34,21,11.131,3.307,2.196,5,4,21,13,0.6176,156.19,chain1_F_chain2_E,0,3,2,0,3,2,1,0,0,0,16,7,0,1,1,1,1,1,1,0,0,pass_conserved_motif,0.77502,0,
backbone,RAPCID_backbone_rapcid_backbone_18_model_0.cif.gz,/scratch/a2149a01/RAPCID_2610_output/backbone/RAPCID_backbone_rapcid_backbone_18_model_0.cif.gz,B,A,36,14,8.37,3.246,1.973,5,5,18,18,0.5,141.88,chain1_F_chain2_E,0,2,2,0,2,2,1,0,0,0,11,8,0,1,0,1,1,1,1,0,0,pass_no_clash;pass_conserved_motif,0.74579,0,
backbone,RAPCID_backbone_rapcid_backbone_18_model_1.cif.gz,/scratch/a2149a01/RAPCID_2610_output/backbone/RAPCID_backbone_rapcid_backbone_18_model_1.cif.gz,B,A,36,14,7.637,3.064,2.918,4,6,11,11,0.5,134.98,chain1_F_chain2_E,0,2,1,0,2,1,0,0,0,0,9,8,0,1,1,1,1,1,1,0,0,pass_conserved_motif,0.66563,0,
backbone,RAPCID_backbone_rapcid_backbone_18_model_2.cif.gz,/scratch/a2149a01/RAPCID_2610_output/backbone/RAPCID_backbone_rapcid_backbone_18_model_2.cif.gz,B,A,36,14,5.084,3.459,3.178,5,2,13,10,0.5652,133.73,chain1_F_chain2_E,0,2,1,0,2,1,0,0,0,0,10,8,2,1,1,1,1,1,1,1,1,,0.63538,1,418
backbone,RAPCID_backbone_rapcid_backbone_18_model_3.cif.gz,/scratch/a2149a01/RAPCID_2610_output/backbone/RAPCID_backbone_rapcid_backbone_18_model_3.cif.gz,B,A,36,14,13.07,2.627,3.753,6,2,14,2,0.875,175.01,chain1_F_chain2_E,0,2,1,0,2,1,0,0,0,0,10,5,0,1,1,0,1,1,1,0,0,pass_dual_rap_contact;pass_conserved_motif,0.54236,0,
backbone,RAPCID_backbone_rapcid_backbone_18_model_4.cif.gz,/scratch/a2149a01/RAPCID_2610_output/backbone/RAPCID_backbone_rapcid_backbone_18_model_4.cif.gz,B,A,36,14,11.819,3.512,1.618,4,4,8,12,0.4,157.38,chain1_F_chain2_E,0,2,1,0,2,1,1,0,0,0,12,7,0,1,0,1,1,1,1,0,0,pass_no_clash;pass_conserved_motif,0.72887,0,
backbone,RAPCID_backbone_rapcid_backbone_18_model_5.cif.gz,/scratch/a2149a01/RAPCID_2610_output/backbone/RAPCID_backbone_rapcid_backbone_18_model_5.cif.gz,B,A,36,14,4.216,3.239,2.946,4,4,14,16,0.4667,111.17,chain1_F_chain2_E,0,2,1,0,2,1,0,0,0,0,9,8,0,1,1,1,1,1,1,0,0,pass_conserved_motif,0.57294,0,
backbone,RAPCID_backbone_rapcid_backbone_18_model_6.cif.gz,/scratch/a2149a01/RAPCID_2610_output/backbone/RAPCID_backbone_rapcid_backbone_18_model_6.cif.gz,B,A,36,14,3.231,2.467,2.68,5,3,13,16,0.4483,110.17,chain1_F_chain2_E,0,2,2,0,2,2,0,1,1,1,8,8,0,1,1,1,1,1,1,0,0,pass_conserved_motif,0.62916,0,
backbone,RAPCID_backbone_rapcid_backbone_18_model_7.cif.gz,/scratch/a2149a01/RAPCID_2610_output/backbone/RAPCID_backbone_rapcid_backbone_18_model_7.cif.gz,B,A,36,14,8.051,2.589,2.674,5,4,17,18,0.4857,151.59,chain1_F_chain2_E,0,2,2,0,2,2,1,0,0,0,9,8,0,1,1,1,1,1,1,0,0,pass_conserved_motif,0.77244,0,
backbone,RAPCID_backbone_rapcid_backbone_190_model_0.cif.gz,/scratch/a2149a01/RAPCID_2610_output/backbone/RAPCID_backbone_rapcid_backbone_190_model_0.cif.gz,B,A,28,27,3.237,2.876,2.202,11,3,26,15,0.6341,117.23,chain1_F_chain2_E,1,3,2,0,3,2,0,5,2,1,22,10,0,1,1,1,1,1,1,0,0,pass_conserved_motif,0.68498,0,
backbone,RAPCID_backbone_rapcid_backbone_190_model_1.cif.gz,/scratch/a2149a01/RAPCID_2610_output/backbone/RAPCID_backbone_rapcid_backbone_190_model_1.cif.gz,B,A,28,27,2.712,2.347,2.799,9,1,19,7,0.7308,133.13,chain1_F_chain2_E,0,2,2,0,2,2,1,19,1,0,11,7,0,1,1,0,1,1,1,0,0,pass_dual_rap_contact;pass_conserved_motif,0.62598,0,
backbone,RAPCID_backbone_rapcid_backbone_190_model_2.cif.gz,/scratch/a2149a01/RAPCID_2610_output/backbone/RAPCID_backbone_rapcid_backbone_190_model_2.cif.gz,B,A,28,27,3.812,2.645,2.941,4,5,17,17,0.5,109.32,chain1_F_chain2_E,1,2,1,0,2,1,0,2,0,1,8,10,0,2,1,1,1,1,1,0,0,pass_conserved_motif,0.60677,0,
backbone,RAPCID_backbone_rapcid_backbone_190_model_3.cif.gz,/scratch/a2149a01/RAPCID_2610_output/backbone/RAPCID_backbone_rapcid_backbone_190_model_3.cif.gz,B,A,28,27,5.881,3.794,3.038,3,3,6,7,0.4615,143.97,chain1_F_chain2_E,0,2,1,0,2,1,0,0,0,0,9,10,0,1,1,1,1,1,1,0,0,pass_conserved_motif,0.68022,0,
backbone,RAPCID_backbone_rapcid_backbone_190_model_4.cif.gz,/scratch/a2149a01/RAPCID_2610_output/backbone/RAPCID_backbone_rapcid_backbone_190_model_4.cif.gz,B,A,28,27,3.048,2.95,2.99,6,3,14,9,0.6087,124.38,chain1_F_chain2_E,1,3,1,0,3,1,0,2,1,1,13,9,0,1,1,1,1,1,1,0,0,pass_conserved_motif,0.65874,0,
backbone,RAPCID_backbone_rapcid_backbone_190_model_5.cif.gz,/scratch/a2149a01/RAPCID_2610_output/backbone/RAPCID_backbone_rapcid_backbone_190_model_5.cif.gz,B,A,28,27,7.189,2.535,3.038,4,4,11,9,0.55,136.59,chain1_F_chain2_E,0,2,2,0,2,2,0,0,0,0,10,8,0,2,1,1,1,1,1,0,0,pass_conserved_motif,0.67957,0,
backbone,RAPCID_backbone_rapcid_backbone_190_model_6.cif.gz,/scratch/a2149a01/RAPCID_2610_output/backbone/RAPCID_backbone_rapcid_backbone_190_model_6.cif.gz,B,A,28,27,5.346,2.943,2.875,4,3,9,11,0.45,140.51,chain1_F_chain2_E,0,2,2,0,2,2,0,0,0,0,11,10,0,1,1,1,1,1,1,0,0,pass_conserved_motif,0.69265,0,
backbone,RAPCID_backbone_rapcid_backbone_190_model_7.cif.gz,/scratch/a2149a01/RAPCID_2610_output/backbone/RAPCID_backbone_rapcid_backbone_190_model_7.cif.gz,B,A,28,27,12.934,3.372,3.22,5,4,10,9,0.5263,155.59,chain1_F_chain2_E,0,2,1,0,2,1,1,0,0,0,9,10,0,1,1,1,1,1,1,0,0,pass_conserved_motif,0.7524,0,
backbone,RAPCID_backbone_rapcid_backbone_191_model_0.cif.gz,/scratch/a2149a01/RAPCID_2610_output/backbone/RAPCID_backbone_rapcid_backbone_191_model_0.cif.gz,A,B,34,16,14.21,4.239,3.774,1,5,1,14,0.0667,159.87,chain1_E_chain2_F,0,0,0,3,0,3,0,0,0,0,5,10,1,0,1,0,0,1,1,0,0,pass_dual_rap_contact;pass_contact_balance;pass_conserved_motif,0.56947,0,
backbone,RAPCID_backbone_rapcid_backbone_191_model_1.cif.gz,/scratch/a2149a01/RAPCID_2610_output/backbone/RAPCID_backbone_rapcid_backbone_191_model_1.cif.gz,A,B,34,16,8.354,3.164,3.624,4,5,14,14,0.5,140.19,chain1_E_chain2_F,2,0,0,3,2,3,0,0,0,0,11,10,1,1,1,1,1,1,1,1,1,,0.74016,1,83
backbone,RAPCID_backbone_rapcid_backbone_191_model_2.cif.gz,/scratch/a2149a01/RAPCID_2610_output/backbone/RAPCID_backbone_rapcid_backbone_191_model_2.cif.gz,A,B,34,16,10.032,2.861,3.722,4,4,14,9,0.6087,156.64,chain1_E_chain2_F,2,0,0,3,2,3,0,0,0,0,11,10,1,0,1,1,1,1,1,0,0,pass_conserved_motif,0.75152,0,
backbone,RAPCID_backbone_rapcid_backbone_191_model_3.cif.gz,/scratch/a2149a01/RAPCID_2610_output/backbone/RAPCID_backbone_rapcid_backbone_191_model_3.cif.gz,A,B,34,16,9.249,2.895,3.222,3,4,11,17,0.3929,155.11,chain1_E_chain2_F,1,0,0,3,1,3,0,0,0,0,11,10,1,0,1,1,1,1,1,0,0,pass_conserved_motif,0.71845,0,
backbone,RAPCID_backbone_rapcid_backbone_191_model_4.cif.gz,/scratch/a2149a01/RAPCID_2610_output/backbone/RAPCID_backbone_rapcid_backbone_191_model_4.cif.gz,A,B,34,16,4.96,1.927,3.542,6,5,18,17,0.5143,145.46,chain1_E_chain2_F,1,0,0,3,1,3,0,0,0,0,16,10,1,0,0,1,1,1,1,0,0,pass_no_clash;pass_conserved_motif,0.72345,0,
backbone,RAPCID_backbone_rapcid_backbone_191_model_5.cif.gz,/scratch/a2149a01/RAPCID_2610_output/backbone/RAPCID_backbone_rapcid_backbone_191_model_5.cif.gz,A,B,34,16,9.222,3.402,3.538,3,5,10,15,0.4,143.05,chain1_E_chain2_F,1,0,0,3,1,3,0,0,0,0,9,10,1,0,1,1,1,1,1,0,0,pass_conserved_motif,0.68111,0,
backbone,RAPCID_backbone_rapcid_backbone_191_model_6.cif.gz,/scratch/a2149a01/RAPCID_2610_output/backbone/RAPCID_backbone_rapcid_backbone_191_model_6.cif.gz,A,B,34,16,7.879,2.727,3.661,4,4,18,13,0.5806,137.91,chain1_E_chain2_F,1,0,0,3,1,3,0,0,0,0,11,10,1,0,1,1,1,1,1,0,0,pass_conserved_motif,0.67172,0,
backbone,RAPCID_backbone_rapcid_backbone_191_model_7.cif.gz,/scratch/a2149a01/RAPCID_2610_output/backbone/RAPCID_backbone_rapcid_backbone_191_model_7.cif.gz,A,B,34,16,8.487,2.747,3.834,5,3,16,11,0.5926,143.0,chain1_E_chain2_F,2,0,0,2,2,2,1,0,0,0,11,10,1,0,1,1,1,1,1,0,0,pass_conserved_motif,0.71248,0,
backbone,RAPCID_backbone_rapcid_backbone_192_model_0.cif.gz,/scratch/a2149a01/RAPCID_2610_output/backbone/RAPCID_backbone_rapcid_backbone_192_model_0.cif.gz,B,A,37,34,3.077,2.287,2.45,5,3,16,11,0.5926,122.09,chain1_F_chain2_E,0,2,1,0,2,1,0,8,1,1,9,8,0,2,1,1,1,1,1,0,0,pass_conserved_motif,0.65898,0,
backbone,RAPCID_backbone_rapcid_backbone_192_model_1.cif.gz,/scratch/a2149a01/RAPCID_2610_output/backbone/RAPCID_backbone_rapcid_backbone_192_model_1.cif.gz,B,A,37,34,4.438,1.981,2.993,5,4,22,10,0.6875,135.69,chain1_F_chain2_E,1,3,2,0,3,2,0,0,0,0,11,8,0,2,0,1,1,1,1,0,0,pass_no_clash;pass_conserved_motif,0.65016,0,
backbone,RAPCID_backbone_rapcid_backbone_192_model_2.cif.gz,/scratch/a2149a01/RAPCID_2610_output/backbone/RAPCID_backbone_rapcid_backbone_192_model_2.cif.gz,B,A,37,34,2.701,2.807,2.77,4,4,15,11,0.5769,112.36,chain1_F_chain2_E,1,2,1,0,2,1,0,10,0,0,8,9,0,1,1,1,1,1,1,0,0,pass_conserved_motif,0.58949,0,
backbone,RAPCID_backbone_rapcid_backbone_192_model_3.cif.gz,/scratch/a2149a01/RAPCID_2610_output/backbone/RAPCID_backbone_rapcid_backbone_192_model_3.cif.gz,B,A,37,34,3.648,2.797,2.792,4,4,11,9,0.55,126.65,chain1_F_chain2_E,0,2,1,0,2,1,0,2,0,0,8,9,0,2,1,1,1,1,1,0,0,pass_conserved_motif,0.62789,0,
backbone,RAPCID_backbone_rapcid_backbone_192_model_4.cif.gz,/scratch/a2149a01/RAPCID_2610_output/backbone/RAPCID_backbone_rapcid_backbone_192_model_4.cif.gz,B,A,37,34,3.455,2.964,2.93,4,4,14,16,0.4667,107.27,chain1_F_chain2_E,1,2,1,0,2,1,0,8,1,1,10,13,0,2,1,1,1,1,1,0,0,pass_conserved_motif,0.63328,0,
backbone,RAPCID_backbone_rapcid_backbone_192_model_5.cif.gz,/scratch/a2149a01/RAPCID_2610_output/backbone/RAPCID_backbone_rapcid_backbone_192_model_5.cif.gz,B,A,37,34,4.386,1.484,2.581,6,6,17,14,0.5484,108.35,chain1_F_chain2_E,0,3,2,0,3,2,0,0,0,0,13,18,0,1,0,1,1,1,1,0,0,pass_no_clash;pass_conserved_motif,0.61468,0,
backbone,RAPCID_backbone_rapcid_backbone_192_model_6.cif.gz,/scratch/a2149a01/RAPCID_2610_output/backbone/RAPCID_backbone_rapcid_backbone_192_model_6.cif.gz,B,A,37,34,3.391,3.075,2.941,6,5,14,13,0.5185,133.7,chain1_F_chain2_E,0,2,1,0,2,1,0,14,0,1,13,10,0,1,1,1,1,1,1,0,0,pass_conserved_motif,0.68065,0,
backbone,RAPCID_backbone_rapcid_backbone_192_model_7.cif.gz,/scratch/a2149a01/RAPCID_2610_output/backbone/RAPCID_backbone_rapcid_backbone_192_model_7.cif.gz,B,A,37,34,3.656,2.266,2.563,5,4,11,11,0.5,130.86,chain1_F_chain2_E,0,3,1,0,3,1,0,1,0,1,11,9,0,1,1,1,1,1,1,0,0,pass_conserved_motif,0.70214,0,
backbone,RAPCID_backbone_rapcid_backbone_193_model_0.cif.gz,/scratch/a2149a01/RAPCID_2610_output/backbone/RAPCID_backbone_rapcid_backbone_193_model_0.cif.gz,B,A,47,27,3.381,2.967,3.001,4,4,15,13,0.5357,115.22,chain1_F_chain2_E,1,2,1,0,2,1,0,6,0,0,11,9,0,1,1,1,1,1,1,0,0,pass_conserved_motif,0.61551,0,
backbone,RAPCID_backbone_rapcid_backbone_193_model_1.cif.gz,/scratch/a2149a01/RAPCID_2610_output/backbone/RAPCID_backbone_rapcid_backbone_193_model_1.cif.gz,B,A,47,27,2.477,2.829,3.15,5,3,17,11,0.6071,96.67,chain1_F_chain2_E,1,2,0,0,2,0,0,9,1,1,9,8,0,1,1,1,1,1,1,0,0,pass_conserved_motif,0.53485,0,
backbone,RAPCID_backbone_rapcid_backbone_193_model_2.cif.gz,/scratch/a2149a01/RAPCID_2610_output/backbone/RAPCID_backbone_rapcid_backbone_193_model_2.cif.gz,B,A,47,27,2.761,3.189,3.643,6,1,11,3,0.7857,132.94,chain1_E_chain2_F,1,1,0,0,1,0,0,4,0,0,4,0,0,1,1,0,1,1,1,0,0,pass_dual_rap_contact;pass_conserved_motif,0.44741,0,
backbone,RAPCID_backbone_rapcid_backbone_193_model_3.cif.gz,/scratch/a2149a01/RAPCID_2610_output/backbone/RAPCID_backbone_rapcid_backbone_193_model_3.cif.gz,B,A,47,27,3.264,2.937,3.187,9,2,26,7,0.7879,121.34,chain1_F_chain2_E,2,3,1,0,3,1,0,10,1,1,16,7,0,1,1,1,1,1,1,0,0,pass_conserved_motif,0.59694,0,
backbone,RAPCID_backbone_rapcid_backbone_193_model_4.cif.gz,/scratch/a2149a01/RAPCID_2610_output/backbone/RAPCID_backbone_rapcid_backbone_193_model_4.cif.gz,B,A,47,27,3.782,3.283,2.576,5,3,11,7,0.6111,119.28,chain1_F_chain2_E,1,3,1,0,3,1,0,4,0,0,12,9,0,1,1,1,1,1,1,0,0,pass_conserved_motif,0.61743,0,
backbone,RAPCID_backbone_rapcid_backbone_193_model_5.cif.gz,/scratch/a2149a01/RAPCID_2610_output/backbone/RAPCID_backbone_rapcid_backbone_193_model_5.cif.gz,B,A,47,27,3.394,3.058,3.13,6,3,19,6,0.76,115.46,chain1_F_chain2_E,1,2,1,0,2,1,0,4,2,1,12,9,0,1,1,1,1,1,1,0,0,pass_conserved_motif,0.56656,0,
backbone,RAPCID_backbone_rapcid_backbone_193_model_6.cif.gz,/scratch/a2149a01/RAPCID_2610_output/backbone/RAPCID_backbone_rapcid_backbone_193_model_6.cif.gz,B,A,47,27,3.128,3.168,3.047,5,5,13,15,0.4643,105.48,chain1_F_chain2_E,0,2,1,0,2,1,0,8,1,1,8,10,0,1,1,1,1,1,1,0,0,pass_conserved_motif,0.62636,0,
backbone,RAPCID_backbone_rapcid_backbone_193_model_7.cif.gz,/scratch/a2149a01/RAPCID_2610_output/backbone/RAPCID_backbone_rapcid_backbone_193_model_7.cif.gz,B,A,47,27,3.827,3.51,2.959,5,5,16,12,0.5714,108.5,chain1_F_chain2_E,1,2,1,0,2,1,0,4,1,1,9,12,0,1,1,1,1,1,1,0,0,pass_conserved_motif,0.60215,0,
backbone,RAPCID_backbone_rapcid_backbone_194_model_0.cif.gz,/scratch/a2149a01/RAPCID_2610_output/backbone/RAPCID_backbone_rapcid_backbone_194_model_0.cif.gz,B,A,37,12,11.737,2.926,2.3,4,3,9,13,0.4091,174.4,chain1_F_chain2_E,0,2,2,0,2,2,1,0,0,0,10,6,0,1,1,1,1,1,1,0,0,pass_conserved_motif,0.71517,0,
backbone,RAPCID_backbone_rapcid_backbone_194_model_1.cif.gz,/scratch/a2149a01/RAPCID_2610_output/backbone/RAPCID_backbone_rapcid_backbone_194_model_1.cif.gz,B,A,37,12,7.454,2.605,2.311,9,3,28,11,0.7179,163.46,chain1_F_chain2_E,1,3,2,0,3,2,1,0,0,0,14,6,1,1,1,1,1,1,1,1,1,,0.72938,1,114
backbone,RAPCID_backbone_rapcid_backbone_194_model_2.cif.gz,/scratch/a2149a01/RAPCID_2610_output/backbone/RAPCID_backbone_rapcid_backbone_194_model_2.cif.gz,B,A,37,12,9.918,3.639,1.888,7,3,13,11,0.5417,153.62,chain1_F_chain2_E,0,2,1,0,2,1,1,0,0,0,14,6,0,1,0,1,1,1,1,0,0,pass_no_clash;pass_conserved_motif,0.7397,0,
backbone,RAPCID_backbone_rapcid_backbone_194_model_3.cif.gz,/scratch/a2149a01/RAPCID_2610_output/backbone/RAPCID_backbone_rapcid_backbone_194_model_3.cif.gz,B,A,37,12,10.921,3.393,3.507,4,2,8,5,0.6154,141.12,chain1_F_chain2_E,0,2,1,0,2,1,0,0,0,0,9,6,1,1,1,1,1,1,1,1,1,,0.63995,1,409
backbone,RAPCID_backbone_rapcid_backbone_194_model_4.cif.gz,/scratch/a2149a01/RAPCID_2610_output/backbone/RAPCID_backbone_rapcid_backbone_194_model_4.cif.gz,B,A,37,12,12.468,2.894,1.511,4,3,10,14,0.4167,177.92,chain1_F_chain2_E,0,2,2,0,2,2,1,0,0,0,9,6,0,1,0,1,1,1,1,0,0,pass_no_clash;pass_conserved_motif,0.70645,0,
backbone,RAPCID_backbone_rapcid_backbone_194_model_5.cif.gz,/scratch/a2149a01/RAPCID_2610_output/backbone/RAPCID_backbone_rapcid_backbone_194_model_5.cif.gz,B,A,37,12,6.43,2.673,2.259,5,3,12,11,0.5217,147.69,chain1_F_chain2_E,1,3,2,0,3,2,1,0,0,0,15,6,0,1,1,1,1,1,1,0,0,pass_conserved_motif,0.78504,0,
backbone,RAPCID_backbone_rapcid_backbone_194_model_6.cif.gz,/scratch/a2149a01/RAPCID_2610_output/backbone/RAPCID_backbone_rapcid_backbone_194_model_6.cif.gz,B,A,37,12,7.607,2.884,2.556,6,2,20,4,0.8333,130.95,chain1_F_chain2_E,1,2,1,0,2,1,0,0,0,0,11,6,0,2,1,1,1,1,1,0,0,pass_conserved_motif,0.51887,0,
backbone,RAPCID_backbone_rapcid_backbone_194_model_7.cif.gz,/scratch/a2149a01/RAPCID_2610_output/backbone/RAPCID_backbone_rapcid_backbone_194_model_7.cif.gz,B,A,37,12,9.864,3.168,2.009,6,3,13,11,0.5417,161.12,chain1_F_chain2_E,0,3,1,0,3,1,1,0,0,0,14,6,0,1,1,1,1,1,1,0,0,pass_conserved_motif,0.77913,0,
backbone,RAPCID_backbone_rapcid_backbone_195_model_0.cif.gz,/scratch/a2149a01/RAPCID_2610_output/backbone/RAPCID_backbone_rapcid_backbone_195_model_0.cif.gz,A,B,35,32,3.367,2.207,3.481,6,4,18,16,0.5294,133.82,chain1_E_chain2_F,1,0,0,3,1,3,0,4,1,1,14,12,1,0,1,1,1,1,1,0,0,pass_conserved_motif,0.73193,0,
backbone,RAPCID_backbone_rapcid_backbone_195_model_1.cif.gz,/scratch/a2149a01/RAPCID_2610_output/backbone/RAPCID_backbone_rapcid_backbone_195_model_1.cif.gz,A,B,35,32,3.778,2.544,3.756,7,4,17,7,0.7083,137.42,chain1_E_chain2_F,1,0,0,3,1,3,0,2,0,0,11,10,1,0,1,1,1,1,1,0,0,pass_conserved_motif,0.62901,0,
backbone,RAPCID_backbone_rapcid_backbone_195_model_2.cif.gz,/scratch/a2149a01/RAPCID_2610_output/backbone/RAPCID_backbone_rapcid_backbone_195_model_2.cif.gz,A,B,35,32,10.508,3.084,3.523,3,4,6,12,0.3333,156.0,chain1_E_chain2_F,1,0,0,3,1,3,0,0,0,0,10,10,1,0,1,1,1,1,1,0,0,pass_conserved_motif,0.69763,0,
backbone,RAPCID_backbone_rapcid_backbone_195_model_3.cif.gz,/scratch/a2149a01/RAPCID_2610_output/backbone/RAPCID_backbone_rapcid_backbone_195_model_3.cif.gz,A,B,35,32,8.661,3.213,3.404,6,5,13,22,0.3714,147.89,chain1_E_chain2_F,1,0,0,3,1,3,0,0,0,0,9,10,1,1,1,1,1,1,1,1,1,,0.68583,1,255
backbone,RAPCID_backbone_rapcid_backbone_195_model_4.cif.gz,/scratch/a2149a01/RAPCID_2610_output/backbone/RAPCID_backbone_rapcid_backbone_195_model_4.cif.gz,A,B,35,32,3.785,3.127,3.469,3,4,11,14,0.44,129.91,chain1_E_chain2_F,1,0,0,3,1,3,0,1,0,0,11,10,1,0,1,1,1,1,1,0,0,pass_conserved_motif,0.65831,0,
backbone,RAPCID_backbone_rapcid_backbone_195_model_5.cif.gz,/scratch/a2149a01/RAPCID_2610_output/backbone/RAPCID_backbone_rapcid_backbone_195_model_5.cif.gz,A,B,35,32,3.239,2.119,3.764,7,5,18,14,0.5625,125.84,chain1_E_chain2_F,1,0,0,3,1,3,0,5,0,1,13,10,1,0,1,1,1,1,1,0,0,pass_conserved_motif,0.6804,0,
backbone,RAPCID_backbone_rapcid_backbone_195_model_6.cif.gz,/scratch/a2149a01/RAPCID_2610_output/backbone/RAPCID_backbone_rapcid_backbone_195_model_6.cif.gz,A,B,35,32,8.933,3.326,3.648,4,5,8,17,0.32,152.78,chain1_E_chain2_F,2,0,0,3,2,3,0,0,0,0,14,10,1,1,1,1,1,1,1,1,1,,0.71013,1,166
backbone,RAPCID_backbone_rapcid_backbone_195_model_7.cif.gz,/scratch/a2149a01/RAPCID_2610_output/backbone/RAPCID_backbone_rapcid_backbone_195_model_7.cif.gz,A,B,35,32,3.12,2.648,3.492,6,5,19,14,0.5758,143.86,chain1_E_chain2_F,2,0,0,3,2,3,0,2,0,0,12,10,1,0,1,1,1,1,1,0,0,pass_conserved_motif,0.73209,0,
backbone,RAPCID_backbone_rapcid_backbone_196_model_0.cif.gz,/scratch/a2149a01/RAPCID_2610_output/backbone/RAPCID_backbone_rapcid_backbone_196_model_0.cif.gz,B,A,31,28,2.894,3.28,1.914,6,7,19,19,0.5,148.44,chain1_F_chain2_E,0,3,1,0,3,1,0,3,1,1,15,12,0,1,0,1,1,1,1,0,0,pass_no_clash;pass_conserved_motif,0.78741,0,
backbone,RAPCID_backbone_rapcid_backbone_196_model_1.cif.gz,/scratch/a2149a01/RAPCID_2610_output/backbone/RAPCID_backbone_rapcid_backbone_196_model_1.cif.gz,B,A,31,28,3.72,2.839,2.463,6,7,18,19,0.4865,144.45,chain1_F_chain2_E,0,3,1,0,3,1,0,2,0,0,16,10,0,1,1,1,1,1,1,0,0,pass_conserved_motif,0.73038,0,
backbone,RAPCID_backbone_rapcid_backbone_196_model_2.cif.gz,/scratch/a2149a01/RAPCID_2610_output/backbone/RAPCID_backbone_rapcid_backbone_196_model_2.cif.gz,B,A,31,28,3.307,3.333,2.306,5,6,17,22,0.4359,145.4,chain1_F_chain2_E,0,3,1,0,3,1,0,2,1,0,15,10,0,1,1,1,1,1,1,0,0,pass_conserved_motif,0.72998,0,
backbone,RAPCID_backbone_rapcid_backbone_196_model_3.cif.gz,/scratch/a2149a01/RAPCID_2610_output/backbone/RAPCID_backbone_rapcid_backbone_196_model_3.cif.gz,B,A,31,28,7.676,4.049,3.057,5,6,10,13,0.4348,171.93,chain1_F_chain2_E,0,3,2,0,3,2,0,0,0,0,14,10,0,2,1,1,1,1,1,0,0,pass_conserved_motif,0.73366,0,
backbone,RAPCID_backbone_rapcid_backbone_196_model_4.cif.gz,/scratch/a2149a01/RAPCID_2610_output/backbone/RAPCID_backbone_rapcid_backbone_196_model_4.cif.gz,B,A,31,28,3.851,3.39,2.724,6,6,18,19,0.4865,148.8,chain1_F_chain2_E,0,3,1,0,3,1,0,1,0,0,15,14,0,1,1,1,1,1,1,0,0,pass_conserved_motif,0.73988,0,
backbone,RAPCID_backbone_rapcid_backbone_196_model_5.cif.gz,/scratch/a2149a01/RAPCID_2610_output/backbone/RAPCID_backbone_rapcid_backbone_196_model_5.cif.gz,B,A,31,28,5.443,3.092,3.165,5,5,13,11,0.5417,156.17,chain1_F_chain2_E,0,3,1,0,3,1,0,0,0,0,15,11,0,1,1,1,1,1,1,0,0,pass_conserved_motif,0.74817,0,
backbone,RAPCID_backbone_rapcid_backbone_196_model_6.cif.gz,/scratch/a2149a01/RAPCID_2610_output/backbone/RAPCID_backbone_rapcid_backbone_196_model_6.cif.gz,B,A,31,28,6.754,3.358,2.654,5,5,18,12,0.6,169.72,chain1_F_chain2_E,0,3,1,0,3,1,0,0,0,0,15,10,1,1,1,1,1,1,1,1,1,,0.69855,1,205
backbone,RAPCID_backbone_rapcid_backbone_196_model_7.cif.gz,/scratch/a2149a01/RAPCID_2610_output/backbone/RAPCID_backbone_rapcid_backbone_196_model_7.cif.gz,B,A,31,28,2.905,3.401,2.724,6,7,19,15,0.5588,146.96,chain1_F_chain2_E,0,3,1,0,3,1,0,3,0,0,16,14,0,1,1,1,1,1,1,0,0,pass_conserved_motif,0.72561,0,
backbone,RAPCID_backbone_rapcid_backbone_197_model_0.cif.gz,/scratch/a2149a01/RAPCID_2610_output/backbone/RAPCID_backbone_rapcid_backbone_197_model_0.cif.gz,B,A,38,27,3.594,3.095,2.512,3,5,19,13,0.5938,129.23,chain1_F_chain2_E,1,2,1,0,2,1,0,11,1,0,9,11,0,1,1,1,1,1,1,0,0,pass_conserved_motif,0.65065,0,
backbone,RAPCID_backbone_rapcid_backbone_197_model_1.cif.gz,/scratch/a2149a01/RAPCID_2610_output/backbone/RAPCID_backbone_rapcid_backbone_197_model_1.cif.gz,B,A,38,27,4.547,3.098,3.041,9,4,32,11,0.7442,151.89,chain1_F_chain2_E,0,3,1,0,3,1,0,0,0,0,18,11,0,1,1,1,1,1,1,0,0,pass_conserved_motif,0.6529,0,
backbone,RAPCID_backbone_rapcid_backbone_197_model_2.cif.gz,/scratch/a2149a01/RAPCID_2610_output/backbone/RAPCID_backbone_rapcid_backbone_197_model_2.cif.gz,B,A,38,27,3.705,3.23,3.413,7,7,21,19,0.525,136.74,chain1_F_chain2_E,0,3,1,0,3,1,0,5,0,0,15,14,0,2,1,1,1,1,1,0,0,pass_conserved_motif,0.7151,0,
backbone,RAPCID_backbone_rapcid_backbone_197_model_3.cif.gz,/scratch/a2149a01/RAPCID_2610_output/backbone/RAPCID_backbone_rapcid_backbone_197_model_3.cif.gz,B,A,38,27,2.789,3.338,2.972,6,7,18,17,0.5143,160.31,chain1_F_chain2_E,0,3,1,0,3,1,1,3,0,0,16,13,1,1,1,1,1,1,1,1,1,,0.80777,1,7
backbone,RAPCID_backbone_rapcid_backbone_197_model_4.cif.gz,/scratch/a2149a01/RAPCID_2610_output/backbone/RAPCID_backbone_rapcid_backbone_197_model_4.cif.gz,B,A,38,27,2.881,3.636,2.321,5,4,13,11,0.5417,132.54,chain1_F_chain2_E,0,2,1,0,2,1,0,10,0,0,11,10,0,1,1,1,1,1,1,0,0,pass_conserved_motif,0.67085,0,
backbone,RAPCID_backbone_rapcid_backbone_197_model_5.cif.gz,/scratch/a2149a01/RAPCID_2610_output/backbone/RAPCID_backbone_rapcid_backbone_197_model_5.cif.gz,B,A,38,27,3.165,3.339,1.884,9,6,22,17,0.5641,173.68,chain1_F_chain2_E,0,3,1,0,3,1,1,4,1,1,19,11,0,1,0,1,1,1,1,0,0,pass_no_clash;pass_conserved_motif,0.78161,0,
backbone,RAPCID_backbone_rapcid_backbone_197_model_6.cif.gz,/scratch/a2149a01/RAPCID_2610_output/backbone/RAPCID_backbone_rapcid_backbone_197_model_6.cif.gz,B,A,38,27,4.609,3.578,3.66,6,4,13,8,0.619,154.06,chain1_F_chain2_E,0,3,1,0,3,1,0,0,0,0,15,12,0,2,1,1,1,1,1,0,0,pass_conserved_motif,0.7102,0,
backbone,RAPCID_backbone_rapcid_backbone_197_model_7.cif.gz,/scratch/a2149a01/RAPCID_2610_output/backbone/RAPCID_backbone_rapcid_backbone_197_model_7.cif.gz,B,A,38,27,2.769,2.607,3.483,5,5,17,9,0.6538,98.58,chain1_F_chain2_E,0,2,1,0,2,1,0,14,1,1,10,10,0,2,1,1,1,1,1,0,0,pass_conserved_motif,0.5261,0,
backbone,RAPCID_backbone_rapcid_backbone_198_model_0.cif.gz,/scratch/a2149a01/RAPCID_2610_output/backbone/RAPCID_backbone_rapcid_backbone_198_model_0.cif.gz,B,A,40,22,3.232,2.278,2.401,4,5,14,15,0.4828,112.04,chain1_F_chain2_E,0,2,1,0,2,1,0,2,1,0,8,10,0,1,1,1,1,1,1,0,0,pass_conserved_motif,0.60896,0,
backbone,RAPCID_backbone_rapcid_backbone_198_model_1.cif.gz,/scratch/a2149a01/RAPCID_2610_output/backbone/RAPCID_backbone_rapcid_backbone_198_model_1.cif.gz,B,A,40,22,2.919,3.174,2.342,4,4,14,9,0.6087,120.15,chain1_F_chain2_E,1,3,1,0,3,1,0,3,0,1,12,10,0,1,1,1,1,1,1,0,0,pass_conserved_motif,0.63298,0,
backbone,RAPCID_backbone_rapcid_backbone_198_model_2.cif.gz,/scratch/a2149a01/RAPCID_2610_output/backbone/RAPCID_backbone_rapcid_backbone_198_model_2.cif.gz,B,A,40,22,2.8,2.823,2.765,4,4,10,14,0.4167,94.53,chain1_F_chain2_E,0,2,1,0,2,1,0,11,0,2,10,9,1,1,1,1,1,1,1,1,1,,0.55583,1,588
backbone,RAPCID_backbone_rapcid_backbone_198_model_3.cif.gz,/scratch/a2149a01/RAPCID_2610_output/backbone/RAPCID_backbone_rapcid_backbone_198_model_3.cif.gz,B,A,40,22,4.492,3.057,3.236,3,6,10,23,0.303,92.0,chain1_F_chain2_E,0,2,1,0,2,1,0,0,0,0,6,10,0,1,1,1,1,1,1,0,0,pass_conserved_motif,0.4436,0,
backbone,RAPCID_backbone_rapcid_backbone_198_model_4.cif.gz,/scratch/a2149a01/RAPCID_2610_output/backbone/RAPCID_backbone_rapcid_backbone_198_model_4.cif.gz,B,A,40,22,4.704,2.635,3.515,3,3,10,4,0.7143,123.97,chain1_F_chain2_E,0,2,1,0,2,1,0,0,0,0,9,9,0,1,1,1,1,1,1,0,0,pass_conserved_motif,0.54322,0,
backbone,RAPCID_backbone_rapcid_backbone_198_model_5.cif.gz,/scratch/a2149a01/RAPCID_2610_output/backbone/RAPCID_backbone_rapcid_backbone_198_model_5.cif.gz,B,A,40,22,8.188,2.904,1.794,4,2,13,6,0.6842,120.39,chain1_F_chain2_E,0,2,1,0,2,1,0,0,0,0,9,8,0,1,0,1,1,1,1,0,0,pass_no_clash;pass_conserved_motif,0.54334,0,
backbone,RAPCID_backbone_rapcid_backbone_198_model_6.cif.gz,/scratch/a2149a01/RAPCID_2610_output/backbone/RAPCID_backbone_rapcid_backbone_198_model_6.cif.gz,B,A,40,22,4.456,2.965,2.567,4,5,12,12,0.5,131.97,chain1_F_chain2_E,0,2,1,0,2,1,0,0,0,0,10,11,0,1,1,1,1,1,1,0,0,pass_conserved_motif,0.65561,0,
backbone,RAPCID_backbone_rapcid_backbone_198_model_7.cif.gz,/scratch/a2149a01/RAPCID_2610_output/backbone/RAPCID_backbone_rapcid_backbone_198_model_7.cif.gz,B,A,40,22,3.101,2.905,2.95,5,6,15,11,0.5769,102.71,chain1_F_chain2_E,1,2,1,0,2,1,0,7,0,2,10,14,1,1,1,1,1,1,1,1,1,,0.59564,1,511
backbone,RAPCID_backbone_rapcid_backbone_199_model_0.cif.gz,/scratch/a2149a01/RAPCID_2610_output/backbone/RAPCID_backbone_rapcid_backbone_199_model_0.cif.gz,B,A,35,22,3.767,3.172,2.783,5,2,14,5,0.7368,117.33,chain1_F_chain2_E,0,2,1,0,2,1,0,1,1,1,9,7,1,1,1,1,1,1,1,1,1,,0.55043,1,592
backbone,RAPCID_backbone_rapcid_backbone_199_model_1.cif.gz,/scratch/a2149a01/RAPCID_2610_output/backbone/RAPCID_backbone_rapcid_backbone_199_model_1.cif.gz,B,A,35,22,4.256,3.187,3.112,5,5,20,13,0.6061,124.73,chain1_F_chain2_E,0,3,2,0,3,2,1,0,0,0,16,9,0,1,1,1,1,1,1,0,0,pass_conserved_motif,0.67476,0,
backbone,RAPCID_backbone_rapcid_backbone_199_model_2.cif.gz,/scratch/a2149a01/RAPCID_2610_output/backbone/RAPCID_backbone_rapcid_backbone_199_model_2.cif.gz,B,A,35,22,10.187,3.136,2.885,6,4,17,17,0.5,141.46,chain1_F_chain2_E,0,3,1,0,3,1,0,0,0,0,16,11,0,1,1,1,1,1,1,0,0,pass_conserved_motif,0.71582,0,
backbone,RAPCID_backbone_rapcid_backbone_199_model_3.cif.gz,/scratch/a2149a01/RAPCID_2610_output/backbone/RAPCID_backbone_rapcid_backbone_199_model_3.cif.gz,B,A,35,22,8.629,3.481,2.616,6,5,18,12,0.6,162.61,chain1_F_chain2_E,0,3,1,0,3,1,0,0,0,0,15,12,0,1,1,1,1,1,1,0,0,pass_conserved_motif,0.72225,0,
backbone,RAPCID_backbone_rapcid_backbone_199_model_4.cif.gz,/scratch/a2149a01/RAPCID_2610_output/backbone/RAPCID_backbone_rapcid_backbone_199_model_4.cif.gz,B,A,35,22,3.937,3.45,3.439,6,5,16,11,0.5926,122.2,chain1_F_chain2_E,0,3,1,0,3,1,1,1,0,1,16,9,0,1,1,1,1,1,1,0,0,pass_conserved_motif,0.66483,0,
backbone,RAPCID_backbone_rapcid_backbone_199_model_5.cif.gz,/scratch/a2149a01/RAPCID_2610_output/backbone/RAPCID_backbone_rapcid_backbone_199_model_5.cif.gz,B,A,35,22,10.842,3.627,2.986,6,5,17,10,0.6296,165.79,chain1_F_chain2_E,0,3,1,0,3,1,0,0,0,0,16,9,0,1,1,1,1,1,1,0,0,pass_conserved_motif,0.6998,0,
backbone,RAPCID_backbone_rapcid_backbone_199_model_6.cif.gz,/scratch/a2149a01/RAPCID_2610_output/backbone/RAPCID_backbone_rapcid_backbone_199_model_6.cif.gz,B,A,35,22,3.028,3.57,3.169,5,4,15,14,0.5172,131.26,chain1_F_chain2_E,0,3,1,0,3,1,1,1,0,1,14,7,0,1,1,1,1,1,1,0,0,pass_conserved_motif,0.72516,0,
backbone,RAPCID_backbone_rapcid_backbone_199_model_7.cif.gz,/scratch/a2149a01/RAPCID_2610_output/backbone/RAPCID_backbone_rapcid_backbone_199_model_7.cif.gz,B,A,35,22,4.364,2.143,3.289,4,3,17,7,0.7083,128.79,chain1_F_chain2_E,1,2,1,0,2,1,0,0,0,0,8,10,0,1,1,1,1,1,1,0,0,pass_conserved_motif,0.56167,0,
backbone,RAPCID_backbone_rapcid_backbone_19_model_0.cif.gz,/scratch/a2149a01/RAPCID_2610_output/backbone/RAPCID_backbone_rapcid_backbone_19_model_0.cif.gz,B,A,40,24,2.462,3.383,2.907,6,4,16,10,0.6154,93.11,chain1_F_chain2_E,0,2,1,0,2,1,0,4,1,1,16,10,0,1,1,1,1,1,1,0,0,pass_conserved_motif,0.53327,0,
backbone,RAPCID_backbone_rapcid_backbone_19_model_1.cif.gz,/scratch/a2149a01/RAPCID_2610_output/backbone/RAPCID_backbone_rapcid_backbone_19_model_1.cif.gz,B,A,40,24,7.961,3.774,3.3,4,4,9,11,0.45,149.86,chain1_F_chain2_E,0,2,1,0,2,1,0,0,0,0,14,12,1,1,1,1,1,1,1,1,1,,0.69523,1,222
backbone,RAPCID_backbone_rapcid_backbone_19_model_2.cif.gz,/scratch/a2149a01/RAPCID_2610_output/backbone/RAPCID_backbone_rapcid_backbone_19_model_2.cif.gz,B,A,40,24,6.87,3.486,2.583,5,7,15,22,0.4054,138.56,chain1_F_chain2_E,0,3,1,0,3,1,0,0,0,0,14,11,0,1,1,1,1,1,1,0,0,pass_conserved_motif,0.66832,0,
backbone,RAPCID_backbone_rapcid_backbone_19_model_3.cif.gz,/scratch/a2149a01/RAPCID_2610_output/backbone/RAPCID_backbone_rapcid_backbone_19_model_3.cif.gz,B,A,40,24,10.333,3.428,2.997,5,4,17,8,0.68,164.6,chain1_F_chain2_E,0,3,1,0,3,1,0,0,0,0,15,9,0,1,1,1,1,1,1,0,0,pass_conserved_motif,0.68362,0,
backbone,RAPCID_backbone_rapcid_backbone_19_model_4.cif.gz,/scratch/a2149a01/RAPCID_2610_output/backbone/RAPCID_backbone_rapcid_backbone_19_model_4.cif.gz,B,A,40,24,3.874,3.104,3.39,7,1,16,4,0.8,133.82,chain1_F_chain2_E,1,3,1,0,3,1,0,1,0,0,13,7,0,1,1,0,1,1,1,0,0,pass_dual_rap_contact;pass_conserved_motif,0.57534,0,
backbone,RAPCID_backbone_rapcid_backbone_19_model_5.cif.gz,/scratch/a2149a01/RAPCID_2610_output/backbone/RAPCID_backbone_rapcid_backbone_19_model_5.cif.gz,B,A,40,24,8.158,3.523,2.75,5,5,15,14,0.5172,149.43,chain1_F_chain2_E,0,3,1,0,3,1,0,0,0,0,14,12,0,1,1,1,1,1,1,0,0,pass_conserved_motif,0.73551,0,
backbone,RAPCID_backbone_rapcid_backbone_19_model_6.cif.gz,/scratch/a2149a01/RAPCID_2610_output/backbone/RAPCID_backbone_rapcid_backbone_19_model_6.cif.gz,B,A,40,24,8.259,3.523,2.356,5,6,15,13,0.5357,153.85,chain1_F_chain2_E,0,3,1,0,3,1,0,0,0,0,15,10,0,1,1,1,1,1,1,0,0,pass_conserved_motif,0.74284,0,
backbone,RAPCID_backbone_rapcid_backbone_19_model_7.cif.gz,/scratch/a2149a01/RAPCID_2610_output/backbone/RAPCID_backbone_rapcid_backbone_19_model_7.cif.gz,B,A,40,24,8.944,3.897,2.961,4,4,8,14,0.3636,164.69,chain1_F_chain2_E,0,2,1,0,2,1,0,0,0,0,14,10,0,1,1,1,1,1,1,0,0,pass_conserved_motif,0.6722,0,
backbone,RAPCID_backbone_rapcid_backbone_1_model_0.cif.gz,/scratch/a2149a01/RAPCID_2610_output/backbone/RAPCID_backbone_rapcid_backbone_1_model_0.cif.gz,B,A,32,29,3.968,2.583,2.539,9,5,28,14,0.6667,163.44,chain1_F_chain2_E,0,3,1,0,3,1,1,1,1,1,19,11,0,1,1,1,1,1,1,0,0,pass_conserved_motif,0.75972,0,
backbone,RAPCID_backbone_rapcid_backbone_1_model_1.cif.gz,/scratch/a2149a01/RAPCID_2610_output/backbone/RAPCID_backbone_rapcid_backbone_1_model_1.cif.gz,B,A,32,29,3.398,3.452,2.583,6,6,19,12,0.6129,152.7,chain1_F_chain2_E,0,3,1,0,3,1,0,4,0,0,14,11,0,1,1,1,1,1,1,0,0,pass_conserved_motif,0.72812,0,
backbone,RAPCID_backbone_rapcid_backbone_1_model_2.cif.gz,/scratch/a2149a01/RAPCID_2610_output/backbone/RAPCID_backbone_rapcid_backbone_1_model_2.cif.gz,B,A,32,29,4.244,3.123,3.069,9,4,26,9,0.7429,156.55,chain1_F_chain2_E,1,3,1,0,3,1,1,0,0,0,16,9,1,1,1,1,1,1,1,1,1,,0.69755,1,207
backbone,RAPCID_backbone_rapcid_backbone_1_model_3.cif.gz,/scratch/a2149a01/RAPCID_2610_output/backbone/RAPCID_backbone_rapcid_backbone_1_model_3.cif.gz,B,A,32,29,3.158,3.099,2.787,4,5,16,11,0.5926,112.51,chain1_F_chain2_E,0,2,1,0,2,1,0,13,0,0,10,10,0,1,1,1,1,1,1,0,0,pass_conserved_motif,0.56871,0,
backbone,RAPCID_backbone_rapcid_backbone_1_model_4.cif.gz,/scratch/a2149a01/RAPCID_2610_output/backbone/RAPCID_backbone_rapcid_backbone_1_model_4.cif.gz,B,A,32,29,3.787,3.417,3.14,5,5,11,10,0.5238,142.82,chain1_F_chain2_E,0,2,2,0,2,2,0,1,0,0,8,9,0,3,1,1,1,1,1,0,0,pass_conserved_motif,0.71583,0,
backbone,RAPCID_backbone_rapcid_backbone_1_model_5.cif.gz,/scratch/a2149a01/RAPCID_2610_output/backbone/RAPCID_backbone_rapcid_backbone_1_model_5.cif.gz,B,A,32,29,2.996,2.775,3.027,4,2,11,12,0.4783,109.2,chain1_F_chain2_E,0,2,1,0,2,1,0,7,0,1,9,10,0,2,1,1,1,1,1,0,0,pass_conserved_motif,0.6227,0,
backbone,RAPCID_backbone_rapcid_backbone_1_model_6.cif.gz,/scratch/a2149a01/RAPCID_2610_output/backbone/RAPCID_backbone_rapcid_backbone_1_model_6.cif.gz,B,A,32,29,2.637,3.179,2.785,4,5,17,15,0.5312,122.39,chain1_F_chain2_E,1,2,1,0,2,1,0,6,0,0,9,9,0,1,1,1,1,1,1,0,0,pass_conserved_motif,0.64119,0,
backbone,RAPCID_backbone_rapcid_backbone_1_model_7.cif.gz,/scratch/a2149a01/RAPCID_2610_output/backbone/RAPCID_backbone_rapcid_backbone_1_model_7.cif.gz,B,A,32,29,3.089,3.415,2.386,6,7,18,17,0.5143,147.47,chain1_F_chain2_E,0,3,2,0,3,2,0,1,0,0,15,10,0,1,1,1,1,1,1,0,0,pass_conserved_motif,0.76371,0,
backbone,RAPCID_backbone_rapcid_backbone_200_model_0.cif.gz,/scratch/a2149a01/RAPCID_2610_output/backbone/RAPCID_backbone_rapcid_backbone_200_model_0.cif.gz,A,B,37,26,11.085,2.691,3.525,3,5,5,14,0.2632,162.93,chain1_E_chain2_F,0,0,0,3,0,3,0,0,0,0,10,15,1,1,1,1,1,1,1,1,1,,0.63787,1,411
backbone,RAPCID_backbone_rapcid_backbone_200_model_1.cif.gz,/scratch/a2149a01/RAPCID_2610_output/backbone/RAPCID_backbone_rapcid_backbone_200_model_1.cif.gz,A,B,37,26,6.738,2.954,3.333,7,6,21,17,0.5526,164.57,chain1_E_chain2_F,2,0,0,3,2,3,1,0,0,0,14,15,2,1,1,1,1,1,1,1,1,,0.79181,1,11
backbone,RAPCID_backbone_rapcid_backbone_200_model_2.cif.gz,/scratch/a2149a01/RAPCID_2610_output/backbone/RAPCID_backbone_rapcid_backbone_200_model_2.cif.gz,A,B,37,26,10.029,2.837,3.312,4,6,10,22,0.3125,162.99,chain1_E_chain2_F,2,0,0,3,2,3,0,0,0,0,9,15,1,0,1,1,1,1,1,0,0,pass_conserved_motif,0.71456,0,
backbone,RAPCID_backbone_rapcid_backbone_200_model_3.cif.gz,/scratch/a2149a01/RAPCID_2610_output/backbone/RAPCID_backbone_rapcid_backbone_200_model_3.cif.gz,A,B,37,26,9.943,2.447,3.52,5,5,17,20,0.4595,144.3,chain1_E_chain2_F,2,0,0,3,2,3,0,0,0,0,11,15,1,0,1,1,1,1,1,0,0,pass_conserved_motif,0.73763,0,
backbone,RAPCID_backbone_rapcid_backbone_200_model_4.cif.gz,/scratch/a2149a01/RAPCID_2610_output/backbone/RAPCID_backbone_rapcid_backbone_200_model_4.cif.gz,A,B,37,26,11.653,3.526,3.858,3,5,11,9,0.55,162.88,chain1_E_chain2_F,1,0,0,3,1,3,0,0,0,0,7,14,1,1,1,1,1,1,1,1,1,,0.74136,1,79
backbone,RAPCID_backbone_rapcid_backbone_200_model_5.cif.gz,/scratch/a2149a01/RAPCID_2610_output/backbone/RAPCID_backbone_rapcid_backbone_200_model_5.cif.gz,A,B,37,26,8.741,2.735,3.501,6,4,22,14,0.6111,168.74,chain1_E_chain2_F,2,0,0,2,2,2,1,0,0,0,11,15,2,0,1,1,1,1,1,0,0,pass_conserved_motif,0.72596,0,
backbone,RAPCID_backbone_rapcid_backbone_200_model_6.cif.gz,/scratch/a2149a01/RAPCID_2610_output/backbone/RAPCID_backbone_rapcid_backbone_200_model_6.cif.gz,A,B,37,26,3.805,2.011,3.34,6,5,18,18,0.5,133.49,chain1_E_chain2_F,2,0,0,3,2,3,0,1,0,0,12,14,1,1,1,1,1,1,1,1,1,,0.72284,1,130
backbone,RAPCID_backbone_rapcid_backbone_200_model_7.cif.gz,/scratch/a2149a01/RAPCID_2610_output/backbone/RAPCID_backbone_rapcid_backbone_200_model_7.cif.gz,A,B,37,26,11.785,3.048,3.599,4,5,8,19,0.2963,164.89,chain1_E_chain2_F,1,0,0,3,1,3,0,0,0,0,10,15,1,0,1,1,1,1,1,0,0,pass_conserved_motif,0.67317,0,
backbone,RAPCID_backbone_rapcid_backbone_201_model_0.cif.gz,/scratch/a2149a01/RAPCID_2610_output/backbone/RAPCID_backbone_rapcid_backbone_201_model_0.cif.gz,A,B,26,25,12.471,2.271,3.809,3,5,10,12,0.4545,166.68,chain1_E_chain2_F,2,0,0,3,2,3,1,0,0,0,6,9,1,0,1,1,1,1,1,0,0,pass_conserved_motif,0.78766,0,
backbone,RAPCID_backbone_rapcid_backbone_201_model_1.cif.gz,/scratch/a2149a01/RAPCID_2610_output/backbone/RAPCID_backbone_rapcid_backbone_201_model_1.cif.gz,A,B,26,25,11.217,2.218,3.646,3,4,10,12,0.4545,173.43,chain1_E_chain2_F,1,0,0,3,1,3,1,0,0,0,6,9,1,0,1,1,1,1,1,0,0,pass_conserved_motif,0.73658,0,
backbone,RAPCID_backbone_rapcid_backbone_201_model_2.cif.gz,/scratch/a2149a01/RAPCID_2610_output/backbone/RAPCID_backbone_rapcid_backbone_201_model_2.cif.gz,A,B,26,25,10.258,2.423,3.279,3,4,13,14,0.4815,165.82,chain1_E_chain2_F,2,0,0,3,2,3,1,0,0,0,6,9,2,0,1,1,1,1,1,0,0,pass_conserved_motif,0.80127,0,
backbone,RAPCID_backbone_rapcid_backbone_201_model_3.cif.gz,/scratch/a2149a01/RAPCID_2610_output/backbone/RAPCID_backbone_rapcid_backbone_201_model_3.cif.gz,A,B,26,25,9.646,1.846,3.686,3,5,13,10,0.5652,167.43,chain1_E_chain2_F,2,0,0,3,2,3,1,0,0,0,6,9,1,0,0,1,1,1,1,0,0,pass_no_clash;pass_conserved_motif,0.77725,0,
backbone,RAPCID_backbone_rapcid_backbone_201_model_4.cif.gz,/scratch/a2149a01/RAPCID_2610_output/backbone/RAPCID_backbone_rapcid_backbone_201_model_4.cif.gz,A,B,26,25,9.339,2.214,3.806,3,4,11,7,0.6111,164.69,chain1_E_chain2_F,2,0,0,2,2,2,1,0,0,0,6,9,3,0,1,1,1,1,1,0,0,pass_conserved_motif,0.73944,0,
backbone,RAPCID_backbone_rapcid_backbone_201_model_5.cif.gz,/scratch/a2149a01/RAPCID_2610_output/backbone/RAPCID_backbone_rapcid_backbone_201_model_5.cif.gz,A,B,26,25,11.319,1.947,3.519,3,4,10,14,0.4167,171.3,chain1_E_chain2_F,1,0,0,3,1,3,1,0,0,0,6,9,1,1,0,1,1,1,1,1,0,pass_no_clash,0.72851,0,
backbone,RAPCID_backbone_rapcid_backbone_201_model_6.cif.gz,/scratch/a2149a01/RAPCID_2610_output/backbone/RAPCID_backbone_rapcid_backbone_201_model_6.cif.gz,A,B,26,25,10.561,1.517,3.593,3,4,11,14,0.44,175.12,chain1_E_chain2_F,2,0,0,3,2,3,1,0,0,0,6,9,1,0,0,1,1,1,1,0,0,pass_no_clash;pass_conserved_motif,0.75369,0,
backbone,RAPCID_backbone_rapcid_backbone_201_model_7.cif.gz,/scratch/a2149a01/RAPCID_2610_output/backbone/RAPCID_backbone_rapcid_backbone_201_model_7.cif.gz,A,B,26,25,9.608,1.531,3.603,3,5,11,17,0.3929,177.86,chain1_E_chain2_F,2,0,0,3,2,3,1,0,0,0,6,9,1,0,0,1,1,1,1,0,0,pass_no_clash;pass_conserved_motif,0.72569,0,
backbone,RAPCID_backbone_rapcid_backbone_202_model_0.cif.gz,/scratch/a2149a01/RAPCID_2610_output/backbone/RAPCID_backbone_rapcid_backbone_202_model_0.cif.gz,A,B,43,31,8.486,2.958,3.518,4,6,11,18,0.3793,139.14,chain1_E_chain2_F,1,0,0,3,1,3,0,0,0,0,9,12,1,0,1,1,1,1,1,0,0,pass_conserved_motif,0.65981,0,
backbone,RAPCID_backbone_rapcid_backbone_202_model_1.cif.gz,/scratch/a2149a01/RAPCID_2610_output/backbone/RAPCID_backbone_rapcid_backbone_202_model_1.cif.gz,A,B,43,31,3.712,3.15,3.331,3,6,6,22,0.2143,154.93,chain1_E_chain2_F,1,0,0,3,1,3,0,1,0,0,8,13,1,1,1,1,1,1,1,1,1,,0.65145,1,375
backbone,RAPCID_backbone_rapcid_backbone_202_model_2.cif.gz,/scratch/a2149a01/RAPCID_2610_output/backbone/RAPCID_backbone_rapcid_backbone_202_model_2.cif.gz,A,B,43,31,11.366,2.37,3.689,3,6,5,16,0.2381,146.92,chain1_E_chain2_F,1,0,0,3,1,3,0,0,0,0,7,12,2,0,1,1,1,1,1,0,0,pass_conserved_motif,0.62924,0,
backbone,RAPCID_backbone_rapcid_backbone_202_model_3.cif.gz,/scratch/a2149a01/RAPCID_2610_output/backbone/RAPCID_backbone_rapcid_backbone_202_model_3.cif.gz,A,B,43,31,8.268,3.494,3.606,3,6,6,17,0.2609,147.19,chain1_E_chain2_F,1,0,0,3,1,3,0,0,0,0,10,12,1,0,1,1,1,1,1,0,0,pass_conserved_motif,0.63928,0,
backbone,RAPCID_backbone_rapcid_backbone_202_model_4.cif.gz,/scratch/a2149a01/RAPCID_2610_output/backbone/RAPCID_backbone_rapcid_backbone_202_model_4.cif.gz,A,B,43,31,11.889,3.165,3.531,1,5,3,18,0.1429,167.0,chain1_E_chain2_F,1,0,0,3,1,3,0,0,0,0,9,12,2,0,1,0,1,1,1,0,0,pass_dual_rap_contact;pass_conserved_motif,0.60478,0,
backbone,RAPCID_backbone_rapcid_backbone_202_model_5.cif.gz,/scratch/a2149a01/RAPCID_2610_output/backbone/RAPCID_backbone_rapcid_backbone_202_model_5.cif.gz,A,B,43,31,10.043,2.651,3.251,5,5,16,16,0.5,170.04,chain1_E_chain2_F,2,0,0,3,2,3,0,0,0,0,11,12,2,0,1,1,1,1,1,0,0,pass_conserved_motif,0.76605,0,
backbone,RAPCID_backbone_rapcid_backbone_202_model_6.cif.gz,/scratch/a2149a01/RAPCID_2610_output/backbone/RAPCID_backbone_rapcid_backbone_202_model_6.cif.gz,A,B,43,31,9.424,2.861,3.763,3,5,13,12,0.52,142.04,chain1_E_chain2_F,1,0,0,3,1,3,0,0,0,0,16,12,1,0,1,1,1,1,1,0,0,pass_conserved_motif,0.70975,0,
backbone,RAPCID_backbone_rapcid_backbone_202_model_7.cif.gz,/scratch/a2149a01/RAPCID_2610_output/backbone/RAPCID_backbone_rapcid_backbone_202_model_7.cif.gz,A,B,43,31,10.926,3.071,3.649,4,5,11,13,0.4583,165.85,chain1_E_chain2_F,1,0,0,3,1,3,1,0,0,0,11,12,1,0,1,1,1,1,1,0,0,pass_conserved_motif,0.76335,0,
backbone,RAPCID_backbone_rapcid_backbone_203_model_0.cif.gz,/scratch/a2149a01/RAPCID_2610_output/backbone/RAPCID_backbone_rapcid_backbone_203_model_0.cif.gz,A,B,28,11,4.111,2.697,3.44,6,5,17,21,0.4474,133.45,chain1_E_chain2_F,1,0,0,3,1,3,0,0,0,0,14,10,1,0,1,1,1,1,1,0,0,pass_conserved_motif,0.66805,0,
backbone,RAPCID_backbone_rapcid_backbone_203_model_1.cif.gz,/scratch/a2149a01/RAPCID_2610_output/backbone/RAPCID_backbone_rapcid_backbone_203_model_1.cif.gz,A,B,28,11,3.3,2.377,3.178,7,6,16,16,0.5,119.78,chain1_E_chain2_F,1,0,0,3,1,3,0,2,1,1,12,9,1,0,1,1,1,1,1,0,0,pass_conserved_motif,0.68689,0,
backbone,RAPCID_backbone_rapcid_backbone_203_model_2.cif.gz,/scratch/a2149a01/RAPCID_2610_output/backbone/RAPCID_backbone_rapcid_backbone_203_model_2.cif.gz,A,B,28,11,5.632,2.343,3.422,6,4,16,17,0.4848,137.25,chain1_E_chain2_F,2,0,0,3,2,3,0,0,0,0,12,9,1,1,1,1,1,1,1,1,1,,0.72429,1,126
backbone,RAPCID_backbone_rapcid_backbone_203_model_3.cif.gz,/scratch/a2149a01/RAPCID_2610_output/backbone/RAPCID_backbone_rapcid_backbone_203_model_3.cif.gz,A,B,28,11,3.261,2.333,3.434,7,4,19,18,0.5135,126.69,chain1_E_chain2_F,1,0,0,3,1,3,0,1,0,0,13,9,1,1,1,1,1,1,1,1,1,,0.66619,1,323
backbone,RAPCID_backbone_rapcid_backbone_203_model_4.cif.gz,/scratch/a2149a01/RAPCID_2610_output/backbone/RAPCID_backbone_rapcid_backbone_203_model_4.cif.gz,A,B,28,11,4.959,2.622,3.403,7,5,17,16,0.5152,144.79,chain1_E_chain2_F,2,0,0,3,2,3,0,0,0,0,13,9,1,0,1,1,1,1,1,0,0,pass_conserved_motif,0.74942,0,
backbone,RAPCID_backbone_rapcid_backbone_203_model_5.cif.gz,/scratch/a2149a01/RAPCID_2610_output/backbone/RAPCID_backbone_rapcid_backbone_203_model_5.cif.gz,A,B,28,11,4.115,1.782,3.78,8,4,19,13,0.5938,118.46,chain1_E_chain2_F,1,0,0,3,1,3,0,0,0,0,11,9,1,0,0,1,1,1,1,0,0,pass_no_clash;pass_conserved_motif,0.60166,0,
backbone,RAPCID_backbone_rapcid_backbone_203_model_6.cif.gz,/scratch/a2149a01/RAPCID_2610_output/backbone/RAPCID_backbone_rapcid_backbone_203_model_6.cif.gz,A,B,28,11,3.739,2.376,3.344,7,5,18,16,0.5294,137.81,chain1_E_chain2_F,2,0,0,3,2,3,0,1,1,1,10,9,1,0,1,1,1,1,1,0,0,pass_conserved_motif,0.75878,0,
backbone,RAPCID_backbone_rapcid_backbone_203_model_7.cif.gz,/scratch/a2149a01/RAPCID_2610_output/backbone/RAPCID_backbone_rapcid_backbone_203_model_7.cif.gz,A,B,28,11,3.259,2.179,3.756,8,4,22,9,0.7097,141.79,chain1_E_chain2_F,1,0,0,3,1,3,0,1,0,0,14,9,1,0,1,1,1,1,1,0,0,pass_conserved_motif,0.63803,0,
backbone,RAPCID_backbone_rapcid_backbone_204_model_0.cif.gz,/scratch/a2149a01/RAPCID_2610_output/backbone/RAPCID_backbone_rapcid_backbone_204_model_0.cif.gz,A,B,36,12,4.907,2.904,3.365,4,4,18,14,0.5625,127.9,chain1_E_chain2_F,2,0,0,3,2,3,0,0,0,0,10,9,2,0,1,1,1,1,1,0,0,pass_conserved_motif,0.6742,0,
backbone,RAPCID_backbone_rapcid_backbone_204_model_1.cif.gz,/scratch/a2149a01/RAPCID_2610_output/backbone/RAPCID_backbone_rapcid_backbone_204_model_1.cif.gz,A,B,36,12,14.298,3.978,3.597,1,4,2,15,0.1176,140.57,chain1_E_chain2_F,1,0,0,3,1,3,0,0,0,0,6,9,1,0,1,0,1,1,1,0,0,pass_dual_rap_contact;pass_conserved_motif,0.55991,0,
backbone,RAPCID_backbone_rapcid_backbone_204_model_2.cif.gz,/scratch/a2149a01/RAPCID_2610_output/backbone/RAPCID_backbone_rapcid_backbone_204_model_2.cif.gz,A,B,36,12,5.444,3.218,3.181,5,5,17,17,0.5,145.06,chain1_E_chain2_F,1,0,0,3,1,3,0,0,0,0,10,9,1,0,1,1,1,1,1,0,0,pass_conserved_motif,0.72782,0,
backbone,RAPCID_backbone_rapcid_backbone_204_model_3.cif.gz,/scratch/a2149a01/RAPCID_2610_output/backbone/RAPCID_backbone_rapcid_backbone_204_model_3.cif.gz,A,B,36,12,7.225,2.635,3.598,5,4,15,13,0.5357,145.72,chain1_E_chain2_F,1,0,0,3,1,3,0,0,0,0,11,9,2,1,1,1,1,1,1,1,1,,0.71575,1,150
backbone,RAPCID_backbone_rapcid_backbone_204_model_4.cif.gz,/scratch/a2149a01/RAPCID_2610_output/backbone/RAPCID_backbone_rapcid_backbone_204_model_4.cif.gz,A,B,36,12,7.344,2.871,3.678,5,3,16,11,0.5926,145.12,chain1_E_chain2_F,1,0,0,2,1,2,0,0,0,0,11,9,1,0,1,1,1,1,1,0,0,pass_conserved_motif,0.66241,0,
backbone,RAPCID_backbone_rapcid_backbone_204_model_5.cif.gz,/scratch/a2149a01/RAPCID_2610_output/backbone/RAPCID_backbone_rapcid_backbone_204_model_5.cif.gz,A,B,36,12,9.727,2.968,3.645,4,5,10,16,0.3846,149.3,chain1_E_chain2_F,2,0,0,3,2,3,0,0,0,0,10,9,1,0,1,1,1,1,1,0,0,pass_conserved_motif,0.72438,0,
backbone,RAPCID_backbone_rapcid_backbone_204_model_6.cif.gz,/scratch/a2149a01/RAPCID_2610_output/backbone/RAPCID_backbone_rapcid_backbone_204_model_6.cif.gz,A,B,36,12,8.462,2.658,3.602,4,4,13,12,0.52,144.97,chain1_E_chain2_F,1,0,0,3,1,3,0,0,0,0,10,9,2,0,1,1,1,1,1,0,0,pass_conserved_motif,0.7195,0,
backbone,RAPCID_backbone_rapcid_backbone_204_model_7.cif.gz,/scratch/a2149a01/RAPCID_2610_output/backbone/RAPCID_backbone_rapcid_backbone_204_model_7.cif.gz,A,B,36,12,7.71,2.393,3.18,5,5,12,17,0.4138,148.96,chain1_E_chain2_F,1,0,0,3,1,3,0,0,0,0,11,9,1,0,1,1,1,1,1,0,0,pass_conserved_motif,0.70633,0,
backbone,RAPCID_backbone_rapcid_backbone_205_model_0.cif.gz,/scratch/a2149a01/RAPCID_2610_output/backbone/RAPCID_backbone_rapcid_backbone_205_model_0.cif.gz,A,B,36,29,3.053,2.83,3.149,5,9,16,17,0.4848,132.19,chain1_E_chain2_F,1,0,1,3,1,3,0,3,2,0,11,20,1,0,1,1,1,1,1,0,0,pass_conserved_motif,0.72718,0,
backbone,RAPCID_backbone_rapcid_backbone_205_model_1.cif.gz,/scratch/a2149a01/RAPCID_2610_output/backbone/RAPCID_backbone_rapcid_backbone_205_model_1.cif.gz,A,B,36,29,4.959,3.229,3.058,3,5,12,21,0.3636,112.82,chain1_E_chain2_F,1,0,0,3,1,3,0,0,0,0,11,12,1,0,1,1,1,1,1,0,0,pass_conserved_motif,0.56581,0,
backbone,RAPCID_backbone_rapcid_backbone_205_model_2.cif.gz,/scratch/a2149a01/RAPCID_2610_output/backbone/RAPCID_backbone_rapcid_backbone_205_model_2.cif.gz,A,B,36,29,3.223,2.606,3.107,5,7,15,25,0.375,107.8,chain1_E_chain2_F,1,0,1,3,1,3,0,3,1,2,13,13,1,1,1,1,1,1,1,1,1,,0.61863,1,475
backbone,RAPCID_backbone_rapcid_backbone_205_model_3.cif.gz,/scratch/a2149a01/RAPCID_2610_output/backbone/RAPCID_backbone_rapcid_backbone_205_model_3.cif.gz,A,B,36,29,8.817,2.929,3.48,3,5,13,7,0.65,139.96,chain1_E_chain2_F,2,0,0,3,2,3,0,0,0,0,11,10,1,0,1,1,1,1,1,0,0,pass_conserved_motif,0.67941,0,
backbone,RAPCID_backbone_rapcid_backbone_205_model_4.cif.gz,/scratch/a2149a01/RAPCID_2610_output/backbone/RAPCID_backbone_rapcid_backbone_205_model_4.cif.gz,A,B,36,29,3.323,2.857,3.162,3,3,8,8,0.5,138.31,chain1_E_chain2_F,1,0,0,2,1,2,0,1,0,0,10,10,1,0,1,1,1,1,1,0,0,pass_conserved_motif,0.68176,0,
backbone,RAPCID_backbone_rapcid_backbone_205_model_5.cif.gz,/scratch/a2149a01/RAPCID_2610_output/backbone/RAPCID_backbone_rapcid_backbone_205_model_5.cif.gz,A,B,36,29,3.765,2.902,2.939,4,4,12,8,0.6,124.06,chain1_E_chain2_F,1,0,0,2,1,2,0,2,0,0,11,10,1,0,1,1,1,1,1,0,0,pass_conserved_motif,0.59925,0,
backbone,RAPCID_backbone_rapcid_backbone_205_model_6.cif.gz,/scratch/a2149a01/RAPCID_2610_output/backbone/RAPCID_backbone_rapcid_backbone_205_model_6.cif.gz,A,B,36,29,2.887,2.689,2.868,4,5,11,17,0.3929,102.06,chain1_E_chain2_F,1,0,1,2,1,2,0,6,1,1,10,9,1,0,1,1,1,1,1,0,0,pass_conserved_motif,0.57638,0,
backbone,RAPCID_backbone_rapcid_backbone_205_model_7.cif.gz,/scratch/a2149a01/RAPCID_2610_output/backbone/RAPCID_backbone_rapcid_backbone_205_model_7.cif.gz,A,B,36,29,4.798,2.991,3.405,5,5,19,13,0.5938,125.87,chain1_E_chain2_F,2,0,0,3,2,3,0,0,0,0,11,13,2,0,1,1,1,1,1,0,0,pass_conserved_motif,0.65492,0,
backbone,RAPCID_backbone_rapcid_backbone_206_model_0.cif.gz,/scratch/a2149a01/RAPCID_2610_output/backbone/RAPCID_backbone_rapcid_backbone_206_model_0.cif.gz,B,A,37,27,3.154,2.725,2.457,7,4,25,15,0.625,106.8,chain1_F_chain2_E,0,2,1,0,2,1,0,2,1,1,15,10,0,1,1,1,1,1,1,0,0,pass_conserved_motif,0.56505,0,
backbone,RAPCID_backbone_rapcid_backbone_206_model_1.cif.gz,/scratch/a2149a01/RAPCID_2610_output/backbone/RAPCID_backbone_rapcid_backbone_206_model_1.cif.gz,B,A,37,27,2.0,3.07,2.506,4,4,12,11,0.5217,128.6,chain1_F_chain2_E,0,2,1,0,2,1,0,2,0,0,10,11,0,1,1,1,1,1,1,0,0,pass_conserved_motif,0.64567,0,
backbone,RAPCID_backbone_rapcid_backbone_206_model_2.cif.gz,/scratch/a2149a01/RAPCID_2610_output/backbone/RAPCID_backbone_rapcid_backbone_206_model_2.cif.gz,B,A,37,27,10.928,3.048,2.851,3,1,19,3,0.8636,136.51,chain1_F_chain2_E,0,2,1,0,2,1,0,0,0,0,11,9,0,1,1,0,1,1,1,0,0,pass_dual_rap_contact;pass_conserved_motif,0.52528,0,
backbone,RAPCID_backbone_rapcid_backbone_206_model_3.cif.gz,/scratch/a2149a01/RAPCID_2610_output/backbone/RAPCID_backbone_rapcid_backbone_206_model_3.cif.gz,B,A,37,27,6.716,3.546,3.152,3,3,6,6,0.5,139.34,chain1_F_chain2_E,0,2,1,0,2,1,0,0,0,0,11,10,0,2,1,1,1,1,1,0,0,pass_conserved_motif,0.68019,0,
backbone,RAPCID_backbone_rapcid_backbone_206_model_4.cif.gz,/scratch/a2149a01/RAPCID_2610_output/backbone/RAPCID_backbone_rapcid_backbone_206_model_4.cif.gz,B,A,37,27,3.368,3.107,3.369,5,4,13,9,0.5909,136.97,chain1_F_chain2_E,0,3,1,0,3,1,0,4,0,0,11,9,0,1,1,1,1,1,1,0,0,pass_conserved_motif,0.6845,0,
backbone,RAPCID_backbone_rapcid_backbone_206_model_5.cif.gz,/scratch/a2149a01/RAPCID_2610_output/backbone/RAPCID_backbone_rapcid_backbone_206_model_5.cif.gz,B,A,37,27,4.146,3.272,3.055,6,5,17,11,0.6071,121.17,chain1_F_chain2_E,1,3,1,0,3,1,0,0,0,0,13,12,0,1,1,1,1,1,1,0,0,pass_conserved_motif,0.60534,0,
backbone,RAPCID_backbone_rapcid_backbone_206_model_6.cif.gz,/scratch/a2149a01/RAPCID_2610_output/backbone/RAPCID_backbone_rapcid_backbone_206_model_6.cif.gz,B,A,37,27,3.029,3.391,3.055,4,2,11,8,0.5789,123.95,chain1_F_chain2_E,0,2,1,0,2,1,0,1,0,0,8,10,0,1,1,1,1,1,1,0,0,pass_conserved_motif,0.60229,0,
backbone,RAPCID_backbone_rapcid_backbone_206_model_7.cif.gz,/scratch/a2149a01/RAPCID_2610_output/backbone/RAPCID_backbone_rapcid_backbone_206_model_7.cif.gz,B,A,37,27,3.499,2.643,2.87,5,3,17,6,0.7391,124.49,chain1_F_chain2_E,0,2,1,0,2,1,0,3,1,1,8,7,1,1,1,1,1,1,1,1,1,,0.58338,1,540
backbone,RAPCID_backbone_rapcid_backbone_207_model_0.cif.gz,/scratch/a2149a01/RAPCID_2610_output/backbone/RAPCID_backbone_rapcid_backbone_207_model_0.cif.gz,A,B,28,24,3.134,2.574,3.556,5,5,17,16,0.5152,154.52,chain1_E_chain2_F,1,0,0,3,1,3,0,4,0,0,12,12,1,0,1,1,1,1,1,0,0,pass_conserved_motif,0.7733,0,
backbone,RAPCID_backbone_rapcid_backbone_207_model_1.cif.gz,/scratch/a2149a01/RAPCID_2610_output/backbone/RAPCID_backbone_rapcid_backbone_207_model_1.cif.gz,A,B,28,24,2.842,2.531,3.373,7,4,19,16,0.5429,149.71,chain1_E_chain2_F,1,0,0,2,1,2,0,5,0,0,12,12,1,0,1,1,1,1,1,0,0,pass_conserved_motif,0.7226,0,
backbone,RAPCID_backbone_rapcid_backbone_207_model_2.cif.gz,/scratch/a2149a01/RAPCID_2610_output/backbone/RAPCID_backbone_rapcid_backbone_207_model_2.cif.gz,A,B,28,24,3.411,3.162,3.429,5,6,13,18,0.4194,142.28,chain1_E_chain2_F,1,0,0,3,1,3,0,3,0,0,10,12,1,0,1,1,1,1,1,0,0,pass_conserved_motif,0.7013,0,
backbone,RAPCID_backbone_rapcid_backbone_207_model_3.cif.gz,/scratch/a2149a01/RAPCID_2610_output/backbone/RAPCID_backbone_rapcid_backbone_207_model_3.cif.gz,A,B,28,24,4.866,3.03,3.571,5,5,16,13,0.5517,151.69,chain1_E_chain2_F,1,0,0,3,1,3,0,0,0,0,10,12,3,0,1,1,1,1,1,0,0,pass_conserved_motif,0.72922,0,
backbone,RAPCID_backbone_rapcid_backbone_207_model_4.cif.gz,/scratch/a2149a01/RAPCID_2610_output/backbone/RAPCID_backbone_rapcid_backbone_207_model_4.cif.gz,A,B,28,24,2.779,2.177,3.554,8,5,17,18,0.4857,127.6,chain1_E_chain2_F,1,0,0,3,1,3,0,8,0,0,12,12,1,0,1,1,1,1,1,0,0,pass_conserved_motif,0.70389,0,
backbone,RAPCID_backbone_rapcid_backbone_207_model_5.cif.gz,/scratch/a2149a01/RAPCID_2610_output/backbone/RAPCID_backbone_rapcid_backbone_207_model_5.cif.gz,A,B,28,24,9.271,2.484,3.45,6,6,13,15,0.4643,158.18,chain1_E_chain2_F,1,0,0,3,1,3,0,0,0,0,10,12,1,0,1,1,1,1,1,0,0,pass_conserved_motif,0.75728,0,
backbone,RAPCID_backbone_rapcid_backbone_207_model_6.cif.gz,/scratch/a2149a01/RAPCID_2610_output/backbone/RAPCID_backbone_rapcid_backbone_207_model_6.cif.gz,A,B,28,24,2.858,2.11,3.495,7,6,17,17,0.5,129.44,chain1_E_chain2_F,1,0,0,3,1,3,0,5,1,1,13,12,1,0,1,1,1,1,1,0,0,pass_conserved_motif,0.73409,0,
backbone,RAPCID_backbone_rapcid_backbone_207_model_7.cif.gz,/scratch/a2149a01/RAPCID_2610_output/backbone/RAPCID_backbone_rapcid_backbone_207_model_7.cif.gz,A,B,28,24,10.762,2.918,3.256,3,6,11,17,0.3929,157.33,chain1_E_chain2_F,2,0,0,3,2,3,0,0,0,0,9,12,1,0,1,1,1,1,1,0,0,pass_conserved_motif,0.75442,0,
backbone,RAPCID_backbone_rapcid_backbone_208_model_0.cif.gz,/scratch/a2149a01/RAPCID_2610_output/backbone/RAPCID_backbone_rapcid_backbone_208_model_0.cif.gz,A,B,29,28,3.484,2.476,3.817,7,4,21,9,0.7,133.03,chain1_E_chain2_F,1,0,0,3,1,3,0,4,0,0,10,9,1,0,1,1,1,1,1,0,0,pass_conserved_motif,0.62772,0,
backbone,RAPCID_backbone_rapcid_backbone_208_model_1.cif.gz,/scratch/a2149a01/RAPCID_2610_output/backbone/RAPCID_backbone_rapcid_backbone_208_model_1.cif.gz,A,B,29,28,3.703,3.044,3.456,7,5,15,11,0.5769,124.78,chain1_E_chain2_F,1,0,0,3,1,3,0,1,0,0,10,9,1,0,1,1,1,1,1,0,0,pass_conserved_motif,0.63446,0,
backbone,RAPCID_backbone_rapcid_backbone_208_model_2.cif.gz,/scratch/a2149a01/RAPCID_2610_output/backbone/RAPCID_backbone_rapcid_backbone_208_model_2.cif.gz,A,B,29,28,3.03,2.236,3.682,8,4,16,12,0.5714,140.86,chain1_E_chain2_F,2,0,0,3,2,3,0,5,0,0,13,9,1,0,1,1,1,1,1,0,0,pass_conserved_motif,0.73882,0,
backbone,RAPCID_backbone_rapcid_backbone_208_model_3.cif.gz,/scratch/a2149a01/RAPCID_2610_output/backbone/RAPCID_backbone_rapcid_backbone_208_model_3.cif.gz,A,B,29,28,3.233,2.832,3.688,7,5,21,14,0.6,114.69,chain1_E_chain2_F,1,0,0,3,1,3,0,1,1,0,10,9,1,1,1,1,1,1,1,1,1,,0.60827,1,491
backbone,RAPCID_backbone_rapcid_backbone_208_model_4.cif.gz,/scratch/a2149a01/RAPCID_2610_output/backbone/RAPCID_backbone_rapcid_backbone_208_model_4.cif.gz,A,B,29,28,3.401,2.755,3.419,5,4,15,15,0.5,132.62,chain1_E_chain2_F,1,0,0,3,1,3,0,3,0,0,10,9,1,0,1,1,1,1,1,0,0,pass_conserved_motif,0.70137,0,
backbone,RAPCID_backbone_rapcid_backbone_208_model_5.cif.gz,/scratch/a2149a01/RAPCID_2610_output/backbone/RAPCID_backbone_rapcid_backbone_208_model_5.cif.gz,A,B,29,28,3.368,2.011,3.395,8,4,20,17,0.5405,119.92,chain1_E_chain2_F,2,0,0,3,2,3,0,7,0,1,14,9,1,1,1,1,1,1,1,1,1,,0.70803,1,177
backbone,RAPCID_backbone_rapcid_backbone_208_model_6.cif.gz,/scratch/a2149a01/RAPCID_2610_output/backbone/RAPCID_backbone_rapcid_backbone_208_model_6.cif.gz,A,B,29,28,3.963,2.61,3.61,5,4,13,12,0.52,143.72,chain1_E_chain2_F,1,0,0,3,1,3,0,1,0,0,10,9,1,0,1,1,1,1,1,0,0,pass_conserved_motif,0.72035,0,
backbone,RAPCID_backbone_rapcid_backbone_208_model_7.cif.gz,/scratch/a2149a01/RAPCID_2610_output/backbone/RAPCID_backbone_rapcid_backbone_208_model_7.cif.gz,A,B,29,28,12.747,2.867,3.685,2,5,5,13,0.2778,162.44,chain1_E_chain2_F,1,0,0,3,1,3,0,0,0,0,7,9,2,0,1,1,1,1,1,0,0,pass_conserved_motif,0.67392,0,
backbone,RAPCID_backbone_rapcid_backbone_209_model_0.cif.gz,/scratch/a2149a01/RAPCID_2610_output/backbone/RAPCID_backbone_rapcid_backbone_209_model_0.cif.gz,B,A,34,30,6.527,3.608,3.133,4,4,9,10,0.4737,132.06,chain1_F_chain2_E,0,2,1,0,2,1,0,0,0,0,8,8,0,1,1,1,1,1,1,0,0,pass_conserved_motif,0.6454,0,
backbone,RAPCID_backbone_rapcid_backbone_209_model_1.cif.gz,/scratch/a2149a01/RAPCID_2610_output/backbone/RAPCID_backbone_rapcid_backbone_209_model_1.cif.gz,B,A,34,30,11.644,3.362,3.187,6,3,14,16,0.4667,158.39,chain1_F_chain2_E,0,3,1,0,3,1,0,0,0,0,16,8,0,1,1,1,1,1,1,0,0,pass_conserved_motif,0.75891,0,
backbone,RAPCID_backbone_rapcid_backbone_209_model_2.cif.gz,/scratch/a2149a01/RAPCID_2610_output/backbone/RAPCID_backbone_rapcid_backbone_209_model_2.cif.gz,B,A,34,30,3.694,2.652,2.782,8,3,19,11,0.6333,123.3,chain1_F_chain2_E,1,3,1,0,3,1,0,1,0,1,14,8,0,1,1,1,1,1,1,0,0,pass_conserved_motif,0.62361,0,
backbone,RAPCID_backbone_rapcid_backbone_209_model_3.cif.gz,/scratch/a2149a01/RAPCID_2610_output/backbone/RAPCID_backbone_rapcid_backbone_209_model_3.cif.gz,B,A,34,30,13.155,3.533,2.817,6,3,15,7,0.6818,166.15,chain1_F_chain2_E,0,3,1,0,3,1,0,0,0,0,14,7,0,1,1,1,1,1,1,0,0,pass_conserved_motif,0.67774,0,
backbone,RAPCID_backbone_rapcid_backbone_209_model_4.cif.gz,/scratch/a2149a01/RAPCID_2610_output/backbone/RAPCID_backbone_rapcid_backbone_209_model_4.cif.gz,B,A,34,30,12.316,3.41,2.832,6,4,15,14,0.5172,178.2,chain1_F_chain2_E,0,3,1,0,3,1,0,0,0,0,16,8,0,2,1,1,1,1,1,0,0,pass_conserved_motif,0.7034,0,
backbone,RAPCID_backbone_rapcid_backbone_209_model_5.cif.gz,/scratch/a2149a01/RAPCID_2610_output/backbone/RAPCID_backbone_rapcid_backbone_209_model_5.cif.gz,B,A,34,30,6.4,2.596,2.689,4,3,13,12,0.52,117.28,chain1_F_chain2_E,1,2,1,0,2,1,0,0,0,0,9,8,0,1,1,1,1,1,1,0,0,pass_conserved_motif,0.59866,0,
backbone,RAPCID_backbone_rapcid_backbone_209_model_6.cif.gz,/scratch/a2149a01/RAPCID_2610_output/backbone/RAPCID_backbone_rapcid_backbone_209_model_6.cif.gz,B,A,34,30,3.275,3.269,3.397,5,2,13,6,0.6842,136.69,chain1_F_chain2_E,0,2,1,0,2,1,0,1,0,0,8,8,0,1,1,1,1,1,1,0,0,pass_conserved_motif,0.60268,0,
backbone,RAPCID_backbone_rapcid_backbone_209_model_7.cif.gz,/scratch/a2149a01/RAPCID_2610_output/backbone/RAPCID_backbone_rapcid_backbone_209_model_7.cif.gz,B,A,34,30,5.49,2.751,3.018,7,2,27,8,0.7714,132.26,chain1_F_chain2_E,1,3,1,0,3,1,0,0,0,0,16,8,0,1,1,1,1,1,1,0,0,pass_conserved_motif,0.57659,0,
backbone,RAPCID_backbone_rapcid_backbone_20_model_0.cif.gz,/scratch/a2149a01/RAPCID_2610_output/backbone/RAPCID_backbone_rapcid_backbone_20_model_0.cif.gz,B,A,27,25,4.993,3.45,2.814,5,5,14,16,0.4667,121.16,chain1_F_chain2_E,0,2,1,0,2,1,0,0,0,0,8,12,0,1,1,1,1,1,1,0,0,pass_conserved_motif,0.60623,0,
backbone,RAPCID_backbone_rapcid_backbone_20_model_1.cif.gz,/scratch/a2149a01/RAPCID_2610_output/backbone/RAPCID_backbone_rapcid_backbone_20_model_1.cif.gz,B,A,27,25,3.656,2.707,2.855,3,5,9,10,0.4737,131.35,chain1_F_chain2_E,0,2,1,0,2,1,0,1,0,0,10,11,0,1,1,1,1,1,1,0,0,pass_conserved_motif,0.64801,0,
backbone,RAPCID_backbone_rapcid_backbone_20_model_2.cif.gz,/scratch/a2149a01/RAPCID_2610_output/backbone/RAPCID_backbone_rapcid_backbone_20_model_2.cif.gz,B,A,27,25,4.053,2.716,2.996,9,3,20,8,0.7143,124.21,chain1_F_chain2_E,1,3,2,0,3,2,0,0,0,0,15,9,0,2,1,1,1,1,1,0,0,pass_conserved_motif,0.60119,0,
backbone,RAPCID_backbone_rapcid_backbone_20_model_3.cif.gz,/scratch/a2149a01/RAPCID_2610_output/backbone/RAPCID_backbone_rapcid_backbone_20_model_3.cif.gz,B,A,27,25,11.455,3.303,3.475,6,3,17,6,0.7391,173.68,chain1_F_chain2_E,0,3,1,0,3,1,0,0,0,0,17,9,0,1,1,1,1,1,1,0,0,pass_conserved_motif,0.62971,0,
backbone,RAPCID_backbone_rapcid_backbone_20_model_4.cif.gz,/scratch/a2149a01/RAPCID_2610_output/backbone/RAPCID_backbone_rapcid_backbone_20_model_4.cif.gz,B,A,27,25,3.355,2.989,3.386,5,3,12,10,0.5455,112.65,chain1_F_chain2_E,0,2,1,0,2,1,0,1,0,1,10,10,0,1,1,1,1,1,1,0,0,pass_conserved_motif,0.59469,0,
backbone,RAPCID_backbone_rapcid_backbone_20_model_5.cif.gz,/scratch/a2149a01/RAPCID_2610_output/backbone/RAPCID_backbone_rapcid_backbone_20_model_5.cif.gz,B,A,27,25,2.747,2.727,2.762,6,5,19,12,0.6129,123.32,chain1_F_chain2_E,0,2,1,0,2,1,0,1,1,1,10,12,1,1,1,1,1,1,1,1,1,,0.61997,1,470
backbone,RAPCID_backbone_rapcid_backbone_20_model_6.cif.gz,/scratch/a2149a01/RAPCID_2610_output/backbone/RAPCID_backbone_rapcid_backbone_20_model_6.cif.gz,B,A,27,25,3.94,3.409,2.768,4,5,8,14,0.3636,126.83,chain1_F_chain2_E,0,2,1,0,2,1,0,1,0,0,8,11,0,1,1,1,1,1,1,0,0,pass_conserved_motif,0.58892,0,
backbone,RAPCID_backbone_rapcid_backbone_20_model_7.cif.gz,/scratch/a2149a01/RAPCID_2610_output/backbone/RAPCID_backbone_rapcid_backbone_20_model_7.cif.gz,B,A,27,25,6.326,2.933,2.757,6,3,17,16,0.5152,128.24,chain1_F_chain2_E,0,2,1,0,2,1,0,0,0,0,10,11,0,1,1,1,1,1,1,0,0,pass_conserved_motif,0.63711,0,
backbone,RAPCID_backbone_rapcid_backbone_210_model_0.cif.gz,/scratch/a2149a01/RAPCID_2610_output/backbone/RAPCID_backbone_rapcid_backbone_210_model_0.cif.gz,A,B,41,23,7.638,2.637,3.159,5,5,14,21,0.4,154.98,chain1_E_chain2_F,1,0,0,3,1,3,0,0,0,0,11,14,1,0,1,1,1,1,1,0,0,pass_conserved_motif,0.72089,0,
backbone,RAPCID_backbone_rapcid_backbone_210_model_1.cif.gz,/scratch/a2149a01/RAPCID_2610_output/backbone/RAPCID_backbone_rapcid_backbone_210_model_1.cif.gz,A,B,41,23,6.594,2.887,3.238,5,5,10,17,0.3704,146.72,chain1_E_chain2_F,1,0,0,3,1,3,0,0,0,0,13,14,1,0,1,1,1,1,1,0,0,pass_conserved_motif,0.68149,0,
backbone,RAPCID_backbone_rapcid_backbone_210_model_2.cif.gz,/scratch/a2149a01/RAPCID_2610_output/backbone/RAPCID_backbone_rapcid_backbone_210_model_2.cif.gz,A,B,41,23,10.718,3.289,3.404,3,6,7,21,0.25,165.34,chain1_E_chain2_F,1,0,0,3,1,3,0,0,0,0,10,14,1,0,1,1,1,1,1,0,0,pass_conserved_motif,0.65316,0,
backbone,RAPCID_backbone_rapcid_backbone_210_model_3.cif.gz,/scratch/a2149a01/RAPCID_2610_output/backbone/RAPCID_backbone_rapcid_backbone_210_model_3.cif.gz,A,B,41,23,8.625,2.881,3.355,3,5,5,10,0.3333,162.98,chain1_E_chain2_F,1,0,0,3,1,3,0,0,0,0,10,14,1,0,1,1,1,1,1,0,0,pass_conserved_motif,0.69434,0,
backbone,RAPCID_backbone_rapcid_backbone_210_model_4.cif.gz,/scratch/a2149a01/RAPCID_2610_output/backbone/RAPCID_backbone_rapcid_backbone_210_model_4.cif.gz,A,B,41,23,12.912,2.69,3.285,3,5,11,15,0.4231,160.39,chain1_E_chain2_F,2,0,0,3,2,3,0,0,0,0,11,14,2,0,1,1,1,1,1,0,0,pass_conserved_motif,0.76747,0,
backbone,RAPCID_backbone_rapcid_backbone_210_model_5.cif.gz,/scratch/a2149a01/RAPCID_2610_output/backbone/RAPCID_backbone_rapcid_backbone_210_model_5.cif.gz,A,B,41,23,12.397,3.755,3.512,3,5,4,8,0.3333,159.52,chain1_E_chain2_F,0,0,0,3,0,3,0,0,0,0,8,13,1,0,1,1,1,1,1,0,0,pass_conserved_motif,0.67732,0,
backbone,RAPCID_backbone_rapcid_backbone_210_model_6.cif.gz,/scratch/a2149a01/RAPCID_2610_output/backbone/RAPCID_backbone_rapcid_backbone_210_model_6.cif.gz,A,B,41,23,8.09,3.184,3.569,5,5,10,13,0.4348,148.79,chain1_E_chain2_F,1,0,0,3,1,3,0,0,0,0,10,13,1,0,1,1,1,1,1,0,0,pass_conserved_motif,0.71417,0,
backbone,RAPCID_backbone_rapcid_backbone_210_model_7.cif.gz,/scratch/a2149a01/RAPCID_2610_output/backbone/RAPCID_backbone_rapcid_backbone_210_model_7.cif.gz,A,B,41,23,8.397,2.563,3.543,6,5,16,12,0.5714,166.32,chain1_E_chain2_F,1,0,0,3,1,3,0,0,0,0,11,14,1,0,1,1,1,1,1,0,0,pass_conserved_motif,0.7213,0,
backbone,RAPCID_backbone_rapcid_backbone_211_model_0.cif.gz,/scratch/a2149a01/RAPCID_2610_output/backbone/RAPCID_backbone_rapcid_backbone_211_model_0.cif.gz,B,A,37,30,11.325,3.694,3.037,4,3,10,14,0.4167,144.15,chain1_F_chain2_E,0,3,1,0,3,1,1,0,0,0,10,9,0,1,1,1,1,1,1,0,0,pass_conserved_motif,0.72003,0,
backbone,RAPCID_backbone_rapcid_backbone_211_model_1.cif.gz,/scratch/a2149a01/RAPCID_2610_output/backbone/RAPCID_backbone_rapcid_backbone_211_model_1.cif.gz,B,A,37,30,3.752,3.311,2.965,8,4,23,12,0.6571,114.28,chain1_F_chain2_E,1,2,2,0,2,2,0,2,0,1,17,9,0,1,1,1,1,1,1,0,0,pass_conserved_motif,0.58904,0,
backbone,RAPCID_backbone_rapcid_backbone_211_model_2.cif.gz,/scratch/a2149a01/RAPCID_2610_output/backbone/RAPCID_backbone_rapcid_backbone_211_model_2.cif.gz,B,A,37,30,11.314,2.699,3.206,5,3,12,6,0.6667,154.46,chain1_F_chain2_E,0,3,1,0,3,1,0,0,0,0,12,9,0,1,1,1,1,1,1,0,0,pass_conserved_motif,0.6925,0,
backbone,RAPCID_backbone_rapcid_backbone_211_model_3.cif.gz,/scratch/a2149a01/RAPCID_2610_output/backbone/RAPCID_backbone_rapcid_backbone_211_model_3.cif.gz,B,A,37,30,3.132,3.163,2.901,4,4,21,12,0.6364,138.64,chain1_F_chain2_E,1,2,1,0,2,1,0,8,0,1,12,9,0,1,1,1,1,1,1,0,0,pass_conserved_motif,0.67997,0,
backbone,RAPCID_backbone_rapcid_backbone_211_model_4.cif.gz,/scratch/a2149a01/RAPCID_2610_output/backbone/RAPCID_backbone_rapcid_backbone_211_model_4.cif.gz,B,A,37,30,3.818,2.884,3.204,4,3,12,6,0.6667,133.14,chain1_F_chain2_E,0,2,1,0,2,1,0,1,0,0,10,9,0,1,1,1,1,1,1,0,0,pass_conserved_motif,0.59785,0,
backbone,RAPCID_backbone_rapcid_backbone_211_model_5.cif.gz,/scratch/a2149a01/RAPCID_2610_output/backbone/RAPCID_backbone_rapcid_backbone_211_model_5.cif.gz,B,A,37,30,3.759,3.637,3.093,4,5,10,11,0.4762,123.0,chain1_F_chain2_E,0,2,1,0,2,1,0,1,0,0,8,9,0,1,1,1,1,1,1,0,0,pass_conserved_motif,0.6212,0,
backbone,RAPCID_backbone_rapcid_backbone_211_model_6.cif.gz,/scratch/a2149a01/RAPCID_2610_output/backbone/RAPCID_backbone_rapcid_backbone_211_model_6.cif.gz,B,A,37,30,4.774,3.082,2.468,4,5,12,12,0.5,138.17,chain1_F_chain2_E,0,3,1,0,3,1,0,0,0,0,11,9,0,1,1,1,1,1,1,0,0,pass_conserved_motif,0.70484,0,
backbone,RAPCID_backbone_rapcid_backbone_211_model_7.cif.gz,/scratch/a2149a01/RAPCID_2610_output/backbone/RAPCID_backbone_rapcid_backbone_211_model_7.cif.gz,B,A,37,30,6.389,2.76,2.746,6,4,12,17,0.4138,124.05,chain1_F_chain2_E,0,3,2,0,3,2,0,0,0,0,9,9,0,1,1,1,1,1,1,0,0,pass_conserved_motif,0.65188,0,
backbone,RAPCID_backbone_rapcid_backbone_212_model_0.cif.gz,/scratch/a2149a01/RAPCID_2610_output/backbone/RAPCID_backbone_rapcid_backbone_212_model_0.cif.gz,A,B,38,21,5.632,2.763,3.695,7,5,18,10,0.6429,155.14,chain1_E_chain2_F,2,0,0,3,2,3,0,0,0,0,17,14,1,0,1,1,1,1,1,0,0,pass_conserved_motif,0.73284,0,
backbone,RAPCID_backbone_rapcid_backbone_212_model_1.cif.gz,/scratch/a2149a01/RAPCID_2610_output/backbone/RAPCID_backbone_rapcid_backbone_212_model_1.cif.gz,A,B,38,21,13.133,3.086,3.148,1,5,3,14,0.1765,163.25,chain1_E_chain2_F,1,0,0,3,1,3,0,0,0,0,8,12,1,1,1,0,1,1,1,1,0,pass_dual_rap_contact,0.63072,0,
backbone,RAPCID_backbone_rapcid_backbone_212_model_2.cif.gz,/scratch/a2149a01/RAPCID_2610_output/backbone/RAPCID_backbone_rapcid_backbone_212_model_2.cif.gz,A,B,38,21,14.704,3.168,3.503,1,6,3,15,0.1667,172.07,chain1_E_chain2_F,1,0,0,3,1,3,0,0,0,0,8,16,2,0,1,0,1,1,1,0,0,pass_dual_rap_contact;pass_conserved_motif,0.59738,0,
backbone,RAPCID_backbone_rapcid_backbone_212_model_3.cif.gz,/scratch/a2149a01/RAPCID_2610_output/backbone/RAPCID_backbone_rapcid_backbone_212_model_3.cif.gz,A,B,38,21,8.774,2.897,3.278,3,5,12,23,0.3429,153.25,chain1_E_chain2_F,1,0,0,3,1,3,0,0,0,0,9,15,1,0,1,1,1,1,1,0,0,pass_conserved_motif,0.69227,0,
backbone,RAPCID_backbone_rapcid_backbone_212_model_4.cif.gz,/scratch/a2149a01/RAPCID_2610_output/backbone/RAPCID_backbone_rapcid_backbone_212_model_4.cif.gz,A,B,38,21,8.396,2.914,3.225,4,6,15,20,0.4286,150.18,chain1_E_chain2_F,2,0,0,3,2,3,0,0,0,0,10,15,1,0,1,1,1,1,1,0,0,pass_conserved_motif,0.74489,0,
backbone,RAPCID_backbone_rapcid_backbone_212_model_5.cif.gz,/scratch/a2149a01/RAPCID_2610_output/backbone/RAPCID_backbone_rapcid_backbone_212_model_5.cif.gz,A,B,38,21,10.547,2.209,3.231,5,6,11,17,0.3929,170.03,chain1_E_chain2_F,1,0,0,3,1,3,0,0,0,0,8,15,1,0,1,1,1,1,1,0,0,pass_conserved_motif,0.69466,0,
backbone,RAPCID_backbone_rapcid_backbone_212_model_6.cif.gz,/scratch/a2149a01/RAPCID_2610_output/backbone/RAPCID_backbone_rapcid_backbone_212_model_6.cif.gz,A,B,38,21,9.496,2.82,3.3,4,6,13,16,0.4483,155.13,chain1_E_chain2_F,2,0,0,3,2,3,0,0,0,0,12,15,1,0,1,1,1,1,1,0,0,pass_conserved_motif,0.76928,0,
backbone,RAPCID_backbone_rapcid_backbone_212_model_7.cif.gz,/scratch/a2149a01/RAPCID_2610_output/backbone/RAPCID_backbone_rapcid_backbone_212_model_7.cif.gz,A,B,38,21,11.763,2.84,3.594,3,6,8,12,0.4,167.13,chain1_E_chain2_F,1,0,0,3,1,3,0,0,0,0,11,15,1,0,1,1,1,1,1,0,0,pass_conserved_motif,0.70717,0,
backbone,RAPCID_backbone_rapcid_backbone_213_model_0.cif.gz,/scratch/a2149a01/RAPCID_2610_output/backbone/RAPCID_backbone_rapcid_backbone_213_model_0.cif.gz,B,A,43,21,3.508,3.437,2.958,5,2,10,8,0.5556,115.17,chain1_F_chain2_E,0,2,1,0,2,1,0,4,0,0,12,12,0,1,1,1,1,1,1,0,0,pass_conserved_motif,0.59738,0,
backbone,RAPCID_backbone_rapcid_backbone_213_model_1.cif.gz,/scratch/a2149a01/RAPCID_2610_output/backbone/RAPCID_backbone_rapcid_backbone_213_model_1.cif.gz,B,A,43,21,3.267,2.627,2.666,6,5,17,13,0.5667,110.03,chain1_F_chain2_E,2,3,1,0,3,1,0,6,1,1,14,10,0,1,1,1,1,1,1,0,0,pass_conserved_motif,0.64771,0,
backbone,RAPCID_backbone_rapcid_backbone_213_model_2.cif.gz,/scratch/a2149a01/RAPCID_2610_output/backbone/RAPCID_backbone_rapcid_backbone_213_model_2.cif.gz,B,A,43,21,2.754,3.141,3.342,6,4,13,9,0.5909,122.46,chain1_F_chain2_E,1,2,1,0,2,1,0,3,1,0,9,9,0,1,1,1,1,1,1,0,0,pass_conserved_motif,0.61921,0,
backbone,RAPCID_backbone_rapcid_backbone_213_model_3.cif.gz,/scratch/a2149a01/RAPCID_2610_output/backbone/RAPCID_backbone_rapcid_backbone_213_model_3.cif.gz,B,A,43,21,2.939,3.429,3.127,5,4,13,10,0.5652,122.17,chain1_F_chain2_E,0,2,1,0,2,1,0,8,1,1,10,9,0,1,1,1,1,1,1,0,0,pass_conserved_motif,0.67019,0,
backbone,RAPCID_backbone_rapcid_backbone_213_model_4.cif.gz,/scratch/a2149a01/RAPCID_2610_output/backbone/RAPCID_backbone_rapcid_backbone_213_model_4.cif.gz,B,A,43,21,4.107,2.492,2.564,5,4,16,16,0.5,131.88,chain1_F_chain2_E,1,2,1,0,2,1,0,0,0,0,12,9,0,1,1,1,1,1,1,0,0,pass_conserved_motif,0.65533,0,
backbone,RAPCID_backbone_rapcid_backbone_213_model_5.cif.gz,/scratch/a2149a01/RAPCID_2610_output/backbone/RAPCID_backbone_rapcid_backbone_213_model_5.cif.gz,B,A,43,21,3.13,2.695,2.636,7,6,16,18,0.4706,136.29,chain1_F_chain2_E,1,3,2,0,3,2,0,3,0,0,12,9,1,2,1,1,1,1,1,1,1,,0.73038,1,109
backbone,RAPCID_backbone_rapcid_backbone_213_model_6.cif.gz,/scratch/a2149a01/RAPCID_2610_output/backbone/RAPCID_backbone_rapcid_backbone_213_model_6.cif.gz,B,A,43,21,3.543,2.685,2.723,5,5,10,11,0.4762,110.54,chain1_F_chain2_E,0,2,1,0,2,1,0,3,0,1,10,10,0,1,1,1,1,1,1,0,0,pass_conserved_motif,0.60631,0,
backbone,RAPCID_backbone_rapcid_backbone_213_model_7.cif.gz,/scratch/a2149a01/RAPCID_2610_output/backbone/RAPCID_backbone_rapcid_backbone_213_model_7.cif.gz,B,A,43,21,2.696,2.85,2.927,5,5,9,21,0.3,107.81,chain1_F_chain2_E,0,2,2,0,2,2,0,16,1,2,12,9,1,2,1,1,1,1,1,1,1,,0.57365,1,563
backbone,RAPCID_backbone_rapcid_backbone_214_model_0.cif.gz,/scratch/a2149a01/RAPCID_2610_output/backbone/RAPCID_backbone_rapcid_backbone_214_model_0.cif.gz,B,A,39,19,3.446,3.659,2.573,6,7,18,18,0.5,153.46,chain1_F_chain2_E,0,3,2,0,3,2,0,1,1,1,16,14,0,1,1,1,1,1,1,0,0,pass_conserved_motif,0.82273,0,
backbone,RAPCID_backbone_rapcid_backbone_214_model_1.cif.gz,/scratch/a2149a01/RAPCID_2610_output/backbone/RAPCID_backbone_rapcid_backbone_214_model_1.cif.gz,B,A,39,19,2.634,3.533,2.747,5,6,19,14,0.5758,141.93,chain1_F_chain2_E,0,3,1,0,3,1,0,4,0,1,18,11,0,1,1,1,1,1,1,0,0,pass_conserved_motif,0.72375,0,
backbone,RAPCID_backbone_rapcid_backbone_214_model_2.cif.gz,/scratch/a2149a01/RAPCID_2610_output/backbone/RAPCID_backbone_rapcid_backbone_214_model_2.cif.gz,B,A,39,19,2.733,2.662,2.719,5,4,12,11,0.5217,113.53,chain1_F_chain2_E,1,2,1,0,2,1,0,7,0,1,9,10,0,1,1,1,1,1,1,0,0,pass_conserved_motif,0.63711,0,
backbone,RAPCID_backbone_rapcid_backbone_214_model_3.cif.gz,/scratch/a2149a01/RAPCID_2610_output/backbone/RAPCID_backbone_rapcid_backbone_214_model_3.cif.gz,B,A,39,19,5.342,3.344,1.894,6,5,20,14,0.5882,163.15,chain1_F_chain2_E,0,3,1,0,3,1,0,0,0,0,16,12,1,1,0,1,1,1,1,1,0,pass_no_clash,0.72515,0,
backbone,RAPCID_backbone_rapcid_backbone_214_model_4.cif.gz,/scratch/a2149a01/RAPCID_2610_output/backbone/RAPCID_backbone_rapcid_backbone_214_model_4.cif.gz,B,A,39,19,3.907,3.298,1.849,6,6,20,15,0.5714,152.81,chain1_F_chain2_E,0,3,1,0,3,1,0,1,0,1,17,12,0,1,0,1,1,1,1,0,0,pass_no_clash;pass_conserved_motif,0.74673,0,
backbone,RAPCID_backbone_rapcid_backbone_214_model_5.cif.gz,/scratch/a2149a01/RAPCID_2610_output/backbone/RAPCID_backbone_rapcid_backbone_214_model_5.cif.gz,B,A,39,19,3.926,3.652,2.424,6,7,15,18,0.4545,131.97,chain1_F_chain2_E,0,3,1,0,3,1,0,1,1,0,15,12,0,1,1,1,1,1,1,0,0,pass_conserved_motif,0.68766,0,
backbone,RAPCID_backbone_rapcid_backbone_214_model_6.cif.gz,/scratch/a2149a01/RAPCID_2610_output/backbone/RAPCID_backbone_rapcid_backbone_214_model_6.cif.gz,B,A,39,19,6.553,3.304,3.061,5,5,19,13,0.5938,158.44,chain1_F_chain2_E,0,3,2,0,3,2,0,0,0,0,16,14,0,1,1,1,1,1,1,0,0,pass_conserved_motif,0.76349,0,
backbone,RAPCID_backbone_rapcid_backbone_214_model_7.cif.gz,/scratch/a2149a01/RAPCID_2610_output/backbone/RAPCID_backbone_rapcid_backbone_214_model_7.cif.gz,B,A,39,19,12.048,3.143,2.552,6,4,16,7,0.6957,145.98,chain1_F_chain2_E,0,3,1,0,3,1,0,0,0,0,16,11,0,1,1,1,1,1,1,0,0,pass_conserved_motif,0.65264,0,
backbone,RAPCID_backbone_rapcid_backbone_215_model_0.cif.gz,/scratch/a2149a01/RAPCID_2610_output/backbone/RAPCID_backbone_rapcid_backbone_215_model_0.cif.gz,A,B,44,41,3.216,2.898,3.129,3,4,13,12,0.52,103.2,chain1_E_chain2_F,1,0,0,2,1,2,0,12,1,0,11,10,1,0,1,1,1,1,1,0,0,pass_conserved_motif,0.58837,0,
backbone,RAPCID_backbone_rapcid_backbone_215_model_1.cif.gz,/scratch/a2149a01/RAPCID_2610_output/backbone/RAPCID_backbone_rapcid_backbone_215_model_1.cif.gz,A,B,44,41,3.303,2.759,3.064,5,4,19,13,0.5938,131.27,chain1_E_chain2_F,2,0,1,2,2,2,1,10,0,0,12,9,2,0,1,1,1,1,1,0,0,pass_conserved_motif,0.70291,0,
backbone,RAPCID_backbone_rapcid_backbone_215_model_2.cif.gz,/scratch/a2149a01/RAPCID_2610_output/backbone/RAPCID_backbone_rapcid_backbone_215_model_2.cif.gz,A,B,44,41,2.912,2.805,2.949,4,3,19,13,0.5938,126.17,chain1_E_chain2_F,1,0,1,2,1,2,0,11,0,0,12,10,1,1,1,1,1,1,1,1,1,,0.62377,1,456
backbone,RAPCID_backbone_rapcid_backbone_215_model_3.cif.gz,/scratch/a2149a01/RAPCID_2610_output/backbone/RAPCID_backbone_rapcid_backbone_215_model_3.cif.gz,A,B,44,41,3.714,2.643,3.314,3,9,8,30,0.2105,155.12,chain1_E_chain2_F,1,0,1,3,1,3,1,1,0,1,9,20,1,0,1,1,1,1,1,0,0,pass_conserved_motif,0.69581,0,
backbone,RAPCID_backbone_rapcid_backbone_215_model_4.cif.gz,/scratch/a2149a01/RAPCID_2610_output/backbone/RAPCID_backbone_rapcid_backbone_215_model_4.cif.gz,A,B,44,41,3.01,2.209,2.848,4,6,15,14,0.5172,97.04,chain1_E_chain2_F,1,0,0,2,1,2,0,13,1,1,10,10,1,0,1,1,1,1,1,0,0,pass_conserved_motif,0.58063,0,
backbone,RAPCID_backbone_rapcid_backbone_215_model_5.cif.gz,/scratch/a2149a01/RAPCID_2610_output/backbone/RAPCID_backbone_rapcid_backbone_215_model_5.cif.gz,A,B,44,41,2.986,2.659,2.422,4,4,10,14,0.4167,111.69,chain1_E_chain2_F,1,0,1,2,1,2,0,9,0,1,12,10,1,1,1,1,1,1,1,1,1,,0.60635,1,497
backbone,RAPCID_backbone_rapcid_backbone_215_model_6.cif.gz,/scratch/a2149a01/RAPCID_2610_output/backbone/RAPCID_backbone_rapcid_backbone_215_model_6.cif.gz,A,B,44,41,3.002,2.999,3.278,3,4,9,11,0.45,109.23,chain1_E_chain2_F,1,0,0,2,1,2,0,9,1,1,10,8,1,0,1,1,1,1,1,0,0,pass_conserved_motif,0.62814,0,
backbone,RAPCID_backbone_rapcid_backbone_215_model_7.cif.gz,/scratch/a2149a01/RAPCID_2610_output/backbone/RAPCID_backbone_rapcid_backbone_215_model_7.cif.gz,A,B,44,41,3.848,2.796,3.647,5,4,16,7,0.6957,129.06,chain1_E_chain2_F,1,0,0,2,1,2,0,1,0,0,13,9,1,0,1,1,1,1,1,0,0,pass_conserved_motif,0.57264,0,
backbone,RAPCID_backbone_rapcid_backbone_216_model_0.cif.gz,/scratch/a2149a01/RAPCID_2610_output/backbone/RAPCID_backbone_rapcid_backbone_216_model_0.cif.gz,A,B,38,36,3.483,2.29,3.153,6,10,15,41,0.2679,139.48,chain1_E_chain2_F,1,0,1,3,1,3,0,9,0,0,12,18,1,1,1,1,1,1,1,1,1,,0.65135,1,377
backbone,RAPCID_backbone_rapcid_backbone_216_model_1.cif.gz,/scratch/a2149a01/RAPCID_2610_output/backbone/RAPCID_backbone_rapcid_backbone_216_model_1.cif.gz,A,B,38,36,8.46,2.798,3.376,2,6,8,19,0.2963,155.07,chain1_E_chain2_F,1,0,0,3,1,3,0,0,0,0,10,15,1,1,1,1,1,1,1,1,1,,0.67969,1,271
backbone,RAPCID_backbone_rapcid_backbone_216_model_2.cif.gz,/scratch/a2149a01/RAPCID_2610_output/backbone/RAPCID_backbone_rapcid_backbone_216_model_2.cif.gz,A,B,38,36,4.168,2.719,3.449,6,5,17,17,0.5,148.77,chain1_E_chain2_F,1,0,0,3,1,3,0,0,0,0,10,16,1,0,1,1,1,1,1,0,0,pass_conserved_motif,0.7402,0,
backbone,RAPCID_backbone_rapcid_backbone_216_model_3.cif.gz,/scratch/a2149a01/RAPCID_2610_output/backbone/RAPCID_backbone_rapcid_backbone_216_model_3.cif.gz,A,B,38,36,10.796,2.592,3.205,6,5,13,18,0.4194,152.88,chain1_E_chain2_F,1,0,0,3,1,3,0,0,0,0,10,17,1,0,1,1,1,1,1,0,0,pass_conserved_motif,0.72163,0,
backbone,RAPCID_backbone_rapcid_backbone_216_model_4.cif.gz,/scratch/a2149a01/RAPCID_2610_output/backbone/RAPCID_backbone_rapcid_backbone_216_model_4.cif.gz,A,B,38,36,3.294,2.491,3.513,6,7,15,22,0.4054,153.18,chain1_E_chain2_F,1,0,0,3,1,3,0,11,0,1,10,18,1,0,1,1,1,1,1,0,0,pass_conserved_motif,0.75871,0,
backbone,RAPCID_backbone_rapcid_backbone_216_model_5.cif.gz,/scratch/a2149a01/RAPCID_2610_output/backbone/RAPCID_backbone_rapcid_backbone_216_model_5.cif.gz,A,B,38,36,3.137,2.797,3.109,7,6,18,17,0.5143,122.41,chain1_E_chain2_F,1,0,0,3,1,3,0,11,1,1,8,15,1,0,1,1,1,1,1,0,0,pass_conserved_motif,0.70495,0,
backbone,RAPCID_backbone_rapcid_backbone_216_model_6.cif.gz,/scratch/a2149a01/RAPCID_2610_output/backbone/RAPCID_backbone_rapcid_backbone_216_model_6.cif.gz,A,B,38,36,7.741,2.557,3.875,5,5,12,11,0.5217,164.93,chain1_E_chain2_F,1,0,0,3,1,3,0,0,0,0,10,14,1,0,1,1,1,1,1,0,0,pass_conserved_motif,0.74581,0,
backbone,RAPCID_backbone_rapcid_backbone_216_model_7.cif.gz,/scratch/a2149a01/RAPCID_2610_output/backbone/RAPCID_backbone_rapcid_backbone_216_model_7.cif.gz,A,B,38,36,6.934,2.254,3.66,5,5,11,14,0.44,144.0,chain1_E_chain2_F,1,0,0,3,1,3,0,0,0,0,10,14,1,0,1,1,1,1,1,0,0,pass_conserved_motif,0.7003,0,
backbone,RAPCID_backbone_rapcid_backbone_217_model_0.cif.gz,/scratch/a2149a01/RAPCID_2610_output/backbone/RAPCID_backbone_rapcid_backbone_217_model_0.cif.gz,B,A,29,26,3.445,3.546,3.005,5,3,8,7,0.5333,123.49,chain1_F_chain2_E,0,2,1,0,2,1,0,7,0,0,12,10,1,1,1,1,1,1,1,1,1,,0.64902,1,380
backbone,RAPCID_backbone_rapcid_backbone_217_model_1.cif.gz,/scratch/a2149a01/RAPCID_2610_output/backbone/RAPCID_backbone_rapcid_backbone_217_model_1.cif.gz,B,A,29,26,3.517,2.828,3.198,7,4,19,10,0.6552,119.78,chain1_F_chain2_E,1,3,1,0,3,1,0,9,1,1,13,9,0,3,1,1,1,1,1,0,0,pass_conserved_motif,0.64983,0,
backbone,RAPCID_backbone_rapcid_backbone_217_model_2.cif.gz,/scratch/a2149a01/RAPCID_2610_output/backbone/RAPCID_backbone_rapcid_backbone_217_model_2.cif.gz,B,A,29,26,2.534,3.31,2.773,6,5,13,15,0.4643,113.47,chain1_F_chain2_E,1,2,1,0,2,1,0,9,0,1,13,11,0,1,1,1,1,1,1,0,0,pass_conserved_motif,0.63133,0,
backbone,RAPCID_backbone_rapcid_backbone_217_model_3.cif.gz,/scratch/a2149a01/RAPCID_2610_output/backbone/RAPCID_backbone_rapcid_backbone_217_model_3.cif.gz,B,A,29,26,3.213,2.8,2.278,7,5,20,15,0.5714,116.9,chain1_F_chain2_E,1,3,1,0,3,1,0,7,1,0,14,11,0,1,1,1,1,1,1,0,0,pass_conserved_motif,0.65705,0,
backbone,RAPCID_backbone_rapcid_backbone_217_model_4.cif.gz,/scratch/a2149a01/RAPCID_2610_output/backbone/RAPCID_backbone_rapcid_backbone_217_model_4.cif.gz,B,A,29,26,3.325,2.495,3.178,4,6,14,14,0.5,102.29,chain1_F_chain2_E,0,2,1,0,2,1,0,5,1,1,9,10,0,1,1,1,1,1,1,0,0,pass_conserved_motif,0.61501,0,
backbone,RAPCID_backbone_rapcid_backbone_217_model_5.cif.gz,/scratch/a2149a01/RAPCID_2610_output/backbone/RAPCID_backbone_rapcid_backbone_217_model_5.cif.gz,B,A,29,26,2.948,3.433,2.505,4,6,7,15,0.3182,120.32,chain1_F_chain2_E,0,2,1,0,2,1,0,6,0,1,11,10,0,2,1,1,1,1,1,0,0,pass_conserved_motif,0.59073,0,
backbone,RAPCID_backbone_rapcid_backbone_217_model_6.cif.gz,/scratch/a2149a01/RAPCID_2610_output/backbone/RAPCID_backbone_rapcid_backbone_217_model_6.cif.gz,B,A,29,26,3.031,2.789,2.557,5,4,25,15,0.625,118.65,chain1_F_chain2_E,1,2,1,0,2,1,0,12,1,0,10,10,0,1,1,1,1,1,1,0,0,pass_conserved_motif,0.59788,0,
backbone,RAPCID_backbone_rapcid_backbone_217_model_7.cif.gz,/scratch/a2149a01/RAPCID_2610_output/backbone/RAPCID_backbone_rapcid_backbone_217_model_7.cif.gz,B,A,29,26,3.678,2.942,2.965,4,4,14,13,0.5185,113.05,chain1_F_chain2_E,1,2,1,0,2,1,0,3,0,0,9,9,1,2,1,1,1,1,1,1,1,,0.60015,1,505
backbone,RAPCID_backbone_rapcid_backbone_218_model_0.cif.gz,/scratch/a2149a01/RAPCID_2610_output/backbone/RAPCID_backbone_rapcid_backbone_218_model_0.cif.gz,B,A,42,39,3.403,3.047,2.875,7,5,16,11,0.5926,121.33,chain1_F_chain2_E,1,3,1,0,3,1,0,6,1,1,15,11,0,1,1,1,1,1,1,0,0,pass_conserved_motif,0.67502,0,
backbone,RAPCID_backbone_rapcid_backbone_218_model_1.cif.gz,/scratch/a2149a01/RAPCID_2610_output/backbone/RAPCID_backbone_rapcid_backbone_218_model_1.cif.gz,B,A,42,39,2.904,2.895,2.331,5,2,11,8,0.5789,118.58,chain1_F_chain2_E,0,3,1,0,3,1,0,9,1,0,11,9,0,1,1,1,1,1,1,0,0,pass_conserved_motif,0.65962,0,
backbone,RAPCID_backbone_rapcid_backbone_218_model_2.cif.gz,/scratch/a2149a01/RAPCID_2610_output/backbone/RAPCID_backbone_rapcid_backbone_218_model_2.cif.gz,B,A,42,39,3.185,2.702,3.193,7,3,23,11,0.6765,108.82,chain1_F_chain2_E,0,3,1,0,3,1,0,10,0,1,13,7,2,2,1,1,1,1,1,1,1,,0.5831,1,542
backbone,RAPCID_backbone_rapcid_backbone_218_model_3.cif.gz,/scratch/a2149a01/RAPCID_2610_output/backbone/RAPCID_backbone_rapcid_backbone_218_model_3.cif.gz,B,A,42,39,2.494,2.518,2.874,7,5,16,13,0.5517,114.14,chain1_F_chain2_E,0,3,1,0,3,1,0,16,1,1,12,11,0,1,1,1,1,1,1,0,0,pass_conserved_motif,0.63741,0,
backbone,RAPCID_backbone_rapcid_backbone_218_model_4.cif.gz,/scratch/a2149a01/RAPCID_2610_output/backbone/RAPCID_backbone_rapcid_backbone_218_model_4.cif.gz,B,A,42,39,3.188,3.084,2.526,6,5,14,13,0.5185,131.77,chain1_F_chain2_E,1,3,1,0,3,1,0,8,0,0,14,10,1,1,1,1,1,1,1,1,1,,0.71611,1,149
backbone,RAPCID_backbone_rapcid_backbone_218_model_5.cif.gz,/scratch/a2149a01/RAPCID_2610_output/backbone/RAPCID_backbone_rapcid_backbone_218_model_5.cif.gz,B,A,42,39,3.584,2.839,2.388,4,3,16,9,0.64,106.98,chain1_F_chain2_E,1,2,1,0,2,1,0,6,1,1,10,12,0,1,1,1,1,1,1,0,0,pass_conserved_motif,0.57963,0,
backbone,RAPCID_backbone_rapcid_backbone_218_model_6.cif.gz,/scratch/a2149a01/RAPCID_2610_output/backbone/RAPCID_backbone_rapcid_backbone_218_model_6.cif.gz,B,A,42,39,3.857,3.147,3.021,6,3,17,14,0.5484,130.09,chain1_F_chain2_E,1,3,2,0,3,2,0,4,0,1,16,9,0,1,1,1,1,1,1,0,0,pass_conserved_motif,0.72381,0,
backbone,RAPCID_backbone_rapcid_backbone_218_model_7.cif.gz,/scratch/a2149a01/RAPCID_2610_output/backbone/RAPCID_backbone_rapcid_backbone_218_model_7.cif.gz,B,A,42,39,3.073,2.901,2.81,7,5,15,12,0.5556,136.22,chain1_F_chain2_E,1,3,1,0,3,1,0,7,0,0,14,10,0,1,1,1,1,1,1,0,0,pass_conserved_motif,0.71113,0,
backbone,RAPCID_backbone_rapcid_backbone_219_model_0.cif.gz,/scratch/a2149a01/RAPCID_2610_output/backbone/RAPCID_backbone_rapcid_backbone_219_model_0.cif.gz,B,A,42,35,3.204,3.125,2.603,7,2,24,5,0.8276,120.85,chain1_F_chain2_E,1,3,1,0,3,1,0,15,0,0,15,6,0,3,1,1,1,1,1,0,0,pass_conserved_motif,0.52109,0,
backbone,RAPCID_backbone_rapcid_backbone_219_model_1.cif.gz,/scratch/a2149a01/RAPCID_2610_output/backbone/RAPCID_backbone_rapcid_backbone_219_model_1.cif.gz,B,A,42,35,3.866,2.486,3.538,3,2,14,5,0.7368,115.07,chain1_F_chain2_E,1,2,1,0,2,1,0,1,0,0,11,8,0,1,1,1,1,1,1,0,0,pass_conserved_motif,0.50954,0,
backbone,RAPCID_backbone_rapcid_backbone_219_model_2.cif.gz,/scratch/a2149a01/RAPCID_2610_output/backbone/RAPCID_backbone_rapcid_backbone_219_model_2.cif.gz,B,A,42,35,3.073,3.107,2.889,5,5,14,13,0.5185,116.1,chain1_F_chain2_E,0,2,2,0,2,2,0,14,1,1,11,13,0,1,1,1,1,1,1,0,0,pass_conserved_motif,0.6672,0,
backbone,RAPCID_backbone_rapcid_backbone_219_model_3.cif.gz,/scratch/a2149a01/RAPCID_2610_output/backbone/RAPCID_backbone_rapcid_backbone_219_model_3.cif.gz,B,A,42,35,8.53,3.301,3.272,5,4,8,9,0.4706,145.15,chain1_F_chain2_E,0,3,2,0,3,2,0,0,0,0,11,15,0,1,1,1,1,1,1,0,0,pass_conserved_motif,0.74492,0,
backbone,RAPCID_backbone_rapcid_backbone_219_model_4.cif.gz,/scratch/a2149a01/RAPCID_2610_output/backbone/RAPCID_backbone_rapcid_backbone_219_model_4.cif.gz,B,A,42,35,4.353,3.749,3.116,5,2,7,4,0.6364,141.65,chain1_F_chain2_E,0,2,1,0,2,1,0,0,0,0,11,8,0,1,1,1,1,1,1,0,0,pass_conserved_motif,0.63335,0,
backbone,RAPCID_backbone_rapcid_backbone_219_model_5.cif.gz,/scratch/a2149a01/RAPCID_2610_output/backbone/RAPCID_backbone_rapcid_backbone_219_model_5.cif.gz,B,A,42,35,2.676,2.979,2.871,7,5,17,13,0.5667,116.11,chain1_F_chain2_E,0,2,1,0,2,1,0,8,0,1,13,10,0,1,1,1,1,1,1,0,0,pass_conserved_motif,0.63274,0,
backbone,RAPCID_backbone_rapcid_backbone_219_model_6.cif.gz,/scratch/a2149a01/RAPCID_2610_output/backbone/RAPCID_backbone_rapcid_backbone_219_model_6.cif.gz,B,A,42,35,3.196,3.338,3.253,5,4,13,7,0.65,110.95,chain1_F_chain2_E,0,2,1,0,2,1,0,14,0,0,11,14,0,1,1,1,1,1,1,0,0,pass_conserved_motif,0.53556,0,
backbone,RAPCID_backbone_rapcid_backbone_219_model_7.cif.gz,/scratch/a2149a01/RAPCID_2610_output/backbone/RAPCID_backbone_rapcid_backbone_219_model_7.cif.gz,B,A,42,35,2.794,3.114,2.895,5,4,12,11,0.5217,122.98,chain1_F_chain2_E,1,3,1,0,3,1,0,11,0,0,12,14,0,1,1,1,1,1,1,0,0,pass_conserved_motif,0.67054,0,
backbone,RAPCID_backbone_rapcid_backbone_21_model_0.cif.gz,/scratch/a2149a01/RAPCID_2610_output/backbone/RAPCID_backbone_rapcid_backbone_21_model_0.cif.gz,B,A,38,18,5.32,2.853,3.041,4,6,13,11,0.5417,122.72,chain1_F_chain2_E,1,2,1,0,2,1,0,0,0,0,10,10,0,1,1,1,1,1,1,0,0,pass_conserved_motif,0.60813,0,
backbone,RAPCID_backbone_rapcid_backbone_21_model_1.cif.gz,/scratch/a2149a01/RAPCID_2610_output/backbone/RAPCID_backbone_rapcid_backbone_21_model_1.cif.gz,B,A,38,18,11.807,3.48,3.353,4,2,6,6,0.5,150.87,chain1_F_chain2_E,0,1,1,0,1,1,0,0,0,0,10,7,0,1,1,1,1,1,1,0,0,pass_conserved_motif,0.69004,0,
backbone,RAPCID_backbone_rapcid_backbone_21_model_2.cif.gz,/scratch/a2149a01/RAPCID_2610_output/backbone/RAPCID_backbone_rapcid_backbone_21_model_2.cif.gz,B,A,38,18,9.771,2.837,1.709,6,5,14,18,0.4375,155.9,chain1_F_chain2_E,0,2,2,0,2,2,1,0,0,0,10,9,0,1,0,1,1,1,1,0,0,pass_no_clash;pass_conserved_motif,0.76752,0,
backbone,RAPCID_backbone_rapcid_backbone_21_model_3.cif.gz,/scratch/a2149a01/RAPCID_2610_output/backbone/RAPCID_backbone_rapcid_backbone_21_model_3.cif.gz,B,A,38,18,8.488,2.673,3.493,4,2,18,10,0.6429,163.48,chain1_F_chain2_E,1,2,1,0,2,1,1,0,0,0,8,7,0,3,1,1,1,1,1,0,0,pass_conserved_motif,0.7022,0,
backbone,RAPCID_backbone_rapcid_backbone_21_model_4.cif.gz,/scratch/a2149a01/RAPCID_2610_output/backbone/RAPCID_backbone_rapcid_backbone_21_model_4.cif.gz,B,A,38,18,9.94,1.491,3.383,6,3,13,7,0.65,145.31,chain1_F_chain2_E,0,3,1,0,3,1,0,0,0,0,11,8,0,1,0,1,1,1,1,0,0,pass_no_clash;pass_conserved_motif,0.66866,0,
backbone,RAPCID_backbone_rapcid_backbone_21_model_5.cif.gz,/scratch/a2149a01/RAPCID_2610_output/backbone/RAPCID_backbone_rapcid_backbone_21_model_5.cif.gz,B,A,38,18,9.89,2.791,3.45,6,4,11,10,0.5238,163.42,chain1_F_chain2_E,1,3,0,0,3,0,1,0,0,0,13,7,0,1,1,1,1,1,1,0,0,pass_conserved_motif,0.75004,0,
backbone,RAPCID_backbone_rapcid_backbone_21_model_6.cif.gz,/scratch/a2149a01/RAPCID_2610_output/backbone/RAPCID_backbone_rapcid_backbone_21_model_6.cif.gz,B,A,38,18,7.018,2.669,3.299,6,2,16,5,0.7619,130.13,chain1_F_chain2_E,1,2,1,0,2,1,0,0,0,0,11,7,0,1,1,1,1,1,1,0,0,pass_conserved_motif,0.5447,0,
backbone,RAPCID_backbone_rapcid_backbone_21_model_7.cif.gz,/scratch/a2149a01/RAPCID_2610_output/backbone/RAPCID_backbone_rapcid_backbone_21_model_7.cif.gz,B,A,38,18,6.536,2.58,2.729,4,2,13,8,0.619,125.29,chain1_F_chain2_E,1,2,1,0,2,1,0,0,0,0,10,9,0,1,1,1,1,1,1,0,0,pass_conserved_motif,0.58571,0,
backbone,RAPCID_backbone_rapcid_backbone_220_model_0.cif.gz,/scratch/a2149a01/RAPCID_2610_output/backbone/RAPCID_backbone_rapcid_backbone_220_model_0.cif.gz,B,A,27,21,9.549,3.771,2.435,5,4,12,12,0.5,167.78,chain1_F_chain2_E,0,3,1,0,3,1,1,0,0,0,14,7,0,1,1,1,1,1,1,0,0,pass_conserved_motif,0.7736,0,
backbone,RAPCID_backbone_rapcid_backbone_220_model_1.cif.gz,/scratch/a2149a01/RAPCID_2610_output/backbone/RAPCID_backbone_rapcid_backbone_220_model_1.cif.gz,B,A,27,21,11.057,3.55,1.6,5,4,16,14,0.5333,163.39,chain1_F_chain2_E,0,3,2,0,3,2,1,0,0,0,15,7,0,1,0,1,1,1,1,0,0,pass_no_clash;pass_conserved_motif,0.80347,0,
backbone,RAPCID_backbone_rapcid_backbone_220_model_2.cif.gz,/scratch/a2149a01/RAPCID_2610_output/backbone/RAPCID_backbone_rapcid_backbone_220_model_2.cif.gz,B,A,27,21,8.316,3.394,2.138,6,4,21,17,0.5526,153.05,chain1_F_chain2_E,0,3,2,0,3,2,1,0,0,0,15,7,0,1,1,1,1,1,1,0,0,pass_conserved_motif,0.79055,0,
backbone,RAPCID_backbone_rapcid_backbone_220_model_3.cif.gz,/scratch/a2149a01/RAPCID_2610_output/backbone/RAPCID_backbone_rapcid_backbone_220_model_3.cif.gz,B,A,27,21,9.42,3.512,1.489,5,4,16,16,0.5,175.72,chain1_F_chain2_E,0,3,2,0,3,2,1,0,0,0,14,7,0,1,0,1,1,1,1,0,0,pass_no_clash;pass_conserved_motif,0.77568,0,
backbone,RAPCID_backbone_rapcid_backbone_220_model_4.cif.gz,/scratch/a2149a01/RAPCID_2610_output/backbone/RAPCID_backbone_rapcid_backbone_220_model_4.cif.gz,B,A,27,21,9.146,3.677,2.368,5,3,18,14,0.5625,137.19,chain1_F_chain2_E,0,3,1,0,3,1,0,0,0,0,15,7,0,1,1,1,1,1,1,0,0,pass_conserved_motif,0.67657,0,
backbone,RAPCID_backbone_rapcid_backbone_220_model_5.cif.gz,/scratch/a2149a01/RAPCID_2610_output/backbone/RAPCID_backbone_rapcid_backbone_220_model_5.cif.gz,B,A,27,21,9.372,3.01,1.741,6,4,17,11,0.6071,158.3,chain1_F_chain2_E,0,3,2,0,3,2,1,0,0,0,15,7,1,1,0,1,1,1,1,1,0,pass_no_clash,0.78624,0,
backbone,RAPCID_backbone_rapcid_backbone_220_model_6.cif.gz,/scratch/a2149a01/RAPCID_2610_output/backbone/RAPCID_backbone_rapcid_backbone_220_model_6.cif.gz,B,A,27,21,12.209,3.458,1.666,6,4,14,14,0.5,160.28,chain1_F_chain2_E,0,3,2,0,3,2,1,0,0,0,13,7,0,1,0,1,1,1,1,0,0,pass_no_clash;pass_conserved_motif,0.82716,0,
backbone,RAPCID_backbone_rapcid_backbone_220_model_7.cif.gz,/scratch/a2149a01/RAPCID_2610_output/backbone/RAPCID_backbone_rapcid_backbone_220_model_7.cif.gz,B,A,27,21,9.219,3.191,1.646,6,4,24,13,0.6486,166.4,chain1_F_chain2_E,0,3,2,0,3,2,1,0,0,0,15,7,0,1,0,1,1,1,1,0,0,pass_no_clash;pass_conserved_motif,0.74729,0,
backbone,RAPCID_backbone_rapcid_backbone_221_model_0.cif.gz,/scratch/a2149a01/RAPCID_2610_output/backbone/RAPCID_backbone_rapcid_backbone_221_model_0.cif.gz,B,A,30,22,4.924,3.338,2.859,5,4,13,6,0.6842,138.5,chain1_F_chain2_E,0,3,0,0,3,0,0,0,0,0,12,11,0,1,1,1,1,1,1,0,0,pass_conserved_motif,0.60369,0,
backbone,RAPCID_backbone_rapcid_backbone_221_model_1.cif.gz,/scratch/a2149a01/RAPCID_2610_output/backbone/RAPCID_backbone_rapcid_backbone_221_model_1.cif.gz,B,A,30,22,3.478,3.141,2.381,6,6,14,14,0.5,156.47,chain1_F_chain2_E,0,3,1,0,3,1,0,1,0,0,12,11,0,1,1,1,1,1,1,0,0,pass_conserved_motif,0.77086,0,
backbone,RAPCID_backbone_rapcid_backbone_221_model_2.cif.gz,/scratch/a2149a01/RAPCID_2610_output/backbone/RAPCID_backbone_rapcid_backbone_221_model_2.cif.gz,B,A,30,22,3.407,3.446,2.95,4,8,13,21,0.3824,143.8,chain1_F_chain2_E,0,2,2,0,2,2,0,2,0,0,12,10,0,1,1,1,1,1,1,0,0,pass_conserved_motif,0.68654,0,
backbone,RAPCID_backbone_rapcid_backbone_221_model_3.cif.gz,/scratch/a2149a01/RAPCID_2610_output/backbone/RAPCID_backbone_rapcid_backbone_221_model_3.cif.gz,B,A,30,22,10.171,3.746,2.973,5,4,11,14,0.44,158.23,chain1_F_chain2_E,0,3,1,0,3,1,0,0,0,0,12,10,0,1,1,1,1,1,1,0,0,pass_conserved_motif,0.74772,0,
backbone,RAPCID_backbone_rapcid_backbone_221_model_4.cif.gz,/scratch/a2149a01/RAPCID_2610_output/backbone/RAPCID_backbone_rapcid_backbone_221_model_4.cif.gz,B,A,30,22,4.307,3.189,2.537,6,5,22,14,0.6111,142.31,chain1_F_chain2_E,0,3,1,0,3,1,0,0,0,0,12,10,1,1,1,1,1,1,1,1,1,,0.67421,1,291
backbone,RAPCID_backbone_rapcid_backbone_221_model_5.cif.gz,/scratch/a2149a01/RAPCID_2610_output/backbone/RAPCID_backbone_rapcid_backbone_221_model_5.cif.gz,B,A,30,22,6.927,2.672,2.682,5,4,12,11,0.5217,162.15,chain1_F_chain2_E,0,3,1,0,3,1,0,0,0,0,12,10,0,1,1,1,1,1,1,0,0,pass_conserved_motif,0.75507,0,
backbone,RAPCID_backbone_rapcid_backbone_221_model_6.cif.gz,/scratch/a2149a01/RAPCID_2610_output/backbone/RAPCID_backbone_rapcid_backbone_221_model_6.cif.gz,B,A,30,22,3.428,3.474,2.73,6,6,18,13,0.5806,158.0,chain1_F_chain2_E,0,3,1,0,3,1,0,1,0,0,12,10,0,1,1,1,1,1,1,0,0,pass_conserved_motif,0.74371,0,
backbone,RAPCID_backbone_rapcid_backbone_221_model_7.cif.gz,/scratch/a2149a01/RAPCID_2610_output/backbone/RAPCID_backbone_rapcid_backbone_221_model_7.cif.gz,B,A,30,22,3.325,3.003,2.915,6,5,22,11,0.6667,153.66,chain1_F_chain2_E,0,3,1,0,3,1,0,2,0,0,12,11,0,1,1,1,1,1,1,0,0,pass_conserved_motif,0.69981,0,
backbone,RAPCID_backbone_rapcid_backbone_222_model_0.cif.gz,/scratch/a2149a01/RAPCID_2610_output/backbone/RAPCID_backbone_rapcid_backbone_222_model_0.cif.gz,B,A,39,13,9.73,2.233,2.169,3,4,11,15,0.4231,152.08,chain1_F_chain2_E,1,2,2,0,2,2,1,0,0,0,9,7,1,1,1,1,1,1,1,1,1,,0.74903,1,65
backbone,RAPCID_backbone_rapcid_backbone_222_model_1.cif.gz,/scratch/a2149a01/RAPCID_2610_output/backbone/RAPCID_backbone_rapcid_backbone_222_model_1.cif.gz,B,A,39,13,9.902,3.382,1.966,5,4,15,13,0.5357,162.56,chain1_F_chain2_E,0,2,2,0,2,2,1,0,0,0,8,7,0,1,0,1,1,1,1,0,0,pass_no_clash;pass_conserved_motif,0.77671,0,
backbone,RAPCID_backbone_rapcid_backbone_222_model_2.cif.gz,/scratch/a2149a01/RAPCID_2610_output/backbone/RAPCID_backbone_rapcid_backbone_222_model_2.cif.gz,B,A,39,13,7.511,3.356,1.876,7,4,17,13,0.5667,150.22,chain1_F_chain2_E,1,3,2,0,3,2,1,0,0,0,14,7,0,1,0,1,1,1,1,0,0,pass_no_clash;pass_conserved_motif,0.77549,0,
backbone,RAPCID_backbone_rapcid_backbone_222_model_3.cif.gz,/scratch/a2149a01/RAPCID_2610_output/backbone/RAPCID_backbone_rapcid_backbone_222_model_3.cif.gz,B,A,39,13,8.204,2.745,1.52,4,4,15,13,0.5357,147.29,chain1_F_chain2_E,0,2,2,0,2,2,1,0,0,0,10,7,0,1,0,1,1,1,1,0,0,pass_no_clash;pass_conserved_motif,0.74954,0,
backbone,RAPCID_backbone_rapcid_backbone_222_model_4.cif.gz,/scratch/a2149a01/RAPCID_2610_output/backbone/RAPCID_backbone_rapcid_backbone_222_model_4.cif.gz,B,A,39,13,8.305,3.357,2.208,9,4,16,13,0.5517,153.06,chain1_F_chain2_E,0,3,1,0,3,1,1,0,0,0,16,7,0,1,1,1,1,1,1,0,0,pass_conserved_motif,0.76237,0,
backbone,RAPCID_backbone_rapcid_backbone_222_model_5.cif.gz,/scratch/a2149a01/RAPCID_2610_output/backbone/RAPCID_backbone_rapcid_backbone_222_model_5.cif.gz,B,A,39,13,14.389,3.387,4.964,4,0,10,0,1.0,nan,chain1_F_chain2_E,0,2,0,0,2,0,0,0,0,0,7,5,0,1,1,0,0,0,1,0,0,pass_dual_rap_contact;pass_contact_balance;pass_face_angle;pass_conserved_motif,0.21714,0,
backbone,RAPCID_backbone_rapcid_backbone_222_model_6.cif.gz,/scratch/a2149a01/RAPCID_2610_output/backbone/RAPCID_backbone_rapcid_backbone_222_model_6.cif.gz,B,A,39,13,12.639,3.108,3.493,5,2,14,4,0.7778,142.08,chain1_F_chain2_E,0,2,1,0,2,1,0,0,0,0,10,7,0,1,1,1,1,1,1,0,0,pass_conserved_motif,0.57821,0,
backbone,RAPCID_backbone_rapcid_backbone_222_model_7.cif.gz,/scratch/a2149a01/RAPCID_2610_output/backbone/RAPCID_backbone_rapcid_backbone_222_model_7.cif.gz,B,A,39,13,8.517,3.539,1.877,4,4,9,17,0.3462,160.91,chain1_F_chain2_E,1,2,2,0,2,2,1,0,0,0,8,7,0,1,0,1,1,1,1,0,0,pass_no_clash;pass_conserved_motif,0.73496,0,
backbone,RAPCID_backbone_rapcid_backbone_223_model_0.cif.gz,/scratch/a2149a01/RAPCID_2610_output/backbone/RAPCID_backbone_rapcid_backbone_223_model_0.cif.gz,B,A,37,28,2.822,2.502,2.673,4,4,16,15,0.5161,97.3,chain1_F_chain2_E,0,2,2,0,2,2,0,24,1,1,11,8,0,1,1,1,1,1,1,0,0,pass_conserved_motif,0.55551,0,
backbone,RAPCID_backbone_rapcid_backbone_223_model_1.cif.gz,/scratch/a2149a01/RAPCID_2610_output/backbone/RAPCID_backbone_rapcid_backbone_223_model_1.cif.gz,B,A,37,28,4.78,3.491,2.964,6,6,15,14,0.5172,135.99,chain1_F_chain2_E,0,3,1,0,3,1,0,0,0,0,15,11,0,1,1,1,1,1,1,0,0,pass_conserved_motif,0.69068,0,
backbone,RAPCID_backbone_rapcid_backbone_223_model_2.cif.gz,/scratch/a2149a01/RAPCID_2610_output/backbone/RAPCID_backbone_rapcid_backbone_223_model_2.cif.gz,B,A,37,28,3.044,3.395,2.819,6,7,16,22,0.4211,117.77,chain1_F_chain2_E,0,3,2,0,3,2,0,1,1,1,15,14,0,1,1,1,1,1,1,0,0,pass_conserved_motif,0.67218,0,
backbone,RAPCID_backbone_rapcid_backbone_223_model_3.cif.gz,/scratch/a2149a01/RAPCID_2610_output/backbone/RAPCID_backbone_rapcid_backbone_223_model_3.cif.gz,B,A,37,28,9.885,3.08,2.881,5,5,22,11,0.6667,171.79,chain1_F_chain2_E,0,3,1,0,3,1,0,0,0,0,16,9,0,1,1,1,1,1,1,0,0,pass_conserved_motif,0.66498,0,
backbone,RAPCID_backbone_rapcid_backbone_223_model_4.cif.gz,/scratch/a2149a01/RAPCID_2610_output/backbone/RAPCID_backbone_rapcid_backbone_223_model_4.cif.gz,B,A,37,28,2.527,2.535,2.903,6,5,14,12,0.5385,114.6,chain1_F_chain2_E,0,2,2,0,2,2,0,6,0,1,11,10,1,2,1,1,1,1,1,1,1,,0.65758,1,352
backbone,RAPCID_backbone_rapcid_backbone_223_model_5.cif.gz,/scratch/a2149a01/RAPCID_2610_output/backbone/RAPCID_backbone_rapcid_backbone_223_model_5.cif.gz,B,A,37,28,3.647,3.175,3.294,6,5,19,12,0.6129,137.96,chain1_F_chain2_E,0,3,1,0,3,1,0,1,0,0,16,12,0,1,1,1,1,1,1,0,0,pass_conserved_motif,0.664,0,
backbone,RAPCID_backbone_rapcid_backbone_223_model_6.cif.gz,/scratch/a2149a01/RAPCID_2610_output/backbone/RAPCID_backbone_rapcid_backbone_223_model_6.cif.gz,B,A,37,28,2.629,2.394,2.421,3,3,7,13,0.35,149.46,chain1_F_chain2_E,0,2,3,0,2,3,0,19,0,0,8,12,1,2,1,1,1,1,1,1,1,,0.69604,1,216
backbone,RAPCID_backbone_rapcid_backbone_223_model_7.cif.gz,/scratch/a2149a01/RAPCID_2610_output/backbone/RAPCID_backbone_rapcid_backbone_223_model_7.cif.gz,B,A,37,28,4.114,3.842,2.721,6,5,9,13,0.4091,157.1,chain1_F_chain2_E,0,3,1,0,3,1,0,0,0,0,15,10,1,1,1,1,1,1,1,1,1,,0.73159,1,108
backbone,RAPCID_backbone_rapcid_backbone_224_model_0.cif.gz,/scratch/a2149a01/RAPCID_2610_output/backbone/RAPCID_backbone_rapcid_backbone_224_model_0.cif.gz,A,B,30,19,9.385,3.662,3.428,3,5,7,15,0.3182,138.44,chain1_E_chain2_F,1,0,0,3,1,3,0,0,0,0,10,9,1,0,1,1,1,1,1,0,0,pass_conserved_motif,0.63301,0,
backbone,RAPCID_backbone_rapcid_backbone_224_model_1.cif.gz,/scratch/a2149a01/RAPCID_2610_output/backbone/RAPCID_backbone_rapcid_backbone_224_model_1.cif.gz,A,B,30,19,2.891,2.601,3.641,5,4,14,15,0.4828,132.0,chain1_E_chain2_F,1,0,0,3,1,3,0,4,0,0,12,9,1,0,1,1,1,1,1,0,0,pass_conserved_motif,0.6974,0,
backbone,RAPCID_backbone_rapcid_backbone_224_model_2.cif.gz,/scratch/a2149a01/RAPCID_2610_output/backbone/RAPCID_backbone_rapcid_backbone_224_model_2.cif.gz,A,B,30,19,9.03,2.961,3.874,3,4,5,11,0.3125,157.32,chain1_E_chain2_F,1,0,0,3,1,3,0,0,0,0,10,9,1,0,1,1,1,1,1,0,0,pass_conserved_motif,0.69367,0,
backbone,RAPCID_backbone_rapcid_backbone_224_model_3.cif.gz,/scratch/a2149a01/RAPCID_2610_output/backbone/RAPCID_backbone_rapcid_backbone_224_model_3.cif.gz,A,B,30,19,9.002,3.002,3.397,3,5,9,14,0.3913,149.85,chain1_E_chain2_F,1,0,0,3,1,3,0,0,0,0,10,9,1,0,1,1,1,1,1,0,0,pass_conserved_motif,0.70032,0,
backbone,RAPCID_backbone_rapcid_backbone_224_model_4.cif.gz,/scratch/a2149a01/RAPCID_2610_output/backbone/RAPCID_backbone_rapcid_backbone_224_model_4.cif.gz,A,B,30,19,3.373,2.66,3.628,5,5,12,8,0.6,139.44,chain1_E_chain2_F,1,0,0,3,1,3,0,5,0,0,11,9,1,0,1,1,1,1,1,0,0,pass_conserved_motif,0.69407,0,
backbone,RAPCID_backbone_rapcid_backbone_224_model_5.cif.gz,/scratch/a2149a01/RAPCID_2610_output/backbone/RAPCID_backbone_rapcid_backbone_224_model_5.cif.gz,A,B,30,19,3.53,2.514,3.73,4,5,11,12,0.4783,169.39,chain1_E_chain2_F,1,0,0,3,1,3,0,3,0,0,11,9,1,0,1,1,1,1,1,0,0,pass_conserved_motif,0.74596,0,
backbone,RAPCID_backbone_rapcid_backbone_224_model_6.cif.gz,/scratch/a2149a01/RAPCID_2610_output/backbone/RAPCID_backbone_rapcid_backbone_224_model_6.cif.gz,A,B,30,19,3.69,2.857,3.637,4,4,10,17,0.3704,142.59,chain1_E_chain2_F,1,0,0,3,1,3,0,1,0,0,10,9,1,0,1,1,1,1,1,0,0,pass_conserved_motif,0.67274,0,
backbone,RAPCID_backbone_rapcid_backbone_224_model_7.cif.gz,/scratch/a2149a01/RAPCID_2610_output/backbone/RAPCID_backbone_rapcid_backbone_224_model_7.cif.gz,A,B,30,19,4.726,2.579,2.8,5,5,16,11,0.5926,152.23,chain1_E_chain2_F,1,0,0,3,1,3,0,0,0,0,13,9,1,0,1,1,1,1,1,0,0,pass_conserved_motif,0.71469,0,
backbone,RAPCID_backbone_rapcid_backbone_225_model_0.cif.gz,/scratch/a2149a01/RAPCID_2610_output/backbone/RAPCID_backbone_rapcid_backbone_225_model_0.cif.gz,A,B,35,17,8.739,2.802,3.513,6,5,10,13,0.4348,162.18,chain1_E_chain2_F,1,0,0,3,1,3,0,0,0,0,11,14,1,0,1,1,1,1,1,0,0,pass_conserved_motif,0.73759,0,
backbone,RAPCID_backbone_rapcid_backbone_225_model_1.cif.gz,/scratch/a2149a01/RAPCID_2610_output/backbone/RAPCID_backbone_rapcid_backbone_225_model_1.cif.gz,A,B,35,17,8.823,2.998,2.944,5,5,13,23,0.3611,150.43,chain1_E_chain2_F,2,0,0,3,2,3,0,0,0,0,10,13,2,0,1,1,1,1,1,0,0,pass_conserved_motif,0.71874,0,
backbone,RAPCID_backbone_rapcid_backbone_225_model_2.cif.gz,/scratch/a2149a01/RAPCID_2610_output/backbone/RAPCID_backbone_rapcid_backbone_225_model_2.cif.gz,A,B,35,17,9.944,2.905,2.962,5,5,14,20,0.4118,158.08,chain1_E_chain2_F,2,0,0,3,2,3,0,0,0,0,11,13,1,0,1,1,1,1,1,0,0,pass_conserved_motif,0.76449,0,
backbone,RAPCID_backbone_rapcid_backbone_225_model_3.cif.gz,/scratch/a2149a01/RAPCID_2610_output/backbone/RAPCID_backbone_rapcid_backbone_225_model_3.cif.gz,A,B,35,17,9.219,2.996,3.416,4,5,12,16,0.4286,159.02,chain1_E_chain2_F,1,0,0,3,1,3,0,0,0,0,10,14,1,0,1,1,1,1,1,0,0,pass_conserved_motif,0.74566,0,
backbone,RAPCID_backbone_rapcid_backbone_225_model_4.cif.gz,/scratch/a2149a01/RAPCID_2610_output/backbone/RAPCID_backbone_rapcid_backbone_225_model_4.cif.gz,A,B,35,17,9.49,3.061,3.383,4,6,9,16,0.36,159.89,chain1_E_chain2_F,2,0,0,3,2,3,0,0,0,0,11,13,1,0,1,1,1,1,1,0,0,pass_conserved_motif,0.7439,0,
backbone,RAPCID_backbone_rapcid_backbone_225_model_5.cif.gz,/scratch/a2149a01/RAPCID_2610_output/backbone/RAPCID_backbone_rapcid_backbone_225_model_5.cif.gz,A,B,35,17,10.224,2.953,3.022,3,6,8,21,0.2759,164.77,chain1_E_chain2_F,1,0,0,3,1,3,0,0,0,0,10,14,1,0,1,1,1,1,1,0,0,pass_conserved_motif,0.66539,0,
backbone,RAPCID_backbone_rapcid_backbone_225_model_6.cif.gz,/scratch/a2149a01/RAPCID_2610_output/backbone/RAPCID_backbone_rapcid_backbone_225_model_6.cif.gz,A,B,35,17,8.923,3.169,3.472,4,6,10,18,0.3571,151.25,chain1_E_chain2_F,1,0,0,3,1,3,0,0,0,0,17,14,1,0,1,1,1,1,1,0,0,pass_conserved_motif,0.6913,0,
backbone,RAPCID_backbone_rapcid_backbone_225_model_7.cif.gz,/scratch/a2149a01/RAPCID_2610_output/backbone/RAPCID_backbone_rapcid_backbone_225_model_7.cif.gz,A,B,35,17,8.978,2.821,3.473,5,5,12,18,0.4,163.81,chain1_E_chain2_F,1,0,0,3,1,3,0,0,0,0,14,14,1,0,1,1,1,1,1,0,0,pass_conserved_motif,0.71827,0,
backbone,RAPCID_backbone_rapcid_backbone_226_model_0.cif.gz,/scratch/a2149a01/RAPCID_2610_output/backbone/RAPCID_backbone_rapcid_backbone_226_model_0.cif.gz,B,A,39,34,2.858,2.849,2.767,6,5,14,13,0.5185,129.59,chain1_F_chain2_E,0,3,1,0,3,1,0,5,0,1,11,11,0,1,1,1,1,1,1,0,0,pass_conserved_motif,0.71053,0,
backbone,RAPCID_backbone_rapcid_backbone_226_model_1.cif.gz,/scratch/a2149a01/RAPCID_2610_output/backbone/RAPCID_backbone_rapcid_backbone_226_model_1.cif.gz,B,A,39,34,3.631,2.743,2.737,7,2,13,8,0.619,154.04,chain1_F_chain2_E,0,3,2,0,3,2,1,3,0,0,14,10,0,1,1,1,1,1,1,0,0,pass_conserved_motif,0.78227,0,
backbone,RAPCID_backbone_rapcid_backbone_226_model_2.cif.gz,/scratch/a2149a01/RAPCID_2610_output/backbone/RAPCID_backbone_rapcid_backbone_226_model_2.cif.gz,B,A,39,34,2.67,3.255,3.289,5,4,8,9,0.4706,135.5,chain1_F_chain2_E,0,3,1,0,3,1,0,3,0,0,13,11,0,1,1,1,1,1,1,0,0,pass_conserved_motif,0.69918,0,
backbone,RAPCID_backbone_rapcid_backbone_226_model_3.cif.gz,/scratch/a2149a01/RAPCID_2610_output/backbone/RAPCID_backbone_rapcid_backbone_226_model_3.cif.gz,B,A,39,34,3.248,2.807,3.014,7,4,19,8,0.7037,126.1,chain1_F_chain2_E,0,3,1,0,3,1,0,2,0,0,15,12,0,1,1,1,1,1,1,0,0,pass_conserved_motif,0.59315,0,
backbone,RAPCID_backbone_rapcid_backbone_226_model_4.cif.gz,/scratch/a2149a01/RAPCID_2610_output/backbone/RAPCID_backbone_rapcid_backbone_226_model_4.cif.gz,B,A,39,34,2.746,2.993,2.866,4,4,15,12,0.5556,131.27,chain1_F_chain2_E,0,2,2,0,2,2,0,27,0,1,9,11,3,1,1,1,1,1,1,1,1,,0.62129,1,462
backbone,RAPCID_backbone_rapcid_backbone_226_model_5.cif.gz,/scratch/a2149a01/RAPCID_2610_output/backbone/RAPCID_backbone_rapcid_backbone_226_model_5.cif.gz,B,A,39,34,3.216,2.389,2.757,5,4,15,18,0.4545,123.75,chain1_F_chain2_E,0,2,2,0,2,2,1,5,1,0,8,11,1,2,1,1,1,1,1,1,1,,0.70884,1,170
backbone,RAPCID_backbone_rapcid_backbone_226_model_6.cif.gz,/scratch/a2149a01/RAPCID_2610_output/backbone/RAPCID_backbone_rapcid_backbone_226_model_6.cif.gz,B,A,39,34,3.041,3.521,2.877,4,4,8,10,0.4444,123.28,chain1_F_chain2_E,0,2,1,0,2,1,0,3,0,0,10,11,0,1,1,1,1,1,1,0,0,pass_conserved_motif,0.61942,0,
backbone,RAPCID_backbone_rapcid_backbone_226_model_7.cif.gz,/scratch/a2149a01/RAPCID_2610_output/backbone/RAPCID_backbone_rapcid_backbone_226_model_7.cif.gz,B,A,39,34,5.342,3.469,3.201,4,3,7,10,0.4118,129.68,chain1_F_chain2_E,0,3,1,0,3,1,0,0,0,0,15,11,0,2,1,1,1,1,1,0,0,pass_conserved_motif,0.64124,0,
backbone,RAPCID_backbone_rapcid_backbone_227_model_0.cif.gz,/scratch/a2149a01/RAPCID_2610_output/backbone/RAPCID_backbone_rapcid_backbone_227_model_0.cif.gz,B,A,39,36,3.253,3.139,3.109,3,5,12,14,0.4615,112.49,chain1_F_chain2_E,1,2,1,0,2,1,0,7,0,1,10,9,0,1,1,1,1,1,1,0,0,pass_conserved_motif,0.62697,0,
backbone,RAPCID_backbone_rapcid_backbone_227_model_1.cif.gz,/scratch/a2149a01/RAPCID_2610_output/backbone/RAPCID_backbone_rapcid_backbone_227_model_1.cif.gz,B,A,39,36,3.079,3.721,3.04,5,5,8,13,0.381,101.77,chain1_F_chain2_E,0,2,2,0,2,2,0,22,1,0,10,11,0,1,1,1,1,1,1,0,0,pass_conserved_motif,0.52257,0,
backbone,RAPCID_backbone_rapcid_backbone_227_model_2.cif.gz,/scratch/a2149a01/RAPCID_2610_output/backbone/RAPCID_backbone_rapcid_backbone_227_model_2.cif.gz,B,A,39,36,4.498,3.153,2.656,10,5,29,13,0.6905,169.79,chain1_F_chain2_E,0,3,1,0,3,1,1,0,0,0,18,10,0,2,1,1,1,1,1,0,0,pass_conserved_motif,0.6907,0,
backbone,RAPCID_backbone_rapcid_backbone_227_model_3.cif.gz,/scratch/a2149a01/RAPCID_2610_output/backbone/RAPCID_backbone_rapcid_backbone_227_model_3.cif.gz,B,A,39,36,3.079,3.174,1.989,5,6,13,17,0.4333,161.75,chain1_F_chain2_E,0,3,1,0,3,1,0,14,0,0,16,10,0,2,0,1,1,1,1,0,0,pass_no_clash;pass_conserved_motif,0.74844,0,
backbone,RAPCID_backbone_rapcid_backbone_227_model_4.cif.gz,/scratch/a2149a01/RAPCID_2610_output/backbone/RAPCID_backbone_rapcid_backbone_227_model_4.cif.gz,B,A,39,36,3.328,3.727,2.349,6,5,14,11,0.56,153.13,chain1_F_chain2_E,0,3,1,0,3,1,0,1,0,0,15,10,0,1,1,1,1,1,1,0,0,pass_conserved_motif,0.73572,0,
backbone,RAPCID_backbone_rapcid_backbone_227_model_5.cif.gz,/scratch/a2149a01/RAPCID_2610_output/backbone/RAPCID_backbone_rapcid_backbone_227_model_5.cif.gz,B,A,39,36,3.189,2.835,2.724,4,3,13,9,0.5909,112.6,chain1_F_chain2_E,0,2,1,0,2,1,0,6,0,0,8,10,0,1,1,1,1,1,1,0,0,pass_conserved_motif,0.58467,0,
backbone,RAPCID_backbone_rapcid_backbone_227_model_6.cif.gz,/scratch/a2149a01/RAPCID_2610_output/backbone/RAPCID_backbone_rapcid_backbone_227_model_6.cif.gz,B,A,39,36,2.851,3.66,2.003,6,3,12,12,0.5,114.46,chain1_F_chain2_E,0,2,1,0,2,1,0,10,0,0,12,10,3,1,1,1,1,1,1,1,1,,0.62725,1,446
backbone,RAPCID_backbone_rapcid_backbone_227_model_7.cif.gz,/scratch/a2149a01/RAPCID_2610_output/backbone/RAPCID_backbone_rapcid_backbone_227_model_7.cif.gz,B,A,39,36,3.319,3.329,2.843,6,5,17,11,0.6071,157.71,chain1_F_chain2_E,0,3,1,0,3,1,0,1,0,0,16,10,0,2,1,1,1,1,1,0,0,pass_conserved_motif,0.73214,0,
backbone,RAPCID_backbone_rapcid_backbone_228_model_0.cif.gz,/scratch/a2149a01/RAPCID_2610_output/backbone/RAPCID_backbone_rapcid_backbone_228_model_0.cif.gz,A,B,46,28,9.425,3.22,3.517,3,5,7,11,0.3889,161.36,chain1_E_chain2_F,1,0,0,3,1,3,0,0,0,0,9,15,1,0,1,1,1,1,1,0,0,pass_conserved_motif,0.72196,0,
backbone,RAPCID_backbone_rapcid_backbone_228_model_1.cif.gz,/scratch/a2149a01/RAPCID_2610_output/backbone/RAPCID_backbone_rapcid_backbone_228_model_1.cif.gz,A,B,46,28,12.175,3.318,3.549,2,6,6,17,0.2609,164.33,chain1_E_chain2_F,1,0,0,3,1,3,0,0,0,0,8,14,1,0,1,1,1,1,1,0,0,pass_conserved_motif,0.66085,0,
backbone,RAPCID_backbone_rapcid_backbone_228_model_2.cif.gz,/scratch/a2149a01/RAPCID_2610_output/backbone/RAPCID_backbone_rapcid_backbone_228_model_2.cif.gz,A,B,46,28,3.185,3.025,3.675,4,5,14,13,0.5185,145.02,chain1_E_chain2_F,1,0,0,3,1,3,0,4,0,0,11,15,1,1,1,1,1,1,1,1,1,,0.74027,1,82
backbone,RAPCID_backbone_rapcid_backbone_228_model_3.cif.gz,/scratch/a2149a01/RAPCID_2610_output/backbone/RAPCID_backbone_rapcid_backbone_228_model_3.cif.gz,A,B,46,28,8.87,2.963,3.44,4,6,11,20,0.3548,166.83,chain1_E_chain2_F,1,0,0,3,1,3,0,0,0,0,9,16,1,1,1,1,1,1,1,1,1,,0.69013,1,238
backbone,RAPCID_backbone_rapcid_backbone_228_model_4.cif.gz,/scratch/a2149a01/RAPCID_2610_output/backbone/RAPCID_backbone_rapcid_backbone_228_model_4.cif.gz,A,B,46,28,14.07,3.647,3.401,4,5,8,13,0.381,169.8,chain1_E_chain2_F,2,0,0,3,2,3,0,0,0,0,8,16,1,0,1,1,1,1,1,0,0,pass_conserved_motif,0.71922,0,
backbone,RAPCID_backbone_rapcid_backbone_228_model_5.cif.gz,/scratch/a2149a01/RAPCID_2610_output/backbone/RAPCID_backbone_rapcid_backbone_228_model_5.cif.gz,A,B,46,28,12.788,3.179,3.308,3,6,7,19,0.2692,159.94,chain1_E_chain2_F,1,0,0,3,1,3,0,0,0,0,8,15,2,1,1,1,1,1,1,1,1,,0.67885,1,274
backbone,RAPCID_backbone_rapcid_backbone_228_model_6.cif.gz,/scratch/a2149a01/RAPCID_2610_output/backbone/RAPCID_backbone_rapcid_backbone_228_model_6.cif.gz,A,B,46,28,10.638,3.9,3.554,2,5,2,19,0.0952,150.23,chain1_E_chain2_F,0,0,0,3,0,3,0,0,0,0,7,15,1,0,1,0,0,1,1,0,0,pass_dual_rap_contact;pass_contact_balance;pass_conserved_motif,0.55456,0,
backbone,RAPCID_backbone_rapcid_backbone_228_model_7.cif.gz,/scratch/a2149a01/RAPCID_2610_output/backbone/RAPCID_backbone_rapcid_backbone_228_model_7.cif.gz,A,B,46,28,8.877,3.005,3.574,4,6,10,18,0.3571,147.7,chain1_E_chain2_F,2,0,0,3,2,3,0,0,0,0,9,15,2,0,1,1,1,1,1,0,0,pass_conserved_motif,0.70804,0,
backbone,RAPCID_backbone_rapcid_backbone_229_model_0.cif.gz,/scratch/a2149a01/RAPCID_2610_output/backbone/RAPCID_backbone_rapcid_backbone_229_model_0.cif.gz,B,A,40,31,3.973,3.603,2.744,5,4,11,9,0.55,140.23,chain1_F_chain2_E,0,3,1,0,3,1,0,1,0,0,11,10,0,1,1,1,1,1,1,0,0,pass_conserved_motif,0.69673,0,
backbone,RAPCID_backbone_rapcid_backbone_229_model_1.cif.gz,/scratch/a2149a01/RAPCID_2610_output/backbone/RAPCID_backbone_rapcid_backbone_229_model_1.cif.gz,B,A,40,31,2.977,3.379,2.854,4,3,7,9,0.4375,119.29,chain1_F_chain2_E,0,2,1,0,2,1,0,13,0,0,11,9,0,1,1,1,1,1,1,0,0,pass_conserved_motif,0.60336,0,
backbone,RAPCID_backbone_rapcid_backbone_229_model_2.cif.gz,/scratch/a2149a01/RAPCID_2610_output/backbone/RAPCID_backbone_rapcid_backbone_229_model_2.cif.gz,B,A,40,31,2.819,3.298,2.874,7,6,23,9,0.7188,130.56,chain1_F_chain2_E,1,3,1,0,3,1,0,10,1,0,13,12,0,1,1,1,1,1,1,0,0,pass_conserved_motif,0.63866,0,
backbone,RAPCID_backbone_rapcid_backbone_229_model_3.cif.gz,/scratch/a2149a01/RAPCID_2610_output/backbone/RAPCID_backbone_rapcid_backbone_229_model_3.cif.gz,B,A,40,31,3.293,3.32,2.839,5,4,13,11,0.5417,122.48,chain1_F_chain2_E,1,3,1,0,3,1,0,7,0,0,10,10,0,1,1,1,1,1,1,0,0,pass_conserved_motif,0.67088,0,
backbone,RAPCID_backbone_rapcid_backbone_229_model_4.cif.gz,/scratch/a2149a01/RAPCID_2610_output/backbone/RAPCID_backbone_rapcid_backbone_229_model_4.cif.gz,B,A,40,31,2.946,3.082,2.665,6,4,15,12,0.5556,114.84,chain1_F_chain2_E,0,3,1,0,3,1,0,12,0,1,10,10,0,1,1,1,1,1,1,0,0,pass_conserved_motif,0.64153,0,
backbone,RAPCID_backbone_rapcid_backbone_229_model_5.cif.gz,/scratch/a2149a01/RAPCID_2610_output/backbone/RAPCID_backbone_rapcid_backbone_229_model_5.cif.gz,B,A,40,31,3.215,2.827,2.383,5,4,17,15,0.5312,127.22,chain1_F_chain2_E,0,2,2,0,2,2,0,8,1,0,8,10,0,1,1,1,1,1,1,0,0,pass_conserved_motif,0.71253,0,
backbone,RAPCID_backbone_rapcid_backbone_229_model_6.cif.gz,/scratch/a2149a01/RAPCID_2610_output/backbone/RAPCID_backbone_rapcid_backbone_229_model_6.cif.gz,B,A,40,31,3.807,3.505,2.889,4,6,8,15,0.3478,126.62,chain1_F_chain2_E,0,2,1,0,2,1,0,5,0,0,10,10,0,1,1,1,1,1,1,0,0,pass_conserved_motif,0.60192,0,
backbone,RAPCID_backbone_rapcid_backbone_229_model_7.cif.gz,/scratch/a2149a01/RAPCID_2610_output/backbone/RAPCID_backbone_rapcid_backbone_229_model_7.cif.gz,B,A,40,31,2.998,2.96,2.2,5,5,15,18,0.4545,129.46,chain1_F_chain2_E,0,2,2,0,2,2,0,11,0,0,10,9,0,2,1,1,1,1,1,0,0,pass_conserved_motif,0.68265,0,
backbone,RAPCID_backbone_rapcid_backbone_22_model_0.cif.gz,/scratch/a2149a01/RAPCID_2610_output/backbone/RAPCID_backbone_rapcid_backbone_22_model_0.cif.gz,A,B,44,30,12.172,3.461,3.314,1,6,5,15,0.25,162.35,chain1_E_chain2_F,1,0,0,3,1,3,0,0,0,0,10,13,1,1,1,0,1,1,1,1,0,pass_dual_rap_contact,0.6631,0,
backbone,RAPCID_backbone_rapcid_backbone_22_model_1.cif.gz,/scratch/a2149a01/RAPCID_2610_output/backbone/RAPCID_backbone_rapcid_backbone_22_model_1.cif.gz,A,B,44,30,10.839,2.9,3.526,3,5,9,16,0.36,148.98,chain1_E_chain2_F,1,0,0,3,1,3,0,0,0,0,11,13,1,0,1,1,1,1,1,0,0,pass_conserved_motif,0.68488,0,
backbone,RAPCID_backbone_rapcid_backbone_22_model_2.cif.gz,/scratch/a2149a01/RAPCID_2610_output/backbone/RAPCID_backbone_rapcid_backbone_22_model_2.cif.gz,A,B,44,30,10.484,2.696,3.188,3,6,13,19,0.4062,152.05,chain1_E_chain2_F,2,0,0,3,2,3,0,0,0,0,8,13,1,0,1,1,1,1,1,0,0,pass_conserved_motif,0.74219,0,
backbone,RAPCID_backbone_rapcid_backbone_22_model_3.cif.gz,/scratch/a2149a01/RAPCID_2610_output/backbone/RAPCID_backbone_rapcid_backbone_22_model_3.cif.gz,A,B,44,30,10.031,2.911,3.538,3,5,11,13,0.4583,177.05,chain1_E_chain2_F,1,0,0,3,1,3,0,0,0,0,9,13,1,1,1,1,1,1,1,1,1,,0.69745,1,211
backbone,RAPCID_backbone_rapcid_backbone_22_model_4.cif.gz,/scratch/a2149a01/RAPCID_2610_output/backbone/RAPCID_backbone_rapcid_backbone_22_model_4.cif.gz,A,B,44,30,7.433,3.012,3.366,5,6,14,16,0.4667,159.02,chain1_E_chain2_F,2,0,0,3,2,3,0,0,0,0,14,13,2,0,1,1,1,1,1,0,0,pass_conserved_motif,0.78944,0,
backbone,RAPCID_backbone_rapcid_backbone_22_model_5.cif.gz,/scratch/a2149a01/RAPCID_2610_output/backbone/RAPCID_backbone_rapcid_backbone_22_model_5.cif.gz,A,B,44,30,8.529,2.996,3.232,3,5,9,23,0.2812,154.7,chain1_E_chain2_F,1,0,0,3,1,3,0,0,0,0,9,13,1,1,1,1,1,1,1,1,1,,0.67246,1,301
backbone,RAPCID_backbone_rapcid_backbone_22_model_6.cif.gz,/scratch/a2149a01/RAPCID_2610_output/backbone/RAPCID_backbone_rapcid_backbone_22_model_6.cif.gz,A,B,44,30,8.524,3.095,3.134,3,5,11,21,0.3438,149.91,chain1_E_chain2_F,1,0,0,3,1,3,0,0,0,0,10,13,2,0,1,1,1,1,1,0,0,pass_conserved_motif,0.68149,0,
backbone,RAPCID_backbone_rapcid_backbone_22_model_7.cif.gz,/scratch/a2149a01/RAPCID_2610_output/backbone/RAPCID_backbone_rapcid_backbone_22_model_7.cif.gz,A,B,44,30,3.116,2.669,3.411,4,6,10,20,0.3333,138.9,chain1_E_chain2_F,1,0,0,3,1,3,0,3,0,0,10,14,1,0,1,1,1,1,1,0,0,pass_conserved_motif,0.65561,0,
backbone,RAPCID_backbone_rapcid_backbone_230_model_0.cif.gz,/scratch/a2149a01/RAPCID_2610_output/backbone/RAPCID_backbone_rapcid_backbone_230_model_0.cif.gz,A,B,37,32,4.842,2.952,3.039,2,5,7,9,0.4375,158.89,chain1_E_chain2_F,1,0,0,3,1,3,0,0,0,0,9,11,1,0,1,1,1,1,1,0,0,pass_conserved_motif,0.74893,0,
backbone,RAPCID_backbone_rapcid_backbone_230_model_1.cif.gz,/scratch/a2149a01/RAPCID_2610_output/backbone/RAPCID_backbone_rapcid_backbone_230_model_1.cif.gz,A,B,37,32,13.102,3.148,2.769,1,5,3,17,0.15,158.47,chain1_E_chain2_F,0,0,0,3,0,3,0,0,0,0,5,16,1,0,1,0,1,1,1,0,0,pass_dual_rap_contact;pass_conserved_motif,0.60394,0,
backbone,RAPCID_backbone_rapcid_backbone_230_model_2.cif.gz,/scratch/a2149a01/RAPCID_2610_output/backbone/RAPCID_backbone_rapcid_backbone_230_model_2.cif.gz,A,B,37,32,2.748,2.333,3.433,4,5,11,12,0.4783,126.0,chain1_E_chain2_F,1,0,1,3,1,3,0,9,1,0,10,11,1,0,1,1,1,1,1,0,0,pass_conserved_motif,0.70726,0,
backbone,RAPCID_backbone_rapcid_backbone_230_model_3.cif.gz,/scratch/a2149a01/RAPCID_2610_output/backbone/RAPCID_backbone_rapcid_backbone_230_model_3.cif.gz,A,B,37,32,3.447,2.843,2.516,4,6,14,20,0.4118,112.03,chain1_E_chain2_F,2,0,1,2,2,2,0,11,0,1,13,12,1,1,1,1,1,1,1,1,1,,0.62409,1,454
backbone,RAPCID_backbone_rapcid_backbone_230_model_4.cif.gz,/scratch/a2149a01/RAPCID_2610_output/backbone/RAPCID_backbone_rapcid_backbone_230_model_4.cif.gz,A,B,37,32,5.03,3.363,3.271,4,10,9,29,0.2368,166.0,chain1_E_chain2_F,1,0,0,3,1,3,1,0,0,0,9,16,1,0,1,1,1,1,1,0,0,pass_conserved_motif,0.67427,0,
backbone,RAPCID_backbone_rapcid_backbone_230_model_5.cif.gz,/scratch/a2149a01/RAPCID_2610_output/backbone/RAPCID_backbone_rapcid_backbone_230_model_5.cif.gz,A,B,37,32,3.979,2.712,3.411,3,7,8,15,0.3478,118.42,chain1_E_chain2_F,1,0,0,3,1,3,0,1,0,0,9,12,1,0,1,1,1,1,1,0,0,pass_conserved_motif,0.58313,0,
backbone,RAPCID_backbone_rapcid_backbone_230_model_6.cif.gz,/scratch/a2149a01/RAPCID_2610_output/backbone/RAPCID_backbone_rapcid_backbone_230_model_6.cif.gz,A,B,37,32,3.363,2.668,3.301,4,9,13,21,0.3824,125.17,chain1_E_chain2_F,1,0,1,3,1,3,0,4,0,1,11,17,1,0,1,1,1,1,1,0,0,pass_conserved_motif,0.65111,0,
backbone,RAPCID_backbone_rapcid_backbone_230_model_7.cif.gz,/scratch/a2149a01/RAPCID_2610_output/backbone/RAPCID_backbone_rapcid_backbone_230_model_7.cif.gz,A,B,37,32,13.651,3.226,3.137,3,6,7,17,0.2917,170.97,chain1_E_chain2_F,1,0,0,3,1,3,0,0,0,0,7,15,1,0,1,1,1,1,1,0,0,pass_conserved_motif,0.65106,0,
backbone,RAPCID_backbone_rapcid_backbone_231_model_0.cif.gz,/scratch/a2149a01/RAPCID_2610_output/backbone/RAPCID_backbone_rapcid_backbone_231_model_0.cif.gz,A,B,28,18,5.191,2.632,3.683,6,3,14,12,0.5385,141.14,chain1_E_chain2_F,1,0,0,2,1,2,0,0,0,0,10,9,1,0,1,1,1,1,1,0,0,pass_conserved_motif,0.6708,0,
backbone,RAPCID_backbone_rapcid_backbone_231_model_1.cif.gz,/scratch/a2149a01/RAPCID_2610_output/backbone/RAPCID_backbone_rapcid_backbone_231_model_1.cif.gz,A,B,28,18,3.315,1.742,3.335,7,4,17,15,0.5312,116.29,chain1_E_chain2_F,1,0,0,3,1,3,0,4,1,1,13,9,2,0,0,1,1,1,1,0,0,pass_no_clash;pass_conserved_motif,0.67275,0,
backbone,RAPCID_backbone_rapcid_backbone_231_model_2.cif.gz,/scratch/a2149a01/RAPCID_2610_output/backbone/RAPCID_backbone_rapcid_backbone_231_model_2.cif.gz,A,B,28,18,4.389,2.534,3.851,5,4,15,12,0.5556,145.3,chain1_E_chain2_F,1,0,0,3,1,3,0,0,0,0,13,9,1,0,1,1,1,1,1,0,0,pass_conserved_motif,0.70639,0,
backbone,RAPCID_backbone_rapcid_backbone_231_model_3.cif.gz,/scratch/a2149a01/RAPCID_2610_output/backbone/RAPCID_backbone_rapcid_backbone_231_model_3.cif.gz,A,B,28,18,8.322,2.552,3.67,5,5,9,15,0.375,142.86,chain1_E_chain2_F,1,0,0,3,1,3,0,0,0,0,10,9,2,0,1,1,1,1,1,0,0,pass_conserved_motif,0.67048,0,
backbone,RAPCID_backbone_rapcid_backbone_231_model_4.cif.gz,/scratch/a2149a01/RAPCID_2610_output/backbone/RAPCID_backbone_rapcid_backbone_231_model_4.cif.gz,A,B,28,18,2.865,2.481,3.558,8,4,22,12,0.6471,124.03,chain1_E_chain2_F,1,0,0,3,1,3,0,5,1,1,13,9,1,1,1,1,1,1,1,1,1,,0.65722,1,354
backbone,RAPCID_backbone_rapcid_backbone_231_model_5.cif.gz,/scratch/a2149a01/RAPCID_2610_output/backbone/RAPCID_backbone_rapcid_backbone_231_model_5.cif.gz,A,B,28,18,4.256,2.711,3.772,4,5,12,9,0.5714,145.42,chain1_E_chain2_F,1,0,0,3,1,3,0,0,0,0,10,9,1,0,1,1,1,1,1,0,0,pass_conserved_motif,0.70044,0,
backbone,RAPCID_backbone_rapcid_backbone_231_model_6.cif.gz,/scratch/a2149a01/RAPCID_2610_output/backbone/RAPCID_backbone_rapcid_backbone_231_model_6.cif.gz,A,B,28,18,3.864,2.265,3.158,7,4,16,10,0.6154,134.5,chain1_E_chain2_F,1,0,0,3,1,3,0,1,0,0,13,9,1,0,1,1,1,1,1,0,0,pass_conserved_motif,0.65146,0,
backbone,RAPCID_backbone_rapcid_backbone_231_model_7.cif.gz,/scratch/a2149a01/RAPCID_2610_output/backbone/RAPCID_backbone_rapcid_backbone_231_model_7.cif.gz,A,B,28,18,7.331,2.723,3.429,5,5,16,16,0.5,135.46,chain1_E_chain2_F,1,0,0,3,1,3,0,0,0,0,10,9,1,0,1,1,1,1,1,0,0,pass_conserved_motif,0.69582,0,
backbone,RAPCID_backbone_rapcid_backbone_232_model_0.cif.gz,/scratch/a2149a01/RAPCID_2610_output/backbone/RAPCID_backbone_rapcid_backbone_232_model_0.cif.gz,B,A,40,20,8.688,3.462,2.01,6,4,13,14,0.4815,161.87,chain1_F_chain2_E,0,2,2,0,2,2,1,0,0,0,12,8,0,1,1,1,1,1,1,0,0,pass_conserved_motif,0.7859,0,
backbone,RAPCID_backbone_rapcid_backbone_232_model_1.cif.gz,/scratch/a2149a01/RAPCID_2610_output/backbone/RAPCID_backbone_rapcid_backbone_232_model_1.cif.gz,B,A,40,20,3.307,2.953,2.81,6,4,14,16,0.4667,110.79,chain1_F_chain2_E,0,2,1,0,2,1,0,4,1,1,12,11,0,1,1,1,1,1,1,0,0,pass_conserved_motif,0.62502,0,
backbone,RAPCID_backbone_rapcid_backbone_232_model_2.cif.gz,/scratch/a2149a01/RAPCID_2610_output/backbone/RAPCID_backbone_rapcid_backbone_232_model_2.cif.gz,B,A,40,20,8.474,3.637,3.066,4,3,6,8,0.4286,126.61,chain1_F_chain2_E,0,2,1,0,2,1,0,0,0,0,8,9,0,1,1,1,1,1,1,0,0,pass_conserved_motif,0.60918,0,
backbone,RAPCID_backbone_rapcid_backbone_232_model_3.cif.gz,/scratch/a2149a01/RAPCID_2610_output/backbone/RAPCID_backbone_rapcid_backbone_232_model_3.cif.gz,B,A,40,20,11.434,3.9,3.736,4,1,8,1,0.8889,170.94,chain1_F_chain2_E,0,2,0,0,2,0,0,0,0,0,10,7,0,1,1,0,1,1,1,0,0,pass_dual_rap_contact;pass_conserved_motif,0.52178,0,
backbone,RAPCID_backbone_rapcid_backbone_232_model_4.cif.gz,/scratch/a2149a01/RAPCID_2610_output/backbone/RAPCID_backbone_rapcid_backbone_232_model_4.cif.gz,B,A,40,20,2.462,2.372,2.706,3,4,12,13,0.48,110.81,chain1_F_chain2_E,0,2,1,0,2,1,0,8,0,2,10,7,0,1,1,1,1,1,1,0,0,pass_conserved_motif,0.65041,0,
backbone,RAPCID_backbone_rapcid_backbone_232_model_5.cif.gz,/scratch/a2149a01/RAPCID_2610_output/backbone/RAPCID_backbone_rapcid_backbone_232_model_5.cif.gz,B,A,40,20,13.456,3.455,3.686,4,2,7,2,0.7778,139.99,chain1_F_chain2_E,0,2,0,0,2,0,0,0,0,0,8,6,0,1,1,0,1,1,1,0,0,pass_dual_rap_contact;pass_conserved_motif,0.54265,0,
backbone,RAPCID_backbone_rapcid_backbone_232_model_6.cif.gz,/scratch/a2149a01/RAPCID_2610_output/backbone/RAPCID_backbone_rapcid_backbone_232_model_6.cif.gz,B,A,40,20,9.695,3.014,3.36,4,2,12,6,0.6667,137.6,chain1_F_chain2_E,0,2,1,0,2,1,0,0,0,0,10,7,0,1,1,1,1,1,1,0,0,pass_conserved_motif,0.6077,0,
backbone,RAPCID_backbone_rapcid_backbone_232_model_7.cif.gz,/scratch/a2149a01/RAPCID_2610_output/backbone/RAPCID_backbone_rapcid_backbone_232_model_7.cif.gz,B,A,40,20,10.081,2.271,2.848,6,3,16,6,0.7273,142.53,chain1_F_chain2_E,0,3,1,0,3,1,0,0,0,0,11,6,0,1,1,1,1,1,1,0,0,pass_conserved_motif,0.62849,0,
backbone,RAPCID_backbone_rapcid_backbone_233_model_0.cif.gz,/scratch/a2149a01/RAPCID_2610_output/backbone/RAPCID_backbone_rapcid_backbone_233_model_0.cif.gz,B,A,41,26,3.077,3.246,2.649,8,6,18,13,0.5806,117.16,chain1_F_chain2_E,1,2,3,0,2,3,0,8,1,2,10,12,0,2,1,1,1,1,1,0,0,pass_conserved_motif,0.72115,0,
backbone,RAPCID_backbone_rapcid_backbone_233_model_1.cif.gz,/scratch/a2149a01/RAPCID_2610_output/backbone/RAPCID_backbone_rapcid_backbone_233_model_1.cif.gz,B,A,41,26,3.392,3.238,2.769,6,4,17,11,0.6071,128.87,chain1_F_chain2_E,0,3,1,0,3,1,0,6,0,0,14,9,0,1,1,1,1,1,1,0,0,pass_conserved_motif,0.66099,0,
backbone,RAPCID_backbone_rapcid_backbone_233_model_2.cif.gz,/scratch/a2149a01/RAPCID_2610_output/backbone/RAPCID_backbone_rapcid_backbone_233_model_2.cif.gz,B,A,41,26,2.727,3.408,1.895,4,4,11,16,0.4074,111.34,chain1_F_chain2_E,0,2,2,0,2,2,0,19,1,1,8,8,0,1,0,1,1,1,1,0,0,pass_no_clash;pass_conserved_motif,0.59671,0,
backbone,RAPCID_backbone_rapcid_backbone_233_model_3.cif.gz,/scratch/a2149a01/RAPCID_2610_output/backbone/RAPCID_backbone_rapcid_backbone_233_model_3.cif.gz,B,A,41,26,3.312,3.335,3.148,5,4,14,12,0.5385,124.84,chain1_F_chain2_E,1,3,1,0,3,1,0,6,0,0,12,10,0,1,1,1,1,1,1,0,0,pass_conserved_motif,0.67502,0,
backbone,RAPCID_backbone_rapcid_backbone_233_model_4.cif.gz,/scratch/a2149a01/RAPCID_2610_output/backbone/RAPCID_backbone_rapcid_backbone_233_model_4.cif.gz,B,A,41,26,3.457,3.436,3.144,6,5,13,11,0.5417,122.49,chain1_F_chain2_E,1,3,1,0,3,1,0,3,0,0,10,8,0,2,1,1,1,1,1,0,0,pass_conserved_motif,0.65094,0,
backbone,RAPCID_backbone_rapcid_backbone_233_model_5.cif.gz,/scratch/a2149a01/RAPCID_2610_output/backbone/RAPCID_backbone_rapcid_backbone_233_model_5.cif.gz,B,A,41,26,3.5,2.988,3.229,4,5,13,15,0.4643,121.72,chain1_F_chain2_E,0,2,1,0,2,1,0,3,0,0,8,10,0,1,1,1,1,1,1,0,0,pass_conserved_motif,0.62215,0,
backbone,RAPCID_backbone_rapcid_backbone_233_model_6.cif.gz,/scratch/a2149a01/RAPCID_2610_output/backbone/RAPCID_backbone_rapcid_backbone_233_model_6.cif.gz,B,A,41,26,3.377,2.955,2.592,5,5,11,13,0.4583,125.67,chain1_F_chain2_E,0,3,1,0,3,1,0,5,0,1,12,10,0,1,1,1,1,1,1,0,0,pass_conserved_motif,0.68818,0,
backbone,RAPCID_backbone_rapcid_backbone_233_model_7.cif.gz,/scratch/a2149a01/RAPCID_2610_output/backbone/RAPCID_backbone_rapcid_backbone_233_model_7.cif.gz,B,A,41,26,13.586,3.221,3.655,2,3,5,7,0.4167,144.56,chain1_F_chain2_E,0,2,2,0,2,2,0,0,0,0,8,8,0,1,1,1,1,1,1,0,0,pass_conserved_motif,0.69283,0,
backbone,RAPCID_backbone_rapcid_backbone_234_model_0.cif.gz,/scratch/a2149a01/RAPCID_2610_output/backbone/RAPCID_backbone_rapcid_backbone_234_model_0.cif.gz,B,A,45,29,3.11,3.291,2.916,6,7,20,25,0.4444,127.49,chain1_F_chain2_E,1,2,2,0,2,2,1,5,2,2,11,17,0,1,1,1,1,1,1,0,0,pass_conserved_motif,0.76726,0,
backbone,RAPCID_backbone_rapcid_backbone_234_model_1.cif.gz,/scratch/a2149a01/RAPCID_2610_output/backbone/RAPCID_backbone_rapcid_backbone_234_model_1.cif.gz,B,A,45,29,7.222,2.425,2.831,5,3,12,8,0.6,121.3,chain1_F_chain2_E,0,3,1,0,3,1,0,0,0,0,10,7,0,2,1,1,1,1,1,0,0,pass_conserved_motif,0.60861,0,
backbone,RAPCID_backbone_rapcid_backbone_234_model_2.cif.gz,/scratch/a2149a01/RAPCID_2610_output/backbone/RAPCID_backbone_rapcid_backbone_234_model_2.cif.gz,B,A,45,29,3.34,3.708,2.854,3,4,4,13,0.2353,131.77,chain1_F_chain2_E,0,1,1,0,1,1,0,3,0,0,9,13,0,1,1,1,1,1,1,0,0,pass_conserved_motif,0.53548,0,
backbone,RAPCID_backbone_rapcid_backbone_234_model_3.cif.gz,/scratch/a2149a01/RAPCID_2610_output/backbone/RAPCID_backbone_rapcid_backbone_234_model_3.cif.gz,B,A,45,29,2.87,2.7,2.776,6,2,16,7,0.6957,119.13,chain1_F_chain2_E,0,2,1,0,2,1,0,8,0,1,11,9,0,1,1,1,1,1,1,0,0,pass_conserved_motif,0.59123,0,
backbone,RAPCID_backbone_rapcid_backbone_234_model_4.cif.gz,/scratch/a2149a01/RAPCID_2610_output/backbone/RAPCID_backbone_rapcid_backbone_234_model_4.cif.gz,B,A,45,29,3.057,2.637,2.931,5,3,10,6,0.625,115.88,chain1_F_chain2_E,0,2,2,0,2,2,0,5,1,0,9,8,0,1,1,1,1,1,1,0,0,pass_conserved_motif,0.62221,0,
backbone,RAPCID_backbone_rapcid_backbone_234_model_5.cif.gz,/scratch/a2149a01/RAPCID_2610_output/backbone/RAPCID_backbone_rapcid_backbone_234_model_5.cif.gz,B,A,45,29,3.253,2.592,2.652,5,5,12,13,0.48,111.89,chain1_F_chain2_E,0,2,1,0,2,1,0,7,1,1,8,13,1,1,1,1,1,1,1,1,1,,0.64901,1,381
backbone,RAPCID_backbone_rapcid_backbone_234_model_6.cif.gz,/scratch/a2149a01/RAPCID_2610_output/backbone/RAPCID_backbone_rapcid_backbone_234_model_6.cif.gz,B,A,45,29,4.447,2.843,3.478,5,3,15,9,0.625,119.53,chain1_F_chain2_E,0,2,1,0,2,1,0,0,0,0,8,9,0,1,1,1,1,1,1,0,0,pass_conserved_motif,0.56415,0,
backbone,RAPCID_backbone_rapcid_backbone_234_model_7.cif.gz,/scratch/a2149a01/RAPCID_2610_output/backbone/RAPCID_backbone_rapcid_backbone_234_model_7.cif.gz,B,A,45,29,3.061,2.618,3.738,4,2,15,3,0.8333,146.7,chain1_F_chain2_E,0,2,1,0,2,1,0,8,1,0,10,10,1,1,1,0,1,1,1,1,0,pass_dual_rap_contact,0.62806,0,
backbone,RAPCID_backbone_rapcid_backbone_235_model_0.cif.gz,/scratch/a2149a01/RAPCID_2610_output/backbone/RAPCID_backbone_rapcid_backbone_235_model_0.cif.gz,B,A,41,35,3.378,3.464,2.78,5,4,13,8,0.619,157.18,chain1_F_chain2_E,0,3,1,0,3,1,0,7,0,0,15,10,0,1,1,1,1,1,1,0,0,pass_conserved_motif,0.75561,0,
backbone,RAPCID_backbone_rapcid_backbone_235_model_1.cif.gz,/scratch/a2149a01/RAPCID_2610_output/backbone/RAPCID_backbone_rapcid_backbone_235_model_1.cif.gz,B,A,41,35,3.752,3.143,2.87,4,3,10,14,0.4167,124.38,chain1_F_chain2_E,0,2,1,0,2,1,0,3,0,0,8,9,0,2,1,1,1,1,1,0,0,pass_conserved_motif,0.61198,0,
backbone,RAPCID_backbone_rapcid_backbone_235_model_2.cif.gz,/scratch/a2149a01/RAPCID_2610_output/backbone/RAPCID_backbone_rapcid_backbone_235_model_2.cif.gz,B,A,41,35,2.98,3.625,3.124,5,5,18,18,0.5,129.88,chain1_F_chain2_E,0,3,1,0,3,1,0,17,1,0,15,9,1,1,1,1,1,1,1,1,1,,0.68889,1,245
backbone,RAPCID_backbone_rapcid_backbone_235_model_3.cif.gz,/scratch/a2149a01/RAPCID_2610_output/backbone/RAPCID_backbone_rapcid_backbone_235_model_3.cif.gz,B,A,41,35,2.652,2.229,2.384,4,4,16,11,0.5926,108.55,chain1_F_chain2_E,1,2,1,0,2,1,0,13,0,0,8,10,1,1,1,1,1,1,1,1,1,,0.55552,1,589
backbone,RAPCID_backbone_rapcid_backbone_235_model_4.cif.gz,/scratch/a2149a01/RAPCID_2610_output/backbone/RAPCID_backbone_rapcid_backbone_235_model_4.cif.gz,B,A,41,35,3.561,3.21,2.565,10,4,24,12,0.6667,157.6,chain1_F_chain2_E,0,3,1,0,3,1,1,2,0,1,16,10,0,2,1,1,1,1,1,0,0,pass_conserved_motif,0.75819,0,
backbone,RAPCID_backbone_rapcid_backbone_235_model_5.cif.gz,/scratch/a2149a01/RAPCID_2610_output/backbone/RAPCID_backbone_rapcid_backbone_235_model_5.cif.gz,B,A,41,35,3.388,3.129,2.912,6,5,17,16,0.5152,150.75,chain1_F_chain2_E,0,3,1,0,3,1,0,2,0,0,16,10,0,2,1,1,1,1,1,0,0,pass_conserved_motif,0.75071,0,
backbone,RAPCID_backbone_rapcid_backbone_235_model_6.cif.gz,/scratch/a2149a01/RAPCID_2610_output/backbone/RAPCID_backbone_rapcid_backbone_235_model_6.cif.gz,B,A,41,35,10.166,3.538,2.652,6,4,21,11,0.6562,167.94,chain1_F_chain2_E,0,3,1,0,3,1,0,0,0,0,16,10,0,2,1,1,1,1,1,0,0,pass_conserved_motif,0.68199,0,
backbone,RAPCID_backbone_rapcid_backbone_235_model_7.cif.gz,/scratch/a2149a01/RAPCID_2610_output/backbone/RAPCID_backbone_rapcid_backbone_235_model_7.cif.gz,B,A,41,35,3.228,3.138,2.958,9,4,14,17,0.4516,110.2,chain1_F_chain2_E,0,3,1,0,3,1,0,9,1,1,18,10,0,1,1,1,1,1,1,0,0,pass_conserved_motif,0.66059,0,
backbone,RAPCID_backbone_rapcid_backbone_236_model_0.cif.gz,/scratch/a2149a01/RAPCID_2610_output/backbone/RAPCID_backbone_rapcid_backbone_236_model_0.cif.gz,A,B,30,25,8.089,2.671,3.33,6,6,21,14,0.6,142.9,chain1_E_chain2_F,1,0,0,3,1,3,0,0,0,0,15,14,1,0,1,1,1,1,1,0,0,pass_conserved_motif,0.68063,0,
backbone,RAPCID_backbone_rapcid_backbone_236_model_1.cif.gz,/scratch/a2149a01/RAPCID_2610_output/backbone/RAPCID_backbone_rapcid_backbone_236_model_1.cif.gz,A,B,30,25,11.228,3.106,3.438,5,5,15,15,0.5,160.25,chain1_E_chain2_F,2,0,0,3,2,3,0,0,0,0,10,16,1,0,1,1,1,1,1,0,0,pass_conserved_motif,0.79868,0,
backbone,RAPCID_backbone_rapcid_backbone_236_model_2.cif.gz,/scratch/a2149a01/RAPCID_2610_output/backbone/RAPCID_backbone_rapcid_backbone_236_model_2.cif.gz,A,B,30,25,10.839,2.935,3.604,3,5,11,17,0.3929,152.28,chain1_E_chain2_F,1,0,0,3,1,3,0,0,0,0,12,16,1,0,1,1,1,1,1,0,0,pass_conserved_motif,0.70903,0,
backbone,RAPCID_backbone_rapcid_backbone_236_model_3.cif.gz,/scratch/a2149a01/RAPCID_2610_output/backbone/RAPCID_backbone_rapcid_backbone_236_model_3.cif.gz,A,B,30,25,7.097,2.574,3.302,4,6,14,19,0.4242,154.45,chain1_E_chain2_F,1,0,0,3,1,3,0,0,0,0,11,16,1,0,1,1,1,1,1,0,0,pass_conserved_motif,0.72883,0,
backbone,RAPCID_backbone_rapcid_backbone_236_model_4.cif.gz,/scratch/a2149a01/RAPCID_2610_output/backbone/RAPCID_backbone_rapcid_backbone_236_model_4.cif.gz,A,B,30,25,13.506,2.772,3.772,3,5,8,12,0.4,167.9,chain1_E_chain2_F,1,0,0,3,1,3,0,0,0,0,8,16,1,0,1,1,1,1,1,0,0,pass_conserved_motif,0.70462,0,
backbone,RAPCID_backbone_rapcid_backbone_236_model_5.cif.gz,/scratch/a2149a01/RAPCID_2610_output/backbone/RAPCID_backbone_rapcid_backbone_236_model_5.cif.gz,A,B,30,25,6.516,2.557,3.317,8,5,31,20,0.6078,151.38,chain1_E_chain2_F,2,0,0,3,2,3,0,0,0,0,10,16,3,0,1,1,1,1,1,0,0,pass_conserved_motif,0.73432,0,
backbone,RAPCID_backbone_rapcid_backbone_236_model_6.cif.gz,/scratch/a2149a01/RAPCID_2610_output/backbone/RAPCID_backbone_rapcid_backbone_236_model_6.cif.gz,A,B,30,25,6.811,2.43,3.264,5,5,12,18,0.4,162.12,chain1_E_chain2_F,1,0,0,3,1,3,0,0,0,0,11,16,1,0,1,1,1,1,1,0,0,pass_conserved_motif,0.72387,0,
backbone,RAPCID_backbone_rapcid_backbone_236_model_7.cif.gz,/scratch/a2149a01/RAPCID_2610_output/backbone/RAPCID_backbone_rapcid_backbone_236_model_7.cif.gz,A,B,30,25,8.114,3.14,3.382,5,5,8,20,0.2857,157.39,chain1_E_chain2_F,1,0,0,3,1,3,0,0,0,0,10,16,2,0,1,1,1,1,1,0,0,pass_conserved_motif,0.68322,0,
backbone,RAPCID_backbone_rapcid_backbone_237_model_0.cif.gz,/scratch/a2149a01/RAPCID_2610_output/backbone/RAPCID_backbone_rapcid_backbone_237_model_0.cif.gz,A,B,35,31,3.01,2.658,2.946,7,4,16,11,0.5926,134.02,chain1_E_chain2_F,3,0,0,2,3,2,0,12,0,0,16,10,1,0,1,1,1,1,1,0,0,pass_conserved_motif,0.70257,0,
backbone,RAPCID_backbone_rapcid_backbone_237_model_1.cif.gz,/scratch/a2149a01/RAPCID_2610_output/backbone/RAPCID_backbone_rapcid_backbone_237_model_1.cif.gz,A,B,35,31,5.809,3.065,3.527,3,8,6,15,0.2857,129.57,chain1_E_chain2_F,1,0,1,3,1,3,0,0,0,0,9,17,1,0,1,1,1,1,1,0,0,pass_conserved_motif,0.59047,0,
backbone,RAPCID_backbone_rapcid_backbone_237_model_2.cif.gz,/scratch/a2149a01/RAPCID_2610_output/backbone/RAPCID_backbone_rapcid_backbone_237_model_2.cif.gz,A,B,35,31,3.916,2.687,2.766,3,4,7,15,0.3182,121.87,chain1_E_chain2_F,1,0,0,2,1,2,0,1,0,0,10,8,1,0,1,1,1,1,1,0,0,pass_conserved_motif,0.55422,0,
backbone,RAPCID_backbone_rapcid_backbone_237_model_3.cif.gz,/scratch/a2149a01/RAPCID_2610_output/backbone/RAPCID_backbone_rapcid_backbone_237_model_3.cif.gz,A,B,35,31,8.457,1.74,3.249,4,4,16,16,0.5,155.42,chain1_E_chain2_F,2,0,0,2,2,2,1,0,0,0,9,8,1,0,0,1,1,1,1,0,0,pass_no_clash;pass_conserved_motif,0.79091,0,
backbone,RAPCID_backbone_rapcid_backbone_237_model_4.cif.gz,/scratch/a2149a01/RAPCID_2610_output/backbone/RAPCID_backbone_rapcid_backbone_237_model_4.cif.gz,A,B,35,31,2.868,3.221,3.112,2,5,8,17,0.32,150.38,chain1_E_chain2_F,1,0,0,2,1,2,1,9,0,0,8,10,1,0,1,1,1,1,1,0,0,pass_conserved_motif,0.70854,0,
backbone,RAPCID_backbone_rapcid_backbone_237_model_5.cif.gz,/scratch/a2149a01/RAPCID_2610_output/backbone/RAPCID_backbone_rapcid_backbone_237_model_5.cif.gz,A,B,35,31,3.402,3.149,2.415,3,5,7,18,0.28,118.37,chain1_E_chain2_F,1,0,0,2,1,2,0,6,0,1,10,8,1,0,1,1,1,1,1,0,0,pass_conserved_motif,0.56896,0,
backbone,RAPCID_backbone_rapcid_backbone_237_model_6.cif.gz,/scratch/a2149a01/RAPCID_2610_output/backbone/RAPCID_backbone_rapcid_backbone_237_model_6.cif.gz,A,B,35,31,5.178,3.343,3.301,4,6,16,14,0.5333,134.03,chain1_E_chain2_F,2,0,0,3,2,3,1,0,0,0,10,12,3,0,1,1,1,1,1,0,0,pass_conserved_motif,0.73486,0,
backbone,RAPCID_backbone_rapcid_backbone_237_model_7.cif.gz,/scratch/a2149a01/RAPCID_2610_output/backbone/RAPCID_backbone_rapcid_backbone_237_model_7.cif.gz,A,B,35,31,2.434,2.477,3.782,4,7,9,14,0.3913,121.63,chain1_E_chain2_F,1,0,0,3,1,3,0,16,0,0,13,14,1,0,1,1,1,1,1,0,0,pass_conserved_motif,0.60623,0,
backbone,RAPCID_backbone_rapcid_backbone_238_model_0.cif.gz,/scratch/a2149a01/RAPCID_2610_output/backbone/RAPCID_backbone_rapcid_backbone_238_model_0.cif.gz,B,A,17,15,10.138,3.226,1.794,5,4,13,13,0.5,153.28,chain1_F_chain2_E,0,3,2,0,3,2,1,0,0,0,13,7,0,2,0,1,1,1,1,0,0,pass_no_clash;pass_conserved_motif,0.81237,0,
backbone,RAPCID_backbone_rapcid_backbone_238_model_1.cif.gz,/scratch/a2149a01/RAPCID_2610_output/backbone/RAPCID_backbone_rapcid_backbone_238_model_1.cif.gz,B,A,17,15,11.346,3.36,2.542,5,5,16,13,0.5517,125.15,chain1_F_chain2_E,0,3,2,0,3,2,0,0,0,0,13,7,0,1,1,1,1,1,1,0,0,pass_conserved_motif,0.66932,0,
backbone,RAPCID_backbone_rapcid_backbone_238_model_2.cif.gz,/scratch/a2149a01/RAPCID_2610_output/backbone/RAPCID_backbone_rapcid_backbone_238_model_2.cif.gz,B,A,17,15,9.417,3.032,2.331,6,4,17,13,0.5667,157.46,chain1_F_chain2_E,0,3,1,0,3,1,1,0,0,0,14,7,1,1,1,1,1,1,1,1,1,,0.77106,1,30
backbone,RAPCID_backbone_rapcid_backbone_238_model_3.cif.gz,/scratch/a2149a01/RAPCID_2610_output/backbone/RAPCID_backbone_rapcid_backbone_238_model_3.cif.gz,B,A,17,15,13.129,3.392,3.464,4,2,12,5,0.7059,170.76,chain1_F_chain2_E,0,2,1,0,2,1,0,0,0,0,14,7,0,1,1,1,1,1,1,0,0,pass_conserved_motif,0.62417,0,
backbone,RAPCID_backbone_rapcid_backbone_238_model_4.cif.gz,/scratch/a2149a01/RAPCID_2610_output/backbone/RAPCID_backbone_rapcid_backbone_238_model_4.cif.gz,B,A,17,15,8.997,3.311,1.93,5,4,17,14,0.5484,154.57,chain1_F_chain2_E,0,3,2,0,3,2,1,0,0,0,14,7,0,1,0,1,1,1,1,0,0,pass_no_clash;pass_conserved_motif,0.79731,0,
backbone,RAPCID_backbone_rapcid_backbone_238_model_5.cif.gz,/scratch/a2149a01/RAPCID_2610_output/backbone/RAPCID_backbone_rapcid_backbone_238_model_5.cif.gz,B,A,17,15,10.257,3.286,2.824,6,2,20,6,0.7692,144.35,chain1_F_chain2_E,0,3,0,0,3,0,0,0,0,0,13,6,0,1,1,1,1,1,1,0,0,pass_conserved_motif,0.58919,0,
backbone,RAPCID_backbone_rapcid_backbone_238_model_6.cif.gz,/scratch/a2149a01/RAPCID_2610_output/backbone/RAPCID_backbone_rapcid_backbone_238_model_6.cif.gz,B,A,17,15,9.342,3.626,1.953,5,4,13,15,0.4643,153.3,chain1_F_chain2_E,0,3,2,0,3,2,1,0,0,0,13,7,0,1,0,1,1,1,1,0,0,pass_no_clash;pass_conserved_motif,0.79814,0,
backbone,RAPCID_backbone_rapcid_backbone_238_model_7.cif.gz,/scratch/a2149a01/RAPCID_2610_output/backbone/RAPCID_backbone_rapcid_backbone_238_model_7.cif.gz,B,A,17,15,6.008,3.712,2.208,5,4,15,14,0.5172,138.96,chain1_F_chain2_E,0,3,2,0,3,2,1,0,0,0,13,7,0,1,1,1,1,1,1,0,0,pass_conserved_motif,0.75774,0,
backbone,RAPCID_backbone_rapcid_backbone_239_model_0.cif.gz,/scratch/a2149a01/RAPCID_2610_output/backbone/RAPCID_backbone_rapcid_backbone_239_model_0.cif.gz,A,B,38,21,9.368,2.823,2.612,6,5,15,18,0.4545,159.44,chain1_E_chain2_F,2,0,0,3,2,3,0,0,0,0,9,16,1,2,1,1,1,1,1,1,1,,0.78322,1,18
backbone,RAPCID_backbone_rapcid_backbone_239_model_1.cif.gz,/scratch/a2149a01/RAPCID_2610_output/backbone/RAPCID_backbone_rapcid_backbone_239_model_1.cif.gz,A,B,38,21,3.423,2.254,3.469,6,6,15,19,0.4412,147.73,chain1_E_chain2_F,1,0,0,3,1,3,0,2,0,0,12,16,2,1,1,1,1,1,1,1,1,,0.72318,1,129
backbone,RAPCID_backbone_rapcid_backbone_239_model_2.cif.gz,/scratch/a2149a01/RAPCID_2610_output/backbone/RAPCID_backbone_rapcid_backbone_239_model_2.cif.gz,A,B,38,21,5.766,2.293,3.276,5,6,19,13,0.5938,163.25,chain1_E_chain2_F,1,0,0,3,1,3,0,0,0,0,10,15,2,0,1,1,1,1,1,0,0,pass_conserved_motif,0.72262,0,
backbone,RAPCID_backbone_rapcid_backbone_239_model_3.cif.gz,/scratch/a2149a01/RAPCID_2610_output/backbone/RAPCID_backbone_rapcid_backbone_239_model_3.cif.gz,A,B,38,21,5.883,2.717,3.404,5,5,16,18,0.4706,159.29,chain1_E_chain2_F,1,0,0,3,1,3,0,0,0,0,10,15,1,0,1,1,1,1,1,0,0,pass_conserved_motif,0.76154,0,
backbone,RAPCID_backbone_rapcid_backbone_239_model_4.cif.gz,/scratch/a2149a01/RAPCID_2610_output/backbone/RAPCID_backbone_rapcid_backbone_239_model_4.cif.gz,A,B,38,21,11.94,3.015,3.189,4,6,10,19,0.3448,176.41,chain1_E_chain2_F,1,0,0,3,1,3,0,0,0,0,10,16,1,0,1,1,1,1,1,0,0,pass_conserved_motif,0.65418,0,
backbone,RAPCID_backbone_rapcid_backbone_239_model_5.cif.gz,/scratch/a2149a01/RAPCID_2610_output/backbone/RAPCID_backbone_rapcid_backbone_239_model_5.cif.gz,A,B,38,21,9.502,3.301,2.993,4,6,6,18,0.25,159.8,chain1_E_chain2_F,1,0,0,3,1,3,0,0,0,0,12,16,1,0,1,1,1,1,1,0,0,pass_conserved_motif,0.67162,0,
backbone,RAPCID_backbone_rapcid_backbone_239_model_6.cif.gz,/scratch/a2149a01/RAPCID_2610_output/backbone/RAPCID_backbone_rapcid_backbone_239_model_6.cif.gz,A,B,38,21,9.96,2.991,3.306,3,5,7,19,0.2692,157.93,chain1_E_chain2_F,1,0,0,3,1,3,0,0,0,0,9,17,2,0,1,1,1,1,1,0,0,pass_conserved_motif,0.67842,0,
backbone,RAPCID_backbone_rapcid_backbone_239_model_7.cif.gz,/scratch/a2149a01/RAPCID_2610_output/backbone/RAPCID_backbone_rapcid_backbone_239_model_7.cif.gz,A,B,38,21,3.676,2.176,3.092,6,6,16,21,0.4324,152.36,chain1_E_chain2_F,1,0,0,3,1,3,0,2,0,0,12,16,1,1,1,1,1,1,1,1,1,,0.73513,1,100
backbone,RAPCID_backbone_rapcid_backbone_23_model_0.cif.gz,/scratch/a2149a01/RAPCID_2610_output/backbone/RAPCID_backbone_rapcid_backbone_23_model_0.cif.gz,B,A,45,33,2.731,2.924,2.955,5,4,19,10,0.6552,147.0,chain1_F_chain2_E,0,3,0,0,3,0,0,1,0,0,18,10,0,1,1,1,1,1,1,0,0,pass_conserved_motif,0.64864,0,
backbone,RAPCID_backbone_rapcid_backbone_23_model_1.cif.gz,/scratch/a2149a01/RAPCID_2610_output/backbone/RAPCID_backbone_rapcid_backbone_23_model_1.cif.gz,B,A,45,33,2.4,3.291,2.589,6,4,23,16,0.5897,129.59,chain1_F_chain2_E,0,3,1,0,3,1,0,11,1,0,17,8,1,2,1,1,1,1,1,1,1,,0.68202,1,264
backbone,RAPCID_backbone_rapcid_backbone_23_model_2.cif.gz,/scratch/a2149a01/RAPCID_2610_output/backbone/RAPCID_backbone_rapcid_backbone_23_model_2.cif.gz,B,A,45,33,3.004,3.444,2.792,7,4,14,17,0.4516,115.18,chain1_F_chain2_E,1,2,1,0,2,1,0,18,1,1,14,10,0,2,1,1,1,1,1,0,0,pass_conserved_motif,0.60363,0,
backbone,RAPCID_backbone_rapcid_backbone_23_model_3.cif.gz,/scratch/a2149a01/RAPCID_2610_output/backbone/RAPCID_backbone_rapcid_backbone_23_model_3.cif.gz,B,A,45,33,8.789,3.464,2.984,5,4,14,10,0.5833,149.47,chain1_F_chain2_E,0,3,1,0,3,1,0,0,0,0,16,10,0,1,1,1,1,1,1,0,0,pass_conserved_motif,0.7092,0,
backbone,RAPCID_backbone_rapcid_backbone_23_model_4.cif.gz,/scratch/a2149a01/RAPCID_2610_output/backbone/RAPCID_backbone_rapcid_backbone_23_model_4.cif.gz,B,A,45,33,2.633,2.637,3.075,8,3,24,8,0.75,102.51,chain1_F_chain2_E,1,2,1,0,2,1,0,12,0,1,10,9,2,1,1,1,1,1,1,1,1,,0.49407,1,666
backbone,RAPCID_backbone_rapcid_backbone_23_model_5.cif.gz,/scratch/a2149a01/RAPCID_2610_output/backbone/RAPCID_backbone_rapcid_backbone_23_model_5.cif.gz,B,A,45,33,3.189,3.237,2.963,6,3,11,11,0.5,121.14,chain1_F_chain2_E,0,3,1,0,3,1,0,10,0,1,13,9,0,1,1,1,1,1,1,0,0,pass_conserved_motif,0.69476,0,
backbone,RAPCID_backbone_rapcid_backbone_23_model_6.cif.gz,/scratch/a2149a01/RAPCID_2610_output/backbone/RAPCID_backbone_rapcid_backbone_23_model_6.cif.gz,B,A,45,33,3.578,3.403,3.23,6,4,17,7,0.7083,166.14,chain1_F_chain2_E,0,3,1,0,3,1,0,3,0,0,15,10,0,1,1,1,1,1,1,0,0,pass_conserved_motif,0.68214,0,
backbone,RAPCID_backbone_rapcid_backbone_23_model_7.cif.gz,/scratch/a2149a01/RAPCID_2610_output/backbone/RAPCID_backbone_rapcid_backbone_23_model_7.cif.gz,B,A,45,33,3.063,3.443,2.713,5,3,9,6,0.6,141.69,chain1_F_chain2_E,0,2,1,0,2,1,0,6,0,0,10,9,0,1,1,1,1,1,1,0,0,pass_conserved_motif,0.67801,0,
backbone,RAPCID_backbone_rapcid_backbone_240_model_0.cif.gz,/scratch/a2149a01/RAPCID_2610_output/backbone/RAPCID_backbone_rapcid_backbone_240_model_0.cif.gz,B,A,36,33,11.383,3.376,2.799,6,2,22,9,0.7097,156.04,chain1_F_chain2_E,0,3,1,0,3,1,0,0,0,0,15,8,1,2,1,1,1,1,1,1,1,,0.68055,1,268
backbone,RAPCID_backbone_rapcid_backbone_240_model_1.cif.gz,/scratch/a2149a01/RAPCID_2610_output/backbone/RAPCID_backbone_rapcid_backbone_240_model_1.cif.gz,B,A,36,33,9.165,3.722,2.966,5,3,10,9,0.5263,155.26,chain1_F_chain2_E,0,3,1,0,3,1,0,0,0,0,14,10,0,2,1,1,1,1,1,0,0,pass_conserved_motif,0.7513,0,
backbone,RAPCID_backbone_rapcid_backbone_240_model_2.cif.gz,/scratch/a2149a01/RAPCID_2610_output/backbone/RAPCID_backbone_rapcid_backbone_240_model_2.cif.gz,B,A,36,33,5.693,2.895,2.318,5,6,22,19,0.5366,144.5,chain1_F_chain2_E,0,3,2,0,3,2,0,0,0,0,15,10,0,1,1,1,1,1,1,0,0,pass_conserved_motif,0.73988,0,
backbone,RAPCID_backbone_rapcid_backbone_240_model_3.cif.gz,/scratch/a2149a01/RAPCID_2610_output/backbone/RAPCID_backbone_rapcid_backbone_240_model_3.cif.gz,B,A,36,33,10.523,3.315,3.071,6,3,21,7,0.75,157.34,chain1_F_chain2_E,0,3,1,0,3,1,0,0,0,0,15,10,0,2,1,1,1,1,1,0,0,pass_conserved_motif,0.66876,0,
backbone,RAPCID_backbone_rapcid_backbone_240_model_4.cif.gz,/scratch/a2149a01/RAPCID_2610_output/backbone/RAPCID_backbone_rapcid_backbone_240_model_4.cif.gz,B,A,36,33,7.808,3.63,2.331,4,6,11,15,0.4231,159.73,chain1_F_chain2_E,0,2,1,0,2,1,0,0,0,0,15,13,0,1,1,1,1,1,1,0,0,pass_conserved_motif,0.71251,0,
backbone,RAPCID_backbone_rapcid_backbone_240_model_5.cif.gz,/scratch/a2149a01/RAPCID_2610_output/backbone/RAPCID_backbone_rapcid_backbone_240_model_5.cif.gz,B,A,36,33,10.948,3.545,2.789,5,6,17,15,0.5312,156.34,chain1_F_chain2_E,0,3,2,0,3,2,0,0,0,0,15,9,1,1,1,1,1,1,1,1,1,,0.7815,1,21
backbone,RAPCID_backbone_rapcid_backbone_240_model_6.cif.gz,/scratch/a2149a01/RAPCID_2610_output/backbone/RAPCID_backbone_rapcid_backbone_240_model_6.cif.gz,B,A,36,33,10.682,3.584,2.811,6,3,14,13,0.5185,151.58,chain1_F_chain2_E,0,3,1,0,3,1,0,0,0,0,15,10,0,1,1,1,1,1,1,0,0,pass_conserved_motif,0.74215,0,
backbone,RAPCID_backbone_rapcid_backbone_240_model_7.cif.gz,/scratch/a2149a01/RAPCID_2610_output/backbone/RAPCID_backbone_rapcid_backbone_240_model_7.cif.gz,B,A,36,33,9.846,3.463,2.773,5,3,15,8,0.6522,156.27,chain1_F_chain2_E,0,3,1,0,3,1,0,0,0,0,15,10,0,1,1,1,1,1,1,0,0,pass_conserved_motif,0.70431,0,
backbone,RAPCID_backbone_rapcid_backbone_241_model_0.cif.gz,/scratch/a2149a01/RAPCID_2610_output/backbone/RAPCID_backbone_rapcid_backbone_241_model_0.cif.gz,B,A,31,22,3.602,3.162,2.857,5,6,18,15,0.5455,137.15,chain1_F_chain2_E,0,3,1,0,3,1,0,2,1,1,15,14,0,1,1,1,1,1,1,0,0,pass_conserved_motif,0.72659,0,
backbone,RAPCID_backbone_rapcid_backbone_241_model_1.cif.gz,/scratch/a2149a01/RAPCID_2610_output/backbone/RAPCID_backbone_rapcid_backbone_241_model_1.cif.gz,B,A,31,22,9.049,3.563,2.974,5,4,22,11,0.6667,161.41,chain1_F_chain2_E,0,3,1,0,3,1,0,0,0,0,15,9,1,1,1,1,1,1,1,1,1,,0.69958,1,200
backbone,RAPCID_backbone_rapcid_backbone_241_model_2.cif.gz,/scratch/a2149a01/RAPCID_2610_output/backbone/RAPCID_backbone_rapcid_backbone_241_model_2.cif.gz,B,A,31,22,2.886,3.528,2.588,5,7,17,11,0.6071,128.85,chain1_F_chain2_E,0,3,1,0,3,1,0,5,1,0,14,11,0,1,1,1,1,1,1,0,0,pass_conserved_motif,0.67258,0,
backbone,RAPCID_backbone_rapcid_backbone_241_model_3.cif.gz,/scratch/a2149a01/RAPCID_2610_output/backbone/RAPCID_backbone_rapcid_backbone_241_model_3.cif.gz,B,A,31,22,6.533,3.361,3.071,5,4,19,12,0.6129,155.18,chain1_F_chain2_E,0,3,1,0,3,1,0,0,0,0,15,10,1,1,1,1,1,1,1,1,1,,0.71641,1,147
backbone,RAPCID_backbone_rapcid_backbone_241_model_4.cif.gz,/scratch/a2149a01/RAPCID_2610_output/backbone/RAPCID_backbone_rapcid_backbone_241_model_4.cif.gz,B,A,31,22,3.471,3.686,2.324,5,8,14,18,0.4375,128.49,chain1_F_chain2_E,0,3,1,0,3,1,0,3,1,1,15,13,0,2,1,1,1,1,1,0,0,pass_conserved_motif,0.69592,0,
backbone,RAPCID_backbone_rapcid_backbone_241_model_5.cif.gz,/scratch/a2149a01/RAPCID_2610_output/backbone/RAPCID_backbone_rapcid_backbone_241_model_5.cif.gz,B,A,31,22,3.327,3.54,3.035,6,5,20,12,0.625,159.13,chain1_F_chain2_E,0,3,1,0,3,1,0,2,1,0,15,11,0,1,1,1,1,1,1,0,0,pass_conserved_motif,0.75053,0,
backbone,RAPCID_backbone_rapcid_backbone_241_model_6.cif.gz,/scratch/a2149a01/RAPCID_2610_output/backbone/RAPCID_backbone_rapcid_backbone_241_model_6.cif.gz,B,A,31,22,9.949,3.442,2.784,5,3,13,9,0.5909,155.67,chain1_F_chain2_E,0,3,1,0,3,1,0,0,0,0,14,10,0,1,1,1,1,1,1,0,0,pass_conserved_motif,0.72683,0,
backbone,RAPCID_backbone_rapcid_backbone_241_model_7.cif.gz,/scratch/a2149a01/RAPCID_2610_output/backbone/RAPCID_backbone_rapcid_backbone_241_model_7.cif.gz,B,A,31,22,5.919,3.486,2.786,5,6,16,17,0.4848,150.56,chain1_F_chain2_E,0,3,1,0,3,1,0,0,0,0,15,12,0,1,1,1,1,1,1,0,0,pass_conserved_motif,0.7401,0,
backbone,RAPCID_backbone_rapcid_backbone_242_model_0.cif.gz,/scratch/a2149a01/RAPCID_2610_output/backbone/RAPCID_backbone_rapcid_backbone_242_model_0.cif.gz,A,B,31,30,2.514,2.903,3.014,4,5,13,13,0.5,114.07,chain1_E_chain2_F,1,0,1,2,1,2,0,6,2,1,14,10,1,1,1,1,1,1,1,1,1,,0.67596,1,283
backbone,RAPCID_backbone_rapcid_backbone_242_model_1.cif.gz,/scratch/a2149a01/RAPCID_2610_output/backbone/RAPCID_backbone_rapcid_backbone_242_model_1.cif.gz,A,B,31,30,9.051,2.785,3.478,3,5,7,12,0.3684,163.43,chain1_E_chain2_F,1,0,0,3,1,3,0,0,0,0,9,16,1,0,1,1,1,1,1,0,0,pass_conserved_motif,0.70688,0,
backbone,RAPCID_backbone_rapcid_backbone_242_model_2.cif.gz,/scratch/a2149a01/RAPCID_2610_output/backbone/RAPCID_backbone_rapcid_backbone_242_model_2.cif.gz,A,B,31,30,3.454,2.747,3.292,5,5,16,12,0.5714,130.62,chain1_E_chain2_F,2,0,0,2,2,2,0,7,1,1,9,10,1,0,1,1,1,1,1,0,0,pass_conserved_motif,0.71945,0,
backbone,RAPCID_backbone_rapcid_backbone_242_model_3.cif.gz,/scratch/a2149a01/RAPCID_2610_output/backbone/RAPCID_backbone_rapcid_backbone_242_model_3.cif.gz,A,B,31,30,3.378,2.99,3.706,3,3,20,7,0.7407,127.35,chain1_E_chain2_F,2,0,0,2,2,2,1,2,0,0,11,12,2,0,1,1,1,1,1,0,0,pass_conserved_motif,0.61107,0,
backbone,RAPCID_backbone_rapcid_backbone_242_model_4.cif.gz,/scratch/a2149a01/RAPCID_2610_output/backbone/RAPCID_backbone_rapcid_backbone_242_model_4.cif.gz,A,B,31,30,3.356,3.199,3.272,3,8,12,15,0.4444,122.97,chain1_E_chain2_F,2,0,1,3,2,3,0,5,2,0,8,15,1,0,1,1,1,1,1,0,0,pass_conserved_motif,0.71885,0,
backbone,RAPCID_backbone_rapcid_backbone_242_model_5.cif.gz,/scratch/a2149a01/RAPCID_2610_output/backbone/RAPCID_backbone_rapcid_backbone_242_model_5.cif.gz,A,B,31,30,10.728,2.992,3.282,3,4,10,12,0.4545,148.47,chain1_E_chain2_F,2,0,0,3,2,3,0,0,0,0,10,12,1,1,1,1,1,1,1,1,1,,0.74959,1,64
backbone,RAPCID_backbone_rapcid_backbone_242_model_6.cif.gz,/scratch/a2149a01/RAPCID_2610_output/backbone/RAPCID_backbone_rapcid_backbone_242_model_6.cif.gz,A,B,31,30,3.231,3.386,2.844,3,5,8,14,0.3636,129.36,chain1_E_chain2_F,1,0,0,2,1,2,0,1,0,0,11,8,1,0,1,1,1,1,1,0,0,pass_conserved_motif,0.59737,0,
backbone,RAPCID_backbone_rapcid_backbone_242_model_7.cif.gz,/scratch/a2149a01/RAPCID_2610_output/backbone/RAPCID_backbone_rapcid_backbone_242_model_7.cif.gz,A,B,31,30,2.686,2.458,3.131,3,6,11,18,0.3793,125.92,chain1_E_chain2_F,3,0,1,3,3,3,1,2,1,1,10,12,2,1,1,1,1,1,1,1,1,,0.74478,1,74
backbone,RAPCID_backbone_rapcid_backbone_243_model_0.cif.gz,/scratch/a2149a01/RAPCID_2610_output/backbone/RAPCID_backbone_rapcid_backbone_243_model_0.cif.gz,A,B,39,37,5.069,2.02,2.81,8,9,17,19,0.4722,143.51,chain1_E_chain2_F,1,0,0,3,1,3,0,0,0,0,15,23,1,0,1,1,1,1,1,0,0,pass_conserved_motif,0.71155,0,
backbone,RAPCID_backbone_rapcid_backbone_243_model_1.cif.gz,/scratch/a2149a01/RAPCID_2610_output/backbone/RAPCID_backbone_rapcid_backbone_243_model_1.cif.gz,A,B,39,37,3.02,2.996,3.61,4,7,9,13,0.4091,116.21,chain1_E_chain2_F,1,0,0,3,1,3,0,10,0,1,11,12,1,0,1,1,1,1,1,0,0,pass_conserved_motif,0.64196,0,
backbone,RAPCID_backbone_rapcid_backbone_243_model_2.cif.gz,/scratch/a2149a01/RAPCID_2610_output/backbone/RAPCID_backbone_rapcid_backbone_243_model_2.cif.gz,A,B,39,37,3.087,3.054,2.459,4,6,7,25,0.2188,131.53,chain1_E_chain2_F,2,0,1,2,2,2,1,6,1,0,9,9,3,0,1,1,1,1,1,0,0,pass_conserved_motif,0.64546,0,
backbone,RAPCID_backbone_rapcid_backbone_243_model_3.cif.gz,/scratch/a2149a01/RAPCID_2610_output/backbone/RAPCID_backbone_rapcid_backbone_243_model_3.cif.gz,A,B,39,37,3.016,2.928,2.712,5,5,16,19,0.4571,120.92,chain1_E_chain2_F,1,0,1,2,1,2,0,13,1,0,11,9,1,0,1,1,1,1,1,0,0,pass_conserved_motif,0.63332,0,
backbone,RAPCID_backbone_rapcid_backbone_243_model_4.cif.gz,/scratch/a2149a01/RAPCID_2610_output/backbone/RAPCID_backbone_rapcid_backbone_243_model_4.cif.gz,A,B,39,37,3.674,3.067,3.212,3,6,8,14,0.3636,114.55,chain1_E_chain2_F,1,0,1,3,1,3,0,1,0,0,8,15,1,0,1,1,1,1,1,0,0,pass_conserved_motif,0.57658,0,
backbone,RAPCID_backbone_rapcid_backbone_243_model_5.cif.gz,/scratch/a2149a01/RAPCID_2610_output/backbone/RAPCID_backbone_rapcid_backbone_243_model_5.cif.gz,A,B,39,37,3.082,2.487,2.664,4,3,13,14,0.4815,110.86,chain1_E_chain2_F,1,0,0,2,1,2,0,3,1,1,13,8,2,0,1,1,1,1,1,0,0,pass_conserved_motif,0.62616,0,
backbone,RAPCID_backbone_rapcid_backbone_243_model_6.cif.gz,/scratch/a2149a01/RAPCID_2610_output/backbone/RAPCID_backbone_rapcid_backbone_243_model_6.cif.gz,A,B,39,37,2.757,2.75,3.49,4,5,22,9,0.7097,110.23,chain1_E_chain2_F,2,0,1,2,2,2,1,8,2,1,11,9,2,0,1,1,1,1,1,0,0,pass_conserved_motif,0.64643,0,
backbone,RAPCID_backbone_rapcid_backbone_243_model_7.cif.gz,/scratch/a2149a01/RAPCID_2610_output/backbone/RAPCID_backbone_rapcid_backbone_243_model_7.cif.gz,A,B,39,37,3.072,3.344,3.496,4,5,12,12,0.5,136.17,chain1_E_chain2_F,1,0,0,3,1,3,0,5,0,0,11,12,1,0,1,1,1,1,1,0,0,pass_conserved_motif,0.72318,0,
backbone,RAPCID_backbone_rapcid_backbone_244_model_0.cif.gz,/scratch/a2149a01/RAPCID_2610_output/backbone/RAPCID_backbone_rapcid_backbone_244_model_0.cif.gz,B,A,33,28,3.902,3.12,2.878,5,5,10,12,0.4545,137.71,chain1_F_chain2_E,0,2,2,0,2,2,0,1,0,0,12,14,0,1,1,1,1,1,1,0,0,pass_conserved_motif,0.69013,0,
backbone,RAPCID_backbone_rapcid_backbone_244_model_1.cif.gz,/scratch/a2149a01/RAPCID_2610_output/backbone/RAPCID_backbone_rapcid_backbone_244_model_1.cif.gz,B,A,33,28,3.462,2.939,2.305,5,5,14,18,0.4375,122.63,chain1_F_chain2_E,0,2,1,0,2,1,0,6,0,0,9,9,0,1,1,1,1,1,1,0,0,pass_conserved_motif,0.62949,0,
backbone,RAPCID_backbone_rapcid_backbone_244_model_2.cif.gz,/scratch/a2149a01/RAPCID_2610_output/backbone/RAPCID_backbone_rapcid_backbone_244_model_2.cif.gz,B,A,33,28,2.681,3.798,2.309,3,5,5,12,0.2941,126.81,chain1_F_chain2_E,0,1,1,0,1,1,0,20,0,0,8,8,0,1,1,1,1,1,1,0,0,pass_conserved_motif,0.50748,0,
backbone,RAPCID_backbone_rapcid_backbone_244_model_3.cif.gz,/scratch/a2149a01/RAPCID_2610_output/backbone/RAPCID_backbone_rapcid_backbone_244_model_3.cif.gz,B,A,33,28,3.2,3.127,2.701,4,3,10,13,0.4348,135.05,chain1_F_chain2_E,0,2,2,0,2,2,1,6,1,0,9,10,0,1,1,1,1,1,1,0,0,pass_conserved_motif,0.7436,0,
backbone,RAPCID_backbone_rapcid_backbone_244_model_4.cif.gz,/scratch/a2149a01/RAPCID_2610_output/backbone/RAPCID_backbone_rapcid_backbone_244_model_4.cif.gz,B,A,33,28,3.924,2.74,3.024,4,4,15,10,0.6,132.34,chain1_F_chain2_E,0,2,1,0,2,1,0,4,1,0,9,10,1,1,1,1,1,1,1,1,1,,0.6535,1,366
backbone,RAPCID_backbone_rapcid_backbone_244_model_5.cif.gz,/scratch/a2149a01/RAPCID_2610_output/backbone/RAPCID_backbone_rapcid_backbone_244_model_5.cif.gz,B,A,33,28,3.527,3.402,2.613,6,5,17,21,0.4474,121.08,chain1_F_chain2_E,1,3,1,0,3,1,0,9,1,0,12,10,0,1,1,1,1,1,1,0,0,pass_conserved_motif,0.67851,0,
backbone,RAPCID_backbone_rapcid_backbone_244_model_6.cif.gz,/scratch/a2149a01/RAPCID_2610_output/backbone/RAPCID_backbone_rapcid_backbone_244_model_6.cif.gz,B,A,33,28,2.516,4.064,2.456,4,6,7,17,0.2917,115.03,chain1_F_chain2_E,0,3,2,0,3,2,0,6,0,0,9,10,0,1,1,1,1,1,1,0,0,pass_conserved_motif,0.60296,0,
backbone,RAPCID_backbone_rapcid_backbone_244_model_7.cif.gz,/scratch/a2149a01/RAPCID_2610_output/backbone/RAPCID_backbone_rapcid_backbone_244_model_7.cif.gz,B,A,33,28,2.906,2.687,2.331,5,4,16,13,0.5517,115.02,chain1_F_chain2_E,0,2,1,0,2,1,0,8,1,1,8,9,0,1,1,1,1,1,1,0,0,pass_conserved_motif,0.65176,0,
backbone,RAPCID_backbone_rapcid_backbone_245_model_0.cif.gz,/scratch/a2149a01/RAPCID_2610_output/backbone/RAPCID_backbone_rapcid_backbone_245_model_0.cif.gz,A,B,31,18,2.708,2.609,2.894,6,5,18,12,0.6,164.43,chain1_E_chain2_F,2,0,0,3,2,3,0,3,0,0,13,10,3,0,1,1,1,1,1,0,0,pass_conserved_motif,0.75974,0,
backbone,RAPCID_backbone_rapcid_backbone_245_model_1.cif.gz,/scratch/a2149a01/RAPCID_2610_output/backbone/RAPCID_backbone_rapcid_backbone_245_model_1.cif.gz,A,B,31,18,8.753,3.091,3.19,6,5,14,14,0.5,134.55,chain1_E_chain2_F,1,0,0,3,1,3,0,0,0,0,11,10,1,0,1,1,1,1,1,0,0,pass_conserved_motif,0.69278,0,
backbone,RAPCID_backbone_rapcid_backbone_245_model_2.cif.gz,/scratch/a2149a01/RAPCID_2610_output/backbone/RAPCID_backbone_rapcid_backbone_245_model_2.cif.gz,A,B,31,18,8.99,2.918,3.502,4,4,9,13,0.4091,151.37,chain1_E_chain2_F,1,0,0,3,1,3,0,0,0,0,10,10,1,0,1,1,1,1,1,0,0,pass_conserved_motif,0.71248,0,
backbone,RAPCID_backbone_rapcid_backbone_245_model_3.cif.gz,/scratch/a2149a01/RAPCID_2610_output/backbone/RAPCID_backbone_rapcid_backbone_245_model_3.cif.gz,A,B,31,18,3.452,3.425,3.146,4,4,9,13,0.4091,157.38,chain1_E_chain2_F,1,0,0,3,1,3,0,1,0,0,12,12,1,0,1,1,1,1,1,0,0,pass_conserved_motif,0.73753,0,
backbone,RAPCID_backbone_rapcid_backbone_245_model_4.cif.gz,/scratch/a2149a01/RAPCID_2610_output/backbone/RAPCID_backbone_rapcid_backbone_245_model_4.cif.gz,A,B,31,18,4.27,2.189,3.409,6,4,14,13,0.5185,135.2,chain1_E_chain2_F,1,0,0,3,1,3,0,0,0,0,12,10,1,0,1,1,1,1,1,0,0,pass_conserved_motif,0.68753,0,
backbone,RAPCID_backbone_rapcid_backbone_245_model_5.cif.gz,/scratch/a2149a01/RAPCID_2610_output/backbone/RAPCID_backbone_rapcid_backbone_245_model_5.cif.gz,A,B,31,18,2.778,2.568,3.53,5,5,12,15,0.4444,142.17,chain1_E_chain2_F,1,0,0,3,1,3,0,4,0,0,13,10,1,0,1,1,1,1,1,0,0,pass_conserved_motif,0.71597,0,
backbone,RAPCID_backbone_rapcid_backbone_245_model_6.cif.gz,/scratch/a2149a01/RAPCID_2610_output/backbone/RAPCID_backbone_rapcid_backbone_245_model_6.cif.gz,A,B,31,18,3.428,2.96,3.713,6,4,13,16,0.4483,140.39,chain1_E_chain2_F,1,0,0,3,1,3,0,1,0,0,11,10,1,0,1,1,1,1,1,0,0,pass_conserved_motif,0.69657,0,
backbone,RAPCID_backbone_rapcid_backbone_245_model_7.cif.gz,/scratch/a2149a01/RAPCID_2610_output/backbone/RAPCID_backbone_rapcid_backbone_245_model_7.cif.gz,A,B,31,18,7.237,2.588,3.705,6,4,15,11,0.5769,148.21,chain1_E_chain2_F,1,0,0,3,1,3,0,0,0,0,10,10,1,0,1,1,1,1,1,0,0,pass_conserved_motif,0.70756,0,
backbone,RAPCID_backbone_rapcid_backbone_246_model_0.cif.gz,/scratch/a2149a01/RAPCID_2610_output/backbone/RAPCID_backbone_rapcid_backbone_246_model_0.cif.gz,B,A,36,33,3.405,3.181,2.909,5,6,17,15,0.5312,155.38,chain1_F_chain2_E,0,3,1,0,3,1,0,2,0,0,14,11,0,1,1,1,1,1,1,0,0,pass_conserved_motif,0.75971,0,
backbone,RAPCID_backbone_rapcid_backbone_246_model_1.cif.gz,/scratch/a2149a01/RAPCID_2610_output/backbone/RAPCID_backbone_rapcid_backbone_246_model_1.cif.gz,B,A,36,33,3.447,3.584,3.029,6,6,14,21,0.4,141.69,chain1_F_chain2_E,0,3,1,0,3,1,0,5,0,0,14,14,0,2,1,1,1,1,1,0,0,pass_conserved_motif,0.70158,0,
backbone,RAPCID_backbone_rapcid_backbone_246_model_2.cif.gz,/scratch/a2149a01/RAPCID_2610_output/backbone/RAPCID_backbone_rapcid_backbone_246_model_2.cif.gz,B,A,36,33,9.803,2.887,2.658,5,5,21,13,0.6176,159.66,chain1_F_chain2_E,0,3,1,0,3,1,0,0,0,0,14,10,0,1,1,1,1,1,1,0,0,pass_conserved_motif,0.72503,0,
backbone,RAPCID_backbone_rapcid_backbone_246_model_3.cif.gz,/scratch/a2149a01/RAPCID_2610_output/backbone/RAPCID_backbone_rapcid_backbone_246_model_3.cif.gz,B,A,36,33,10.4,3.52,3.489,5,5,12,10,0.5455,165.3,chain1_F_chain2_E,0,3,2,0,3,2,0,0,0,0,14,10,0,1,1,1,1,1,1,0,0,pass_conserved_motif,0.76369,0,
backbone,RAPCID_backbone_rapcid_backbone_246_model_4.cif.gz,/scratch/a2149a01/RAPCID_2610_output/backbone/RAPCID_backbone_rapcid_backbone_246_model_4.cif.gz,B,A,36,33,3.189,3.385,2.687,6,4,10,10,0.5,157.66,chain1_F_chain2_E,0,3,1,0,3,1,0,6,0,0,13,14,0,1,1,1,1,1,1,0,0,pass_conserved_motif,0.79983,0,
backbone,RAPCID_backbone_rapcid_backbone_246_model_5.cif.gz,/scratch/a2149a01/RAPCID_2610_output/backbone/RAPCID_backbone_rapcid_backbone_246_model_5.cif.gz,B,A,36,33,3.823,3.211,2.371,5,7,17,17,0.5,167.06,chain1_F_chain2_E,0,3,2,0,3,2,0,1,0,0,14,14,0,1,1,1,1,1,1,0,0,pass_conserved_motif,0.78099,0,
backbone,RAPCID_backbone_rapcid_backbone_246_model_6.cif.gz,/scratch/a2149a01/RAPCID_2610_output/backbone/RAPCID_backbone_rapcid_backbone_246_model_6.cif.gz,B,A,36,33,10.919,3.638,3.105,5,5,12,12,0.5,167.38,chain1_F_chain2_E,0,3,1,0,3,1,0,0,0,0,14,9,0,1,1,1,1,1,1,0,0,pass_conserved_motif,0.74634,0,
backbone,RAPCID_backbone_rapcid_backbone_246_model_7.cif.gz,/scratch/a2149a01/RAPCID_2610_output/backbone/RAPCID_backbone_rapcid_backbone_246_model_7.cif.gz,B,A,36,33,3.08,3.568,2.624,5,5,18,12,0.6,129.77,chain1_F_chain2_E,0,3,1,0,3,1,0,8,0,0,14,8,0,1,1,1,1,1,1,0,0,pass_conserved_motif,0.67684,0,
backbone,RAPCID_backbone_rapcid_backbone_247_model_0.cif.gz,/scratch/a2149a01/RAPCID_2610_output/backbone/RAPCID_backbone_rapcid_backbone_247_model_0.cif.gz,A,B,45,27,9.447,3.002,3.585,4,4,11,14,0.44,151.11,chain1_E_chain2_F,1,0,0,3,1,3,0,0,0,0,11,10,1,0,1,1,1,1,1,0,0,pass_conserved_motif,0.72399,0,
backbone,RAPCID_backbone_rapcid_backbone_247_model_1.cif.gz,/scratch/a2149a01/RAPCID_2610_output/backbone/RAPCID_backbone_rapcid_backbone_247_model_1.cif.gz,A,B,45,27,11.115,2.956,3.546,3,5,4,14,0.2222,154.93,chain1_E_chain2_F,1,0,0,3,1,3,0,0,0,0,8,10,1,0,1,1,1,1,1,0,0,pass_conserved_motif,0.64961,0,
backbone,RAPCID_backbone_rapcid_backbone_247_model_2.cif.gz,/scratch/a2149a01/RAPCID_2610_output/backbone/RAPCID_backbone_rapcid_backbone_247_model_2.cif.gz,A,B,45,27,8.7,3.08,3.322,3,4,10,14,0.4167,138.34,chain1_E_chain2_F,1,0,0,3,1,3,0,0,0,0,9,10,3,0,1,1,1,1,1,0,0,pass_conserved_motif,0.67208,0,
backbone,RAPCID_backbone_rapcid_backbone_247_model_3.cif.gz,/scratch/a2149a01/RAPCID_2610_output/backbone/RAPCID_backbone_rapcid_backbone_247_model_3.cif.gz,A,B,45,27,11.929,2.973,3.653,4,4,10,12,0.4545,153.77,chain1_E_chain2_F,2,0,0,3,2,3,0,0,0,0,11,10,2,0,1,1,1,1,1,0,0,pass_conserved_motif,0.76726,0,
backbone,RAPCID_backbone_rapcid_backbone_247_model_4.cif.gz,/scratch/a2149a01/RAPCID_2610_output/backbone/RAPCID_backbone_rapcid_backbone_247_model_4.cif.gz,A,B,45,27,9.838,3.435,3.63,4,5,9,14,0.3913,145.04,chain1_E_chain2_F,1,0,0,3,1,3,0,0,0,0,8,10,1,0,1,1,1,1,1,0,0,pass_conserved_motif,0.68429,0,
backbone,RAPCID_backbone_rapcid_backbone_247_model_5.cif.gz,/scratch/a2149a01/RAPCID_2610_output/backbone/RAPCID_backbone_rapcid_backbone_247_model_5.cif.gz,A,B,45,27,8.999,3.171,3.63,2,4,6,15,0.2857,152.78,chain1_E_chain2_F,1,0,0,3,1,3,0,0,0,0,9,10,2,0,1,1,1,1,1,0,0,pass_conserved_motif,0.66784,0,
backbone,RAPCID_backbone_rapcid_backbone_247_model_6.cif.gz,/scratch/a2149a01/RAPCID_2610_output/backbone/RAPCID_backbone_rapcid_backbone_247_model_6.cif.gz,A,B,45,27,10.437,2.386,3.659,4,4,15,15,0.5,159.5,chain1_E_chain2_F,2,0,0,3,2,3,0,0,0,0,10,10,1,0,1,1,1,1,1,0,0,pass_conserved_motif,0.8012,0,
backbone,RAPCID_backbone_rapcid_backbone_247_model_7.cif.gz,/scratch/a2149a01/RAPCID_2610_output/backbone/RAPCID_backbone_rapcid_backbone_247_model_7.cif.gz,A,B,45,27,9.103,3.347,3.513,3,4,6,11,0.3529,154.26,chain1_E_chain2_F,1,0,0,3,1,3,0,0,0,0,9,10,1,0,1,1,1,1,1,0,0,pass_conserved_motif,0.69967,0,
backbone,RAPCID_backbone_rapcid_backbone_248_model_0.cif.gz,/scratch/a2149a01/RAPCID_2610_output/backbone/RAPCID_backbone_rapcid_backbone_248_model_0.cif.gz,A,B,38,14,12.181,2.72,3.551,5,4,7,12,0.3684,152.0,chain1_E_chain2_F,2,0,0,3,2,3,0,0,0,0,8,11,2,0,1,1,1,1,1,0,0,pass_conserved_motif,0.72691,0,
backbone,RAPCID_backbone_rapcid_backbone_248_model_1.cif.gz,/scratch/a2149a01/RAPCID_2610_output/backbone/RAPCID_backbone_rapcid_backbone_248_model_1.cif.gz,A,B,38,14,10.357,3.306,3.441,4,5,11,21,0.3438,152.82,chain1_E_chain2_F,1,0,0,3,1,3,0,0,0,0,10,11,1,1,1,1,1,1,1,1,1,,0.69117,1,235
backbone,RAPCID_backbone_rapcid_backbone_248_model_2.cif.gz,/scratch/a2149a01/RAPCID_2610_output/backbone/RAPCID_backbone_rapcid_backbone_248_model_2.cif.gz,A,B,38,14,8.531,2.879,3.417,4,4,16,17,0.4848,146.17,chain1_E_chain2_F,2,0,0,3,2,3,0,0,0,0,12,11,1,0,1,1,1,1,1,0,0,pass_conserved_motif,0.75403,0,
backbone,RAPCID_backbone_rapcid_backbone_248_model_3.cif.gz,/scratch/a2149a01/RAPCID_2610_output/backbone/RAPCID_backbone_rapcid_backbone_248_model_3.cif.gz,A,B,38,14,8.059,2.957,3.286,4,4,11,15,0.4231,156.04,chain1_E_chain2_F,2,0,0,3,2,3,0,0,0,0,9,11,1,1,1,1,1,1,1,1,1,,0.76222,1,43
backbone,RAPCID_backbone_rapcid_backbone_248_model_4.cif.gz,/scratch/a2149a01/RAPCID_2610_output/backbone/RAPCID_backbone_rapcid_backbone_248_model_4.cif.gz,A,B,38,14,9.532,2.376,3.476,5,5,16,12,0.5714,148.63,chain1_E_chain2_F,1,0,0,3,1,3,0,0,0,0,11,11,1,0,1,1,1,1,1,0,0,pass_conserved_motif,0.71115,0,
backbone,RAPCID_backbone_rapcid_backbone_248_model_5.cif.gz,/scratch/a2149a01/RAPCID_2610_output/backbone/RAPCID_backbone_rapcid_backbone_248_model_5.cif.gz,A,B,38,14,10.028,3.386,3.7,3,5,5,18,0.2174,146.19,chain1_E_chain2_F,1,0,0,3,1,3,0,0,0,0,9,11,1,0,1,1,1,1,1,0,0,pass_conserved_motif,0.61854,0,
backbone,RAPCID_backbone_rapcid_backbone_248_model_6.cif.gz,/scratch/a2149a01/RAPCID_2610_output/backbone/RAPCID_backbone_rapcid_backbone_248_model_6.cif.gz,A,B,38,14,14.179,3.244,3.41,3,3,7,9,0.4375,155.96,chain1_E_chain2_F,1,0,0,2,1,2,0,0,0,0,8,11,1,0,1,1,1,1,1,0,0,pass_conserved_motif,0.71059,0,
backbone,RAPCID_backbone_rapcid_backbone_248_model_7.cif.gz,/scratch/a2149a01/RAPCID_2610_output/backbone/RAPCID_backbone_rapcid_backbone_248_model_7.cif.gz,A,B,38,14,11.079,3.028,3.72,3,4,10,11,0.4762,148.87,chain1_E_chain2_F,2,0,0,3,2,3,0,0,0,0,9,11,1,0,1,1,1,1,1,0,0,pass_conserved_motif,0.75958,0,
backbone,RAPCID_backbone_rapcid_backbone_249_model_0.cif.gz,/scratch/a2149a01/RAPCID_2610_output/backbone/RAPCID_backbone_rapcid_backbone_249_model_0.cif.gz,A,B,26,22,2.94,1.921,3.366,7,5,15,22,0.4054,139.48,chain1_E_chain2_F,1,0,0,3,1,3,0,3,1,0,11,12,1,0,0,1,1,1,1,0,0,pass_no_clash;pass_conserved_motif,0.70305,0,
backbone,RAPCID_backbone_rapcid_backbone_249_model_1.cif.gz,/scratch/a2149a01/RAPCID_2610_output/backbone/RAPCID_backbone_rapcid_backbone_249_model_1.cif.gz,A,B,26,22,4.578,2.886,3.351,6,6,14,11,0.56,138.97,chain1_E_chain2_F,1,0,0,3,1,3,0,0,0,0,10,13,1,0,1,1,1,1,1,0,0,pass_conserved_motif,0.68351,0,
backbone,RAPCID_backbone_rapcid_backbone_249_model_2.cif.gz,/scratch/a2149a01/RAPCID_2610_output/backbone/RAPCID_backbone_rapcid_backbone_249_model_2.cif.gz,A,B,26,22,11.491,2.904,3.17,4,5,8,18,0.3077,169.8,chain1_E_chain2_F,1,0,0,3,1,3,0,0,0,0,10,12,1,0,1,1,1,1,1,0,0,pass_conserved_motif,0.66138,0,
backbone,RAPCID_backbone_rapcid_backbone_249_model_3.cif.gz,/scratch/a2149a01/RAPCID_2610_output/backbone/RAPCID_backbone_rapcid_backbone_249_model_3.cif.gz,A,B,26,22,2.656,2.668,3.476,7,5,21,19,0.525,137.23,chain1_E_chain2_F,1,0,0,3,1,3,0,3,0,1,14,12,1,0,1,1,1,1,1,0,0,pass_conserved_motif,0.72339,0,
backbone,RAPCID_backbone_rapcid_backbone_249_model_4.cif.gz,/scratch/a2149a01/RAPCID_2610_output/backbone/RAPCID_backbone_rapcid_backbone_249_model_4.cif.gz,A,B,26,22,4.972,2.071,3.636,6,5,17,12,0.5862,137.06,chain1_E_chain2_F,1,0,0,3,1,3,0,0,0,0,13,12,1,1,1,1,1,1,1,1,1,,0.66668,1,321
backbone,RAPCID_backbone_rapcid_backbone_249_model_5.cif.gz,/scratch/a2149a01/RAPCID_2610_output/backbone/RAPCID_backbone_rapcid_backbone_249_model_5.cif.gz,A,B,26,22,3.025,1.996,3.235,7,6,22,19,0.5366,119.64,chain1_E_chain2_F,2,0,0,3,2,3,0,5,0,1,11,12,1,0,0,1,1,1,1,0,0,pass_no_clash;pass_conserved_motif,0.69868,0,
backbone,RAPCID_backbone_rapcid_backbone_249_model_6.cif.gz,/scratch/a2149a01/RAPCID_2610_output/backbone/RAPCID_backbone_rapcid_backbone_249_model_6.cif.gz,A,B,26,22,3.954,3.115,3.439,5,5,8,19,0.2963,136.71,chain1_E_chain2_F,1,0,0,3,1,3,0,1,0,0,10,12,1,0,1,1,1,1,1,0,0,pass_conserved_motif,0.62351,0,
backbone,RAPCID_backbone_rapcid_backbone_249_model_7.cif.gz,/scratch/a2149a01/RAPCID_2610_output/backbone/RAPCID_backbone_rapcid_backbone_249_model_7.cif.gz,A,B,26,22,4.06,2.431,3.523,6,6,16,17,0.4848,160.18,chain1_E_chain2_F,2,0,0,3,2,3,0,0,0,0,12,12,1,0,1,1,1,1,1,0,0,pass_conserved_motif,0.79288,0,
backbone,RAPCID_backbone_rapcid_backbone_24_model_0.cif.gz,/scratch/a2149a01/RAPCID_2610_output/backbone/RAPCID_backbone_rapcid_backbone_24_model_0.cif.gz,B,A,38,37,3.828,3.408,2.576,5,5,20,12,0.625,160.28,chain1_F_chain2_E,0,3,1,0,3,1,0,1,0,0,16,11,0,1,1,1,1,1,1,0,0,pass_conserved_motif,0.72503,0,
backbone,RAPCID_backbone_rapcid_backbone_24_model_1.cif.gz,/scratch/a2149a01/RAPCID_2610_output/backbone/RAPCID_backbone_rapcid_backbone_24_model_1.cif.gz,B,A,38,37,2.95,3.8,2.817,5,6,9,13,0.4091,152.55,chain1_F_chain2_E,0,3,1,0,3,1,0,4,0,0,14,10,0,1,1,1,1,1,1,0,0,pass_conserved_motif,0.73643,0,
backbone,RAPCID_backbone_rapcid_backbone_24_model_2.cif.gz,/scratch/a2149a01/RAPCID_2610_output/backbone/RAPCID_backbone_rapcid_backbone_24_model_2.cif.gz,B,A,38,37,3.288,3.373,2.375,5,6,19,18,0.5135,136.7,chain1_F_chain2_E,0,3,1,0,3,1,0,11,1,0,15,14,0,1,1,1,1,1,1,0,0,pass_conserved_motif,0.73621,0,
backbone,RAPCID_backbone_rapcid_backbone_24_model_3.cif.gz,/scratch/a2149a01/RAPCID_2610_output/backbone/RAPCID_backbone_rapcid_backbone_24_model_3.cif.gz,B,A,38,37,9.633,3.642,2.907,5,4,15,10,0.6,157.32,chain1_F_chain2_E,0,3,1,0,3,1,0,0,0,0,15,9,1,1,1,1,1,1,1,1,1,,0.72868,1,117
backbone,RAPCID_backbone_rapcid_backbone_24_model_4.cif.gz,/scratch/a2149a01/RAPCID_2610_output/backbone/RAPCID_backbone_rapcid_backbone_24_model_4.cif.gz,B,A,38,37,11.746,3.536,3.215,5,4,13,7,0.65,168.25,chain1_F_chain2_E,0,3,1,0,3,1,0,0,0,0,17,10,1,1,1,1,1,1,1,1,1,,0.68347,1,259
backbone,RAPCID_backbone_rapcid_backbone_24_model_5.cif.gz,/scratch/a2149a01/RAPCID_2610_output/backbone/RAPCID_backbone_rapcid_backbone_24_model_5.cif.gz,B,A,38,37,3.642,3.387,2.531,5,4,19,13,0.5938,168.29,chain1_F_chain2_E,0,3,1,0,3,1,0,4,0,0,14,10,0,1,1,1,1,1,1,0,0,pass_conserved_motif,0.72583,0,
backbone,RAPCID_backbone_rapcid_backbone_24_model_6.cif.gz,/scratch/a2149a01/RAPCID_2610_output/backbone/RAPCID_backbone_rapcid_backbone_24_model_6.cif.gz,B,A,38,37,3.51,3.1,2.621,5,4,18,11,0.6207,165.77,chain1_F_chain2_E,0,3,1,0,3,1,0,3,0,0,15,10,0,1,1,1,1,1,1,0,0,pass_conserved_motif,0.71844,0,
backbone,RAPCID_backbone_rapcid_backbone_24_model_7.cif.gz,/scratch/a2149a01/RAPCID_2610_output/backbone/RAPCID_backbone_rapcid_backbone_24_model_7.cif.gz,B,A,38,37,10.092,3.635,3.259,5,5,12,14,0.4615,166.7,chain1_F_chain2_E,0,3,1,0,3,1,0,0,0,0,15,9,0,2,1,1,1,1,1,0,0,pass_conserved_motif,0.73324,0,
backbone,RAPCID_backbone_rapcid_backbone_25_model_0.cif.gz,/scratch/a2149a01/RAPCID_2610_output/backbone/RAPCID_backbone_rapcid_backbone_25_model_0.cif.gz,B,A,37,35,10.215,2.748,2.513,4,4,18,7,0.72,174.67,chain1_F_chain2_E,0,2,1,0,2,1,0,0,0,0,16,8,0,1,1,1,1,1,1,0,0,pass_conserved_motif,0.6055,0,
backbone,RAPCID_backbone_rapcid_backbone_25_model_1.cif.gz,/scratch/a2149a01/RAPCID_2610_output/backbone/RAPCID_backbone_rapcid_backbone_25_model_1.cif.gz,B,A,37,35,9.911,3.356,2.534,5,3,17,14,0.5484,170.18,chain1_F_chain2_E,0,3,2,0,3,2,1,0,0,0,15,8,0,1,1,1,1,1,1,0,0,pass_conserved_motif,0.77481,0,
backbone,RAPCID_backbone_rapcid_backbone_25_model_2.cif.gz,/scratch/a2149a01/RAPCID_2610_output/backbone/RAPCID_backbone_rapcid_backbone_25_model_2.cif.gz,B,A,37,35,12.751,3.226,3.201,5,3,14,6,0.7,160.76,chain1_F_chain2_E,0,3,1,0,3,1,0,0,0,0,15,9,0,1,1,1,1,1,1,0,0,pass_conserved_motif,0.68842,0,
backbone,RAPCID_backbone_rapcid_backbone_25_model_3.cif.gz,/scratch/a2149a01/RAPCID_2610_output/backbone/RAPCID_backbone_rapcid_backbone_25_model_3.cif.gz,B,A,37,35,6.84,3.263,2.477,6,6,20,22,0.4762,147.3,chain1_F_chain2_E,0,3,2,0,3,2,0,0,0,0,15,11,0,1,1,1,1,1,1,0,0,pass_conserved_motif,0.75435,0,
backbone,RAPCID_backbone_rapcid_backbone_25_model_4.cif.gz,/scratch/a2149a01/RAPCID_2610_output/backbone/RAPCID_backbone_rapcid_backbone_25_model_4.cif.gz,B,A,37,35,2.457,3.135,3.11,6,7,23,16,0.5897,127.3,chain1_F_chain2_E,0,3,1,0,3,1,0,2,1,1,16,9,0,1,1,1,1,1,1,0,0,pass_conserved_motif,0.67605,0,
backbone,RAPCID_backbone_rapcid_backbone_25_model_5.cif.gz,/scratch/a2149a01/RAPCID_2610_output/backbone/RAPCID_backbone_rapcid_backbone_25_model_5.cif.gz,B,A,37,35,8.402,3.02,3.124,6,4,19,14,0.5758,177.28,chain1_F_chain2_E,0,3,1,0,3,1,1,0,0,0,15,10,0,1,1,1,1,1,1,0,0,pass_conserved_motif,0.71162,0,
backbone,RAPCID_backbone_rapcid_backbone_25_model_6.cif.gz,/scratch/a2149a01/RAPCID_2610_output/backbone/RAPCID_backbone_rapcid_backbone_25_model_6.cif.gz,B,A,37,35,11.421,3.536,2.668,5,3,14,5,0.7368,156.13,chain1_F_chain2_E,0,3,1,0,3,1,0,0,0,0,15,8,0,1,1,1,1,1,1,0,0,pass_conserved_motif,0.66998,0,
backbone,RAPCID_backbone_rapcid_backbone_25_model_7.cif.gz,/scratch/a2149a01/RAPCID_2610_output/backbone/RAPCID_backbone_rapcid_backbone_25_model_7.cif.gz,B,A,37,35,10.833,3.274,2.627,5,3,17,10,0.6296,157.84,chain1_F_chain2_E,0,3,2,0,3,2,0,0,0,0,15,11,1,1,1,1,1,1,1,1,1,,0.74715,1,69
backbone,RAPCID_backbone_rapcid_backbone_26_model_0.cif.gz,/scratch/a2149a01/RAPCID_2610_output/backbone/RAPCID_backbone_rapcid_backbone_26_model_0.cif.gz,A,B,26,20,7.3,3.204,3.154,4,5,10,17,0.3704,161.97,chain1_E_chain2_F,1,0,0,3,1,3,0,0,0,0,11,12,1,0,1,1,1,1,1,0,0,pass_conserved_motif,0.71253,0,
backbone,RAPCID_backbone_rapcid_backbone_26_model_1.cif.gz,/scratch/a2149a01/RAPCID_2610_output/backbone/RAPCID_backbone_rapcid_backbone_26_model_1.cif.gz,A,B,26,20,7.541,2.387,3.478,6,6,17,12,0.5862,156.44,chain1_E_chain2_F,2,0,0,3,2,3,0,0,0,0,11,12,1,0,1,1,1,1,1,0,0,pass_conserved_motif,0.75983,0,
backbone,RAPCID_backbone_rapcid_backbone_26_model_2.cif.gz,/scratch/a2149a01/RAPCID_2610_output/backbone/RAPCID_backbone_rapcid_backbone_26_model_2.cif.gz,A,B,26,20,10.461,2.603,3.708,4,5,15,11,0.5769,144.39,chain1_E_chain2_F,2,0,0,3,2,3,0,0,0,0,14,12,1,0,1,1,1,1,1,0,0,pass_conserved_motif,0.7234,0,
backbone,RAPCID_backbone_rapcid_backbone_26_model_3.cif.gz,/scratch/a2149a01/RAPCID_2610_output/backbone/RAPCID_backbone_rapcid_backbone_26_model_3.cif.gz,A,B,26,20,11.22,3.272,3.295,4,5,9,16,0.36,154.06,chain1_E_chain2_F,2,0,0,3,2,3,0,0,0,0,9,12,1,0,1,1,1,1,1,0,0,pass_conserved_motif,0.73039,0,
backbone,RAPCID_backbone_rapcid_backbone_26_model_4.cif.gz,/scratch/a2149a01/RAPCID_2610_output/backbone/RAPCID_backbone_rapcid_backbone_26_model_4.cif.gz,A,B,26,20,2.729,3.086,3.334,4,5,15,23,0.3947,115.55,chain1_E_chain2_F,1,0,0,3,1,3,1,1,1,1,9,12,1,0,1,1,1,1,1,0,0,pass_conserved_motif,0.65427,0,
backbone,RAPCID_backbone_rapcid_backbone_26_model_5.cif.gz,/scratch/a2149a01/RAPCID_2610_output/backbone/RAPCID_backbone_rapcid_backbone_26_model_5.cif.gz,A,B,26,20,8.454,2.644,3.056,6,5,16,16,0.5,161.74,chain1_E_chain2_F,1,0,0,3,1,3,0,0,0,0,10,12,1,0,1,1,1,1,1,0,0,pass_conserved_motif,0.76517,0,
backbone,RAPCID_backbone_rapcid_backbone_26_model_6.cif.gz,/scratch/a2149a01/RAPCID_2610_output/backbone/RAPCID_backbone_rapcid_backbone_26_model_6.cif.gz,A,B,26,20,11.644,2.755,3.148,5,5,16,15,0.5161,161.67,chain1_E_chain2_F,2,0,0,3,2,3,0,0,0,0,11,12,1,0,1,1,1,1,1,0,0,pass_conserved_motif,0.78752,0,
backbone,RAPCID_backbone_rapcid_backbone_26_model_7.cif.gz,/scratch/a2149a01/RAPCID_2610_output/backbone/RAPCID_backbone_rapcid_backbone_26_model_7.cif.gz,A,B,26,20,7.915,2.645,2.972,5,5,14,14,0.5,155.91,chain1_E_chain2_F,1,0,0,3,1,3,0,0,0,0,11,12,1,0,1,1,1,1,1,0,0,pass_conserved_motif,0.76399,0,
backbone,RAPCID_backbone_rapcid_backbone_27_model_0.cif.gz,/scratch/a2149a01/RAPCID_2610_output/backbone/RAPCID_backbone_rapcid_backbone_27_model_0.cif.gz,B,A,46,29,3.132,3.041,2.823,3,6,10,16,0.3846,107.65,chain1_F_chain2_E,0,2,1,0,2,1,0,4,0,1,9,12,0,1,1,1,1,1,1,0,0,pass_conserved_motif,0.56507,0,
backbone,RAPCID_backbone_rapcid_backbone_27_model_1.cif.gz,/scratch/a2149a01/RAPCID_2610_output/backbone/RAPCID_backbone_rapcid_backbone_27_model_1.cif.gz,B,A,46,29,2.37,3.178,1.975,7,6,13,16,0.4483,127.32,chain1_F_chain2_E,0,2,1,0,2,1,0,10,0,1,10,10,0,1,0,1,1,1,1,0,0,pass_no_clash;pass_conserved_motif,0.66608,0,
backbone,RAPCID_backbone_rapcid_backbone_27_model_2.cif.gz,/scratch/a2149a01/RAPCID_2610_output/backbone/RAPCID_backbone_rapcid_backbone_27_model_2.cif.gz,B,A,46,29,2.411,3.089,2.729,4,5,14,19,0.4242,105.59,chain1_F_chain2_E,0,2,1,0,2,1,0,4,2,1,9,10,0,1,1,1,1,1,1,0,0,pass_conserved_motif,0.60739,0,
backbone,RAPCID_backbone_rapcid_backbone_27_model_3.cif.gz,/scratch/a2149a01/RAPCID_2610_output/backbone/RAPCID_backbone_rapcid_backbone_27_model_3.cif.gz,B,A,46,29,4.385,2.036,2.473,3,3,16,9,0.64,107.33,chain1_F_chain2_E,1,2,1,0,2,1,0,0,0,0,8,9,0,1,1,1,1,1,1,0,0,pass_conserved_motif,0.51748,0,
backbone,RAPCID_backbone_rapcid_backbone_27_model_4.cif.gz,/scratch/a2149a01/RAPCID_2610_output/backbone/RAPCID_backbone_rapcid_backbone_27_model_4.cif.gz,B,A,46,29,3.689,3.607,2.996,4,4,10,17,0.3704,106.79,chain1_F_chain2_E,0,2,1,0,2,1,0,1,0,0,8,11,0,2,1,1,1,1,1,0,0,pass_conserved_motif,0.52484,0,
backbone,RAPCID_backbone_rapcid_backbone_27_model_5.cif.gz,/scratch/a2149a01/RAPCID_2610_output/backbone/RAPCID_backbone_rapcid_backbone_27_model_5.cif.gz,B,A,46,29,3.356,3.237,2.947,6,4,12,7,0.6316,142.18,chain1_F_chain2_E,0,2,1,0,2,1,0,2,0,1,10,9,0,1,1,1,1,1,1,0,0,pass_conserved_motif,0.66369,0,
backbone,RAPCID_backbone_rapcid_backbone_27_model_6.cif.gz,/scratch/a2149a01/RAPCID_2610_output/backbone/RAPCID_backbone_rapcid_backbone_27_model_6.cif.gz,B,A,46,29,2.996,2.652,2.854,4,7,14,24,0.3684,128.99,chain1_F_chain2_E,1,2,2,0,2,2,0,9,0,1,9,14,0,1,1,1,1,1,1,0,0,pass_conserved_motif,0.67329,0,
backbone,RAPCID_backbone_rapcid_backbone_27_model_7.cif.gz,/scratch/a2149a01/RAPCID_2610_output/backbone/RAPCID_backbone_rapcid_backbone_27_model_7.cif.gz,B,A,46,29,3.21,3.136,2.665,5,5,15,16,0.4839,129.66,chain1_F_chain2_E,1,2,1,0,2,1,0,5,0,1,11,9,0,1,1,1,1,1,1,0,0,pass_conserved_motif,0.68311,0,
backbone,RAPCID_backbone_rapcid_backbone_28_model_0.cif.gz,/scratch/a2149a01/RAPCID_2610_output/backbone/RAPCID_backbone_rapcid_backbone_28_model_0.cif.gz,B,A,35,20,5.472,2.954,3.147,5,2,20,5,0.8,136.76,chain1_F_chain2_E,0,2,1,0,2,1,0,0,0,0,10,8,0,1,1,1,1,1,1,0,0,pass_conserved_motif,0.55159,0,
backbone,RAPCID_backbone_rapcid_backbone_28_model_1.cif.gz,/scratch/a2149a01/RAPCID_2610_output/backbone/RAPCID_backbone_rapcid_backbone_28_model_1.cif.gz,B,A,35,20,3.418,3.294,2.735,3,7,14,26,0.35,99.25,chain1_F_chain2_E,0,2,3,0,2,3,0,3,1,2,9,11,0,1,1,1,1,1,1,0,0,pass_conserved_motif,0.6087,0,
backbone,RAPCID_backbone_rapcid_backbone_28_model_2.cif.gz,/scratch/a2149a01/RAPCID_2610_output/backbone/RAPCID_backbone_rapcid_backbone_28_model_2.cif.gz,B,A,35,20,3.481,3.475,2.289,5,7,8,18,0.3077,135.2,chain1_F_chain2_E,1,3,1,0,3,1,0,2,1,1,12,12,0,1,1,1,1,1,1,0,0,pass_conserved_motif,0.66136,0,
backbone,RAPCID_backbone_rapcid_backbone_28_model_3.cif.gz,/scratch/a2149a01/RAPCID_2610_output/backbone/RAPCID_backbone_rapcid_backbone_28_model_3.cif.gz,B,A,35,20,2.8,2.278,2.964,4,4,12,13,0.48,111.45,chain1_F_chain2_E,1,2,1,0,2,1,0,5,1,0,8,10,0,1,1,1,1,1,1,0,0,pass_conserved_motif,0.6209,0,
backbone,RAPCID_backbone_rapcid_backbone_28_model_4.cif.gz,/scratch/a2149a01/RAPCID_2610_output/backbone/RAPCID_backbone_rapcid_backbone_28_model_4.cif.gz,B,A,35,20,4.001,2.526,2.651,4,6,13,14,0.4815,128.18,chain1_F_chain2_E,0,2,1,0,2,1,0,0,0,0,10,10,0,1,1,1,1,1,1,0,0,pass_conserved_motif,0.63557,0,
backbone,RAPCID_backbone_rapcid_backbone_28_model_5.cif.gz,/scratch/a2149a01/RAPCID_2610_output/backbone/RAPCID_backbone_rapcid_backbone_28_model_5.cif.gz,B,A,35,20,3.514,3.022,2.935,5,5,17,9,0.6538,132.04,chain1_F_chain2_E,0,2,1,0,2,1,0,1,1,0,9,9,0,1,1,1,1,1,1,0,0,pass_conserved_motif,0.61597,0,
backbone,RAPCID_backbone_rapcid_backbone_28_model_6.cif.gz,/scratch/a2149a01/RAPCID_2610_output/backbone/RAPCID_backbone_rapcid_backbone_28_model_6.cif.gz,B,A,35,20,3.6,2.539,2.873,4,6,15,15,0.5,112.97,chain1_F_chain2_E,1,2,1,0,2,1,0,1,0,0,9,11,0,1,1,1,1,1,1,0,0,pass_conserved_motif,0.59727,0,
backbone,RAPCID_backbone_rapcid_backbone_28_model_7.cif.gz,/scratch/a2149a01/RAPCID_2610_output/backbone/RAPCID_backbone_rapcid_backbone_28_model_7.cif.gz,B,A,35,20,3.586,2.81,2.703,4,3,16,9,0.64,104.42,chain1_F_chain2_E,0,2,1,0,2,1,0,1,0,0,8,11,0,1,1,1,1,1,1,0,0,pass_conserved_motif,0.51277,0,
backbone,RAPCID_backbone_rapcid_backbone_29_model_0.cif.gz,/scratch/a2149a01/RAPCID_2610_output/backbone/RAPCID_backbone_rapcid_backbone_29_model_0.cif.gz,A,B,29,16,5.665,2.569,3.501,6,4,12,18,0.4,140.79,chain1_E_chain2_F,1,0,0,3,1,3,0,0,0,0,12,11,1,1,1,1,1,1,1,1,1,,0.6736,1,295
backbone,RAPCID_backbone_rapcid_backbone_29_model_1.cif.gz,/scratch/a2149a01/RAPCID_2610_output/backbone/RAPCID_backbone_rapcid_backbone_29_model_1.cif.gz,A,B,29,16,2.792,2.72,3.555,7,5,16,16,0.5,117.84,chain1_E_chain2_F,1,0,0,3,1,3,0,2,0,0,10,10,1,0,1,1,1,1,1,0,0,pass_conserved_motif,0.64709,0,
backbone,RAPCID_backbone_rapcid_backbone_29_model_2.cif.gz,/scratch/a2149a01/RAPCID_2610_output/backbone/RAPCID_backbone_rapcid_backbone_29_model_2.cif.gz,A,B,29,16,4.779,2.173,3.437,6,4,13,13,0.5,141.64,chain1_E_chain2_F,1,0,0,3,1,3,0,0,0,0,12,10,1,0,1,1,1,1,1,0,0,pass_conserved_motif,0.71641,0,
backbone,RAPCID_backbone_rapcid_backbone_29_model_3.cif.gz,/scratch/a2149a01/RAPCID_2610_output/backbone/RAPCID_backbone_rapcid_backbone_29_model_3.cif.gz,A,B,29,16,8.676,2.975,3.442,3,4,11,15,0.4231,134.97,chain1_E_chain2_F,1,0,0,3,1,3,0,0,0,0,10,10,1,1,1,1,1,1,1,1,1,,0.66342,1,332
backbone,RAPCID_backbone_rapcid_backbone_29_model_4.cif.gz,/scratch/a2149a01/RAPCID_2610_output/backbone/RAPCID_backbone_rapcid_backbone_29_model_4.cif.gz,A,B,29,16,3.282,3.14,3.37,7,4,16,10,0.6154,132.56,chain1_E_chain2_F,1,0,0,3,1,3,0,2,0,0,10,11,2,0,1,1,1,1,1,0,0,pass_conserved_motif,0.64999,0,
backbone,RAPCID_backbone_rapcid_backbone_29_model_5.cif.gz,/scratch/a2149a01/RAPCID_2610_output/backbone/RAPCID_backbone_rapcid_backbone_29_model_5.cif.gz,A,B,29,16,6.044,2.912,3.751,6,4,11,10,0.5238,147.84,chain1_E_chain2_F,1,0,0,3,1,3,0,0,0,0,11,10,2,0,1,1,1,1,1,0,0,pass_conserved_motif,0.72755,0,
backbone,RAPCID_backbone_rapcid_backbone_29_model_6.cif.gz,/scratch/a2149a01/RAPCID_2610_output/backbone/RAPCID_backbone_rapcid_backbone_29_model_6.cif.gz,A,B,29,16,10.354,3.076,3.825,3,4,8,9,0.4706,158.36,chain1_E_chain2_F,1,0,0,3,1,3,0,0,0,0,10,10,1,0,1,1,1,1,1,0,0,pass_conserved_motif,0.76038,0,
backbone,RAPCID_backbone_rapcid_backbone_29_model_7.cif.gz,/scratch/a2149a01/RAPCID_2610_output/backbone/RAPCID_backbone_rapcid_backbone_29_model_7.cif.gz,A,B,29,16,13.527,3.604,3.27,1,4,1,16,0.0588,161.47,chain1_E_chain2_F,0,0,0,3,0,3,0,0,0,0,6,10,1,0,1,0,0,1,1,0,0,pass_dual_rap_contact;pass_contact_balance;pass_conserved_motif,0.56101,0,
backbone,RAPCID_backbone_rapcid_backbone_2_model_0.cif.gz,/scratch/a2149a01/RAPCID_2610_output/backbone/RAPCID_backbone_rapcid_backbone_2_model_0.cif.gz,A,B,26,21,8.718,2.958,3.369,5,6,16,21,0.4324,164.28,chain1_E_chain2_F,2,0,0,3,2,3,0,0,0,0,9,16,1,0,1,1,1,1,1,0,0,pass_conserved_motif,0.75822,0,
backbone,RAPCID_backbone_rapcid_backbone_2_model_1.cif.gz,/scratch/a2149a01/RAPCID_2610_output/backbone/RAPCID_backbone_rapcid_backbone_2_model_1.cif.gz,A,B,26,21,8.997,2.886,3.609,5,6,12,19,0.3871,148.31,chain1_E_chain2_F,1,0,0,3,1,3,0,0,0,0,11,16,2,0,1,1,1,1,1,0,0,pass_conserved_motif,0.69348,0,
backbone,RAPCID_backbone_rapcid_backbone_2_model_2.cif.gz,/scratch/a2149a01/RAPCID_2610_output/backbone/RAPCID_backbone_rapcid_backbone_2_model_2.cif.gz,A,B,26,21,9.046,3.015,3.076,3,6,11,22,0.3333,158.97,chain1_E_chain2_F,1,0,0,3,1,3,0,0,0,0,10,15,1,0,1,1,1,1,1,0,0,pass_conserved_motif,0.70752,0,
backbone,RAPCID_backbone_rapcid_backbone_2_model_3.cif.gz,/scratch/a2149a01/RAPCID_2610_output/backbone/RAPCID_backbone_rapcid_backbone_2_model_3.cif.gz,A,B,26,21,11.875,2.797,3.443,4,5,11,16,0.4074,168.23,chain1_E_chain2_F,2,0,0,3,2,3,1,0,0,0,11,14,1,0,1,1,1,1,1,0,0,pass_conserved_motif,0.76363,0,
backbone,RAPCID_backbone_rapcid_backbone_2_model_4.cif.gz,/scratch/a2149a01/RAPCID_2610_output/backbone/RAPCID_backbone_rapcid_backbone_2_model_4.cif.gz,A,B,26,21,14.052,3.068,3.577,1,5,4,19,0.1739,173.72,chain1_E_chain2_F,1,0,0,3,1,3,0,0,0,0,6,16,1,0,1,0,1,1,1,0,0,pass_dual_rap_contact;pass_conserved_motif,0.59479,0,
backbone,RAPCID_backbone_rapcid_backbone_2_model_5.cif.gz,/scratch/a2149a01/RAPCID_2610_output/backbone/RAPCID_backbone_rapcid_backbone_2_model_5.cif.gz,A,B,26,21,8.925,3.168,3.461,3,6,9,16,0.36,159.79,chain1_E_chain2_F,1,0,0,3,1,3,0,0,0,0,9,14,1,0,1,1,1,1,1,0,0,pass_conserved_motif,0.71565,0,
backbone,RAPCID_backbone_rapcid_backbone_2_model_6.cif.gz,/scratch/a2149a01/RAPCID_2610_output/backbone/RAPCID_backbone_rapcid_backbone_2_model_6.cif.gz,A,B,26,21,5.591,3.174,3.653,4,6,26,14,0.65,142.69,chain1_E_chain2_F,3,0,0,3,3,3,1,0,0,0,11,15,2,1,1,1,1,1,1,1,1,,0.74562,1,72
backbone,RAPCID_backbone_rapcid_backbone_2_model_7.cif.gz,/scratch/a2149a01/RAPCID_2610_output/backbone/RAPCID_backbone_rapcid_backbone_2_model_7.cif.gz,A,B,26,21,7.656,2.518,3.357,3,5,13,22,0.3714,132.02,chain1_E_chain2_F,1,0,0,3,1,3,0,0,0,0,10,16,1,0,1,1,1,1,1,0,0,pass_conserved_motif,0.63291,0,
backbone,RAPCID_backbone_rapcid_backbone_30_model_0.cif.gz,/scratch/a2149a01/RAPCID_2610_output/backbone/RAPCID_backbone_rapcid_backbone_30_model_0.cif.gz,B,A,41,18,3.526,3.242,2.924,7,4,22,12,0.6471,116.94,chain1_F_chain2_E,1,3,1,0,3,1,0,1,0,1,13,11,0,1,1,1,1,1,1,0,0,pass_conserved_motif,0.59692,0,
backbone,RAPCID_backbone_rapcid_backbone_30_model_1.cif.gz,/scratch/a2149a01/RAPCID_2610_output/backbone/RAPCID_backbone_rapcid_backbone_30_model_1.cif.gz,B,A,41,18,3.028,2.717,2.762,5,5,14,16,0.4667,109.01,chain1_F_chain2_E,1,1,1,0,1,1,0,4,0,1,13,13,0,1,1,1,1,1,1,0,0,pass_conserved_motif,0.57383,0,
backbone,RAPCID_backbone_rapcid_backbone_30_model_2.cif.gz,/scratch/a2149a01/RAPCID_2610_output/backbone/RAPCID_backbone_rapcid_backbone_30_model_2.cif.gz,B,A,41,18,2.737,2.914,2.877,5,4,13,11,0.5417,120.84,chain1_F_chain2_E,0,2,1,0,2,1,0,7,1,1,12,9,0,1,1,1,1,1,1,0,0,pass_conserved_motif,0.67017,0,
backbone,RAPCID_backbone_rapcid_backbone_30_model_3.cif.gz,/scratch/a2149a01/RAPCID_2610_output/backbone/RAPCID_backbone_rapcid_backbone_30_model_3.cif.gz,B,A,41,18,2.647,2.912,2.867,5,6,19,18,0.5135,106.81,chain1_F_chain2_E,1,2,1,0,2,1,0,6,1,1,8,10,1,1,1,1,1,1,1,1,1,,0.62967,1,434
backbone,RAPCID_backbone_rapcid_backbone_30_model_4.cif.gz,/scratch/a2149a01/RAPCID_2610_output/backbone/RAPCID_backbone_rapcid_backbone_30_model_4.cif.gz,B,A,41,18,3.508,3.039,2.624,5,6,18,20,0.4737,124.9,chain1_F_chain2_E,0,2,1,0,2,1,0,2,0,0,11,10,0,1,1,1,1,1,1,0,0,pass_conserved_motif,0.63153,0,
backbone,RAPCID_backbone_rapcid_backbone_30_model_5.cif.gz,/scratch/a2149a01/RAPCID_2610_output/backbone/RAPCID_backbone_rapcid_backbone_30_model_5.cif.gz,B,A,41,18,3.102,3.259,2.648,7,3,14,8,0.6364,117.66,chain1_F_chain2_E,1,3,1,0,3,1,0,6,1,1,16,9,0,1,1,1,1,1,1,0,0,pass_conserved_motif,0.64527,0,
backbone,RAPCID_backbone_rapcid_backbone_30_model_6.cif.gz,/scratch/a2149a01/RAPCID_2610_output/backbone/RAPCID_backbone_rapcid_backbone_30_model_6.cif.gz,B,A,41,18,2.383,3.215,2.838,4,6,11,13,0.4583,121.91,chain1_F_chain2_E,0,2,1,0,2,1,0,6,0,0,9,10,0,1,1,1,1,1,1,0,0,pass_conserved_motif,0.63542,0,
backbone,RAPCID_backbone_rapcid_backbone_30_model_7.cif.gz,/scratch/a2149a01/RAPCID_2610_output/backbone/RAPCID_backbone_rapcid_backbone_30_model_7.cif.gz,B,A,41,18,3.874,2.545,2.902,4,3,15,7,0.6818,120.02,chain1_F_chain2_E,1,2,2,0,2,2,0,3,0,0,12,9,0,1,1,1,1,1,1,0,0,pass_conserved_motif,0.58663,0,
backbone,RAPCID_backbone_rapcid_backbone_31_model_0.cif.gz,/scratch/a2149a01/RAPCID_2610_output/backbone/RAPCID_backbone_rapcid_backbone_31_model_0.cif.gz,A,B,42,14,9.559,3.432,3.684,4,5,8,13,0.381,156.43,chain1_E_chain2_F,1,0,0,3,1,3,0,0,0,0,9,11,1,0,1,1,1,1,1,0,0,pass_conserved_motif,0.7181,0,
backbone,RAPCID_backbone_rapcid_backbone_31_model_1.cif.gz,/scratch/a2149a01/RAPCID_2610_output/backbone/RAPCID_backbone_rapcid_backbone_31_model_1.cif.gz,A,B,42,14,8.272,2.968,3.692,3,4,9,13,0.4091,136.74,chain1_E_chain2_F,1,0,0,3,1,3,0,0,0,0,10,11,1,0,1,1,1,1,1,0,0,pass_conserved_motif,0.66372,0,
backbone,RAPCID_backbone_rapcid_backbone_31_model_2.cif.gz,/scratch/a2149a01/RAPCID_2610_output/backbone/RAPCID_backbone_rapcid_backbone_31_model_2.cif.gz,A,B,42,14,9.048,3.041,3.55,3,6,10,20,0.3333,141.32,chain1_E_chain2_F,1,0,0,3,1,3,0,0,0,0,9,11,3,0,1,1,1,1,1,0,0,pass_conserved_motif,0.64869,0,
backbone,RAPCID_backbone_rapcid_backbone_31_model_3.cif.gz,/scratch/a2149a01/RAPCID_2610_output/backbone/RAPCID_backbone_rapcid_backbone_31_model_3.cif.gz,A,B,42,14,12.867,3.222,3.485,3,4,8,11,0.4211,162.02,chain1_E_chain2_F,1,0,0,3,1,3,0,0,0,0,9,11,1,0,1,1,1,1,1,0,0,pass_conserved_motif,0.73263,0,
backbone,RAPCID_backbone_rapcid_backbone_31_model_4.cif.gz,/scratch/a2149a01/RAPCID_2610_output/backbone/RAPCID_backbone_rapcid_backbone_31_model_4.cif.gz,A,B,42,14,9.584,2.659,3.212,5,5,12,14,0.4615,152.33,chain1_E_chain2_F,3,0,0,3,3,3,0,0,0,0,10,11,1,0,1,1,1,1,1,0,0,pass_conserved_motif,0.79381,0,
backbone,RAPCID_backbone_rapcid_backbone_31_model_5.cif.gz,/scratch/a2149a01/RAPCID_2610_output/backbone/RAPCID_backbone_rapcid_backbone_31_model_5.cif.gz,A,B,42,14,10.62,2.683,3.537,4,4,11,12,0.4783,163.29,chain1_E_chain2_F,1,0,0,3,1,3,0,0,0,0,10,11,2,0,1,1,1,1,1,0,0,pass_conserved_motif,0.75129,0,
backbone,RAPCID_backbone_rapcid_backbone_31_model_6.cif.gz,/scratch/a2149a01/RAPCID_2610_output/backbone/RAPCID_backbone_rapcid_backbone_31_model_6.cif.gz,A,B,42,14,8.334,2.549,3.396,4,4,14,14,0.5,145.46,chain1_E_chain2_F,2,0,0,3,2,3,0,0,0,0,13,11,2,0,1,1,1,1,1,0,0,pass_conserved_motif,0.75772,0,
backbone,RAPCID_backbone_rapcid_backbone_31_model_7.cif.gz,/scratch/a2149a01/RAPCID_2610_output/backbone/RAPCID_backbone_rapcid_backbone_31_model_7.cif.gz,A,B,42,14,9.577,2.486,3.497,4,4,13,14,0.4815,144.72,chain1_E_chain2_F,1,0,0,3,1,3,0,0,0,0,12,11,1,0,1,1,1,1,1,0,0,pass_conserved_motif,0.71929,0,
backbone,RAPCID_backbone_rapcid_backbone_32_model_0.cif.gz,/scratch/a2149a01/RAPCID_2610_output/backbone/RAPCID_backbone_rapcid_backbone_32_model_0.cif.gz,A,B,26,22,3.524,2.503,3.208,8,6,16,16,0.5,164.56,chain1_E_chain2_F,2,0,0,3,2,3,0,1,0,0,11,16,3,0,1,1,1,1,1,0,0,pass_conserved_motif,0.78932,0,
backbone,RAPCID_backbone_rapcid_backbone_32_model_1.cif.gz,/scratch/a2149a01/RAPCID_2610_output/backbone/RAPCID_backbone_rapcid_backbone_32_model_1.cif.gz,A,B,26,22,6.605,2.839,3.601,5,5,23,21,0.5227,155.8,chain1_E_chain2_F,2,0,0,3,2,3,0,0,0,0,10,15,2,0,1,1,1,1,1,0,0,pass_conserved_motif,0.78309,0,
backbone,RAPCID_backbone_rapcid_backbone_32_model_2.cif.gz,/scratch/a2149a01/RAPCID_2610_output/backbone/RAPCID_backbone_rapcid_backbone_32_model_2.cif.gz,A,B,26,22,3.722,3.087,3.561,6,5,15,20,0.4286,145.98,chain1_E_chain2_F,1,0,0,3,1,3,1,2,0,0,11,15,1,0,1,1,1,1,1,0,0,pass_conserved_motif,0.7409,0,
backbone,RAPCID_backbone_rapcid_backbone_32_model_3.cif.gz,/scratch/a2149a01/RAPCID_2610_output/backbone/RAPCID_backbone_rapcid_backbone_32_model_3.cif.gz,A,B,26,22,11.048,2.836,3.373,4,5,10,21,0.3226,166.41,chain1_E_chain2_F,1,0,0,3,1,3,0,0,0,0,11,15,1,0,1,1,1,1,1,0,0,pass_conserved_motif,0.6786,0,
backbone,RAPCID_backbone_rapcid_backbone_32_model_4.cif.gz,/scratch/a2149a01/RAPCID_2610_output/backbone/RAPCID_backbone_rapcid_backbone_32_model_4.cif.gz,A,B,26,22,4.716,2.199,3.351,6,5,15,16,0.4839,158.64,chain1_E_chain2_F,1,0,0,3,1,3,0,0,0,0,12,15,1,0,1,1,1,1,1,0,0,pass_conserved_motif,0.76665,0,
backbone,RAPCID_backbone_rapcid_backbone_32_model_5.cif.gz,/scratch/a2149a01/RAPCID_2610_output/backbone/RAPCID_backbone_rapcid_backbone_32_model_5.cif.gz,A,B,26,22,6.37,3.307,3.279,4,6,8,19,0.2963,160.83,chain1_E_chain2_F,1,0,0,3,1,3,0,0,0,0,11,16,1,0,1,1,1,1,1,0,0,pass_conserved_motif,0.68672,0,
backbone,RAPCID_backbone_rapcid_backbone_32_model_6.cif.gz,/scratch/a2149a01/RAPCID_2610_output/backbone/RAPCID_backbone_rapcid_backbone_32_model_6.cif.gz,A,B,26,22,2.174,2.398,3.567,6,5,14,21,0.4,152.32,chain1_E_chain2_F,1,0,0,3,1,3,0,2,0,0,10,16,1,0,1,1,1,1,1,0,0,pass_conserved_motif,0.72201,0,
backbone,RAPCID_backbone_rapcid_backbone_32_model_7.cif.gz,/scratch/a2149a01/RAPCID_2610_output/backbone/RAPCID_backbone_rapcid_backbone_32_model_7.cif.gz,A,B,26,22,3.002,2.518,3.579,8,5,23,20,0.5349,125.07,chain1_E_chain2_F,1,0,0,3,1,3,0,3,0,0,10,15,1,0,1,1,1,1,1,0,0,pass_conserved_motif,0.66224,0,
backbone,RAPCID_backbone_rapcid_backbone_33_model_0.cif.gz,/scratch/a2149a01/RAPCID_2610_output/backbone/RAPCID_backbone_rapcid_backbone_33_model_0.cif.gz,A,B,39,21,11.84,3.098,3.615,4,5,11,14,0.44,158.92,chain1_E_chain2_F,2,0,0,3,2,3,0,0,0,0,10,13,1,0,1,1,1,1,1,0,0,pass_conserved_motif,0.77859,0,
backbone,RAPCID_backbone_rapcid_backbone_33_model_1.cif.gz,/scratch/a2149a01/RAPCID_2610_output/backbone/RAPCID_backbone_rapcid_backbone_33_model_1.cif.gz,A,B,39,21,5.553,3.154,3.749,4,5,8,10,0.4444,160.79,chain1_E_chain2_F,1,0,0,3,1,3,0,0,0,0,10,13,1,0,1,1,1,1,1,0,0,pass_conserved_motif,0.7461,0,
backbone,RAPCID_backbone_rapcid_backbone_33_model_2.cif.gz,/scratch/a2149a01/RAPCID_2610_output/backbone/RAPCID_backbone_rapcid_backbone_33_model_2.cif.gz,A,B,39,21,7.627,3.037,3.456,4,5,13,17,0.4333,157.22,chain1_E_chain2_F,2,0,0,3,2,3,0,0,0,0,10,13,1,1,1,1,1,1,1,1,1,,0.77027,1,32
backbone,RAPCID_backbone_rapcid_backbone_33_model_3.cif.gz,/scratch/a2149a01/RAPCID_2610_output/backbone/RAPCID_backbone_rapcid_backbone_33_model_3.cif.gz,A,B,39,21,12.535,3.257,3.466,2,6,5,22,0.1852,163.93,chain1_E_chain2_F,1,0,0,3,1,3,0,0,0,0,7,13,1,0,1,1,1,1,1,0,0,pass_conserved_motif,0.63192,0,
backbone,RAPCID_backbone_rapcid_backbone_33_model_4.cif.gz,/scratch/a2149a01/RAPCID_2610_output/backbone/RAPCID_backbone_rapcid_backbone_33_model_4.cif.gz,A,B,39,21,12.815,3.082,3.496,1,5,7,15,0.3182,156.69,chain1_E_chain2_F,1,0,0,3,1,3,0,0,0,0,7,13,1,0,1,0,1,1,1,0,0,pass_dual_rap_contact;pass_conserved_motif,0.69384,0,
backbone,RAPCID_backbone_rapcid_backbone_33_model_5.cif.gz,/scratch/a2149a01/RAPCID_2610_output/backbone/RAPCID_backbone_rapcid_backbone_33_model_5.cif.gz,A,B,39,21,3.08,2.742,3.304,6,5,14,17,0.4516,137.39,chain1_E_chain2_F,1,0,0,3,1,3,0,3,0,0,10,13,1,0,1,1,1,1,1,0,0,pass_conserved_motif,0.6979,0,
backbone,RAPCID_backbone_rapcid_backbone_33_model_6.cif.gz,/scratch/a2149a01/RAPCID_2610_output/backbone/RAPCID_backbone_rapcid_backbone_33_model_6.cif.gz,A,B,39,21,4.565,2.317,3.456,5,5,17,17,0.5,153.72,chain1_E_chain2_F,1,0,0,3,1,3,0,0,0,0,12,13,3,0,1,1,1,1,1,0,0,pass_conserved_motif,0.7567,0,
backbone,RAPCID_backbone_rapcid_backbone_33_model_7.cif.gz,/scratch/a2149a01/RAPCID_2610_output/backbone/RAPCID_backbone_rapcid_backbone_33_model_7.cif.gz,A,B,39,21,8.949,3.362,3.009,4,5,11,17,0.3929,157.2,chain1_E_chain2_F,1,0,0,3,1,3,0,0,0,0,9,13,2,0,1,1,1,1,1,0,0,pass_conserved_motif,0.72543,0,
backbone,RAPCID_backbone_rapcid_backbone_34_model_0.cif.gz,/scratch/a2149a01/RAPCID_2610_output/backbone/RAPCID_backbone_rapcid_backbone_34_model_0.cif.gz,B,A,32,23,9.588,2.633,2.686,4,4,14,6,0.7,144.9,chain1_F_chain2_E,0,2,1,0,2,1,0,0,0,0,10,8,0,1,1,1,1,1,1,0,0,pass_conserved_motif,0.61871,0,
backbone,RAPCID_backbone_rapcid_backbone_34_model_1.cif.gz,/scratch/a2149a01/RAPCID_2610_output/backbone/RAPCID_backbone_rapcid_backbone_34_model_1.cif.gz,B,A,32,23,10.664,2.556,2.434,4,2,13,7,0.65,153.59,chain1_F_chain2_E,0,3,1,0,3,1,0,0,0,0,11,7,0,1,1,1,1,1,1,0,0,pass_conserved_motif,0.69625,0,
backbone,RAPCID_backbone_rapcid_backbone_34_model_2.cif.gz,/scratch/a2149a01/RAPCID_2610_output/backbone/RAPCID_backbone_rapcid_backbone_34_model_2.cif.gz,B,A,32,23,8.533,2.683,2.971,6,3,16,8,0.6667,135.58,chain1_F_chain2_E,0,3,1,0,3,1,0,0,0,0,18,9,0,1,1,1,1,1,1,0,0,pass_conserved_motif,0.62954,0,
backbone,RAPCID_backbone_rapcid_backbone_34_model_3.cif.gz,/scratch/a2149a01/RAPCID_2610_output/backbone/RAPCID_backbone_rapcid_backbone_34_model_3.cif.gz,B,A,32,23,10.435,3.482,3.851,5,2,12,6,0.6667,130.25,chain1_F_chain2_E,0,2,1,0,2,1,0,0,0,0,8,8,1,1,1,1,1,1,1,1,1,,0.58323,1,541
backbone,RAPCID_backbone_rapcid_backbone_34_model_4.cif.gz,/scratch/a2149a01/RAPCID_2610_output/backbone/RAPCID_backbone_rapcid_backbone_34_model_4.cif.gz,B,A,32,23,12.296,3.566,3.527,5,3,12,7,0.6316,155.53,chain1_F_chain2_E,0,3,1,0,3,1,0,0,0,0,12,7,0,1,1,1,1,1,1,0,0,pass_conserved_motif,0.71009,0,
backbone,RAPCID_backbone_rapcid_backbone_34_model_5.cif.gz,/scratch/a2149a01/RAPCID_2610_output/backbone/RAPCID_backbone_rapcid_backbone_34_model_5.cif.gz,B,A,32,23,15.953,3.532,4.321,2,1,6,2,0.75,141.37,chain1_F_chain2_E,0,2,1,0,2,1,0,0,0,0,8,5,0,1,1,0,1,1,1,0,0,pass_dual_rap_contact;pass_conserved_motif,0.58695,0,
backbone,RAPCID_backbone_rapcid_backbone_34_model_6.cif.gz,/scratch/a2149a01/RAPCID_2610_output/backbone/RAPCID_backbone_rapcid_backbone_34_model_6.cif.gz,B,A,32,23,3.632,3.603,2.772,6,3,12,8,0.6,129.02,chain1_F_chain2_E,0,3,1,0,3,1,0,6,0,1,12,9,0,1,1,1,1,1,1,0,0,pass_conserved_motif,0.68101,0,
backbone,RAPCID_backbone_rapcid_backbone_34_model_7.cif.gz,/scratch/a2149a01/RAPCID_2610_output/backbone/RAPCID_backbone_rapcid_backbone_34_model_7.cif.gz,B,A,32,23,10.674,3.401,1.595,5,4,14,16,0.4667,156.3,chain1_F_chain2_E,0,2,2,0,2,2,1,0,0,0,8,8,0,1,0,1,1,1,1,0,0,pass_no_clash;pass_conserved_motif,0.78053,0,
backbone,RAPCID_backbone_rapcid_backbone_35_model_0.cif.gz,/scratch/a2149a01/RAPCID_2610_output/backbone/RAPCID_backbone_rapcid_backbone_35_model_0.cif.gz,A,B,37,37,5.658,3.072,3.603,3,5,7,9,0.4375,128.64,chain1_E_chain2_F,1,0,0,2,1,2,0,0,0,0,9,11,1,0,1,1,1,1,1,0,0,pass_conserved_motif,0.6195,0,
backbone,RAPCID_backbone_rapcid_backbone_35_model_1.cif.gz,/scratch/a2149a01/RAPCID_2610_output/backbone/RAPCID_backbone_rapcid_backbone_35_model_1.cif.gz,A,B,37,37,2.612,3.026,3.524,7,6,21,13,0.6176,105.71,chain1_E_chain2_F,1,0,0,3,1,3,0,3,1,1,11,13,1,0,1,1,1,1,1,0,0,pass_conserved_motif,0.59794,0,
backbone,RAPCID_backbone_rapcid_backbone_35_model_2.cif.gz,/scratch/a2149a01/RAPCID_2610_output/backbone/RAPCID_backbone_rapcid_backbone_35_model_2.cif.gz,A,B,37,37,3.174,2.614,2.567,4,4,11,14,0.44,119.17,chain1_E_chain2_F,1,0,0,2,1,2,0,2,0,1,9,10,1,0,1,1,1,1,1,0,0,pass_conserved_motif,0.6156,0,
backbone,RAPCID_backbone_rapcid_backbone_35_model_3.cif.gz,/scratch/a2149a01/RAPCID_2610_output/backbone/RAPCID_backbone_rapcid_backbone_35_model_3.cif.gz,A,B,37,37,2.506,3.052,2.41,4,5,8,19,0.2963,113.21,chain1_E_chain2_F,1,0,0,2,1,2,0,7,0,1,12,8,2,0,1,1,1,1,1,0,0,pass_conserved_motif,0.56327,0,
backbone,RAPCID_backbone_rapcid_backbone_35_model_4.cif.gz,/scratch/a2149a01/RAPCID_2610_output/backbone/RAPCID_backbone_rapcid_backbone_35_model_4.cif.gz,A,B,37,37,7.883,3.046,2.62,4,5,15,19,0.4412,120.35,chain1_E_chain2_F,2,0,0,2,2,2,0,0,0,0,13,14,1,1,1,1,1,1,1,1,1,,0.62194,1,460
backbone,RAPCID_backbone_rapcid_backbone_35_model_5.cif.gz,/scratch/a2149a01/RAPCID_2610_output/backbone/RAPCID_backbone_rapcid_backbone_35_model_5.cif.gz,A,B,37,37,2.39,2.781,3.426,3,6,9,16,0.36,103.0,chain1_E_chain2_F,1,0,0,2,1,2,0,6,1,1,9,10,1,0,1,1,1,1,1,0,0,pass_conserved_motif,0.56637,0,
backbone,RAPCID_backbone_rapcid_backbone_35_model_6.cif.gz,/scratch/a2149a01/RAPCID_2610_output/backbone/RAPCID_backbone_rapcid_backbone_35_model_6.cif.gz,A,B,37,37,4.379,2.766,1.939,3,3,10,12,0.4545,117.11,chain1_E_chain2_F,1,0,0,2,1,2,0,0,0,0,13,9,1,0,0,1,1,1,1,0,0,pass_no_clash;pass_conserved_motif,0.5879,0,
backbone,RAPCID_backbone_rapcid_backbone_35_model_7.cif.gz,/scratch/a2149a01/RAPCID_2610_output/backbone/RAPCID_backbone_rapcid_backbone_35_model_7.cif.gz,A,B,37,37,3.843,3.286,1.97,3,5,16,18,0.4706,114.58,chain1_E_chain2_F,2,0,1,2,2,2,0,1,0,1,11,8,1,0,0,1,1,1,1,0,0,pass_no_clash;pass_conserved_motif,0.63611,0,
backbone,RAPCID_backbone_rapcid_backbone_36_model_0.cif.gz,/scratch/a2149a01/RAPCID_2610_output/backbone/RAPCID_backbone_rapcid_backbone_36_model_0.cif.gz,B,A,37,20,9.865,3.246,3.186,3,3,9,7,0.5625,139.99,chain1_F_chain2_E,0,2,1,0,2,1,0,0,0,0,8,8,0,1,1,1,1,1,1,0,0,pass_conserved_motif,0.65735,0,
backbone,RAPCID_backbone_rapcid_backbone_36_model_1.cif.gz,/scratch/a2149a01/RAPCID_2610_output/backbone/RAPCID_backbone_rapcid_backbone_36_model_1.cif.gz,B,A,37,20,9.273,2.516,2.569,3,4,10,13,0.4348,162.99,chain1_F_chain2_E,0,2,2,0,2,2,1,0,0,0,9,8,0,1,1,1,1,1,1,0,0,pass_conserved_motif,0.76348,0,
backbone,RAPCID_backbone_rapcid_backbone_36_model_2.cif.gz,/scratch/a2149a01/RAPCID_2610_output/backbone/RAPCID_backbone_rapcid_backbone_36_model_2.cif.gz,B,A,37,20,6.114,3.568,3.468,4,4,10,8,0.5556,132.43,chain1_F_chain2_E,0,2,1,0,2,1,0,0,0,0,10,10,0,1,1,1,1,1,1,0,0,pass_conserved_motif,0.63491,0,
backbone,RAPCID_backbone_rapcid_backbone_36_model_3.cif.gz,/scratch/a2149a01/RAPCID_2610_output/backbone/RAPCID_backbone_rapcid_backbone_36_model_3.cif.gz,B,A,37,20,9.495,3.323,2.312,7,4,15,12,0.5556,165.2,chain1_F_chain2_E,0,3,2,0,3,2,1,0,0,0,13,8,0,1,1,1,1,1,1,0,0,pass_conserved_motif,0.78854,0,
backbone,RAPCID_backbone_rapcid_backbone_36_model_4.cif.gz,/scratch/a2149a01/RAPCID_2610_output/backbone/RAPCID_backbone_rapcid_backbone_36_model_4.cif.gz,B,A,37,20,9.957,3.411,2.218,4,5,11,14,0.44,173.72,chain1_F_chain2_E,0,3,2,0,3,2,1,0,0,0,10,8,0,1,1,1,1,1,1,0,0,pass_conserved_motif,0.75837,0,
backbone,RAPCID_backbone_rapcid_backbone_36_model_5.cif.gz,/scratch/a2149a01/RAPCID_2610_output/backbone/RAPCID_backbone_rapcid_backbone_36_model_5.cif.gz,B,A,37,20,10.026,3.131,3.545,6,2,16,8,0.6667,175.04,chain1_F_chain2_E,1,3,2,0,3,2,1,0,0,0,15,8,0,1,1,1,1,1,1,0,0,pass_conserved_motif,0.71128,0,
backbone,RAPCID_backbone_rapcid_backbone_36_model_6.cif.gz,/scratch/a2149a01/RAPCID_2610_output/backbone/RAPCID_backbone_rapcid_backbone_36_model_6.cif.gz,B,A,37,20,13.158,2.458,3.443,5,2,14,4,0.7778,170.26,chain1_F_chain2_E,0,3,0,0,3,0,1,0,0,0,10,6,0,1,1,1,1,1,1,0,0,pass_conserved_motif,0.62564,0,
backbone,RAPCID_backbone_rapcid_backbone_36_model_7.cif.gz,/scratch/a2149a01/RAPCID_2610_output/backbone/RAPCID_backbone_rapcid_backbone_36_model_7.cif.gz,B,A,37,20,8.813,3.332,1.871,7,4,20,13,0.6061,174.13,chain1_F_chain2_E,1,3,2,0,3,2,1,0,0,0,14,8,0,1,0,1,1,1,1,0,0,pass_no_clash;pass_conserved_motif,0.73857,0,
backbone,RAPCID_backbone_rapcid_backbone_37_model_0.cif.gz,/scratch/a2149a01/RAPCID_2610_output/backbone/RAPCID_backbone_rapcid_backbone_37_model_0.cif.gz,B,A,35,30,3.103,2.816,2.397,4,6,11,16,0.4074,107.39,chain1_F_chain2_E,0,2,1,0,2,1,0,6,1,0,9,11,0,1,1,1,1,1,1,0,0,pass_conserved_motif,0.58331,0,
backbone,RAPCID_backbone_rapcid_backbone_37_model_1.cif.gz,/scratch/a2149a01/RAPCID_2610_output/backbone/RAPCID_backbone_rapcid_backbone_37_model_1.cif.gz,B,A,35,30,9.83,3.412,3.046,5,2,13,7,0.65,146.15,chain1_F_chain2_E,0,3,1,0,3,1,0,0,0,0,11,12,0,1,1,1,1,1,1,0,0,pass_conserved_motif,0.67145,0,
backbone,RAPCID_backbone_rapcid_backbone_37_model_2.cif.gz,/scratch/a2149a01/RAPCID_2610_output/backbone/RAPCID_backbone_rapcid_backbone_37_model_2.cif.gz,B,A,35,30,3.696,3.469,3.228,7,3,15,9,0.625,135.46,chain1_F_chain2_E,1,3,2,0,3,2,0,3,0,0,17,10,1,1,1,1,1,1,1,1,1,,0.68938,1,242
backbone,RAPCID_backbone_rapcid_backbone_37_model_3.cif.gz,/scratch/a2149a01/RAPCID_2610_output/backbone/RAPCID_backbone_rapcid_backbone_37_model_3.cif.gz,B,A,35,30,3.393,3.41,2.663,5,4,15,10,0.6,121.9,chain1_F_chain2_E,0,3,1,0,3,1,0,2,0,0,11,10,0,1,1,1,1,1,1,0,0,pass_conserved_motif,0.62061,0,
backbone,RAPCID_backbone_rapcid_backbone_37_model_4.cif.gz,/scratch/a2149a01/RAPCID_2610_output/backbone/RAPCID_backbone_rapcid_backbone_37_model_4.cif.gz,B,A,35,30,2.749,3.365,2.799,3,5,8,11,0.4211,105.77,chain1_F_chain2_E,0,2,1,0,2,1,0,12,0,0,9,13,1,1,1,1,1,1,1,1,1,,0.55671,1,586
backbone,RAPCID_backbone_rapcid_backbone_37_model_5.cif.gz,/scratch/a2149a01/RAPCID_2610_output/backbone/RAPCID_backbone_rapcid_backbone_37_model_5.cif.gz,B,A,35,30,3.329,3.282,2.66,7,6,23,19,0.5476,131.52,chain1_F_chain2_E,1,3,1,0,3,1,0,7,0,1,13,13,0,1,1,1,1,1,1,0,0,pass_conserved_motif,0.71531,0,
backbone,RAPCID_backbone_rapcid_backbone_37_model_6.cif.gz,/scratch/a2149a01/RAPCID_2610_output/backbone/RAPCID_backbone_rapcid_backbone_37_model_6.cif.gz,B,A,35,30,3.43,3.421,2.576,6,7,17,16,0.5152,131.03,chain1_F_chain2_E,0,3,1,0,3,1,0,3,1,0,16,11,0,1,1,1,1,1,1,0,0,pass_conserved_motif,0.70666,0,
backbone,RAPCID_backbone_rapcid_backbone_37_model_7.cif.gz,/scratch/a2149a01/RAPCID_2610_output/backbone/RAPCID_backbone_rapcid_backbone_37_model_7.cif.gz,B,A,35,30,3.041,2.498,3.202,4,4,16,16,0.5,98.58,chain1_F_chain2_E,1,2,1,0,2,1,0,12,0,1,9,11,1,2,1,1,1,1,1,1,1,,0.58098,1,551
backbone,RAPCID_backbone_rapcid_backbone_38_model_0.cif.gz,/scratch/a2149a01/RAPCID_2610_output/backbone/RAPCID_backbone_rapcid_backbone_38_model_0.cif.gz,B,A,31,30,5.458,2.867,2.675,5,5,19,14,0.5758,148.8,chain1_F_chain2_E,0,3,1,0,3,1,0,0,0,0,12,11,0,1,1,1,1,1,1,0,0,pass_conserved_motif,0.70999,0,
backbone,RAPCID_backbone_rapcid_backbone_38_model_1.cif.gz,/scratch/a2149a01/RAPCID_2610_output/backbone/RAPCID_backbone_rapcid_backbone_38_model_1.cif.gz,B,A,31,30,3.158,3.463,3.19,6,4,16,8,0.6667,123.93,chain1_F_chain2_E,0,3,1,0,3,1,0,2,0,0,12,11,0,1,1,1,1,1,1,0,0,pass_conserved_motif,0.60071,0,
backbone,RAPCID_backbone_rapcid_backbone_38_model_2.cif.gz,/scratch/a2149a01/RAPCID_2610_output/backbone/RAPCID_backbone_rapcid_backbone_38_model_2.cif.gz,B,A,31,30,2.525,3.784,2.504,6,6,13,16,0.4483,137.53,chain1_F_chain2_E,0,3,1,0,3,1,0,6,1,0,13,12,0,1,1,1,1,1,1,0,0,pass_conserved_motif,0.72871,0,
backbone,RAPCID_backbone_rapcid_backbone_38_model_3.cif.gz,/scratch/a2149a01/RAPCID_2610_output/backbone/RAPCID_backbone_rapcid_backbone_38_model_3.cif.gz,B,A,31,30,3.273,3.826,2.542,6,7,11,21,0.3438,135.55,chain1_F_chain2_E,0,3,1,0,3,1,0,3,0,0,12,12,0,1,1,1,1,1,1,0,0,pass_conserved_motif,0.64862,0,
backbone,RAPCID_backbone_rapcid_backbone_38_model_4.cif.gz,/scratch/a2149a01/RAPCID_2610_output/backbone/RAPCID_backbone_rapcid_backbone_38_model_4.cif.gz,B,A,31,30,3.609,3.398,2.886,5,6,17,15,0.5312,129.49,chain1_F_chain2_E,0,3,1,0,3,1,0,3,0,0,12,15,0,1,1,1,1,1,1,0,0,pass_conserved_motif,0.67841,0,
backbone,RAPCID_backbone_rapcid_backbone_38_model_5.cif.gz,/scratch/a2149a01/RAPCID_2610_output/backbone/RAPCID_backbone_rapcid_backbone_38_model_5.cif.gz,B,A,31,30,2.668,3.52,2.37,5,8,17,18,0.4857,131.54,chain1_F_chain2_E,0,3,1,0,3,1,0,5,1,1,12,11,0,1,1,1,1,1,1,0,0,pass_conserved_motif,0.73539,0,
backbone,RAPCID_backbone_rapcid_backbone_38_model_6.cif.gz,/scratch/a2149a01/RAPCID_2610_output/backbone/RAPCID_backbone_rapcid_backbone_38_model_6.cif.gz,B,A,31,30,3.624,3.447,1.785,5,6,18,16,0.5294,140.84,chain1_F_chain2_E,0,3,1,0,3,1,0,4,0,0,13,13,0,1,0,1,1,1,1,0,0,pass_no_clash;pass_conserved_motif,0.722,0,
backbone,RAPCID_backbone_rapcid_backbone_38_model_7.cif.gz,/scratch/a2149a01/RAPCID_2610_output/backbone/RAPCID_backbone_rapcid_backbone_38_model_7.cif.gz,B,A,31,30,3.047,3.394,2.812,5,7,23,15,0.6053,129.52,chain1_F_chain2_E,0,3,1,0,3,1,0,4,1,1,13,12,0,1,1,1,1,1,1,0,0,pass_conserved_motif,0.68724,0,
backbone,RAPCID_backbone_rapcid_backbone_39_model_0.cif.gz,/scratch/a2149a01/RAPCID_2610_output/backbone/RAPCID_backbone_rapcid_backbone_39_model_0.cif.gz,A,B,41,31,10.237,2.777,3.5,4,5,11,16,0.4074,166.19,chain1_E_chain2_F,1,0,0,3,1,3,0,0,0,0,9,15,1,0,1,1,1,1,1,0,0,pass_conserved_motif,0.71328,0,
backbone,RAPCID_backbone_rapcid_backbone_39_model_1.cif.gz,/scratch/a2149a01/RAPCID_2610_output/backbone/RAPCID_backbone_rapcid_backbone_39_model_1.cif.gz,A,B,41,31,12.471,3.339,3.343,3,5,6,19,0.24,170.97,chain1_E_chain2_F,1,0,0,3,1,3,0,0,0,0,8,16,2,0,1,1,1,1,1,0,0,pass_conserved_motif,0.63039,0,
backbone,RAPCID_backbone_rapcid_backbone_39_model_2.cif.gz,/scratch/a2149a01/RAPCID_2610_output/backbone/RAPCID_backbone_rapcid_backbone_39_model_2.cif.gz,A,B,41,31,3.225,3.05,3.815,3,6,7,14,0.3333,138.96,chain1_E_chain2_F,1,0,0,3,1,3,0,6,0,0,9,14,1,0,1,1,1,1,1,0,0,pass_conserved_motif,0.67083,0,
backbone,RAPCID_backbone_rapcid_backbone_39_model_3.cif.gz,/scratch/a2149a01/RAPCID_2610_output/backbone/RAPCID_backbone_rapcid_backbone_39_model_3.cif.gz,A,B,41,31,3.284,2.022,2.976,6,5,13,24,0.3514,139.13,chain1_E_chain2_F,1,0,0,3,1,3,0,3,0,1,15,16,1,0,1,1,1,1,1,0,0,pass_conserved_motif,0.68025,0,
backbone,RAPCID_backbone_rapcid_backbone_39_model_4.cif.gz,/scratch/a2149a01/RAPCID_2610_output/backbone/RAPCID_backbone_rapcid_backbone_39_model_4.cif.gz,A,B,41,31,6.153,3.05,3.106,5,6,19,17,0.5278,144.72,chain1_E_chain2_F,1,0,0,3,1,3,0,0,0,0,11,15,1,0,1,1,1,1,1,0,0,pass_conserved_motif,0.71557,0,
backbone,RAPCID_backbone_rapcid_backbone_39_model_5.cif.gz,/scratch/a2149a01/RAPCID_2610_output/backbone/RAPCID_backbone_rapcid_backbone_39_model_5.cif.gz,A,B,41,31,7.828,2.732,3.742,5,7,16,19,0.4571,147.18,chain1_E_chain2_F,1,0,0,3,1,3,0,0,0,0,10,16,2,0,1,1,1,1,1,0,0,pass_conserved_motif,0.71775,0,
backbone,RAPCID_backbone_rapcid_backbone_39_model_6.cif.gz,/scratch/a2149a01/RAPCID_2610_output/backbone/RAPCID_backbone_rapcid_backbone_39_model_6.cif.gz,A,B,41,31,8.084,2.864,3.517,4,5,11,18,0.3793,158.47,chain1_E_chain2_F,2,0,0,3,2,3,0,0,0,0,9,15,1,0,1,1,1,1,1,0,0,pass_conserved_motif,0.75282,0,
backbone,RAPCID_backbone_rapcid_backbone_39_model_7.cif.gz,/scratch/a2149a01/RAPCID_2610_output/backbone/RAPCID_backbone_rapcid_backbone_39_model_7.cif.gz,A,B,41,31,6.424,2.821,3.843,5,5,13,12,0.52,141.26,chain1_E_chain2_F,2,0,0,3,2,3,0,0,0,0,11,14,1,0,1,1,1,1,1,0,0,pass_conserved_motif,0.73573,0,
backbone,RAPCID_backbone_rapcid_backbone_3_model_0.cif.gz,/scratch/a2149a01/RAPCID_2610_output/backbone/RAPCID_backbone_rapcid_backbone_3_model_0.cif.gz,A,B,34,26,3.556,3.15,3.32,5,6,11,15,0.4231,148.32,chain1_E_chain2_F,1,0,0,3,1,3,0,7,0,1,12,16,1,0,1,1,1,1,1,0,0,pass_conserved_motif,0.75957,0,
backbone,RAPCID_backbone_rapcid_backbone_3_model_1.cif.gz,/scratch/a2149a01/RAPCID_2610_output/backbone/RAPCID_backbone_rapcid_backbone_3_model_1.cif.gz,A,B,34,26,2.807,2.371,2.802,8,4,22,16,0.5789,136.56,chain1_E_chain2_F,1,0,0,2,1,2,0,5,0,0,11,16,1,0,1,1,1,1,1,0,0,pass_conserved_motif,0.66435,0,
backbone,RAPCID_backbone_rapcid_backbone_3_model_2.cif.gz,/scratch/a2149a01/RAPCID_2610_output/backbone/RAPCID_backbone_rapcid_backbone_3_model_2.cif.gz,A,B,34,26,3.532,2.987,3.719,6,5,14,11,0.56,136.88,chain1_E_chain2_F,1,0,0,3,1,3,0,2,0,0,10,16,1,0,1,1,1,1,1,0,0,pass_conserved_motif,0.68655,0,
backbone,RAPCID_backbone_rapcid_backbone_3_model_3.cif.gz,/scratch/a2149a01/RAPCID_2610_output/backbone/RAPCID_backbone_rapcid_backbone_3_model_3.cif.gz,A,B,34,26,4.226,3.051,3.403,6,4,12,11,0.5217,170.06,chain1_E_chain2_F,1,0,0,2,1,2,0,0,0,0,11,15,1,0,1,1,1,1,1,0,0,pass_conserved_motif,0.70017,0,
backbone,RAPCID_backbone_rapcid_backbone_3_model_4.cif.gz,/scratch/a2149a01/RAPCID_2610_output/backbone/RAPCID_backbone_rapcid_backbone_3_model_4.cif.gz,A,B,34,26,13.743,3.628,3.501,1,5,2,13,0.1333,152.92,chain1_E_chain2_F,1,0,0,3,1,3,0,0,0,0,8,14,1,0,1,0,1,1,1,0,0,pass_dual_rap_contact;pass_conserved_motif,0.60734,0,
backbone,RAPCID_backbone_rapcid_backbone_3_model_5.cif.gz,/scratch/a2149a01/RAPCID_2610_output/backbone/RAPCID_backbone_rapcid_backbone_3_model_5.cif.gz,A,B,34,26,4.741,2.404,3.436,5,6,15,17,0.4688,143.02,chain1_E_chain2_F,1,0,0,3,1,3,0,0,0,0,11,14,1,0,1,1,1,1,1,0,0,pass_conserved_motif,0.70853,0,
backbone,RAPCID_backbone_rapcid_backbone_3_model_6.cif.gz,/scratch/a2149a01/RAPCID_2610_output/backbone/RAPCID_backbone_rapcid_backbone_3_model_6.cif.gz,A,B,34,26,3.772,2.755,3.623,6,5,18,13,0.5806,127.23,chain1_E_chain2_F,1,0,0,3,1,3,0,2,1,0,11,15,1,0,1,1,1,1,1,0,0,pass_conserved_motif,0.6628,0,
backbone,RAPCID_backbone_rapcid_backbone_3_model_7.cif.gz,/scratch/a2149a01/RAPCID_2610_output/backbone/RAPCID_backbone_rapcid_backbone_3_model_7.cif.gz,A,B,34,26,3.86,2.78,3.292,5,5,14,19,0.4242,156.9,chain1_E_chain2_F,1,0,0,3,1,3,0,1,0,0,12,15,1,0,1,1,1,1,1,0,0,pass_conserved_motif,0.74198,0,
backbone,RAPCID_backbone_rapcid_backbone_40_model_0.cif.gz,/scratch/a2149a01/RAPCID_2610_output/backbone/RAPCID_backbone_rapcid_backbone_40_model_0.cif.gz,B,A,47,32,10.089,1.388,1.998,5,5,15,16,0.4839,160.69,chain1_F_chain2_E,0,3,2,0,3,2,1,0,0,0,11,8,0,1,0,1,1,1,1,0,0,pass_no_clash;pass_conserved_motif,0.81933,0,
backbone,RAPCID_backbone_rapcid_backbone_40_model_1.cif.gz,/scratch/a2149a01/RAPCID_2610_output/backbone/RAPCID_backbone_rapcid_backbone_40_model_1.cif.gz,B,A,47,32,3.17,2.509,1.946,4,6,13,19,0.4062,138.53,chain1_F_chain2_E,1,2,2,0,2,2,1,9,0,1,13,13,0,1,0,1,1,1,1,0,0,pass_no_clash;pass_conserved_motif,0.7488,0,
backbone,RAPCID_backbone_rapcid_backbone_40_model_2.cif.gz,/scratch/a2149a01/RAPCID_2610_output/backbone/RAPCID_backbone_rapcid_backbone_40_model_2.cif.gz,B,A,47,32,11.69,3.56,2.982,5,3,12,6,0.6667,160.21,chain1_F_chain2_E,0,3,1,0,3,1,0,0,0,0,10,7,0,1,1,1,1,1,1,0,0,pass_conserved_motif,0.70358,0,
backbone,RAPCID_backbone_rapcid_backbone_40_model_3.cif.gz,/scratch/a2149a01/RAPCID_2610_output/backbone/RAPCID_backbone_rapcid_backbone_40_model_3.cif.gz,B,A,47,32,4.067,2.689,3.235,5,2,11,5,0.6875,123.84,chain1_F_chain2_E,0,2,1,0,2,1,0,0,0,0,10,8,0,1,1,1,1,1,1,0,0,pass_conserved_motif,0.5535,0,
backbone,RAPCID_backbone_rapcid_backbone_40_model_4.cif.gz,/scratch/a2149a01/RAPCID_2610_output/backbone/RAPCID_backbone_rapcid_backbone_40_model_4.cif.gz,B,A,47,32,8.005,2.992,1.782,7,4,27,14,0.6585,168.43,chain1_F_chain2_E,1,3,2,0,3,2,1,0,0,0,13,8,0,1,0,1,1,1,1,0,0,pass_no_clash;pass_conserved_motif,0.73658,0,
backbone,RAPCID_backbone_rapcid_backbone_40_model_5.cif.gz,/scratch/a2149a01/RAPCID_2610_output/backbone/RAPCID_backbone_rapcid_backbone_40_model_5.cif.gz,B,A,47,32,4.304,3.242,2.847,5,5,19,17,0.5278,134.63,chain1_F_chain2_E,0,3,1,0,3,1,0,0,0,0,12,8,0,2,1,1,1,1,1,0,0,pass_conserved_motif,0.68193,0,
backbone,RAPCID_backbone_rapcid_backbone_40_model_6.cif.gz,/scratch/a2149a01/RAPCID_2610_output/backbone/RAPCID_backbone_rapcid_backbone_40_model_6.cif.gz,B,A,47,32,8.409,2.648,1.808,4,8,11,24,0.3143,143.39,chain1_F_chain2_E,0,2,3,0,2,3,1,0,0,0,10,16,0,2,0,1,1,1,1,0,0,pass_no_clash;pass_conserved_motif,0.7051,0,
backbone,RAPCID_backbone_rapcid_backbone_40_model_7.cif.gz,/scratch/a2149a01/RAPCID_2610_output/backbone/RAPCID_backbone_rapcid_backbone_40_model_7.cif.gz,B,A,47,32,2.576,3.151,2.891,5,4,17,12,0.5862,118.72,chain1_F_chain2_E,0,2,1,0,2,1,0,11,1,2,9,8,1,1,1,1,1,1,1,1,1,,0.65197,1,372
backbone,RAPCID_backbone_rapcid_backbone_41_model_0.cif.gz,/scratch/a2149a01/RAPCID_2610_output/backbone/RAPCID_backbone_rapcid_backbone_41_model_0.cif.gz,A,B,36,33,3.38,2.945,3.308,7,6,12,15,0.4444,140.83,chain1_E_chain2_F,2,0,0,3,2,3,0,5,0,0,15,14,1,0,1,1,1,1,1,0,0,pass_conserved_motif,0.74507,0,
backbone,RAPCID_backbone_rapcid_backbone_41_model_1.cif.gz,/scratch/a2149a01/RAPCID_2610_output/backbone/RAPCID_backbone_rapcid_backbone_41_model_1.cif.gz,A,B,36,33,3.584,2.809,3.042,5,6,18,9,0.6667,138.15,chain1_E_chain2_F,2,0,1,3,2,3,1,4,0,0,16,11,1,0,1,1,1,1,1,0,0,pass_conserved_motif,0.71526,0,
backbone,RAPCID_backbone_rapcid_backbone_41_model_2.cif.gz,/scratch/a2149a01/RAPCID_2610_output/backbone/RAPCID_backbone_rapcid_backbone_41_model_2.cif.gz,A,B,36,33,2.983,2.788,2.808,5,4,26,13,0.6667,111.54,chain1_E_chain2_F,2,0,1,2,2,2,1,8,1,1,12,10,2,0,1,1,1,1,1,0,0,pass_conserved_motif,0.65132,0,
backbone,RAPCID_backbone_rapcid_backbone_41_model_3.cif.gz,/scratch/a2149a01/RAPCID_2610_output/backbone/RAPCID_backbone_rapcid_backbone_41_model_3.cif.gz,A,B,36,33,3.182,3.165,2.672,5,5,12,14,0.4615,107.41,chain1_E_chain2_F,1,0,0,2,1,2,0,7,1,1,10,10,1,0,1,1,1,1,1,0,0,pass_conserved_motif,0.6267,0,
backbone,RAPCID_backbone_rapcid_backbone_41_model_4.cif.gz,/scratch/a2149a01/RAPCID_2610_output/backbone/RAPCID_backbone_rapcid_backbone_41_model_4.cif.gz,A,B,36,33,3.12,3.041,2.749,4,5,12,16,0.4286,117.6,chain1_E_chain2_F,2,0,0,2,2,2,0,7,0,0,10,8,1,0,1,1,1,1,1,0,0,pass_conserved_motif,0.64272,0,
backbone,RAPCID_backbone_rapcid_backbone_41_model_5.cif.gz,/scratch/a2149a01/RAPCID_2610_output/backbone/RAPCID_backbone_rapcid_backbone_41_model_5.cif.gz,A,B,36,33,3.633,3.106,2.917,3,5,7,11,0.3889,129.96,chain1_E_chain2_F,1,0,1,3,1,3,0,6,0,0,10,13,1,0,1,1,1,1,1,0,0,pass_conserved_motif,0.66305,0,
backbone,RAPCID_backbone_rapcid_backbone_41_model_6.cif.gz,/scratch/a2149a01/RAPCID_2610_output/backbone/RAPCID_backbone_rapcid_backbone_41_model_6.cif.gz,A,B,36,33,3.243,2.873,2.662,7,3,17,16,0.5152,96.66,chain1_E_chain2_F,2,0,1,2,2,2,0,7,0,0,13,9,1,0,1,1,1,1,1,0,0,pass_conserved_motif,0.59542,0,
backbone,RAPCID_backbone_rapcid_backbone_41_model_7.cif.gz,/scratch/a2149a01/RAPCID_2610_output/backbone/RAPCID_backbone_rapcid_backbone_41_model_7.cif.gz,A,B,36,33,3.517,2.261,3.252,4,8,11,25,0.3056,122.58,chain1_E_chain2_F,1,0,1,3,1,3,0,2,1,1,12,19,1,0,1,1,1,1,1,0,0,pass_conserved_motif,0.61843,0,
backbone,RAPCID_backbone_rapcid_backbone_42_model_0.cif.gz,/scratch/a2149a01/RAPCID_2610_output/backbone/RAPCID_backbone_rapcid_backbone_42_model_0.cif.gz,A,B,38,33,2.934,2.697,2.468,4,4,15,16,0.4839,128.1,chain1_E_chain2_F,2,0,1,2,2,2,0,8,0,0,12,10,1,0,1,1,1,1,1,0,0,pass_conserved_motif,0.70484,0,
backbone,RAPCID_backbone_rapcid_backbone_42_model_1.cif.gz,/scratch/a2149a01/RAPCID_2610_output/backbone/RAPCID_backbone_rapcid_backbone_42_model_1.cif.gz,A,B,38,33,3.399,2.908,3.245,3,5,7,10,0.4118,128.96,chain1_E_chain2_F,1,0,1,2,1,2,0,9,0,0,9,10,1,1,1,1,1,1,1,1,1,,0.6453,1,389
backbone,RAPCID_backbone_rapcid_backbone_42_model_2.cif.gz,/scratch/a2149a01/RAPCID_2610_output/backbone/RAPCID_backbone_rapcid_backbone_42_model_2.cif.gz,A,B,38,33,3.107,2.672,2.741,4,4,9,15,0.375,114.92,chain1_E_chain2_F,1,0,1,2,1,2,0,13,0,0,11,9,1,0,1,1,1,1,1,0,0,pass_conserved_motif,0.5638,0,
backbone,RAPCID_backbone_rapcid_backbone_42_model_3.cif.gz,/scratch/a2149a01/RAPCID_2610_output/backbone/RAPCID_backbone_rapcid_backbone_42_model_3.cif.gz,A,B,38,33,3.435,2.318,3.566,3,7,12,13,0.48,124.31,chain1_E_chain2_F,1,0,0,3,1,3,0,7,0,0,8,11,1,0,1,1,1,1,1,0,0,pass_conserved_motif,0.68565,0,
backbone,RAPCID_backbone_rapcid_backbone_42_model_4.cif.gz,/scratch/a2149a01/RAPCID_2610_output/backbone/RAPCID_backbone_rapcid_backbone_42_model_4.cif.gz,A,B,38,33,3.016,2.047,2.858,5,4,13,18,0.4194,131.97,chain1_E_chain2_F,2,0,1,2,2,2,1,10,1,0,10,11,1,0,1,1,1,1,1,0,0,pass_conserved_motif,0.72718,0,
backbone,RAPCID_backbone_rapcid_backbone_42_model_5.cif.gz,/scratch/a2149a01/RAPCID_2610_output/backbone/RAPCID_backbone_rapcid_backbone_42_model_5.cif.gz,A,B,38,33,4.017,3.275,3.173,3,4,10,11,0.4762,125.51,chain1_E_chain2_F,1,0,0,3,1,3,0,0,0,0,8,12,1,0,1,1,1,1,1,0,0,pass_conserved_motif,0.65312,0,
backbone,RAPCID_backbone_rapcid_backbone_42_model_6.cif.gz,/scratch/a2149a01/RAPCID_2610_output/backbone/RAPCID_backbone_rapcid_backbone_42_model_6.cif.gz,A,B,38,33,2.647,2.527,3.12,3,5,8,17,0.32,122.11,chain1_E_chain2_F,2,0,1,2,2,2,0,15,0,0,8,10,1,0,1,1,1,1,1,0,0,pass_conserved_motif,0.5843,0,
backbone,RAPCID_backbone_rapcid_backbone_42_model_7.cif.gz,/scratch/a2149a01/RAPCID_2610_output/backbone/RAPCID_backbone_rapcid_backbone_42_model_7.cif.gz,A,B,38,33,2.726,3.152,2.858,3,6,9,17,0.3462,139.21,chain1_E_chain2_F,2,0,0,3,2,3,0,8,1,0,8,14,1,0,1,1,1,1,1,0,0,pass_conserved_motif,0.73203,0,
backbone,RAPCID_backbone_rapcid_backbone_43_model_0.cif.gz,/scratch/a2149a01/RAPCID_2610_output/backbone/RAPCID_backbone_rapcid_backbone_43_model_0.cif.gz,A,B,38,14,6.686,2.467,3.093,5,6,17,17,0.5,153.48,chain1_E_chain2_F,2,0,0,3,2,3,0,0,0,0,14,12,1,0,1,1,1,1,1,0,0,pass_conserved_motif,0.78445,0,
backbone,RAPCID_backbone_rapcid_backbone_43_model_1.cif.gz,/scratch/a2149a01/RAPCID_2610_output/backbone/RAPCID_backbone_rapcid_backbone_43_model_1.cif.gz,A,B,38,14,12.468,3.082,3.578,3,4,8,9,0.4706,163.51,chain1_E_chain2_F,1,0,0,2,1,2,0,0,0,0,9,12,1,0,1,1,1,1,1,0,0,pass_conserved_motif,0.71893,0,
backbone,RAPCID_backbone_rapcid_backbone_43_model_2.cif.gz,/scratch/a2149a01/RAPCID_2610_output/backbone/RAPCID_backbone_rapcid_backbone_43_model_2.cif.gz,A,B,38,14,6.94,3.017,3.492,4,5,17,17,0.5,152.5,chain1_E_chain2_F,2,0,0,3,2,3,0,0,0,0,10,12,1,0,1,1,1,1,1,0,0,pass_conserved_motif,0.7812,0,
backbone,RAPCID_backbone_rapcid_backbone_43_model_3.cif.gz,/scratch/a2149a01/RAPCID_2610_output/backbone/RAPCID_backbone_rapcid_backbone_43_model_3.cif.gz,A,B,38,14,2.007,2.023,3.597,6,5,14,14,0.5,156.17,chain1_E_chain2_F,1,0,0,3,1,3,0,5,0,1,12,12,1,0,1,1,1,1,1,0,0,pass_conserved_motif,0.80653,0,
backbone,RAPCID_backbone_rapcid_backbone_43_model_4.cif.gz,/scratch/a2149a01/RAPCID_2610_output/backbone/RAPCID_backbone_rapcid_backbone_43_model_4.cif.gz,A,B,38,14,9.813,2.434,3.291,5,6,13,17,0.4333,158.41,chain1_E_chain2_F,1,0,0,3,1,3,0,0,0,0,10,12,1,0,1,1,1,1,1,0,0,pass_conserved_motif,0.74565,0,
backbone,RAPCID_backbone_rapcid_backbone_43_model_5.cif.gz,/scratch/a2149a01/RAPCID_2610_output/backbone/RAPCID_backbone_rapcid_backbone_43_model_5.cif.gz,A,B,38,14,8.505,3.019,3.529,4,5,15,16,0.4839,152.21,chain1_E_chain2_F,2,0,0,3,2,3,0,0,0,0,10,12,2,0,1,1,1,1,1,0,0,pass_conserved_motif,0.77376,0,
backbone,RAPCID_backbone_rapcid_backbone_43_model_6.cif.gz,/scratch/a2149a01/RAPCID_2610_output/backbone/RAPCID_backbone_rapcid_backbone_43_model_6.cif.gz,A,B,38,14,9.012,3.284,3.597,4,6,11,15,0.4231,154.56,chain1_E_chain2_F,1,0,0,3,1,3,0,0,0,0,10,12,1,0,1,1,1,1,1,0,0,pass_conserved_motif,0.72872,0,
backbone,RAPCID_backbone_rapcid_backbone_43_model_7.cif.gz,/scratch/a2149a01/RAPCID_2610_output/backbone/RAPCID_backbone_rapcid_backbone_43_model_7.cif.gz,A,B,38,14,10.028,2.958,3.252,4,5,8,17,0.32,162.35,chain1_E_chain2_F,1,0,0,3,1,3,0,0,0,0,12,12,1,0,1,1,1,1,1,0,0,pass_conserved_motif,0.69111,0,
backbone,RAPCID_backbone_rapcid_backbone_44_model_0.cif.gz,/scratch/a2149a01/RAPCID_2610_output/backbone/RAPCID_backbone_rapcid_backbone_44_model_0.cif.gz,A,B,34,21,9.422,2.477,3.391,6,5,16,14,0.5333,165.71,chain1_E_chain2_F,1,0,0,3,1,3,0,0,0,0,11,16,1,0,1,1,1,1,1,0,0,pass_conserved_motif,0.73857,0,
backbone,RAPCID_backbone_rapcid_backbone_44_model_1.cif.gz,/scratch/a2149a01/RAPCID_2610_output/backbone/RAPCID_backbone_rapcid_backbone_44_model_1.cif.gz,A,B,34,21,7.483,3.001,3.383,4,6,12,19,0.3871,161.32,chain1_E_chain2_F,1,0,0,3,1,3,0,0,0,0,10,15,1,1,1,1,1,1,1,1,1,,0.7214,1,135
backbone,RAPCID_backbone_rapcid_backbone_44_model_2.cif.gz,/scratch/a2149a01/RAPCID_2610_output/backbone/RAPCID_backbone_rapcid_backbone_44_model_2.cif.gz,A,B,34,21,7.519,2.895,3.267,4,5,12,15,0.4444,143.79,chain1_E_chain2_F,1,0,0,3,1,3,0,0,0,0,11,14,1,1,1,1,1,1,1,1,1,,0.70136,1,191
backbone,RAPCID_backbone_rapcid_backbone_44_model_3.cif.gz,/scratch/a2149a01/RAPCID_2610_output/backbone/RAPCID_backbone_rapcid_backbone_44_model_3.cif.gz,A,B,34,21,6.771,2.268,3.444,5,6,16,17,0.4848,149.16,chain1_E_chain2_F,1,0,0,3,1,3,0,0,0,0,12,15,1,0,1,1,1,1,1,0,0,pass_conserved_motif,0.73544,0,
backbone,RAPCID_backbone_rapcid_backbone_44_model_4.cif.gz,/scratch/a2149a01/RAPCID_2610_output/backbone/RAPCID_backbone_rapcid_backbone_44_model_4.cif.gz,A,B,34,21,10.435,2.954,3.491,4,6,10,19,0.3448,162.7,chain1_E_chain2_F,2,0,0,3,2,3,0,0,0,0,9,15,2,0,1,1,1,1,1,0,0,pass_conserved_motif,0.72844,0,
backbone,RAPCID_backbone_rapcid_backbone_44_model_5.cif.gz,/scratch/a2149a01/RAPCID_2610_output/backbone/RAPCID_backbone_rapcid_backbone_44_model_5.cif.gz,A,B,34,21,11.823,2.722,3.245,4,6,9,18,0.3333,163.43,chain1_E_chain2_F,1,0,0,3,1,3,0,0,0,0,10,16,1,0,1,1,1,1,1,0,0,pass_conserved_motif,0.69286,0,
backbone,RAPCID_backbone_rapcid_backbone_44_model_6.cif.gz,/scratch/a2149a01/RAPCID_2610_output/backbone/RAPCID_backbone_rapcid_backbone_44_model_6.cif.gz,A,B,34,21,13.506,3.128,2.931,5,5,11,23,0.3235,167.14,chain1_E_chain2_F,1,0,0,3,1,3,0,0,0,0,8,16,1,0,1,1,1,1,1,0,0,pass_conserved_motif,0.67655,0,
backbone,RAPCID_backbone_rapcid_backbone_44_model_7.cif.gz,/scratch/a2149a01/RAPCID_2610_output/backbone/RAPCID_backbone_rapcid_backbone_44_model_7.cif.gz,A,B,34,21,9.043,3.051,3.604,5,5,12,16,0.4286,150.55,chain1_E_chain2_F,1,0,0,3,1,3,0,0,0,0,11,15,2,0,1,1,1,1,1,0,0,pass_conserved_motif,0.71754,0,
backbone,RAPCID_backbone_rapcid_backbone_45_model_0.cif.gz,/scratch/a2149a01/RAPCID_2610_output/backbone/RAPCID_backbone_rapcid_backbone_45_model_0.cif.gz,B,A,41,40,8.919,3.294,3.209,5,3,15,10,0.6,145.73,chain1_F_chain2_E,0,3,1,0,3,1,0,0,0,0,15,11,1,1,1,1,1,1,1,1,1,,0.69005,1,239
backbone,RAPCID_backbone_rapcid_backbone_45_model_1.cif.gz,/scratch/a2149a01/RAPCID_2610_output/backbone/RAPCID_backbone_rapcid_backbone_45_model_1.cif.gz,B,A,41,40,4.35,3.486,2.37,5,6,13,16,0.4483,142.35,chain1_F_chain2_E,0,3,1,0,3,1,0,0,0,0,14,10,0,1,1,1,1,1,1,0,0,pass_conserved_motif,0.69809,0,
backbone,RAPCID_backbone_rapcid_backbone_45_model_2.cif.gz,/scratch/a2149a01/RAPCID_2610_output/backbone/RAPCID_backbone_rapcid_backbone_45_model_2.cif.gz,B,A,41,40,12.402,3.241,2.806,6,5,21,13,0.6176,172.44,chain1_F_chain2_E,0,3,1,0,3,1,0,0,0,0,16,9,0,1,1,1,1,1,1,0,0,pass_conserved_motif,0.68242,0,
backbone,RAPCID_backbone_rapcid_backbone_45_model_3.cif.gz,/scratch/a2149a01/RAPCID_2610_output/backbone/RAPCID_backbone_rapcid_backbone_45_model_3.cif.gz,B,A,41,40,6.427,3.19,2.982,10,3,22,12,0.6471,157.14,chain1_F_chain2_E,0,3,2,0,3,2,0,0,0,0,19,9,0,1,1,1,1,1,1,0,0,pass_conserved_motif,0.73782,0,
backbone,RAPCID_backbone_rapcid_backbone_45_model_4.cif.gz,/scratch/a2149a01/RAPCID_2610_output/backbone/RAPCID_backbone_rapcid_backbone_45_model_4.cif.gz,B,A,41,40,2.808,3.376,2.562,6,5,16,15,0.5161,124.75,chain1_F_chain2_E,0,2,2,0,2,2,1,11,0,1,11,10,0,2,1,1,1,1,1,0,0,pass_conserved_motif,0.72392,0,
backbone,RAPCID_backbone_rapcid_backbone_45_model_5.cif.gz,/scratch/a2149a01/RAPCID_2610_output/backbone/RAPCID_backbone_rapcid_backbone_45_model_5.cif.gz,B,A,41,40,10.087,3.427,3.111,5,3,15,9,0.625,156.26,chain1_F_chain2_E,0,3,1,0,3,1,0,0,0,0,14,13,0,2,1,1,1,1,1,0,0,pass_conserved_motif,0.71514,0,
backbone,RAPCID_backbone_rapcid_backbone_45_model_6.cif.gz,/scratch/a2149a01/RAPCID_2610_output/backbone/RAPCID_backbone_rapcid_backbone_45_model_6.cif.gz,B,A,41,40,10.129,3.605,2.458,5,2,14,7,0.6667,146.45,chain1_F_chain2_E,0,3,2,0,3,2,0,0,0,0,14,5,0,2,1,1,1,1,1,0,0,pass_conserved_motif,0.69434,0,
backbone,RAPCID_backbone_rapcid_backbone_45_model_7.cif.gz,/scratch/a2149a01/RAPCID_2610_output/backbone/RAPCID_backbone_rapcid_backbone_45_model_7.cif.gz,B,A,41,40,3.009,2.707,3.167,5,3,15,7,0.6818,122.17,chain1_F_chain2_E,1,2,1,0,2,1,0,8,0,1,11,9,0,1,1,1,1,1,1,0,0,pass_conserved_motif,0.6069,0,
backbone,RAPCID_backbone_rapcid_backbone_46_model_0.cif.gz,/scratch/a2149a01/RAPCID_2610_output/backbone/RAPCID_backbone_rapcid_backbone_46_model_0.cif.gz,A,B,38,30,10.177,2.804,3.661,4,4,9,14,0.3913,159.57,chain1_E_chain2_F,1,0,0,3,1,3,0,0,0,0,9,10,1,0,1,1,1,1,1,0,0,pass_conserved_motif,0.7289,0,
backbone,RAPCID_backbone_rapcid_backbone_46_model_1.cif.gz,/scratch/a2149a01/RAPCID_2610_output/backbone/RAPCID_backbone_rapcid_backbone_46_model_1.cif.gz,A,B,38,30,7.232,3.018,3.817,6,4,15,9,0.625,144.16,chain1_E_chain2_F,1,0,0,3,1,3,0,0,0,0,13,10,1,0,1,1,1,1,1,0,0,pass_conserved_motif,0.67484,0,
backbone,RAPCID_backbone_rapcid_backbone_46_model_2.cif.gz,/scratch/a2149a01/RAPCID_2610_output/backbone/RAPCID_backbone_rapcid_backbone_46_model_2.cif.gz,A,B,38,30,5.947,2.362,3.488,5,3,18,14,0.5625,147.08,chain1_E_chain2_F,1,0,0,2,1,2,0,0,0,0,12,10,1,0,1,1,1,1,1,0,0,pass_conserved_motif,0.681,0,
backbone,RAPCID_backbone_rapcid_backbone_46_model_3.cif.gz,/scratch/a2149a01/RAPCID_2610_output/backbone/RAPCID_backbone_rapcid_backbone_46_model_3.cif.gz,A,B,38,30,9.887,2.938,3.67,4,5,14,13,0.5185,156.25,chain1_E_chain2_F,2,0,0,3,2,3,0,0,0,0,11,10,2,0,1,1,1,1,1,0,0,pass_conserved_motif,0.78627,0,
backbone,RAPCID_backbone_rapcid_backbone_46_model_4.cif.gz,/scratch/a2149a01/RAPCID_2610_output/backbone/RAPCID_backbone_rapcid_backbone_46_model_4.cif.gz,A,B,38,30,13.259,3.084,3.221,4,4,8,15,0.3478,149.89,chain1_E_chain2_F,1,0,0,3,1,3,0,0,0,0,8,10,1,1,1,1,1,1,1,1,1,,0.68305,1,260
backbone,RAPCID_backbone_rapcid_backbone_46_model_5.cif.gz,/scratch/a2149a01/RAPCID_2610_output/backbone/RAPCID_backbone_rapcid_backbone_46_model_5.cif.gz,A,B,38,30,7.546,2.727,3.58,4,5,11,15,0.4231,151.36,chain1_E_chain2_F,1,0,0,3,1,3,0,0,0,0,11,10,1,0,1,1,1,1,1,0,0,pass_conserved_motif,0.71806,0,
backbone,RAPCID_backbone_rapcid_backbone_46_model_6.cif.gz,/scratch/a2149a01/RAPCID_2610_output/backbone/RAPCID_backbone_rapcid_backbone_46_model_6.cif.gz,A,B,38,30,7.897,2.267,3.63,5,3,14,10,0.5833,149.65,chain1_E_chain2_F,1,0,0,2,1,2,0,0,0,0,9,10,1,0,1,1,1,1,1,0,0,pass_conserved_motif,0.68121,0,
backbone,RAPCID_backbone_rapcid_backbone_46_model_7.cif.gz,/scratch/a2149a01/RAPCID_2610_output/backbone/RAPCID_backbone_rapcid_backbone_46_model_7.cif.gz,A,B,38,30,4.96,2.875,3.593,7,5,13,13,0.5,138.99,chain1_E_chain2_F,1,0,0,3,1,3,0,0,0,0,11,10,1,0,1,1,1,1,1,0,0,pass_conserved_motif,0.70757,0,
backbone,RAPCID_backbone_rapcid_backbone_47_model_0.cif.gz,/scratch/a2149a01/RAPCID_2610_output/backbone/RAPCID_backbone_rapcid_backbone_47_model_0.cif.gz,B,A,37,30,5.0,3.609,3.021,6,7,14,12,0.5385,154.49,chain1_F_chain2_E,0,3,2,0,3,2,0,0,0,0,15,14,0,1,1,1,1,1,1,0,0,pass_conserved_motif,0.77245,0,
backbone,RAPCID_backbone_rapcid_backbone_47_model_1.cif.gz,/scratch/a2149a01/RAPCID_2610_output/backbone/RAPCID_backbone_rapcid_backbone_47_model_1.cif.gz,B,A,37,30,2.902,3.807,2.417,4,8,15,19,0.4412,156.85,chain1_F_chain2_E,0,2,1,0,2,1,0,6,1,0,15,14,0,1,1,1,1,1,1,0,0,pass_conserved_motif,0.76167,0,
backbone,RAPCID_backbone_rapcid_backbone_47_model_2.cif.gz,/scratch/a2149a01/RAPCID_2610_output/backbone/RAPCID_backbone_rapcid_backbone_47_model_2.cif.gz,B,A,37,30,8.812,3.291,3.071,6,4,25,11,0.6944,157.9,chain1_F_chain2_E,0,3,1,0,3,1,0,0,0,0,16,9,0,1,1,1,1,1,1,0,0,pass_conserved_motif,0.69283,0,
backbone,RAPCID_backbone_rapcid_backbone_47_model_3.cif.gz,/scratch/a2149a01/RAPCID_2610_output/backbone/RAPCID_backbone_rapcid_backbone_47_model_3.cif.gz,B,A,37,30,3.068,2.946,2.742,4,4,14,15,0.4828,100.3,chain1_F_chain2_E,1,2,1,0,2,1,0,12,0,1,11,9,0,1,1,1,1,1,1,0,0,pass_conserved_motif,0.57982,0,
backbone,RAPCID_backbone_rapcid_backbone_47_model_4.cif.gz,/scratch/a2149a01/RAPCID_2610_output/backbone/RAPCID_backbone_rapcid_backbone_47_model_4.cif.gz,B,A,37,30,3.811,3.386,2.891,5,7,12,19,0.3871,152.36,chain1_F_chain2_E,0,3,1,0,3,1,0,2,0,0,17,11,0,1,1,1,1,1,1,0,0,pass_conserved_motif,0.71697,0,
backbone,RAPCID_backbone_rapcid_backbone_47_model_5.cif.gz,/scratch/a2149a01/RAPCID_2610_output/backbone/RAPCID_backbone_rapcid_backbone_47_model_5.cif.gz,B,A,37,30,5.647,3.48,2.556,5,6,11,16,0.4074,146.4,chain1_F_chain2_E,0,3,1,0,3,1,0,0,0,0,16,10,0,1,1,1,1,1,1,0,0,pass_conserved_motif,0.69523,0,
backbone,RAPCID_backbone_rapcid_backbone_47_model_6.cif.gz,/scratch/a2149a01/RAPCID_2610_output/backbone/RAPCID_backbone_rapcid_backbone_47_model_6.cif.gz,B,A,37,30,2.942,2.398,2.784,6,3,14,6,0.7,119.76,chain1_F_chain2_E,0,2,1,0,2,1,0,7,1,0,12,9,0,1,1,1,1,1,1,0,0,pass_conserved_motif,0.58658,0,
backbone,RAPCID_backbone_rapcid_backbone_47_model_7.cif.gz,/scratch/a2149a01/RAPCID_2610_output/backbone/RAPCID_backbone_rapcid_backbone_47_model_7.cif.gz,B,A,37,30,3.09,3.282,2.888,5,6,16,10,0.6154,140.26,chain1_F_chain2_E,0,3,2,0,3,2,0,3,0,0,16,13,0,1,1,1,1,1,1,0,0,pass_conserved_motif,0.70923,0,
backbone,RAPCID_backbone_rapcid_backbone_48_model_0.cif.gz,/scratch/a2149a01/RAPCID_2610_output/backbone/RAPCID_backbone_rapcid_backbone_48_model_0.cif.gz,B,A,38,27,13.526,3.448,3.547,4,1,15,4,0.7895,158.73,chain1_F_chain2_E,0,2,1,0,2,1,0,0,0,0,15,7,0,1,1,0,1,1,1,0,0,pass_dual_rap_contact;pass_conserved_motif,0.62902,0,
backbone,RAPCID_backbone_rapcid_backbone_48_model_1.cif.gz,/scratch/a2149a01/RAPCID_2610_output/backbone/RAPCID_backbone_rapcid_backbone_48_model_1.cif.gz,B,A,38,27,2.548,3.383,2.882,4,3,12,15,0.4444,119.0,chain1_F_chain2_E,1,2,1,0,2,1,0,4,0,1,10,10,0,1,1,1,1,1,1,0,0,pass_conserved_motif,0.62684,0,
backbone,RAPCID_backbone_rapcid_backbone_48_model_2.cif.gz,/scratch/a2149a01/RAPCID_2610_output/backbone/RAPCID_backbone_rapcid_backbone_48_model_2.cif.gz,B,A,38,27,3.68,2.993,3.145,4,3,13,8,0.619,116.22,chain1_F_chain2_E,0,2,1,0,2,1,0,1,0,0,12,9,0,1,1,1,1,1,1,0,0,pass_conserved_motif,0.56049,0,
backbone,RAPCID_backbone_rapcid_backbone_48_model_3.cif.gz,/scratch/a2149a01/RAPCID_2610_output/backbone/RAPCID_backbone_rapcid_backbone_48_model_3.cif.gz,B,A,38,27,3.011,2.991,3.446,9,3,17,7,0.7083,113.27,chain1_F_chain2_E,0,3,1,0,3,1,0,1,0,0,16,9,0,1,1,1,1,1,1,0,0,pass_conserved_motif,0.54352,0,
backbone,RAPCID_backbone_rapcid_backbone_48_model_4.cif.gz,/scratch/a2149a01/RAPCID_2610_output/backbone/RAPCID_backbone_rapcid_backbone_48_model_4.cif.gz,B,A,38,27,9.372,2.84,3.316,5,4,15,9,0.625,140.52,chain1_F_chain2_E,0,2,2,0,2,2,0,0,0,0,10,9,0,1,1,1,1,1,1,0,0,pass_conserved_motif,0.6627,0,
backbone,RAPCID_backbone_rapcid_backbone_48_model_5.cif.gz,/scratch/a2149a01/RAPCID_2610_output/backbone/RAPCID_backbone_rapcid_backbone_48_model_5.cif.gz,B,A,38,27,4.133,3.408,3.2,5,4,13,7,0.65,114.05,chain1_F_chain2_E,0,3,1,0,3,1,1,0,0,0,16,9,0,2,1,1,1,1,1,0,0,pass_conserved_motif,0.59302,0,
backbone,RAPCID_backbone_rapcid_backbone_48_model_6.cif.gz,/scratch/a2149a01/RAPCID_2610_output/backbone/RAPCID_backbone_rapcid_backbone_48_model_6.cif.gz,B,A,38,27,3.036,2.928,2.957,6,3,15,10,0.6,114.74,chain1_F_chain2_E,1,3,3,0,3,3,0,4,0,1,15,9,0,1,1,1,1,1,1,0,0,pass_conserved_motif,0.68057,0,
backbone,RAPCID_backbone_rapcid_backbone_48_model_7.cif.gz,/scratch/a2149a01/RAPCID_2610_output/backbone/RAPCID_backbone_rapcid_backbone_48_model_7.cif.gz,B,A,38,27,12.921,3.638,2.951,4,4,14,8,0.6364,168.55,chain1_F_chain2_E,0,2,1,0,2,1,0,0,0,0,15,9,0,1,1,1,1,1,1,0,0,pass_conserved_motif,0.65932,0,
backbone,RAPCID_backbone_rapcid_backbone_49_model_0.cif.gz,/scratch/a2149a01/RAPCID_2610_output/backbone/RAPCID_backbone_rapcid_backbone_49_model_0.cif.gz,A,B,33,28,10.063,3.183,3.522,4,6,13,21,0.3824,163.67,chain1_E_chain2_F,2,0,0,3,2,3,1,0,0,0,10,15,1,0,1,1,1,1,1,0,0,pass_conserved_motif,0.76882,0,
backbone,RAPCID_backbone_rapcid_backbone_49_model_1.cif.gz,/scratch/a2149a01/RAPCID_2610_output/backbone/RAPCID_backbone_rapcid_backbone_49_model_1.cif.gz,A,B,33,28,10.346,3.24,3.468,3,6,7,19,0.2692,159.18,chain1_E_chain2_F,1,0,0,3,1,3,0,0,0,0,9,16,1,0,1,1,1,1,1,0,0,pass_conserved_motif,0.68137,0,
backbone,RAPCID_backbone_rapcid_backbone_49_model_2.cif.gz,/scratch/a2149a01/RAPCID_2610_output/backbone/RAPCID_backbone_rapcid_backbone_49_model_2.cif.gz,A,B,33,28,9.585,3.059,2.968,4,6,14,21,0.4,142.79,chain1_E_chain2_F,2,0,0,3,2,3,0,0,0,0,11,16,1,0,1,1,1,1,1,0,0,pass_conserved_motif,0.70884,0,
backbone,RAPCID_backbone_rapcid_backbone_49_model_3.cif.gz,/scratch/a2149a01/RAPCID_2610_output/backbone/RAPCID_backbone_rapcid_backbone_49_model_3.cif.gz,A,B,33,28,8.351,2.606,3.744,5,5,15,14,0.5172,142.29,chain1_E_chain2_F,1,0,0,3,1,3,0,0,0,0,10,15,1,1,1,1,1,1,1,1,1,,0.71167,1,162
backbone,RAPCID_backbone_rapcid_backbone_49_model_4.cif.gz,/scratch/a2149a01/RAPCID_2610_output/backbone/RAPCID_backbone_rapcid_backbone_49_model_4.cif.gz,A,B,33,28,13.695,3.034,3.355,2,5,3,13,0.1875,170.33,chain1_E_chain2_F,1,0,0,3,1,3,0,0,0,0,7,15,1,0,1,0,1,1,1,0,0,pass_dual_rap_contact;pass_conserved_motif,0.61151,0,
backbone,RAPCID_backbone_rapcid_backbone_49_model_5.cif.gz,/scratch/a2149a01/RAPCID_2610_output/backbone/RAPCID_backbone_rapcid_backbone_49_model_5.cif.gz,A,B,33,28,9.367,2.377,2.909,4,5,11,18,0.3793,168.46,chain1_E_chain2_F,1,0,0,3,1,3,0,0,0,0,9,16,1,0,1,1,1,1,1,0,0,pass_conserved_motif,0.69446,0,
backbone,RAPCID_backbone_rapcid_backbone_49_model_6.cif.gz,/scratch/a2149a01/RAPCID_2610_output/backbone/RAPCID_backbone_rapcid_backbone_49_model_6.cif.gz,A,B,33,28,10.302,3.026,3.65,4,5,10,13,0.4348,158.43,chain1_E_chain2_F,1,0,0,3,1,3,0,0,0,0,9,15,1,0,1,1,1,1,1,0,0,pass_conserved_motif,0.74629,0,
backbone,RAPCID_backbone_rapcid_backbone_49_model_7.cif.gz,/scratch/a2149a01/RAPCID_2610_output/backbone/RAPCID_backbone_rapcid_backbone_49_model_7.cif.gz,A,B,33,28,9.179,3.437,3.026,4,5,7,23,0.2333,157.14,chain1_E_chain2_F,1,0,0,3,1,3,0,0,0,0,9,15,1,0,1,1,1,1,1,0,0,pass_conserved_motif,0.66141,0,
backbone,RAPCID_backbone_rapcid_backbone_4_model_0.cif.gz,/scratch/a2149a01/RAPCID_2610_output/backbone/RAPCID_backbone_rapcid_backbone_4_model_0.cif.gz,A,B,46,16,10.271,2.847,3.625,4,3,9,12,0.4286,146.8,chain1_E_chain2_F,2,0,0,2,2,2,0,0,0,0,11,10,2,0,1,1,1,1,1,0,0,pass_conserved_motif,0.70503,0,
backbone,RAPCID_backbone_rapcid_backbone_4_model_1.cif.gz,/scratch/a2149a01/RAPCID_2610_output/backbone/RAPCID_backbone_rapcid_backbone_4_model_1.cif.gz,A,B,46,16,10.213,2.818,3.712,4,4,15,9,0.625,154.84,chain1_E_chain2_F,2,0,0,3,2,3,1,0,0,0,10,10,1,0,1,1,1,1,1,0,0,pass_conserved_motif,0.76755,0,
backbone,RAPCID_backbone_rapcid_backbone_4_model_2.cif.gz,/scratch/a2149a01/RAPCID_2610_output/backbone/RAPCID_backbone_rapcid_backbone_4_model_2.cif.gz,A,B,46,16,12.724,3.34,2.658,2,4,4,12,0.25,165.91,chain1_E_chain2_F,1,0,0,3,1,3,0,0,0,0,7,10,1,0,1,1,1,1,1,0,0,pass_conserved_motif,0.65125,0,
backbone,RAPCID_backbone_rapcid_backbone_4_model_3.cif.gz,/scratch/a2149a01/RAPCID_2610_output/backbone/RAPCID_backbone_rapcid_backbone_4_model_3.cif.gz,A,B,46,16,9.062,2.834,3.829,6,5,12,12,0.5,153.62,chain1_E_chain2_F,1,0,0,3,1,3,0,0,0,0,11,10,2,0,1,1,1,1,1,0,0,pass_conserved_motif,0.75636,0,
backbone,RAPCID_backbone_rapcid_backbone_4_model_4.cif.gz,/scratch/a2149a01/RAPCID_2610_output/backbone/RAPCID_backbone_rapcid_backbone_4_model_4.cif.gz,A,B,46,16,8.654,2.74,3.156,4,4,10,15,0.4,156.14,chain1_E_chain2_F,1,0,0,3,1,3,0,0,0,0,12,10,1,0,1,1,1,1,1,0,0,pass_conserved_motif,0.72477,0,
backbone,RAPCID_backbone_rapcid_backbone_4_model_5.cif.gz,/scratch/a2149a01/RAPCID_2610_output/backbone/RAPCID_backbone_rapcid_backbone_4_model_5.cif.gz,A,B,46,16,10.742,2.574,3.683,3,4,17,13,0.5667,144.45,chain1_E_chain2_F,1,0,0,3,1,3,0,0,0,0,7,10,2,0,1,1,1,1,1,0,0,pass_conserved_motif,0.69912,0,
backbone,RAPCID_backbone_rapcid_backbone_4_model_6.cif.gz,/scratch/a2149a01/RAPCID_2610_output/backbone/RAPCID_backbone_rapcid_backbone_4_model_6.cif.gz,A,B,46,16,9.207,2.998,3.582,3,4,7,14,0.3333,154.14,chain1_E_chain2_F,1,0,0,3,1,3,0,0,0,0,11,10,1,0,1,1,1,1,1,0,0,pass_conserved_motif,0.69141,0,
backbone,RAPCID_backbone_rapcid_backbone_4_model_7.cif.gz,/scratch/a2149a01/RAPCID_2610_output/backbone/RAPCID_backbone_rapcid_backbone_4_model_7.cif.gz,A,B,46,16,8.287,2.965,3.823,4,3,9,9,0.5,167.39,chain1_E_chain2_F,1,0,0,2,1,2,0,0,0,0,11,10,1,0,1,1,1,1,1,0,0,pass_conserved_motif,0.71774,0,
backbone,RAPCID_backbone_rapcid_backbone_50_model_0.cif.gz,/scratch/a2149a01/RAPCID_2610_output/backbone/RAPCID_backbone_rapcid_backbone_50_model_0.cif.gz,A,B,36,26,11.678,2.871,3.583,3,6,8,16,0.3333,148.88,chain1_E_chain2_F,2,0,0,3,2,3,0,0,0,0,8,13,1,0,1,1,1,1,1,0,0,pass_conserved_motif,0.70245,0,
backbone,RAPCID_backbone_rapcid_backbone_50_model_1.cif.gz,/scratch/a2149a01/RAPCID_2610_output/backbone/RAPCID_backbone_rapcid_backbone_50_model_1.cif.gz,A,B,36,26,11.523,2.911,3.195,3,5,8,18,0.3077,148.24,chain1_E_chain2_F,2,0,0,3,2,3,0,0,0,0,8,13,1,0,1,1,1,1,1,0,0,pass_conserved_motif,0.69007,0,
backbone,RAPCID_backbone_rapcid_backbone_50_model_2.cif.gz,/scratch/a2149a01/RAPCID_2610_output/backbone/RAPCID_backbone_rapcid_backbone_50_model_2.cif.gz,A,B,36,26,12.583,2.563,3.302,3,5,7,17,0.2917,152.61,chain1_E_chain2_F,2,0,0,3,2,3,0,0,0,0,7,13,1,0,1,1,1,1,1,0,0,pass_conserved_motif,0.69823,0,
backbone,RAPCID_backbone_rapcid_backbone_50_model_3.cif.gz,/scratch/a2149a01/RAPCID_2610_output/backbone/RAPCID_backbone_rapcid_backbone_50_model_3.cif.gz,A,B,36,26,11.479,3.336,3.366,3,5,7,16,0.3043,144.28,chain1_E_chain2_F,2,0,0,3,2,3,0,0,0,0,8,13,1,0,1,1,1,1,1,0,0,pass_conserved_motif,0.67553,0,
backbone,RAPCID_backbone_rapcid_backbone_50_model_4.cif.gz,/scratch/a2149a01/RAPCID_2610_output/backbone/RAPCID_backbone_rapcid_backbone_50_model_4.cif.gz,A,B,36,26,3.348,2.836,3.448,5,5,10,17,0.3704,167.79,chain1_E_chain2_F,2,0,0,3,2,3,0,1,0,0,10,13,1,0,1,1,1,1,1,0,0,pass_conserved_motif,0.72671,0,
backbone,RAPCID_backbone_rapcid_backbone_50_model_5.cif.gz,/scratch/a2149a01/RAPCID_2610_output/backbone/RAPCID_backbone_rapcid_backbone_50_model_5.cif.gz,A,B,36,26,3.812,2.294,3.276,6,4,20,14,0.5882,152.28,chain1_E_chain2_F,1,0,0,2,1,2,0,4,1,1,12,13,1,1,1,1,1,1,1,1,1,,0.74137,1,78
backbone,RAPCID_backbone_rapcid_backbone_50_model_6.cif.gz,/scratch/a2149a01/RAPCID_2610_output/backbone/RAPCID_backbone_rapcid_backbone_50_model_6.cif.gz,A,B,36,26,4.074,3.042,3.477,5,5,13,15,0.4643,133.2,chain1_E_chain2_F,1,0,0,3,1,3,0,0,0,0,10,13,1,1,1,1,1,1,1,1,1,,0.674,1,293
backbone,RAPCID_backbone_rapcid_backbone_50_model_7.cif.gz,/scratch/a2149a01/RAPCID_2610_output/backbone/RAPCID_backbone_rapcid_backbone_50_model_7.cif.gz,A,B,36,26,4.004,2.673,3.468,3,6,9,15,0.375,160.7,chain1_E_chain2_F,1,0,0,3,1,3,0,0,0,0,10,13,1,0,1,1,1,1,1,0,0,pass_conserved_motif,0.71861,0,
backbone,RAPCID_backbone_rapcid_backbone_51_model_0.cif.gz,/scratch/a2149a01/RAPCID_2610_output/backbone/RAPCID_backbone_rapcid_backbone_51_model_0.cif.gz,A,B,31,30,3.348,2.782,3.711,6,4,20,12,0.625,159.61,chain1_E_chain2_F,2,0,0,3,2,3,1,3,0,0,13,10,1,0,1,1,1,1,1,0,0,pass_conserved_motif,0.79439,0,
backbone,RAPCID_backbone_rapcid_backbone_51_model_1.cif.gz,/scratch/a2149a01/RAPCID_2610_output/backbone/RAPCID_backbone_rapcid_backbone_51_model_1.cif.gz,A,B,31,30,11.215,2.812,3.545,3,4,9,12,0.4286,161.75,chain1_E_chain2_F,2,0,0,3,2,3,1,0,0,0,6,10,1,0,1,1,1,1,1,0,0,pass_conserved_motif,0.79368,0,
backbone,RAPCID_backbone_rapcid_backbone_51_model_2.cif.gz,/scratch/a2149a01/RAPCID_2610_output/backbone/RAPCID_backbone_rapcid_backbone_51_model_2.cif.gz,A,B,31,30,11.645,3.847,3.591,1,5,2,11,0.1538,154.97,chain1_E_chain2_F,2,0,0,3,2,3,1,0,0,0,5,10,1,0,1,0,1,1,1,0,0,pass_dual_rap_contact;pass_conserved_motif,0.67954,0,
backbone,RAPCID_backbone_rapcid_backbone_51_model_3.cif.gz,/scratch/a2149a01/RAPCID_2610_output/backbone/RAPCID_backbone_rapcid_backbone_51_model_3.cif.gz,A,B,31,30,9.398,1.888,3.539,3,4,11,17,0.3929,176.5,chain1_E_chain2_F,2,0,0,3,2,3,1,0,0,0,6,10,1,1,0,1,1,1,1,1,0,pass_no_clash,0.73025,0,
backbone,RAPCID_backbone_rapcid_backbone_51_model_4.cif.gz,/scratch/a2149a01/RAPCID_2610_output/backbone/RAPCID_backbone_rapcid_backbone_51_model_4.cif.gz,A,B,31,30,12.67,2.692,3.662,2,5,8,12,0.4,172.93,chain1_E_chain2_F,2,0,0,3,2,3,1,0,0,0,6,10,1,0,1,1,1,1,1,0,0,pass_conserved_motif,0.745,0,
backbone,RAPCID_backbone_rapcid_backbone_51_model_5.cif.gz,/scratch/a2149a01/RAPCID_2610_output/backbone/RAPCID_backbone_rapcid_backbone_51_model_5.cif.gz,A,B,31,30,8.987,2.256,3.595,3,4,15,14,0.5172,168.61,chain1_E_chain2_F,2,0,0,3,2,3,1,0,0,0,6,10,1,0,1,1,1,1,1,0,0,pass_conserved_motif,0.7925,0,
backbone,RAPCID_backbone_rapcid_backbone_51_model_6.cif.gz,/scratch/a2149a01/RAPCID_2610_output/backbone/RAPCID_backbone_rapcid_backbone_51_model_6.cif.gz,A,B,31,30,9.652,1.534,3.771,3,4,12,9,0.5714,161.28,chain1_E_chain2_F,2,0,0,3,2,3,1,0,0,0,6,10,2,0,0,1,1,1,1,0,0,pass_no_clash;pass_conserved_motif,0.79526,0,
backbone,RAPCID_backbone_rapcid_backbone_51_model_7.cif.gz,/scratch/a2149a01/RAPCID_2610_output/backbone/RAPCID_backbone_rapcid_backbone_51_model_7.cif.gz,A,B,31,30,9.795,1.931,3.654,3,4,11,12,0.4783,171.9,chain1_E_chain2_F,1,0,0,3,1,3,1,0,0,0,6,10,1,0,0,1,1,1,1,0,0,pass_no_clash;pass_conserved_motif,0.75117,0,
backbone,RAPCID_backbone_rapcid_backbone_52_model_0.cif.gz,/scratch/a2149a01/RAPCID_2610_output/backbone/RAPCID_backbone_rapcid_backbone_52_model_0.cif.gz,A,B,31,29,2.99,2.036,2.777,6,5,13,12,0.52,123.79,chain1_E_chain2_F,1,0,0,3,1,3,0,3,0,0,10,9,1,0,1,1,1,1,1,0,0,pass_conserved_motif,0.66393,0,
backbone,RAPCID_backbone_rapcid_backbone_52_model_1.cif.gz,/scratch/a2149a01/RAPCID_2610_output/backbone/RAPCID_backbone_rapcid_backbone_52_model_1.cif.gz,A,B,31,29,9.763,3.202,3.125,3,7,9,21,0.3,165.66,chain1_E_chain2_F,1,0,0,3,1,3,0,0,0,0,9,18,3,0,1,1,1,1,1,0,0,pass_conserved_motif,0.67208,0,
backbone,RAPCID_backbone_rapcid_backbone_52_model_2.cif.gz,/scratch/a2149a01/RAPCID_2610_output/backbone/RAPCID_backbone_rapcid_backbone_52_model_2.cif.gz,A,B,31,29,13.353,3.113,3.455,2,5,5,19,0.2083,172.71,chain1_E_chain2_F,1,0,0,3,1,3,0,0,0,0,7,16,1,0,1,1,1,1,1,0,0,pass_conserved_motif,0.61191,0,
backbone,RAPCID_backbone_rapcid_backbone_52_model_3.cif.gz,/scratch/a2149a01/RAPCID_2610_output/backbone/RAPCID_backbone_rapcid_backbone_52_model_3.cif.gz,A,B,31,29,6.374,2.717,3.73,7,5,19,10,0.6552,149.05,chain1_E_chain2_F,1,0,0,3,1,3,0,0,0,0,14,14,1,0,1,1,1,1,1,0,0,pass_conserved_motif,0.67904,0,
backbone,RAPCID_backbone_rapcid_backbone_52_model_4.cif.gz,/scratch/a2149a01/RAPCID_2610_output/backbone/RAPCID_backbone_rapcid_backbone_52_model_4.cif.gz,A,B,31,29,3.76,3.228,3.306,5,8,10,19,0.3448,126.73,chain1_E_chain2_F,2,0,0,3,2,3,0,2,0,0,10,16,1,0,1,1,1,1,1,0,0,pass_conserved_motif,0.64323,0,
backbone,RAPCID_backbone_rapcid_backbone_52_model_5.cif.gz,/scratch/a2149a01/RAPCID_2610_output/backbone/RAPCID_backbone_rapcid_backbone_52_model_5.cif.gz,A,B,31,29,6.878,3.145,3.229,6,5,18,14,0.5625,165.28,chain1_E_chain2_F,2,0,0,3,2,3,1,0,0,0,13,15,1,0,1,1,1,1,1,0,0,pass_conserved_motif,0.78549,0,
backbone,RAPCID_backbone_rapcid_backbone_52_model_6.cif.gz,/scratch/a2149a01/RAPCID_2610_output/backbone/RAPCID_backbone_rapcid_backbone_52_model_6.cif.gz,A,B,31,29,6.553,2.548,3.335,5,5,21,20,0.5122,148.02,chain1_E_chain2_F,3,0,0,3,3,3,1,0,0,0,11,15,1,0,1,1,1,1,1,0,0,pass_conserved_motif,0.81854,0,
backbone,RAPCID_backbone_rapcid_backbone_52_model_7.cif.gz,/scratch/a2149a01/RAPCID_2610_output/backbone/RAPCID_backbone_rapcid_backbone_52_model_7.cif.gz,A,B,31,29,11.35,3.006,2.897,3,5,8,16,0.3333,173.91,chain1_E_chain2_F,1,0,0,3,1,3,0,0,0,0,10,16,1,0,1,1,1,1,1,0,0,pass_conserved_motif,0.65793,0,
backbone,RAPCID_backbone_rapcid_backbone_53_model_0.cif.gz,/scratch/a2149a01/RAPCID_2610_output/backbone/RAPCID_backbone_rapcid_backbone_53_model_0.cif.gz,B,A,39,21,10.062,3.023,2.95,5,4,24,9,0.7273,163.59,chain1_F_chain2_E,0,3,1,0,3,1,0,0,0,0,16,7,0,1,1,1,1,1,1,0,0,pass_conserved_motif,0.66807,0,
backbone,RAPCID_backbone_rapcid_backbone_53_model_1.cif.gz,/scratch/a2149a01/RAPCID_2610_output/backbone/RAPCID_backbone_rapcid_backbone_53_model_1.cif.gz,B,A,39,21,12.578,3.54,2.55,3,4,8,18,0.3077,154.95,chain1_F_chain2_E,0,2,2,0,2,2,1,0,0,0,8,8,0,1,1,1,1,1,1,0,0,pass_conserved_motif,0.71244,0,
backbone,RAPCID_backbone_rapcid_backbone_53_model_2.cif.gz,/scratch/a2149a01/RAPCID_2610_output/backbone/RAPCID_backbone_rapcid_backbone_53_model_2.cif.gz,B,A,39,21,2.437,3.396,2.23,5,6,17,18,0.4857,124.57,chain1_F_chain2_E,0,2,3,0,2,3,0,7,0,1,13,12,1,1,1,1,1,1,1,1,1,,0.73406,1,104
backbone,RAPCID_backbone_rapcid_backbone_53_model_3.cif.gz,/scratch/a2149a01/RAPCID_2610_output/backbone/RAPCID_backbone_rapcid_backbone_53_model_3.cif.gz,B,A,39,21,5.79,3.152,2.724,6,4,19,13,0.5938,132.35,chain1_F_chain2_E,0,3,2,0,3,2,1,0,0,0,16,9,0,1,1,1,1,1,1,0,0,pass_conserved_motif,0.70508,0,
backbone,RAPCID_backbone_rapcid_backbone_53_model_4.cif.gz,/scratch/a2149a01/RAPCID_2610_output/backbone/RAPCID_backbone_rapcid_backbone_53_model_4.cif.gz,B,A,39,21,13.131,2.873,3.513,6,4,19,8,0.7037,165.12,chain1_F_chain2_E,0,3,1,0,3,1,0,0,0,0,16,10,0,1,1,1,1,1,1,0,0,pass_conserved_motif,0.6724,0,
backbone,RAPCID_backbone_rapcid_backbone_53_model_5.cif.gz,/scratch/a2149a01/RAPCID_2610_output/backbone/RAPCID_backbone_rapcid_backbone_53_model_5.cif.gz,B,A,39,21,6.874,3.595,1.894,5,7,18,17,0.5143,151.67,chain1_F_chain2_E,0,3,1,0,3,1,0,0,0,0,15,11,1,1,0,1,1,1,1,1,0,pass_no_clash,0.74415,0,
backbone,RAPCID_backbone_rapcid_backbone_53_model_6.cif.gz,/scratch/a2149a01/RAPCID_2610_output/backbone/RAPCID_backbone_rapcid_backbone_53_model_6.cif.gz,B,A,39,21,4.06,3.185,2.775,5,4,12,9,0.5714,124.9,chain1_F_chain2_E,0,2,1,0,2,1,0,0,0,0,10,9,0,1,1,1,1,1,1,0,0,pass_conserved_motif,0.60348,0,
backbone,RAPCID_backbone_rapcid_backbone_53_model_7.cif.gz,/scratch/a2149a01/RAPCID_2610_output/backbone/RAPCID_backbone_rapcid_backbone_53_model_7.cif.gz,B,A,39,21,8.721,3.347,2.625,5,5,17,9,0.6538,150.56,chain1_F_chain2_E,0,3,1,0,3,1,0,0,0,0,17,11,1,1,1,1,1,1,1,1,1,,0.68462,1,257
backbone,RAPCID_backbone_rapcid_backbone_54_model_0.cif.gz,/scratch/a2149a01/RAPCID_2610_output/backbone/RAPCID_backbone_rapcid_backbone_54_model_0.cif.gz,A,B,32,31,2.245,2.549,3.311,7,6,17,20,0.4595,134.79,chain1_E_chain2_F,1,0,0,3,1,3,0,5,0,0,11,16,2,0,1,1,1,1,1,0,0,pass_conserved_motif,0.70237,0,
backbone,RAPCID_backbone_rapcid_backbone_54_model_1.cif.gz,/scratch/a2149a01/RAPCID_2610_output/backbone/RAPCID_backbone_rapcid_backbone_54_model_1.cif.gz,A,B,32,31,3.418,2.737,3.328,4,5,15,11,0.5769,165.1,chain1_E_chain2_F,2,0,0,3,2,3,0,1,0,0,11,16,1,1,1,1,1,1,1,1,1,,0.75677,1,50
backbone,RAPCID_backbone_rapcid_backbone_54_model_2.cif.gz,/scratch/a2149a01/RAPCID_2610_output/backbone/RAPCID_backbone_rapcid_backbone_54_model_2.cif.gz,A,B,32,31,10.903,2.986,3.634,4,5,7,12,0.3684,169.53,chain1_E_chain2_F,1,0,0,3,1,3,0,0,0,0,10,16,1,0,1,1,1,1,1,0,0,pass_conserved_motif,0.68657,0,
backbone,RAPCID_backbone_rapcid_backbone_54_model_3.cif.gz,/scratch/a2149a01/RAPCID_2610_output/backbone/RAPCID_backbone_rapcid_backbone_54_model_3.cif.gz,A,B,32,31,4.643,1.964,3.324,6,5,15,17,0.4688,156.87,chain1_E_chain2_F,1,0,0,3,1,3,0,0,0,0,15,15,1,0,0,1,1,1,1,0,0,pass_no_clash;pass_conserved_motif,0.75469,0,
backbone,RAPCID_backbone_rapcid_backbone_54_model_4.cif.gz,/scratch/a2149a01/RAPCID_2610_output/backbone/RAPCID_backbone_rapcid_backbone_54_model_4.cif.gz,A,B,32,31,13.246,2.704,3.327,3,5,5,13,0.2778,172.82,chain1_E_chain2_F,1,0,0,3,1,3,0,0,0,0,9,15,1,0,1,1,1,1,1,0,0,pass_conserved_motif,0.63935,0,
backbone,RAPCID_backbone_rapcid_backbone_54_model_5.cif.gz,/scratch/a2149a01/RAPCID_2610_output/backbone/RAPCID_backbone_rapcid_backbone_54_model_5.cif.gz,A,B,32,31,4.014,2.382,3.554,5,6,12,19,0.3871,139.01,chain1_E_chain2_F,1,0,0,3,1,3,0,0,0,0,11,16,1,1,1,1,1,1,1,1,1,,0.66248,1,337
backbone,RAPCID_backbone_rapcid_backbone_54_model_6.cif.gz,/scratch/a2149a01/RAPCID_2610_output/backbone/RAPCID_backbone_rapcid_backbone_54_model_6.cif.gz,A,B,32,31,2.228,2.696,3.467,6,5,16,16,0.5,133.05,chain1_E_chain2_F,1,0,0,3,1,3,0,2,0,0,12,16,3,0,1,1,1,1,1,0,0,pass_conserved_motif,0.69779,0,
backbone,RAPCID_backbone_rapcid_backbone_54_model_7.cif.gz,/scratch/a2149a01/RAPCID_2610_output/backbone/RAPCID_backbone_rapcid_backbone_54_model_7.cif.gz,A,B,32,31,3.564,1.908,3.441,6,5,15,20,0.4286,163.98,chain1_E_chain2_F,1,0,0,3,1,3,0,1,0,0,12,16,1,0,0,1,1,1,1,0,0,pass_no_clash;pass_conserved_motif,0.73412,0,
backbone,RAPCID_backbone_rapcid_backbone_55_model_0.cif.gz,/scratch/a2149a01/RAPCID_2610_output/backbone/RAPCID_backbone_rapcid_backbone_55_model_0.cif.gz,B,A,31,24,8.908,2.85,1.948,9,3,23,10,0.697,166.73,chain1_F_chain2_E,0,3,2,0,3,2,1,0,0,0,18,6,0,1,0,1,1,1,1,0,0,pass_no_clash;pass_conserved_motif,0.72687,0,
backbone,RAPCID_backbone_rapcid_backbone_55_model_1.cif.gz,/scratch/a2149a01/RAPCID_2610_output/backbone/RAPCID_backbone_rapcid_backbone_55_model_1.cif.gz,B,A,31,24,9.909,3.653,2.253,5,3,14,13,0.5185,157.96,chain1_F_chain2_E,0,3,2,0,3,2,1,0,0,0,15,6,0,1,1,1,1,1,1,0,0,pass_conserved_motif,0.82056,0,
backbone,RAPCID_backbone_rapcid_backbone_55_model_2.cif.gz,/scratch/a2149a01/RAPCID_2610_output/backbone/RAPCID_backbone_rapcid_backbone_55_model_2.cif.gz,B,A,31,24,10.905,3.09,1.561,5,3,14,12,0.5385,154.82,chain1_F_chain2_E,0,3,2,0,3,2,1,0,0,0,12,6,1,1,0,1,1,1,1,1,0,pass_no_clash,0.80212,0,
backbone,RAPCID_backbone_rapcid_backbone_55_model_3.cif.gz,/scratch/a2149a01/RAPCID_2610_output/backbone/RAPCID_backbone_rapcid_backbone_55_model_3.cif.gz,B,A,31,24,12.108,3.316,2.257,6,4,18,14,0.5625,169.96,chain1_F_chain2_E,0,3,2,0,3,2,1,0,0,0,16,9,0,1,1,1,1,1,1,0,0,pass_conserved_motif,0.76991,0,
backbone,RAPCID_backbone_rapcid_backbone_55_model_4.cif.gz,/scratch/a2149a01/RAPCID_2610_output/backbone/RAPCID_backbone_rapcid_backbone_55_model_4.cif.gz,B,A,31,24,3.366,2.689,1.874,7,3,31,8,0.7949,136.57,chain1_F_chain2_E,1,3,1,0,3,1,1,3,1,1,17,6,0,1,0,1,1,1,1,0,0,pass_no_clash;pass_conserved_motif,0.65846,0,
backbone,RAPCID_backbone_rapcid_backbone_55_model_5.cif.gz,/scratch/a2149a01/RAPCID_2610_output/backbone/RAPCID_backbone_rapcid_backbone_55_model_5.cif.gz,B,A,31,24,3.475,2.691,2.1,5,3,10,11,0.4762,148.74,chain1_F_chain2_E,1,3,2,0,3,2,1,2,1,0,14,13,1,1,1,1,1,1,1,1,1,,0.81437,1,4
backbone,RAPCID_backbone_rapcid_backbone_55_model_6.cif.gz,/scratch/a2149a01/RAPCID_2610_output/backbone/RAPCID_backbone_rapcid_backbone_55_model_6.cif.gz,B,A,31,24,3.738,2.961,2.514,9,2,36,8,0.8182,148.26,chain1_F_chain2_E,1,3,1,0,3,1,1,1,1,0,17,6,0,1,1,1,1,1,1,0,0,pass_conserved_motif,0.66144,0,
backbone,RAPCID_backbone_rapcid_backbone_55_model_7.cif.gz,/scratch/a2149a01/RAPCID_2610_output/backbone/RAPCID_backbone_rapcid_backbone_55_model_7.cif.gz,B,A,31,24,3.98,2.934,1.689,12,3,24,15,0.6154,139.63,chain1_F_chain2_E,1,3,2,0,3,2,1,1,0,0,15,6,0,1,0,1,1,1,1,0,0,pass_no_clash;pass_conserved_motif,0.72571,0,
backbone,RAPCID_backbone_rapcid_backbone_56_model_0.cif.gz,/scratch/a2149a01/RAPCID_2610_output/backbone/RAPCID_backbone_rapcid_backbone_56_model_0.cif.gz,B,A,41,38,11.565,3.358,2.427,6,2,16,8,0.6667,170.22,chain1_F_chain2_E,0,3,1,0,3,1,0,0,0,0,15,9,0,2,1,1,1,1,1,0,0,pass_conserved_motif,0.67022,0,
backbone,RAPCID_backbone_rapcid_backbone_56_model_1.cif.gz,/scratch/a2149a01/RAPCID_2610_output/backbone/RAPCID_backbone_rapcid_backbone_56_model_1.cif.gz,B,A,41,38,5.768,3.136,3.183,9,3,25,10,0.7143,162.48,chain1_F_chain2_E,0,3,2,0,3,2,1,0,0,0,21,8,0,2,1,1,1,1,1,0,0,pass_conserved_motif,0.73411,0,
backbone,RAPCID_backbone_rapcid_backbone_56_model_2.cif.gz,/scratch/a2149a01/RAPCID_2610_output/backbone/RAPCID_backbone_rapcid_backbone_56_model_2.cif.gz,B,A,41,38,3.197,2.399,2.993,4,3,16,6,0.7273,115.51,chain1_F_chain2_E,1,2,1,0,2,1,0,3,1,0,8,9,0,1,1,1,1,1,1,0,0,pass_conserved_motif,0.54151,0,
backbone,RAPCID_backbone_rapcid_backbone_56_model_3.cif.gz,/scratch/a2149a01/RAPCID_2610_output/backbone/RAPCID_backbone_rapcid_backbone_56_model_3.cif.gz,B,A,41,38,13.437,3.428,2.988,6,1,19,6,0.76,165.18,chain1_F_chain2_E,0,3,2,0,3,2,0,0,0,0,16,5,1,1,1,0,1,1,1,1,0,pass_dual_rap_contact,0.67825,0,
backbone,RAPCID_backbone_rapcid_backbone_56_model_4.cif.gz,/scratch/a2149a01/RAPCID_2610_output/backbone/RAPCID_backbone_rapcid_backbone_56_model_4.cif.gz,B,A,41,38,3.033,2.843,3.312,4,7,16,10,0.6154,111.71,chain1_F_chain2_E,1,2,2,0,2,2,0,13,1,1,10,9,0,1,1,1,1,1,1,0,0,pass_conserved_motif,0.61884,0,
backbone,RAPCID_backbone_rapcid_backbone_56_model_5.cif.gz,/scratch/a2149a01/RAPCID_2610_output/backbone/RAPCID_backbone_rapcid_backbone_56_model_5.cif.gz,B,A,41,38,2.022,2.558,2.752,7,4,26,15,0.6341,121.25,chain1_F_chain2_E,1,2,2,0,2,2,0,11,1,2,13,9,2,2,1,1,1,1,1,1,1,,0.66979,1,311
backbone,RAPCID_backbone_rapcid_backbone_56_model_6.cif.gz,/scratch/a2149a01/RAPCID_2610_output/backbone/RAPCID_backbone_rapcid_backbone_56_model_6.cif.gz,B,A,41,38,2.715,3.227,2.724,6,6,15,13,0.5357,121.96,chain1_F_chain2_E,1,2,2,0,2,2,0,34,0,1,10,12,2,1,1,1,1,1,1,1,1,,0.59319,1,516
backbone,RAPCID_backbone_rapcid_backbone_56_model_7.cif.gz,/scratch/a2149a01/RAPCID_2610_output/backbone/RAPCID_backbone_rapcid_backbone_56_model_7.cif.gz,B,A,41,38,3.267,2.391,2.206,5,3,19,12,0.6129,116.87,chain1_F_chain2_E,1,2,1,0,2,1,0,8,1,1,8,9,0,1,1,1,1,1,1,0,0,pass_conserved_motif,0.63347,0,
backbone,RAPCID_backbone_rapcid_backbone_57_model_0.cif.gz,/scratch/a2149a01/RAPCID_2610_output/backbone/RAPCID_backbone_rapcid_backbone_57_model_0.cif.gz,B,A,38,25,3.358,3.05,2.693,5,4,13,9,0.5909,116.15,chain1_F_chain2_E,0,2,1,0,2,1,0,6,1,1,9,10,0,1,1,1,1,1,1,0,0,pass_conserved_motif,0.62984,0,
backbone,RAPCID_backbone_rapcid_backbone_57_model_1.cif.gz,/scratch/a2149a01/RAPCID_2610_output/backbone/RAPCID_backbone_rapcid_backbone_57_model_1.cif.gz,B,A,38,25,3.348,3.075,3.009,6,4,16,9,0.64,133.47,chain1_F_chain2_E,0,3,2,0,3,2,0,4,0,0,13,10,0,1,1,1,1,1,1,0,0,pass_conserved_motif,0.68175,0,
backbone,RAPCID_backbone_rapcid_backbone_57_model_2.cif.gz,/scratch/a2149a01/RAPCID_2610_output/backbone/RAPCID_backbone_rapcid_backbone_57_model_2.cif.gz,B,A,38,25,2.797,2.801,3.274,6,6,10,14,0.4167,118.36,chain1_F_chain2_E,0,2,1,0,2,1,0,7,0,0,13,10,0,1,1,1,1,1,1,0,0,pass_conserved_motif,0.61192,0,
backbone,RAPCID_backbone_rapcid_backbone_57_model_3.cif.gz,/scratch/a2149a01/RAPCID_2610_output/backbone/RAPCID_backbone_rapcid_backbone_57_model_3.cif.gz,B,A,38,25,2.835,2.857,2.373,5,6,14,10,0.5833,124.19,chain1_F_chain2_E,0,2,1,0,2,1,0,6,1,0,10,11,0,1,1,1,1,1,1,0,0,pass_conserved_motif,0.64302,0,
backbone,RAPCID_backbone_rapcid_backbone_57_model_4.cif.gz,/scratch/a2149a01/RAPCID_2610_output/backbone/RAPCID_backbone_rapcid_backbone_57_model_4.cif.gz,B,A,38,25,3.505,3.028,2.771,5,3,12,9,0.5714,133.33,chain1_F_chain2_E,0,2,1,0,2,1,0,4,0,0,9,10,0,1,1,1,1,1,1,0,0,pass_conserved_motif,0.65156,0,
backbone,RAPCID_backbone_rapcid_backbone_57_model_5.cif.gz,/scratch/a2149a01/RAPCID_2610_output/backbone/RAPCID_backbone_rapcid_backbone_57_model_5.cif.gz,B,A,38,25,3.494,3.095,3.285,6,5,16,10,0.6154,127.79,chain1_F_chain2_E,0,2,1,0,2,1,0,1,0,1,10,9,0,2,1,1,1,1,1,0,0,pass_conserved_motif,0.6172,0,
backbone,RAPCID_backbone_rapcid_backbone_57_model_6.cif.gz,/scratch/a2149a01/RAPCID_2610_output/backbone/RAPCID_backbone_rapcid_backbone_57_model_6.cif.gz,B,A,38,25,2.991,3.384,2.635,4,5,12,14,0.4615,120.09,chain1_F_chain2_E,0,2,1,0,2,1,0,9,1,0,7,10,0,2,1,1,1,1,1,0,0,pass_conserved_motif,0.65228,0,
backbone,RAPCID_backbone_rapcid_backbone_57_model_7.cif.gz,/scratch/a2149a01/RAPCID_2610_output/backbone/RAPCID_backbone_rapcid_backbone_57_model_7.cif.gz,B,A,38,25,3.351,2.653,3.283,5,5,16,13,0.5517,118.31,chain1_F_chain2_E,1,2,1,0,2,1,0,7,1,0,9,10,0,1,1,1,1,1,1,0,0,pass_conserved_motif,0.64106,0,
backbone,RAPCID_backbone_rapcid_backbone_58_model_0.cif.gz,/scratch/a2149a01/RAPCID_2610_output/backbone/RAPCID_backbone_rapcid_backbone_58_model_0.cif.gz,A,B,32,31,9.718,3.033,3.148,3,5,12,17,0.4138,170.74,chain1_E_chain2_F,1,0,0,3,1,3,0,0,0,0,7,16,1,0,1,1,1,1,1,0,0,pass_conserved_motif,0.70068,0,
backbone,RAPCID_backbone_rapcid_backbone_58_model_1.cif.gz,/scratch/a2149a01/RAPCID_2610_output/backbone/RAPCID_backbone_rapcid_backbone_58_model_1.cif.gz,A,B,32,31,9.319,2.496,3.444,6,6,16,16,0.5,161.4,chain1_E_chain2_F,1,0,0,3,1,3,0,0,0,0,13,15,1,0,1,1,1,1,1,0,0,pass_conserved_motif,0.76629,0,
backbone,RAPCID_backbone_rapcid_backbone_58_model_2.cif.gz,/scratch/a2149a01/RAPCID_2610_output/backbone/RAPCID_backbone_rapcid_backbone_58_model_2.cif.gz,A,B,32,31,8.043,2.852,3.507,3,5,15,14,0.5172,133.02,chain1_E_chain2_F,2,0,0,3,2,3,0,0,0,0,10,15,1,0,1,1,1,1,1,0,0,pass_conserved_motif,0.70936,0,
backbone,RAPCID_backbone_rapcid_backbone_58_model_3.cif.gz,/scratch/a2149a01/RAPCID_2610_output/backbone/RAPCID_backbone_rapcid_backbone_58_model_3.cif.gz,A,B,32,31,4.081,2.441,3.002,5,4,15,18,0.4545,130.67,chain1_E_chain2_F,1,0,0,2,1,2,1,0,0,0,10,16,1,0,1,1,1,1,1,0,0,pass_conserved_motif,0.66169,0,
backbone,RAPCID_backbone_rapcid_backbone_58_model_4.cif.gz,/scratch/a2149a01/RAPCID_2610_output/backbone/RAPCID_backbone_rapcid_backbone_58_model_4.cif.gz,A,B,32,31,10.363,2.914,3.383,5,4,14,18,0.4375,156.16,chain1_E_chain2_F,2,0,0,2,2,2,0,0,0,0,10,16,2,0,1,1,1,1,1,0,0,pass_conserved_motif,0.73981,0,
backbone,RAPCID_backbone_rapcid_backbone_58_model_5.cif.gz,/scratch/a2149a01/RAPCID_2610_output/backbone/RAPCID_backbone_rapcid_backbone_58_model_5.cif.gz,A,B,32,31,6.238,2.797,3.656,5,6,14,14,0.5,148.32,chain1_E_chain2_F,1,0,0,3,1,3,0,0,0,0,11,14,1,0,1,1,1,1,1,0,0,pass_conserved_motif,0.73867,0,
backbone,RAPCID_backbone_rapcid_backbone_58_model_6.cif.gz,/scratch/a2149a01/RAPCID_2610_output/backbone/RAPCID_backbone_rapcid_backbone_58_model_6.cif.gz,A,B,32,31,12.658,3.21,3.502,3,5,5,13,0.2778,168.07,chain1_E_chain2_F,1,0,0,3,1,3,0,0,0,0,9,16,1,0,1,1,1,1,1,0,0,pass_conserved_motif,0.65518,0,
backbone,RAPCID_backbone_rapcid_backbone_58_model_7.cif.gz,/scratch/a2149a01/RAPCID_2610_output/backbone/RAPCID_backbone_rapcid_backbone_58_model_7.cif.gz,A,B,32,31,10.782,3.195,3.49,3,5,7,20,0.2593,155.87,chain1_E_chain2_F,1,0,0,3,1,3,0,0,0,0,9,16,1,0,1,1,1,1,1,0,0,pass_conserved_motif,0.66757,0,
backbone,RAPCID_backbone_rapcid_backbone_59_model_0.cif.gz,/scratch/a2149a01/RAPCID_2610_output/backbone/RAPCID_backbone_rapcid_backbone_59_model_0.cif.gz,B,A,28,26,7.655,3.348,3.018,7,5,23,13,0.6389,158.43,chain1_F_chain2_E,0,3,1,0,3,1,0,0,0,0,16,10,0,2,1,1,1,1,1,0,0,pass_conserved_motif,0.71682,0,
backbone,RAPCID_backbone_rapcid_backbone_59_model_1.cif.gz,/scratch/a2149a01/RAPCID_2610_output/backbone/RAPCID_backbone_rapcid_backbone_59_model_1.cif.gz,B,A,28,26,3.862,3.203,2.215,5,7,20,18,0.5263,143.23,chain1_F_chain2_E,0,3,2,0,3,2,0,3,0,0,15,10,0,1,1,1,1,1,1,0,0,pass_conserved_motif,0.75476,0,
backbone,RAPCID_backbone_rapcid_backbone_59_model_2.cif.gz,/scratch/a2149a01/RAPCID_2610_output/backbone/RAPCID_backbone_rapcid_backbone_59_model_2.cif.gz,B,A,28,26,8.061,3.591,3.155,5,4,14,12,0.5385,148.84,chain1_F_chain2_E,0,3,1,0,3,1,0,0,0,0,15,10,0,1,1,1,1,1,1,0,0,pass_conserved_motif,0.72505,0,
backbone,RAPCID_backbone_rapcid_backbone_59_model_3.cif.gz,/scratch/a2149a01/RAPCID_2610_output/backbone/RAPCID_backbone_rapcid_backbone_59_model_3.cif.gz,B,A,28,26,6.829,3.379,2.592,5,7,12,21,0.3636,137.73,chain1_F_chain2_E,0,3,1,0,3,1,0,0,0,0,16,11,0,1,1,1,1,1,1,0,0,pass_conserved_motif,0.64883,0,
backbone,RAPCID_backbone_rapcid_backbone_59_model_4.cif.gz,/scratch/a2149a01/RAPCID_2610_output/backbone/RAPCID_backbone_rapcid_backbone_59_model_4.cif.gz,B,A,28,26,8.256,3.526,2.839,6,3,17,7,0.7083,142.08,chain1_F_chain2_E,0,3,1,0,3,1,0,0,0,0,14,9,0,1,1,1,1,1,1,0,0,pass_conserved_motif,0.63454,0,
backbone,RAPCID_backbone_rapcid_backbone_59_model_5.cif.gz,/scratch/a2149a01/RAPCID_2610_output/backbone/RAPCID_backbone_rapcid_backbone_59_model_5.cif.gz,B,A,28,26,2.511,3.41,2.242,5,8,16,19,0.4571,128.68,chain1_F_chain2_E,0,3,1,0,3,1,0,2,1,1,15,11,0,2,1,1,1,1,1,0,0,pass_conserved_motif,0.6994,0,
backbone,RAPCID_backbone_rapcid_backbone_59_model_6.cif.gz,/scratch/a2149a01/RAPCID_2610_output/backbone/RAPCID_backbone_rapcid_backbone_59_model_6.cif.gz,B,A,28,26,3.223,3.51,3.108,6,7,17,21,0.4474,134.07,chain1_F_chain2_E,0,3,2,0,3,2,0,1,0,1,15,10,0,1,1,1,1,1,1,0,0,pass_conserved_motif,0.72036,0,
backbone,RAPCID_backbone_rapcid_backbone_59_model_7.cif.gz,/scratch/a2149a01/RAPCID_2610_output/backbone/RAPCID_backbone_rapcid_backbone_59_model_7.cif.gz,B,A,28,26,6.967,3.428,3.052,5,4,16,16,0.5,151.79,chain1_F_chain2_E,0,3,1,0,3,1,0,0,0,0,15,12,0,2,1,1,1,1,1,0,0,pass_conserved_motif,0.75024,0,
backbone,RAPCID_backbone_rapcid_backbone_5_model_0.cif.gz,/scratch/a2149a01/RAPCID_2610_output/backbone/RAPCID_backbone_rapcid_backbone_5_model_0.cif.gz,A,B,30,24,13.129,2.901,3.477,2,5,4,13,0.2353,172.01,chain1_E_chain2_F,1,0,0,3,1,3,0,0,0,0,6,13,1,1,1,1,1,1,1,1,1,,0.62504,1,453
backbone,RAPCID_backbone_rapcid_backbone_5_model_1.cif.gz,/scratch/a2149a01/RAPCID_2610_output/backbone/RAPCID_backbone_rapcid_backbone_5_model_1.cif.gz,A,B,30,24,1.698,2.41,3.518,5,5,14,13,0.5185,164.36,chain1_E_chain2_F,1,0,0,3,1,3,0,1,0,0,11,13,1,0,0,1,1,1,1,0,0,pass_no_clash;pass_conserved_motif,0.75401,0,
backbone,RAPCID_backbone_rapcid_backbone_5_model_2.cif.gz,/scratch/a2149a01/RAPCID_2610_output/backbone/RAPCID_backbone_rapcid_backbone_5_model_2.cif.gz,A,B,30,24,4.447,2.725,3.15,5,6,16,16,0.5,141.54,chain1_E_chain2_F,1,0,0,3,1,3,0,0,0,0,10,13,1,0,1,1,1,1,1,0,0,pass_conserved_motif,0.71607,0,
backbone,RAPCID_backbone_rapcid_backbone_5_model_3.cif.gz,/scratch/a2149a01/RAPCID_2610_output/backbone/RAPCID_backbone_rapcid_backbone_5_model_3.cif.gz,A,B,30,24,3.924,2.447,2.995,5,5,14,18,0.4375,154.45,chain1_E_chain2_F,1,0,0,3,1,3,0,1,0,0,11,13,1,0,1,1,1,1,1,0,0,pass_conserved_motif,0.73913,0,
backbone,RAPCID_backbone_rapcid_backbone_5_model_4.cif.gz,/scratch/a2149a01/RAPCID_2610_output/backbone/RAPCID_backbone_rapcid_backbone_5_model_4.cif.gz,A,B,30,24,13.294,3.3,3.467,2,5,4,15,0.2105,169.62,chain1_E_chain2_F,1,0,0,3,1,3,0,0,0,0,8,13,1,0,1,1,1,1,1,0,0,pass_conserved_motif,0.62308,0,
backbone,RAPCID_backbone_rapcid_backbone_5_model_5.cif.gz,/scratch/a2149a01/RAPCID_2610_output/backbone/RAPCID_backbone_rapcid_backbone_5_model_5.cif.gz,A,B,30,24,2.954,2.715,3.696,7,6,15,12,0.5556,118.09,chain1_E_chain2_F,1,0,0,3,1,3,0,5,1,0,10,13,1,0,1,1,1,1,1,0,0,pass_conserved_motif,0.65737,0,
backbone,RAPCID_backbone_rapcid_backbone_5_model_6.cif.gz,/scratch/a2149a01/RAPCID_2610_output/backbone/RAPCID_backbone_rapcid_backbone_5_model_6.cif.gz,A,B,30,24,4.122,2.24,3.392,7,5,20,16,0.5556,168.74,chain1_E_chain2_F,2,0,0,3,2,3,0,0,0,0,12,13,1,0,1,1,1,1,1,0,0,pass_conserved_motif,0.74818,0,
backbone,RAPCID_backbone_rapcid_backbone_5_model_7.cif.gz,/scratch/a2149a01/RAPCID_2610_output/backbone/RAPCID_backbone_rapcid_backbone_5_model_7.cif.gz,A,B,30,24,3.39,2.831,3.417,5,5,12,17,0.4138,146.15,chain1_E_chain2_F,1,0,0,3,1,3,0,6,0,0,10,13,2,0,1,1,1,1,1,0,0,pass_conserved_motif,0.72697,0,
backbone,RAPCID_backbone_rapcid_backbone_60_model_0.cif.gz,/scratch/a2149a01/RAPCID_2610_output/backbone/RAPCID_backbone_rapcid_backbone_60_model_0.cif.gz,A,B,23,18,5.678,3.347,3.699,3,5,8,14,0.3636,150.68,chain1_E_chain2_F,1,0,0,3,1,3,0,0,0,0,10,15,1,1,1,1,1,1,1,1,1,,0.692,1,233
backbone,RAPCID_backbone_rapcid_backbone_60_model_1.cif.gz,/scratch/a2149a01/RAPCID_2610_output/backbone/RAPCID_backbone_rapcid_backbone_60_model_1.cif.gz,A,B,23,18,6.76,2.388,3.56,5,6,13,13,0.5,162.13,chain1_E_chain2_F,1,0,0,3,1,3,0,0,0,0,12,15,1,0,1,1,1,1,1,0,0,pass_conserved_motif,0.76385,0,
backbone,RAPCID_backbone_rapcid_backbone_60_model_2.cif.gz,/scratch/a2149a01/RAPCID_2610_output/backbone/RAPCID_backbone_rapcid_backbone_60_model_2.cif.gz,A,B,23,18,4.547,2.095,3.105,8,6,22,21,0.5116,141.58,chain1_E_chain2_F,1,0,0,3,1,3,0,0,0,0,13,16,2,0,1,1,1,1,1,0,0,pass_conserved_motif,0.71156,0,
backbone,RAPCID_backbone_rapcid_backbone_60_model_3.cif.gz,/scratch/a2149a01/RAPCID_2610_output/backbone/RAPCID_backbone_rapcid_backbone_60_model_3.cif.gz,A,B,23,18,6.58,2.233,3.291,6,5,15,19,0.4412,157.9,chain1_E_chain2_F,1,0,0,3,1,3,0,0,0,0,12,15,1,0,1,1,1,1,1,0,0,pass_conserved_motif,0.7471,0,
backbone,RAPCID_backbone_rapcid_backbone_60_model_4.cif.gz,/scratch/a2149a01/RAPCID_2610_output/backbone/RAPCID_backbone_rapcid_backbone_60_model_4.cif.gz,A,B,23,18,3.249,3.066,3.189,6,5,13,21,0.3824,149.99,chain1_E_chain2_F,1,0,0,3,1,3,0,1,0,1,14,16,2,2,1,1,1,1,1,1,1,,0.71886,1,142
backbone,RAPCID_backbone_rapcid_backbone_60_model_5.cif.gz,/scratch/a2149a01/RAPCID_2610_output/backbone/RAPCID_backbone_rapcid_backbone_60_model_5.cif.gz,A,B,23,18,13.204,3.283,3.362,2,5,5,15,0.25,169.88,chain1_E_chain2_F,1,0,0,3,1,3,0,0,0,0,8,15,1,0,1,1,1,1,1,0,0,pass_conserved_motif,0.63803,0,
backbone,RAPCID_backbone_rapcid_backbone_60_model_6.cif.gz,/scratch/a2149a01/RAPCID_2610_output/backbone/RAPCID_backbone_rapcid_backbone_60_model_6.cif.gz,A,B,23,18,10.333,3.243,3.107,4,4,9,16,0.36,172.94,chain1_E_chain2_F,1,0,0,2,1,2,0,0,0,0,9,16,1,0,1,1,1,1,1,0,0,pass_conserved_motif,0.64326,0,
backbone,RAPCID_backbone_rapcid_backbone_60_model_7.cif.gz,/scratch/a2149a01/RAPCID_2610_output/backbone/RAPCID_backbone_rapcid_backbone_60_model_7.cif.gz,A,B,23,18,5.253,3.18,3.017,4,5,11,19,0.3667,159.18,chain1_E_chain2_F,1,0,0,3,1,3,0,0,0,0,13,15,2,0,1,1,1,1,1,0,0,pass_conserved_motif,0.72035,0,
backbone,RAPCID_backbone_rapcid_backbone_61_model_0.cif.gz,/scratch/a2149a01/RAPCID_2610_output/backbone/RAPCID_backbone_rapcid_backbone_61_model_0.cif.gz,B,A,35,20,9.956,3.09,1.762,6,4,18,14,0.5625,146.49,chain1_F_chain2_E,0,3,2,0,3,2,1,0,0,0,16,8,0,1,0,1,1,1,1,0,0,pass_no_clash;pass_conserved_motif,0.76473,0,
backbone,RAPCID_backbone_rapcid_backbone_61_model_1.cif.gz,/scratch/a2149a01/RAPCID_2610_output/backbone/RAPCID_backbone_rapcid_backbone_61_model_1.cif.gz,B,A,35,20,13.015,3.497,3.103,5,1,17,2,0.8947,167.79,chain1_F_chain2_E,0,3,1,0,3,1,0,0,0,0,15,8,1,1,1,0,1,1,1,1,0,pass_dual_rap_contact,0.5871,0,
backbone,RAPCID_backbone_rapcid_backbone_61_model_2.cif.gz,/scratch/a2149a01/RAPCID_2610_output/backbone/RAPCID_backbone_rapcid_backbone_61_model_2.cif.gz,B,A,35,20,5.979,3.303,2.992,5,4,16,10,0.6154,143.29,chain1_F_chain2_E,0,3,2,0,3,2,1,0,0,0,14,7,1,1,1,1,1,1,1,1,1,,0.73292,1,106
backbone,RAPCID_backbone_rapcid_backbone_61_model_3.cif.gz,/scratch/a2149a01/RAPCID_2610_output/backbone/RAPCID_backbone_rapcid_backbone_61_model_3.cif.gz,B,A,35,20,9.43,3.595,1.774,6,4,15,13,0.5357,161.58,chain1_F_chain2_E,0,3,2,0,3,2,1,0,0,0,15,8,0,1,0,1,1,1,1,0,0,pass_no_clash;pass_conserved_motif,0.80855,0,
backbone,RAPCID_backbone_rapcid_backbone_61_model_4.cif.gz,/scratch/a2149a01/RAPCID_2610_output/backbone/RAPCID_backbone_rapcid_backbone_61_model_4.cif.gz,B,A,35,20,9.672,2.877,2.484,4,4,13,13,0.5,165.01,chain1_F_chain2_E,0,2,2,0,2,2,1,0,0,0,9,8,0,1,1,1,1,1,1,0,0,pass_conserved_motif,0.78282,0,
backbone,RAPCID_backbone_rapcid_backbone_61_model_5.cif.gz,/scratch/a2149a01/RAPCID_2610_output/backbone/RAPCID_backbone_rapcid_backbone_61_model_5.cif.gz,B,A,35,20,7.294,3.446,3.399,5,3,15,9,0.625,146.22,chain1_F_chain2_E,0,3,1,0,3,1,1,0,0,0,15,7,0,1,1,1,1,1,1,0,0,pass_conserved_motif,0.71025,0,
backbone,RAPCID_backbone_rapcid_backbone_61_model_6.cif.gz,/scratch/a2149a01/RAPCID_2610_output/backbone/RAPCID_backbone_rapcid_backbone_61_model_6.cif.gz,B,A,35,20,12.886,3.357,3.148,5,2,16,5,0.7619,173.82,chain1_F_chain2_E,0,3,1,0,3,1,0,0,0,0,16,7,0,2,1,1,1,1,1,0,0,pass_conserved_motif,0.62012,0,
backbone,RAPCID_backbone_rapcid_backbone_61_model_7.cif.gz,/scratch/a2149a01/RAPCID_2610_output/backbone/RAPCID_backbone_rapcid_backbone_61_model_7.cif.gz,B,A,35,20,5.734,3.53,3.322,6,3,17,12,0.5862,144.04,chain1_F_chain2_E,0,3,2,0,3,2,1,0,0,0,16,8,1,1,1,1,1,1,1,1,1,,0.7471,1,70
backbone,RAPCID_backbone_rapcid_backbone_62_model_0.cif.gz,/scratch/a2149a01/RAPCID_2610_output/backbone/RAPCID_backbone_rapcid_backbone_62_model_0.cif.gz,B,A,44,25,3.247,3.391,2.946,6,4,12,10,0.5455,130.14,chain1_F_chain2_E,0,3,1,0,3,1,0,1,0,0,11,11,0,1,1,1,1,1,1,0,0,pass_conserved_motif,0.66489,0,
backbone,RAPCID_backbone_rapcid_backbone_62_model_1.cif.gz,/scratch/a2149a01/RAPCID_2610_output/backbone/RAPCID_backbone_rapcid_backbone_62_model_1.cif.gz,B,A,44,25,3.1,3.308,3.002,6,3,14,16,0.4667,114.21,chain1_F_chain2_E,1,2,1,0,2,1,0,9,2,1,11,9,0,2,1,1,1,1,1,0,0,pass_conserved_motif,0.66807,0,
backbone,RAPCID_backbone_rapcid_backbone_62_model_2.cif.gz,/scratch/a2149a01/RAPCID_2610_output/backbone/RAPCID_backbone_rapcid_backbone_62_model_2.cif.gz,B,A,44,25,2.975,3.131,3.28,7,4,18,16,0.5294,120.53,chain1_F_chain2_E,1,3,1,0,3,1,0,4,0,1,12,9,0,1,1,1,1,1,1,0,0,pass_conserved_motif,0.67096,0,
backbone,RAPCID_backbone_rapcid_backbone_62_model_3.cif.gz,/scratch/a2149a01/RAPCID_2610_output/backbone/RAPCID_backbone_rapcid_backbone_62_model_3.cif.gz,B,A,44,25,3.232,2.642,2.738,3,4,9,14,0.3913,106.53,chain1_F_chain2_E,0,2,1,0,2,1,0,3,0,0,10,11,0,1,1,1,1,1,1,0,0,pass_conserved_motif,0.54233,0,
backbone,RAPCID_backbone_rapcid_backbone_62_model_4.cif.gz,/scratch/a2149a01/RAPCID_2610_output/backbone/RAPCID_backbone_rapcid_backbone_62_model_4.cif.gz,B,A,44,25,2.97,3.289,2.7,4,4,12,7,0.6316,119.88,chain1_F_chain2_E,1,2,1,0,2,1,0,6,0,0,12,9,0,1,1,1,1,1,1,0,0,pass_conserved_motif,0.59268,0,
backbone,RAPCID_backbone_rapcid_backbone_62_model_5.cif.gz,/scratch/a2149a01/RAPCID_2610_output/backbone/RAPCID_backbone_rapcid_backbone_62_model_5.cif.gz,B,A,44,25,2.872,2.612,2.856,4,3,14,9,0.6087,121.95,chain1_F_chain2_E,1,2,1,0,2,1,0,6,0,0,9,11,0,1,1,1,1,1,1,0,0,pass_conserved_motif,0.60874,0,
backbone,RAPCID_backbone_rapcid_backbone_62_model_6.cif.gz,/scratch/a2149a01/RAPCID_2610_output/backbone/RAPCID_backbone_rapcid_backbone_62_model_6.cif.gz,B,A,44,25,3.38,3.291,2.463,6,4,12,14,0.4615,121.7,chain1_F_chain2_E,0,3,1,0,3,1,0,5,0,1,15,10,0,1,1,1,1,1,1,0,0,pass_conserved_motif,0.67622,0,
backbone,RAPCID_backbone_rapcid_backbone_62_model_7.cif.gz,/scratch/a2149a01/RAPCID_2610_output/backbone/RAPCID_backbone_rapcid_backbone_62_model_7.cif.gz,B,A,44,25,2.862,3.715,2.762,4,4,5,10,0.3333,136.38,chain1_F_chain2_E,0,1,2,0,1,2,0,7,0,0,11,9,0,1,1,1,1,1,1,0,0,pass_conserved_motif,0.63865,0,
backbone,RAPCID_backbone_rapcid_backbone_63_model_0.cif.gz,/scratch/a2149a01/RAPCID_2610_output/backbone/RAPCID_backbone_rapcid_backbone_63_model_0.cif.gz,B,A,47,37,3.318,3.233,2.378,5,2,13,5,0.7222,126.77,chain1_F_chain2_E,0,2,1,0,2,1,0,6,0,0,9,9,0,2,1,1,1,1,1,0,0,pass_conserved_motif,0.57938,0,
backbone,RAPCID_backbone_rapcid_backbone_63_model_1.cif.gz,/scratch/a2149a01/RAPCID_2610_output/backbone/RAPCID_backbone_rapcid_backbone_63_model_1.cif.gz,B,A,47,37,3.219,3.669,2.671,4,6,11,19,0.3667,112.82,chain1_F_chain2_E,0,2,2,0,2,2,0,11,0,1,10,14,0,1,1,1,1,1,1,0,0,pass_conserved_motif,0.60868,0,
backbone,RAPCID_backbone_rapcid_backbone_63_model_2.cif.gz,/scratch/a2149a01/RAPCID_2610_output/backbone/RAPCID_backbone_rapcid_backbone_63_model_2.cif.gz,B,A,47,37,3.376,2.832,3.303,4,6,23,10,0.697,127.56,chain1_F_chain2_E,1,2,2,0,2,2,0,8,0,0,12,14,0,1,1,1,1,1,1,0,0,pass_conserved_motif,0.63071,0,
backbone,RAPCID_backbone_rapcid_backbone_63_model_3.cif.gz,/scratch/a2149a01/RAPCID_2610_output/backbone/RAPCID_backbone_rapcid_backbone_63_model_3.cif.gz,B,A,47,37,2.983,3.029,2.851,4,2,12,5,0.7059,129.25,chain1_F_chain2_E,0,1,1,0,1,1,0,4,0,0,10,11,0,1,1,1,1,1,1,0,0,pass_conserved_motif,0.55561,0,
backbone,RAPCID_backbone_rapcid_backbone_63_model_4.cif.gz,/scratch/a2149a01/RAPCID_2610_output/backbone/RAPCID_backbone_rapcid_backbone_63_model_4.cif.gz,B,A,47,37,1.966,3.019,2.821,4,7,16,20,0.4444,95.04,chain1_F_chain2_E,1,2,1,0,2,1,0,16,2,2,7,13,0,1,0,1,1,1,1,0,0,pass_no_clash;pass_conserved_motif,0.57694,0,
backbone,RAPCID_backbone_rapcid_backbone_63_model_5.cif.gz,/scratch/a2149a01/RAPCID_2610_output/backbone/RAPCID_backbone_rapcid_backbone_63_model_5.cif.gz,B,A,47,37,2.432,3.376,2.804,5,4,14,8,0.6364,127.4,chain1_F_chain2_E,0,2,1,0,2,1,0,7,0,0,11,9,0,1,1,1,1,1,1,0,0,pass_conserved_motif,0.62085,0,
backbone,RAPCID_backbone_rapcid_backbone_63_model_6.cif.gz,/scratch/a2149a01/RAPCID_2610_output/backbone/RAPCID_backbone_rapcid_backbone_63_model_6.cif.gz,B,A,47,37,2.877,2.968,3.078,4,3,14,11,0.56,136.63,chain1_F_chain2_E,1,2,2,0,2,2,1,2,0,0,10,9,0,1,1,1,1,1,1,0,0,pass_conserved_motif,0.71429,0,
backbone,RAPCID_backbone_rapcid_backbone_63_model_7.cif.gz,/scratch/a2149a01/RAPCID_2610_output/backbone/RAPCID_backbone_rapcid_backbone_63_model_7.cif.gz,B,A,47,37,3.172,2.949,2.755,4,4,21,12,0.6364,131.68,chain1_F_chain2_E,1,2,2,0,2,2,1,6,0,1,11,7,1,1,1,1,1,1,1,1,1,,0.70391,1,182
backbone,RAPCID_backbone_rapcid_backbone_64_model_0.cif.gz,/scratch/a2149a01/RAPCID_2610_output/backbone/RAPCID_backbone_rapcid_backbone_64_model_0.cif.gz,A,B,34,28,8.92,2.496,3.597,6,5,12,14,0.4615,143.38,chain1_E_chain2_F,1,0,0,3,1,3,0,0,0,0,10,11,1,0,1,1,1,1,1,0,0,pass_conserved_motif,0.70685,0,
backbone,RAPCID_backbone_rapcid_backbone_64_model_1.cif.gz,/scratch/a2149a01/RAPCID_2610_output/backbone/RAPCID_backbone_rapcid_backbone_64_model_1.cif.gz,A,B,34,28,10.671,2.589,3.398,4,4,11,9,0.55,153.53,chain1_E_chain2_F,1,0,0,3,1,3,0,0,0,0,8,11,1,0,1,1,1,1,1,0,0,pass_conserved_motif,0.73607,0,
backbone,RAPCID_backbone_rapcid_backbone_64_model_2.cif.gz,/scratch/a2149a01/RAPCID_2610_output/backbone/RAPCID_backbone_rapcid_backbone_64_model_2.cif.gz,A,B,34,28,13.464,2.874,3.689,3,5,5,11,0.3125,147.83,chain1_E_chain2_F,1,0,0,3,1,3,0,0,0,0,7,11,2,1,1,1,1,1,1,1,1,,0.66207,1,340
backbone,RAPCID_backbone_rapcid_backbone_64_model_3.cif.gz,/scratch/a2149a01/RAPCID_2610_output/backbone/RAPCID_backbone_rapcid_backbone_64_model_3.cif.gz,A,B,34,28,8.662,2.732,3.501,4,4,18,12,0.6,155.04,chain1_E_chain2_F,1,0,0,3,1,3,0,0,0,0,8,11,1,0,1,1,1,1,1,0,0,pass_conserved_motif,0.72108,0,
backbone,RAPCID_backbone_rapcid_backbone_64_model_4.cif.gz,/scratch/a2149a01/RAPCID_2610_output/backbone/RAPCID_backbone_rapcid_backbone_64_model_4.cif.gz,A,B,34,28,13.182,3.299,3.633,2,4,4,15,0.2105,148.2,chain1_E_chain2_F,2,0,0,3,2,3,0,0,0,0,8,11,1,0,1,1,1,1,1,0,0,pass_conserved_motif,0.65108,0,
backbone,RAPCID_backbone_rapcid_backbone_64_model_5.cif.gz,/scratch/a2149a01/RAPCID_2610_output/backbone/RAPCID_backbone_rapcid_backbone_64_model_5.cif.gz,A,B,34,28,10.258,2.646,3.76,5,5,16,11,0.5926,145.67,chain1_E_chain2_F,1,0,0,3,1,3,0,0,0,0,10,11,1,0,1,1,1,1,1,0,0,pass_conserved_motif,0.69282,0,
backbone,RAPCID_backbone_rapcid_backbone_64_model_6.cif.gz,/scratch/a2149a01/RAPCID_2610_output/backbone/RAPCID_backbone_rapcid_backbone_64_model_6.cif.gz,A,B,34,28,7.322,2.989,3.586,4,4,8,13,0.381,141.64,chain1_E_chain2_F,1,0,0,3,1,3,0,0,0,0,13,11,1,0,1,1,1,1,1,0,0,pass_conserved_motif,0.66878,0,
backbone,RAPCID_backbone_rapcid_backbone_64_model_7.cif.gz,/scratch/a2149a01/RAPCID_2610_output/backbone/RAPCID_backbone_rapcid_backbone_64_model_7.cif.gz,A,B,34,28,9.941,2.584,3.843,5,3,15,8,0.6522,152.92,chain1_E_chain2_F,1,0,0,2,1,2,0,0,0,0,10,11,1,2,1,1,1,1,1,1,1,,0.66459,1,327
backbone,RAPCID_backbone_rapcid_backbone_65_model_0.cif.gz,/scratch/a2149a01/RAPCID_2610_output/backbone/RAPCID_backbone_rapcid_backbone_65_model_0.cif.gz,A,B,32,27,5.116,3.137,3.599,4,5,9,12,0.4286,162.11,chain1_E_chain2_F,1,0,0,3,1,3,0,0,0,0,12,15,1,0,1,1,1,1,1,0,0,pass_conserved_motif,0.73536,0,
backbone,RAPCID_backbone_rapcid_backbone_65_model_1.cif.gz,/scratch/a2149a01/RAPCID_2610_output/backbone/RAPCID_backbone_rapcid_backbone_65_model_1.cif.gz,A,B,32,27,6.428,3.132,3.158,3,6,10,16,0.3846,178.92,chain1_E_chain2_F,1,0,0,3,1,3,0,0,0,0,10,16,1,1,1,1,1,1,1,1,1,,0.66174,1,341
backbone,RAPCID_backbone_rapcid_backbone_65_model_2.cif.gz,/scratch/a2149a01/RAPCID_2610_output/backbone/RAPCID_backbone_rapcid_backbone_65_model_2.cif.gz,A,B,32,27,8.239,2.422,3.528,6,6,13,16,0.4483,153.66,chain1_E_chain2_F,1,0,0,3,1,3,0,0,0,0,10,16,1,0,1,1,1,1,1,0,0,pass_conserved_motif,0.73581,0,
backbone,RAPCID_backbone_rapcid_backbone_65_model_3.cif.gz,/scratch/a2149a01/RAPCID_2610_output/backbone/RAPCID_backbone_rapcid_backbone_65_model_3.cif.gz,A,B,32,27,4.657,2.525,3.504,5,6,14,17,0.4516,149.14,chain1_E_chain2_F,1,0,0,3,1,3,0,0,0,0,11,16,1,0,1,1,1,1,1,0,0,pass_conserved_motif,0.72208,0,
backbone,RAPCID_backbone_rapcid_backbone_65_model_4.cif.gz,/scratch/a2149a01/RAPCID_2610_output/backbone/RAPCID_backbone_rapcid_backbone_65_model_4.cif.gz,A,B,32,27,4.849,2.127,3.305,4,7,12,16,0.4286,172.5,chain1_E_chain2_F,1,0,0,3,1,3,0,0,0,0,10,16,1,0,1,1,1,1,1,0,0,pass_conserved_motif,0.7007,0,
backbone,RAPCID_backbone_rapcid_backbone_65_model_5.cif.gz,/scratch/a2149a01/RAPCID_2610_output/backbone/RAPCID_backbone_rapcid_backbone_65_model_5.cif.gz,A,B,32,27,4.302,2.698,3.067,4,6,9,18,0.3333,160.14,chain1_E_chain2_F,1,0,0,3,1,3,0,0,0,0,11,16,1,0,1,1,1,1,1,0,0,pass_conserved_motif,0.70381,0,
backbone,RAPCID_backbone_rapcid_backbone_65_model_6.cif.gz,/scratch/a2149a01/RAPCID_2610_output/backbone/RAPCID_backbone_rapcid_backbone_65_model_6.cif.gz,A,B,32,27,3.441,2.579,3.199,6,5,17,19,0.4722,153.65,chain1_E_chain2_F,1,0,0,3,1,3,0,5,0,0,13,16,1,0,1,1,1,1,1,0,0,pass_conserved_motif,0.77035,0,
backbone,RAPCID_backbone_rapcid_backbone_65_model_7.cif.gz,/scratch/a2149a01/RAPCID_2610_output/backbone/RAPCID_backbone_rapcid_backbone_65_model_7.cif.gz,A,B,32,27,4.447,2.534,3.493,6,5,13,16,0.4483,151.3,chain1_E_chain2_F,1,0,0,3,1,3,0,0,0,0,11,17,1,1,1,1,1,1,1,1,1,,0.72793,1,121
backbone,RAPCID_backbone_rapcid_backbone_66_model_0.cif.gz,/scratch/a2149a01/RAPCID_2610_output/backbone/RAPCID_backbone_rapcid_backbone_66_model_0.cif.gz,A,B,44,23,13.031,3.13,3.527,5,6,10,13,0.4348,167.2,chain1_E_chain2_F,1,0,0,3,1,3,0,0,0,0,10,15,2,0,1,1,1,1,1,0,0,pass_conserved_motif,0.72087,0,
backbone,RAPCID_backbone_rapcid_backbone_66_model_1.cif.gz,/scratch/a2149a01/RAPCID_2610_output/backbone/RAPCID_backbone_rapcid_backbone_66_model_1.cif.gz,A,B,44,23,11.58,3.313,3.537,3,5,5,14,0.2632,174.83,chain1_E_chain2_F,1,0,0,3,1,3,0,0,0,0,10,15,1,1,1,1,1,1,1,1,1,,0.62678,1,448
backbone,RAPCID_backbone_rapcid_backbone_66_model_2.cif.gz,/scratch/a2149a01/RAPCID_2610_output/backbone/RAPCID_backbone_rapcid_backbone_66_model_2.cif.gz,A,B,44,23,13.953,2.904,3.005,3,5,10,16,0.3846,170.98,chain1_E_chain2_F,1,0,0,3,1,3,0,0,0,0,8,14,1,0,1,1,1,1,1,0,0,pass_conserved_motif,0.6882,0,
backbone,RAPCID_backbone_rapcid_backbone_66_model_3.cif.gz,/scratch/a2149a01/RAPCID_2610_output/backbone/RAPCID_backbone_rapcid_backbone_66_model_3.cif.gz,A,B,44,23,8.816,2.725,3.514,4,6,9,18,0.3333,154.18,chain1_E_chain2_F,1,0,0,3,1,3,0,0,0,0,10,15,1,0,1,1,1,1,1,0,0,pass_conserved_motif,0.69156,0,
backbone,RAPCID_backbone_rapcid_backbone_66_model_4.cif.gz,/scratch/a2149a01/RAPCID_2610_output/backbone/RAPCID_backbone_rapcid_backbone_66_model_4.cif.gz,A,B,44,23,12.428,2.624,3.164,4,5,10,16,0.3846,159.77,chain1_E_chain2_F,2,0,0,3,2,3,0,0,0,0,9,15,1,0,1,1,1,1,1,0,0,pass_conserved_motif,0.75412,0,
backbone,RAPCID_backbone_rapcid_backbone_66_model_5.cif.gz,/scratch/a2149a01/RAPCID_2610_output/backbone/RAPCID_backbone_rapcid_backbone_66_model_5.cif.gz,A,B,44,23,13.17,2.941,3.183,2,6,5,16,0.2381,152.44,chain1_E_chain2_F,2,0,0,3,2,3,0,0,0,0,8,15,1,0,1,1,1,1,1,0,0,pass_conserved_motif,0.67622,0,
backbone,RAPCID_backbone_rapcid_backbone_66_model_6.cif.gz,/scratch/a2149a01/RAPCID_2610_output/backbone/RAPCID_backbone_rapcid_backbone_66_model_6.cif.gz,A,B,44,23,12.674,2.822,3.232,3,5,8,17,0.32,152.51,chain1_E_chain2_F,2,0,0,3,2,3,0,0,0,0,8,15,1,0,1,1,1,1,1,0,0,pass_conserved_motif,0.70922,0,
backbone,RAPCID_backbone_rapcid_backbone_66_model_7.cif.gz,/scratch/a2149a01/RAPCID_2610_output/backbone/RAPCID_backbone_rapcid_backbone_66_model_7.cif.gz,A,B,44,23,9.919,2.975,3.006,5,5,11,23,0.3235,161.47,chain1_E_chain2_F,1,0,0,3,1,3,0,0,0,0,10,14,1,0,1,1,1,1,1,0,0,pass_conserved_motif,0.69546,0,
backbone,RAPCID_backbone_rapcid_backbone_67_model_0.cif.gz,/scratch/a2149a01/RAPCID_2610_output/backbone/RAPCID_backbone_rapcid_backbone_67_model_0.cif.gz,A,B,37,32,8.664,2.795,3.05,4,6,16,20,0.4444,169.33,chain1_E_chain2_F,2,0,0,3,2,3,1,0,0,0,11,16,1,0,1,1,1,1,1,0,0,pass_conserved_motif,0.77479,0,
backbone,RAPCID_backbone_rapcid_backbone_67_model_1.cif.gz,/scratch/a2149a01/RAPCID_2610_output/backbone/RAPCID_backbone_rapcid_backbone_67_model_1.cif.gz,A,B,37,32,12.337,3.128,3.401,3,6,7,16,0.3043,160.91,chain1_E_chain2_F,1,0,0,3,1,3,0,0,0,0,7,16,1,0,1,1,1,1,1,0,0,pass_conserved_motif,0.68965,0,
backbone,RAPCID_backbone_rapcid_backbone_67_model_2.cif.gz,/scratch/a2149a01/RAPCID_2610_output/backbone/RAPCID_backbone_rapcid_backbone_67_model_2.cif.gz,A,B,37,32,12.73,2.863,3.406,2,6,4,19,0.1739,157.13,chain1_E_chain2_F,2,0,0,3,2,3,0,0,0,0,8,15,1,0,1,1,1,1,1,0,0,pass_conserved_motif,0.66619,0,
backbone,RAPCID_backbone_rapcid_backbone_67_model_3.cif.gz,/scratch/a2149a01/RAPCID_2610_output/backbone/RAPCID_backbone_rapcid_backbone_67_model_3.cif.gz,A,B,37,32,6.603,2.26,3.624,5,5,14,14,0.5,150.87,chain1_E_chain2_F,1,0,0,3,1,3,0,0,0,0,10,15,1,0,1,1,1,1,1,0,0,pass_conserved_motif,0.7472,0,
backbone,RAPCID_backbone_rapcid_backbone_67_model_4.cif.gz,/scratch/a2149a01/RAPCID_2610_output/backbone/RAPCID_backbone_rapcid_backbone_67_model_4.cif.gz,A,B,37,32,4.339,3.001,3.584,4,6,10,16,0.3846,155.49,chain1_E_chain2_F,1,0,0,3,1,3,0,0,0,0,13,16,1,0,1,1,1,1,1,0,0,pass_conserved_motif,0.71643,0,
backbone,RAPCID_backbone_rapcid_backbone_67_model_5.cif.gz,/scratch/a2149a01/RAPCID_2610_output/backbone/RAPCID_backbone_rapcid_backbone_67_model_5.cif.gz,A,B,37,32,3.785,2.914,3.533,5,5,17,16,0.5152,145.58,chain1_E_chain2_F,1,0,0,3,1,3,0,4,0,0,10,15,1,0,1,1,1,1,1,0,0,pass_conserved_motif,0.74348,0,
backbone,RAPCID_backbone_rapcid_backbone_67_model_6.cif.gz,/scratch/a2149a01/RAPCID_2610_output/backbone/RAPCID_backbone_rapcid_backbone_67_model_6.cif.gz,A,B,37,32,9.752,3.211,3.398,4,5,15,18,0.4545,162.54,chain1_E_chain2_F,2,0,0,3,2,3,1,0,0,0,11,15,2,0,1,1,1,1,1,0,0,pass_conserved_motif,0.80144,0,
backbone,RAPCID_backbone_rapcid_backbone_67_model_7.cif.gz,/scratch/a2149a01/RAPCID_2610_output/backbone/RAPCID_backbone_rapcid_backbone_67_model_7.cif.gz,A,B,37,32,8.602,2.769,3.606,3,5,6,12,0.3333,170.05,chain1_E_chain2_F,1,0,0,3,1,3,0,0,0,0,10,16,1,0,1,1,1,1,1,0,0,pass_conserved_motif,0.6708,0,
backbone,RAPCID_backbone_rapcid_backbone_68_model_0.cif.gz,/scratch/a2149a01/RAPCID_2610_output/backbone/RAPCID_backbone_rapcid_backbone_68_model_0.cif.gz,B,A,42,37,2.813,2.935,2.652,4,4,14,13,0.5185,115.88,chain1_F_chain2_E,1,2,1,0,2,1,0,6,1,0,10,9,0,1,1,1,1,1,1,0,0,pass_conserved_motif,0.64123,0,
backbone,RAPCID_backbone_rapcid_backbone_68_model_1.cif.gz,/scratch/a2149a01/RAPCID_2610_output/backbone/RAPCID_backbone_rapcid_backbone_68_model_1.cif.gz,B,A,42,37,5.993,2.366,2.462,12,4,30,14,0.6818,146.51,chain1_F_chain2_E,0,3,2,0,3,2,1,0,0,0,23,7,0,1,1,1,1,1,1,0,0,pass_conserved_motif,0.71706,0,
backbone,RAPCID_backbone_rapcid_backbone_68_model_2.cif.gz,/scratch/a2149a01/RAPCID_2610_output/backbone/RAPCID_backbone_rapcid_backbone_68_model_2.cif.gz,B,A,42,37,2.871,2.951,2.725,5,5,15,14,0.5172,119.49,chain1_F_chain2_E,1,2,1,0,2,1,0,17,0,0,10,13,0,1,1,1,1,1,1,0,0,pass_conserved_motif,0.60212,0,
backbone,RAPCID_backbone_rapcid_backbone_68_model_3.cif.gz,/scratch/a2149a01/RAPCID_2610_output/backbone/RAPCID_backbone_rapcid_backbone_68_model_3.cif.gz,B,A,42,37,3.148,2.758,3.059,5,3,13,12,0.52,135.54,chain1_F_chain2_E,0,2,2,0,2,2,0,8,1,0,11,9,0,2,1,1,1,1,1,0,0,pass_conserved_motif,0.74476,0,
backbone,RAPCID_backbone_rapcid_backbone_68_model_4.cif.gz,/scratch/a2149a01/RAPCID_2610_output/backbone/RAPCID_backbone_rapcid_backbone_68_model_4.cif.gz,B,A,42,37,3.06,2.56,3.153,4,5,15,13,0.5357,120.08,chain1_F_chain2_E,1,2,1,0,2,1,0,11,0,0,10,8,0,1,1,1,1,1,1,0,0,pass_conserved_motif,0.62669,0,
backbone,RAPCID_backbone_rapcid_backbone_68_model_5.cif.gz,/scratch/a2149a01/RAPCID_2610_output/backbone/RAPCID_backbone_rapcid_backbone_68_model_5.cif.gz,B,A,42,37,3.069,2.823,3.033,4,5,13,14,0.4815,107.65,chain1_F_chain2_E,0,2,1,0,2,1,0,9,1,1,10,12,1,1,1,1,1,1,1,1,1,,0.63547,1,417
backbone,RAPCID_backbone_rapcid_backbone_68_model_6.cif.gz,/scratch/a2149a01/RAPCID_2610_output/backbone/RAPCID_backbone_rapcid_backbone_68_model_6.cif.gz,B,A,42,37,2.927,3.037,2.657,6,4,13,11,0.5417,124.15,chain1_F_chain2_E,0,3,1,0,3,1,0,3,0,1,13,10,0,1,1,1,1,1,1,0,0,pass_conserved_motif,0.67311,0,
backbone,RAPCID_backbone_rapcid_backbone_68_model_7.cif.gz,/scratch/a2149a01/RAPCID_2610_output/backbone/RAPCID_backbone_rapcid_backbone_68_model_7.cif.gz,B,A,42,37,7.495,3.06,3.073,2,5,6,17,0.2609,150.94,chain1_F_chain2_E,0,2,2,0,2,2,1,0,0,0,9,9,1,1,1,1,1,1,1,1,1,,0.68035,1,269
backbone,RAPCID_backbone_rapcid_backbone_69_model_0.cif.gz,/scratch/a2149a01/RAPCID_2610_output/backbone/RAPCID_backbone_rapcid_backbone_69_model_0.cif.gz,A,B,42,32,11.423,2.91,3.541,5,6,12,13,0.48,161.63,chain1_E_chain2_F,1,0,0,3,1,3,0,0,0,0,13,15,1,0,1,1,1,1,1,0,0,pass_conserved_motif,0.7575,0,
backbone,RAPCID_backbone_rapcid_backbone_69_model_1.cif.gz,/scratch/a2149a01/RAPCID_2610_output/backbone/RAPCID_backbone_rapcid_backbone_69_model_1.cif.gz,A,B,42,32,8.887,2.987,3.448,3,5,8,23,0.2581,150.47,chain1_E_chain2_F,1,0,0,3,1,3,0,0,0,0,9,16,1,0,1,1,1,1,1,0,0,pass_conserved_motif,0.64907,0,
backbone,RAPCID_backbone_rapcid_backbone_69_model_2.cif.gz,/scratch/a2149a01/RAPCID_2610_output/backbone/RAPCID_backbone_rapcid_backbone_69_model_2.cif.gz,A,B,42,32,7.965,2.699,3.536,6,5,11,10,0.5238,167.0,chain1_E_chain2_F,1,0,0,3,1,3,0,0,0,0,12,15,1,0,1,1,1,1,1,0,0,pass_conserved_motif,0.7381,0,
backbone,RAPCID_backbone_rapcid_backbone_69_model_3.cif.gz,/scratch/a2149a01/RAPCID_2610_output/backbone/RAPCID_backbone_rapcid_backbone_69_model_3.cif.gz,A,B,42,32,5.787,3.077,3.513,2,6,7,15,0.3182,177.59,chain1_E_chain2_F,1,0,0,3,1,3,0,0,0,0,9,16,1,0,1,1,1,1,1,0,0,pass_conserved_motif,0.63958,0,
backbone,RAPCID_backbone_rapcid_backbone_69_model_4.cif.gz,/scratch/a2149a01/RAPCID_2610_output/backbone/RAPCID_backbone_rapcid_backbone_69_model_4.cif.gz,A,B,42,32,10.154,2.715,3.245,4,5,9,21,0.3,149.63,chain1_E_chain2_F,3,0,0,3,3,3,1,0,0,0,11,16,1,0,1,1,1,1,1,0,0,pass_conserved_motif,0.74878,0,
backbone,RAPCID_backbone_rapcid_backbone_69_model_5.cif.gz,/scratch/a2149a01/RAPCID_2610_output/backbone/RAPCID_backbone_rapcid_backbone_69_model_5.cif.gz,A,B,42,32,11.473,2.772,3.416,4,5,7,21,0.25,169.94,chain1_E_chain2_F,1,0,0,3,1,3,1,0,0,0,7,15,1,0,1,1,1,1,1,0,0,pass_conserved_motif,0.6664,0,
backbone,RAPCID_backbone_rapcid_backbone_69_model_6.cif.gz,/scratch/a2149a01/RAPCID_2610_output/backbone/RAPCID_backbone_rapcid_backbone_69_model_6.cif.gz,A,B,42,32,11.725,2.112,3.742,3,5,11,14,0.44,148.66,chain1_E_chain2_F,2,0,0,3,2,3,0,0,0,0,8,14,3,1,1,1,1,1,1,1,1,,0.74439,1,75
backbone,RAPCID_backbone_rapcid_backbone_69_model_7.cif.gz,/scratch/a2149a01/RAPCID_2610_output/backbone/RAPCID_backbone_rapcid_backbone_69_model_7.cif.gz,A,B,42,32,12.694,2.856,3.089,2,6,5,21,0.1923,146.0,chain1_E_chain2_F,2,0,0,3,2,3,0,0,0,0,8,16,1,0,1,1,1,1,1,0,0,pass_conserved_motif,0.63646,0,
backbone,RAPCID_backbone_rapcid_backbone_6_model_0.cif.gz,/scratch/a2149a01/RAPCID_2610_output/backbone/RAPCID_backbone_rapcid_backbone_6_model_0.cif.gz,A,B,32,31,3.341,3.209,3.487,5,5,14,14,0.5,138.16,chain1_E_chain2_F,3,0,0,3,3,3,0,6,0,1,12,16,3,0,1,1,1,1,1,0,0,pass_conserved_motif,0.80864,0,
backbone,RAPCID_backbone_rapcid_backbone_6_model_1.cif.gz,/scratch/a2149a01/RAPCID_2610_output/backbone/RAPCID_backbone_rapcid_backbone_6_model_1.cif.gz,A,B,32,31,2.898,2.667,3.448,6,5,15,20,0.4286,146.73,chain1_E_chain2_F,1,0,0,3,1,3,0,6,0,0,14,16,2,0,1,1,1,1,1,0,0,pass_conserved_motif,0.73483,0,
backbone,RAPCID_backbone_rapcid_backbone_6_model_2.cif.gz,/scratch/a2149a01/RAPCID_2610_output/backbone/RAPCID_backbone_rapcid_backbone_6_model_2.cif.gz,A,B,32,31,3.464,3.361,3.353,5,5,11,17,0.3929,149.32,chain1_E_chain2_F,2,0,0,3,2,3,0,2,0,0,11,15,1,1,1,1,1,1,1,1,1,,0.73775,1,94
backbone,RAPCID_backbone_rapcid_backbone_6_model_3.cif.gz,/scratch/a2149a01/RAPCID_2610_output/backbone/RAPCID_backbone_rapcid_backbone_6_model_3.cif.gz,A,B,32,31,4.196,2.441,3.583,6,5,12,15,0.4444,152.8,chain1_E_chain2_F,1,0,0,3,1,3,0,0,0,0,14,14,1,0,1,1,1,1,1,0,0,pass_conserved_motif,0.7314,0,
backbone,RAPCID_backbone_rapcid_backbone_6_model_4.cif.gz,/scratch/a2149a01/RAPCID_2610_output/backbone/RAPCID_backbone_rapcid_backbone_6_model_4.cif.gz,A,B,32,31,3.253,2.29,3.272,6,5,18,18,0.5,145.53,chain1_E_chain2_F,2,0,0,3,2,3,0,5,0,0,10,16,2,1,1,1,1,1,1,1,1,,0.78295,1,19
backbone,RAPCID_backbone_rapcid_backbone_6_model_5.cif.gz,/scratch/a2149a01/RAPCID_2610_output/backbone/RAPCID_backbone_rapcid_backbone_6_model_5.cif.gz,A,B,32,31,2.901,2.173,3.596,6,5,14,13,0.5185,140.2,chain1_E_chain2_F,2,0,0,3,2,3,0,5,0,0,11,15,1,0,1,1,1,1,1,0,0,pass_conserved_motif,0.75778,0,
backbone,RAPCID_backbone_rapcid_backbone_6_model_6.cif.gz,/scratch/a2149a01/RAPCID_2610_output/backbone/RAPCID_backbone_rapcid_backbone_6_model_6.cif.gz,A,B,32,31,3.039,3.038,2.944,6,8,19,21,0.475,108.98,chain1_E_chain2_F,1,0,1,3,1,3,0,6,1,1,10,14,1,0,1,1,1,1,1,0,0,pass_conserved_motif,0.6609,0,
backbone,RAPCID_backbone_rapcid_backbone_6_model_7.cif.gz,/scratch/a2149a01/RAPCID_2610_output/backbone/RAPCID_backbone_rapcid_backbone_6_model_7.cif.gz,A,B,32,31,4.349,3.147,3.526,4,5,9,19,0.3214,151.33,chain1_E_chain2_F,1,0,0,3,1,3,0,0,0,0,11,15,1,0,1,1,1,1,1,0,0,pass_conserved_motif,0.67728,0,
backbone,RAPCID_backbone_rapcid_backbone_70_model_0.cif.gz,/scratch/a2149a01/RAPCID_2610_output/backbone/RAPCID_backbone_rapcid_backbone_70_model_0.cif.gz,B,A,29,23,9.704,3.597,2.612,5,4,15,17,0.4688,160.83,chain1_F_chain2_E,0,3,2,0,3,2,0,0,0,0,13,9,0,1,1,1,1,1,1,0,0,pass_conserved_motif,0.78427,0,
backbone,RAPCID_backbone_rapcid_backbone_70_model_1.cif.gz,/scratch/a2149a01/RAPCID_2610_output/backbone/RAPCID_backbone_rapcid_backbone_70_model_1.cif.gz,B,A,29,23,12.63,3.268,3.656,6,3,18,8,0.6923,151.96,chain1_F_chain2_E,0,3,2,0,3,2,0,0,0,0,13,9,0,1,1,1,1,1,1,0,0,pass_conserved_motif,0.70248,0,
backbone,RAPCID_backbone_rapcid_backbone_70_model_2.cif.gz,/scratch/a2149a01/RAPCID_2610_output/backbone/RAPCID_backbone_rapcid_backbone_70_model_2.cif.gz,B,A,29,23,13.541,3.591,3.676,5,2,20,4,0.8333,156.79,chain1_F_chain2_E,0,3,1,0,3,1,0,0,0,0,13,7,0,2,1,1,1,1,1,0,0,pass_conserved_motif,0.63358,0,
backbone,RAPCID_backbone_rapcid_backbone_70_model_3.cif.gz,/scratch/a2149a01/RAPCID_2610_output/backbone/RAPCID_backbone_rapcid_backbone_70_model_3.cif.gz,B,A,29,23,13.565,3.475,3.279,6,2,17,6,0.7391,172.85,chain1_F_chain2_E,0,3,1,0,3,1,0,0,0,0,13,7,0,2,1,1,1,1,1,0,0,pass_conserved_motif,0.63246,0,
backbone,RAPCID_backbone_rapcid_backbone_70_model_4.cif.gz,/scratch/a2149a01/RAPCID_2610_output/backbone/RAPCID_backbone_rapcid_backbone_70_model_4.cif.gz,B,A,29,23,7.753,3.615,2.214,5,5,15,16,0.4839,147.85,chain1_F_chain2_E,0,3,2,0,3,2,0,0,0,0,13,9,0,1,1,1,1,1,1,0,0,pass_conserved_motif,0.75925,0,
backbone,RAPCID_backbone_rapcid_backbone_70_model_5.cif.gz,/scratch/a2149a01/RAPCID_2610_output/backbone/RAPCID_backbone_rapcid_backbone_70_model_5.cif.gz,B,A,29,23,10.959,3.462,3.024,5,2,13,8,0.619,148.89,chain1_F_chain2_E,0,3,2,0,3,2,0,0,0,0,13,9,0,1,1,1,1,1,1,0,0,pass_conserved_motif,0.72153,0,
backbone,RAPCID_backbone_rapcid_backbone_70_model_6.cif.gz,/scratch/a2149a01/RAPCID_2610_output/backbone/RAPCID_backbone_rapcid_backbone_70_model_6.cif.gz,B,A,29,23,12.267,3.437,3.143,6,3,20,9,0.6897,151.15,chain1_F_chain2_E,0,3,1,0,3,1,0,0,0,0,13,9,0,1,1,1,1,1,1,0,0,pass_conserved_motif,0.67226,0,
backbone,RAPCID_backbone_rapcid_backbone_70_model_7.cif.gz,/scratch/a2149a01/RAPCID_2610_output/backbone/RAPCID_backbone_rapcid_backbone_70_model_7.cif.gz,B,A,29,23,14.56,3.546,3.221,5,2,13,5,0.7222,173.35,chain1_F_chain2_E,0,3,1,0,3,1,0,0,0,0,13,9,0,2,1,1,1,1,1,0,0,pass_conserved_motif,0.63758,0,
backbone,RAPCID_backbone_rapcid_backbone_71_model_0.cif.gz,/scratch/a2149a01/RAPCID_2610_output/backbone/RAPCID_backbone_rapcid_backbone_71_model_0.cif.gz,B,A,37,35,3.708,3.165,2.7,5,5,13,13,0.5,147.16,chain1_F_chain2_E,0,3,1,0,3,1,0,1,0,0,15,11,0,1,1,1,1,1,1,0,0,pass_conserved_motif,0.73982,0,
backbone,RAPCID_backbone_rapcid_backbone_71_model_1.cif.gz,/scratch/a2149a01/RAPCID_2610_output/backbone/RAPCID_backbone_rapcid_backbone_71_model_1.cif.gz,B,A,37,35,3.376,3.66,2.034,7,8,16,20,0.4444,140.09,chain1_F_chain2_E,0,3,1,0,3,1,0,7,0,0,18,17,0,1,1,1,1,1,1,0,0,pass_conserved_motif,0.72403,0,
backbone,RAPCID_backbone_rapcid_backbone_71_model_2.cif.gz,/scratch/a2149a01/RAPCID_2610_output/backbone/RAPCID_backbone_rapcid_backbone_71_model_2.cif.gz,B,A,37,35,5.564,3.442,3.181,5,4,14,11,0.56,170.05,chain1_F_chain2_E,0,3,1,0,3,1,0,0,0,0,16,10,0,1,1,1,1,1,1,0,0,pass_conserved_motif,0.71344,0,
backbone,RAPCID_backbone_rapcid_backbone_71_model_3.cif.gz,/scratch/a2149a01/RAPCID_2610_output/backbone/RAPCID_backbone_rapcid_backbone_71_model_3.cif.gz,B,A,37,35,3.801,3.546,2.184,5,6,18,15,0.5455,147.71,chain1_F_chain2_E,0,3,1,0,3,1,0,3,0,0,15,12,0,1,1,1,1,1,1,0,0,pass_conserved_motif,0.73346,0,
backbone,RAPCID_backbone_rapcid_backbone_71_model_4.cif.gz,/scratch/a2149a01/RAPCID_2610_output/backbone/RAPCID_backbone_rapcid_backbone_71_model_4.cif.gz,B,A,37,35,3.16,3.214,2.531,5,5,15,13,0.5357,162.29,chain1_F_chain2_E,0,3,1,0,3,1,0,1,0,0,16,12,0,1,1,1,1,1,1,0,0,pass_conserved_motif,0.75404,0,
backbone,RAPCID_backbone_rapcid_backbone_71_model_5.cif.gz,/scratch/a2149a01/RAPCID_2610_output/backbone/RAPCID_backbone_rapcid_backbone_71_model_5.cif.gz,B,A,37,35,10.804,3.698,2.587,6,4,13,13,0.5,155.71,chain1_F_chain2_E,0,3,1,0,3,1,0,0,0,0,15,10,0,1,1,1,1,1,1,0,0,pass_conserved_motif,0.76331,0,
backbone,RAPCID_backbone_rapcid_backbone_71_model_6.cif.gz,/scratch/a2149a01/RAPCID_2610_output/backbone/RAPCID_backbone_rapcid_backbone_71_model_6.cif.gz,B,A,37,35,2.778,3.205,2.403,6,7,18,16,0.5294,153.23,chain1_F_chain2_E,0,3,1,0,3,1,0,2,0,0,16,11,1,1,1,1,1,1,1,1,1,,0.75329,1,56
backbone,RAPCID_backbone_rapcid_backbone_71_model_7.cif.gz,/scratch/a2149a01/RAPCID_2610_output/backbone/RAPCID_backbone_rapcid_backbone_71_model_7.cif.gz,B,A,37,35,3.153,3.502,2.013,6,5,18,13,0.5806,166.25,chain1_F_chain2_E,0,3,1,0,3,1,0,2,0,0,16,13,0,1,1,1,1,1,1,0,0,pass_conserved_motif,0.72786,0,
backbone,RAPCID_backbone_rapcid_backbone_72_model_0.cif.gz,/scratch/a2149a01/RAPCID_2610_output/backbone/RAPCID_backbone_rapcid_backbone_72_model_0.cif.gz,B,A,43,29,4.751,2.094,3.087,5,3,13,10,0.5652,112.32,chain1_F_chain2_E,1,2,3,0,2,3,0,0,0,0,9,9,0,1,1,1,1,1,1,0,0,pass_conserved_motif,0.62117,0,
backbone,RAPCID_backbone_rapcid_backbone_72_model_1.cif.gz,/scratch/a2149a01/RAPCID_2610_output/backbone/RAPCID_backbone_rapcid_backbone_72_model_1.cif.gz,B,A,43,29,3.208,3.186,3.234,7,6,15,14,0.5172,114.89,chain1_F_chain2_E,0,3,2,0,3,2,0,13,0,1,15,15,0,1,1,1,1,1,1,0,0,pass_conserved_motif,0.68058,0,
backbone,RAPCID_backbone_rapcid_backbone_72_model_2.cif.gz,/scratch/a2149a01/RAPCID_2610_output/backbone/RAPCID_backbone_rapcid_backbone_72_model_2.cif.gz,B,A,43,29,2.983,3.113,2.79,5,2,13,6,0.6842,119.08,chain1_F_chain2_E,0,2,1,0,2,1,0,5,1,0,9,7,1,1,1,1,1,1,1,1,1,,0.58062,1,552
backbone,RAPCID_backbone_rapcid_backbone_72_model_3.cif.gz,/scratch/a2149a01/RAPCID_2610_output/backbone/RAPCID_backbone_rapcid_backbone_72_model_3.cif.gz,B,A,43,29,4.061,2.803,3.121,4,5,12,18,0.4,123.56,chain1_F_chain2_E,0,2,3,0,2,3,0,0,0,0,9,10,1,1,1,1,1,1,1,1,1,,0.64474,1,392
backbone,RAPCID_backbone_rapcid_backbone_72_model_4.cif.gz,/scratch/a2149a01/RAPCID_2610_output/backbone/RAPCID_backbone_rapcid_backbone_72_model_4.cif.gz,B,A,43,29,3.736,2.327,2.778,4,4,13,12,0.52,119.34,chain1_F_chain2_E,0,2,2,0,2,2,0,1,0,0,10,10,0,1,1,1,1,1,1,0,0,pass_conserved_motif,0.63909,0,
backbone,RAPCID_backbone_rapcid_backbone_72_model_5.cif.gz,/scratch/a2149a01/RAPCID_2610_output/backbone/RAPCID_backbone_rapcid_backbone_72_model_5.cif.gz,B,A,43,29,3.508,3.021,3.386,6,2,18,5,0.7826,128.32,chain1_F_chain2_E,1,2,1,0,2,1,0,1,0,0,14,7,0,2,1,1,1,1,1,0,0,pass_conserved_motif,0.53541,0,
backbone,RAPCID_backbone_rapcid_backbone_72_model_6.cif.gz,/scratch/a2149a01/RAPCID_2610_output/backbone/RAPCID_backbone_rapcid_backbone_72_model_6.cif.gz,B,A,43,29,3.435,3.382,3.507,6,3,14,8,0.6364,134.78,chain1_F_chain2_E,0,1,1,0,1,1,0,8,0,0,13,10,0,1,1,1,1,1,1,0,0,pass_conserved_motif,0.62185,0,
backbone,RAPCID_backbone_rapcid_backbone_72_model_7.cif.gz,/scratch/a2149a01/RAPCID_2610_output/backbone/RAPCID_backbone_rapcid_backbone_72_model_7.cif.gz,B,A,43,29,6.913,2.901,2.244,4,6,11,19,0.3667,147.36,chain1_F_chain2_E,0,3,2,0,3,2,0,0,0,0,10,10,0,1,1,1,1,1,1,0,0,pass_conserved_motif,0.71073,0,
backbone,RAPCID_backbone_rapcid_backbone_73_model_0.cif.gz,/scratch/a2149a01/RAPCID_2610_output/backbone/RAPCID_backbone_rapcid_backbone_73_model_0.cif.gz,A,B,44,29,2.734,2.71,2.706,4,4,18,15,0.5455,109.19,chain1_E_chain2_F,1,0,1,2,1,2,0,8,0,0,9,9,1,0,1,1,1,1,1,0,0,pass_conserved_motif,0.60149,0,
backbone,RAPCID_backbone_rapcid_backbone_73_model_1.cif.gz,/scratch/a2149a01/RAPCID_2610_output/backbone/RAPCID_backbone_rapcid_backbone_73_model_1.cif.gz,A,B,44,29,2.815,2.468,2.445,8,3,19,15,0.5588,101.32,chain1_E_chain2_F,1,0,1,2,1,2,0,13,2,1,13,8,1,0,1,1,1,1,1,0,0,pass_conserved_motif,0.59491,0,
backbone,RAPCID_backbone_rapcid_backbone_73_model_2.cif.gz,/scratch/a2149a01/RAPCID_2610_output/backbone/RAPCID_backbone_rapcid_backbone_73_model_2.cif.gz,A,B,44,29,3.24,2.091,2.814,4,10,8,31,0.2051,128.15,chain1_E_chain2_F,1,0,1,3,1,3,0,3,1,1,10,18,2,0,1,1,1,1,1,0,0,pass_conserved_motif,0.60183,0,
backbone,RAPCID_backbone_rapcid_backbone_73_model_3.cif.gz,/scratch/a2149a01/RAPCID_2610_output/backbone/RAPCID_backbone_rapcid_backbone_73_model_3.cif.gz,A,B,44,29,2.8,2.662,2.397,4,7,11,24,0.3143,116.82,chain1_E_chain2_F,1,0,0,2,1,2,0,14,0,2,12,10,1,0,1,1,1,1,1,0,0,pass_conserved_motif,0.57418,0,
backbone,RAPCID_backbone_rapcid_backbone_73_model_4.cif.gz,/scratch/a2149a01/RAPCID_2610_output/backbone/RAPCID_backbone_rapcid_backbone_73_model_4.cif.gz,A,B,44,29,2.723,2.462,2.863,5,5,22,15,0.5946,109.15,chain1_E_chain2_F,2,0,0,2,2,2,0,8,1,1,10,9,1,1,1,1,1,1,1,1,1,,0.64361,1,397
backbone,RAPCID_backbone_rapcid_backbone_73_model_5.cif.gz,/scratch/a2149a01/RAPCID_2610_output/backbone/RAPCID_backbone_rapcid_backbone_73_model_5.cif.gz,A,B,44,29,3.338,2.655,3.071,4,6,11,11,0.5,135.88,chain1_E_chain2_F,1,0,0,3,1,3,0,4,0,0,11,13,1,0,1,1,1,1,1,0,0,pass_conserved_motif,0.71721,0,
backbone,RAPCID_backbone_rapcid_backbone_73_model_6.cif.gz,/scratch/a2149a01/RAPCID_2610_output/backbone/RAPCID_backbone_rapcid_backbone_73_model_6.cif.gz,A,B,44,29,3.472,3.026,2.876,5,9,17,21,0.4474,124.44,chain1_E_chain2_F,2,0,1,3,2,3,0,3,1,0,11,17,1,0,1,1,1,1,1,0,0,pass_conserved_motif,0.69827,0,
backbone,RAPCID_backbone_rapcid_backbone_73_model_7.cif.gz,/scratch/a2149a01/RAPCID_2610_output/backbone/RAPCID_backbone_rapcid_backbone_73_model_7.cif.gz,A,B,44,29,3.281,2.617,2.678,5,5,16,13,0.5517,137.32,chain1_E_chain2_F,2,0,0,3,2,3,0,9,0,0,10,11,1,0,1,1,1,1,1,0,0,pass_conserved_motif,0.7449,0,
backbone,RAPCID_backbone_rapcid_backbone_74_model_0.cif.gz,/scratch/a2149a01/RAPCID_2610_output/backbone/RAPCID_backbone_rapcid_backbone_74_model_0.cif.gz,B,A,31,17,10.576,3.376,1.901,5,5,13,15,0.4643,167.69,chain1_F_chain2_E,0,2,2,0,2,2,1,0,0,0,12,10,0,1,0,1,1,1,1,0,0,pass_no_clash;pass_conserved_motif,0.7596,0,
backbone,RAPCID_backbone_rapcid_backbone_74_model_1.cif.gz,/scratch/a2149a01/RAPCID_2610_output/backbone/RAPCID_backbone_rapcid_backbone_74_model_1.cif.gz,B,A,31,17,4.011,2.699,3.132,5,4,13,8,0.619,142.58,chain1_F_chain2_E,0,2,1,0,2,1,0,0,0,0,9,10,0,1,1,1,1,1,1,0,0,pass_conserved_motif,0.64335,0,
backbone,RAPCID_backbone_rapcid_backbone_74_model_2.cif.gz,/scratch/a2149a01/RAPCID_2610_output/backbone/RAPCID_backbone_rapcid_backbone_74_model_2.cif.gz,B,A,31,17,3.325,3.088,2.876,5,4,11,13,0.4583,132.5,chain1_F_chain2_E,0,2,1,0,2,1,0,4,0,1,10,10,0,2,1,1,1,1,1,0,0,pass_conserved_motif,0.67739,0,
backbone,RAPCID_backbone_rapcid_backbone_74_model_3.cif.gz,/scratch/a2149a01/RAPCID_2610_output/backbone/RAPCID_backbone_rapcid_backbone_74_model_3.cif.gz,B,A,31,17,2.983,2.826,3.577,6,4,14,11,0.56,124.49,chain1_F_chain2_E,0,2,1,0,2,1,0,2,0,1,13,11,0,1,1,1,1,1,1,0,0,pass_conserved_motif,0.63335,0,
backbone,RAPCID_backbone_rapcid_backbone_74_model_4.cif.gz,/scratch/a2149a01/RAPCID_2610_output/backbone/RAPCID_backbone_rapcid_backbone_74_model_4.cif.gz,B,A,31,17,5.335,2.819,2.811,5,5,13,18,0.4194,142.37,chain1_F_chain2_E,0,2,1,0,2,1,0,0,0,0,10,9,0,1,1,1,1,1,1,0,0,pass_conserved_motif,0.65802,0,
backbone,RAPCID_backbone_rapcid_backbone_74_model_5.cif.gz,/scratch/a2149a01/RAPCID_2610_output/backbone/RAPCID_backbone_rapcid_backbone_74_model_5.cif.gz,B,A,31,17,3.829,2.762,2.409,4,5,12,17,0.4138,112.85,chain1_F_chain2_E,1,2,1,0,2,1,0,1,1,1,7,11,0,1,1,1,1,1,1,0,0,pass_conserved_motif,0.59574,0,
backbone,RAPCID_backbone_rapcid_backbone_74_model_6.cif.gz,/scratch/a2149a01/RAPCID_2610_output/backbone/RAPCID_backbone_rapcid_backbone_74_model_6.cif.gz,B,A,31,17,3.251,2.994,2.861,6,5,20,14,0.5882,122.67,chain1_F_chain2_E,0,2,1,0,2,1,0,2,0,0,10,9,0,1,1,1,1,1,1,0,0,pass_conserved_motif,0.59932,0,
backbone,RAPCID_backbone_rapcid_backbone_74_model_7.cif.gz,/scratch/a2149a01/RAPCID_2610_output/backbone/RAPCID_backbone_rapcid_backbone_74_model_7.cif.gz,B,A,31,17,4.871,2.665,3.221,5,2,17,5,0.7727,124.66,chain1_F_chain2_E,1,2,1,0,2,1,0,0,0,0,10,7,0,1,1,1,1,1,1,0,0,pass_conserved_motif,0.52217,0,
backbone,RAPCID_backbone_rapcid_backbone_75_model_0.cif.gz,/scratch/a2149a01/RAPCID_2610_output/backbone/RAPCID_backbone_rapcid_backbone_75_model_0.cif.gz,A,B,31,29,3.434,2.676,3.73,4,5,13,10,0.5652,156.56,chain1_E_chain2_F,1,0,0,3,1,3,0,4,0,0,11,11,1,0,1,1,1,1,1,0,0,pass_conserved_motif,0.76008,0,
backbone,RAPCID_backbone_rapcid_backbone_75_model_1.cif.gz,/scratch/a2149a01/RAPCID_2610_output/backbone/RAPCID_backbone_rapcid_backbone_75_model_1.cif.gz,A,B,31,29,5.476,2.605,3.138,5,5,14,18,0.4375,133.89,chain1_E_chain2_F,1,0,0,3,1,3,0,0,0,0,10,11,1,0,1,1,1,1,1,0,0,pass_conserved_motif,0.6656,0,
backbone,RAPCID_backbone_rapcid_backbone_75_model_2.cif.gz,/scratch/a2149a01/RAPCID_2610_output/backbone/RAPCID_backbone_rapcid_backbone_75_model_2.cif.gz,A,B,31,29,2.997,3.116,3.744,4,5,9,13,0.4091,138.87,chain1_E_chain2_F,1,0,0,3,1,3,0,5,0,0,10,11,2,1,1,1,1,1,1,1,1,,0.69581,1,218
backbone,RAPCID_backbone_rapcid_backbone_75_model_3.cif.gz,/scratch/a2149a01/RAPCID_2610_output/backbone/RAPCID_backbone_rapcid_backbone_75_model_3.cif.gz,A,B,31,29,4.434,3.124,3.274,4,4,9,9,0.5,156.06,chain1_E_chain2_F,1,0,0,3,1,3,0,0,0,0,11,11,1,0,1,1,1,1,1,0,0,pass_conserved_motif,0.76447,0,
backbone,RAPCID_backbone_rapcid_backbone_75_model_4.cif.gz,/scratch/a2149a01/RAPCID_2610_output/backbone/RAPCID_backbone_rapcid_backbone_75_model_4.cif.gz,A,B,31,29,2.989,2.542,3.523,4,4,11,15,0.4231,138.67,chain1_E_chain2_F,1,0,0,3,1,3,0,4,0,0,10,11,1,0,1,1,1,1,1,0,0,pass_conserved_motif,0.69575,0,
backbone,RAPCID_backbone_rapcid_backbone_75_model_5.cif.gz,/scratch/a2149a01/RAPCID_2610_output/backbone/RAPCID_backbone_rapcid_backbone_75_model_5.cif.gz,A,B,31,29,3.236,2.972,3.444,7,5,14,15,0.4828,130.4,chain1_E_chain2_F,2,0,0,3,2,3,0,3,1,1,15,11,1,0,1,1,1,1,1,0,0,pass_conserved_motif,0.74897,0,
backbone,RAPCID_backbone_rapcid_backbone_75_model_6.cif.gz,/scratch/a2149a01/RAPCID_2610_output/backbone/RAPCID_backbone_rapcid_backbone_75_model_6.cif.gz,A,B,31,29,2.829,2.877,3.326,5,5,12,18,0.4,152.52,chain1_E_chain2_F,1,0,0,3,1,3,0,4,0,0,10,11,1,0,1,1,1,1,1,0,0,pass_conserved_motif,0.73267,0,
backbone,RAPCID_backbone_rapcid_backbone_75_model_7.cif.gz,/scratch/a2149a01/RAPCID_2610_output/backbone/RAPCID_backbone_rapcid_backbone_75_model_7.cif.gz,A,B,31,29,8.669,2.722,3.507,4,4,12,11,0.5217,149.11,chain1_E_chain2_F,1,0,0,3,1,3,0,0,0,0,10,11,1,0,1,1,1,1,1,0,0,pass_conserved_motif,0.73262,0,
backbone,RAPCID_backbone_rapcid_backbone_76_model_0.cif.gz,/scratch/a2149a01/RAPCID_2610_output/backbone/RAPCID_backbone_rapcid_backbone_76_model_0.cif.gz,B,A,29,26,11.658,3.794,2.983,5,3,6,13,0.3158,174.25,chain1_F_chain2_E,0,3,2,0,3,2,1,0,0,0,10,10,0,1,1,1,1,1,1,0,0,pass_conserved_motif,0.70692,0,
backbone,RAPCID_backbone_rapcid_backbone_76_model_1.cif.gz,/scratch/a2149a01/RAPCID_2610_output/backbone/RAPCID_backbone_rapcid_backbone_76_model_1.cif.gz,B,A,29,26,4.358,3.389,2.906,5,5,16,19,0.4571,123.15,chain1_F_chain2_E,0,3,1,0,3,1,0,0,0,0,10,13,1,1,1,1,1,1,1,1,1,,0.63765,1,412
backbone,RAPCID_backbone_rapcid_backbone_76_model_2.cif.gz,/scratch/a2149a01/RAPCID_2610_output/backbone/RAPCID_backbone_rapcid_backbone_76_model_2.cif.gz,B,A,29,26,4.698,3.456,3.399,5,5,15,14,0.5172,138.79,chain1_F_chain2_E,0,3,1,0,3,1,1,0,0,0,10,9,0,1,1,1,1,1,1,0,0,pass_conserved_motif,0.72859,0,
backbone,RAPCID_backbone_rapcid_backbone_76_model_3.cif.gz,/scratch/a2149a01/RAPCID_2610_output/backbone/RAPCID_backbone_rapcid_backbone_76_model_3.cif.gz,B,A,29,26,7.534,3.61,3.027,4,5,12,22,0.3529,154.82,chain1_F_chain2_E,0,3,2,0,3,2,1,0,0,0,10,12,0,1,1,1,1,1,1,0,0,pass_conserved_motif,0.75866,0,
backbone,RAPCID_backbone_rapcid_backbone_76_model_4.cif.gz,/scratch/a2149a01/RAPCID_2610_output/backbone/RAPCID_backbone_rapcid_backbone_76_model_4.cif.gz,B,A,29,26,7.41,3.469,3.068,4,6,9,16,0.36,161.66,chain1_F_chain2_E,0,3,2,0,3,2,1,0,0,0,11,11,0,1,1,1,1,1,1,0,0,pass_conserved_motif,0.76657,0,
backbone,RAPCID_backbone_rapcid_backbone_76_model_5.cif.gz,/scratch/a2149a01/RAPCID_2610_output/backbone/RAPCID_backbone_rapcid_backbone_76_model_5.cif.gz,B,A,29,26,4.62,3.363,3.448,5,4,14,13,0.5185,141.05,chain1_F_chain2_E,0,3,1,0,3,1,1,0,0,0,10,9,2,2,1,1,1,1,1,1,1,,0.7356,1,98
backbone,RAPCID_backbone_rapcid_backbone_76_model_6.cif.gz,/scratch/a2149a01/RAPCID_2610_output/backbone/RAPCID_backbone_rapcid_backbone_76_model_6.cif.gz,B,A,29,26,5.836,3.544,2.7,4,7,13,16,0.4483,137.38,chain1_F_chain2_E,0,3,1,0,3,1,0,0,0,0,10,10,0,2,1,1,1,1,1,0,0,pass_conserved_motif,0.68152,0,
backbone,RAPCID_backbone_rapcid_backbone_76_model_7.cif.gz,/scratch/a2149a01/RAPCID_2610_output/backbone/RAPCID_backbone_rapcid_backbone_76_model_7.cif.gz,B,A,29,26,10.842,3.674,2.86,5,4,15,10,0.6,145.61,chain1_F_chain2_E,0,3,1,0,3,1,0,0,0,0,10,9,0,2,1,1,1,1,1,0,0,pass_conserved_motif,0.68964,0,
backbone,RAPCID_backbone_rapcid_backbone_77_model_0.cif.gz,/scratch/a2149a01/RAPCID_2610_output/backbone/RAPCID_backbone_rapcid_backbone_77_model_0.cif.gz,A,B,36,32,13.078,3.197,3.399,3,6,9,17,0.3462,140.6,chain1_E_chain2_F,2,0,0,3,2,3,0,0,0,0,8,12,1,0,1,1,1,1,1,0,0,pass_conserved_motif,0.68,0,
backbone,RAPCID_backbone_rapcid_backbone_77_model_1.cif.gz,/scratch/a2149a01/RAPCID_2610_output/backbone/RAPCID_backbone_rapcid_backbone_77_model_1.cif.gz,A,B,36,32,5.813,2.962,3.615,5,5,10,10,0.5,152.52,chain1_E_chain2_F,1,0,0,3,1,3,0,0,0,0,11,12,1,0,1,1,1,1,1,0,0,pass_conserved_motif,0.75269,0,
backbone,RAPCID_backbone_rapcid_backbone_77_model_2.cif.gz,/scratch/a2149a01/RAPCID_2610_output/backbone/RAPCID_backbone_rapcid_backbone_77_model_2.cif.gz,A,B,36,32,5.917,2.209,3.51,5,5,15,12,0.5556,155.06,chain1_E_chain2_F,1,0,0,3,1,3,0,0,0,0,12,12,1,0,1,1,1,1,1,0,0,pass_conserved_motif,0.73894,0,
backbone,RAPCID_backbone_rapcid_backbone_77_model_3.cif.gz,/scratch/a2149a01/RAPCID_2610_output/backbone/RAPCID_backbone_rapcid_backbone_77_model_3.cif.gz,A,B,36,32,8.645,2.674,3.501,5,5,15,18,0.4545,151.01,chain1_E_chain2_F,1,0,0,3,1,3,0,0,0,0,13,12,1,0,1,1,1,1,1,0,0,pass_conserved_motif,0.72947,0,
backbone,RAPCID_backbone_rapcid_backbone_77_model_4.cif.gz,/scratch/a2149a01/RAPCID_2610_output/backbone/RAPCID_backbone_rapcid_backbone_77_model_4.cif.gz,A,B,36,32,13.652,3.071,3.453,3,6,8,14,0.3636,160.73,chain1_E_chain2_F,2,0,0,3,2,3,0,0,0,0,9,12,1,0,1,1,1,1,1,0,0,pass_conserved_motif,0.74254,0,
backbone,RAPCID_backbone_rapcid_backbone_77_model_5.cif.gz,/scratch/a2149a01/RAPCID_2610_output/backbone/RAPCID_backbone_rapcid_backbone_77_model_5.cif.gz,A,B,36,32,12.953,2.937,3.542,3,5,13,13,0.5,156.88,chain1_E_chain2_F,1,0,0,3,1,3,0,0,0,0,9,12,2,0,1,1,1,1,1,0,0,pass_conserved_motif,0.76721,0,
backbone,RAPCID_backbone_rapcid_backbone_77_model_6.cif.gz,/scratch/a2149a01/RAPCID_2610_output/backbone/RAPCID_backbone_rapcid_backbone_77_model_6.cif.gz,A,B,36,32,7.085,2.759,3.452,5,5,19,13,0.5938,131.32,chain1_E_chain2_F,1,0,0,3,1,3,0,0,0,0,14,12,2,2,1,1,1,1,1,1,1,,0.64452,1,394
backbone,RAPCID_backbone_rapcid_backbone_77_model_7.cif.gz,/scratch/a2149a01/RAPCID_2610_output/backbone/RAPCID_backbone_rapcid_backbone_77_model_7.cif.gz,A,B,36,32,11.647,2.948,3.471,2,6,8,15,0.3478,151.77,chain1_E_chain2_F,1,0,0,3,1,3,0,0,0,0,9,12,1,0,1,1,1,1,1,0,0,pass_conserved_motif,0.68933,0,
backbone,RAPCID_backbone_rapcid_backbone_78_model_0.cif.gz,/scratch/a2149a01/RAPCID_2610_output/backbone/RAPCID_backbone_rapcid_backbone_78_model_0.cif.gz,B,A,29,16,3.693,3.036,2.603,6,4,22,14,0.6111,135.32,chain1_F_chain2_E,0,3,2,0,3,2,1,1,0,1,16,8,1,1,1,1,1,1,1,1,1,,0.72973,1,112
backbone,RAPCID_backbone_rapcid_backbone_78_model_1.cif.gz,/scratch/a2149a01/RAPCID_2610_output/backbone/RAPCID_backbone_rapcid_backbone_78_model_1.cif.gz,B,A,29,16,13.295,3.113,3.391,6,4,19,6,0.76,164.2,chain1_F_chain2_E,0,3,1,0,3,1,0,0,0,0,15,7,0,1,1,1,1,1,1,0,0,pass_conserved_motif,0.65295,0,
backbone,RAPCID_backbone_rapcid_backbone_78_model_2.cif.gz,/scratch/a2149a01/RAPCID_2610_output/backbone/RAPCID_backbone_rapcid_backbone_78_model_2.cif.gz,B,A,29,16,12.579,3.554,2.12,3,5,6,17,0.2609,162.56,chain1_F_chain2_E,0,2,2,0,2,2,1,0,0,0,6,8,1,1,1,1,1,1,1,1,1,,0.69535,1,219
backbone,RAPCID_backbone_rapcid_backbone_78_model_3.cif.gz,/scratch/a2149a01/RAPCID_2610_output/backbone/RAPCID_backbone_rapcid_backbone_78_model_3.cif.gz,B,A,29,16,15.514,3.217,3.257,5,2,14,5,0.7368,177.39,chain1_F_chain2_E,0,3,1,0,3,1,0,0,0,0,15,6,0,1,1,1,1,1,1,0,0,pass_conserved_motif,0.61826,0,
backbone,RAPCID_backbone_rapcid_backbone_78_model_4.cif.gz,/scratch/a2149a01/RAPCID_2610_output/backbone/RAPCID_backbone_rapcid_backbone_78_model_4.cif.gz,B,A,29,16,9.157,3.34,2.129,6,5,21,15,0.5833,156.06,chain1_F_chain2_E,0,3,2,0,3,2,1,0,0,0,16,8,1,1,1,1,1,1,1,1,1,,0.78828,1,15
backbone,RAPCID_backbone_rapcid_backbone_78_model_5.cif.gz,/scratch/a2149a01/RAPCID_2610_output/backbone/RAPCID_backbone_rapcid_backbone_78_model_5.cif.gz,B,A,29,16,10.543,2.587,2.06,4,5,17,16,0.5152,156.11,chain1_F_chain2_E,0,2,2,0,2,2,1,0,0,0,10,8,0,1,1,1,1,1,1,0,0,pass_conserved_motif,0.78716,0,
backbone,RAPCID_backbone_rapcid_backbone_78_model_6.cif.gz,/scratch/a2149a01/RAPCID_2610_output/backbone/RAPCID_backbone_rapcid_backbone_78_model_6.cif.gz,B,A,29,16,8.236,3.101,1.833,6,5,18,15,0.5455,143.18,chain1_F_chain2_E,1,3,2,0,3,2,1,0,0,0,14,8,0,1,0,1,1,1,1,0,0,pass_no_clash;pass_conserved_motif,0.76052,0,
backbone,RAPCID_backbone_rapcid_backbone_78_model_7.cif.gz,/scratch/a2149a01/RAPCID_2610_output/backbone/RAPCID_backbone_rapcid_backbone_78_model_7.cif.gz,B,A,29,16,4.591,2.56,3.639,6,4,14,5,0.7368,135.75,chain1_F_chain2_E,2,3,1,0,3,1,0,0,0,0,13,8,0,1,1,1,1,1,1,0,0,pass_conserved_motif,0.60204,0,
backbone,RAPCID_backbone_rapcid_backbone_79_model_0.cif.gz,/scratch/a2149a01/RAPCID_2610_output/backbone/RAPCID_backbone_rapcid_backbone_79_model_0.cif.gz,B,A,33,23,7.135,3.562,2.308,5,6,20,25,0.4444,143.17,chain1_F_chain2_E,0,3,2,0,3,2,1,0,0,0,12,9,0,1,1,1,1,1,1,0,0,pass_conserved_motif,0.75645,0,
backbone,RAPCID_backbone_rapcid_backbone_79_model_1.cif.gz,/scratch/a2149a01/RAPCID_2610_output/backbone/RAPCID_backbone_rapcid_backbone_79_model_1.cif.gz,B,A,33,23,11.142,3.583,1.493,5,5,15,16,0.4839,146.59,chain1_F_chain2_E,0,3,2,0,3,2,1,0,0,0,12,9,0,2,0,1,1,1,1,0,0,pass_no_clash;pass_conserved_motif,0.78362,0,
backbone,RAPCID_backbone_rapcid_backbone_79_model_2.cif.gz,/scratch/a2149a01/RAPCID_2610_output/backbone/RAPCID_backbone_rapcid_backbone_79_model_2.cif.gz,B,A,33,23,13.888,3.61,3.099,6,3,14,7,0.6667,178.09,chain1_F_chain2_E,0,3,1,0,3,1,0,0,0,0,12,8,0,1,1,1,1,1,1,0,0,pass_conserved_motif,0.64399,0,
backbone,RAPCID_backbone_rapcid_backbone_79_model_3.cif.gz,/scratch/a2149a01/RAPCID_2610_output/backbone/RAPCID_backbone_rapcid_backbone_79_model_3.cif.gz,B,A,33,23,5.626,3.545,3.678,4,4,12,12,0.5,111.85,chain1_F_chain2_E,0,2,1,0,2,1,1,0,0,0,12,10,0,1,1,1,1,1,1,0,0,pass_conserved_motif,0.61711,0,
backbone,RAPCID_backbone_rapcid_backbone_79_model_4.cif.gz,/scratch/a2149a01/RAPCID_2610_output/backbone/RAPCID_backbone_rapcid_backbone_79_model_4.cif.gz,B,A,33,23,4.684,3.446,3.122,5,3,19,12,0.6129,120.49,chain1_F_chain2_E,0,3,1,0,3,1,1,0,0,0,12,8,2,1,1,1,1,1,1,1,1,,0.62933,1,435
backbone,RAPCID_backbone_rapcid_backbone_79_model_5.cif.gz,/scratch/a2149a01/RAPCID_2610_output/backbone/RAPCID_backbone_rapcid_backbone_79_model_5.cif.gz,B,A,33,23,9.674,3.824,1.671,5,6,8,15,0.3478,153.73,chain1_F_chain2_E,0,3,1,0,3,1,0,0,0,0,12,10,0,1,0,1,1,1,1,0,0,pass_no_clash;pass_conserved_motif,0.69586,0,
backbone,RAPCID_backbone_rapcid_backbone_79_model_6.cif.gz,/scratch/a2149a01/RAPCID_2610_output/backbone/RAPCID_backbone_rapcid_backbone_79_model_6.cif.gz,B,A,33,23,12.046,3.51,3.549,5,4,14,8,0.6364,165.33,chain1_F_chain2_E,0,3,1,0,3,1,0,0,0,0,12,9,0,1,1,1,1,1,1,0,0,pass_conserved_motif,0.69863,0,
backbone,RAPCID_backbone_rapcid_backbone_79_model_7.cif.gz,/scratch/a2149a01/RAPCID_2610_output/backbone/RAPCID_backbone_rapcid_backbone_79_model_7.cif.gz,B,A,33,23,13.636,3.635,3.443,5,3,14,6,0.7,168.98,chain1_F_chain2_E,0,3,1,0,3,1,0,0,0,0,12,7,1,1,1,1,1,1,1,1,1,,0.66102,1,346
backbone,RAPCID_backbone_rapcid_backbone_7_model_0.cif.gz,/scratch/a2149a01/RAPCID_2610_output/backbone/RAPCID_backbone_rapcid_backbone_7_model_0.cif.gz,B,A,32,28,12.142,3.805,2.992,6,5,11,13,0.4583,163.78,chain1_F_chain2_E,0,3,1,0,3,1,0,0,0,0,16,10,0,1,1,1,1,1,1,0,0,pass_conserved_motif,0.74168,0,
backbone,RAPCID_backbone_rapcid_backbone_7_model_1.cif.gz,/scratch/a2149a01/RAPCID_2610_output/backbone/RAPCID_backbone_rapcid_backbone_7_model_1.cif.gz,B,A,32,28,10.638,3.801,2.696,5,5,11,12,0.4783,157.03,chain1_F_chain2_E,0,3,1,0,3,1,0,0,0,0,14,10,0,2,1,1,1,1,1,0,0,pass_conserved_motif,0.75903,0,
backbone,RAPCID_backbone_rapcid_backbone_7_model_2.cif.gz,/scratch/a2149a01/RAPCID_2610_output/backbone/RAPCID_backbone_rapcid_backbone_7_model_2.cif.gz,B,A,32,28,6.543,3.787,2.664,6,5,18,9,0.6667,133.15,chain1_F_chain2_E,0,3,1,0,3,1,0,0,0,0,14,10,0,1,1,1,1,1,1,0,0,pass_conserved_motif,0.62146,0,
backbone,RAPCID_backbone_rapcid_backbone_7_model_3.cif.gz,/scratch/a2149a01/RAPCID_2610_output/backbone/RAPCID_backbone_rapcid_backbone_7_model_3.cif.gz,B,A,32,28,3.207,3.194,2.345,5,7,24,13,0.6486,140.46,chain1_F_chain2_E,0,3,2,0,3,2,0,6,1,0,16,13,1,1,1,1,1,1,1,1,1,,0.72828,1,120
backbone,RAPCID_backbone_rapcid_backbone_7_model_4.cif.gz,/scratch/a2149a01/RAPCID_2610_output/backbone/RAPCID_backbone_rapcid_backbone_7_model_4.cif.gz,B,A,32,28,3.16,3.286,2.151,5,7,16,18,0.4706,153.87,chain1_F_chain2_E,0,3,1,0,3,1,0,2,0,0,16,10,0,1,1,1,1,1,1,0,0,pass_conserved_motif,0.75544,0,
backbone,RAPCID_backbone_rapcid_backbone_7_model_5.cif.gz,/scratch/a2149a01/RAPCID_2610_output/backbone/RAPCID_backbone_rapcid_backbone_7_model_5.cif.gz,B,A,32,28,7.178,3.601,2.681,6,4,14,14,0.5,166.99,chain1_F_chain2_E,0,3,1,0,3,1,0,0,0,0,16,10,0,2,1,1,1,1,1,0,0,pass_conserved_motif,0.74766,0,
backbone,RAPCID_backbone_rapcid_backbone_7_model_6.cif.gz,/scratch/a2149a01/RAPCID_2610_output/backbone/RAPCID_backbone_rapcid_backbone_7_model_6.cif.gz,B,A,32,28,4.286,3.471,2.599,5,6,16,16,0.5,153.0,chain1_F_chain2_E,0,3,1,0,3,1,0,0,0,0,16,13,0,1,1,1,1,1,1,0,0,pass_conserved_motif,0.75428,0,
backbone,RAPCID_backbone_rapcid_backbone_7_model_7.cif.gz,/scratch/a2149a01/RAPCID_2610_output/backbone/RAPCID_backbone_rapcid_backbone_7_model_7.cif.gz,B,A,32,28,2.814,3.449,2.731,5,4,14,13,0.5185,152.69,chain1_F_chain2_E,0,3,1,0,3,1,0,1,0,0,16,10,0,1,1,1,1,1,1,0,0,pass_conserved_motif,0.75084,0,
backbone,RAPCID_backbone_rapcid_backbone_80_model_0.cif.gz,/scratch/a2149a01/RAPCID_2610_output/backbone/RAPCID_backbone_rapcid_backbone_80_model_0.cif.gz,A,B,35,19,7.978,3.287,3.199,4,3,14,9,0.6087,142.62,chain1_E_chain2_F,2,0,0,2,2,2,0,0,0,0,12,9,1,0,1,1,1,1,1,0,0,pass_conserved_motif,0.6762,0,
backbone,RAPCID_backbone_rapcid_backbone_80_model_1.cif.gz,/scratch/a2149a01/RAPCID_2610_output/backbone/RAPCID_backbone_rapcid_backbone_80_model_1.cif.gz,A,B,35,19,9.417,2.654,3.265,4,5,12,15,0.4444,160.77,chain1_E_chain2_F,1,0,0,3,1,3,0,0,0,0,10,9,1,0,1,1,1,1,1,0,0,pass_conserved_motif,0.74618,0,
backbone,RAPCID_backbone_rapcid_backbone_80_model_2.cif.gz,/scratch/a2149a01/RAPCID_2610_output/backbone/RAPCID_backbone_rapcid_backbone_80_model_2.cif.gz,A,B,35,19,9.328,2.909,3.589,5,4,12,16,0.4286,141.27,chain1_E_chain2_F,1,0,0,3,1,3,0,0,0,0,13,9,1,1,1,1,1,1,1,1,1,,0.68662,1,252
backbone,RAPCID_backbone_rapcid_backbone_80_model_3.cif.gz,/scratch/a2149a01/RAPCID_2610_output/backbone/RAPCID_backbone_rapcid_backbone_80_model_3.cif.gz,A,B,35,19,10.03,3.105,3.795,3,5,9,13,0.4091,147.87,chain1_E_chain2_F,1,0,0,3,1,3,0,0,0,0,14,9,2,0,1,1,1,1,1,0,0,pass_conserved_motif,0.70084,0,
backbone,RAPCID_backbone_rapcid_backbone_80_model_4.cif.gz,/scratch/a2149a01/RAPCID_2610_output/backbone/RAPCID_backbone_rapcid_backbone_80_model_4.cif.gz,A,B,35,19,11.629,2.995,3.771,5,5,15,14,0.5172,153.74,chain1_E_chain2_F,2,0,0,3,2,3,1,0,0,0,9,9,1,0,1,1,1,1,1,0,0,pass_conserved_motif,0.807,0,
backbone,RAPCID_backbone_rapcid_backbone_80_model_5.cif.gz,/scratch/a2149a01/RAPCID_2610_output/backbone/RAPCID_backbone_rapcid_backbone_80_model_5.cif.gz,A,B,35,19,12.464,3.106,3.673,2,4,4,14,0.2222,165.51,chain1_E_chain2_F,1,0,0,3,1,3,0,0,0,0,7,9,1,0,1,1,1,1,1,0,0,pass_conserved_motif,0.64146,0,
backbone,RAPCID_backbone_rapcid_backbone_80_model_6.cif.gz,/scratch/a2149a01/RAPCID_2610_output/backbone/RAPCID_backbone_rapcid_backbone_80_model_6.cif.gz,A,B,35,19,11.339,2.975,3.677,4,4,10,15,0.4,161.75,chain1_E_chain2_F,2,0,0,3,2,3,0,0,0,0,10,9,1,0,1,1,1,1,1,0,0,pass_conserved_motif,0.75369,0,
backbone,RAPCID_backbone_rapcid_backbone_80_model_7.cif.gz,/scratch/a2149a01/RAPCID_2610_output/backbone/RAPCID_backbone_rapcid_backbone_80_model_7.cif.gz,A,B,35,19,11.565,2.991,3.483,4,3,11,15,0.4231,166.7,chain1_E_chain2_F,2,0,0,2,2,2,0,0,0,0,9,9,1,0,1,1,1,1,1,0,0,pass_conserved_motif,0.71785,0,
backbone,RAPCID_backbone_rapcid_backbone_81_model_0.cif.gz,/scratch/a2149a01/RAPCID_2610_output/backbone/RAPCID_backbone_rapcid_backbone_81_model_0.cif.gz,B,A,14,12,10.358,3.558,2.136,6,3,17,11,0.6071,174.72,chain1_F_chain2_E,0,3,2,0,3,2,1,0,0,0,12,6,1,1,1,1,1,1,1,1,1,,0.73619,1,97
backbone,RAPCID_backbone_rapcid_backbone_81_model_1.cif.gz,/scratch/a2149a01/RAPCID_2610_output/backbone/RAPCID_backbone_rapcid_backbone_81_model_1.cif.gz,B,A,14,12,10.029,3.649,1.617,5,3,11,13,0.4583,154.32,chain1_F_chain2_E,0,3,2,0,3,2,1,0,0,0,12,6,0,1,0,1,1,1,1,0,0,pass_no_clash;pass_conserved_motif,0.79917,0,
backbone,RAPCID_backbone_rapcid_backbone_81_model_2.cif.gz,/scratch/a2149a01/RAPCID_2610_output/backbone/RAPCID_backbone_rapcid_backbone_81_model_2.cif.gz,B,A,14,12,9.904,3.424,1.934,5,3,15,12,0.5556,173.77,chain1_F_chain2_E,0,3,2,0,3,2,1,0,0,0,12,6,0,1,0,1,1,1,1,0,0,pass_no_clash;pass_conserved_motif,0.75996,0,
backbone,RAPCID_backbone_rapcid_backbone_81_model_3.cif.gz,/scratch/a2149a01/RAPCID_2610_output/backbone/RAPCID_backbone_rapcid_backbone_81_model_3.cif.gz,B,A,14,12,11.61,3.6,2.175,5,3,16,14,0.5333,176.18,chain1_F_chain2_E,0,3,2,0,3,2,1,0,0,0,12,6,0,1,1,1,1,1,1,0,0,pass_conserved_motif,0.76083,0,
backbone,RAPCID_backbone_rapcid_backbone_81_model_4.cif.gz,/scratch/a2149a01/RAPCID_2610_output/backbone/RAPCID_backbone_rapcid_backbone_81_model_4.cif.gz,B,A,14,12,10.768,3.52,1.852,6,3,13,9,0.5909,167.32,chain1_F_chain2_E,0,3,2,0,3,2,1,0,0,0,12,6,0,1,0,1,1,1,1,0,0,pass_no_clash;pass_conserved_motif,0.76732,0,
backbone,RAPCID_backbone_rapcid_backbone_81_model_5.cif.gz,/scratch/a2149a01/RAPCID_2610_output/backbone/RAPCID_backbone_rapcid_backbone_81_model_5.cif.gz,B,A,14,12,9.697,3.444,2.241,6,3,23,11,0.6765,170.43,chain1_F_chain2_E,0,3,2,0,3,2,1,0,0,0,12,6,0,1,1,1,1,1,1,0,0,pass_conserved_motif,0.72274,0,
backbone,RAPCID_backbone_rapcid_backbone_81_model_6.cif.gz,/scratch/a2149a01/RAPCID_2610_output/backbone/RAPCID_backbone_rapcid_backbone_81_model_6.cif.gz,B,A,14,12,9.738,3.586,2.036,6,3,22,13,0.6286,167.15,chain1_F_chain2_E,0,3,2,0,3,2,1,0,0,0,12,6,0,1,1,1,1,1,1,0,0,pass_conserved_motif,0.75282,0,
backbone,RAPCID_backbone_rapcid_backbone_81_model_7.cif.gz,/scratch/a2149a01/RAPCID_2610_output/backbone/RAPCID_backbone_rapcid_backbone_81_model_7.cif.gz,B,A,14,12,11.541,3.323,2.894,5,2,19,6,0.76,157.36,chain1_F_chain2_E,0,3,0,0,3,0,0,0,0,0,12,6,1,1,1,1,1,1,1,1,1,,0.63625,1,415
backbone,RAPCID_backbone_rapcid_backbone_82_model_0.cif.gz,/scratch/a2149a01/RAPCID_2610_output/backbone/RAPCID_backbone_rapcid_backbone_82_model_0.cif.gz,A,B,31,29,3.028,2.827,3.019,4,6,14,23,0.3784,121.36,chain1_E_chain2_F,1,0,1,3,1,3,0,5,0,0,10,16,3,0,1,1,1,1,1,0,0,pass_conserved_motif,0.62518,0,
backbone,RAPCID_backbone_rapcid_backbone_82_model_1.cif.gz,/scratch/a2149a01/RAPCID_2610_output/backbone/RAPCID_backbone_rapcid_backbone_82_model_1.cif.gz,A,B,31,29,9.088,3.005,3.532,4,6,10,12,0.4545,143.86,chain1_E_chain2_F,1,0,0,3,1,3,0,0,0,0,10,13,1,0,1,1,1,1,1,0,0,pass_conserved_motif,0.70565,0,
backbone,RAPCID_backbone_rapcid_backbone_82_model_2.cif.gz,/scratch/a2149a01/RAPCID_2610_output/backbone/RAPCID_backbone_rapcid_backbone_82_model_2.cif.gz,A,B,31,29,2.558,2.99,3.258,5,6,18,17,0.5143,118.8,chain1_E_chain2_F,2,0,1,3,2,3,0,5,1,0,10,15,1,0,1,1,1,1,1,0,0,pass_conserved_motif,0.70483,0,
backbone,RAPCID_backbone_rapcid_backbone_82_model_3.cif.gz,/scratch/a2149a01/RAPCID_2610_output/backbone/RAPCID_backbone_rapcid_backbone_82_model_3.cif.gz,A,B,31,29,3.493,2.802,2.53,5,7,16,17,0.4848,142.27,chain1_E_chain2_F,1,0,1,3,1,3,0,2,0,0,9,15,1,0,1,1,1,1,1,0,0,pass_conserved_motif,0.72246,0,
backbone,RAPCID_backbone_rapcid_backbone_82_model_4.cif.gz,/scratch/a2149a01/RAPCID_2610_output/backbone/RAPCID_backbone_rapcid_backbone_82_model_4.cif.gz,A,B,31,29,3.066,2.972,3.126,7,10,21,17,0.5526,121.98,chain1_E_chain2_F,2,0,1,3,2,3,0,6,1,2,11,15,2,0,1,1,1,1,1,0,0,pass_conserved_motif,0.73839,0,
backbone,RAPCID_backbone_rapcid_backbone_82_model_5.cif.gz,/scratch/a2149a01/RAPCID_2610_output/backbone/RAPCID_backbone_rapcid_backbone_82_model_5.cif.gz,A,B,31,29,3.441,3.054,2.274,4,5,13,14,0.4815,138.66,chain1_E_chain2_F,2,0,0,2,2,2,1,1,0,0,12,8,1,0,1,1,1,1,1,0,0,pass_conserved_motif,0.73267,0,
backbone,RAPCID_backbone_rapcid_backbone_82_model_6.cif.gz,/scratch/a2149a01/RAPCID_2610_output/backbone/RAPCID_backbone_rapcid_backbone_82_model_6.cif.gz,A,B,31,29,3.77,2.508,3.651,6,6,16,11,0.5926,120.16,chain1_E_chain2_F,1,0,0,3,1,3,0,2,0,0,10,16,1,0,1,1,1,1,1,0,0,pass_conserved_motif,0.61779,0,
backbone,RAPCID_backbone_rapcid_backbone_82_model_7.cif.gz,/scratch/a2149a01/RAPCID_2610_output/backbone/RAPCID_backbone_rapcid_backbone_82_model_7.cif.gz,A,B,31,29,3.281,3.355,3.242,6,7,21,19,0.525,114.17,chain1_E_chain2_F,1,0,1,3,1,3,0,2,1,1,13,18,1,0,1,1,1,1,1,0,0,pass_conserved_motif,0.6582,0,
backbone,RAPCID_backbone_rapcid_backbone_83_model_0.cif.gz,/scratch/a2149a01/RAPCID_2610_output/backbone/RAPCID_backbone_rapcid_backbone_83_model_0.cif.gz,A,B,35,26,2.867,1.934,3.518,7,7,17,23,0.425,143.44,chain1_E_chain2_F,1,0,0,3,1,3,0,5,0,0,13,19,2,0,0,1,1,1,1,0,0,pass_no_clash;pass_conserved_motif,0.71741,0,
backbone,RAPCID_backbone_rapcid_backbone_83_model_1.cif.gz,/scratch/a2149a01/RAPCID_2610_output/backbone/RAPCID_backbone_rapcid_backbone_83_model_1.cif.gz,A,B,35,26,3.711,3.433,3.042,4,5,7,19,0.2692,148.49,chain1_E_chain2_F,1,0,0,3,1,3,0,3,0,0,11,15,1,0,1,1,1,1,1,0,0,pass_conserved_motif,0.66194,0,
backbone,RAPCID_backbone_rapcid_backbone_83_model_2.cif.gz,/scratch/a2149a01/RAPCID_2610_output/backbone/RAPCID_backbone_rapcid_backbone_83_model_2.cif.gz,A,B,35,26,10.411,3.007,3.429,4,6,12,20,0.375,162.97,chain1_E_chain2_F,1,0,0,3,1,3,0,0,0,0,10,15,2,1,1,1,1,1,1,1,1,,0.71105,1,164
backbone,RAPCID_backbone_rapcid_backbone_83_model_3.cif.gz,/scratch/a2149a01/RAPCID_2610_output/backbone/RAPCID_backbone_rapcid_backbone_83_model_3.cif.gz,A,B,35,26,3.446,2.896,3.451,4,5,11,12,0.4783,156.37,chain1_E_chain2_F,1,0,0,3,1,3,0,2,0,0,10,14,1,0,1,1,1,1,1,0,0,pass_conserved_motif,0.76683,0,
backbone,RAPCID_backbone_rapcid_backbone_83_model_4.cif.gz,/scratch/a2149a01/RAPCID_2610_output/backbone/RAPCID_backbone_rapcid_backbone_83_model_4.cif.gz,A,B,35,26,6.242,2.762,3.524,4,6,15,13,0.5357,156.58,chain1_E_chain2_F,1,0,0,3,1,3,0,0,0,0,10,15,1,0,1,1,1,1,1,0,0,pass_conserved_motif,0.75193,0,
backbone,RAPCID_backbone_rapcid_backbone_83_model_5.cif.gz,/scratch/a2149a01/RAPCID_2610_output/backbone/RAPCID_backbone_rapcid_backbone_83_model_5.cif.gz,A,B,35,26,3.569,2.564,3.094,6,5,13,20,0.3939,157.03,chain1_E_chain2_F,1,0,0,3,1,3,0,2,0,0,12,16,2,1,1,1,1,1,1,1,1,,0.7353,1,99
backbone,RAPCID_backbone_rapcid_backbone_83_model_6.cif.gz,/scratch/a2149a01/RAPCID_2610_output/backbone/RAPCID_backbone_rapcid_backbone_83_model_6.cif.gz,A,B,35,26,4.003,2.528,3.473,5,5,14,20,0.4118,140.29,chain1_E_chain2_F,1,0,0,3,1,3,0,0,0,0,13,14,1,0,1,1,1,1,1,0,0,pass_conserved_motif,0.67662,0,
backbone,RAPCID_backbone_rapcid_backbone_83_model_7.cif.gz,/scratch/a2149a01/RAPCID_2610_output/backbone/RAPCID_backbone_rapcid_backbone_83_model_7.cif.gz,A,B,35,26,3.184,2.359,3.425,7,5,21,15,0.5833,130.55,chain1_E_chain2_F,1,0,0,3,1,3,0,5,0,0,12,16,2,0,1,1,1,1,1,0,0,pass_conserved_motif,0.6711,0,
backbone,RAPCID_backbone_rapcid_backbone_84_model_0.cif.gz,/scratch/a2149a01/RAPCID_2610_output/backbone/RAPCID_backbone_rapcid_backbone_84_model_0.cif.gz,B,A,37,33,3.821,3.519,2.985,6,4,17,15,0.5312,140.67,chain1_F_chain2_E,0,3,1,0,3,1,0,1,0,0,14,10,0,1,1,1,1,1,1,0,0,pass_conserved_motif,0.70568,0,
backbone,RAPCID_backbone_rapcid_backbone_84_model_1.cif.gz,/scratch/a2149a01/RAPCID_2610_output/backbone/RAPCID_backbone_rapcid_backbone_84_model_1.cif.gz,B,A,37,33,2.777,3.408,3.026,6,7,17,21,0.4474,129.01,chain1_F_chain2_E,0,3,1,0,3,1,0,3,0,0,16,10,0,1,1,1,1,1,1,0,0,pass_conserved_motif,0.66826,0,
backbone,RAPCID_backbone_rapcid_backbone_84_model_2.cif.gz,/scratch/a2149a01/RAPCID_2610_output/backbone/RAPCID_backbone_rapcid_backbone_84_model_2.cif.gz,B,A,37,33,9.731,3.525,2.542,5,4,16,12,0.5714,161.24,chain1_F_chain2_E,0,3,1,0,3,1,0,0,0,0,15,9,0,1,1,1,1,1,1,0,0,pass_conserved_motif,0.73825,0,
backbone,RAPCID_backbone_rapcid_backbone_84_model_3.cif.gz,/scratch/a2149a01/RAPCID_2610_output/backbone/RAPCID_backbone_rapcid_backbone_84_model_3.cif.gz,B,A,37,33,3.757,3.311,3.012,5,5,19,17,0.5278,154.28,chain1_F_chain2_E,0,3,1,0,3,1,0,1,0,0,15,10,0,1,1,1,1,1,1,0,0,pass_conserved_motif,0.75245,0,
backbone,RAPCID_backbone_rapcid_backbone_84_model_4.cif.gz,/scratch/a2149a01/RAPCID_2610_output/backbone/RAPCID_backbone_rapcid_backbone_84_model_4.cif.gz,B,A,37,33,3.496,3.791,3.033,5,4,11,8,0.5789,144.24,chain1_F_chain2_E,0,3,1,0,3,1,0,4,0,0,14,12,0,1,1,1,1,1,1,0,0,pass_conserved_motif,0.7135,0,
backbone,RAPCID_backbone_rapcid_backbone_84_model_5.cif.gz,/scratch/a2149a01/RAPCID_2610_output/backbone/RAPCID_backbone_rapcid_backbone_84_model_5.cif.gz,B,A,37,33,7.323,3.772,2.694,6,5,12,12,0.5,159.9,chain1_F_chain2_E,0,3,1,0,3,1,0,0,0,0,14,10,0,2,1,1,1,1,1,0,0,pass_conserved_motif,0.77129,0,
backbone,RAPCID_backbone_rapcid_backbone_84_model_6.cif.gz,/scratch/a2149a01/RAPCID_2610_output/backbone/RAPCID_backbone_rapcid_backbone_84_model_6.cif.gz,B,A,37,33,3.392,3.407,3.003,4,3,12,9,0.5714,166.08,chain1_F_chain2_E,0,2,1,0,2,1,0,1,0,0,15,10,1,1,1,1,1,1,1,1,1,,0.69856,1,204
backbone,RAPCID_backbone_rapcid_backbone_84_model_7.cif.gz,/scratch/a2149a01/RAPCID_2610_output/backbone/RAPCID_backbone_rapcid_backbone_84_model_7.cif.gz,B,A,37,33,3.242,3.605,2.977,6,4,15,12,0.5556,155.97,chain1_F_chain2_E,0,3,1,0,3,1,0,8,0,0,15,10,0,1,1,1,1,1,1,0,0,pass_conserved_motif,0.78197,0,
backbone,RAPCID_backbone_rapcid_backbone_85_model_0.cif.gz,/scratch/a2149a01/RAPCID_2610_output/backbone/RAPCID_backbone_rapcid_backbone_85_model_0.cif.gz,A,B,38,31,5.764,2.709,3.344,4,4,9,8,0.5294,144.77,chain1_E_chain2_F,1,0,0,3,1,3,0,0,0,0,10,10,1,0,1,1,1,1,1,0,0,pass_conserved_motif,0.71508,0,
backbone,RAPCID_backbone_rapcid_backbone_85_model_1.cif.gz,/scratch/a2149a01/RAPCID_2610_output/backbone/RAPCID_backbone_rapcid_backbone_85_model_1.cif.gz,A,B,38,31,14.879,2.735,3.839,3,4,7,6,0.5385,154.97,chain1_E_chain2_F,1,0,0,3,1,3,0,0,0,0,7,10,1,0,1,1,1,1,1,0,0,pass_conserved_motif,0.74547,0,
backbone,RAPCID_backbone_rapcid_backbone_85_model_2.cif.gz,/scratch/a2149a01/RAPCID_2610_output/backbone/RAPCID_backbone_rapcid_backbone_85_model_2.cif.gz,A,B,38,31,4.969,2.382,3.881,5,4,11,5,0.6875,150.79,chain1_E_chain2_F,1,0,0,3,1,3,0,0,0,0,11,10,1,0,1,1,1,1,1,0,0,pass_conserved_motif,0.67192,0,
backbone,RAPCID_backbone_rapcid_backbone_85_model_3.cif.gz,/scratch/a2149a01/RAPCID_2610_output/backbone/RAPCID_backbone_rapcid_backbone_85_model_3.cif.gz,A,B,38,31,13.346,3.403,3.631,2,5,5,14,0.2632,148.48,chain1_E_chain2_F,2,0,0,3,2,3,0,0,0,0,8,10,1,0,1,1,1,1,1,0,0,pass_conserved_motif,0.67305,0,
backbone,RAPCID_backbone_rapcid_backbone_85_model_4.cif.gz,/scratch/a2149a01/RAPCID_2610_output/backbone/RAPCID_backbone_rapcid_backbone_85_model_4.cif.gz,A,B,38,31,10.259,2.95,3.498,4,4,11,12,0.4783,142.7,chain1_E_chain2_F,2,0,0,3,2,3,0,0,0,0,12,10,1,0,1,1,1,1,1,0,0,pass_conserved_motif,0.73981,0,
backbone,RAPCID_backbone_rapcid_backbone_85_model_5.cif.gz,/scratch/a2149a01/RAPCID_2610_output/backbone/RAPCID_backbone_rapcid_backbone_85_model_5.cif.gz,A,B,38,31,13.482,3.284,3.493,2,5,4,14,0.2222,152.56,chain1_E_chain2_F,2,0,0,3,2,3,0,0,0,0,8,11,1,1,1,1,1,1,1,1,1,,0.67029,1,308
backbone,RAPCID_backbone_rapcid_backbone_85_model_6.cif.gz,/scratch/a2149a01/RAPCID_2610_output/backbone/RAPCID_backbone_rapcid_backbone_85_model_6.cif.gz,A,B,38,31,7.493,2.498,3.654,5,4,14,11,0.56,145.85,chain1_E_chain2_F,1,0,0,3,1,3,0,0,0,0,12,10,1,0,1,1,1,1,1,0,0,pass_conserved_motif,0.70645,0,
backbone,RAPCID_backbone_rapcid_backbone_85_model_7.cif.gz,/scratch/a2149a01/RAPCID_2610_output/backbone/RAPCID_backbone_rapcid_backbone_85_model_7.cif.gz,A,B,38,31,11.417,3.228,3.571,4,4,6,11,0.3529,150.91,chain1_E_chain2_F,1,0,0,3,1,3,0,0,0,0,9,10,1,0,1,1,1,1,1,0,0,pass_conserved_motif,0.68849,0,
backbone,RAPCID_backbone_rapcid_backbone_86_model_0.cif.gz,/scratch/a2149a01/RAPCID_2610_output/backbone/RAPCID_backbone_rapcid_backbone_86_model_0.cif.gz,A,B,44,34,2.604,2.574,2.958,4,9,14,32,0.3043,150.26,chain1_E_chain2_F,1,0,1,3,1,3,0,1,0,0,8,19,1,0,1,1,1,1,1,0,0,pass_conserved_motif,0.67188,0,
backbone,RAPCID_backbone_rapcid_backbone_86_model_1.cif.gz,/scratch/a2149a01/RAPCID_2610_output/backbone/RAPCID_backbone_rapcid_backbone_86_model_1.cif.gz,A,B,44,34,2.842,2.628,3.289,2,5,10,9,0.5263,134.06,chain1_E_chain2_F,2,0,0,2,2,2,1,6,0,1,9,8,1,1,1,1,1,1,1,1,1,,0.75586,1,51
backbone,RAPCID_backbone_rapcid_backbone_86_model_2.cif.gz,/scratch/a2149a01/RAPCID_2610_output/backbone/RAPCID_backbone_rapcid_backbone_86_model_2.cif.gz,A,B,44,34,2.854,2.858,2.054,6,5,16,18,0.4706,122.71,chain1_E_chain2_F,3,0,0,2,3,2,0,9,1,1,20,10,1,1,1,1,1,1,1,1,1,,0.73847,1,92
backbone,RAPCID_backbone_rapcid_backbone_86_model_3.cif.gz,/scratch/a2149a01/RAPCID_2610_output/backbone/RAPCID_backbone_rapcid_backbone_86_model_3.cif.gz,A,B,44,34,7.149,2.811,3.283,4,5,16,17,0.4848,130.74,chain1_E_chain2_F,1,0,0,3,1,3,0,0,0,0,13,14,2,0,1,1,1,1,1,0,0,pass_conserved_motif,0.67403,0,
backbone,RAPCID_backbone_rapcid_backbone_86_model_4.cif.gz,/scratch/a2149a01/RAPCID_2610_output/backbone/RAPCID_backbone_rapcid_backbone_86_model_4.cif.gz,A,B,44,34,3.332,3.072,2.328,3,5,9,14,0.3913,111.87,chain1_E_chain2_F,1,0,0,2,1,2,0,8,1,1,10,9,1,0,1,1,1,1,1,0,0,pass_conserved_motif,0.61848,0,
backbone,RAPCID_backbone_rapcid_backbone_86_model_5.cif.gz,/scratch/a2149a01/RAPCID_2610_output/backbone/RAPCID_backbone_rapcid_backbone_86_model_5.cif.gz,A,B,44,34,3.175,2.929,2.856,5,4,20,11,0.6452,110.09,chain1_E_chain2_F,2,0,0,2,2,2,0,11,1,0,12,10,3,0,1,1,1,1,1,0,0,pass_conserved_motif,0.59486,0,
backbone,RAPCID_backbone_rapcid_backbone_86_model_6.cif.gz,/scratch/a2149a01/RAPCID_2610_output/backbone/RAPCID_backbone_rapcid_backbone_86_model_6.cif.gz,A,B,44,34,4.045,3.195,3.361,4,4,10,16,0.3846,119.15,chain1_E_chain2_F,1,0,0,2,1,2,0,0,0,0,10,8,1,0,1,1,1,1,1,0,0,pass_conserved_motif,0.56674,0,
backbone,RAPCID_backbone_rapcid_backbone_86_model_7.cif.gz,/scratch/a2149a01/RAPCID_2610_output/backbone/RAPCID_backbone_rapcid_backbone_86_model_7.cif.gz,A,B,44,34,4.759,3.375,3.265,3,4,9,11,0.45,118.18,chain1_E_chain2_F,1,0,0,2,1,2,0,0,0,0,11,10,1,0,1,1,1,1,1,0,0,pass_conserved_motif,0.58965,0,
backbone,RAPCID_backbone_rapcid_backbone_87_model_0.cif.gz,/scratch/a2149a01/RAPCID_2610_output/backbone/RAPCID_backbone_rapcid_backbone_87_model_0.cif.gz,A,B,35,23,3.346,3.138,2.959,5,5,12,14,0.4615,129.55,chain1_E_chain2_F,2,0,0,2,2,2,0,4,0,0,9,10,1,0,1,1,1,1,1,0,0,pass_conserved_motif,0.68074,0,
backbone,RAPCID_backbone_rapcid_backbone_87_model_1.cif.gz,/scratch/a2149a01/RAPCID_2610_output/backbone/RAPCID_backbone_rapcid_backbone_87_model_1.cif.gz,A,B,35,23,13.085,3.126,2.942,3,5,6,15,0.2857,153.8,chain1_E_chain2_F,1,0,0,3,1,3,0,0,0,0,8,15,1,0,1,1,1,1,1,0,0,pass_conserved_motif,0.67123,0,
backbone,RAPCID_backbone_rapcid_backbone_87_model_2.cif.gz,/scratch/a2149a01/RAPCID_2610_output/backbone/RAPCID_backbone_rapcid_backbone_87_model_2.cif.gz,A,B,35,23,7.955,3.087,3.185,5,5,12,19,0.3871,150.31,chain1_E_chain2_F,1,0,0,3,1,3,0,0,0,0,13,15,1,0,1,1,1,1,1,0,0,pass_conserved_motif,0.70015,0,
backbone,RAPCID_backbone_rapcid_backbone_87_model_3.cif.gz,/scratch/a2149a01/RAPCID_2610_output/backbone/RAPCID_backbone_rapcid_backbone_87_model_3.cif.gz,A,B,35,23,8.422,3.506,3.38,3,6,8,20,0.2857,138.47,chain1_E_chain2_F,1,0,0,3,1,3,0,0,0,0,7,16,1,1,1,1,1,1,1,1,1,,0.62014,1,469
backbone,RAPCID_backbone_rapcid_backbone_87_model_4.cif.gz,/scratch/a2149a01/RAPCID_2610_output/backbone/RAPCID_backbone_rapcid_backbone_87_model_4.cif.gz,A,B,35,23,10.942,2.955,3.29,3,9,6,27,0.1818,161.71,chain1_E_chain2_F,1,0,0,3,1,3,0,0,0,0,8,19,2,0,1,1,1,1,1,0,0,pass_conserved_motif,0.63797,0,
backbone,RAPCID_backbone_rapcid_backbone_87_model_5.cif.gz,/scratch/a2149a01/RAPCID_2610_output/backbone/RAPCID_backbone_rapcid_backbone_87_model_5.cif.gz,A,B,35,23,3.569,2.705,3.613,5,6,10,10,0.5,128.05,chain1_E_chain2_F,1,0,1,3,1,3,0,7,1,0,12,12,2,0,1,1,1,1,1,0,0,pass_conserved_motif,0.72278,0,
backbone,RAPCID_backbone_rapcid_backbone_87_model_6.cif.gz,/scratch/a2149a01/RAPCID_2610_output/backbone/RAPCID_backbone_rapcid_backbone_87_model_6.cif.gz,A,B,35,23,7.2,3.035,3.889,5,6,11,12,0.4783,166.84,chain1_E_chain2_F,1,0,0,3,1,3,0,0,0,0,11,14,1,0,1,1,1,1,1,0,0,pass_conserved_motif,0.73946,0,
backbone,RAPCID_backbone_rapcid_backbone_87_model_7.cif.gz,/scratch/a2149a01/RAPCID_2610_output/backbone/RAPCID_backbone_rapcid_backbone_87_model_7.cif.gz,A,B,35,23,3.555,3.015,3.441,4,7,10,22,0.3125,155.0,chain1_E_chain2_F,1,0,0,3,1,3,0,1,0,0,13,17,1,0,1,1,1,1,1,0,0,pass_conserved_motif,0.69095,0,
backbone,RAPCID_backbone_rapcid_backbone_88_model_0.cif.gz,/scratch/a2149a01/RAPCID_2610_output/backbone/RAPCID_backbone_rapcid_backbone_88_model_0.cif.gz,B,A,41,29,2.618,2.577,3.042,4,3,12,6,0.6667,133.97,chain1_F_chain2_E,1,2,1,0,2,1,0,15,0,0,8,8,0,1,1,1,1,1,1,0,0,pass_conserved_motif,0.60063,0,
backbone,RAPCID_backbone_rapcid_backbone_88_model_1.cif.gz,/scratch/a2149a01/RAPCID_2610_output/backbone/RAPCID_backbone_rapcid_backbone_88_model_1.cif.gz,B,A,41,29,4.102,2.971,3.019,4,4,12,16,0.4286,120.79,chain1_F_chain2_E,0,2,2,0,2,2,0,0,0,0,9,11,0,1,1,1,1,1,1,0,0,pass_conserved_motif,0.61836,0,
backbone,RAPCID_backbone_rapcid_backbone_88_model_2.cif.gz,/scratch/a2149a01/RAPCID_2610_output/backbone/RAPCID_backbone_rapcid_backbone_88_model_2.cif.gz,B,A,41,29,6.03,2.275,2.58,5,4,16,9,0.64,135.12,chain1_F_chain2_E,0,3,1,0,3,1,0,0,0,0,10,7,0,1,1,1,1,1,1,0,0,pass_conserved_motif,0.6387,0,
backbone,RAPCID_backbone_rapcid_backbone_88_model_3.cif.gz,/scratch/a2149a01/RAPCID_2610_output/backbone/RAPCID_backbone_rapcid_backbone_88_model_3.cif.gz,B,A,41,29,6.332,3.036,3.01,7,3,22,6,0.7857,134.79,chain1_F_chain2_E,1,3,1,0,3,1,0,0,0,0,14,9,0,1,1,1,1,1,1,0,0,pass_conserved_motif,0.57931,0,
backbone,RAPCID_backbone_rapcid_backbone_88_model_4.cif.gz,/scratch/a2149a01/RAPCID_2610_output/backbone/RAPCID_backbone_rapcid_backbone_88_model_4.cif.gz,B,A,41,29,6.107,2.792,2.446,4,3,17,5,0.7727,117.47,chain1_F_chain2_E,1,2,1,0,2,1,0,0,0,0,9,9,0,1,1,1,1,1,1,0,0,pass_conserved_motif,0.4982,0,
backbone,RAPCID_backbone_rapcid_backbone_88_model_5.cif.gz,/scratch/a2149a01/RAPCID_2610_output/backbone/RAPCID_backbone_rapcid_backbone_88_model_5.cif.gz,B,A,41,29,2.929,2.976,2.18,9,8,23,24,0.4894,105.64,chain1_F_chain2_E,0,2,3,0,2,3,0,10,1,4,20,18,0,2,1,1,1,1,1,0,0,pass_conserved_motif,0.73406,0,
backbone,RAPCID_backbone_rapcid_backbone_88_model_6.cif.gz,/scratch/a2149a01/RAPCID_2610_output/backbone/RAPCID_backbone_rapcid_backbone_88_model_6.cif.gz,B,A,41,29,3.634,2.922,3.395,5,3,16,12,0.5714,125.39,chain1_F_chain2_E,0,2,1,0,2,1,0,4,0,1,11,7,0,1,1,1,1,1,1,0,0,pass_conserved_motif,0.64176,0,
backbone,RAPCID_backbone_rapcid_backbone_88_model_7.cif.gz,/scratch/a2149a01/RAPCID_2610_output/backbone/RAPCID_backbone_rapcid_backbone_88_model_7.cif.gz,B,A,41,29,2.52,3.228,2.864,8,4,20,12,0.625,112.67,chain1_F_chain2_E,0,2,2,0,2,2,0,5,1,1,11,12,0,1,1,1,1,1,1,0,0,pass_conserved_motif,0.62817,0,
backbone,RAPCID_backbone_rapcid_backbone_89_model_0.cif.gz,/scratch/a2149a01/RAPCID_2610_output/backbone/RAPCID_backbone_rapcid_backbone_89_model_0.cif.gz,A,B,42,31,8.474,3.014,3.557,4,5,8,14,0.3636,156.19,chain1_E_chain2_F,1,0,0,3,1,3,0,0,0,0,11,14,1,0,1,1,1,1,1,0,0,pass_conserved_motif,0.71038,0,
backbone,RAPCID_backbone_rapcid_backbone_89_model_1.cif.gz,/scratch/a2149a01/RAPCID_2610_output/backbone/RAPCID_backbone_rapcid_backbone_89_model_1.cif.gz,A,B,42,31,9.369,3.285,2.881,3,6,6,21,0.2222,167.65,chain1_E_chain2_F,1,0,0,3,1,3,0,0,0,0,7,17,1,0,1,1,1,1,1,0,0,pass_conserved_motif,0.63434,0,
backbone,RAPCID_backbone_rapcid_backbone_89_model_2.cif.gz,/scratch/a2149a01/RAPCID_2610_output/backbone/RAPCID_backbone_rapcid_backbone_89_model_2.cif.gz,A,B,42,31,8.703,3.286,3.493,3,6,9,19,0.3214,149.41,chain1_E_chain2_F,1,0,0,3,1,3,0,0,0,0,10,17,1,0,1,1,1,1,1,0,0,pass_conserved_motif,0.6709,0,
backbone,RAPCID_backbone_rapcid_backbone_89_model_3.cif.gz,/scratch/a2149a01/RAPCID_2610_output/backbone/RAPCID_backbone_rapcid_backbone_89_model_3.cif.gz,A,B,42,31,10.73,3.12,3.015,5,5,8,19,0.2963,157.46,chain1_E_chain2_F,1,0,0,3,1,3,0,0,0,0,14,15,1,0,1,1,1,1,1,0,0,pass_conserved_motif,0.68768,0,
backbone,RAPCID_backbone_rapcid_backbone_89_model_4.cif.gz,/scratch/a2149a01/RAPCID_2610_output/backbone/RAPCID_backbone_rapcid_backbone_89_model_4.cif.gz,A,B,42,31,10.688,3.146,3.496,3,5,10,18,0.3571,160.89,chain1_E_chain2_F,2,0,0,3,2,3,0,0,0,0,10,16,1,1,1,1,1,1,1,1,1,,0.73941,1,87
backbone,RAPCID_backbone_rapcid_backbone_89_model_5.cif.gz,/scratch/a2149a01/RAPCID_2610_output/backbone/RAPCID_backbone_rapcid_backbone_89_model_5.cif.gz,A,B,42,31,3.813,3.215,3.164,3,9,15,29,0.3409,149.63,chain1_E_chain2_F,1,0,0,3,1,3,0,1,1,1,11,18,1,0,1,1,1,1,1,0,0,pass_conserved_motif,0.71774,0,
backbone,RAPCID_backbone_rapcid_backbone_89_model_6.cif.gz,/scratch/a2149a01/RAPCID_2610_output/backbone/RAPCID_backbone_rapcid_backbone_89_model_6.cif.gz,A,B,42,31,10.714,2.36,3.613,5,7,9,16,0.36,160.49,chain1_E_chain2_F,1,0,0,3,1,3,0,0,0,0,9,16,2,1,1,1,1,1,1,1,1,,0.71333,1,156
backbone,RAPCID_backbone_rapcid_backbone_89_model_7.cif.gz,/scratch/a2149a01/RAPCID_2610_output/backbone/RAPCID_backbone_rapcid_backbone_89_model_7.cif.gz,A,B,42,31,11.117,3.253,3.454,3,6,9,17,0.3462,175.28,chain1_E_chain2_F,1,0,0,3,1,3,0,0,0,0,12,16,1,0,1,1,1,1,1,0,0,pass_conserved_motif,0.65848,0,
backbone,RAPCID_backbone_rapcid_backbone_8_model_0.cif.gz,/scratch/a2149a01/RAPCID_2610_output/backbone/RAPCID_backbone_rapcid_backbone_8_model_0.cif.gz,A,B,44,31,3.605,2.975,4.147,3,3,8,6,0.5714,128.49,chain1_E_chain2_F,1,0,0,1,1,1,0,2,0,0,10,10,1,0,1,1,1,1,1,0,0,pass_conserved_motif,0.59687,0,
backbone,RAPCID_backbone_rapcid_backbone_8_model_1.cif.gz,/scratch/a2149a01/RAPCID_2610_output/backbone/RAPCID_backbone_rapcid_backbone_8_model_1.cif.gz,A,B,44,31,3.139,2.479,3.47,8,3,25,12,0.6757,115.48,chain1_E_chain2_F,1,0,0,3,1,3,0,12,1,0,18,11,1,0,1,1,1,1,1,0,0,pass_conserved_motif,0.5956,0,
backbone,RAPCID_backbone_rapcid_backbone_8_model_2.cif.gz,/scratch/a2149a01/RAPCID_2610_output/backbone/RAPCID_backbone_rapcid_backbone_8_model_2.cif.gz,A,B,44,31,8.567,2.988,3.361,4,5,12,17,0.4138,157.18,chain1_E_chain2_F,1,0,0,3,1,3,0,0,0,0,12,15,2,0,1,1,1,1,1,0,0,pass_conserved_motif,0.73373,0,
backbone,RAPCID_backbone_rapcid_backbone_8_model_3.cif.gz,/scratch/a2149a01/RAPCID_2610_output/backbone/RAPCID_backbone_rapcid_backbone_8_model_3.cif.gz,A,B,44,31,3.169,2.983,3.524,3,9,11,25,0.3056,143.88,chain1_E_chain2_F,2,0,1,3,2,3,1,2,1,0,9,17,1,0,1,1,1,1,1,0,0,pass_conserved_motif,0.72992,0,
backbone,RAPCID_backbone_rapcid_backbone_8_model_4.cif.gz,/scratch/a2149a01/RAPCID_2610_output/backbone/RAPCID_backbone_rapcid_backbone_8_model_4.cif.gz,A,B,44,31,9.945,3.082,3.431,3,5,12,14,0.4615,149.07,chain1_E_chain2_F,1,0,0,3,1,3,0,0,0,0,9,14,1,0,1,1,1,1,1,0,0,pass_conserved_motif,0.72579,0,
backbone,RAPCID_backbone_rapcid_backbone_8_model_5.cif.gz,/scratch/a2149a01/RAPCID_2610_output/backbone/RAPCID_backbone_rapcid_backbone_8_model_5.cif.gz,A,B,44,31,11.623,3.31,3.678,5,5,11,11,0.5,152.33,chain1_E_chain2_F,2,0,0,3,2,3,0,0,0,0,9,17,1,0,1,1,1,1,1,0,0,pass_conserved_motif,0.78061,0,
backbone,RAPCID_backbone_rapcid_backbone_8_model_6.cif.gz,/scratch/a2149a01/RAPCID_2610_output/backbone/RAPCID_backbone_rapcid_backbone_8_model_6.cif.gz,A,B,44,31,8.102,3.006,3.425,4,6,13,14,0.4815,155.03,chain1_E_chain2_F,2,0,0,3,2,3,1,0,0,0,11,16,1,0,1,1,1,1,1,0,0,pass_conserved_motif,0.81077,0,
backbone,RAPCID_backbone_rapcid_backbone_8_model_7.cif.gz,/scratch/a2149a01/RAPCID_2610_output/backbone/RAPCID_backbone_rapcid_backbone_8_model_7.cif.gz,A,B,44,31,8.913,3.552,3.046,5,6,10,19,0.3448,170.91,chain1_E_chain2_F,1,0,0,3,1,3,0,0,0,0,11,16,1,1,1,1,1,1,1,1,1,,0.67252,1,299
backbone,RAPCID_backbone_rapcid_backbone_90_model_0.cif.gz,/scratch/a2149a01/RAPCID_2610_output/backbone/RAPCID_backbone_rapcid_backbone_90_model_0.cif.gz,B,A,48,39,2.829,3.25,2.601,4,8,18,19,0.4865,116.54,chain1_F_chain2_E,1,2,2,0,2,2,0,20,1,1,9,13,0,1,1,1,1,1,1,0,0,pass_conserved_motif,0.64068,0,
backbone,RAPCID_backbone_rapcid_backbone_90_model_1.cif.gz,/scratch/a2149a01/RAPCID_2610_output/backbone/RAPCID_backbone_rapcid_backbone_90_model_1.cif.gz,B,A,48,39,2.317,2.521,2.783,5,6,14,12,0.5385,122.84,chain1_F_chain2_E,0,2,2,0,2,2,0,8,1,1,10,14,0,1,1,1,1,1,1,0,0,pass_conserved_motif,0.7117,0,
backbone,RAPCID_backbone_rapcid_backbone_90_model_2.cif.gz,/scratch/a2149a01/RAPCID_2610_output/backbone/RAPCID_backbone_rapcid_backbone_90_model_2.cif.gz,B,A,48,39,2.841,2.63,2.535,4,3,17,9,0.6538,110.12,chain1_F_chain2_E,1,2,1,0,2,1,0,7,0,0,10,13,1,1,1,1,1,1,1,1,1,,0.55623,1,587
backbone,RAPCID_backbone_rapcid_backbone_90_model_3.cif.gz,/scratch/a2149a01/RAPCID_2610_output/backbone/RAPCID_backbone_rapcid_backbone_90_model_3.cif.gz,B,A,48,39,2.761,3.045,2.341,4,2,13,6,0.6842,140.05,chain1_F_chain2_E,1,2,1,0,2,1,0,9,0,0,8,8,1,1,1,1,1,1,1,1,1,,0.64387,1,396
backbone,RAPCID_backbone_rapcid_backbone_90_model_4.cif.gz,/scratch/a2149a01/RAPCID_2610_output/backbone/RAPCID_backbone_rapcid_backbone_90_model_4.cif.gz,B,A,48,39,2.527,3.386,2.8,7,5,11,12,0.4783,123.62,chain1_F_chain2_E,1,3,1,0,3,1,0,6,0,1,12,9,0,1,1,1,1,1,1,0,0,pass_conserved_motif,0.69431,0,
backbone,RAPCID_backbone_rapcid_backbone_90_model_5.cif.gz,/scratch/a2149a01/RAPCID_2610_output/backbone/RAPCID_backbone_rapcid_backbone_90_model_5.cif.gz,B,A,48,39,2.944,3.262,2.278,6,4,13,13,0.5,121.95,chain1_F_chain2_E,1,3,1,0,3,1,0,6,1,0,14,10,0,1,1,1,1,1,1,0,0,pass_conserved_motif,0.69746,0,
backbone,RAPCID_backbone_rapcid_backbone_90_model_6.cif.gz,/scratch/a2149a01/RAPCID_2610_output/backbone/RAPCID_backbone_rapcid_backbone_90_model_6.cif.gz,B,A,48,39,2.838,3.563,3.226,6,3,11,8,0.5789,144.1,chain1_F_chain2_E,1,2,1,0,2,1,0,10,0,0,13,10,0,1,1,1,1,1,1,0,0,pass_conserved_motif,0.69446,0,
backbone,RAPCID_backbone_rapcid_backbone_90_model_7.cif.gz,/scratch/a2149a01/RAPCID_2610_output/backbone/RAPCID_backbone_rapcid_backbone_90_model_7.cif.gz,B,A,48,39,2.991,3.239,2.764,5,3,16,12,0.5714,113.97,chain1_F_chain2_E,1,3,1,0,3,1,0,14,1,1,10,12,0,1,1,1,1,1,1,0,0,pass_conserved_motif,0.63895,0,
backbone,RAPCID_backbone_rapcid_backbone_91_model_0.cif.gz,/scratch/a2149a01/RAPCID_2610_output/backbone/RAPCID_backbone_rapcid_backbone_91_model_0.cif.gz,B,A,36,31,3.434,2.644,2.914,9,3,28,10,0.7368,123.41,chain1_F_chain2_E,1,3,1,0,3,1,0,6,1,0,14,10,0,1,1,1,1,1,1,0,0,pass_conserved_motif,0.60758,0,
backbone,RAPCID_backbone_rapcid_backbone_91_model_1.cif.gz,/scratch/a2149a01/RAPCID_2610_output/backbone/RAPCID_backbone_rapcid_backbone_91_model_1.cif.gz,B,A,36,31,3.51,2.889,2.951,5,5,10,12,0.4545,123.94,chain1_F_chain2_E,0,2,1,0,2,1,0,4,0,0,11,10,0,1,1,1,1,1,1,0,0,pass_conserved_motif,0.63068,0,
backbone,RAPCID_backbone_rapcid_backbone_91_model_2.cif.gz,/scratch/a2149a01/RAPCID_2610_output/backbone/RAPCID_backbone_rapcid_backbone_91_model_2.cif.gz,B,A,36,31,2.741,3.18,1.675,5,5,13,15,0.4643,112.67,chain1_F_chain2_E,0,2,1,0,2,1,0,30,0,0,10,8,0,1,0,1,1,1,1,0,0,pass_no_clash;pass_conserved_motif,0.51701,0,
backbone,RAPCID_backbone_rapcid_backbone_91_model_3.cif.gz,/scratch/a2149a01/RAPCID_2610_output/backbone/RAPCID_backbone_rapcid_backbone_91_model_3.cif.gz,B,A,36,31,2.986,2.534,3.15,6,3,12,6,0.6667,130.12,chain1_F_chain2_E,0,2,1,0,2,1,0,2,0,0,11,9,0,1,1,1,1,1,1,0,0,pass_conserved_motif,0.59277,0,
backbone,RAPCID_backbone_rapcid_backbone_91_model_4.cif.gz,/scratch/a2149a01/RAPCID_2610_output/backbone/RAPCID_backbone_rapcid_backbone_91_model_4.cif.gz,B,A,36,31,3.43,2.693,2.945,4,3,9,10,0.4737,127.43,chain1_F_chain2_E,0,2,1,0,2,1,0,4,0,0,10,10,0,1,1,1,1,1,1,0,0,pass_conserved_motif,0.64996,0,
backbone,RAPCID_backbone_rapcid_backbone_91_model_5.cif.gz,/scratch/a2149a01/RAPCID_2610_output/backbone/RAPCID_backbone_rapcid_backbone_91_model_5.cif.gz,B,A,36,31,2.952,3.694,2.949,4,4,6,13,0.3158,116.98,chain1_F_chain2_E,0,1,1,0,1,1,0,11,0,1,9,9,1,1,1,1,1,1,1,1,1,,0.54508,1,596
backbone,RAPCID_backbone_rapcid_backbone_91_model_6.cif.gz,/scratch/a2149a01/RAPCID_2610_output/backbone/RAPCID_backbone_rapcid_backbone_91_model_6.cif.gz,B,A,36,31,3.15,3.072,2.938,8,5,20,8,0.7143,123.63,chain1_F_chain2_E,1,3,1,0,3,1,0,13,1,0,13,10,0,2,1,1,1,1,1,0,0,pass_conserved_motif,0.60233,0,
backbone,RAPCID_backbone_rapcid_backbone_91_model_7.cif.gz,/scratch/a2149a01/RAPCID_2610_output/backbone/RAPCID_backbone_rapcid_backbone_91_model_7.cif.gz,B,A,36,31,3.507,2.916,2.674,4,4,11,13,0.4583,120.23,chain1_F_chain2_E,0,2,1,0,2,1,0,4,0,0,9,9,0,2,1,1,1,1,1,0,0,pass_conserved_motif,0.61981,0,
backbone,RAPCID_backbone_rapcid_backbone_92_model_0.cif.gz,/scratch/a2149a01/RAPCID_2610_output/backbone/RAPCID_backbone_rapcid_backbone_92_model_0.cif.gz,A,B,25,20,3.461,2.775,2.935,6,4,18,19,0.4865,127.38,chain1_E_chain2_F,2,0,0,3,2,3,0,3,1,1,10,10,1,2,1,1,1,1,1,1,1,,0.74037,1,81
backbone,RAPCID_backbone_rapcid_backbone_92_model_1.cif.gz,/scratch/a2149a01/RAPCID_2610_output/backbone/RAPCID_backbone_rapcid_backbone_92_model_1.cif.gz,A,B,25,20,5.299,2.597,3.52,6,5,26,12,0.6842,107.94,chain1_E_chain2_F,1,1,0,3,1,3,0,0,0,0,11,11,1,0,1,1,1,1,1,0,0,pass_conserved_motif,0.53041,0,
backbone,RAPCID_backbone_rapcid_backbone_92_model_2.cif.gz,/scratch/a2149a01/RAPCID_2610_output/backbone/RAPCID_backbone_rapcid_backbone_92_model_2.cif.gz,A,B,25,20,8.675,2.542,3.576,5,4,15,8,0.6522,155.81,chain1_E_chain2_F,1,0,0,3,1,3,0,0,0,0,13,11,1,0,1,1,1,1,1,0,0,pass_conserved_motif,0.70279,0,
backbone,RAPCID_backbone_rapcid_backbone_92_model_3.cif.gz,/scratch/a2149a01/RAPCID_2610_output/backbone/RAPCID_backbone_rapcid_backbone_92_model_3.cif.gz,A,B,25,20,4.749,2.808,3.015,6,4,13,17,0.4333,121.92,chain1_E_chain2_F,2,0,0,3,2,3,0,0,0,0,10,11,1,0,1,1,1,1,1,0,0,pass_conserved_motif,0.65259,0,
backbone,RAPCID_backbone_rapcid_backbone_92_model_4.cif.gz,/scratch/a2149a01/RAPCID_2610_output/backbone/RAPCID_backbone_rapcid_backbone_92_model_4.cif.gz,A,B,25,20,4.418,1.959,3.596,7,3,20,11,0.6452,138.07,chain1_E_chain2_F,1,0,0,2,1,2,0,0,0,0,13,11,1,0,0,1,1,1,1,0,0,pass_no_clash;pass_conserved_motif,0.61787,0,
backbone,RAPCID_backbone_rapcid_backbone_92_model_5.cif.gz,/scratch/a2149a01/RAPCID_2610_output/backbone/RAPCID_backbone_rapcid_backbone_92_model_5.cif.gz,A,B,25,20,6.752,2.378,2.995,6,4,12,18,0.4,137.53,chain1_E_chain2_F,1,0,0,3,1,3,0,0,0,0,10,12,1,0,1,1,1,1,1,0,0,pass_conserved_motif,0.66272,0,
backbone,RAPCID_backbone_rapcid_backbone_92_model_6.cif.gz,/scratch/a2149a01/RAPCID_2610_output/backbone/RAPCID_backbone_rapcid_backbone_92_model_6.cif.gz,A,B,25,20,5.744,2.484,3.385,7,4,20,11,0.6452,140.73,chain1_E_chain2_F,1,0,0,3,1,3,0,0,0,0,14,11,1,0,1,1,1,1,1,0,0,pass_conserved_motif,0.65533,0,
backbone,RAPCID_backbone_rapcid_backbone_92_model_7.cif.gz,/scratch/a2149a01/RAPCID_2610_output/backbone/RAPCID_backbone_rapcid_backbone_92_model_7.cif.gz,A,B,25,20,4.798,2.898,3.287,4,5,22,19,0.5366,133.37,chain1_E_chain2_F,1,0,0,3,1,3,0,0,0,0,12,11,1,1,1,1,1,1,1,1,1,,0.67422,1,289
backbone,RAPCID_backbone_rapcid_backbone_93_model_0.cif.gz,/scratch/a2149a01/RAPCID_2610_output/backbone/RAPCID_backbone_rapcid_backbone_93_model_0.cif.gz,A,B,35,28,7.954,2.839,3.496,4,6,9,14,0.3913,146.66,chain1_E_chain2_F,1,0,0,3,1,3,0,0,0,0,11,12,1,0,1,1,1,1,1,0,0,pass_conserved_motif,0.68968,0,
backbone,RAPCID_backbone_rapcid_backbone_93_model_1.cif.gz,/scratch/a2149a01/RAPCID_2610_output/backbone/RAPCID_backbone_rapcid_backbone_93_model_1.cif.gz,A,B,35,28,12.247,2.422,3.471,3,6,7,17,0.2917,146.38,chain1_E_chain2_F,2,0,0,3,2,3,0,0,0,0,8,12,1,0,1,1,1,1,1,0,0,pass_conserved_motif,0.67746,0,
backbone,RAPCID_backbone_rapcid_backbone_93_model_2.cif.gz,/scratch/a2149a01/RAPCID_2610_output/backbone/RAPCID_backbone_rapcid_backbone_93_model_2.cif.gz,A,B,35,28,10.618,2.519,3.574,4,5,17,15,0.5312,166.95,chain1_E_chain2_F,2,0,0,3,2,3,0,0,0,0,9,12,1,0,1,1,1,1,1,0,0,pass_conserved_motif,0.76386,0,
backbone,RAPCID_backbone_rapcid_backbone_93_model_3.cif.gz,/scratch/a2149a01/RAPCID_2610_output/backbone/RAPCID_backbone_rapcid_backbone_93_model_3.cif.gz,A,B,35,28,11.536,2.915,3.4,3,5,6,20,0.2308,173.11,chain1_E_chain2_F,1,0,0,3,1,3,0,0,0,0,8,12,1,1,1,1,1,1,1,1,1,,0.61955,1,473
backbone,RAPCID_backbone_rapcid_backbone_93_model_4.cif.gz,/scratch/a2149a01/RAPCID_2610_output/backbone/RAPCID_backbone_rapcid_backbone_93_model_4.cif.gz,A,B,35,28,8.095,2.942,3.542,5,4,11,12,0.4783,149.26,chain1_E_chain2_F,1,0,0,2,1,2,0,0,0,0,11,12,1,1,1,1,1,1,1,1,1,,0.70457,1,180
backbone,RAPCID_backbone_rapcid_backbone_93_model_5.cif.gz,/scratch/a2149a01/RAPCID_2610_output/backbone/RAPCID_backbone_rapcid_backbone_93_model_5.cif.gz,A,B,35,28,6.925,2.782,3.589,6,5,16,13,0.5517,138.23,chain1_E_chain2_F,1,0,0,3,1,3,0,0,0,0,11,12,1,0,1,1,1,1,1,0,0,pass_conserved_motif,0.68436,0,
backbone,RAPCID_backbone_rapcid_backbone_93_model_6.cif.gz,/scratch/a2149a01/RAPCID_2610_output/backbone/RAPCID_backbone_rapcid_backbone_93_model_6.cif.gz,A,B,35,28,8.462,2.868,3.11,4,5,12,20,0.375,160.29,chain1_E_chain2_F,1,0,0,3,1,3,0,0,0,0,10,12,2,0,1,1,1,1,1,0,0,pass_conserved_motif,0.71997,0,
backbone,RAPCID_backbone_rapcid_backbone_93_model_7.cif.gz,/scratch/a2149a01/RAPCID_2610_output/backbone/RAPCID_backbone_rapcid_backbone_93_model_7.cif.gz,A,B,35,28,12.048,2.963,3.504,1,4,3,19,0.1364,154.26,chain1_E_chain2_F,1,0,0,2,1,2,0,0,0,0,5,12,1,1,1,0,1,1,1,1,0,pass_dual_rap_contact,0.58447,0,
backbone,RAPCID_backbone_rapcid_backbone_94_model_0.cif.gz,/scratch/a2149a01/RAPCID_2610_output/backbone/RAPCID_backbone_rapcid_backbone_94_model_0.cif.gz,A,B,39,25,10.662,2.85,3.907,4,6,12,11,0.5217,163.41,chain1_E_chain2_F,1,0,0,3,1,3,0,0,0,0,10,12,2,1,1,1,1,1,1,1,1,,0.75088,1,62
backbone,RAPCID_backbone_rapcid_backbone_94_model_1.cif.gz,/scratch/a2149a01/RAPCID_2610_output/backbone/RAPCID_backbone_rapcid_backbone_94_model_1.cif.gz,A,B,39,25,11.151,3.041,3.358,5,5,14,15,0.4828,146.94,chain1_E_chain2_F,2,0,0,3,2,3,0,0,0,0,9,12,1,0,1,1,1,1,1,0,0,pass_conserved_motif,0.75576,0,
backbone,RAPCID_backbone_rapcid_backbone_94_model_2.cif.gz,/scratch/a2149a01/RAPCID_2610_output/backbone/RAPCID_backbone_rapcid_backbone_94_model_2.cif.gz,A,B,39,25,12.886,2.49,3.19,3,6,11,16,0.4074,163.16,chain1_E_chain2_F,1,0,0,3,1,3,0,0,0,0,8,12,2,0,1,1,1,1,1,0,0,pass_conserved_motif,0.72337,0,
backbone,RAPCID_backbone_rapcid_backbone_94_model_3.cif.gz,/scratch/a2149a01/RAPCID_2610_output/backbone/RAPCID_backbone_rapcid_backbone_94_model_3.cif.gz,A,B,39,25,10.066,2.714,3.599,4,6,10,18,0.3571,152.07,chain1_E_chain2_F,1,0,0,3,1,3,0,0,0,0,8,12,1,0,1,1,1,1,1,0,0,pass_conserved_motif,0.69406,0,
backbone,RAPCID_backbone_rapcid_backbone_94_model_4.cif.gz,/scratch/a2149a01/RAPCID_2610_output/backbone/RAPCID_backbone_rapcid_backbone_94_model_4.cif.gz,A,B,39,25,12.24,3.427,3.13,3,5,4,16,0.2,164.96,chain1_E_chain2_F,1,0,0,3,1,3,0,0,0,0,9,12,4,0,1,1,1,1,1,0,0,pass_conserved_motif,0.63443,0,
backbone,RAPCID_backbone_rapcid_backbone_94_model_5.cif.gz,/scratch/a2149a01/RAPCID_2610_output/backbone/RAPCID_backbone_rapcid_backbone_94_model_5.cif.gz,A,B,39,25,5.149,2.706,3.001,5,5,10,17,0.3704,162.61,chain1_E_chain2_F,1,0,0,3,1,3,0,0,0,0,10,12,1,0,1,1,1,1,1,0,0,pass_conserved_motif,0.71041,0,
backbone,RAPCID_backbone_rapcid_backbone_94_model_6.cif.gz,/scratch/a2149a01/RAPCID_2610_output/backbone/RAPCID_backbone_rapcid_backbone_94_model_6.cif.gz,A,B,39,25,3.528,2.649,2.882,4,6,18,28,0.3913,154.07,chain1_E_chain2_F,1,0,0,3,1,3,1,2,0,0,12,12,1,0,1,1,1,1,1,0,0,pass_conserved_motif,0.75295,0,
backbone,RAPCID_backbone_rapcid_backbone_94_model_7.cif.gz,/scratch/a2149a01/RAPCID_2610_output/backbone/RAPCID_backbone_rapcid_backbone_94_model_7.cif.gz,A,B,39,25,10.74,4.387,3.483,2,5,3,12,0.2,157.74,chain1_E_chain2_F,1,0,0,3,1,3,0,0,0,0,8,12,1,0,1,0,1,1,1,0,0,pass_dual_rap_contact;pass_conserved_motif,0.6501,0,
backbone,RAPCID_backbone_rapcid_backbone_95_model_0.cif.gz,/scratch/a2149a01/RAPCID_2610_output/backbone/RAPCID_backbone_rapcid_backbone_95_model_0.cif.gz,A,B,27,25,3.318,2.984,3.558,7,5,17,15,0.5312,115.44,chain1_E_chain2_F,1,0,0,3,1,3,0,1,1,1,11,13,1,0,1,1,1,1,1,0,0,pass_conserved_motif,0.65492,0,
backbone,RAPCID_backbone_rapcid_backbone_95_model_1.cif.gz,/scratch/a2149a01/RAPCID_2610_output/backbone/RAPCID_backbone_rapcid_backbone_95_model_1.cif.gz,A,B,27,25,3.531,1.829,3.648,8,5,19,14,0.5758,123.94,chain1_E_chain2_F,2,0,0,3,2,3,0,2,2,1,13,13,1,1,0,1,1,1,1,1,0,pass_no_clash,0.71569,0,
backbone,RAPCID_backbone_rapcid_backbone_95_model_2.cif.gz,/scratch/a2149a01/RAPCID_2610_output/backbone/RAPCID_backbone_rapcid_backbone_95_model_2.cif.gz,A,B,27,25,6.056,3.352,3.632,4,5,16,12,0.5714,151.85,chain1_E_chain2_F,1,0,0,3,1,3,0,0,0,0,10,13,1,0,1,1,1,1,1,0,0,pass_conserved_motif,0.72187,0,
backbone,RAPCID_backbone_rapcid_backbone_95_model_3.cif.gz,/scratch/a2149a01/RAPCID_2610_output/backbone/RAPCID_backbone_rapcid_backbone_95_model_3.cif.gz,A,B,27,25,5.011,2.249,3.366,6,6,18,19,0.4865,138.1,chain1_E_chain2_F,1,0,0,3,1,3,0,0,0,0,12,13,1,0,1,1,1,1,1,0,0,pass_conserved_motif,0.69921,0,
backbone,RAPCID_backbone_rapcid_backbone_95_model_4.cif.gz,/scratch/a2149a01/RAPCID_2610_output/backbone/RAPCID_backbone_rapcid_backbone_95_model_4.cif.gz,A,B,27,25,3.305,2.81,3.273,5,4,15,17,0.4688,152.31,chain1_E_chain2_F,1,0,0,2,1,2,0,2,0,1,14,13,1,0,1,1,1,1,1,0,0,pass_conserved_motif,0.73758,0,
backbone,RAPCID_backbone_rapcid_backbone_95_model_5.cif.gz,/scratch/a2149a01/RAPCID_2610_output/backbone/RAPCID_backbone_rapcid_backbone_95_model_5.cif.gz,A,B,27,25,4.049,2.569,3.285,7,5,22,16,0.5789,138.15,chain1_E_chain2_F,1,0,0,3,1,3,0,0,0,0,13,13,2,0,1,1,1,1,1,0,0,pass_conserved_motif,0.6732,0,
backbone,RAPCID_backbone_rapcid_backbone_95_model_6.cif.gz,/scratch/a2149a01/RAPCID_2610_output/backbone/RAPCID_backbone_rapcid_backbone_95_model_6.cif.gz,A,B,27,25,7.394,2.191,3.544,5,6,15,18,0.4545,150.13,chain1_E_chain2_F,1,0,0,3,1,3,0,0,0,0,12,13,1,0,1,1,1,1,1,0,0,pass_conserved_motif,0.72653,0,
backbone,RAPCID_backbone_rapcid_backbone_95_model_7.cif.gz,/scratch/a2149a01/RAPCID_2610_output/backbone/RAPCID_backbone_rapcid_backbone_95_model_7.cif.gz,A,B,27,25,5.488,2.987,3.56,6,5,14,14,0.5,141.03,chain1_E_chain2_F,1,0,0,3,1,3,0,0,0,0,13,13,1,0,1,1,1,1,1,0,0,pass_conserved_motif,0.71438,0,
backbone,RAPCID_backbone_rapcid_backbone_96_model_0.cif.gz,/scratch/a2149a01/RAPCID_2610_output/backbone/RAPCID_backbone_rapcid_backbone_96_model_0.cif.gz,B,A,28,22,12.728,3.475,3.726,5,2,14,2,0.875,162.46,chain1_F_chain2_E,0,3,1,0,3,1,0,0,0,0,15,10,0,1,1,0,1,1,1,0,0,pass_dual_rap_contact;pass_conserved_motif,0.61277,0,
backbone,RAPCID_backbone_rapcid_backbone_96_model_1.cif.gz,/scratch/a2149a01/RAPCID_2610_output/backbone/RAPCID_backbone_rapcid_backbone_96_model_1.cif.gz,B,A,28,22,15.304,3.489,5.676,5,0,20,0,1.0,nan,chain1_F_chain2_E,0,3,0,0,3,0,0,0,0,0,16,4,0,1,1,0,0,0,1,0,0,pass_dual_rap_contact;pass_contact_balance;pass_face_angle;pass_conserved_motif,0.24571,0,
backbone,RAPCID_backbone_rapcid_backbone_96_model_2.cif.gz,/scratch/a2149a01/RAPCID_2610_output/backbone/RAPCID_backbone_rapcid_backbone_96_model_2.cif.gz,B,A,28,22,13.498,3.136,3.17,6,3,17,9,0.6538,151.71,chain1_F_chain2_E,0,3,2,0,3,2,0,0,0,0,16,9,0,1,1,1,1,1,1,0,0,pass_conserved_motif,0.71701,0,
backbone,RAPCID_backbone_rapcid_backbone_96_model_3.cif.gz,/scratch/a2149a01/RAPCID_2610_output/backbone/RAPCID_backbone_rapcid_backbone_96_model_3.cif.gz,B,A,28,22,8.676,3.076,3.602,6,3,24,8,0.75,136.74,chain1_F_chain2_E,0,3,1,0,3,1,1,0,0,0,17,8,2,1,1,1,1,1,1,1,1,,0.62867,1,439
backbone,RAPCID_backbone_rapcid_backbone_96_model_4.cif.gz,/scratch/a2149a01/RAPCID_2610_output/backbone/RAPCID_backbone_rapcid_backbone_96_model_4.cif.gz,B,A,28,22,5.435,3.446,2.464,6,5,22,15,0.5946,142.19,chain1_F_chain2_E,0,3,1,0,3,1,0,0,0,0,16,10,0,2,1,1,1,1,1,0,0,pass_conserved_motif,0.6804,0,
backbone,RAPCID_backbone_rapcid_backbone_96_model_5.cif.gz,/scratch/a2149a01/RAPCID_2610_output/backbone/RAPCID_backbone_rapcid_backbone_96_model_5.cif.gz,B,A,28,22,13.029,3.727,3.017,5,4,9,13,0.4091,166.76,chain1_F_chain2_E,0,3,2,0,3,2,0,0,0,0,14,9,0,1,1,1,1,1,1,0,0,pass_conserved_motif,0.74063,0,
backbone,RAPCID_backbone_rapcid_backbone_96_model_6.cif.gz,/scratch/a2149a01/RAPCID_2610_output/backbone/RAPCID_backbone_rapcid_backbone_96_model_6.cif.gz,B,A,28,22,7.296,3.394,2.474,4,6,13,15,0.4643,126.88,chain1_F_chain2_E,0,2,2,0,2,2,1,0,0,0,16,10,0,1,1,1,1,1,1,0,0,pass_conserved_motif,0.68152,0,
backbone,RAPCID_backbone_rapcid_backbone_96_model_7.cif.gz,/scratch/a2149a01/RAPCID_2610_output/backbone/RAPCID_backbone_rapcid_backbone_96_model_7.cif.gz,B,A,28,22,5.37,3.285,2.796,5,4,22,21,0.5116,124.86,chain1_F_chain2_E,0,3,2,0,3,2,0,0,0,0,16,10,0,2,1,1,1,1,1,0,0,pass_conserved_motif,0.68439,0,
backbone,RAPCID_backbone_rapcid_backbone_97_model_0.cif.gz,/scratch/a2149a01/RAPCID_2610_output/backbone/RAPCID_backbone_rapcid_backbone_97_model_0.cif.gz,A,B,34,26,2.837,2.651,2.975,4,8,11,21,0.3438,122.24,chain1_E_chain2_F,3,0,1,2,3,2,0,29,0,2,14,11,1,0,1,1,1,1,1,0,0,pass_conserved_motif,0.59117,0,
backbone,RAPCID_backbone_rapcid_backbone_97_model_1.cif.gz,/scratch/a2149a01/RAPCID_2610_output/backbone/RAPCID_backbone_rapcid_backbone_97_model_1.cif.gz,A,B,34,26,2.598,3.349,3.396,4,6,8,17,0.32,155.35,chain1_E_chain2_F,2,0,0,3,2,3,0,2,0,1,10,16,1,0,1,1,1,1,1,0,0,pass_conserved_motif,0.74537,0,
backbone,RAPCID_backbone_rapcid_backbone_97_model_2.cif.gz,/scratch/a2149a01/RAPCID_2610_output/backbone/RAPCID_backbone_rapcid_backbone_97_model_2.cif.gz,A,B,34,26,10.054,2.79,3.415,3,5,6,12,0.3333,153.85,chain1_E_chain2_F,1,0,0,3,1,3,0,0,0,0,9,14,2,0,1,1,1,1,1,0,0,pass_conserved_motif,0.69046,0,
backbone,RAPCID_backbone_rapcid_backbone_97_model_3.cif.gz,/scratch/a2149a01/RAPCID_2610_output/backbone/RAPCID_backbone_rapcid_backbone_97_model_3.cif.gz,A,B,34,26,6.763,2.621,3.259,6,5,12,19,0.3871,152.88,chain1_E_chain2_F,1,0,0,3,1,3,0,0,0,0,13,15,1,0,1,1,1,1,1,0,0,pass_conserved_motif,0.70874,0,
backbone,RAPCID_backbone_rapcid_backbone_97_model_4.cif.gz,/scratch/a2149a01/RAPCID_2610_output/backbone/RAPCID_backbone_rapcid_backbone_97_model_4.cif.gz,A,B,34,26,8.391,2.677,2.98,5,5,18,19,0.4865,170.69,chain1_E_chain2_F,1,0,0,3,1,3,0,0,0,0,9,16,1,0,1,1,1,1,1,0,0,pass_conserved_motif,0.72991,0,
backbone,RAPCID_backbone_rapcid_backbone_97_model_5.cif.gz,/scratch/a2149a01/RAPCID_2610_output/backbone/RAPCID_backbone_rapcid_backbone_97_model_5.cif.gz,A,B,34,26,3.846,3.388,3.112,3,7,8,23,0.2581,125.77,chain1_E_chain2_F,2,0,0,3,2,3,0,1,1,1,9,18,1,1,1,1,1,1,1,1,1,,0.63366,1,420
backbone,RAPCID_backbone_rapcid_backbone_97_model_6.cif.gz,/scratch/a2149a01/RAPCID_2610_output/backbone/RAPCID_backbone_rapcid_backbone_97_model_6.cif.gz,A,B,34,26,2.4,2.885,3.397,5,4,14,10,0.5833,130.0,chain1_E_chain2_F,1,0,0,3,1,3,0,2,0,0,11,12,2,0,1,1,1,1,1,0,0,pass_conserved_motif,0.6543,0,
backbone,RAPCID_backbone_rapcid_backbone_97_model_7.cif.gz,/scratch/a2149a01/RAPCID_2610_output/backbone/RAPCID_backbone_rapcid_backbone_97_model_7.cif.gz,A,B,34,26,8.029,2.913,3.382,3,5,9,23,0.2812,159.75,chain1_E_chain2_F,1,0,0,3,1,3,0,0,0,0,6,16,1,0,1,1,1,1,1,0,0,pass_conserved_motif,0.68429,0,
backbone,RAPCID_backbone_rapcid_backbone_98_model_0.cif.gz,/scratch/a2149a01/RAPCID_2610_output/backbone/RAPCID_backbone_rapcid_backbone_98_model_0.cif.gz,B,A,34,26,7.198,3.367,3.149,5,3,14,7,0.6667,125.99,chain1_F_chain2_E,0,3,1,0,3,1,0,0,0,0,11,9,0,1,1,1,1,1,1,0,0,pass_conserved_motif,0.5976,0,
backbone,RAPCID_backbone_rapcid_backbone_98_model_1.cif.gz,/scratch/a2149a01/RAPCID_2610_output/backbone/RAPCID_backbone_rapcid_backbone_98_model_1.cif.gz,B,A,34,26,9.709,3.439,2.923,4,4,9,11,0.45,139.91,chain1_F_chain2_E,0,2,1,0,2,1,0,0,0,0,10,10,0,1,1,1,1,1,1,0,0,pass_conserved_motif,0.66209,0,
backbone,RAPCID_backbone_rapcid_backbone_98_model_2.cif.gz,/scratch/a2149a01/RAPCID_2610_output/backbone/RAPCID_backbone_rapcid_backbone_98_model_2.cif.gz,B,A,34,26,3.0,2.775,3.144,5,4,17,10,0.6296,109.04,chain1_F_chain2_E,1,2,1,0,2,1,0,5,1,0,10,8,0,1,1,1,1,1,1,0,0,pass_conserved_motif,0.569,0,
backbone,RAPCID_backbone_rapcid_backbone_98_model_3.cif.gz,/scratch/a2149a01/RAPCID_2610_output/backbone/RAPCID_backbone_rapcid_backbone_98_model_3.cif.gz,B,A,34,26,3.483,3.013,2.96,6,5,12,21,0.3636,124.03,chain1_F_chain2_E,0,3,2,0,3,2,0,1,1,1,11,10,0,1,1,1,1,1,1,0,0,pass_conserved_motif,0.67006,0,
backbone,RAPCID_backbone_rapcid_backbone_98_model_4.cif.gz,/scratch/a2149a01/RAPCID_2610_output/backbone/RAPCID_backbone_rapcid_backbone_98_model_4.cif.gz,B,A,34,26,5.293,3.014,3.052,5,5,14,12,0.5385,126.83,chain1_F_chain2_E,0,2,3,0,2,3,0,0,0,0,17,10,0,1,1,1,1,1,1,0,0,pass_conserved_motif,0.68024,0,
backbone,RAPCID_backbone_rapcid_backbone_98_model_5.cif.gz,/scratch/a2149a01/RAPCID_2610_output/backbone/RAPCID_backbone_rapcid_backbone_98_model_5.cif.gz,B,A,34,26,3.562,2.332,2.463,5,5,19,13,0.5938,119.4,chain1_F_chain2_E,0,2,1,0,2,1,0,3,1,1,10,10,0,1,1,1,1,1,1,0,0,pass_conserved_motif,0.62456,0,
backbone,RAPCID_backbone_rapcid_backbone_98_model_6.cif.gz,/scratch/a2149a01/RAPCID_2610_output/backbone/RAPCID_backbone_rapcid_backbone_98_model_6.cif.gz,B,A,34,26,5.677,3.533,2.772,5,5,12,18,0.4,142.94,chain1_F_chain2_E,0,3,1,0,3,1,0,0,0,0,14,10,0,1,1,1,1,1,1,0,0,pass_conserved_motif,0.68075,0,
backbone,RAPCID_backbone_rapcid_backbone_98_model_7.cif.gz,/scratch/a2149a01/RAPCID_2610_output/backbone/RAPCID_backbone_rapcid_backbone_98_model_7.cif.gz,B,A,34,26,8.457,3.546,2.889,5,5,10,17,0.3704,133.47,chain1_F_chain2_E,0,2,3,0,2,3,0,0,0,0,8,10,0,2,1,1,1,1,1,0,0,pass_conserved_motif,0.66591,0,
backbone,RAPCID_backbone_rapcid_backbone_99_model_0.cif.gz,/scratch/a2149a01/RAPCID_2610_output/backbone/RAPCID_backbone_rapcid_backbone_99_model_0.cif.gz,A,B,34,29,11.786,2.613,3.296,2,5,8,15,0.3478,176.46,chain1_E_chain2_F,1,0,0,3,1,3,0,0,0,0,9,16,1,1,1,1,1,1,1,1,1,,0.65522,1,358
backbone,RAPCID_backbone_rapcid_backbone_99_model_1.cif.gz,/scratch/a2149a01/RAPCID_2610_output/backbone/RAPCID_backbone_rapcid_backbone_99_model_1.cif.gz,A,B,34,29,12.329,2.836,3.305,3,5,7,16,0.3043,166.93,chain1_E_chain2_F,1,0,0,3,1,3,0,0,0,0,12,16,1,0,1,1,1,1,1,0,0,pass_conserved_motif,0.66959,0,
backbone,RAPCID_backbone_rapcid_backbone_99_model_2.cif.gz,/scratch/a2149a01/RAPCID_2610_output/backbone/RAPCID_backbone_rapcid_backbone_99_model_2.cif.gz,A,B,34,29,2.539,2.844,3.486,6,5,12,19,0.3871,139.84,chain1_E_chain2_F,1,0,0,3,1,3,0,6,0,1,12,15,1,0,1,1,1,1,1,0,0,pass_conserved_motif,0.71193,0,
backbone,RAPCID_backbone_rapcid_backbone_99_model_3.cif.gz,/scratch/a2149a01/RAPCID_2610_output/backbone/RAPCID_backbone_rapcid_backbone_99_model_3.cif.gz,A,B,34,29,3.477,2.933,3.579,7,5,14,15,0.4828,132.0,chain1_E_chain2_F,1,0,0,3,1,3,0,6,1,0,10,15,1,1,1,1,1,1,1,1,1,,0.72405,1,127
backbone,RAPCID_backbone_rapcid_backbone_99_model_4.cif.gz,/scratch/a2149a01/RAPCID_2610_output/backbone/RAPCID_backbone_rapcid_backbone_99_model_4.cif.gz,A,B,34,29,6.593,2.523,3.487,5,5,20,17,0.5405,134.33,chain1_E_chain2_F,2,0,0,3,2,3,0,0,0,0,10,15,1,0,1,1,1,1,1,0,0,pass_conserved_motif,0.70441,0,
backbone,RAPCID_backbone_rapcid_backbone_99_model_5.cif.gz,/scratch/a2149a01/RAPCID_2610_output/backbone/RAPCID_backbone_rapcid_backbone_99_model_5.cif.gz,A,B,34,29,2.826,2.866,2.821,4,6,11,10,0.5238,138.95,chain1_E_chain2_F,2,0,1,3,2,3,1,8,0,0,12,11,1,0,1,1,1,1,1,0,0,pass_conserved_motif,0.79506,0,
backbone,RAPCID_backbone_rapcid_backbone_99_model_6.cif.gz,/scratch/a2149a01/RAPCID_2610_output/backbone/RAPCID_backbone_rapcid_backbone_99_model_6.cif.gz,A,B,34,29,3.652,2.688,3.571,6,6,14,21,0.4,151.62,chain1_E_chain2_F,1,0,0,3,1,3,0,1,0,0,10,16,1,0,1,1,1,1,1,0,0,pass_conserved_motif,0.71468,0,
backbone,RAPCID_backbone_rapcid_backbone_99_model_7.cif.gz,/scratch/a2149a01/RAPCID_2610_output/backbone/RAPCID_backbone_rapcid_backbone_99_model_7.cif.gz,A,B,34,29,3.418,2.176,3.255,8,5,17,18,0.4857,136.98,chain1_E_chain2_F,1,0,0,3,1,3,0,1,0,1,12,15,1,0,1,1,1,1,1,0,0,pass_conserved_motif,0.71683,0,
backbone,RAPCID_backbone_rapcid_backbone_9_model_0.cif.gz,/scratch/a2149a01/RAPCID_2610_output/backbone/RAPCID_backbone_rapcid_backbone_9_model_0.cif.gz,B,A,40,26,14.198,3.586,3.273,5,2,8,7,0.5333,168.93,chain1_F_chain2_E,0,3,1,0,3,1,0,0,0,0,14,8,0,2,1,1,1,1,1,0,0,pass_conserved_motif,0.72786,0,
backbone,RAPCID_backbone_rapcid_backbone_9_model_1.cif.gz,/scratch/a2149a01/RAPCID_2610_output/backbone/RAPCID_backbone_rapcid_backbone_9_model_1.cif.gz,B,A,40,26,13.113,2.795,3.266,5,3,17,7,0.7083,158.98,chain1_F_chain2_E,0,3,1,0,3,1,0,0,0,0,15,9,0,1,1,1,1,1,1,0,0,pass_conserved_motif,0.69087,0,
backbone,RAPCID_backbone_rapcid_backbone_9_model_2.cif.gz,/scratch/a2149a01/RAPCID_2610_output/backbone/RAPCID_backbone_rapcid_backbone_9_model_2.cif.gz,B,A,40,26,11.756,3.158,3.095,5,3,17,6,0.7391,164.4,chain1_F_chain2_E,0,3,1,0,3,1,0,0,0,0,16,7,0,1,1,1,1,1,1,0,0,pass_conserved_motif,0.66063,0,
backbone,RAPCID_backbone_rapcid_backbone_9_model_3.cif.gz,/scratch/a2149a01/RAPCID_2610_output/backbone/RAPCID_backbone_rapcid_backbone_9_model_3.cif.gz,B,A,40,26,10.113,3.763,2.835,6,4,9,11,0.45,144.15,chain1_F_chain2_E,0,3,2,0,3,2,1,0,0,0,17,8,0,1,1,1,1,1,1,0,0,pass_conserved_motif,0.76192,0,
backbone,RAPCID_backbone_rapcid_backbone_9_model_4.cif.gz,/scratch/a2149a01/RAPCID_2610_output/backbone/RAPCID_backbone_rapcid_backbone_9_model_4.cif.gz,B,A,40,26,11.805,3.498,3.449,6,4,12,8,0.6,156.27,chain1_F_chain2_E,0,3,2,0,3,2,0,0,0,0,14,9,0,1,1,1,1,1,1,0,0,pass_conserved_motif,0.75374,0,
backbone,RAPCID_backbone_rapcid_backbone_9_model_5.cif.gz,/scratch/a2149a01/RAPCID_2610_output/backbone/RAPCID_backbone_rapcid_backbone_9_model_5.cif.gz,B,A,40,26,9.981,3.46,2.65,7,4,18,11,0.6207,140.28,chain1_F_chain2_E,0,3,2,0,3,2,0,0,0,0,17,9,0,1,1,1,1,1,1,0,0,pass_conserved_motif,0.69219,0,
backbone,RAPCID_backbone_rapcid_backbone_9_model_6.cif.gz,/scratch/a2149a01/RAPCID_2610_output/backbone/RAPCID_backbone_rapcid_backbone_9_model_6.cif.gz,B,A,40,26,13.123,3.618,3.369,6,3,17,4,0.8095,166.0,chain1_F_chain2_E,0,3,1,0,3,1,0,0,0,0,15,9,0,1,1,1,1,1,1,0,0,pass_conserved_motif,0.62715,0,
backbone,RAPCID_backbone_rapcid_backbone_9_model_7.cif.gz,/scratch/a2149a01/RAPCID_2610_output/backbone/RAPCID_backbone_rapcid_backbone_9_model_7.cif.gz,B,A,40,26,4.266,3.376,3.259,5,3,18,7,0.72,111.02,chain1_F_chain2_E,0,3,1,0,3,1,1,0,0,0,16,9,0,1,1,1,1,1,1,0,0,pass_conserved_motif,0.55494,0,
