group,backbone,pdb,fasta,rap_sasa_isolated_A2,rap_sasa_complex_A2,rap_sasa_burial_fraction,rap_atom_buried_fraction,target_buried_atom_fraction,target_buried_mean_rasa,target_partial_atom_fraction,target_partial_mean_rasa,target_exposed_atom_fraction,target_exposed_mean_rasa,target_exposed_preserved_fraction,burial_score_raw
backbone_long,RAPCID_backbone_rapcid_backbone_71_model_3,/scratch/a2149a01/RAPCID_2610_output/ligandmpnn_inputs/backbone_long/RAPCID_backbone_rapcid_backbone_71_model_3.pdb,/scratch/a2149a01/RAPCID_2610_output/ligandmpnn/seqs/RAPCID_backbone_rapcid_backbone_71_model_3.fa,1040.9532422423363,376.09869730472565,0.6386977992454641,0.5535714285714286,0.7037037037037037,0.20990189037653367,0.14285714285714285,0.7092847263883362,0.0,0.792035374198921,1.0,0.5313624223588715
backbone_long,RAPCID_backbone_rapcid_backbone_129_model_1,/scratch/a2149a01/RAPCID_2610_output/ligandmpnn_inputs/backbone_long/RAPCID_backbone_rapcid_backbone_129_model_1.pdb,/scratch/a2149a01/RAPCID_2610_output/ligandmpnn/seqs/RAPCID_backbone_rapcid_backbone_129_model_1.fa,1043.7606514841318,423.8232298195362,0.5939459595292287,0.4909090909090909,0.5925925925925926,0.258023142384735,0.2857142857142857,0.515389868493174,0.0,0.6712389194719524,0.5,0.47889184340431457
backbone,RAPCID_backbone_rapcid_backbone_216_model_0,/scratch/a2149a01/RAPCID_2610_output/ligandmpnn_inputs/backbone/RAPCID_backbone_rapcid_backbone_216_model_0.pdb,/scratch/a2149a01/RAPCID_2610_output/ligandmpnn/seqs/RAPCID_backbone_rapcid_backbone_216_model_0.fa,1044.7282166332006,468.691207870841,0.551374988816449,0.43859649122807015,0.5185185185185185,0.3472897853088716,0.14285714285714285,0.6923687103775938,0.0,0.9421052463530784,1.0,0.4355456455521974
backbone_long,RAPCID_backbone_rapcid_backbone_209_model_5,/scratch/a2149a01/RAPCID_2610_output/ligandmpnn_inputs/backbone_long/RAPCID_backbone_rapcid_backbone_209_model_5.pdb,/scratch/a2149a01/RAPCID_2610_output/ligandmpnn/seqs/RAPCID_backbone_rapcid_backbone_209_model_5.fa,1041.38606120646,467.62178072333336,0.55096212812606,0.48214285714285715,0.6666666666666666,0.2880785028943955,0.14285714285714285,0.6739671947356058,0.0,0.5688980922703346,1.0,0.4684686719424413
backbone_long,RAPCID_backbone_rapcid_backbone_1_model_2,/scratch/a2149a01/RAPCID_2610_output/ligandmpnn_inputs/backbone_long/RAPCID_backbone_rapcid_backbone_1_model_2.pdb,/scratch/a2149a01/RAPCID_2610_output/ligandmpnn/seqs/RAPCID_backbone_rapcid_backbone_1_model_2.fa,1041.7405322045088,468.88424077630043,0.5499030456422218,0.48214285714285715,0.6666666666666666,0.23118934083381568,0.14285714285714285,0.774176666305487,0.0,0.8185840644433929,1.0,0.4679920848247141
backbone,RAPCID_backbone_rapcid_backbone_172_model_3,/scratch/a2149a01/RAPCID_2610_output/ligandmpnn_inputs/backbone/RAPCID_backbone_rapcid_backbone_172_model_3.pdb,/scratch/a2149a01/RAPCID_2610_output/ligandmpnn/seqs/RAPCID_backbone_rapcid_backbone_172_model_3.fa,1041.986244007945,472.2643422782421,0.5467652812174351,0.4074074074074074,0.5185185185185185,0.3604209519388479,0.2857142857142857,0.7035032211468418,0.0,0.8737863755184689,1.0,0.4256740061774754
backbone_long,RAPCID_backbone_rapcid_backbone_209_model_2,/scratch/a2149a01/RAPCID_2610_output/ligandmpnn_inputs/backbone_long/RAPCID_backbone_rapcid_backbone_209_model_2.pdb,/scratch/a2149a01/RAPCID_2610_output/ligandmpnn/seqs/RAPCID_backbone_rapcid_backbone_209_model_2.fa,1041.38606120646,479.85500252246857,0.53921507076199,0.4107142857142857,0.6296296296296297,0.30545158557731883,0.14285714285714285,0.662286511985376,0.0,0.7616822409882196,1.0,0.4397697977159114
backbone_long,RAPCID_backbone_rapcid_backbone_167_model_6,/scratch/a2149a01/RAPCID_2610_output/ligandmpnn_inputs/backbone_long/RAPCID_backbone_rapcid_backbone_167_model_6.pdb,/scratch/a2149a01/RAPCID_2610_output/ligandmpnn/seqs/RAPCID_backbone_rapcid_backbone_167_model_6.fa,1042.0449339598417,480.2204974293709,0.5391556719109029,0.3333333333333333,0.4444444444444444,0.320452201637496,0.14285714285714285,0.6690221548346178,0.0,0.724299056640655,0.5,0.39262005235990627
backbone_long,RAPCID_backbone_rapcid_backbone_80_model_2,/scratch/a2149a01/RAPCID_2610_output/ligandmpnn_inputs/backbone_long/RAPCID_backbone_rapcid_backbone_80_model_2.pdb,/scratch/a2149a01/RAPCID_2610_output/ligandmpnn/seqs/RAPCID_backbone_rapcid_backbone_80_model_2.fa,1042.5471244752407,491.16714203357697,0.5288777547769816,0.4444444444444444,0.48148148148148145,0.38864377291013674,0.2857142857142857,0.6399533931672851,0.0,0.8453608176199285,1.0,0.42132832298297507
backbone_long,RAPCID_backbone_rapcid_backbone_125_model_6,/scratch/a2149a01/RAPCID_2610_output/ligandmpnn_inputs/backbone_long/RAPCID_backbone_rapcid_backbone_125_model_6.pdb,/scratch/a2149a01/RAPCID_2610_output/ligandmpnn/seqs/RAPCID_backbone_rapcid_backbone_125_model_6.fa,1044.716412499547,494.67507606744766,0.5264982246388685,0.43859649122807015,0.48148148148148145,0.3466322232096097,0.14285714285714285,0.6506688393080944,0.5,0.5854381385267543,0.5,0.41879554611673064
backbone_long,RAPCID_backbone_rapcid_backbone_149_model_0,/scratch/a2149a01/RAPCID_2610_output/ligandmpnn_inputs/backbone_long/RAPCID_backbone_rapcid_backbone_149_model_0.pdb,/scratch/a2149a01/RAPCID_2610_output/ligandmpnn/seqs/RAPCID_backbone_rapcid_backbone_149_model_0.fa,1036.697216540575,493.8841896057129,0.5235984222531354,0.36363636363636365,0.5185185185185185,0.3690579008471293,0.14285714285714285,0.7909138860029769,0.0,0.7710280535566881,1.0,0.4043061587007796
backbone_long,RAPCID_backbone_rapcid_backbone_212_model_6,/scratch/a2149a01/RAPCID_2610_output/ligandmpnn_inputs/backbone_long/RAPCID_backbone_rapcid_backbone_212_model_6.pdb,/scratch/a2149a01/RAPCID_2610_output/ligandmpnn/seqs/RAPCID_backbone_rapcid_backbone_212_model_6.fa,1040.0336503088474,496.8282396644354,0.5222959954065931,0.45454545454545453,0.5185185185185185,0.34040439376388026,0.14285714285714285,0.597804210311808,0.0,0.6044317717846273,0.5,0.4264473393471083
backbone_long,RAPCID_backbone_rapcid_backbone_88_model_2,/scratch/a2149a01/RAPCID_2610_output/ligandmpnn_inputs/backbone_long/RAPCID_backbone_rapcid_backbone_88_model_2.pdb,/scratch/a2149a01/RAPCID_2610_output/ligandmpnn/seqs/RAPCID_backbone_rapcid_backbone_88_model_2.fa,1037.9434366375208,497.27009600400925,0.520908289940206,0.41818181818181815,0.48148148148148145,0.3368586274719219,0.2857142857142857,0.7064074882033509,0.0,0.7606382803089042,1.0,0.4111764072407694
backbone_denovo,RAPCID_backbone_rapcid_backbone_124_model_1,/scratch/a2149a01/RAPCID_2610_output/ligandmpnn_inputs/backbone_denovo/RAPCID_backbone_rapcid_backbone_124_model_1.pdb,/scratch/a2149a01/RAPCID_2610_output/ligandmpnn/seqs/RAPCID_backbone_rapcid_backbone_124_model_1.fa,1043.25877353549,502.6626492291689,0.518180280884962,0.4,0.5925925925925926,0.32110566723760925,0.0,0.7621102801180186,0.0,0.9302325721683649,1.0,0.42207001528712185
backbone_long,RAPCID_backbone_rapcid_backbone_231_model_1,/scratch/a2149a01/RAPCID_2610_output/ligandmpnn_inputs/backbone_long/RAPCID_backbone_rapcid_backbone_231_model_1.pdb,/scratch/a2149a01/RAPCID_2610_output/ligandmpnn/seqs/RAPCID_backbone_rapcid_backbone_231_model_1.fa,1045.6712324172258,505.9711990952492,0.5161278388374319,0.3333333333333333,0.4074074074074074,0.43505757889913543,0.2857142857142857,0.6196864204610019,0.0,0.7375168868733105,1.0,0.3767019719212888
backbone_long,RAPCID_backbone_rapcid_backbone_29_model_1,/scratch/a2149a01/RAPCID_2610_output/ligandmpnn_inputs/backbone_long/RAPCID_backbone_rapcid_backbone_29_model_1.pdb,/scratch/a2149a01/RAPCID_2610_output/ligandmpnn/seqs/RAPCID_backbone_rapcid_backbone_29_model_1.fa,1039.9997865110636,507.31403236091137,0.5121979456718719,0.4727272727272727,0.5925925925925926,0.30650590708179676,0.14285714285714285,0.8055120507345418,0.0,0.7157894553161555,0.5,0.4375597826230494
backbone_long,RAPCID_backbone_rapcid_backbone_92_model_6,/scratch/a2149a01/RAPCID_2610_output/ligandmpnn_inputs/backbone_long/RAPCID_backbone_rapcid_backbone_92_model_6.pdb,/scratch/a2149a01/RAPCID_2610_output/ligandmpnn/seqs/RAPCID_backbone_rapcid_backbone_92_model_6.fa,1036.697216540575,511.8453880697489,0.5062730179041472,0.34545454545454546,0.4444444444444444,0.3586391328725953,0.14285714285714285,0.77523140771253,0.0,0.7943925190515498,1.0,0.38085316108716927
backbone,RAPCID_backbone_rapcid_backbone_132_model_2,/scratch/a2149a01/RAPCID_2610_output/ligandmpnn_inputs/backbone/RAPCID_backbone_rapcid_backbone_132_model_2.pdb,/scratch/a2149a01/RAPCID_2610_output/ligandmpnn/seqs/RAPCID_backbone_rapcid_backbone_132_model_2.fa,1040.5116156488657,518.0820304453373,0.5020891428278194,0.38596491228070173,0.4074074074074074,0.42365069066546146,0.14285714285714285,0.6671242326587065,0.0,0.7876106028958076,1.0,0.3835424534538053
backbone_long,RAPCID_backbone_rapcid_backbone_209_model_6,/scratch/a2149a01/RAPCID_2610_output/ligandmpnn_inputs/backbone_long/RAPCID_backbone_rapcid_backbone_209_model_6.pdb,/scratch/a2149a01/RAPCID_2610_output/ligandmpnn/seqs/RAPCID_backbone_rapcid_backbone_209_model_6.fa,1041.38606120646,519.9264610260725,0.5007361050869736,0.4107142857142857,0.4074074074074074,0.4062784831822004,0.14285714285714285,0.7773635945563526,0.0,0.7149532770353413,0.5,0.3891209298288207
backbone_long,RAPCID_backbone_rapcid_backbone_154_model_0,/scratch/a2149a01/RAPCID_2610_output/ligandmpnn_inputs/backbone_long/RAPCID_backbone_rapcid_backbone_154_model_0.pdb,/scratch/a2149a01/RAPCID_2610_output/ligandmpnn/seqs/RAPCID_backbone_rapcid_backbone_154_model_0.fa,1040.0521447360516,523.8536831885576,0.49631978950295497,0.3148148148148148,0.4444444444444444,0.4322890907881352,0.14285714285714285,0.66530853131712,0.0,0.792035374198921,1.0,0.3687142756467001
backbone_long,RAPCID_backbone_rapcid_backbone_66_model_3,/scratch/a2149a01/RAPCID_2610_output/ligandmpnn_inputs/backbone_long/RAPCID_backbone_rapcid_backbone_66_model_3.pdb,/scratch/a2149a01/RAPCID_2610_output/ligandmpnn/seqs/RAPCID_backbone_rapcid_backbone_66_model_3.fa,1036.697216540575,523.3521566987038,0.49517356818501657,0.43636363636363634,0.48148148148148145,0.35448237361748336,0.14285714285714285,0.7490488979851708,0.0,0.6635514067982288,0.5,0.4041412369963887
backbone_long,RAPCID_backbone_rapcid_backbone_229_model_3,/scratch/a2149a01/RAPCID_2610_output/ligandmpnn_inputs/backbone_long/RAPCID_backbone_rapcid_backbone_229_model_3.pdb,/scratch/a2149a01/RAPCID_2610_output/ligandmpnn/seqs/RAPCID_backbone_rapcid_backbone_229_model_3.fa,1040.9144045263529,532.0405167490244,0.48887198175423585,0.2857142857142857,0.4074074074074074,0.41697601880578955,0.14285714285714285,0.6237108045183971,0.0,0.7505976876016287,1.0,0.3525320743290887
backbone,RAPCID_backbone_rapcid_backbone_140_model_4,/scratch/a2149a01/RAPCID_2610_output/ligandmpnn_inputs/backbone/RAPCID_backbone_rapcid_backbone_140_model_4.pdb,/scratch/a2149a01/RAPCID_2610_output/ligandmpnn/seqs/RAPCID_backbone_rapcid_backbone_140_model_4.fa,1043.2813202440739,534.3942023664713,0.487775548170027,0.3392857142857143,0.5185185185185185,0.38022528927649474,0.0,0.6366667976790731,0.0,0.6521279837051714,0.5,0.3820982030257185
backbone,RAPCID_backbone_rapcid_backbone_1_model_2,/scratch/a2149a01/RAPCID_2610_output/ligandmpnn_inputs/backbone/RAPCID_backbone_rapcid_backbone_1_model_2.pdb,/scratch/a2149a01/RAPCID_2610_output/ligandmpnn/seqs/RAPCID_backbone_rapcid_backbone_1_model_2.fa,1041.905931726098,536.1653040796518,0.4853995089639226,0.38181818181818183,0.4444444444444444,0.41653164938308934,0.14285714285714285,0.5868539191708494,0.0,0.6562500160738307,0.5,0.38055099115497726
backbone,RAPCID_backbone_rapcid_backbone_174_model_3,/scratch/a2149a01/RAPCID_2610_output/ligandmpnn_inputs/backbone/RAPCID_backbone_rapcid_backbone_174_model_3.pdb,/scratch/a2149a01/RAPCID_2610_output/ligandmpnn/seqs/RAPCID_backbone_rapcid_backbone_174_model_3.fa,1044.7282166332006,539.0018480867147,0.4840745760426265,0.3684210526315789,0.4074074074074074,0.4208117420658076,0.42857142857142855,0.649524921263329,0.0,0.8789473805361528,1.0,0.37104993348818777
backbone,RAPCID_backbone_rapcid_backbone_154_model_0,/scratch/a2149a01/RAPCID_2610_output/ligandmpnn_inputs/backbone/RAPCID_backbone_rapcid_backbone_154_model_0.pdb,/scratch/a2149a01/RAPCID_2610_output/ligandmpnn/seqs/RAPCID_backbone_rapcid_backbone_154_model_0.fa,1043.2759249210358,541.4074309468269,0.48105058497558506,0.35714285714285715,0.4444444444444444,0.4001491761093167,0.14285714285714285,0.7856415292712332,0.5,0.537634407913989,0.5,0.3724251441913942
backbone,RAPCID_backbone_rapcid_backbone_103_model_4,/scratch/a2149a01/RAPCID_2610_output/ligandmpnn_inputs/backbone/RAPCID_backbone_rapcid_backbone_103_model_4.pdb,/scratch/a2149a01/RAPCID_2610_output/ligandmpnn/seqs/RAPCID_backbone_rapcid_backbone_103_model_4.fa,1036.4461232870817,541.0203506201506,0.47800436659041357,0.2777777777777778,0.3333333333333333,0.41893962194115497,0.2857142857142857,0.6846981131805098,0.0,0.8317757033991144,1.0,0.33454640941013053
backbone,RAPCID_backbone_rapcid_backbone_138_model_7,/scratch/a2149a01/RAPCID_2610_output/ligandmpnn_inputs/backbone/RAPCID_backbone_rapcid_backbone_138_model_7.pdb,/scratch/a2149a01/RAPCID_2610_output/ligandmpnn/seqs/RAPCID_backbone_rapcid_backbone_138_model_7.fa,1039.1037267744541,542.7821923941374,0.4776438786539424,0.32142857142857145,0.4444444444444444,0.41347905917357003,0.2857142857142857,0.6141290722547568,0.0,0.7442704815379992,1.0,0.36196355491808363
backbone_long,RAPCID_backbone_rapcid_backbone_129_model_4,/scratch/a2149a01/RAPCID_2610_output/ligandmpnn_inputs/backbone_long/RAPCID_backbone_rapcid_backbone_129_model_4.pdb,/scratch/a2149a01/RAPCID_2610_output/ligandmpnn/seqs/RAPCID_backbone_rapcid_backbone_129_model_4.fa,1043.7606514841318,546.3290403783321,0.4765763208246043,0.45454545454545453,0.4074074074074074,0.47060475966888593,0.42857142857142855,0.6415010293301766,0.0,0.8185840644433929,1.0,0.3892068191185467
backbone_long,RAPCID_backbone_rapcid_backbone_166_model_4,/scratch/a2149a01/RAPCID_2610_output/ligandmpnn_inputs/backbone_long/RAPCID_backbone_rapcid_backbone_166_model_4.pdb,/scratch/a2149a01/RAPCID_2610_output/ligandmpnn/seqs/RAPCID_backbone_rapcid_backbone_166_model_4.fa,1041.38606120646,552.4582345932722,0.4694971872839917,0.375,0.5185185185185185,0.3805766101686025,0.14285714285714285,0.6885845892399918,0.5,0.5093457950567926,0.5,0.38280151205557406
backbone_long,RAPCID_backbone_rapcid_backbone_231_model_3,/scratch/a2149a01/RAPCID_2610_output/ligandmpnn_inputs/backbone_long/RAPCID_backbone_rapcid_backbone_231_model_3.pdb,/scratch/a2149a01/RAPCID_2610_output/ligandmpnn/seqs/RAPCID_backbone_rapcid_backbone_231_model_3.fa,1045.6712324172258,555.3844812363386,0.4688727546300723,0.38596491228070173,0.48148148148148145,0.43824325349927484,0.0,0.7484051845040465,0.0,0.7894736939807684,1.0,0.3797061898759302
backbone,RAPCID_backbone_rapcid_backbone_174_model_2,/scratch/a2149a01/RAPCID_2610_output/ligandmpnn_inputs/backbone/RAPCID_backbone_rapcid_backbone_174_model_2.pdb,/scratch/a2149a01/RAPCID_2610_output/ligandmpnn/seqs/RAPCID_backbone_rapcid_backbone_174_model_2.fa,1044.7282166332006,562.4385552108288,0.4616412706614026,0.3157894736842105,0.48148148148148145,0.40686243209703965,0.0,0.7042310617093704,0.0,0.7789473582600008,1.0,0.35890816244090595
backbone_long,RAPCID_backbone_rapcid_backbone_73_model_7,/scratch/a2149a01/RAPCID_2610_output/ligandmpnn_inputs/backbone_long/RAPCID_backbone_rapcid_backbone_73_model_7.pdb,/scratch/a2149a01/RAPCID_2610_output/ligandmpnn/seqs/RAPCID_backbone_rapcid_backbone_73_model_7.fa,1036.4461232870817,560.9779772162437,0.45874854021634437,0.2962962962962963,0.4074074074074074,0.4796884092636863,0.14285714285714285,0.5980347627886934,0.0,0.6915887785773247,0.5,0.3416220282825402
backbone_long,RAPCID_backbone_rapcid_backbone_75_model_7,/scratch/a2149a01/RAPCID_2610_output/ligandmpnn_inputs/backbone_long/RAPCID_backbone_rapcid_backbone_75_model_7.pdb,/scratch/a2149a01/RAPCID_2610_output/ligandmpnn/seqs/RAPCID_backbone_rapcid_backbone_75_model_7.fa,1039.0586096346378,563.3522209227085,0.4578244040335714,0.37037037037037035,0.4074074074074074,0.4234986328541799,0.14285714285714285,0.7938832078072581,0.0,1.0,1.0,0.35972468551881087
backbone_long,RAPCID_backbone_rapcid_backbone_46_model_4,/scratch/a2149a01/RAPCID_2610_output/ligandmpnn_inputs/backbone_long/RAPCID_backbone_rapcid_backbone_46_model_4.pdb,/scratch/a2149a01/RAPCID_2610_output/ligandmpnn/seqs/RAPCID_backbone_rapcid_backbone_46_model_4.fa,1042.416189700365,568.3207242935896,0.4548043958747904,0.39285714285714285,0.48148148148148145,0.4327264980427193,0.2857142857142857,0.6496362306971201,0.0,0.5931701262600654,0.5,0.3750984860801636
backbone_long,RAPCID_backbone_rapcid_backbone_69_model_3,/scratch/a2149a01/RAPCID_2610_output/ligandmpnn_inputs/backbone_long/RAPCID_backbone_rapcid_backbone_69_model_3.pdb,/scratch/a2149a01/RAPCID_2610_output/ligandmpnn/seqs/RAPCID_backbone_rapcid_backbone_69_model_3.fa,1039.1037267744541,566.9815156459808,0.454355228417876,0.30357142857142855,0.4444444444444444,0.4221180803074983,0.14285714285714285,0.6862190211636984,0.0,0.8230088045336107,1.0,0.347019376597568
backbone_long,RAPCID_backbone_rapcid_backbone_196_model_6,/scratch/a2149a01/RAPCID_2610_output/ligandmpnn_inputs/backbone_long/RAPCID_backbone_rapcid_backbone_196_model_6.pdb,/scratch/a2149a01/RAPCID_2610_output/ligandmpnn/seqs/RAPCID_backbone_rapcid_backbone_196_model_6.fa,1041.38606120646,568.3332525789738,0.454253063536733,0.2857142857142857,0.37037037037037035,0.5023241575192563,0.14285714285714285,0.6264110524831003,0.5,0.5420560782706157,0.5,0.3313980055756568
backbone_long,RAPCID_backbone_rapcid_backbone_20_model_6,/scratch/a2149a01/RAPCID_2610_output/ligandmpnn_inputs/backbone_long/RAPCID_backbone_rapcid_backbone_20_model_6.pdb,/scratch/a2149a01/RAPCID_2610_output/ligandmpnn/seqs/RAPCID_backbone_rapcid_backbone_20_model_6.fa,1042.416189700365,569.2291137427092,0.4539329690319469,0.35714285714285715,0.5185185185185185,0.4434038831185014,0.14285714285714285,0.6726552110923227,0.0,0.8505154849096844,1.0,0.3713333281278682
backbone,RAPCID_backbone_rapcid_backbone_197_model_3,/scratch/a2149a01/RAPCID_2610_output/ligandmpnn_inputs/backbone/RAPCID_backbone_rapcid_backbone_197_model_3.pdb,/scratch/a2149a01/RAPCID_2610_output/ligandmpnn/seqs/RAPCID_backbone_rapcid_backbone_197_model_3.fa,1044.3158884495497,573.2714399844408,0.4510555222562477,0.3508771929824561,0.4444444444444444,0.41226698009995716,0.14285714285714285,0.7280805350632621,0.0,0.6690958346325413,0.5,0.35736094992759215
backbone_long,RAPCID_backbone_rapcid_backbone_168_model_0,/scratch/a2149a01/RAPCID_2610_output/ligandmpnn_inputs/backbone_long/RAPCID_backbone_rapcid_backbone_168_model_0.pdb,/scratch/a2149a01/RAPCID_2610_output/ligandmpnn/seqs/RAPCID_backbone_rapcid_backbone_168_model_0.fa,1040.904816493392,572.3663157820702,0.4501261722370907,0.3090909090909091,0.4444444444444444,0.43836563443105864,0.14285714285714285,0.6674288802958357,0.0,0.7547169902353745,1.0,0.34649617144608474
backbone,RAPCID_backbone_rapcid_backbone_6_model_4,/scratch/a2149a01/RAPCID_2610_output/ligandmpnn_inputs/backbone/RAPCID_backbone_rapcid_backbone_6_model_4.pdb,/scratch/a2149a01/RAPCID_2610_output/ligandmpnn/seqs/RAPCID_backbone_rapcid_backbone_6_model_4.fa,1039.6766591370106,571.8509615063667,0.44997230006006406,0.3148148148148148,0.37037037037037035,0.461408956889155,0.14285714285714285,0.6726358228779953,0.5,0.39503279603287195,0.5,0.33674679428628806
backbone_long,RAPCID_backbone_rapcid_backbone_174_model_3,/scratch/a2149a01/RAPCID_2610_output/ligandmpnn_inputs/backbone_long/RAPCID_backbone_rapcid_backbone_174_model_3.pdb,/scratch/a2149a01/RAPCID_2610_output/ligandmpnn/seqs/RAPCID_backbone_rapcid_backbone_174_model_3.fa,1041.8857262581587,573.4530267268419,0.4496008417484053,0.34545454545454546,0.4444444444444444,0.4317319987480883,0.14285714285714285,0.7290564801733177,0.0,0.8203608384640139,1.0,0.3553506818170854
backbone_long,RAPCID_backbone_rapcid_backbone_46_model_0,/scratch/a2149a01/RAPCID_2610_output/ligandmpnn_inputs/backbone_long/RAPCID_backbone_rapcid_backbone_46_model_0.pdb,/scratch/a2149a01/RAPCID_2610_output/ligandmpnn/seqs/RAPCID_backbone_rapcid_backbone_46_model_0.fa,1042.416189700365,573.8244766592979,0.4495245926444795,0.35714285714285715,0.4444444444444444,0.44207806211035044,0.14285714285714285,0.6561586656354207,0.0,0.7989690847227576,1.0,0.3582384476423967
backbone_long,RAPCID_backbone_rapcid_backbone_134_model_6,/scratch/a2149a01/RAPCID_2610_output/ligandmpnn_inputs/backbone_long/RAPCID_backbone_rapcid_backbone_134_model_6.pdb,/scratch/a2149a01/RAPCID_2610_output/ligandmpnn/seqs/RAPCID_backbone_rapcid_backbone_134_model_6.fa,1038.1138966232538,572.5668495893478,0.4484546912898707,0.35714285714285715,0.48148148148148145,0.4417686323972311,0.2857142857142857,0.674494459650993,0.0,0.46424689666219526,0.5,0.3633125475883783
backbone,RAPCID_backbone_rapcid_backbone_12_model_6,/scratch/a2149a01/RAPCID_2610_output/ligandmpnn_inputs/backbone/RAPCID_backbone_rapcid_backbone_12_model_6.pdb,/scratch/a2149a01/RAPCID_2610_output/ligandmpnn/seqs/RAPCID_backbone_rapcid_backbone_12_model_6.fa,1038.5478457212448,573.2891240417957,0.4479896844389859,0.35185185185185186,0.4074074074074074,0.4663791544605164,0.2857142857142857,0.5974601843398906,0.0,0.4416237283891481,0.5,0.3506694320716177
backbone,RAPCID_backbone_rapcid_backbone_127_model_4,/scratch/a2149a01/RAPCID_2610_output/ligandmpnn_inputs/backbone/RAPCID_backbone_rapcid_backbone_127_model_4.pdb,/scratch/a2149a01/RAPCID_2610_output/ligandmpnn/seqs/RAPCID_backbone_rapcid_backbone_127_model_4.fa,1041.905931726098,576.5936954915524,0.44659716589162246,0.32727272727272727,0.4444444444444444,0.4451381559522999,0.0,0.6746532523170421,0.0,0.8593750332957922,1.0,0.3494535731360786
backbone,RAPCID_backbone_rapcid_backbone_200_model_1,/scratch/a2149a01/RAPCID_2610_output/ligandmpnn_inputs/backbone/RAPCID_backbone_rapcid_backbone_200_model_1.pdb,/scratch/a2149a01/RAPCID_2610_output/ligandmpnn/seqs/RAPCID_backbone_rapcid_backbone_200_model_1.fa,1039.6766591370106,576.4983209371567,0.4455022954774398,0.2777777777777778,0.3333333333333333,0.4450852791760674,0.14285714285714285,0.7402989988730627,0.0,0.7502342592965741,1.0,0.31992047740929236
backbone_long,RAPCID_backbone_rapcid_backbone_70_model_4,/scratch/a2149a01/RAPCID_2610_output/ligandmpnn_inputs/backbone_long/RAPCID_backbone_rapcid_backbone_70_model_4.pdb,/scratch/a2149a01/RAPCID_2610_output/ligandmpnn/seqs/RAPCID_backbone_rapcid_backbone_70_model_4.fa,1039.1037267744541,577.2706892937422,0.4444532586889245,0.3392857142857143,0.4074074074074074,0.4171398402227734,0.14285714285714285,0.7194270384964757,0.5,0.39732240822370546,0.5,0.3459365060925557
backbone_denovo,RAPCID_backbone_rapcid_backbone_187_model_1,/scratch/a2149a01/RAPCID_2610_output/ligandmpnn_inputs/backbone_denovo/RAPCID_backbone_rapcid_backbone_187_model_1.pdb,/scratch/a2149a01/RAPCID_2610_output/ligandmpnn/seqs/RAPCID_backbone_rapcid_backbone_187_model_1.fa,1043.25877353549,581.6116667091846,0.44250488808431854,0.3090909090909091,0.37037037037037035,0.5036888338438684,0.14285714285714285,0.6078654988408976,0.5,0.5697674386037724,0.5,0.3319554824662262
backbone_long,RAPCID_backbone_rapcid_backbone_137_model_3,/scratch/a2149a01/RAPCID_2610_output/ligandmpnn_inputs/backbone_long/RAPCID_backbone_rapcid_backbone_137_model_3.pdb,/scratch/a2149a01/RAPCID_2610_output/ligandmpnn/seqs/RAPCID_backbone_rapcid_backbone_137_model_3.fa,1041.5430707782507,581.4719421565533,0.4417206945440365,0.34545454545454546,0.3333333333333333,0.481876305859506,0.2857142857142857,0.6854551164515988,0.0,0.7956989467523536,1.0,0.3351379489084528
backbone,RAPCID_backbone_rapcid_backbone_179_model_7,/scratch/a2149a01/RAPCID_2610_output/ligandmpnn_inputs/backbone/RAPCID_backbone_rapcid_backbone_179_model_7.pdb,/scratch/a2149a01/RAPCID_2610_output/ligandmpnn/seqs/RAPCID_backbone_rapcid_backbone_179_model_7.fa,1039.5288173556328,582.2218796610832,0.4399175184559607,0.30357142857142855,0.37037037037037035,0.42001271194942585,0.0,0.8781627649631975,0.0,1.0,1.0,0.329411296003595
backbone_long,RAPCID_backbone_rapcid_backbone_214_model_4,/scratch/a2149a01/RAPCID_2610_output/ligandmpnn_inputs/backbone_long/RAPCID_backbone_rapcid_backbone_214_model_4.pdb,/scratch/a2149a01/RAPCID_2610_output/ligandmpnn/seqs/RAPCID_backbone_rapcid_backbone_214_model_4.fa,1040.9532422423363,583.3006108701229,0.43964763526397743,0.3392857142857143,0.37037037037037035,0.46612217943012896,0.14285714285714285,0.7314186221111474,0.5,0.5,0.5,0.33821841999577396
backbone_long,RAPCID_backbone_rapcid_backbone_155_model_2,/scratch/a2149a01/RAPCID_2610_output/ligandmpnn_inputs/backbone_long/RAPCID_backbone_rapcid_backbone_155_model_2.pdb,/scratch/a2149a01/RAPCID_2610_output/ligandmpnn/seqs/RAPCID_backbone_rapcid_backbone_155_model_2.fa,1039.6766591370106,583.0458065271378,0.4392046782976755,0.3333333333333333,0.37037037037037035,0.4644218667995705,0.14285714285714285,0.6825365932952424,0.0,0.8069353085925479,1.0,0.3365309941228428
backbone,RAPCID_backbone_rapcid_backbone_239_model_7,/scratch/a2149a01/RAPCID_2610_output/ligandmpnn_inputs/backbone/RAPCID_backbone_rapcid_backbone_239_model_7.pdb,/scratch/a2149a01/RAPCID_2610_output/ligandmpnn/seqs/RAPCID_backbone_rapcid_backbone_239_model_7.fa,1042.3067301809788,584.6214872151613,0.43910801850655634,0.30357142857142855,0.4444444444444444,0.4382293543051635,0.0,0.7972312301745722,0.0,0.7371134044984455,0.5,0.34015813213747415
backbone_long,RAPCID_backbone_rapcid_backbone_246_model_6,/scratch/a2149a01/RAPCID_2610_output/ligandmpnn_inputs/backbone_long/RAPCID_backbone_rapcid_backbone_246_model_6.pdb,/scratch/a2149a01/RAPCID_2610_output/ligandmpnn/seqs/RAPCID_backbone_rapcid_backbone_246_model_6.fa,1042.416189700365,586.5691859871149,0.4372984689006797,0.26785714285714285,0.37037037037037035,0.41225978107165245,0.14285714285714285,0.819028269522306,0.0,0.860824746766361,1.0,0.3193041522751471
backbone,RAPCID_backbone_rapcid_backbone_239_model_1,/scratch/a2149a01/RAPCID_2610_output/ligandmpnn_inputs/backbone/RAPCID_backbone_rapcid_backbone_239_model_1.pdb,/scratch/a2149a01/RAPCID_2610_output/ligandmpnn/seqs/RAPCID_backbone_rapcid_backbone_239_model_1.fa,1042.3067301809788,587.0543196946383,0.43677393353038574,0.32142857142857145,0.4444444444444444,0.4377859653866047,0.14285714285714285,0.783582411852227,0.0,0.726804142641769,0.5,0.3435720796124831
backbone_long,RAPCID_backbone_rapcid_backbone_188_model_0,/scratch/a2149a01/RAPCID_2610_output/ligandmpnn_inputs/backbone_long/RAPCID_backbone_rapcid_backbone_188_model_0.pdb,/scratch/a2149a01/RAPCID_2610_output/ligandmpnn/seqs/RAPCID_backbone_rapcid_backbone_188_model_0.fa,1036.697216540575,584.3714899867773,0.4363142095270536,0.34545454545454546,0.4444444444444444,0.4697612017235585,0.2857142857142857,0.6218949071793686,0.0,0.7757009433593449,1.0,0.34937169731747714
backbone,RAPCID_backbone_rapcid_backbone_2_model_6,/scratch/a2149a01/RAPCID_2610_output/ligandmpnn_inputs/backbone/RAPCID_backbone_rapcid_backbone_2_model_6.pdb,/scratch/a2149a01/RAPCID_2610_output/ligandmpnn/seqs/RAPCID_backbone_rapcid_backbone_2_model_6.fa,1040.0204232484102,587.0728786289692,0.4355179326235731,0.375,0.48148148148148145,0.39824267325924934,0.14285714285714285,0.8270085948383834,0.0,1.0,1.0,0.36195529190283005
backbone_denovo,RAPCID_backbone_rapcid_backbone_144_model_2,/scratch/a2149a01/RAPCID_2610_output/ligandmpnn_inputs/backbone_denovo/RAPCID_backbone_rapcid_backbone_144_model_2.pdb,/scratch/a2149a01/RAPCID_2610_output/ligandmpnn/seqs/RAPCID_backbone_rapcid_backbone_144_model_2.fa,1043.7675976753235,590.1381925195456,0.43460767144534873,0.3392857142857143,0.48148148148148145,0.45259486937462234,0.0,0.7638006898995685,0.0,0.9299065540706826,1.0,0.3526171029440577
backbone,RAPCID_backbone_rapcid_backbone_120_model_7,/scratch/a2149a01/RAPCID_2610_output/ligandmpnn_inputs/backbone/RAPCID_backbone_rapcid_backbone_120_model_7.pdb,/scratch/a2149a01/RAPCID_2610_output/ligandmpnn/seqs/RAPCID_backbone_rapcid_backbone_120_model_7.fa,1039.1037267744541,587.5148990005255,0.4345945608103373,0.30357142857142855,0.4074074074074074,0.4808656332542149,0.14285714285714285,0.667462271845736,0.0,0.8053097193211569,1.0,0.33257152061862005
backbone,RAPCID_backbone_rapcid_backbone_221_model_4,/scratch/a2149a01/RAPCID_2610_output/ligandmpnn_inputs/backbone/RAPCID_backbone_rapcid_backbone_221_model_4.pdb,/scratch/a2149a01/RAPCID_2610_output/ligandmpnn/seqs/RAPCID_backbone_rapcid_backbone_221_model_4.fa,1039.1037267744541,587.547334164381,0.43456334625204074,0.26785714285714285,0.4074074074074074,0.46252610889692425,0.0,0.6782000359254656,0.5,0.3398002876445439,0.5,0.32362890263881516
backbone_long,RAPCID_backbone_rapcid_backbone_161_model_1,/scratch/a2149a01/RAPCID_2610_output/ligandmpnn_inputs/backbone_long/RAPCID_backbone_rapcid_backbone_161_model_1.pdb,/scratch/a2149a01/RAPCID_2610_output/ligandmpnn/seqs/RAPCID_backbone_rapcid_backbone_161_model_1.fa,1039.6766591370106,587.9686967879534,0.43446965782996405,0.25925925925925924,0.37037037037037035,0.48572970514916314,0.14285714285714285,0.6372134799994915,0.5,0.39819587553893987,0.5,0.3158817163938542
backbone_long,RAPCID_backbone_rapcid_backbone_109_model_3,/scratch/a2149a01/RAPCID_2610_output/ligandmpnn_inputs/backbone_long/RAPCID_backbone_rapcid_backbone_109_model_3.pdb,/scratch/a2149a01/RAPCID_2610_output/ligandmpnn/seqs/RAPCID_backbone_rapcid_backbone_109_model_3.fa,1040.0336503088474,588.5847907066345,0.43407139708234543,0.3090909090909091,0.4444444444444444,0.3920949961634675,0.14285714285714285,0.7331957454925663,0.0,0.6987713768473522,0.5,0.3392715226264494
backbone_long,RAPCID_backbone_rapcid_backbone_60_model_3,/scratch/a2149a01/RAPCID_2610_output/ligandmpnn_inputs/backbone_long/RAPCID_backbone_rapcid_backbone_60_model_3.pdb,/scratch/a2149a01/RAPCID_2610_output/ligandmpnn/seqs/RAPCID_backbone_rapcid_backbone_60_model_3.fa,1041.986244007945,589.885232925415,0.43388385756758874,0.2962962962962963,0.4444444444444444,0.44006766286216104,0.0,0.7226956749326937,0.0,0.8058252194463178,1.0,0.33598847664615566
backbone_long,RAPCID_backbone_rapcid_backbone_199_model_6,/scratch/a2149a01/RAPCID_2610_output/ligandmpnn_inputs/backbone_long/RAPCID_backbone_rapcid_backbone_199_model_6.pdb,/scratch/a2149a01/RAPCID_2610_output/ligandmpnn/seqs/RAPCID_backbone_rapcid_backbone_199_model_6.fa,1045.6712324172258,592.1951604634523,0.43366983607791865,0.3684210526315789,0.37037037037037035,0.4933358802382553,0.2857142857142857,0.6817637768460106,0.0,0.7368420896307706,0.5,0.3428122449485137
backbone_long,RAPCID_backbone_rapcid_backbone_221_model_5,/scratch/a2149a01/RAPCID_2610_output/ligandmpnn_inputs/backbone_long/RAPCID_backbone_rapcid_backbone_221_model_5.pdb,/scratch/a2149a01/RAPCID_2610_output/ligandmpnn/seqs/RAPCID_backbone_rapcid_backbone_221_model_5.fa,1042.2863260656595,591.360583782196,0.432631351871978,0.34545454545454546,0.4074074074074074,0.4714446748028146,0.2857142857142857,0.6763953851581521,0.0,0.6339285809885171,0.5,0.34215885581713756
backbone,RAPCID_backbone_rapcid_backbone_173_model_3,/scratch/a2149a01/RAPCID_2610_output/ligandmpnn_inputs/backbone/RAPCID_backbone_rapcid_backbone_173_model_3.pdb,/scratch/a2149a01/RAPCID_2610_output/ligandmpnn/seqs/RAPCID_backbone_rapcid_backbone_173_model_3.fa,1039.5288173556328,591.5027574300766,0.4309895526179359,0.25,0.37037037037037035,0.4516227808446028,0.0,0.7413130913482883,0.0,0.7419354777539758,0.5,0.3120008542336268
backbone,RAPCID_backbone_rapcid_backbone_109_model_7,/scratch/a2149a01/RAPCID_2610_output/ligandmpnn_inputs/backbone/RAPCID_backbone_rapcid_backbone_109_model_7.pdb,/scratch/a2149a01/RAPCID_2610_output/ligandmpnn/seqs/RAPCID_backbone_rapcid_backbone_109_model_7.fa,1040.1031655669212,592.6511754542589,0.4301996233890636,0.3392857142857143,0.4074074074074074,0.4724922353668513,0.14285714285714285,0.7701517204034593,0.0,0.8130841112253321,1.0,0.33952237020761833
backbone,RAPCID_backbone_rapcid_backbone_7_model_3,/scratch/a2149a01/RAPCID_2610_output/ligandmpnn_inputs/backbone/RAPCID_backbone_rapcid_backbone_7_model_3.pdb,/scratch/a2149a01/RAPCID_2610_output/ligandmpnn/seqs/RAPCID_backbone_rapcid_backbone_7_model_3.fa,1037.5562817156315,591.2220484167337,0.4301783345775424,0.3090909090909091,0.4444444444444444,0.4411657223002105,0.14285714285714285,0.8044792318195747,0.0,0.7476635550986716,0.5,0.337519644499288
backbone_long,RAPCID_backbone_rapcid_backbone_17_model_0,/scratch/a2149a01/RAPCID_2610_output/ligandmpnn_inputs/backbone_long/RAPCID_backbone_rapcid_backbone_17_model_0.pdb,/scratch/a2149a01/RAPCID_2610_output/ligandmpnn/seqs/RAPCID_backbone_rapcid_backbone_17_model_0.fa,1037.9434366375208,592.6218427419662,0.4290422562314188,0.34545454545454546,0.37037037037037035,0.48857860020917304,0.2857142857142857,0.6320616222294914,0.0,0.835106355036893,1.0,0.33498820722333034
backbone,RAPCID_backbone_rapcid_backbone_178_model_1,/scratch/a2149a01/RAPCID_2610_output/ligandmpnn_inputs/backbone/RAPCID_backbone_rapcid_backbone_178_model_1.pdb,/scratch/a2149a01/RAPCID_2610_output/ligandmpnn/seqs/RAPCID_backbone_rapcid_backbone_178_model_1.fa,1037.5562817156315,592.765685364604,0.42869057244350395,0.3090909090909091,0.37037037037037035,0.4671797303878496,0.2857142857142857,0.6757508110172974,0.0,0.7663551472724539,1.0,0.3257390404278596
backbone_long,RAPCID_backbone_rapcid_backbone_9_model_1,/scratch/a2149a01/RAPCID_2610_output/ligandmpnn_inputs/backbone_long/RAPCID_backbone_rapcid_backbone_9_model_1.pdb,/scratch/a2149a01/RAPCID_2610_output/ligandmpnn/seqs/RAPCID_backbone_rapcid_backbone_9_model_1.fa,1037.5562817156315,593.4773321449757,0.42800468504355016,0.3090909090909091,0.37037037037037035,0.4898160152075441,0.2857142857142857,0.6203674342631883,0.0,0.6493202912771363,1.0,0.3254303910978804
backbone,RAPCID_backbone_rapcid_backbone_174_model_5,/scratch/a2149a01/RAPCID_2610_output/ligandmpnn_inputs/backbone/RAPCID_backbone_rapcid_backbone_174_model_5.pdb,/scratch/a2149a01/RAPCID_2610_output/ligandmpnn/seqs/RAPCID_backbone_rapcid_backbone_174_model_5.fa,1044.7282166332006,597.6002103835344,0.42798500043447263,0.3333333333333333,0.3333333333333333,0.47938523630053037,0.14285714285714285,0.7459453772759649,0.0,0.8368421119069225,1.0,0.325926583528846
backbone_denovo,RAPCID_backbone_rapcid_backbone_146_model_2,/scratch/a2149a01/RAPCID_2610_output/ligandmpnn_inputs/backbone_denovo/RAPCID_backbone_rapcid_backbone_146_model_2.pdb,/scratch/a2149a01/RAPCID_2610_output/ligandmpnn/seqs/RAPCID_backbone_rapcid_backbone_146_model_2.fa,1039.1335251927376,595.4116368889809,0.42701142591030883,0.39285714285714285,0.4074074074074074,0.5022552679672718,0.14285714285714285,0.8361220685017582,0.0,0.8598130751782104,1.0,0.3514805384850358
backbone_denovo,RAPCID_backbone_rapcid_backbone_213_model_5,/scratch/a2149a01/RAPCID_2610_output/ligandmpnn_inputs/backbone_denovo/RAPCID_backbone_rapcid_backbone_213_model_5.pdb,/scratch/a2149a01/RAPCID_2610_output/ligandmpnn/seqs/RAPCID_backbone_rapcid_backbone_213_model_5.fa,1041.0645203441381,596.7978002429008,0.42674273440264665,0.32727272727272727,0.4074074074074074,0.4723218014436453,0.0,0.7256177791295849,0.0,0.8125000173700712,1.0,0.33496352341048397
backbone,RAPCID_backbone_rapcid_backbone_120_model_0,/scratch/a2149a01/RAPCID_2610_output/ligandmpnn_inputs/backbone/RAPCID_backbone_rapcid_backbone_120_model_0.pdb,/scratch/a2149a01/RAPCID_2610_output/ligandmpnn/seqs/RAPCID_backbone_rapcid_backbone_120_model_0.fa,1039.1037267744541,595.8692518174648,0.426554600408239,0.3392857142857143,0.4444444444444444,0.4697683665164824,0.2857142857142857,0.6306612545113774,0.5,0.5707964578981736,0.5,0.34343766542180276
backbone_long,RAPCID_backbone_rapcid_backbone_50_model_6,/scratch/a2149a01/RAPCID_2610_output/ligandmpnn_inputs/backbone_long/RAPCID_backbone_rapcid_backbone_50_model_6.pdb,/scratch/a2149a01/RAPCID_2610_output/ligandmpnn/seqs/RAPCID_backbone_rapcid_backbone_50_model_6.fa,1036.4461232870817,594.3610289990902,0.42653938719546913,0.3148148148148148,0.4074074074074074,0.4409458384996582,0.14285714285714285,0.7977822638665548,0.0,0.841121483004428,1.0,0.33175753905277594
backbone,RAPCID_backbone_rapcid_backbone_205_model_2,/scratch/a2149a01/RAPCID_2610_output/ligandmpnn_inputs/backbone/RAPCID_backbone_rapcid_backbone_205_model_2.pdb,/scratch/a2149a01/RAPCID_2610_output/ligandmpnn/seqs/RAPCID_backbone_rapcid_backbone_205_model_2.fa,1044.3158884495497,598.8822452574968,0.42653151993442207,0.3508771929824561,0.4444444444444444,0.47424988772440657,0.0,0.7172886403383891,0.0,0.727800275626166,0.5,0.3463251488827706
backbone_long,RAPCID_backbone_rapcid_backbone_117_model_5,/scratch/a2149a01/RAPCID_2610_output/ligandmpnn_inputs/backbone_long/RAPCID_backbone_rapcid_backbone_117_model_5.pdb,/scratch/a2149a01/RAPCID_2610_output/ligandmpnn/seqs/RAPCID_backbone_rapcid_backbone_117_model_5.fa,1040.9532422423363,597.1381349116564,0.4263545078880293,0.35714285714285715,0.48148148148148145,0.4682333322117875,0.14285714285714285,0.641811581094153,0.5,0.5270025293431387,0.5,0.3533674650575497
backbone_long,RAPCID_backbone_rapcid_backbone_201_model_2,/scratch/a2149a01/RAPCID_2610_output/ligandmpnn_inputs/backbone_long/RAPCID_backbone_rapcid_backbone_201_model_2.pdb,/scratch/a2149a01/RAPCID_2610_output/ligandmpnn/seqs/RAPCID_backbone_rapcid_backbone_201_model_2.fa,1042.5471244752407,598.9346251189709,0.4255083429246034,0.37037037037037035,0.48148148148148145,0.46227461882434423,0.14285714285714285,0.7558052229996763,0.0,0.9278350579190113,1.0,0.3562935691308863
backbone_denovo,RAPCID_backbone_rapcid_backbone_55_model_4,/scratch/a2149a01/RAPCID_2610_output/ligandmpnn_inputs/backbone_denovo/RAPCID_backbone_rapcid_backbone_55_model_4.pdb,/scratch/a2149a01/RAPCID_2610_output/ligandmpnn/seqs/RAPCID_backbone_rapcid_backbone_55_model_4.fa,1040.064047679305,598.619932949543,0.42443935612884254,0.36363636363636365,0.25925925925925924,0.5862103530643884,0.14285714285714285,0.6513699065433985,0.5,0.5249999994209976,0.5,0.3207956900559589
backbone,RAPCID_backbone_rapcid_backbone_83_model_5,/scratch/a2149a01/RAPCID_2610_output/ligandmpnn_inputs/backbone/RAPCID_backbone_rapcid_backbone_83_model_5.pdb,/scratch/a2149a01/RAPCID_2610_output/ligandmpnn/seqs/RAPCID_backbone_rapcid_backbone_83_model_5.fa,1041.905931726098,600.0762132704258,0.4240591256868119,0.2909090909090909,0.37037037037037035,0.45378395111213093,0.14285714285714285,0.7028561173214013,0.0,0.7916666758517128,1.0,0.3191094348418937
backbone_long,RAPCID_backbone_rapcid_backbone_66_model_0,/scratch/a2149a01/RAPCID_2610_output/ligandmpnn_inputs/backbone_long/RAPCID_backbone_rapcid_backbone_66_model_0.pdb,/scratch/a2149a01/RAPCID_2610_output/ligandmpnn/seqs/RAPCID_backbone_rapcid_backbone_66_model_0.fa,1036.697216540575,597.9516504555941,0.42321476230934685,0.34545454545454546,0.4444444444444444,0.45192263584417214,0.14285714285714285,0.7052418477114867,0.5,0.5819387206887442,0.5,0.34347694606950907
backbone,RAPCID_backbone_rapcid_backbone_23_model_1,/scratch/a2149a01/RAPCID_2610_output/ligandmpnn_inputs/backbone/RAPCID_backbone_rapcid_backbone_23_model_1.pdb,/scratch/a2149a01/RAPCID_2610_output/ligandmpnn/seqs/RAPCID_backbone_rapcid_backbone_23_model_1.fa,1040.9144045263529,600.5370723754168,0.4230677664138205,0.25,0.37037037037037035,0.4712626018697445,0.0,0.7028374221573598,0.0,0.8084112214226753,1.0,0.3084360504417748
backbone,RAPCID_backbone_rapcid_backbone_103_model_1,/scratch/a2149a01/RAPCID_2610_output/ligandmpnn_inputs/backbone/RAPCID_backbone_rapcid_backbone_103_model_1.pdb,/scratch/a2149a01/RAPCID_2610_output/ligandmpnn/seqs/RAPCID_backbone_rapcid_backbone_103_model_1.fa,1036.4461232870817,598.0439190864563,0.4229860041448521,0.25925925925925924,0.3333333333333333,0.48129876526115756,0.14285714285714285,0.6476896799366433,0.0,0.7383177754933579,0.5,0.30515851667999827
backbone_long,RAPCID_backbone_rapcid_backbone_73_model_1,/scratch/a2149a01/RAPCID_2610_output/ligandmpnn_inputs/backbone_long/RAPCID_backbone_rapcid_backbone_73_model_1.pdb,/scratch/a2149a01/RAPCID_2610_output/ligandmpnn/seqs/RAPCID_backbone_rapcid_backbone_73_model_1.fa,1036.4461232870817,598.4881696552038,0.4225573754310521,0.2962962962962963,0.4074074074074074,0.46804396422352845,0.14285714285714285,0.8029264105662186,0.0,0.841121483004428,1.0,0.32533600412915864
backbone_long,RAPCID_backbone_rapcid_backbone_94_model_6,/scratch/a2149a01/RAPCID_2610_output/ligandmpnn_inputs/backbone_long/RAPCID_backbone_rapcid_backbone_94_model_6.pdb,/scratch/a2149a01/RAPCID_2610_output/ligandmpnn/seqs/RAPCID_backbone_rapcid_backbone_94_model_6.fa,1043.2813202440739,602.5839571356773,0.42241469731797376,0.3392857142857143,0.3333333333333333,0.4970858074995942,0.2857142857142857,0.6587357581818308,0.5,0.51282051285858,0.5,0.32490804236451676
backbone_long,RAPCID_backbone_rapcid_backbone_79_model_0,/scratch/a2149a01/RAPCID_2610_output/ligandmpnn_inputs/backbone_long/RAPCID_backbone_rapcid_backbone_79_model_0.pdb,/scratch/a2149a01/RAPCID_2610_output/ligandmpnn/seqs/RAPCID_backbone_rapcid_backbone_79_model_0.fa,1039.9997865110636,601.1747045964003,0.4219472807651341,0.3090909090909091,0.4074074074074074,0.4527465402228404,0.14285714285714285,0.7653919080067347,0.0,0.8578947462215376,1.0,0.32826011472814876
backbone_long,RAPCID_backbone_rapcid_backbone_42_model_2,/scratch/a2149a01/RAPCID_2610_output/ligandmpnn_inputs/backbone_long/RAPCID_backbone_rapcid_backbone_42_model_2.pdb,/scratch/a2149a01/RAPCID_2610_output/ligandmpnn/seqs/RAPCID_backbone_rapcid_backbone_42_model_2.fa,1041.5430707782507,602.1846235692501,0.4218341608097953,0.3090909090909091,0.2962962962962963,0.5092927567003801,0.0,0.7026909977513444,0.0,1.0,1.0,0.3115425440815796
backbone_denovo,RAPCID_backbone_rapcid_backbone_226_model_5,/scratch/a2149a01/RAPCID_2610_output/ligandmpnn_inputs/backbone_denovo/RAPCID_backbone_rapcid_backbone_226_model_5.pdb,/scratch/a2149a01/RAPCID_2610_output/ligandmpnn/seqs/RAPCID_backbone_rapcid_backbone_226_model_5.fa,1042.8094889819622,603.6494281888008,0.42113163088100525,0.4107142857142857,0.37037037037037035,0.5419380012005655,0.14285714285714285,0.7389299336848072,0.0,0.7731958755389399,1.0,0.34774336088057933
backbone_long,RAPCID_backbone_rapcid_backbone_58_model_2,/scratch/a2149a01/RAPCID_2610_output/ligandmpnn_inputs/backbone_long/RAPCID_backbone_rapcid_backbone_58_model_2.pdb,/scratch/a2149a01/RAPCID_2610_output/ligandmpnn/seqs/RAPCID_backbone_rapcid_backbone_58_model_2.fa,1035.6238827556372,599.7196663767099,0.4209097758725423,0.2777777777777778,0.37037037037037035,0.5020397924493833,0.14285714285714285,0.6773120023934204,0.0,0.6148045416912422,0.5,0.3144093991426441
backbone,RAPCID_backbone_rapcid_backbone_135_model_6,/scratch/a2149a01/RAPCID_2610_output/ligandmpnn_inputs/backbone/RAPCID_backbone_rapcid_backbone_135_model_6.pdb,/scratch/a2149a01/RAPCID_2610_output/ligandmpnn/seqs/RAPCID_backbone_rapcid_backbone_135_model_6.fa,1040.904816493392,602.8936701714993,0.4207984624352763,0.21818181818181817,0.2222222222222222,0.5268630392826451,0.2857142857142857,0.5776913139044165,0.5,0.33233274508649935,0.5,0.2772380959746622
backbone_long,RAPCID_backbone_rapcid_backbone_187_model_6,/scratch/a2149a01/RAPCID_2610_output/ligandmpnn_inputs/backbone_long/RAPCID_backbone_rapcid_backbone_187_model_6.pdb,/scratch/a2149a01/RAPCID_2610_output/ligandmpnn/seqs/RAPCID_backbone_rapcid_backbone_187_model_6.fa,1035.6238827556372,600.5600099265575,0.4200983388597036,0.3148148148148148,0.4074074074074074,0.47531116218430164,0.14285714285714285,0.8044981618233551,0.0,0.7663551472724539,1.0,0.32885906730168146
backbone,RAPCID_backbone_rapcid_backbone_100_model_5,/scratch/a2149a01/RAPCID_2610_output/ligandmpnn_inputs/backbone/RAPCID_backbone_rapcid_backbone_100_model_5.pdb,/scratch/a2149a01/RAPCID_2610_output/ligandmpnn/seqs/RAPCID_backbone_rapcid_backbone_100_model_5.fa,1041.1296842992306,603.9845405220985,0.419875785283529,0.2727272727272727,0.37037037037037035,0.5031893538755345,0.2857142857142857,0.6426689780581981,0.0,0.8523809315865106,1.0,0.31268147711496175
backbone,RAPCID_backbone_rapcid_backbone_71_model_6,/scratch/a2149a01/RAPCID_2610_output/ligandmpnn_inputs/backbone/RAPCID_backbone_rapcid_backbone_71_model_6.pdb,/scratch/a2149a01/RAPCID_2610_output/ligandmpnn/seqs/RAPCID_backbone_rapcid_backbone_71_model_6.fa,1039.5288173556328,603.1889956444502,0.4197476918640405,0.25,0.37037037037037035,0.4979212373877691,0.0,0.7390727510040113,0.0,0.8674731207726796,1.0,0.30694201689437384
backbone_long,RAPCID_backbone_rapcid_backbone_26_model_5,/scratch/a2149a01/RAPCID_2610_output/ligandmpnn_inputs/backbone_long/RAPCID_backbone_rapcid_backbone_26_model_5.pdb,/scratch/a2149a01/RAPCID_2610_output/ligandmpnn/seqs/RAPCID_backbone_rapcid_backbone_26_model_5.fa,1039.425744459033,603.3204798698425,0.41956365513744376,0.34545454545454546,0.4074074074074074,0.48840043114433884,0.14285714285714285,0.7266634016552966,0.5,0.5796460161108482,0.5,0.33627839228659717
backbone_long,RAPCID_backbone_rapcid_backbone_64_model_7,/scratch/a2149a01/RAPCID_2610_output/ligandmpnn_inputs/backbone_long/RAPCID_backbone_rapcid_backbone_64_model_7.pdb,/scratch/a2149a01/RAPCID_2610_output/ligandmpnn/seqs/RAPCID_backbone_rapcid_backbone_64_model_7.fa,1040.2395536452532,604.4425469636917,0.41893908490061005,0.2545454545454545,0.37037037037037035,0.4801484647505217,0.14285714285714285,0.701438606378274,0.0,0.7274023746997275,1.0,0.30771450739719375
backbone_denovo,RAPCID_backbone_rapcid_backbone_160_model_2,/scratch/a2149a01/RAPCID_2610_output/ligandmpnn_inputs/backbone_denovo/RAPCID_backbone_rapcid_backbone_160_model_2.pdb,/scratch/a2149a01/RAPCID_2610_output/ligandmpnn/seqs/RAPCID_backbone_rapcid_backbone_160_model_2.fa,1039.9814347624779,604.5473463982344,0.4186940976150143,0.4107142857142857,0.37037037037037035,0.5872495632031037,0.14285714285714285,0.6854233107439894,0.0,0.9627659438750623,1.0,0.3466464709108834
backbone_long,RAPCID_backbone_rapcid_backbone_206_model_7,/scratch/a2149a01/RAPCID_2610_output/ligandmpnn_inputs/backbone_long/RAPCID_backbone_rapcid_backbone_206_model_7.pdb,/scratch/a2149a01/RAPCID_2610_output/ligandmpnn/seqs/RAPCID_backbone_rapcid_backbone_206_model_7.fa,1039.6555823534727,604.8082914054394,0.4182609109486698,0.3148148148148148,0.3333333333333333,0.4939592937050488,0.14285714285714285,0.7569671546416507,0.0,0.8317757033991144,1.0,0.3169211136306051
backbone_long,RAPCID_backbone_rapcid_backbone_54_model_5,/scratch/a2149a01/RAPCID_2610_output/ligandmpnn_inputs/backbone_long/RAPCID_backbone_rapcid_backbone_54_model_5.pdb,/scratch/a2149a01/RAPCID_2610_output/ligandmpnn/seqs/RAPCID_backbone_rapcid_backbone_54_model_5.fa,1040.1031655669212,605.4240528047085,0.41791922873851217,0.2857142857142857,0.4444444444444444,0.4491774723151238,0.0,0.7775568669311193,0.0,0.7616822409882196,1.0,0.32615889102756856
backbone_long,RAPCID_backbone_rapcid_backbone_47_model_4,/scratch/a2149a01/RAPCID_2610_output/ligandmpnn_inputs/backbone_long/RAPCID_backbone_rapcid_backbone_47_model_4.pdb,/scratch/a2149a01/RAPCID_2610_output/ligandmpnn/seqs/RAPCID_backbone_rapcid_backbone_47_model_4.fa,1040.0336503088474,605.9687733948231,0.41735656993898695,0.3090909090909091,0.37037037037037035,0.4882336512700854,0.14285714285714285,0.6220647690584805,0.0,0.6111233139508192,1.0,0.320638739300827
backbone,RAPCID_backbone_rapcid_backbone_92_model_7,/scratch/a2149a01/RAPCID_2610_output/ligandmpnn_inputs/backbone/RAPCID_backbone_rapcid_backbone_92_model_7.pdb,/scratch/a2149a01/RAPCID_2610_output/ligandmpnn/seqs/RAPCID_backbone_rapcid_backbone_92_model_7.fa,1042.9844084084034,607.7075575590134,0.4173378310742185,0.32142857142857145,0.4444444444444444,0.4308794173576852,0.14285714285714285,0.8275147605109145,0.0,0.8092783647601429,1.0,0.33482583350720785
backbone_denovo,RAPCID_backbone_rapcid_backbone_131_model_3,/scratch/a2149a01/RAPCID_2610_output/ligandmpnn_inputs/backbone_denovo/RAPCID_backbone_rapcid_backbone_131_model_3.pdb,/scratch/a2149a01/RAPCID_2610_output/ligandmpnn/seqs/RAPCID_backbone_rapcid_backbone_131_model_3.fa,1035.8220293819904,603.7474958151579,0.41713201815626966,0.2909090909090909,0.37037037037037035,0.45651856083318637,0.14285714285714285,0.7961632690014516,0.0,0.8598130751782104,1.0,0.31599223645314967
backbone_long,RAPCID_backbone_rapcid_backbone_182_model_1,/scratch/a2149a01/RAPCID_2610_output/ligandmpnn_inputs/backbone_long/RAPCID_backbone_rapcid_backbone_182_model_1.pdb,/scratch/a2149a01/RAPCID_2610_output/ligandmpnn/seqs/RAPCID_backbone_rapcid_backbone_182_model_1.fa,1041.8857262581587,607.3247770369053,0.4170907982221246,0.32727272727272727,0.4074074074074074,0.46491644571706636,0.14285714285714285,0.7615093088780672,0.5,0.5515463956417496,0.5,0.330620152129249
backbone_long,RAPCID_backbone_rapcid_backbone_200_model_4,/scratch/a2149a01/RAPCID_2610_output/ligandmpnn_inputs/backbone_long/RAPCID_backbone_rapcid_backbone_200_model_4.pdb,/scratch/a2149a01/RAPCID_2610_output/ligandmpnn/seqs/RAPCID_backbone_rapcid_backbone_200_model_4.fa,1043.2813202440739,608.5024055689573,0.41674178022606667,0.3392857142857143,0.4444444444444444,0.47192078343680116,0.14285714285714285,0.7507651382249494,0.0,0.783505173757034,1.0,0.33902189633982527
backbone_long,RAPCID_backbone_rapcid_backbone_171_model_3,/scratch/a2149a01/RAPCID_2610_output/ligandmpnn_inputs/backbone_long/RAPCID_backbone_rapcid_backbone_171_model_3.pdb,/scratch/a2149a01/RAPCID_2610_output/ligandmpnn/seqs/RAPCID_backbone_rapcid_backbone_171_model_3.fa,1039.6555823534727,607.3673817962408,0.4157994319413544,0.3333333333333333,0.3333333333333333,0.5149796560188037,0.2857142857142857,0.619234714430186,0.5,0.48826804260601947,0.5,0.3204430777069428
backbone_denovo,RAPCID_backbone_rapcid_backbone_61_model_2,/scratch/a2149a01/RAPCID_2610_output/ligandmpnn_inputs/backbone_denovo/RAPCID_backbone_rapcid_backbone_61_model_2.pdb,/scratch/a2149a01/RAPCID_2610_output/ligandmpnn/seqs/RAPCID_backbone_rapcid_backbone_61_model_2.fa,1039.7174626290798,607.462042555213,0.4157431567811172,0.41818181818181815,0.4074074074074074,0.5354593002214831,0.0,0.7753575569154687,0.0,0.9299065540706826,1.0,0.3527409862080684
backbone_long,RAPCID_backbone_rapcid_backbone_64_model_6,/scratch/a2149a01/RAPCID_2610_output/ligandmpnn_inputs/backbone_long/RAPCID_backbone_rapcid_backbone_64_model_6.pdb,/scratch/a2149a01/RAPCID_2610_output/ligandmpnn/seqs/RAPCID_backbone_rapcid_backbone_64_model_6.fa,1040.2395536452532,608.003547668457,0.4155158342731111,0.3090909090909091,0.4074074074074074,0.48503177291090377,0.14285714285714285,0.66879114547751,0.5,0.42354102413724654,0.5,0.32536596380673843
backbone_denovo,RAPCID_backbone_rapcid_backbone_11_model_1,/scratch/a2149a01/RAPCID_2610_output/ligandmpnn_inputs/backbone_denovo/RAPCID_backbone_rapcid_backbone_11_model_1.pdb,/scratch/a2149a01/RAPCID_2610_output/ligandmpnn/seqs/RAPCID_backbone_rapcid_backbone_11_model_1.fa,1044.05150590837,610.3240565806627,0.4154272532276515,0.32727272727272727,0.37037037037037035,0.5500220431271666,0.14285714285714285,0.7208680052622168,0.5,0.625,0.5,0.32431600132618055
backbone,RAPCID_backbone_rapcid_backbone_56_model_5,/scratch/a2149a01/RAPCID_2610_output/ligandmpnn_inputs/backbone/RAPCID_backbone_rapcid_backbone_56_model_5.pdb,/scratch/a2149a01/RAPCID_2610_output/ligandmpnn/seqs/RAPCID_backbone_rapcid_backbone_56_model_5.fa,1039.6045360267162,609.1997993290424,0.41400813653877044,0.3333333333333333,0.3333333333333333,0.49640877629941227,0.2857142857142857,0.7069865844868655,0.5,0.6219512275031862,0.5,0.31963699477578
backbone_denovo,RAPCID_backbone_rapcid_backbone_22_model_4,/scratch/a2149a01/RAPCID_2610_output/ligandmpnn_inputs/backbone_denovo/RAPCID_backbone_rapcid_backbone_22_model_4.pdb,/scratch/a2149a01/RAPCID_2610_output/ligandmpnn/seqs/RAPCID_backbone_rapcid_backbone_22_model_4.fa,1044.05150590837,611.9255369305611,0.4138933438938347,0.36363636363636365,0.3333333333333333,0.5706295064866675,0.2857142857142857,0.7255893318716409,0.0,0.9911504261808775,1.0,0.3271610956613165
backbone,RAPCID_backbone_rapcid_backbone_120_model_1,/scratch/a2149a01/RAPCID_2610_output/ligandmpnn_inputs/backbone/RAPCID_backbone_rapcid_backbone_120_model_1.pdb,/scratch/a2149a01/RAPCID_2610_output/ligandmpnn/seqs/RAPCID_backbone_rapcid_backbone_120_model_1.fa,1039.1037267744541,609.2900952845812,0.41363881238698263,0.2857142857142857,0.37037037037037035,0.4802027171671092,0.2857142857142857,0.6409146714610375,0.0,0.731903774219888,1.0,0.3131215925582692
backbone_long,RAPCID_backbone_rapcid_backbone_2_model_1,/scratch/a2149a01/RAPCID_2610_output/ligandmpnn_inputs/backbone_long/RAPCID_backbone_rapcid_backbone_2_model_1.pdb,/scratch/a2149a01/RAPCID_2610_output/ligandmpnn/seqs/RAPCID_backbone_rapcid_backbone_2_model_1.fa,1043.2759249210358,612.3284195810556,0.4130714560221429,0.32142857142857145,0.4074074074074074,0.4535836877174943,0.14285714285714285,0.7943161137010402,0.0,0.7580645032833493,1.0,0.3273504091782183
backbone_long,RAPCID_backbone_rapcid_backbone_243_model_4,/scratch/a2149a01/RAPCID_2610_output/ligandmpnn_inputs/backbone_long/RAPCID_backbone_rapcid_backbone_243_model_4.pdb,/scratch/a2149a01/RAPCID_2610_output/ligandmpnn/seqs/RAPCID_backbone_rapcid_backbone_243_model_4.fa,1035.6238827556372,607.850727379322,0.41305841097259755,0.2222222222222222,0.2962962962962963,0.4942694758127394,0.14285714285714285,0.7535318159450315,0.0,0.8738318105124907,1.0,0.28587628493766887
backbone,RAPCID_backbone_rapcid_backbone_130_model_0,/scratch/a2149a01/RAPCID_2610_output/ligandmpnn_inputs/backbone/RAPCID_backbone_rapcid_backbone_130_model_0.pdb,/scratch/a2149a01/RAPCID_2610_output/ligandmpnn/seqs/RAPCID_backbone_rapcid_backbone_130_model_0.fa,1038.5478457212448,610.0257681757212,0.4126165966363601,0.2962962962962963,0.4074074074074074,0.4848947264603023,0.14285714285714285,0.7008370327192444,0.0,0.7886597865046634,1.0,0.3208626536715472
backbone_long,RAPCID_backbone_rapcid_backbone_126_model_6,/scratch/a2149a01/RAPCID_2610_output/ligandmpnn_inputs/backbone_long/RAPCID_backbone_rapcid_backbone_126_model_6.pdb,/scratch/a2149a01/RAPCID_2610_output/ligandmpnn/seqs/RAPCID_backbone_rapcid_backbone_126_model_6.fa,1040.9532422423363,612.0389416515827,0.4120399295426771,0.30357142857142855,0.37037037037037035,0.5320253667336969,0.2857142857142857,0.5882963957481604,0.5,0.5667120392389072,0.5,0.31686638099261744
backbone_denovo,RAPCID_backbone_rapcid_backbone_206_model_2,/scratch/a2149a01/RAPCID_2610_output/ligandmpnn_inputs/backbone_denovo/RAPCID_backbone_rapcid_backbone_206_model_2.pdb,/scratch/a2149a01/RAPCID_2610_output/ligandmpnn/seqs/RAPCID_backbone_rapcid_backbone_206_model_2.fa,1042.1832992136478,614.0477041602135,0.41080642472055817,0.39285714285714285,0.3333333333333333,0.6105784409980594,0.2857142857142857,0.6637397265310574,0.0,0.8883928754192238,1.0,0.3330771768385369
backbone,RAPCID_backbone_rapcid_backbone_60_model_4,/scratch/a2149a01/RAPCID_2610_output/ligandmpnn_inputs/backbone/RAPCID_backbone_rapcid_backbone_60_model_4.pdb,/scratch/a2149a01/RAPCID_2610_output/ligandmpnn/seqs/RAPCID_backbone_rapcid_backbone_60_model_4.fa,1043.5621676295996,615.2624916136265,0.41042085397637096,0.2807017543859649,0.37037037037037035,0.4864295694643714,0.14285714285714285,0.7633599454128136,0.0,0.8263158133130749,1.0,0.3104203784414137
backbone,RAPCID_backbone_rapcid_backbone_78_model_0,/scratch/a2149a01/RAPCID_2610_output/ligandmpnn_inputs/backbone/RAPCID_backbone_rapcid_backbone_78_model_0.pdb,/scratch/a2149a01/RAPCID_2610_output/ligandmpnn/seqs/RAPCID_backbone_rapcid_backbone_78_model_0.fa,1042.9844084084034,615.0731777697802,0.4102757694063871,0.32142857142857145,0.4444444444444444,0.4341374337578429,0.14285714285714285,0.7961486165492836,0.0,0.6907216534205658,0.5,0.33164790575668374
backbone_denovo,RAPCID_backbone_rapcid_backbone_105_model_1,/scratch/a2149a01/RAPCID_2610_output/ligandmpnn_inputs/backbone_denovo/RAPCID_backbone_rapcid_backbone_105_model_1.pdb,/scratch/a2149a01/RAPCID_2610_output/ligandmpnn/seqs/RAPCID_backbone_rapcid_backbone_105_model_1.fa,1042.6291622072458,614.9340548664331,0.4102082723596395,0.3090909090909091,0.37037037037037035,0.5427664862973101,0.0,0.7500263514052496,0.0,0.8893805301447903,1.0,0.31742200539012067
backbone_denovo,RAPCID_backbone_rapcid_backbone_226_model_3,/scratch/a2149a01/RAPCID_2610_output/ligandmpnn_inputs/backbone_denovo/RAPCID_backbone_rapcid_backbone_226_model_3.pdb,/scratch/a2149a01/RAPCID_2610_output/ligandmpnn/seqs/RAPCID_backbone_rapcid_backbone_226_model_3.fa,1042.8094889819622,615.8179775029421,0.4094626257149506,0.32142857142857145,0.37037037037037035,0.43839864883127316,0.14285714285714285,0.7979576806242517,0.0,0.9278350579190113,1.0,0.32017087998442617
backbone,RAPCID_backbone_rapcid_backbone_188_model_7,/scratch/a2149a01/RAPCID_2610_output/ligandmpnn_inputs/backbone/RAPCID_backbone_rapcid_backbone_188_model_7.pdb,/scratch/a2149a01/RAPCID_2610_output/ligandmpnn/seqs/RAPCID_backbone_rapcid_backbone_188_model_7.fa,1040.904816493392,614.7999797165394,0.4093600394821092,0.21818181818181817,0.25925925925925924,0.5094942468146253,0.14285714285714285,0.8162954508298013,0.0,0.816037730198733,1.0,0.27764636120129255
backbone_long,RAPCID_backbone_rapcid_backbone_150_model_6,/scratch/a2149a01/RAPCID_2610_output/ligandmpnn_inputs/backbone_long/RAPCID_backbone_rapcid_backbone_150_model_6.pdb,/scratch/a2149a01/RAPCID_2610_output/ligandmpnn/seqs/RAPCID_backbone_rapcid_backbone_150_model_6.fa,1036.697216540575,612.5510809570551,0.40913212538457644,0.2727272727272727,0.2962962962962963,0.5184561283993432,0.14285714285714285,0.694154344442354,0.0,0.8691588877466789,1.0,0.296735719049322
backbone_denovo,RAPCID_backbone_rapcid_backbone_215_model_7,/scratch/a2149a01/RAPCID_2610_output/ligandmpnn_inputs/backbone_denovo/RAPCID_backbone_rapcid_backbone_215_model_7.pdb,/scratch/a2149a01/RAPCID_2610_output/ligandmpnn/seqs/RAPCID_backbone_rapcid_backbone_215_model_7.fa,1035.8220293819904,612.2465501576662,0.40892688821944145,0.36363636363636365,0.4074074074074074,0.5297647279918575,0.14285714285714285,0.6571485528399019,0.0,0.6304347782306058,0.5,0.3360373017189507
backbone_long,RAPCID_backbone_rapcid_backbone_203_model_7,/scratch/a2149a01/RAPCID_2610_output/ligandmpnn_inputs/backbone_long/RAPCID_backbone_rapcid_backbone_203_model_7.pdb,/scratch/a2149a01/RAPCID_2610_output/ligandmpnn/seqs/RAPCID_backbone_rapcid_backbone_203_model_7.fa,1040.2395536452532,615.1658650040627,0.4086305766317274,0.34545454545454546,0.4074074074074074,0.47615032830862375,0.14285714285714285,0.8203538104294535,0.0,0.9292452962029563,1.0,0.3313585069590248
backbone_long,RAPCID_backbone_rapcid_backbone_118_model_2,/scratch/a2149a01/RAPCID_2610_output/ligandmpnn_inputs/backbone_long/RAPCID_backbone_rapcid_backbone_118_model_2.pdb,/scratch/a2149a01/RAPCID_2610_output/ligandmpnn/seqs/RAPCID_backbone_rapcid_backbone_118_model_2.fa,1039.6045360267162,614.8367107957602,0.4085859675587643,0.2962962962962963,0.4444444444444444,0.4437364708861211,0.14285714285714285,0.8046611015872225,0.0,0.8453608176199285,1.0,0.32460442614218465
backbone,RAPCID_backbone_rapcid_backbone_50_model_5,/scratch/a2149a01/RAPCID_2610_output/ligandmpnn_inputs/backbone/RAPCID_backbone_rapcid_backbone_50_model_5.pdb,/scratch/a2149a01/RAPCID_2610_output/ligandmpnn/seqs/RAPCID_backbone_rapcid_backbone_50_model_5.fa,1040.1031655669212,615.313613191247,0.4084109792552524,0.32142857142857145,0.4444444444444444,0.4762582419464426,0.14285714285714285,0.7504005863753308,0.0,0.8037383316200184,1.0,0.3308087501886731
backbone,RAPCID_backbone_rapcid_backbone_203_model_3,/scratch/a2149a01/RAPCID_2610_output/ligandmpnn_inputs/backbone/RAPCID_backbone_rapcid_backbone_203_model_3.pdb,/scratch/a2149a01/RAPCID_2610_output/ligandmpnn/seqs/RAPCID_backbone_rapcid_backbone_203_model_3.fa,1043.3259306550026,617.3925294727087,0.4082457731256539,0.32142857142857145,0.37037037037037035,0.4662749049802689,0.2857142857142857,0.6979837827777564,0.0,0.6814432883130557,1.0,0.3196232963192427
backbone,RAPCID_backbone_rapcid_backbone_114_model_7,/scratch/a2149a01/RAPCID_2610_output/ligandmpnn_inputs/backbone/RAPCID_backbone_rapcid_backbone_114_model_7.pdb,/scratch/a2149a01/RAPCID_2610_output/ligandmpnn/seqs/RAPCID_backbone_rapcid_backbone_114_model_7.fa,1040.904816493392,616.1373605877161,0.4080752141551576,0.3090909090909091,0.4074074074074074,0.48441967242505996,0.14285714285714285,0.7158517667651086,0.0,0.7877358553347411,1.0,0.32201768475365933
backbone_denovo,RAPCID_backbone_rapcid_backbone_75_model_1,/scratch/a2149a01/RAPCID_2610_output/ligandmpnn_inputs/backbone_denovo/RAPCID_backbone_rapcid_backbone_75_model_1.pdb,/scratch/a2149a01/RAPCID_2610_output/ligandmpnn/seqs/RAPCID_backbone_rapcid_backbone_75_model_1.fa,1045.2416070401669,618.7075309604406,0.4080722324932624,0.3392857142857143,0.4074074074074074,0.5118428484624832,0.14285714285714285,0.7398827577137116,0.0,0.8846154065421022,1.0,0.3295650443045078
backbone_long,RAPCID_backbone_rapcid_backbone_235_model_6,/scratch/a2149a01/RAPCID_2610_output/ligandmpnn_inputs/backbone_long/RAPCID_backbone_rapcid_backbone_235_model_6.pdb,/scratch/a2149a01/RAPCID_2610_output/ligandmpnn/seqs/RAPCID_backbone_rapcid_backbone_235_model_6.fa,1040.9532422423363,616.8860290944576,0.40738353649236714,0.25,0.3333333333333333,0.49849440125728217,0.14285714285714285,0.7518358931844951,0.0,0.7345132536197595,0.5,0.2958225914215652
backbone,RAPCID_backbone_rapcid_backbone_208_model_3,/scratch/a2149a01/RAPCID_2610_output/ligandmpnn_inputs/backbone/RAPCID_backbone_rapcid_backbone_208_model_3.pdb,/scratch/a2149a01/RAPCID_2610_output/ligandmpnn/seqs/RAPCID_backbone_rapcid_backbone_208_model_3.fa,1041.1296842992306,617.3292503505945,0.4070582563726344,0.34545454545454546,0.37037037037037035,0.481184772642741,0.2857142857142857,0.6334833405421982,0.5,0.37508304170648116,0.5,0.32509540728687736
backbone_long,RAPCID_backbone_rapcid_backbone_36_model_3,/scratch/a2149a01/RAPCID_2610_output/ligandmpnn_inputs/backbone_long/RAPCID_backbone_rapcid_backbone_36_model_3.pdb,/scratch/a2149a01/RAPCID_2610_output/ligandmpnn/seqs/RAPCID_backbone_rapcid_backbone_36_model_3.fa,1041.3207323253155,617.4546711742878,0.4070465976457762,0.2962962962962963,0.37037037037037035,0.5107310106361286,0.2857142857142857,0.6573259894456075,0.0,0.8677488033987103,1.0,0.3128005985702289
backbone,RAPCID_backbone_rapcid_backbone_235_model_2,/scratch/a2149a01/RAPCID_2610_output/ligandmpnn_inputs/backbone/RAPCID_backbone_rapcid_backbone_235_model_2.pdb,/scratch/a2149a01/RAPCID_2610_output/ligandmpnn/seqs/RAPCID_backbone_rapcid_backbone_235_model_2.fa,1043.2813202440739,618.8296629339457,0.4068429569991999,0.3392857142857143,0.4444444444444444,0.4449041568913773,0.14285714285714285,0.8133582119694525,0.0,0.8144329956884813,1.0,0.3345674258877352
backbone_denovo,RAPCID_backbone_rapcid_backbone_124_model_7,/scratch/a2149a01/RAPCID_2610_output/ligandmpnn_inputs/backbone_denovo/RAPCID_backbone_rapcid_backbone_124_model_7.pdb,/scratch/a2149a01/RAPCID_2610_output/ligandmpnn/seqs/RAPCID_backbone_rapcid_backbone_124_model_7.fa,1043.25877353549,619.7185405641794,0.40597811752493485,0.38181818181818183,0.3333333333333333,0.5473459300280449,0.14285714285714285,0.7923520961807274,0.0,1.0,1.0,0.32814469834076615
backbone_long,RAPCID_backbone_rapcid_backbone_38_model_4,/scratch/a2149a01/RAPCID_2610_output/ligandmpnn_inputs/backbone_long/RAPCID_backbone_rapcid_backbone_38_model_4.pdb,/scratch/a2149a01/RAPCID_2610_output/ligandmpnn/seqs/RAPCID_backbone_rapcid_backbone_38_model_4.fa,1044.4361829459667,620.5754678547382,0.4058272989888906,0.32142857142857145,0.4444444444444444,0.4690790851370428,0.14285714285714285,0.7708892239438033,0.0,0.8556701158380227,1.0,0.3296460940688103
backbone_long,RAPCID_backbone_rapcid_backbone_141_model_4,/scratch/a2149a01/RAPCID_2610_output/ligandmpnn_inputs/backbone_long/RAPCID_backbone_rapcid_backbone_141_model_4.pdb,/scratch/a2149a01/RAPCID_2610_output/ligandmpnn/seqs/RAPCID_backbone_rapcid_backbone_141_model_4.fa,1042.0449339598417,619.3136494159698,0.40567471782379305,0.3148148148148148,0.4074074074074074,0.48800463820872647,0.14285714285714285,0.7003434618499942,0.0,0.7269072306160567,1.0,0.3223684378355217
backbone_denovo,RAPCID_backbone_rapcid_backbone_17_model_4,/scratch/a2149a01/RAPCID_2610_output/ligandmpnn_inputs/backbone_denovo/RAPCID_backbone_rapcid_backbone_17_model_4.pdb,/scratch/a2149a01/RAPCID_2610_output/ligandmpnn/seqs/RAPCID_backbone_rapcid_backbone_17_model_4.fa,1042.4182311743498,619.5583571046591,0.40565279982998037,0.3148148148148148,0.37037037037037035,0.5010063302424209,0.0,0.7530182342126625,0.5,0.51322091697815,0.5,0.31680301918275044
backbone,RAPCID_backbone_rapcid_backbone_213_model_5,/scratch/a2149a01/RAPCID_2610_output/ligandmpnn_inputs/backbone/RAPCID_backbone_rapcid_backbone_213_model_5.pdb,/scratch/a2149a01/RAPCID_2610_output/ligandmpnn/seqs/RAPCID_backbone_rapcid_backbone_213_model_5.fa,1040.904816493392,619.7349013835192,0.40461904723307285,0.3090909090909091,0.37037037037037035,0.5125447591880169,0.14285714285714285,0.7579414581646171,0.0,0.7452830097646255,0.5,0.31490685408316565
backbone,RAPCID_backbone_rapcid_backbone_167_model_3,/scratch/a2149a01/RAPCID_2610_output/ligandmpnn_inputs/backbone/RAPCID_backbone_rapcid_backbone_167_model_3.pdb,/scratch/a2149a01/RAPCID_2610_output/ligandmpnn/seqs/RAPCID_backbone_rapcid_backbone_167_model_3.fa,1037.9434366375208,617.9959894865751,0.4045956959961039,0.32727272727272727,0.4074074074074074,0.5066219795663874,0.14285714285714285,0.7116188166148125,0.0,0.8297872524043275,1.0,0.32499735612753966
backbone,RAPCID_backbone_rapcid_backbone_194_model_1,/scratch/a2149a01/RAPCID_2610_output/ligandmpnn_inputs/backbone/RAPCID_backbone_rapcid_backbone_194_model_1.pdb,/scratch/a2149a01/RAPCID_2610_output/ligandmpnn/seqs/RAPCID_backbone_rapcid_backbone_194_model_1.fa,1043.2759249210358,621.2057262808084,0.40456238714812987,0.23214285714285715,0.25925925925925924,0.491971214282974,0.14285714285714285,0.8044480928539649,0.0,0.763440857768257,1.0,0.2789776773912616
backbone_long,RAPCID_backbone_rapcid_backbone_193_model_1,/scratch/a2149a01/RAPCID_2610_output/ligandmpnn_inputs/backbone_long/RAPCID_backbone_rapcid_backbone_193_model_1.pdb,/scratch/a2149a01/RAPCID_2610_output/ligandmpnn/seqs/RAPCID_backbone_rapcid_backbone_193_model_1.fa,1039.9997865110636,619.2859899550676,0.4045325797300251,0.2,0.37037037037037035,0.5013649115876964,0.0,0.7548407808280713,0.0,0.7789473582600008,1.0,0.2875952164340668
backbone,RAPCID_backbone_rapcid_backbone_11_model_6,/scratch/a2149a01/RAPCID_2610_output/ligandmpnn_inputs/backbone/RAPCID_backbone_rapcid_backbone_11_model_6.pdb,/scratch/a2149a01/RAPCID_2610_output/ligandmpnn/seqs/RAPCID_backbone_rapcid_backbone_11_model_6.fa,1039.1037267744541,619.4193728715181,0.4038907214833153,0.25,0.4074074074074074,0.4638867692590484,0.14285714285714285,0.7824005380958816,0.0,0.8097344906242704,1.0,0.305361935778603
backbone,RAPCID_backbone_rapcid_backbone_144_model_4,/scratch/a2149a01/RAPCID_2610_output/ligandmpnn_inputs/backbone/RAPCID_backbone_rapcid_backbone_144_model_4.pdb,/scratch/a2149a01/RAPCID_2610_output/ligandmpnn/seqs/RAPCID_backbone_rapcid_backbone_144_model_4.fa,1041.905931726098,622.1115241348743,0.402910085074342,0.3090909090909091,0.4074074074074074,0.4911337034055207,0.14285714285714285,0.7042874254886449,0.0,0.7708333379258564,1.0,0.3196933766672923
backbone,RAPCID_backbone_rapcid_backbone_109_model_6,/scratch/a2149a01/RAPCID_2610_output/ligandmpnn_inputs/backbone/RAPCID_backbone_rapcid_backbone_109_model_6.pdb,/scratch/a2149a01/RAPCID_2610_output/ligandmpnn/seqs/RAPCID_backbone_rapcid_backbone_109_model_6.fa,1040.1031655669212,622.4534947425127,0.40154638948412713,0.26785714285714285,0.37037037037037035,0.5166134385944438,0.14285714285714285,0.6842621283574646,0.0,0.7523364613829059,1.0,0.3032157165376985
backbone_long,RAPCID_backbone_rapcid_backbone_147_model_0,/scratch/a2149a01/RAPCID_2610_output/ligandmpnn_inputs/backbone_long/RAPCID_backbone_rapcid_backbone_147_model_0.pdb,/scratch/a2149a01/RAPCID_2610_output/ligandmpnn/seqs/RAPCID_backbone_rapcid_backbone_147_model_0.fa,1044.4361829459667,626.3047297596931,0.40034179207281007,0.30357142857142855,0.37037037037037035,0.49653149452438083,0.14285714285714285,0.7173190112491004,0.0,0.6476803883132459,0.5,0.31160221913117725
backbone,RAPCID_backbone_rapcid_backbone_231_model_4,/scratch/a2149a01/RAPCID_2610_output/ligandmpnn_inputs/backbone/RAPCID_backbone_rapcid_backbone_231_model_4.pdb,/scratch/a2149a01/RAPCID_2610_output/ligandmpnn/seqs/RAPCID_backbone_rapcid_backbone_231_model_4.fa,1041.4352697730064,625.2771361470222,0.3996005759596475,0.36363636363636365,0.37037037037037035,0.5042091749944008,0.42857142857142855,0.6555308807712049,0.0,0.8504672955728967,1.0,0.3262849056464878
backbone,RAPCID_backbone_rapcid_backbone_0_model_5,/scratch/a2149a01/RAPCID_2610_output/ligandmpnn_inputs/backbone/RAPCID_backbone_rapcid_backbone_0_model_5.pdb,/scratch/a2149a01/RAPCID_2610_output/ligandmpnn/seqs/RAPCID_backbone_rapcid_backbone_0_model_5.fa,1042.7543054372072,626.0788833796978,0.39959117875116834,0.3090909090909091,0.4074074074074074,0.46506515403436977,0.14285714285714285,0.8064294774178176,0.5,0.5567010356604423,0.5,0.31819986882186413
backbone_long,RAPCID_backbone_rapcid_backbone_18_model_0,/scratch/a2149a01/RAPCID_2610_output/ligandmpnn_inputs/backbone_long/RAPCID_backbone_rapcid_backbone_18_model_0.pdb,/scratch/a2149a01/RAPCID_2610_output/ligandmpnn/seqs/RAPCID_backbone_rapcid_backbone_18_model_0.fa,1039.6045360267162,624.7614597082138,0.39903930960516854,0.2777777777777778,0.37037037037037035,0.4825306776465496,0.14285714285714285,0.767924235134595,0.0,0.7886597865046634,1.0,0.3045676893223258
backbone_long,RAPCID_backbone_rapcid_backbone_96_model_7,/scratch/a2149a01/RAPCID_2610_output/ligandmpnn_inputs/backbone_long/RAPCID_backbone_rapcid_backbone_96_model_7.pdb,/scratch/a2149a01/RAPCID_2610_output/ligandmpnn/seqs/RAPCID_backbone_rapcid_backbone_96_model_7.fa,1043.7606514841318,627.4429132342339,0.3988632237265626,0.2727272727272727,0.37037037037037035,0.46334492749718814,0.14285714285714285,0.8181806547727142,0.0,0.8053097193211569,1.0,0.3032258244143269
backbone_long,RAPCID_backbone_rapcid_backbone_123_model_7,/scratch/a2149a01/RAPCID_2610_output/ligandmpnn_inputs/backbone_long/RAPCID_backbone_rapcid_backbone_123_model_7.pdb,/scratch/a2149a01/RAPCID_2610_output/ligandmpnn/seqs/RAPCID_backbone_rapcid_backbone_123_model_7.fa,1044.716412499547,628.0787615478039,0.39880454252165176,0.2982456140350877,0.37037037037037035,0.48068655273089156,0.14285714285714285,0.7543524154633271,0.0,0.860824746766361,1.0,0.3095790031990707
backbone_long,RAPCID_backbone_rapcid_backbone_175_model_7,/scratch/a2149a01/RAPCID_2610_output/ligandmpnn_inputs/backbone_long/RAPCID_backbone_rapcid_backbone_175_model_7.pdb,/scratch/a2149a01/RAPCID_2610_output/ligandmpnn/seqs/RAPCID_backbone_rapcid_backbone_175_model_7.fa,1036.4461232870817,623.5602068305016,0.39836698423562567,0.2222222222222222,0.2962962962962963,0.5217018420300329,0.14285714285714285,0.6783851669048461,0.0,0.7803738496435793,1.0,0.27926514290603155
backbone,RAPCID_backbone_rapcid_backbone_204_model_3,/scratch/a2149a01/RAPCID_2610_output/ligandmpnn_inputs/backbone/RAPCID_backbone_rapcid_backbone_204_model_3.pdb,/scratch/a2149a01/RAPCID_2610_output/ligandmpnn/seqs/RAPCID_backbone_rapcid_backbone_204_model_3.fa,1040.5116156488657,626.6559477448463,0.3977424775272095,0.24561403508771928,0.2962962962962963,0.4619987812541383,0.14285714285714285,0.7443070597504359,0.0,0.7722344987303036,1.0,0.28483206810361855
backbone,RAPCID_backbone_rapcid_backbone_106_model_2,/scratch/a2149a01/RAPCID_2610_output/ligandmpnn_inputs/backbone/RAPCID_backbone_rapcid_backbone_106_model_2.pdb,/scratch/a2149a01/RAPCID_2610_output/ligandmpnn/seqs/RAPCID_backbone_rapcid_backbone_106_model_2.fa,1042.0449339598417,627.6550492793322,0.3976698808042757,0.2962962962962963,0.37037037037037035,0.5073592107398811,0.14285714285714285,0.8127702251271857,0.0,0.8364486261649262,1.0,0.3085810759915537
backbone_long,RAPCID_backbone_rapcid_backbone_126_model_2,/scratch/a2149a01/RAPCID_2610_output/ligandmpnn_inputs/backbone_long/RAPCID_backbone_rapcid_backbone_126_model_2.pdb,/scratch/a2149a01/RAPCID_2610_output/ligandmpnn/seqs/RAPCID_backbone_rapcid_backbone_126_model_2.fa,1040.9532422423363,627.0505920648575,0.39761886834213955,0.32142857142857145,0.4074074074074074,0.4956290171887839,0.14285714285714285,0.8209734017263096,0.0,0.6946902650723952,0.5,0.3203967447222168
backbone,RAPCID_backbone_rapcid_backbone_186_model_5,/scratch/a2149a01/RAPCID_2610_output/ligandmpnn_inputs/backbone/RAPCID_backbone_rapcid_backbone_186_model_5.pdb,/scratch/a2149a01/RAPCID_2610_output/ligandmpnn/seqs/RAPCID_backbone_rapcid_backbone_186_model_5.fa,1044.7282166332006,629.78739567101,0.3971758533519867,0.24561403508771928,0.2962962962962963,0.5191940851818803,0.0,0.7260180000729521,0.0,0.9315789106323108,1.0,0.28457708722476827
backbone,RAPCID_backbone_rapcid_backbone_138_model_1,/scratch/a2149a01/RAPCID_2610_output/ligandmpnn_inputs/backbone/RAPCID_backbone_rapcid_backbone_138_model_1.pdb,/scratch/a2149a01/RAPCID_2610_output/ligandmpnn/seqs/RAPCID_backbone_rapcid_backbone_138_model_1.fa,1039.1037267744541,626.5143686383963,0.39706272579427837,0.23214285714285715,0.2962962962962963,0.5092488658782246,0.14285714285714285,0.7251889070461299,0.0,0.7964601455020345,1.0,0.281158385337584
backbone,RAPCID_backbone_rapcid_backbone_130_model_7,/scratch/a2149a01/RAPCID_2610_output/ligandmpnn_inputs/backbone/RAPCID_backbone_rapcid_backbone_130_model_7.pdb,/scratch/a2149a01/RAPCID_2610_output/ligandmpnn/seqs/RAPCID_backbone_rapcid_backbone_130_model_7.fa,1038.5478457212448,626.1907714754343,0.3970515907810094,0.2962962962962963,0.37037037037037035,0.5021926671764929,0.0,0.7404905103991899,0.0,0.6622422772312384,1.0,0.3083028454810839
backbone_long,RAPCID_backbone_rapcid_backbone_157_model_5,/scratch/a2149a01/RAPCID_2610_output/ligandmpnn_inputs/backbone_long/RAPCID_backbone_rapcid_backbone_157_model_5.pdb,/scratch/a2149a01/RAPCID_2610_output/ligandmpnn/seqs/RAPCID_backbone_rapcid_backbone_157_model_5.fa,1044.4361829459667,630.2529792040586,0.3965615233413793,0.30357142857142855,0.37037037037037035,0.48844577161012287,0.14285714285714285,0.7605058352999162,0.0,0.8092783647601429,1.0,0.3099010982020334
backbone,RAPCID_backbone_rapcid_backbone_228_model_3,/scratch/a2149a01/RAPCID_2610_output/ligandmpnn_inputs/backbone/RAPCID_backbone_rapcid_backbone_228_model_3.pdb,/scratch/a2149a01/RAPCID_2610_output/ligandmpnn/seqs/RAPCID_backbone_rapcid_backbone_228_model_3.fa,1044.7282166332006,630.7905671596527,0.3962156309011414,0.2807017543859649,0.3333333333333333,0.5007970433072824,0.14285714285714285,0.7647260443963705,0.0,0.7736841903996171,1.0,0.29847247250200487
backbone_long,RAPCID_backbone_rapcid_backbone_16_model_1,/scratch/a2149a01/RAPCID_2610_output/ligandmpnn_inputs/backbone_long/RAPCID_backbone_rapcid_backbone_16_model_1.pdb,/scratch/a2149a01/RAPCID_2610_output/ligandmpnn/seqs/RAPCID_backbone_rapcid_backbone_16_model_1.fa,1035.6238827556372,625.7676707655191,0.3957577831244613,0.25925925925925924,0.37037037037037035,0.4953479916527186,0.0,0.7622263632772389,0.0,0.8878504799204612,1.0,0.29846137277637796
backbone,RAPCID_backbone_rapcid_backbone_248_model_3,/scratch/a2149a01/RAPCID_2610_output/ligandmpnn_inputs/backbone/RAPCID_backbone_rapcid_backbone_248_model_3.pdb,/scratch/a2149a01/RAPCID_2610_output/ligandmpnn/seqs/RAPCID_backbone_rapcid_backbone_248_model_3.fa,1039.1037267744541,628.0517102181911,0.3955832377122107,0.32142857142857145,0.4074074074074074,0.47062698104312084,0.14285714285714285,0.7899473400113282,0.0,0.8097344906242704,1.0,0.3194807109387488
backbone,RAPCID_backbone_rapcid_backbone_195_model_3,/scratch/a2149a01/RAPCID_2610_output/ligandmpnn_inputs/backbone/RAPCID_backbone_rapcid_backbone_195_model_3.pdb,/scratch/a2149a01/RAPCID_2610_output/ligandmpnn/seqs/RAPCID_backbone_rapcid_backbone_195_model_3.fa,1042.416189700365,630.07502605021,0.395562892944592,0.25,0.3333333333333333,0.4921922295117176,0.14285714285714285,0.7633471496588294,0.0,0.6649484624174569,0.5,0.2905033018250664
backbone,RAPCID_backbone_rapcid_backbone_6_model_2,/scratch/a2149a01/RAPCID_2610_output/ligandmpnn_inputs/backbone/RAPCID_backbone_rapcid_backbone_6_model_2.pdb,/scratch/a2149a01/RAPCID_2610_output/ligandmpnn/seqs/RAPCID_backbone_rapcid_backbone_6_model_2.fa,1039.6766591370106,628.5806990116835,0.39540751108768724,0.25925925925925924,0.4074074074074074,0.47042693507529615,0.0,0.8507269646286709,0.0,0.8092783647601429,1.0,0.3038593059153852
backbone_denovo,RAPCID_backbone_rapcid_backbone_3_model_0,/scratch/a2149a01/RAPCID_2610_output/ligandmpnn_inputs/backbone_denovo/RAPCID_backbone_rapcid_backbone_3_model_0.pdb,/scratch/a2149a01/RAPCID_2610_output/ligandmpnn/seqs/RAPCID_backbone_rapcid_backbone_3_model_0.fa,1042.6291622072458,630.4473883062601,0.3953292204376837,0.34545454545454546,0.2962962962962963,0.6002203066798105,0.2857142857142857,0.603982007371399,0.0,0.6590908880362794,0.5,0.3087062300050385
backbone,RAPCID_backbone_rapcid_backbone_76_model_1,/scratch/a2149a01/RAPCID_2610_output/ligandmpnn_inputs/backbone/RAPCID_backbone_rapcid_backbone_76_model_1.pdb,/scratch/a2149a01/RAPCID_2610_output/ligandmpnn/seqs/RAPCID_backbone_rapcid_backbone_76_model_1.fa,1037.8373865634203,628.2388174086809,0.39466545959674737,0.2962962962962963,0.3333333333333333,0.4923377188911926,0.14285714285714285,0.6559828467188688,0.5,0.36570792037995764,0.5,0.30167353089261034
backbone_long,RAPCID_backbone_rapcid_backbone_171_model_0,/scratch/a2149a01/RAPCID_2610_output/ligandmpnn_inputs/backbone_long/RAPCID_backbone_rapcid_backbone_171_model_0.pdb,/scratch/a2149a01/RAPCID_2610_output/ligandmpnn/seqs/RAPCID_backbone_rapcid_backbone_171_model_0.fa,1039.6555823534727,629.6752182096243,0.39434248332103805,0.2962962962962963,0.37037037037037035,0.5364975407673307,0.2857142857142857,0.6652524951136222,0.5,0.6214953244072187,0.5,0.3070837471240968
backbone_denovo,RAPCID_backbone_rapcid_backbone_231_model_0,/scratch/a2149a01/RAPCID_2610_output/ligandmpnn_inputs/backbone_denovo/RAPCID_backbone_rapcid_backbone_231_model_0.pdb,/scratch/a2149a01/RAPCID_2610_output/ligandmpnn/seqs/RAPCID_backbone_rapcid_backbone_231_model_0.fa,1041.039002045989,630.5175320357084,0.3943382228749057,0.32727272727272727,0.4074074074074074,0.5697605338005156,0.0,0.7055868872607302,0.0,0.9625000081060332,1.0,0.3203814932230005
backbone_long,RAPCID_backbone_rapcid_backbone_40_model_1,/scratch/a2149a01/RAPCID_2610_output/ligandmpnn_inputs/backbone_long/RAPCID_backbone_rapcid_backbone_40_model_1.pdb,/scratch/a2149a01/RAPCID_2610_output/ligandmpnn/seqs/RAPCID_backbone_rapcid_backbone_40_model_1.fa,1041.3636113405228,631.2669341415167,0.3938073817185702,0.32142857142857145,0.37037037037037035,0.48136284527311757,0.14285714285714285,0.7482855714171679,0.0,0.626174825031445,0.5,0.31312602018605507
backbone_long,RAPCID_backbone_rapcid_backbone_35_model_5,/scratch/a2149a01/RAPCID_2610_output/ligandmpnn_inputs/backbone_long/RAPCID_backbone_rapcid_backbone_35_model_5.pdb,/scratch/a2149a01/RAPCID_2610_output/ligandmpnn/seqs/RAPCID_backbone_rapcid_backbone_35_model_5.fa,1040.9144045263529,631.4105989336967,0.39340776130290234,0.19642857142857142,0.2962962962962963,0.5186555334106733,0.14285714285714285,0.7538321914021802,0.0,0.7523364613829059,1.0,0.2705850798878933
backbone_long,RAPCID_backbone_rapcid_backbone_211_model_0,/scratch/a2149a01/RAPCID_2610_output/ligandmpnn_inputs/backbone_long/RAPCID_backbone_rapcid_backbone_211_model_0.pdb,/scratch/a2149a01/RAPCID_2610_output/ligandmpnn/seqs/RAPCID_backbone_rapcid_backbone_211_model_0.fa,1043.7606514841318,633.1624681204557,0.3933834665829212,0.2727272727272727,0.2962962962962963,0.5404378308569975,0.14285714285714285,0.6620873958110042,0.5,0.31338494772854236,0.5,0.28964882258857716
backbone_long,RAPCID_backbone_rapcid_backbone_153_model_4,/scratch/a2149a01/RAPCID_2610_output/ligandmpnn_inputs/backbone_long/RAPCID_backbone_rapcid_backbone_153_model_4.pdb,/scratch/a2149a01/RAPCID_2610_output/ligandmpnn/seqs/RAPCID_backbone_rapcid_backbone_153_model_4.fa,1040.1031655669212,631.2710014432669,0.3930688586077087,0.25,0.2962962962962963,0.49045172485248856,0.14285714285714285,0.7716941168759133,0.0,0.7383177754933579,0.5,0.28382543081791334
backbone_long,RAPCID_backbone_rapcid_backbone_87_model_6,/scratch/a2149a01/RAPCID_2610_output/ligandmpnn_inputs/backbone_long/RAPCID_backbone_rapcid_backbone_87_model_6.pdb,/scratch/a2149a01/RAPCID_2610_output/ligandmpnn/seqs/RAPCID_backbone_rapcid_backbone_87_model_6.fa,1039.6451449245214,631.127826794982,0.3929391871100384,0.2909090909090909,0.37037037037037035,0.5138322054507709,0.14285714285714285,0.762697881372593,0.0,0.8854166965180665,1.0,0.30510546248234555
backbone,RAPCID_backbone_rapcid_backbone_79_model_4,/scratch/a2149a01/RAPCID_2610_output/ligandmpnn_inputs/backbone/RAPCID_backbone_rapcid_backbone_79_model_4.pdb,/scratch/a2149a01/RAPCID_2610_output/ligandmpnn/seqs/RAPCID_backbone_rapcid_backbone_79_model_4.fa,1042.7543054372072,633.5034992992878,0.3924709819024226,0.3090909090909091,0.4074074074074074,0.4689363548726207,0.14285714285714285,0.8130272415646437,0.0,0.8711340449844551,1.0,0.3149957802399286
backbone,RAPCID_backbone_rapcid_backbone_173_model_1,/scratch/a2149a01/RAPCID_2610_output/ligandmpnn_inputs/backbone/RAPCID_backbone_rapcid_backbone_173_model_1.pdb,/scratch/a2149a01/RAPCID_2610_output/ligandmpnn/seqs/RAPCID_backbone_rapcid_backbone_173_model_1.fa,1039.5288173556328,632.195818528533,0.3918438739036393,0.26785714285714285,0.37037037037037035,0.46773230161604257,0.14285714285714285,0.7996326053333817,0.0,0.736559161194418,0.5,0.2988495845264789
backbone_long,RAPCID_backbone_rapcid_backbone_20_model_0,/scratch/a2149a01/RAPCID_2610_output/ligandmpnn_inputs/backbone_long/RAPCID_backbone_rapcid_backbone_20_model_0.pdb,/scratch/a2149a01/RAPCID_2610_output/ligandmpnn/seqs/RAPCID_backbone_rapcid_backbone_20_model_0.fa,1042.416189700365,634.2292219102383,0.3915777324097942,0.30357142857142855,0.4074074074074074,0.5031261051830429,0.14285714285714285,0.7543838087374166,0.0,0.7577319645732162,1.0,0.31321394783837564
backbone_long,RAPCID_backbone_rapcid_backbone_53_model_0,/scratch/a2149a01/RAPCID_2610_output/ligandmpnn_inputs/backbone_long/RAPCID_backbone_rapcid_backbone_53_model_0.pdb,/scratch/a2149a01/RAPCID_2610_output/ligandmpnn/seqs/RAPCID_backbone_rapcid_backbone_53_model_0.fa,1045.6712324172258,636.2981296032667,0.39149312912399037,0.2982456140350877,0.4074074074074074,0.4990327025614435,0.14285714285714285,0.771550522947332,0.0,0.8526315597976939,1.0,0.3118444227256787
backbone,RAPCID_backbone_rapcid_backbone_53_model_2,/scratch/a2149a01/RAPCID_2610_output/ligandmpnn_inputs/backbone/RAPCID_backbone_rapcid_backbone_53_model_2.pdb,/scratch/a2149a01/RAPCID_2610_output/ligandmpnn/seqs/RAPCID_backbone_rapcid_backbone_53_model_2.fa,1037.5562817156315,631.9268049895763,0.3909469624677461,0.2909090909090909,0.37037037037037035,0.5151658728169881,0.14285714285714285,0.7961811679606476,0.0,0.7757009433593449,1.0,0.304208961393314
backbone_long,RAPCID_backbone_rapcid_backbone_204_model_4,/scratch/a2149a01/RAPCID_2610_output/ligandmpnn_inputs/backbone_long/RAPCID_backbone_rapcid_backbone_204_model_4.pdb,/scratch/a2149a01/RAPCID_2610_output/ligandmpnn/seqs/RAPCID_backbone_rapcid_backbone_204_model_4.fa,1043.2813202440739,636.4715682119131,0.3899329395996358,0.30357142857142855,0.37037037037037035,0.4992188529912119,0.14285714285714285,0.6905602415244166,0.0,0.5297383191464413,0.5,0.3069182355182488
backbone,RAPCID_backbone_rapcid_backbone_63_model_7,/scratch/a2149a01/RAPCID_2610_output/ligandmpnn_inputs/backbone/RAPCID_backbone_rapcid_backbone_63_model_7.pdb,/scratch/a2149a01/RAPCID_2610_output/ligandmpnn/seqs/RAPCID_backbone_rapcid_backbone_63_model_7.fa,1040.0336503088474,635.1392335742712,0.3893089580460586,0.2545454545454545,0.25925925925925924,0.5344180174173799,0.14285714285714285,0.7369567132566884,0.0,0.6650943421338964,0.5,0.2777142836459789
backbone,RAPCID_backbone_rapcid_backbone_65_model_7,/scratch/a2149a01/RAPCID_2610_output/ligandmpnn_inputs/backbone/RAPCID_backbone_rapcid_backbone_65_model_7.pdb,/scratch/a2149a01/RAPCID_2610_output/ligandmpnn/seqs/RAPCID_backbone_rapcid_backbone_65_model_7.fa,1042.3067301809788,636.6195935457945,0.3892204903682658,0.21428571428571427,0.2222222222222222,0.5354070501758595,0.14285714285714285,0.7538782660524851,0.0,0.7525773154641691,1.0,0.2620539825704815
backbone,RAPCID_backbone_rapcid_backbone_138_model_0,/scratch/a2149a01/RAPCID_2610_output/ligandmpnn_inputs/backbone/RAPCID_backbone_rapcid_backbone_138_model_0.pdb,/scratch/a2149a01/RAPCID_2610_output/ligandmpnn/seqs/RAPCID_backbone_rapcid_backbone_138_model_0.fa,1039.1037267744541,635.1073151379824,0.3887931505072567,0.23214285714285715,0.4074074074074074,0.5128938542609978,0.0,0.7975221750399933,0.0,0.8230088045336107,1.0,0.2941037431250909
backbone_denovo,RAPCID_backbone_rapcid_backbone_234_model_6,/scratch/a2149a01/RAPCID_2610_output/ligandmpnn_inputs/backbone_denovo/RAPCID_backbone_rapcid_backbone_234_model_6.pdb,/scratch/a2149a01/RAPCID_2610_output/ligandmpnn/seqs/RAPCID_backbone_rapcid_backbone_234_model_6.fa,1038.7849435508251,635.2660887986422,0.38845273726518914,0.2727272727272727,0.4074074074074074,0.49643579791882814,0.0,0.8010019605040437,0.0,0.6395348772075449,0.5,0.3040966610622644
backbone_long,RAPCID_backbone_rapcid_backbone_149_model_6,/scratch/a2149a01/RAPCID_2610_output/ligandmpnn_inputs/backbone_long/RAPCID_backbone_rapcid_backbone_149_model_6.pdb,/scratch/a2149a01/RAPCID_2610_output/ligandmpnn/seqs/RAPCID_backbone_rapcid_backbone_149_model_6.fa,1036.697216540575,634.6043824851513,0.3878594710586708,0.2727272727272727,0.37037037037037035,0.5116962139279546,0.14285714285714285,0.6877961590056342,0.0,0.5504238095878827,0.5,0.2982741357137756
backbone,RAPCID_backbone_rapcid_backbone_155_model_5,/scratch/a2149a01/RAPCID_2610_output/ligandmpnn_inputs/backbone/RAPCID_backbone_rapcid_backbone_155_model_5.pdb,/scratch/a2149a01/RAPCID_2610_output/ligandmpnn/seqs/RAPCID_backbone_rapcid_backbone_155_model_5.fa,1040.1031655669212,636.7791548222303,0.3877730826103717,0.21428571428571427,0.2962962962962963,0.4920247529503907,0.14285714285714285,0.8144163044370293,0.0,0.6728972028851199,0.5,0.2725137601905403
backbone_long,RAPCID_backbone_rapcid_backbone_45_model_3,/scratch/a2149a01/RAPCID_2610_output/ligandmpnn_inputs/backbone_long/RAPCID_backbone_rapcid_backbone_45_model_3.pdb,/scratch/a2149a01/RAPCID_2610_output/ligandmpnn/seqs/RAPCID_backbone_rapcid_backbone_45_model_3.fa,1044.716412499547,639.7267485558987,0.3876551177890334,0.24561403508771928,0.2962962962962963,0.48975537428198457,0.14285714285714285,0.7600589860589759,0.0,0.7577319645732162,1.0,0.2802927562214393
backbone,RAPCID_backbone_rapcid_backbone_54_model_5,/scratch/a2149a01/RAPCID_2610_output/ligandmpnn_inputs/backbone/RAPCID_backbone_rapcid_backbone_54_model_5.pdb,/scratch/a2149a01/RAPCID_2610_output/ligandmpnn/seqs/RAPCID_backbone_rapcid_backbone_54_model_5.fa,1039.6766591370106,636.6514041125774,0.38764480425959214,0.2962962962962963,0.4074074074074074,0.47867466304550255,0.14285714285714285,0.824379171671679,0.0,0.8092783647601429,1.0,0.3096253471020016
backbone,RAPCID_backbone_rapcid_backbone_83_model_2,/scratch/a2149a01/RAPCID_2610_output/ligandmpnn_inputs/backbone/RAPCID_backbone_rapcid_backbone_83_model_2.pdb,/scratch/a2149a01/RAPCID_2610_output/ligandmpnn/seqs/RAPCID_backbone_rapcid_backbone_83_model_2.fa,1041.905931726098,639.0849171280861,0.38661936968788446,0.2727272727272727,0.3333333333333333,0.5166000734051182,0.14285714285714285,0.7822029100633736,0.0,0.7604166873330205,1.0,0.2921605345413662
backbone_denovo,RAPCID_backbone_rapcid_backbone_140_model_2,/scratch/a2149a01/RAPCID_2610_output/ligandmpnn_inputs/backbone_denovo/RAPCID_backbone_rapcid_backbone_140_model_2.pdb,/scratch/a2149a01/RAPCID_2610_output/ligandmpnn/seqs/RAPCID_backbone_rapcid_backbone_140_model_2.fa,1046.5645312964916,641.944962233305,0.38661693279624243,0.4107142857142857,0.37037037037037035,0.6101055528117181,0.0,0.7490077391108295,0.0,1.0,1.0,0.33221174674243614
backbone_long,RAPCID_backbone_rapcid_backbone_13_model_2,/scratch/a2149a01/RAPCID_2610_output/ligandmpnn_inputs/backbone_long/RAPCID_backbone_rapcid_backbone_13_model_2.pdb,/scratch/a2149a01/RAPCID_2610_output/ligandmpnn/seqs/RAPCID_backbone_rapcid_backbone_13_model_2.fa,1040.9532422423363,638.7689343690872,0.38636154973387327,0.25,0.37037037037037035,0.5173337668429497,0.14285714285714285,0.7626903014517483,0.0,0.7756977307747512,1.0,0.29191825293579854
backbone,RAPCID_backbone_rapcid_backbone_37_model_2,/scratch/a2149a01/RAPCID_2610_output/ligandmpnn_inputs/backbone/RAPCID_backbone_rapcid_backbone_37_model_2.pdb,/scratch/a2149a01/RAPCID_2610_output/ligandmpnn/seqs/RAPCID_backbone_rapcid_backbone_37_model_2.fa,1044.3158884495497,641.2302708923817,0.3859805467056636,0.2807017543859649,0.3333333333333333,0.5198435346603433,0.0,0.8137706058213328,0.0,0.8157894775923074,1.0,0.29386668461403986
backbone,RAPCID_backbone_rapcid_backbone_200_model_6,/scratch/a2149a01/RAPCID_2610_output/ligandmpnn_inputs/backbone/RAPCID_backbone_rapcid_backbone_200_model_6.pdb,/scratch/a2149a01/RAPCID_2610_output/ligandmpnn/seqs/RAPCID_backbone_rapcid_backbone_200_model_6.fa,1039.6766591370106,638.6042106449604,0.385766521703933,0.25925925925925924,0.37037037037037035,0.5076025177083361,0.14285714285714285,0.8038640978447082,0.0,0.747422666355122,0.5,0.29396530513714025
backbone_denovo,RAPCID_backbone_rapcid_backbone_18_model_0,/scratch/a2149a01/RAPCID_2610_output/ligandmpnn_inputs/backbone_denovo/RAPCID_backbone_rapcid_backbone_18_model_0.pdb,/scratch/a2149a01/RAPCID_2610_output/ligandmpnn/seqs/RAPCID_backbone_rapcid_backbone_18_model_0.fa,1040.3829977214336,639.4068873375654,0.3854120177492857,0.3392857142857143,0.4074074074074074,0.5158996721844065,0.2857142857142857,0.721393924733208,0.0,0.981132105606757,1.0,0.31936794766971827
backbone_long,RAPCID_backbone_rapcid_backbone_3_model_3,/scratch/a2149a01/RAPCID_2610_output/ligandmpnn_inputs/backbone_long/RAPCID_backbone_rapcid_backbone_3_model_3.pdb,/scratch/a2149a01/RAPCID_2610_output/ligandmpnn/seqs/RAPCID_backbone_rapcid_backbone_3_model_3.fa,1038.045450091362,638.2747025191784,0.38511873207189373,0.24074074074074073,0.3333333333333333,0.5238742677228744,0.14285714285714285,0.7402936322627444,0.0,0.7743362889864673,1.0,0.2834886146175374
backbone,RAPCID_backbone_rapcid_backbone_44_model_1,/scratch/a2149a01/RAPCID_2610_output/ligandmpnn_inputs/backbone/RAPCID_backbone_rapcid_backbone_44_model_1.pdb,/scratch/a2149a01/RAPCID_2610_output/ligandmpnn/seqs/RAPCID_backbone_rapcid_backbone_44_model_1.fa,1037.8373865634203,638.3410570472479,0.3849315265458111,0.18518518518518517,0.25925925925925924,0.5447849536958171,0.2857142857142857,0.624301106732168,0.5,0.5353982289490867,0.5,0.25840437213080014
backbone,RAPCID_backbone_rapcid_backbone_196_model_6,/scratch/a2149a01/RAPCID_2610_output/ligandmpnn_inputs/backbone/RAPCID_backbone_rapcid_backbone_196_model_6.pdb,/scratch/a2149a01/RAPCID_2610_output/ligandmpnn/seqs/RAPCID_backbone_rapcid_backbone_196_model_6.fa,1042.3067301809788,641.3796526938677,0.384653639737601,0.26785714285714285,0.3333333333333333,0.5081014432685743,0.14285714285714285,0.7904881052275715,0.0,0.7216494935327219,0.5,0.29005842359620615
backbone_denovo,RAPCID_backbone_rapcid_backbone_6_model_3,/scratch/a2149a01/RAPCID_2610_output/ligandmpnn_inputs/backbone_denovo/RAPCID_backbone_rapcid_backbone_6_model_3.pdb,/scratch/a2149a01/RAPCID_2610_output/ligandmpnn/seqs/RAPCID_backbone_rapcid_backbone_6_model_3.fa,1041.6269612163305,641.4754205644131,0.3841601221464658,0.26785714285714285,0.37037037037037035,0.5615409836517153,0.14285714285714285,0.7743731305974244,0.0,0.9186046531669092,1.0,0.2953918962357509
backbone_denovo,RAPCID_backbone_rapcid_backbone_101_model_7,/scratch/a2149a01/RAPCID_2610_output/ligandmpnn_inputs/backbone_denovo/RAPCID_backbone_rapcid_backbone_101_model_7.pdb,/scratch/a2149a01/RAPCID_2610_output/ligandmpnn/seqs/RAPCID_backbone_rapcid_backbone_101_model_7.fa,1039.1335251927376,640.0303561091423,0.38407303720623387,0.26785714285714285,0.3333333333333333,0.4936550777417884,0.0,0.9195171048209799,0.0,1.0,1.0,0.2897971524570909
backbone_long,RAPCID_backbone_rapcid_backbone_241_model_5,/scratch/a2149a01/RAPCID_2610_output/ligandmpnn_inputs/backbone_long/RAPCID_backbone_rapcid_backbone_241_model_5.pdb,/scratch/a2149a01/RAPCID_2610_output/ligandmpnn/seqs/RAPCID_backbone_rapcid_backbone_241_model_5.fa,1041.8857262581587,641.7262485176325,0.3840723292924493,0.2727272727272727,0.3333333333333333,0.5174756952897303,0.14285714285714285,0.7600149927804483,0.0,0.835051555763252,1.0,0.2910143663634204
backbone_long,RAPCID_backbone_rapcid_backbone_246_model_4,/scratch/a2149a01/RAPCID_2610_output/ligandmpnn_inputs/backbone_long/RAPCID_backbone_rapcid_backbone_246_model_4.pdb,/scratch/a2149a01/RAPCID_2610_output/ligandmpnn/seqs/RAPCID_backbone_rapcid_backbone_246_model_4.fa,1042.416189700365,642.2389205545187,0.38389395051593966,0.2857142857142857,0.37037037037037035,0.5263878965678055,0.14285714285714285,0.6726374779424616,0.0,0.8453608176199285,1.0,0.2997364047162998
backbone_long,RAPCID_backbone_rapcid_backbone_40_model_3,/scratch/a2149a01/RAPCID_2610_output/ligandmpnn_inputs/backbone_long/RAPCID_backbone_rapcid_backbone_40_model_3.pdb,/scratch/a2149a01/RAPCID_2610_output/ligandmpnn/seqs/RAPCID_backbone_rapcid_backbone_40_model_3.fa,1041.3636113405228,642.3811839222908,0.3831345968625035,0.23214285714285715,0.25925925925925924,0.5361656007320186,0.14285714285714285,0.6905639161102027,0.0,0.6541353300452698,1.0,0.26933517176272975
backbone_long,RAPCID_backbone_rapcid_backbone_33_model_1,/scratch/a2149a01/RAPCID_2610_output/ligandmpnn_inputs/backbone_long/RAPCID_backbone_rapcid_backbone_33_model_1.pdb,/scratch/a2149a01/RAPCID_2610_output/ligandmpnn/seqs/RAPCID_backbone_rapcid_backbone_33_model_1.fa,1044.716412499547,644.781971052289,0.38281627115476313,0.2631578947368421,0.3333333333333333,0.5229093003987487,0.14285714285714285,0.7533772278660401,0.0,0.8247422575451577,1.0,0.28805679570385395
backbone,RAPCID_backbone_rapcid_backbone_239_model_0,/scratch/a2149a01/RAPCID_2610_output/ligandmpnn_inputs/backbone/RAPCID_backbone_rapcid_backbone_239_model_0.pdb,/scratch/a2149a01/RAPCID_2610_output/ligandmpnn/seqs/RAPCID_backbone_rapcid_backbone_239_model_0.fa,1042.3067301809788,643.3201812952757,0.3827918762612479,0.26785714285714285,0.2962962962962963,0.49789508330356363,0.14285714285714285,0.7585984421210542,0.0,0.7680412264298928,1.0,0.28366507447629175
backbone_long,RAPCID_backbone_rapcid_backbone_244_model_7,/scratch/a2149a01/RAPCID_2610_output/ligandmpnn_inputs/backbone_long/RAPCID_backbone_rapcid_backbone_244_model_7.pdb,/scratch/a2149a01/RAPCID_2610_output/ligandmpnn/seqs/RAPCID_backbone_rapcid_backbone_244_model_7.fa,1040.0521447360516,642.2984732687473,0.38243627829664995,0.25925925925925924,0.37037037037037035,0.5057195216857784,0.0,0.7533491167839949,0.0,0.7964601455020345,1.0,0.29246669560386285
backbone_long,RAPCID_backbone_rapcid_backbone_158_model_5,/scratch/a2149a01/RAPCID_2610_output/ligandmpnn_inputs/backbone_long/RAPCID_backbone_rapcid_backbone_158_model_5.pdb,/scratch/a2149a01/RAPCID_2610_output/ligandmpnn/seqs/RAPCID_backbone_rapcid_backbone_158_model_5.fa,1040.9532422423363,642.945969581604,0.38234884768059085,0.19642857142857142,0.2962962962962963,0.5616270408219467,0.14285714285714285,0.6629952901564129,0.0,0.7168141371944101,0.5,0.26560856875785316
backbone_denovo,RAPCID_backbone_rapcid_backbone_128_model_7,/scratch/a2149a01/RAPCID_2610_output/ligandmpnn_inputs/backbone_denovo/RAPCID_backbone_rapcid_backbone_128_model_7.pdb,/scratch/a2149a01/RAPCID_2610_output/ligandmpnn/seqs/RAPCID_backbone_rapcid_backbone_128_model_7.fa,1040.185861632228,642.5698257386684,0.38225479749324076,0.2545454545454545,0.3333333333333333,0.513240267199532,0.0,0.8608729615613788,0.0,1.0,1.0,0.285651022508322
backbone,RAPCID_backbone_rapcid_backbone_157_model_5,/scratch/a2149a01/RAPCID_2610_output/ligandmpnn_inputs/backbone/RAPCID_backbone_rapcid_backbone_157_model_5.pdb,/scratch/a2149a01/RAPCID_2610_output/ligandmpnn/seqs/RAPCID_backbone_rapcid_backbone_157_model_5.fa,1038.378325998783,641.4776808023453,0.38223124968895295,0.2777777777777778,0.2962962962962963,0.5520693592653093,0.14285714285714285,0.6462317083860448,0.5,0.5,0.5,0.2858929512489177
backbone_long,RAPCID_backbone_rapcid_backbone_233_model_0,/scratch/a2149a01/RAPCID_2610_output/ligandmpnn_inputs/backbone_long/RAPCID_backbone_rapcid_backbone_233_model_0.pdb,/scratch/a2149a01/RAPCID_2610_output/ligandmpnn/seqs/RAPCID_backbone_rapcid_backbone_233_model_0.fa,1039.9997865110636,642.6288405358791,0.3820875264871578,0.2727272727272727,0.37037037037037035,0.4960715608332623,0.14285714285714285,0.812014484469212,0.0,0.8421052612038463,1.0,0.29567676065659476
backbone_long,RAPCID_backbone_rapcid_backbone_205_model_2,/scratch/a2149a01/RAPCID_2610_output/ligandmpnn_inputs/backbone_long/RAPCID_backbone_rapcid_backbone_205_model_2.pdb,/scratch/a2149a01/RAPCID_2610_output/ligandmpnn/seqs/RAPCID_backbone_rapcid_backbone_205_model_2.fa,1046.1367504298687,646.7212653160095,0.38180045290420694,0.2037037037037037,0.25925925925925924,0.5229397365403262,0.14285714285714285,0.7809143561953394,0.0,0.8762886395513758,1.0,0.26162501862170795
backbone,RAPCID_backbone_rapcid_backbone_97_model_5,/scratch/a2149a01/RAPCID_2610_output/ligandmpnn_inputs/backbone/RAPCID_backbone_rapcid_backbone_97_model_5.pdb,/scratch/a2149a01/RAPCID_2610_output/ligandmpnn/seqs/RAPCID_backbone_rapcid_backbone_97_model_5.fa,1037.5562817156315,641.4484176039696,0.3817700023527256,0.23636363636363636,0.4074074074074074,0.4886033647521889,0.0,0.8717484540706891,0.0,0.9859812976288745,1.0,0.2919985212607467
backbone_long,RAPCID_backbone_rapcid_backbone_54_model_0,/scratch/a2149a01/RAPCID_2610_output/ligandmpnn_inputs/backbone_long/RAPCID_backbone_rapcid_backbone_54_model_0.pdb,/scratch/a2149a01/RAPCID_2610_output/ligandmpnn/seqs/RAPCID_backbone_rapcid_backbone_54_model_0.fa,1040.1031655669212,643.0705454647541,0.3817242685592246,0.19642857142857142,0.2962962962962963,0.5301089432683667,0.0,0.7411609115584581,0.0,0.7336448692091235,0.5,0.26532750815323836
backbone,RAPCID_backbone_rapcid_backbone_241_model_3,/scratch/a2149a01/RAPCID_2610_output/ligandmpnn_inputs/backbone/RAPCID_backbone_rapcid_backbone_241_model_3.pdb,/scratch/a2149a01/RAPCID_2610_output/ligandmpnn/seqs/RAPCID_backbone_rapcid_backbone_241_model_3.fa,1044.3877796679735,645.8914892077446,0.3815597024573735,0.2631578947368421,0.3333333333333333,0.5325529542326162,0.14285714285714285,0.6882341314951509,0.5,0.5,0.5,0.28749133979002855
backbone,RAPCID_backbone_rapcid_backbone_161_model_1,/scratch/a2149a01/RAPCID_2610_output/ligandmpnn_inputs/backbone/RAPCID_backbone_rapcid_backbone_161_model_1.pdb,/scratch/a2149a01/RAPCID_2610_output/ligandmpnn/seqs/RAPCID_backbone_rapcid_backbone_161_model_1.fa,1042.0061879456043,644.4441446959972,0.38153520377209216,0.30357142857142855,0.37037037037037035,0.47134472667877747,0.14285714285714285,0.7586641388350038,0.5,0.5927835112461137,0.5,0.3031392543958542
backbone_long,RAPCID_backbone_rapcid_backbone_136_model_7,/scratch/a2149a01/RAPCID_2610_output/ligandmpnn_inputs/backbone_long/RAPCID_backbone_rapcid_backbone_136_model_7.pdb,/scratch/a2149a01/RAPCID_2610_output/ligandmpnn/seqs/RAPCID_backbone_rapcid_backbone_136_model_7.fa,1044.280294507742,646.1203995794058,0.38127684398758355,0.32727272727272727,0.37037037037037035,0.4889939546905683,0.14285714285714285,0.8376342046685848,0.0,0.6542056107113376,0.5,0.30894831716814997
backbone_long,RAPCID_backbone_rapcid_backbone_118_model_6,/scratch/a2149a01/RAPCID_2610_output/ligandmpnn_inputs/backbone_long/RAPCID_backbone_rapcid_backbone_118_model_6.pdb,/scratch/a2149a01/RAPCID_2610_output/ligandmpnn/seqs/RAPCID_backbone_rapcid_backbone_118_model_6.fa,1039.6045360267162,643.2390664070845,0.38126562157424615,0.25925925925925924,0.2962962962962963,0.49738065099561757,0.14285714285714285,0.8135633556889635,0.0,0.8453608176199285,1.0,0.28082878896767005
backbone_long,RAPCID_backbone_rapcid_backbone_86_model_4,/scratch/a2149a01/RAPCID_2610_output/ligandmpnn_inputs/backbone_long/RAPCID_backbone_rapcid_backbone_86_model_4.pdb,/scratch/a2149a01/RAPCID_2610_output/ligandmpnn/seqs/RAPCID_backbone_rapcid_backbone_86_model_4.fa,1042.0449339598417,645.0323457866907,0.38099373187725805,0.2777777777777778,0.37037037037037035,0.49806074108636506,0.14285714285714285,0.7819580709847199,0.0,0.8317757033991144,1.0,0.29644717934476617
backbone_denovo,RAPCID_backbone_rapcid_backbone_48_model_3,/scratch/a2149a01/RAPCID_2610_output/ligandmpnn_inputs/backbone_denovo/RAPCID_backbone_rapcid_backbone_48_model_3.pdb,/scratch/a2149a01/RAPCID_2610_output/ligandmpnn/seqs/RAPCID_backbone_rapcid_backbone_48_model_3.fa,1038.3023531585932,642.9453450739384,0.38077252438266107,0.32142857142857145,0.3333333333333333,0.5758265608740936,0.14285714285714285,0.591175282824253,0.5,0.5634648673303201,0.5,0.3017047788293403
backbone,RAPCID_backbone_rapcid_backbone_203_model_2,/scratch/a2149a01/RAPCID_2610_output/ligandmpnn_inputs/backbone/RAPCID_backbone_rapcid_backbone_203_model_2.pdb,/scratch/a2149a01/RAPCID_2610_output/ligandmpnn/seqs/RAPCID_backbone_rapcid_backbone_203_model_2.fa,1043.3259306550026,646.227174282074,0.38060853728003197,0.21428571428571427,0.2222222222222222,0.49852950266039747,0.14285714285714285,0.7983530764476452,0.0,0.7989690847227576,1.0,0.25817860368077633
backbone_denovo,RAPCID_backbone_rapcid_backbone_1_model_7,/scratch/a2149a01/RAPCID_2610_output/ligandmpnn_inputs/backbone_denovo/RAPCID_backbone_rapcid_backbone_1_model_7.pdb,/scratch/a2149a01/RAPCID_2610_output/ligandmpnn/seqs/RAPCID_backbone_rapcid_backbone_1_model_7.fa,1039.7174626290798,644.1043697446585,0.3805005754967844,0.2727272727272727,0.37037037037037035,0.5310459007590226,0.14285714285714285,0.7732393893985948,0.5,0.595238096813612,0.5,0.2949626327109267
backbone_long,RAPCID_backbone_rapcid_backbone_99_model_4,/scratch/a2149a01/RAPCID_2610_output/ligandmpnn_inputs/backbone_long/RAPCID_backbone_rapcid_backbone_99_model_4.pdb,/scratch/a2149a01/RAPCID_2610_output/ligandmpnn/seqs/RAPCID_backbone_rapcid_backbone_99_model_4.fa,1042.6423090845346,646.2436988055706,0.3801865767628514,0.23214285714285715,0.2962962962962963,0.5258709843372212,0.14285714285714285,0.7817370355750641,0.0,0.7389380405293208,0.5,0.27356411827344185
backbone_long,RAPCID_backbone_rapcid_backbone_24_model_1,/scratch/a2149a01/RAPCID_2610_output/ligandmpnn_inputs/backbone_long/RAPCID_backbone_rapcid_backbone_24_model_1.pdb,/scratch/a2149a01/RAPCID_2610_output/ligandmpnn/seqs/RAPCID_backbone_rapcid_backbone_24_model_1.fa,1037.9434366375208,643.7392925024033,0.37979347450007983,0.2727272727272727,0.3333333333333333,0.5002898991067111,0.14285714285714285,0.7965678021619802,0.0,0.8457446728676837,1.0,0.2890888817068541
backbone_denovo,RAPCID_backbone_rapcid_backbone_228_model_2,/scratch/a2149a01/RAPCID_2610_output/ligandmpnn_inputs/backbone_denovo/RAPCID_backbone_rapcid_backbone_228_model_2.pdb,/scratch/a2149a01/RAPCID_2610_output/ligandmpnn/seqs/RAPCID_backbone_rapcid_backbone_228_model_2.fa,1046.5645312964916,649.5548247098923,0.37934565400833997,0.30357142857142855,0.4444444444444444,0.5307433338125632,0.0,0.8154349499053344,0.0,1.0,1.0,0.31326506811327676
backbone,RAPCID_backbone_rapcid_backbone_99_model_3,/scratch/a2149a01/RAPCID_2610_output/ligandmpnn_inputs/backbone/RAPCID_backbone_rapcid_backbone_99_model_3.pdb,/scratch/a2149a01/RAPCID_2610_output/ligandmpnn/seqs/RAPCID_backbone_rapcid_backbone_99_model_3.fa,1039.6766591370106,645.5517531037331,0.3790841148251064,0.2222222222222222,0.2962962962962963,0.5478591015340222,0.0,0.7145935061712604,0.0,0.42713211446617205,0.5,0.2705878516712979
backbone_denovo,RAPCID_backbone_rapcid_backbone_54_model_1,/scratch/a2149a01/RAPCID_2610_output/ligandmpnn_inputs/backbone_denovo/RAPCID_backbone_rapcid_backbone_54_model_1.pdb,/scratch/a2149a01/RAPCID_2610_output/ligandmpnn/seqs/RAPCID_backbone_rapcid_backbone_54_model_1.fa,1039.6022365540266,645.5296608954668,0.3790609156101795,0.2909090909090909,0.3333333333333333,0.4939887380223445,0.0,0.8800611118438381,0.0,1.0,1.0,0.2933046847518535
backbone,RAPCID_backbone_rapcid_backbone_181_model_7,/scratch/a2149a01/RAPCID_2610_output/ligandmpnn_inputs/backbone/RAPCID_backbone_rapcid_backbone_181_model_7.pdb,/scratch/a2149a01/RAPCID_2610_output/ligandmpnn/seqs/RAPCID_backbone_rapcid_backbone_181_model_7.fa,1041.905931726098,646.991819396615,0.37903048663446925,0.2,0.2962962962962963,0.5398612280242182,0.14285714285714285,0.7849684280418299,0.0,0.7916666758517128,1.0,0.26500816342995565
backbone_long,RAPCID_backbone_rapcid_backbone_197_model_7,/scratch/a2149a01/RAPCID_2610_output/ligandmpnn_inputs/backbone_long/RAPCID_backbone_rapcid_backbone_197_model_7.pdb,/scratch/a2149a01/RAPCID_2610_output/ligandmpnn/seqs/RAPCID_backbone_rapcid_backbone_197_model_7.fa,1039.7949898391962,646.5127589553595,0.37823054999010686,0.2727272727272727,0.3333333333333333,0.5272093317580071,0.14285714285714285,0.7445472000992702,0.0,0.8750000459252306,1.0,0.2883855656773663
backbone_long,RAPCID_backbone_rapcid_backbone_141_model_5,/scratch/a2149a01/RAPCID_2610_output/ligandmpnn_inputs/backbone_long/RAPCID_backbone_rapcid_backbone_141_model_5.pdb,/scratch/a2149a01/RAPCID_2610_output/ligandmpnn/seqs/RAPCID_backbone_rapcid_backbone_141_model_5.fa,1042.0449339598417,648.0140770971775,0.37813230890660365,0.2777777777777778,0.3333333333333333,0.5036278293774185,0.14285714285714285,0.7843869776328949,0.0,0.8084112214226753,1.0,0.2896039834524161
backbone,RAPCID_backbone_rapcid_backbone_14_model_3,/scratch/a2149a01/RAPCID_2610_output/ligandmpnn_inputs/backbone/RAPCID_backbone_rapcid_backbone_14_model_3.pdb,/scratch/a2149a01/RAPCID_2610_output/ligandmpnn/seqs/RAPCID_backbone_rapcid_backbone_14_model_3.fa,1040.5116156488657,647.3913485556841,0.37781439551545115,0.24561403508771928,0.37037037037037035,0.5151176114871534,0.14285714285714285,0.8304566037875151,0.0,0.8628318086874228,1.0,0.2869755423094384
backbone_denovo,RAPCID_backbone_rapcid_backbone_237_model_4,/scratch/a2149a01/RAPCID_2610_output/ligandmpnn_inputs/backbone_denovo/RAPCID_backbone_rapcid_backbone_237_model_4.pdb,/scratch/a2149a01/RAPCID_2610_output/ligandmpnn/seqs/RAPCID_backbone_rapcid_backbone_237_model_4.fa,1038.0815004557371,646.0062587857246,0.3776921575983043,0.2909090909090909,0.2962962962962963,0.6113203145308357,0.14285714285714285,0.6953060828888342,0.0,0.8902439189721093,1.0,0.2871331880909541
backbone,RAPCID_backbone_rapcid_backbone_104_model_1,/scratch/a2149a01/RAPCID_2610_output/ligandmpnn_inputs/backbone/RAPCID_backbone_rapcid_backbone_104_model_1.pdb,/scratch/a2149a01/RAPCID_2610_output/ligandmpnn/seqs/RAPCID_backbone_rapcid_backbone_104_model_1.fa,1044.7282166332006,650.8521248698235,0.37701297379782106,0.3157894736842105,0.3333333333333333,0.5252718761039135,0.14285714285714285,0.7628049009666492,0.0,0.8789473805361528,1.0,0.2986032066300721
backbone_long,RAPCID_backbone_rapcid_backbone_228_model_6,/scratch/a2149a01/RAPCID_2610_output/ligandmpnn_inputs/backbone_long/RAPCID_backbone_rapcid_backbone_228_model_6.pdb,/scratch/a2149a01/RAPCID_2610_output/ligandmpnn/seqs/RAPCID_backbone_rapcid_backbone_228_model_6.fa,1043.2813202440739,650.0796405225992,0.37688940853411024,0.23214285714285715,0.2962962962962963,0.49421458691055054,0.0,0.8210560158989575,0.0,0.8195876629782373,1.0,0.27208039257050837
backbone_denovo,RAPCID_backbone_rapcid_backbone_212_model_6,/scratch/a2149a01/RAPCID_2610_output/ligandmpnn_inputs/backbone_denovo/RAPCID_backbone_rapcid_backbone_212_model_6.pdb,/scratch/a2149a01/RAPCID_2610_output/ligandmpnn/seqs/RAPCID_backbone_rapcid_backbone_212_model_6.fa,1044.05150590837,650.6633253246546,0.376790013095619,0.2727272727272727,0.3333333333333333,0.5541255200676668,0.2857142857142857,0.6629345248047146,0.5,0.5124999997104989,0.5,0.28773732407484676
backbone,RAPCID_backbone_rapcid_backbone_77_model_6,/scratch/a2149a01/RAPCID_2610_output/ligandmpnn_inputs/backbone/RAPCID_backbone_rapcid_backbone_77_model_6.pdb,/scratch/a2149a01/RAPCID_2610_output/ligandmpnn/seqs/RAPCID_backbone_rapcid_backbone_77_model_6.fa,1040.2395536452532,648.5140668451786,0.3765723822242414,0.2545454545454545,0.3333333333333333,0.4941347668989504,0.0,0.8440404929780261,0.0,0.9669811515376973,1.0,0.28309393563727225
backbone_long,RAPCID_backbone_rapcid_backbone_2_model_6,/scratch/a2149a01/RAPCID_2610_output/ligandmpnn_inputs/backbone_long/RAPCID_backbone_rapcid_backbone_2_model_6.pdb,/scratch/a2149a01/RAPCID_2610_output/ligandmpnn/seqs/RAPCID_backbone_rapcid_backbone_2_model_6.fa,1043.2759249210358,651.0287391096354,0.3759764568909123,0.23214285714285715,0.3333333333333333,0.5139659995667525,0.14285714285714285,0.7994224731108476,0.0,0.8494623778253817,1.0,0.2772251198866248
backbone_long,RAPCID_backbone_rapcid_backbone_154_model_1,/scratch/a2149a01/RAPCID_2610_output/ligandmpnn_inputs/backbone_long/RAPCID_backbone_rapcid_backbone_154_model_1.pdb,/scratch/a2149a01/RAPCID_2610_output/ligandmpnn/seqs/RAPCID_backbone_rapcid_backbone_154_model_1.fa,1040.0521447360516,649.0797719210386,0.3759161257383258,0.2962962962962963,0.37037037037037035,0.5123827174937142,0.14285714285714285,0.7651655981410251,0.0,0.9090908669816495,1.0,0.29879188621187625
backbone_long,RAPCID_backbone_rapcid_backbone_2_model_7,/scratch/a2149a01/RAPCID_2610_output/ligandmpnn_inputs/backbone_long/RAPCID_backbone_rapcid_backbone_2_model_7.pdb,/scratch/a2149a01/RAPCID_2610_output/ligandmpnn/seqs/RAPCID_backbone_rapcid_backbone_2_model_7.fa,1043.2759249210358,651.3636844307184,0.37565540537128816,0.21428571428571427,0.2222222222222222,0.5328904523319589,0.14285714285714285,0.8250415104233743,0.5,0.618279580597209,0.5,0.2559496943218416
backbone_long,RAPCID_backbone_rapcid_backbone_225_model_0,/scratch/a2149a01/RAPCID_2610_output/ligandmpnn_inputs/backbone_long/RAPCID_backbone_rapcid_backbone_225_model_0.pdb,/scratch/a2149a01/RAPCID_2610_output/ligandmpnn/seqs/RAPCID_backbone_rapcid_backbone_225_model_0.fa,1039.6045360267162,649.377629801631,0.3753609114832268,0.3148148148148148,0.3333333333333333,0.5061158575505142,0.14285714285714285,0.7916237017169613,0.0,0.6752577424548423,0.5,0.2976161138711558
backbone,RAPCID_backbone_rapcid_backbone_240_model_5,/scratch/a2149a01/RAPCID_2610_output/ligandmpnn_inputs/backbone/RAPCID_backbone_rapcid_backbone_240_model_5.pdb,/scratch/a2149a01/RAPCID_2610_output/ligandmpnn/seqs/RAPCID_backbone_rapcid_backbone_240_model_5.fa,1038.5478457212448,648.829884916544,0.37525277473764507,0.2777777777777778,0.37037037037037035,0.49494551383685925,0.0,0.848372573745464,0.0,0.9329896888473497,1.0,0.2938637486319403
backbone_denovo,RAPCID_backbone_rapcid_backbone_145_model_1,/scratch/a2149a01/RAPCID_2610_output/ligandmpnn_inputs/backbone_denovo/RAPCID_backbone_rapcid_backbone_145_model_1.pdb,/scratch/a2149a01/RAPCID_2610_output/ligandmpnn/seqs/RAPCID_backbone_rapcid_backbone_145_model_1.fa,1042.7417836338282,651.7229424417019,0.3749910546688493,0.3392857142857143,0.37037037037037035,0.5988181217172953,0.0,0.7527242832388946,0.0,0.6511627854368631,0.5,0.30912295872796636
backbone,RAPCID_backbone_rapcid_backbone_153_model_4,/scratch/a2149a01/RAPCID_2610_output/ligandmpnn_inputs/backbone/RAPCID_backbone_rapcid_backbone_153_model_4.pdb,/scratch/a2149a01/RAPCID_2610_output/ligandmpnn/seqs/RAPCID_backbone_rapcid_backbone_153_model_4.fa,1040.904816493392,650.6231853216887,0.3749445914627305,0.2727272727272727,0.37037037037037035,0.5236989723745079,0.14285714285714285,0.7128527885824398,0.0,0.844339605062725,1.0,0.2924624398956025
backbone_long,RAPCID_backbone_rapcid_backbone_58_model_5,/scratch/a2149a01/RAPCID_2610_output/ligandmpnn_inputs/backbone_long/RAPCID_backbone_rapcid_backbone_58_model_5.pdb,/scratch/a2149a01/RAPCID_2610_output/ligandmpnn/seqs/RAPCID_backbone_rapcid_backbone_58_model_5.fa,1035.6238827556372,647.5536494553089,0.3747212088888222,0.3148148148148148,0.37037037037037035,0.5406463454346966,0.0,0.8280036339525763,0.0,0.7943925190515498,1.0,0.30288380325922926
backbone_long,RAPCID_backbone_rapcid_backbone_162_model_3,/scratch/a2149a01/RAPCID_2610_output/ligandmpnn_inputs/backbone_long/RAPCID_backbone_rapcid_backbone_162_model_3.pdb,/scratch/a2149a01/RAPCID_2610_output/ligandmpnn/seqs/RAPCID_backbone_rapcid_backbone_162_model_3.fa,1041.38606120646,651.5859836935997,0.374308906210317,0.2857142857142857,0.4074074074074074,0.5333234686487467,0.0,0.725529449559975,0.5,0.36176919647667005,0.5,0.30097869033432517
backbone,RAPCID_backbone_rapcid_backbone_208_model_5,/scratch/a2149a01/RAPCID_2610_output/ligandmpnn_inputs/backbone/RAPCID_backbone_rapcid_backbone_208_model_5.pdb,/scratch/a2149a01/RAPCID_2610_output/ligandmpnn/seqs/RAPCID_backbone_rapcid_backbone_208_model_5.fa,1041.1296842992306,651.7426374703646,0.3740043653552697,0.21818181818181817,0.3333333333333333,0.49733183969695166,0.0,0.8621083847845454,0.0,0.7571428451460638,1.0,0.27284741895532594
backbone,RAPCID_backbone_rapcid_backbone_195_model_6,/scratch/a2149a01/RAPCID_2610_output/ligandmpnn_inputs/backbone/RAPCID_backbone_rapcid_backbone_195_model_6.pdb,/scratch/a2149a01/RAPCID_2610_output/ligandmpnn/seqs/RAPCID_backbone_rapcid_backbone_195_model_6.fa,1042.416189700365,652.5596067458391,0.3739932157678666,0.30357142857142855,0.3333333333333333,0.48309671459801423,0.14285714285714285,0.8495866654895384,0.0,0.7783505246479869,1.0,0.2941898042383971
backbone_long,RAPCID_backbone_rapcid_backbone_118_model_1,/scratch/a2149a01/RAPCID_2610_output/ligandmpnn_inputs/backbone_long/RAPCID_backbone_rapcid_backbone_118_model_1.pdb,/scratch/a2149a01/RAPCID_2610_output/ligandmpnn/seqs/RAPCID_backbone_rapcid_backbone_118_model_1.fa,1039.6045360267162,651.0878971666098,0.3737157980716258,0.2777777777777778,0.37037037037037035,0.4744687360694112,0.14285714285714285,0.8672442676137758,0.0,0.8298969248349137,1.0,0.29317210913223163
backbone,RAPCID_backbone_rapcid_backbone_142_model_6,/scratch/a2149a01/RAPCID_2610_output/ligandmpnn_inputs/backbone/RAPCID_backbone_rapcid_backbone_142_model_6.pdb,/scratch/a2149a01/RAPCID_2610_output/ligandmpnn/seqs/RAPCID_backbone_rapcid_backbone_142_model_6.fa,1041.1296842992306,652.2970676720142,0.3734718378421167,0.2909090909090909,0.3333333333333333,0.5111011848345516,0.14285714285714285,0.8389373086498246,0.5,0.5476190474191011,0.5,0.29078959975622526
backbone,RAPCID_backbone_rapcid_backbone_22_model_5,/scratch/a2149a01/RAPCID_2610_output/ligandmpnn_inputs/backbone/RAPCID_backbone_rapcid_backbone_22_model_5.pdb,/scratch/a2149a01/RAPCID_2610_output/ligandmpnn/seqs/RAPCID_backbone_rapcid_backbone_22_model_5.fa,1044.7282166332006,654.6609973460436,0.37336717155415733,0.2807017543859649,0.2962962962962963,0.5323235333756572,0.2857142857142857,0.7226211344542856,0.0,0.8315789254830788,1.0,0.28263511024030646
backbone_long,RAPCID_backbone_rapcid_backbone_7_model_3,/scratch/a2149a01/RAPCID_2610_output/ligandmpnn_inputs/backbone_long/RAPCID_backbone_rapcid_backbone_7_model_3.pdb,/scratch/a2149a01/RAPCID_2610_output/ligandmpnn/seqs/RAPCID_backbone_rapcid_backbone_7_model_3.fa,1041.8857262581587,652.890099927783,0.37335728528254186,0.3090909090909091,0.37037037037037035,0.49512798387441387,0.14285714285714285,0.7918574803653582,0.0,0.8092783647601429,1.0,0.3008390612054267
backbone,RAPCID_backbone_rapcid_backbone_30_model_3,/scratch/a2149a01/RAPCID_2610_output/ligandmpnn_inputs/backbone/RAPCID_backbone_rapcid_backbone_30_model_3.pdb,/scratch/a2149a01/RAPCID_2610_output/ligandmpnn/seqs/RAPCID_backbone_rapcid_backbone_30_model_3.fa,1042.3067301809788,653.352913826704,0.3731663675305441,0.25,0.2962962962962963,0.5485051831696182,0.14285714285714285,0.6965016086988708,0.0,0.5819587414933415,0.5,0.2748693098331893
backbone_long,RAPCID_backbone_rapcid_backbone_14_model_6,/scratch/a2149a01/RAPCID_2610_output/ligandmpnn_inputs/backbone_long/RAPCID_backbone_rapcid_backbone_14_model_6.pdb,/scratch/a2149a01/RAPCID_2610_output/ligandmpnn/seqs/RAPCID_backbone_rapcid_backbone_14_model_6.fa,1039.5288173556328,651.6371553838253,0.3731418076110016,0.25,0.2962962962962963,0.5350411713810355,0.0,0.8392084073954571,0.0,0.8548387133476145,1.0,0.27485825786939516
backbone_long,RAPCID_backbone_rapcid_backbone_84_model_7,/scratch/a2149a01/RAPCID_2610_output/ligandmpnn_inputs/backbone_long/RAPCID_backbone_rapcid_backbone_84_model_7.pdb,/scratch/a2149a01/RAPCID_2610_output/ligandmpnn/seqs/RAPCID_backbone_rapcid_backbone_84_model_7.fa,1046.1367504298687,656.493103325367,0.3724595727512613,0.3148148148148148,0.3333333333333333,0.5340814896779661,0.2857142857142857,0.7427800000696541,0.0,0.8453608176199285,1.0,0.2963105114417713
backbone_denovo,RAPCID_backbone_rapcid_backbone_20_model_1,/scratch/a2149a01/RAPCID_2610_output/ligandmpnn_inputs/backbone_denovo/RAPCID_backbone_rapcid_backbone_20_model_1.pdb,/scratch/a2149a01/RAPCID_2610_output/ligandmpnn/seqs/RAPCID_backbone_rapcid_backbone_20_model_1.fa,1041.6563350707293,653.8866424560547,0.3722625971341543,0.38181818181818183,0.3333333333333333,0.6142913267006144,0.14285714285714285,0.6704638664005385,0.0,1.0,1.0,0.3129727141649149
backbone,RAPCID_backbone_rapcid_backbone_144_model_2,/scratch/a2149a01/RAPCID_2610_output/ligandmpnn_inputs/backbone/RAPCID_backbone_rapcid_backbone_144_model_2.pdb,/scratch/a2149a01/RAPCID_2610_output/ligandmpnn/seqs/RAPCID_backbone_rapcid_backbone_144_model_2.fa,1041.905931726098,654.1329633593559,0.3721765627385659,0.2727272727272727,0.37037037037037035,0.5152562392790754,0.0,0.794069410502091,0.0,0.9010416724073205,1.0,0.2912168269697284
backbone_denovo,RAPCID_backbone_rapcid_backbone_99_model_7,/scratch/a2149a01/RAPCID_2610_output/ligandmpnn_inputs/backbone_denovo/RAPCID_backbone_rapcid_backbone_99_model_7.pdb,/scratch/a2149a01/RAPCID_2610_output/ligandmpnn/seqs/RAPCID_backbone_rapcid_backbone_99_model_7.fa,1040.5306161493063,653.6019214689732,0.37185709740309314,0.24561403508771928,0.4074074074074074,0.49965135110038766,0.0,0.8214897713464656,0.5,0.5124999997104989,0.5,0.2898503137144328
backbone_long,RAPCID_backbone_rapcid_backbone_53_model_5,/scratch/a2149a01/RAPCID_2610_output/ligandmpnn_inputs/backbone_long/RAPCID_backbone_rapcid_backbone_53_model_5.pdb,/scratch/a2149a01/RAPCID_2610_output/ligandmpnn/seqs/RAPCID_backbone_rapcid_backbone_53_model_5.fa,1045.6712324172258,656.9389805644751,0.37175379775356154,0.24561403508771928,0.37037037037037035,0.5288638554707575,0.14285714285714285,0.8116541338819673,0.0,0.8368421119069225,1.0,0.2842482733165881
backbone_long,RAPCID_backbone_rapcid_backbone_21_model_2,/scratch/a2149a01/RAPCID_2610_output/ligandmpnn_inputs/backbone_long/RAPCID_backbone_rapcid_backbone_21_model_2.pdb,/scratch/a2149a01/RAPCID_2610_output/ligandmpnn/seqs/RAPCID_backbone_rapcid_backbone_21_model_2.fa,1042.416189700365,655.119405940175,0.37153757547790545,0.19642857142857142,0.2222222222222222,0.5481087249148953,0.14285714285714285,0.7399247502227583,0.0,0.7628866136822633,1.0,0.24963238515553363
backbone_long,RAPCID_backbone_rapcid_backbone_230_model_2,/scratch/a2149a01/RAPCID_2610_output/ligandmpnn_inputs/backbone_long/RAPCID_backbone_rapcid_backbone_230_model_2.pdb,/scratch/a2149a01/RAPCID_2610_output/ligandmpnn/seqs/RAPCID_backbone_rapcid_backbone_230_model_2.fa,1044.3158884495497,656.5872120112181,0.37127528243774544,0.2631578947368421,0.4074074074074074,0.5331286752441011,0.0,0.7345006333067561,0.0,0.8368421119069225,1.0,0.2939744618923071
backbone_denovo,RAPCID_backbone_rapcid_backbone_172_model_6,/scratch/a2149a01/RAPCID_2610_output/ligandmpnn_inputs/backbone_denovo/RAPCID_backbone_rapcid_backbone_172_model_6.pdb,/scratch/a2149a01/RAPCID_2610_output/ligandmpnn/seqs/RAPCID_backbone_rapcid_backbone_172_model_6.fa,1042.5024664998055,655.4639271050692,0.37125911144768353,0.35714285714285715,0.3333333333333333,0.5360578367149839,0.14285714285714285,0.7587848067398772,0.5,0.5463709555079517,0.5,0.30635231443717187
backbone_denovo,RAPCID_backbone_rapcid_backbone_109_model_5,/scratch/a2149a01/RAPCID_2610_output/ligandmpnn_inputs/backbone_denovo/RAPCID_backbone_rapcid_backbone_109_model_5.pdb,/scratch/a2149a01/RAPCID_2610_output/ligandmpnn/seqs/RAPCID_backbone_rapcid_backbone_109_model_5.fa,1044.05150590837,656.4906408637762,0.37120856859202467,0.32727272727272727,0.3333333333333333,0.5716725106242876,0.14285714285714285,0.7923277154468182,0.0,0.8938052702350081,1.0,0.2988620376845929
backbone,RAPCID_backbone_rapcid_backbone_249_model_4,/scratch/a2149a01/RAPCID_2610_output/ligandmpnn_inputs/backbone/RAPCID_backbone_rapcid_backbone_249_model_4.pdb,/scratch/a2149a01/RAPCID_2610_output/ligandmpnn/seqs/RAPCID_backbone_rapcid_backbone_249_model_4.fa,1040.5116156488657,654.7701435983181,0.3707228888646267,0.2807017543859649,0.4074074074074074,0.49218813590874394,0.14285714285714285,0.8489701454473503,0.0,0.7389380405293208,0.5,0.29811184969668436
backbone,RAPCID_backbone_rapcid_backbone_49_model_3,/scratch/a2149a01/RAPCID_2610_output/ligandmpnn_inputs/backbone/RAPCID_backbone_rapcid_backbone_49_model_3.pdb,/scratch/a2149a01/RAPCID_2610_output/ligandmpnn/seqs/RAPCID_backbone_rapcid_backbone_49_model_3.fa,1041.905931726098,655.6855193078518,0.3706864512983481,0.2909090909090909,0.3333333333333333,0.4999342739285357,0.14285714285714285,0.8087668622396748,0.5,0.6093750057406538,0.5,0.28953617581152935
backbone,RAPCID_backbone_rapcid_backbone_164_model_7,/scratch/a2149a01/RAPCID_2610_output/ligandmpnn_inputs/backbone/RAPCID_backbone_rapcid_backbone_164_model_7.pdb,/scratch/a2149a01/RAPCID_2610_output/ligandmpnn/seqs/RAPCID_backbone_rapcid_backbone_164_model_7.fa,1041.986244007945,656.0379706770182,0.37039670681869774,0.2222222222222222,0.3333333333333333,0.5008305674048881,0.0,0.8602458119844111,0.0,1.0,1.0,0.27223407362396956
backbone_denovo,RAPCID_backbone_rapcid_backbone_144_model_5,/scratch/a2149a01/RAPCID_2610_output/ligandmpnn_inputs/backbone_denovo/RAPCID_backbone_rapcid_backbone_144_model_5.pdb,/scratch/a2149a01/RAPCID_2610_output/ligandmpnn/seqs/RAPCID_backbone_rapcid_backbone_144_model_5.fa,1043.7675976753235,657.2679392248392,0.370292830809555,0.35714285714285715,0.3333333333333333,0.6385448604558951,0.0,0.7308647735547742,0.0,0.6813736203221612,0.5,0.305917488150014
backbone,RAPCID_backbone_rapcid_backbone_187_model_4,/scratch/a2149a01/RAPCID_2610_output/ligandmpnn_inputs/backbone/RAPCID_backbone_rapcid_backbone_187_model_4.pdb,/scratch/a2149a01/RAPCID_2610_output/ligandmpnn/seqs/RAPCID_backbone_rapcid_backbone_187_model_4.fa,1039.1037267744541,654.4795472025871,0.3701499375483933,0.25,0.3333333333333333,0.5153971652942283,0.14285714285714285,0.774175983672731,0.0,0.8805309563256678,1.0,0.279067471896777
backbone_denovo,RAPCID_backbone_rapcid_backbone_153_model_2,/scratch/a2149a01/RAPCID_2610_output/ligandmpnn_inputs/backbone_denovo/RAPCID_backbone_rapcid_backbone_153_model_2.pdb,/scratch/a2149a01/RAPCID_2610_output/ligandmpnn/seqs/RAPCID_backbone_rapcid_backbone_153_model_2.fa,1042.8094889819622,657.1278746724129,0.36984858536919263,0.32142857142857145,0.3333333333333333,0.6293934688542506,0.0,0.6802838262343861,0.5,0.51282051285858,0.5,0.29678900627327953
backbone,RAPCID_backbone_rapcid_backbone_158_model_2,/scratch/a2149a01/RAPCID_2610_output/ligandmpnn_inputs/backbone/RAPCID_backbone_rapcid_backbone_158_model_2.pdb,/scratch/a2149a01/RAPCID_2610_output/ligandmpnn/seqs/RAPCID_backbone_rapcid_backbone_158_model_2.fa,1042.0449339598417,656.6669296771288,0.36982858581563294,0.25925925925925924,0.37037037037037035,0.5399442142374302,0.0,0.7351087625737406,0.0,0.8598130751782104,1.0,0.2867932339874052
backbone_denovo,RAPCID_backbone_rapcid_backbone_161_model_0,/scratch/a2149a01/RAPCID_2610_output/ligandmpnn_inputs/backbone_denovo/RAPCID_backbone_rapcid_backbone_161_model_0.pdb,/scratch/a2149a01/RAPCID_2610_output/ligandmpnn/seqs/RAPCID_backbone_rapcid_backbone_161_model_0.fa,1041.3593517541885,656.347519248724,0.3697204349842398,0.25925925925925924,0.2962962962962963,0.5417725144942295,0.14285714285714285,0.751769893431236,0.5,0.51282051285858,0.5,0.2756334550021672
backbone,RAPCID_backbone_rapcid_backbone_11_model_4,/scratch/a2149a01/RAPCID_2610_output/ligandmpnn_inputs/backbone/RAPCID_backbone_rapcid_backbone_11_model_4.pdb,/scratch/a2149a01/RAPCID_2610_output/ligandmpnn/seqs/RAPCID_backbone_rapcid_backbone_11_model_4.fa,1039.1037267744541,654.9821918308735,0.36966620852757015,0.23214285714285715,0.3333333333333333,0.5150216953519778,0.14285714285714285,0.8381183000392687,0.0,0.8008849480180436,1.0,0.27438550812312085
backbone_long,RAPCID_backbone_rapcid_backbone_83_model_1,/scratch/a2149a01/RAPCID_2610_output/ligandmpnn_inputs/backbone_long/RAPCID_backbone_rapcid_backbone_83_model_1.pdb,/scratch/a2149a01/RAPCID_2610_output/ligandmpnn/seqs/RAPCID_backbone_rapcid_backbone_83_model_1.fa,1038.1138966232538,654.6525091975927,0.3693827706892018,0.26785714285714285,0.37037037037037035,0.5154324139669743,0.14285714285714285,0.838487792472604,0.0,0.8037383316200184,1.0,0.28874208807998203
backbone_long,RAPCID_backbone_rapcid_backbone_241_model_0,/scratch/a2149a01/RAPCID_2610_output/ligandmpnn_inputs/backbone_long/RAPCID_backbone_rapcid_backbone_241_model_0.pdb,/scratch/a2149a01/RAPCID_2610_output/ligandmpnn/seqs/RAPCID_backbone_rapcid_backbone_241_model_0.fa,1041.8857262581587,657.0737151950598,0.3693418590588793,0.2727272727272727,0.3333333333333333,0.507130753957919,0.14285714285714285,0.8125784767165981,0.0,0.8402061866915902,1.0,0.28438565475831384
backbone,RAPCID_backbone_rapcid_backbone_218_model_2,/scratch/a2149a01/RAPCID_2610_output/ligandmpnn_inputs/backbone/RAPCID_backbone_rapcid_backbone_218_model_2.pdb,/scratch/a2149a01/RAPCID_2610_output/ligandmpnn/seqs/RAPCID_backbone_rapcid_backbone_218_model_2.fa,1036.697216540575,653.8653945475817,0.3692802641744237,0.2,0.2962962962962963,0.5501247891345492,0.14285714285714285,0.7310353144785451,0.0,0.7803738496435793,1.0,0.26062056332293515
backbone,RAPCID_backbone_rapcid_backbone_23_model_4,/scratch/a2149a01/RAPCID_2610_output/ligandmpnn_inputs/backbone/RAPCID_backbone_rapcid_backbone_23_model_4.pdb,/scratch/a2149a01/RAPCID_2610_output/ligandmpnn/seqs/RAPCID_backbone_rapcid_backbone_23_model_4.fa,1040.9144045263529,656.529511615634,0.3692761779827858,0.26785714285714285,0.4074074074074074,0.5351277604701155,0.14285714285714285,0.7769318861486123,0.0,0.8084112214226753,1.0,0.2942496769176504
backbone_denovo,RAPCID_backbone_rapcid_backbone_120_model_0,/scratch/a2149a01/RAPCID_2610_output/ligandmpnn_inputs/backbone_denovo/RAPCID_backbone_rapcid_backbone_120_model_0.pdb,/scratch/a2149a01/RAPCID_2610_output/ligandmpnn/seqs/RAPCID_backbone_rapcid_backbone_120_model_0.fa,1039.7174626290798,655.8648211359978,0.3691893762392465,0.21818181818181817,0.3333333333333333,0.5807362172003351,0.2857142857142857,0.7016276996429286,0.0,0.7738095269605573,1.0,0.2706806738531155
backbone_denovo,RAPCID_backbone_rapcid_backbone_170_model_6,/scratch/a2149a01/RAPCID_2610_output/ligandmpnn_inputs/backbone_denovo/RAPCID_backbone_rapcid_backbone_170_model_6.pdb,/scratch/a2149a01/RAPCID_2610_output/ligandmpnn/seqs/RAPCID_backbone_rapcid_backbone_170_model_6.fa,1040.1116587221622,656.3027212321758,0.36900743710681794,0.2962962962962963,0.37037037037037035,0.5287897451910367,0.0,0.843139765319607,0.0,1.0,1.0,0.2956829763276977
backbone,RAPCID_backbone_rapcid_backbone_241_model_1,/scratch/a2149a01/RAPCID_2610_output/ligandmpnn_inputs/backbone/RAPCID_backbone_rapcid_backbone_241_model_1.pdb,/scratch/a2149a01/RAPCID_2610_output/ligandmpnn/seqs/RAPCID_backbone_rapcid_backbone_241_model_1.fa,1044.3877796679735,659.3007242977619,0.3687203765373782,0.24561403508771928,0.2962962962962963,0.510171075776496,0.14285714285714285,0.7796691468672411,0.0,0.8052631604349998,1.0,0.27177212265819445
backbone_long,RAPCID_backbone_rapcid_backbone_206_model_4,/scratch/a2149a01/RAPCID_2610_output/ligandmpnn_inputs/backbone_long/RAPCID_backbone_rapcid_backbone_206_model_4.pdb,/scratch/a2149a01/RAPCID_2610_output/ligandmpnn/seqs/RAPCID_backbone_rapcid_backbone_206_model_4.fa,1039.6555823534727,656.3703697323799,0.3686655649493541,0.2222222222222222,0.2962962962962963,0.5305660865680073,0.14285714285714285,0.8054619454732451,0.0,0.8037383316200184,1.0,0.2658995042272093
backbone_denovo,RAPCID_backbone_rapcid_backbone_203_model_7,/scratch/a2149a01/RAPCID_2610_output/ligandmpnn_inputs/backbone_denovo/RAPCID_backbone_rapcid_backbone_203_model_7.pdb,/scratch/a2149a01/RAPCID_2610_output/ligandmpnn/seqs/RAPCID_backbone_rapcid_backbone_203_model_7.fa,1039.9554589241743,656.5845954269171,0.36864161845340127,0.2545454545454545,0.37037037037037035,0.5387036825287774,0.14285714285714285,0.8784194510502674,0.0,1.0,1.0,0.28508064749594975
backbone,RAPCID_backbone_rapcid_backbone_50_model_6,/scratch/a2149a01/RAPCID_2610_output/ligandmpnn_inputs/backbone/RAPCID_backbone_rapcid_backbone_50_model_6.pdb,/scratch/a2149a01/RAPCID_2610_output/ligandmpnn/seqs/RAPCID_backbone_rapcid_backbone_50_model_6.fa,1040.1031655669212,656.874890729785,0.368452176211052,0.26785714285714285,0.37037037037037035,0.529070969188768,0.14285714285714285,0.7077094417448858,0.0,0.7603015362694365,1.0,0.2883233205648147
backbone_denovo,RAPCID_backbone_rapcid_backbone_57_model_5,/scratch/a2149a01/RAPCID_2610_output/ligandmpnn_inputs/backbone_denovo/RAPCID_backbone_rapcid_backbone_57_model_5.pdb,/scratch/a2149a01/RAPCID_2610_output/ligandmpnn/seqs/RAPCID_backbone_rapcid_backbone_57_model_5.fa,1041.359376192093,657.8135930299759,0.36831260363220353,0.35714285714285715,0.3333333333333333,0.5886733695226125,0.14285714285714285,0.6616957283721201,0.5,0.5249999994209976,0.5,0.30502638592020587
backbone,RAPCID_backbone_rapcid_backbone_140_model_0,/scratch/a2149a01/RAPCID_2610_output/ligandmpnn_inputs/backbone/RAPCID_backbone_rapcid_backbone_140_model_0.pdb,/scratch/a2149a01/RAPCID_2610_output/ligandmpnn/seqs/RAPCID_backbone_rapcid_backbone_140_model_0.fa,1043.2813202440739,659.1471747905016,0.36819804783210797,0.2857142857142857,0.37037037037037035,0.5245082648847292,0.2857142857142857,0.7340661315326982,0.0,0.8865979377694699,1.0,0.29267324850857557
backbone_long,RAPCID_backbone_rapcid_backbone_67_model_1,/scratch/a2149a01/RAPCID_2610_output/ligandmpnn_inputs/backbone_long/RAPCID_backbone_rapcid_backbone_67_model_1.pdb,/scratch/a2149a01/RAPCID_2610_output/ligandmpnn/seqs/RAPCID_backbone_rapcid_backbone_67_model_1.fa,1040.0521447360516,657.1483285576105,0.3681582871747414,0.2222222222222222,0.3333333333333333,0.5317962611723079,0.14285714285714285,0.7828255282393253,0.0,0.8318583783527331,1.0,0.2712267847841892
backbone_long,RAPCID_backbone_rapcid_backbone_162_model_7,/scratch/a2149a01/RAPCID_2610_output/ligandmpnn_inputs/backbone_long/RAPCID_backbone_rapcid_backbone_162_model_7.pdb,/scratch/a2149a01/RAPCID_2610_output/ligandmpnn/seqs/RAPCID_backbone_rapcid_backbone_162_model_7.fa,1041.38606120646,658.0129082649946,0.36813739613272944,0.21428571428571427,0.37037037037037035,0.505682504459706,0.0,0.7953804036338947,0.0,0.9231689319591931,1.0,0.2747888123867124
backbone_long,RAPCID_backbone_rapcid_backbone_149_model_3,/scratch/a2149a01/RAPCID_2610_output/ligandmpnn_inputs/backbone_long/RAPCID_backbone_rapcid_backbone_149_model_3.pdb,/scratch/a2149a01/RAPCID_2610_output/ligandmpnn/seqs/RAPCID_backbone_rapcid_backbone_149_model_3.fa,1036.697216540575,655.143950521946,0.3680469667815449,0.21818181818181817,0.3333333333333333,0.518507945364875,0.0,0.8306124439933716,0.0,0.7850467394462362,1.0,0.27016658959714973
backbone_denovo,RAPCID_backbone_rapcid_backbone_191_model_7,/scratch/a2149a01/RAPCID_2610_output/ligandmpnn_inputs/backbone_denovo/RAPCID_backbone_rapcid_backbone_191_model_7.pdb,/scratch/a2149a01/RAPCID_2610_output/ligandmpnn/seqs/RAPCID_backbone_rapcid_backbone_191_model_7.fa,1040.5306161493063,657.7627649307251,0.3678583265863824,0.2982456140350877,0.2222222222222222,0.5951621779280556,0.2857142857142857,0.7282082332043281,0.0,0.7473684253515381,0.5,0.27343098380597736
backbone_long,RAPCID_backbone_rapcid_backbone_105_model_7,/scratch/a2149a01/RAPCID_2610_output/ligandmpnn_inputs/backbone_long/RAPCID_backbone_rapcid_backbone_105_model_7.pdb,/scratch/a2149a01/RAPCID_2610_output/ligandmpnn/seqs/RAPCID_backbone_rapcid_backbone_105_model_7.fa,1040.9532422423363,658.1622339338064,0.36773122247446277,0.25,0.3333333333333333,0.5276107564152493,0.0,0.8931778188988293,0.0,1.0,1.0,0.27797905011350826
backbone,RAPCID_backbone_rapcid_backbone_78_model_4,/scratch/a2149a01/RAPCID_2610_output/ligandmpnn_inputs/backbone/RAPCID_backbone_rapcid_backbone_78_model_4.pdb,/scratch/a2149a01/RAPCID_2610_output/ligandmpnn/seqs/RAPCID_backbone_rapcid_backbone_78_model_4.fa,1042.9844084084034,659.8330277502537,0.3673606024876629,0.21428571428571427,0.2222222222222222,0.538545518604632,0.2857142857142857,0.7044835665865928,0.5,0.5,0.5,0.2522170330242102
backbone,RAPCID_backbone_rapcid_backbone_92_model_0,/scratch/a2149a01/RAPCID_2610_output/ligandmpnn_inputs/backbone/RAPCID_backbone_rapcid_backbone_92_model_0.pdb,/scratch/a2149a01/RAPCID_2610_output/ligandmpnn/seqs/RAPCID_backbone_rapcid_backbone_92_model_0.fa,1042.9844084084034,659.8433990627527,0.3673506586069918,0.25,0.37037037037037035,0.5093398380962929,0.14285714285714285,0.8716947332589385,0.0,0.8041237156510959,1.0,0.2833633519287019
backbone_long,RAPCID_backbone_rapcid_backbone_109_model_6,/scratch/a2149a01/RAPCID_2610_output/ligandmpnn_inputs/backbone_long/RAPCID_backbone_rapcid_backbone_109_model_6.pdb,/scratch/a2149a01/RAPCID_2610_output/ligandmpnn/seqs/RAPCID_backbone_rapcid_backbone_109_model_6.fa,1040.0336503088474,658.1983480006456,0.36713745001886466,0.2727272727272727,0.3333333333333333,0.522858404759884,0.14285714285714285,0.6708515526336333,0.0,0.7485739625646659,1.0,0.2833936706903073
backbone_denovo,RAPCID_backbone_rapcid_backbone_183_model_3,/scratch/a2149a01/RAPCID_2610_output/ligandmpnn_inputs/backbone_denovo/RAPCID_backbone_rapcid_backbone_183_model_3.pdb,/scratch/a2149a01/RAPCID_2610_output/ligandmpnn/seqs/RAPCID_backbone_rapcid_backbone_183_model_3.fa,1041.2010788619518,659.0108221769333,0.36706671213091535,0.2727272727272727,0.4074074074074074,0.5362556226000131,0.14285714285714285,0.860038609809015,0.0,1.0,1.0,0.2944729497518412
backbone_denovo,RAPCID_backbone_rapcid_backbone_196_model_2,/scratch/a2149a01/RAPCID_2610_output/ligandmpnn_inputs/backbone_denovo/RAPCID_backbone_rapcid_backbone_196_model_2.pdb,/scratch/a2149a01/RAPCID_2610_output/ligandmpnn/seqs/RAPCID_backbone_rapcid_backbone_196_model_2.fa,1038.7849435508251,657.9961576759815,0.36657133725216784,0.34545454545454546,0.25925925925925924,0.61757087842841,0.14285714285714285,0.7186648446683765,0.0,0.9299065540706826,1.0,0.2902096270160007
backbone,RAPCID_backbone_rapcid_backbone_179_model_3,/scratch/a2149a01/RAPCID_2610_output/ligandmpnn_inputs/backbone/RAPCID_backbone_rapcid_backbone_179_model_3.pdb,/scratch/a2149a01/RAPCID_2610_output/ligandmpnn/seqs/RAPCID_backbone_rapcid_backbone_179_model_3.fa,1039.5288173556328,658.5354491621256,0.36650582632493367,0.23214285714285715,0.2962962962962963,0.546868315578645,0.2857142857142857,0.7437433975147768,0.0,0.8440860423031489,1.0,0.2674077805763789
backbone_long,RAPCID_backbone_rapcid_backbone_227_model_7,/scratch/a2149a01/RAPCID_2610_output/ligandmpnn_inputs/backbone_long/RAPCID_backbone_rapcid_backbone_227_model_7.pdb,/scratch/a2149a01/RAPCID_2610_output/ligandmpnn/seqs/RAPCID_backbone_rapcid_backbone_227_model_7.fa,1038.1138966232538,657.7627978622913,0.3663866749093305,0.2857142857142857,0.3333333333333333,0.5229538123533759,0.14285714285714285,0.8414266469267456,0.0,0.7336448692091235,0.5,0.2863025751377702
backbone,RAPCID_backbone_rapcid_backbone_86_model_2,/scratch/a2149a01/RAPCID_2610_output/ligandmpnn_inputs/backbone/RAPCID_backbone_rapcid_backbone_86_model_2.pdb,/scratch/a2149a01/RAPCID_2610_output/ligandmpnn/seqs/RAPCID_backbone_rapcid_backbone_86_model_2.fa,1040.9144045263529,660.3094235807657,0.3656448400469333,0.32142857142857145,0.37037037037037035,0.5486731640444764,0.14285714285714285,0.7984067956268254,0.0,0.8738318105124907,1.0,0.30045287643381846
backbone_long,RAPCID_backbone_rapcid_backbone_226_model_2,/scratch/a2149a01/RAPCID_2610_output/ligandmpnn_inputs/backbone_long/RAPCID_backbone_rapcid_backbone_226_model_2.pdb,/scratch/a2149a01/RAPCID_2610_output/ligandmpnn/seqs/RAPCID_backbone_rapcid_backbone_226_model_2.fa,1040.9144045263529,660.415406242013,0.36554302316286835,0.23214285714285715,0.2962962962962963,0.5202909635264428,0.14285714285714285,0.8074829968758185,0.0,0.8177570339911439,1.0,0.2669745191534495
backbone_denovo,RAPCID_backbone_rapcid_backbone_171_model_4,/scratch/a2149a01/RAPCID_2610_output/ligandmpnn_inputs/backbone_denovo/RAPCID_backbone_rapcid_backbone_171_model_4.pdb,/scratch/a2149a01/RAPCID_2610_output/ligandmpnn/seqs/RAPCID_backbone_rapcid_backbone_171_model_4.fa,1044.2160813510418,662.5881329327822,0.3654683692713261,0.26785714285714285,0.2962962962962963,0.5381452036013188,0.14285714285714285,0.8627232144087282,0.0,0.6649484624174569,0.5,0.2758694963308269
backbone_denovo,RAPCID_backbone_rapcid_backbone_223_model_4,/scratch/a2149a01/RAPCID_2610_output/ligandmpnn_inputs/backbone_denovo/RAPCID_backbone_rapcid_backbone_223_model_4.pdb,/scratch/a2149a01/RAPCID_2610_output/ligandmpnn/seqs/RAPCID_backbone_rapcid_backbone_223_model_4.fa,1040.185861632228,660.1631008833647,0.3653412094570706,0.36363636363636365,0.3333333333333333,0.6364889093273335,0.14285714285714285,0.7235150308270997,0.0,0.9734512785426325,1.0,0.30531263516477264
backbone_denovo,RAPCID_backbone_rapcid_backbone_229_model_4,/scratch/a2149a01/RAPCID_2610_output/ligandmpnn_inputs/backbone_denovo/RAPCID_backbone_rapcid_backbone_229_model_4.pdb,/scratch/a2149a01/RAPCID_2610_output/ligandmpnn/seqs/RAPCID_backbone_rapcid_backbone_229_model_4.fa,1039.6969839632511,660.2308039665222,0.36497766738750237,0.25925925925925924,0.3333333333333333,0.5770864473133676,0.14285714285714285,0.8632218838394593,0.0,1.0,1.0,0.27905476513919086
backbone_long,RAPCID_backbone_rapcid_backbone_231_model_4,/scratch/a2149a01/RAPCID_2610_output/ligandmpnn_inputs/backbone_long/RAPCID_backbone_rapcid_backbone_231_model_4.pdb,/scratch/a2149a01/RAPCID_2610_output/ligandmpnn/seqs/RAPCID_backbone_rapcid_backbone_231_model_4.fa,1045.6712324172258,664.0350416898727,0.36496766755755905,0.22807017543859648,0.2962962962962963,0.5287339057831415,0.14285714285714285,0.8263661536443553,0.0,0.8157894775923074,1.0,0.2656974387049951
backbone_denovo,RAPCID_backbone_rapcid_backbone_131_model_4,/scratch/a2149a01/RAPCID_2610_output/ligandmpnn_inputs/backbone_denovo/RAPCID_backbone_rapcid_backbone_131_model_4.pdb,/scratch/a2149a01/RAPCID_2610_output/ligandmpnn/seqs/RAPCID_backbone_rapcid_backbone_131_model_4.fa,1035.8220293819904,657.7809575349092,0.36496720587477216,0.23636363636363636,0.3333333333333333,0.4939860366437042,0.0,0.997142866231589,0.0,1.0,1.0,0.27332615173455654
backbone_long,RAPCID_backbone_rapcid_backbone_160_model_3,/scratch/a2149a01/RAPCID_2610_output/ligandmpnn_inputs/backbone_long/RAPCID_backbone_rapcid_backbone_160_model_3.pdb,/scratch/a2149a01/RAPCID_2610_output/ligandmpnn/seqs/RAPCID_backbone_rapcid_backbone_160_model_3.fa,1041.5430707782507,661.5448720306158,0.3648415599977989,0.2545454545454545,0.25925925925925924,0.5509452152501437,0.14285714285714285,0.7178145883261033,0.5,0.5967742005829277,0.5,0.266703954524262
backbone,RAPCID_backbone_rapcid_backbone_33_model_2,/scratch/a2149a01/RAPCID_2610_output/ligandmpnn_inputs/backbone/RAPCID_backbone_rapcid_backbone_33_model_2.pdb,/scratch/a2149a01/RAPCID_2610_output/ligandmpnn/seqs/RAPCID_backbone_rapcid_backbone_33_model_2.fa,1037.5562817156315,659.0794852524996,0.36477712402965634,0.2909090909090909,0.37037037037037035,0.48935894492046855,0.14285714285714285,0.8682900162808058,0.0,0.8037383316200184,1.0,0.29243253409617365
backbone_denovo,RAPCID_backbone_rapcid_backbone_118_model_7,/scratch/a2149a01/RAPCID_2610_output/ligandmpnn_inputs/backbone_denovo/RAPCID_backbone_rapcid_backbone_118_model_7.pdb,/scratch/a2149a01/RAPCID_2610_output/ligandmpnn/seqs/RAPCID_backbone_rapcid_backbone_118_model_7.fa,1039.9007866084576,661.2016263604164,0.3641685486969716,0.24074074074074073,0.3333333333333333,0.541041796078093,0.14285714285714285,0.8838643363208794,0.0,1.0,1.0,0.2740610320988224
backbone_denovo,RAPCID_backbone_rapcid_backbone_138_model_7,/scratch/a2149a01/RAPCID_2610_output/ligandmpnn_inputs/backbone_denovo/RAPCID_backbone_rapcid_backbone_138_model_7.pdb,/scratch/a2149a01/RAPCID_2610_output/ligandmpnn/seqs/RAPCID_backbone_rapcid_backbone_138_model_7.fa,1040.3829977214336,661.6890514940023,0.36399474718139135,0.32142857142857145,0.37037037037037035,0.5100539878589866,0.0,0.8538407016057245,0.5,0.5813953468330907,0.5,0.2997103346443245
backbone_long,RAPCID_backbone_rapcid_backbone_52_model_3,/scratch/a2149a01/RAPCID_2610_output/ligandmpnn_inputs/backbone_long/RAPCID_backbone_rapcid_backbone_52_model_3.pdb,/scratch/a2149a01/RAPCID_2610_output/ligandmpnn/seqs/RAPCID_backbone_rapcid_backbone_52_model_3.fa,1040.9532422423363,662.4732807725668,0.3635897810880332,0.19642857142857142,0.2962962962962963,0.5407806582632291,0.0,0.7865032210007128,0.0,0.9867256548777641,1.0,0.25716698879120226
backbone_denovo,RAPCID_backbone_rapcid_backbone_219_model_4,/scratch/a2149a01/RAPCID_2610_output/ligandmpnn_inputs/backbone_denovo/RAPCID_backbone_rapcid_backbone_219_model_4.pdb,/scratch/a2149a01/RAPCID_2610_output/ligandmpnn/seqs/RAPCID_backbone_rapcid_backbone_219_model_4.fa,1043.7493095248938,664.2834567576647,0.3635603389667954,0.2037037037037037,0.2962962962962963,0.562230450237771,0.14285714285714285,0.7581282847189508,0.0,0.7056074974300276,0.5,0.2589725229054283
backbone_denovo,RAPCID_backbone_rapcid_backbone_42_model_4,/scratch/a2149a01/RAPCID_2610_output/ligandmpnn_inputs/backbone_denovo/RAPCID_backbone_rapcid_backbone_42_model_4.pdb,/scratch/a2149a01/RAPCID_2610_output/ligandmpnn/seqs/RAPCID_backbone_rapcid_backbone_42_model_4.fa,1040.5306161493063,662.2655324190855,0.36353095032423666,0.2807017543859649,0.3333333333333333,0.5174798366621686,0.0,0.8452218919156482,0.5,0.5914473645273801,0.5,0.2837643662423977
backbone_denovo,RAPCID_backbone_rapcid_backbone_10_model_6,/scratch/a2149a01/RAPCID_2610_output/ligandmpnn_inputs/backbone_denovo/RAPCID_backbone_rapcid_backbone_10_model_6.pdb,/scratch/a2149a01/RAPCID_2610_output/ligandmpnn/seqs/RAPCID_backbone_rapcid_backbone_10_model_6.fa,1041.359376192093,662.8506488054991,0.3634756031781028,0.23214285714285715,0.3333333333333333,0.5436469837119232,0.14285714285714285,0.8671328670487328,0.0,1.0,1.0,0.27159973571586055
backbone,RAPCID_backbone_rapcid_backbone_111_model_3,/scratch/a2149a01/RAPCID_2610_output/ligandmpnn_inputs/backbone/RAPCID_backbone_rapcid_backbone_111_model_3.pdb,/scratch/a2149a01/RAPCID_2610_output/ligandmpnn/seqs/RAPCID_backbone_rapcid_backbone_111_model_3.fa,1043.2759249210358,664.1224881261587,0.3634258471205254,0.21428571428571427,0.25925925925925924,0.5215608767616391,0.14285714285714285,0.7799523041460432,0.0,0.6881720466809478,0.5,0.2560019486645539
backbone,RAPCID_backbone_rapcid_backbone_242_model_7,/scratch/a2149a01/RAPCID_2610_output/ligandmpnn_inputs/backbone/RAPCID_backbone_rapcid_backbone_242_model_7.pdb,/scratch/a2149a01/RAPCID_2610_output/ligandmpnn/seqs/RAPCID_backbone_rapcid_backbone_242_model_7.fa,1041.905931726098,663.3962845802307,0.36328581652165126,0.23636363636363636,0.3333333333333333,0.514868518373036,0.14285714285714285,0.8875140614140611,0.0,0.9895833861473486,1.0,0.27256952652565214
backbone_long,RAPCID_backbone_rapcid_backbone_206_model_2,/scratch/a2149a01/RAPCID_2610_output/ligandmpnn_inputs/backbone_long/RAPCID_backbone_rapcid_backbone_206_model_2.pdb,/scratch/a2149a01/RAPCID_2610_output/ligandmpnn/seqs/RAPCID_backbone_rapcid_backbone_206_model_2.fa,1039.6555823534727,661.9967203140259,0.3632538202551069,0.2222222222222222,0.2962962962962963,0.5379435097782596,0.14285714285714285,0.8030068411487391,0.0,0.8878504799204612,1.0,0.2634642191147981
backbone_long,RAPCID_backbone_rapcid_backbone_119_model_1,/scratch/a2149a01/RAPCID_2610_output/ligandmpnn_inputs/backbone_long/RAPCID_backbone_rapcid_backbone_119_model_1.pdb,/scratch/a2149a01/RAPCID_2610_output/ligandmpnn/seqs/RAPCID_backbone_rapcid_backbone_119_model_1.fa,1036.697216540575,660.5070343464613,0.36287372647671245,0.2,0.25925925925925924,0.548841210257189,0.14285714285714285,0.777934970230433,0.0,0.8271028135964575,1.0,0.25218206580340946
backbone_denovo,RAPCID_backbone_rapcid_backbone_195_model_1,/scratch/a2149a01/RAPCID_2610_output/ligandmpnn_inputs/backbone_denovo/RAPCID_backbone_rapcid_backbone_195_model_1.pdb,/scratch/a2149a01/RAPCID_2610_output/ligandmpnn/seqs/RAPCID_backbone_rapcid_backbone_195_model_1.fa,1039.1335251927376,662.1941485106945,0.36274392803574373,0.2857142857142857,0.3333333333333333,0.5833984395640278,0.14285714285714285,0.8576764967747232,0.0,1.0,1.0,0.2846633390446561
backbone,RAPCID_backbone_rapcid_backbone_10_model_5,/scratch/a2149a01/RAPCID_2610_output/ligandmpnn_inputs/backbone/RAPCID_backbone_rapcid_backbone_10_model_5.pdb,/scratch/a2149a01/RAPCID_2610_output/ligandmpnn/seqs/RAPCID_backbone_rapcid_backbone_10_model_5.fa,1042.7543054372072,664.5204361826181,0.3627257804473919,0.23636363636363636,0.2962962962962963,0.521875413910817,0.14285714285714285,0.8009144425755164,0.0,0.8556701158380227,1.0,0.2667619547366799
backbone,RAPCID_backbone_rapcid_backbone_110_model_2,/scratch/a2149a01/RAPCID_2610_output/ligandmpnn_inputs/backbone/RAPCID_backbone_rapcid_backbone_110_model_2.pdb,/scratch/a2149a01/RAPCID_2610_output/ligandmpnn/seqs/RAPCID_backbone_rapcid_backbone_110_model_2.fa,1044.716412499547,665.903649315238,0.3625986522772976,0.2631578947368421,0.2962962962962963,0.5079326582585755,0.14285714285714285,0.7940131166954146,0.0,0.8247422575451577,1.0,0.2734033116534389
backbone,RAPCID_backbone_rapcid_backbone_216_model_1,/scratch/a2149a01/RAPCID_2610_output/ligandmpnn_inputs/backbone/RAPCID_backbone_rapcid_backbone_216_model_1.pdb,/scratch/a2149a01/RAPCID_2610_output/ligandmpnn/seqs/RAPCID_backbone_rapcid_backbone_216_model_1.fa,1044.7282166332006,665.9827142953873,0.3625301741714029,0.2631578947368421,0.3333333333333333,0.52854412866407,0.14285714285714285,0.7809384963992336,0.0,0.8210526268892311,1.0,0.2789280520613418
backbone,RAPCID_backbone_rapcid_backbone_29_model_0,/scratch/a2149a01/RAPCID_2610_output/ligandmpnn_inputs/backbone/RAPCID_backbone_rapcid_backbone_29_model_0.pdb,/scratch/a2149a01/RAPCID_2610_output/ligandmpnn/seqs/RAPCID_backbone_rapcid_backbone_29_model_0.fa,1042.9844084084034,665.1378650516272,0.36227439289660224,0.17857142857142858,0.2222222222222222,0.5581187037290127,0.0,0.6962591706958161,0.0,0.7783505246479869,1.0,0.2409996672796615
backbone,RAPCID_backbone_rapcid_backbone_218_model_4,/scratch/a2149a01/RAPCID_2610_output/ligandmpnn_inputs/backbone/RAPCID_backbone_rapcid_backbone_218_model_4.pdb,/scratch/a2149a01/RAPCID_2610_output/ligandmpnn/seqs/RAPCID_backbone_rapcid_backbone_218_model_4.fa,1036.697216540575,661.4084705412388,0.36200419950162754,0.2545454545454545,0.2962962962962963,0.5513339062279854,0.14285714285714285,0.7740319223137259,0.0,0.8224299237938006,1.0,0.27098269785654044
backbone_denovo,RAPCID_backbone_rapcid_backbone_154_model_0,/scratch/a2149a01/RAPCID_2610_output/ligandmpnn_inputs/backbone_denovo/RAPCID_backbone_rapcid_backbone_154_model_0.pdb,/scratch/a2149a01/RAPCID_2610_output/ligandmpnn/seqs/RAPCID_backbone_rapcid_backbone_154_model_0.fa,1040.639789775014,664.011318013072,0.3619201143974794,0.2727272727272727,0.37037037037037035,0.5507305727852605,0.0,0.8201211080190765,0.0,0.6585365878458164,0.5,0.28660142521623944
backbone_denovo,RAPCID_backbone_rapcid_backbone_4_model_0,/scratch/a2149a01/RAPCID_2610_output/ligandmpnn_inputs/backbone_denovo/RAPCID_backbone_rapcid_backbone_4_model_0.pdb,/scratch/a2149a01/RAPCID_2610_output/ligandmpnn/seqs/RAPCID_backbone_rapcid_backbone_4_model_0.fa,1038.9614838957787,663.0831721872091,0.3617827200861615,0.25,0.37037037037037035,0.5729660774750716,0.14285714285714285,0.8224116286556542,0.0,1.0,1.0,0.2808577795943282
backbone_denovo,RAPCID_backbone_rapcid_backbone_187_model_6,/scratch/a2149a01/RAPCID_2610_output/ligandmpnn_inputs/backbone_denovo/RAPCID_backbone_rapcid_backbone_187_model_6.pdb,/scratch/a2149a01/RAPCID_2610_output/ligandmpnn/seqs/RAPCID_backbone_rapcid_backbone_187_model_6.fa,1043.25877353549,665.9111184328794,0.36170091704459917,0.3090909090909091,0.3333333333333333,0.5514356118611848,0.14285714285714285,0.7849049454307276,0.0,1.0,1.0,0.2900381399427969
backbone,RAPCID_backbone_rapcid_backbone_149_model_4,/scratch/a2149a01/RAPCID_2610_output/ligandmpnn_inputs/backbone/RAPCID_backbone_rapcid_backbone_149_model_4.pdb,/scratch/a2149a01/RAPCID_2610_output/ligandmpnn/seqs/RAPCID_backbone_rapcid_backbone_149_model_4.fa,1040.904816493392,664.4306960999966,0.3616796794750785,0.2545454545454545,0.37037037037037035,0.5416225647434784,0.14285714285714285,0.7116052875228797,0.0,0.7791594735126388,1.0,0.28194777495570456
backbone_denovo,RAPCID_backbone_rapcid_backbone_102_model_6,/scratch/a2149a01/RAPCID_2610_output/ligandmpnn_inputs/backbone_denovo/RAPCID_backbone_rapcid_backbone_102_model_6.pdb,/scratch/a2149a01/RAPCID_2610_output/ligandmpnn/seqs/RAPCID_backbone_rapcid_backbone_102_model_6.fa,1038.9614838957787,663.2599972188473,0.3616125260660954,0.2857142857142857,0.37037037037037035,0.5560963861630478,0.0,0.7984803236281348,0.5,0.5124999997104989,0.5,0.2897097637138699
backbone,RAPCID_backbone_rapcid_backbone_115_model_0,/scratch/a2149a01/RAPCID_2610_output/ligandmpnn_inputs/backbone/RAPCID_backbone_rapcid_backbone_115_model_0.pdb,/scratch/a2149a01/RAPCID_2610_output/ligandmpnn/seqs/RAPCID_backbone_rapcid_backbone_115_model_0.fa,1042.416189700365,665.6850391924381,0.36140186062940516,0.30357142857142855,0.3333333333333333,0.5860622193363261,0.2857142857142857,0.6533114291781347,0.5,0.24961340420894432,0.0,0.28852369442608944
backbone,RAPCID_backbone_rapcid_backbone_73_model_4,/scratch/a2149a01/RAPCID_2610_output/ligandmpnn_inputs/backbone/RAPCID_backbone_rapcid_backbone_73_model_4.pdb,/scratch/a2149a01/RAPCID_2610_output/ligandmpnn/seqs/RAPCID_backbone_rapcid_backbone_73_model_4.fa,1036.4461232870817,662.125774204731,0.36115755626080814,0.2962962962962963,0.37037037037037035,0.5368431349271051,0.14285714285714285,0.7930730363518604,0.0,0.7943925190515498,1.0,0.2921505299469933
backbone_denovo,RAPCID_backbone_rapcid_backbone_72_model_0,/scratch/a2149a01/RAPCID_2610_output/ligandmpnn_inputs/backbone_denovo/RAPCID_backbone_rapcid_backbone_72_model_0.pdb,/scratch/a2149a01/RAPCID_2610_output/ligandmpnn/seqs/RAPCID_backbone_rapcid_backbone_72_model_0.fa,1039.6869882941246,664.7041497826576,0.36066897319425273,0.25925925925925924,0.25925925925925924,0.6423660813041614,0.14285714285714285,0.6980848693924618,0.0,0.9845361072149852,1.0,0.2660047416411174
backbone_denovo,RAPCID_backbone_rapcid_backbone_238_model_4,/scratch/a2149a01/RAPCID_2610_output/ligandmpnn_inputs/backbone_denovo/RAPCID_backbone_rapcid_backbone_238_model_4.pdb,/scratch/a2149a01/RAPCID_2610_output/ligandmpnn/seqs/RAPCID_backbone_rapcid_backbone_238_model_4.fa,1041.359376192093,665.8769163489342,0.36056952904786244,0.25,0.37037037037037035,0.5533932722714291,0.0,0.8769570782059033,0.0,1.0,1.0,0.28031184362709366
backbone_denovo,RAPCID_backbone_rapcid_backbone_234_model_5,/scratch/a2149a01/RAPCID_2610_output/ligandmpnn_inputs/backbone_denovo/RAPCID_backbone_rapcid_backbone_234_model_5.pdb,/scratch/a2149a01/RAPCID_2610_output/ligandmpnn/seqs/RAPCID_backbone_rapcid_backbone_234_model_5.fa,1038.7849435508251,664.2823485434055,0.36051985286509514,0.2545454545454545,0.3333333333333333,0.5506818565485966,0.0,0.9102982842446382,0.0,1.0,1.0,0.27587029742565644
backbone_denovo,RAPCID_backbone_rapcid_backbone_5_model_7,/scratch/a2149a01/RAPCID_2610_output/ligandmpnn_inputs/backbone_denovo/RAPCID_backbone_rapcid_backbone_5_model_7.pdb,/scratch/a2149a01/RAPCID_2610_output/ligandmpnn/seqs/RAPCID_backbone_rapcid_backbone_5_model_7.fa,1041.6563350707293,666.6612925082445,0.3599988114477529,0.32727272727272727,0.4074074074074074,0.5630377065099599,0.14285714285714285,0.861471861335143,0.0,1.0,1.0,0.30492875808078174
backbone_long,RAPCID_backbone_rapcid_backbone_220_model_4,/scratch/a2149a01/RAPCID_2610_output/ligandmpnn_inputs/backbone_long/RAPCID_backbone_rapcid_backbone_220_model_4.pdb,/scratch/a2149a01/RAPCID_2610_output/ligandmpnn/seqs/RAPCID_backbone_rapcid_backbone_220_model_4.fa,1039.0586096346378,665.0475704371929,0.3599518215136658,0.2777777777777778,0.37037037037037035,0.5475100403258599,0.14285714285714285,0.7881562899546822,0.0,0.9018691822915866,1.0,0.2869783196811496
backbone_long,RAPCID_backbone_rapcid_backbone_221_model_3,/scratch/a2149a01/RAPCID_2610_output/ligandmpnn_inputs/backbone_long/RAPCID_backbone_rapcid_backbone_221_model_3.pdb,/scratch/a2149a01/RAPCID_2610_output/ligandmpnn/seqs/RAPCID_backbone_rapcid_backbone_221_model_3.fa,1042.2863260656595,667.3157801181078,0.35975771395079226,0.2727272727272727,0.37037037037037035,0.524804353704683,0.14285714285714285,0.7553764337475629,0.0,0.8660714190114829,1.0,0.28562834501523027
backbone_denovo,RAPCID_backbone_rapcid_backbone_169_model_1,/scratch/a2149a01/RAPCID_2610_output/ligandmpnn_inputs/backbone_denovo/RAPCID_backbone_rapcid_backbone_169_model_1.pdb,/scratch/a2149a01/RAPCID_2610_output/ligandmpnn/seqs/RAPCID_backbone_rapcid_backbone_169_model_1.fa,1042.083354383707,667.2096095979214,0.3597348937671956,0.2909090909090909,0.37037037037037035,0.5719121141985666,0.14285714285714285,0.8178147936679164,0.0,1.0,1.0,0.2901635304780663
backbone_denovo,RAPCID_backbone_rapcid_backbone_144_model_4,/scratch/a2149a01/RAPCID_2610_output/ligandmpnn_inputs/backbone_denovo/RAPCID_backbone_rapcid_backbone_144_model_4.pdb,/scratch/a2149a01/RAPCID_2610_output/ligandmpnn/seqs/RAPCID_backbone_rapcid_backbone_144_model_4.fa,1043.7675976753235,668.5712652057409,0.35946347951902213,0.25,0.37037037037037035,0.552329851027019,0.14285714285714285,0.7885083373364798,0.0,0.8023255708737264,1.0,0.27981412133911554
backbone_denovo,RAPCID_backbone_rapcid_backbone_92_model_4,/scratch/a2149a01/RAPCID_2610_output/ligandmpnn_inputs/backbone_denovo/RAPCID_backbone_rapcid_backbone_92_model_4.pdb,/scratch/a2149a01/RAPCID_2610_output/ligandmpnn/seqs/RAPCID_backbone_rapcid_backbone_92_model_4.fa,1038.3023531585932,665.0912016630173,0.35944361520537804,0.32142857142857145,0.3333333333333333,0.5647278141538521,0.14285714285714285,0.8174530260034364,0.0,0.7452830097646255,0.5,0.29210676969956295
backbone_denovo,RAPCID_backbone_rapcid_backbone_225_model_2,/scratch/a2149a01/RAPCID_2610_output/ligandmpnn_inputs/backbone_denovo/RAPCID_backbone_rapcid_backbone_225_model_2.pdb,/scratch/a2149a01/RAPCID_2610_output/ligandmpnn/seqs/RAPCID_backbone_rapcid_backbone_225_model_2.fa,1043.7675976753235,668.8658347278833,0.35918126198056,0.3392857142857143,0.3333333333333333,0.5746269672504337,0.0,0.8657596417004844,0.0,1.0,1.0,0.2964529964626806
backbone_long,RAPCID_backbone_rapcid_backbone_133_model_3,/scratch/a2149a01/RAPCID_2610_output/ligandmpnn_inputs/backbone_long/RAPCID_backbone_rapcid_backbone_133_model_3.pdb,/scratch/a2149a01/RAPCID_2610_output/ligandmpnn/seqs/RAPCID_backbone_rapcid_backbone_133_model_3.fa,1038.0910609513521,665.3483172059059,0.35906555577489363,0.25,0.37037037037037035,0.5427589837096638,0.14285714285714285,0.8058150238006713,0.0,0.861904758705617,1.0,0.2796350556542577
backbone_long,RAPCID_backbone_rapcid_backbone_159_model_4,/scratch/a2149a01/RAPCID_2610_output/ligandmpnn_inputs/backbone_long/RAPCID_backbone_rapcid_backbone_159_model_4.pdb,/scratch/a2149a01/RAPCID_2610_output/ligandmpnn/seqs/RAPCID_backbone_rapcid_backbone_159_model_4.fa,1041.263836801052,667.5421207994223,0.3589116444778967,0.2857142857142857,0.3333333333333333,0.5387432419495352,0.14285714285714285,0.7761741020126182,0.0,0.7150537811801367,0.5,0.2829388114436249
backbone_long,RAPCID_backbone_rapcid_backbone_184_model_4,/scratch/a2149a01/RAPCID_2610_output/ligandmpnn_inputs/backbone_long/RAPCID_backbone_rapcid_backbone_184_model_4.pdb,/scratch/a2149a01/RAPCID_2610_output/ligandmpnn/seqs/RAPCID_backbone_rapcid_backbone_184_model_4.fa,1041.8857262581587,668.7752867043018,0.3581107122888134,0.2,0.3333333333333333,0.5600271654318412,0.0,0.7594343937793125,0.0,0.860824746766361,1.0,0.26114982052996605
backbone_long,RAPCID_backbone_rapcid_backbone_117_model_4,/scratch/a2149a01/RAPCID_2610_output/ligandmpnn_inputs/backbone_long/RAPCID_backbone_rapcid_backbone_117_model_4.pdb,/scratch/a2149a01/RAPCID_2610_output/ligandmpnn/seqs/RAPCID_backbone_rapcid_backbone_117_model_4.fa,1040.9532422423363,668.2595086097717,0.3580311953587254,0.23214285714285715,0.3333333333333333,0.5429401842851797,0.14285714285714285,0.8329876507417883,0.0,0.9557521933301787,1.0,0.2691497521971407
backbone_long,RAPCID_backbone_rapcid_backbone_28_model_6,/scratch/a2149a01/RAPCID_2610_output/ligandmpnn_inputs/backbone_long/RAPCID_backbone_rapcid_backbone_28_model_6.pdb,/scratch/a2149a01/RAPCID_2610_output/ligandmpnn/seqs/RAPCID_backbone_rapcid_backbone_28_model_6.fa,1043.7606514841318,670.0853817909956,0.35800858095369303,0.2545454545454545,0.4074074074074074,0.5169493327985267,0.0,0.8610937777602229,0.0,0.7964601455020345,1.0,0.2858513361766366
backbone,RAPCID_backbone_rapcid_backbone_129_model_6,/scratch/a2149a01/RAPCID_2610_output/ligandmpnn_inputs/backbone/RAPCID_backbone_rapcid_backbone_129_model_6.pdb,/scratch/a2149a01/RAPCID_2610_output/ligandmpnn/seqs/RAPCID_backbone_rapcid_backbone_129_model_6.fa,1037.9434366375208,666.4181068390608,0.35794371512385903,0.23636363636363636,0.2962962962962963,0.5805374280837253,0.14285714285714285,0.6905375844959829,0.0,0.7191489510429384,1.0,0.26461002534109007
backbone_denovo,RAPCID_backbone_rapcid_backbone_127_model_3,/scratch/a2149a01/RAPCID_2610_output/ligandmpnn_inputs/backbone_denovo/RAPCID_backbone_rapcid_backbone_127_model_3.pdb,/scratch/a2149a01/RAPCID_2610_output/ligandmpnn/seqs/RAPCID_backbone_rapcid_backbone_127_model_3.fa,1038.9614838957787,667.0995127260685,0.35791699397300536,0.21428571428571427,0.3333333333333333,0.541477907059291,0.0,0.9248581215590306,0.0,1.0,1.0,0.264634075859281
backbone,RAPCID_backbone_rapcid_backbone_133_model_7,/scratch/a2149a01/RAPCID_2610_output/ligandmpnn_inputs/backbone/RAPCID_backbone_rapcid_backbone_133_model_7.pdb,/scratch/a2149a01/RAPCID_2610_output/ligandmpnn/seqs/RAPCID_backbone_rapcid_backbone_133_model_7.fa,1036.4461232870817,665.867533609271,0.35754737400389247,0.24074074074074073,0.3333333333333333,0.5585964832650827,0.14285714285714285,0.7386800492364483,0.0,0.6054881740468824,1.0,0.27108150348693677
backbone_long,RAPCID_backbone_rapcid_backbone_210_model_3,/scratch/a2149a01/RAPCID_2610_output/ligandmpnn_inputs/backbone_long/RAPCID_backbone_rapcid_backbone_210_model_3.pdb,/scratch/a2149a01/RAPCID_2610_output/ligandmpnn/seqs/RAPCID_backbone_rapcid_backbone_210_model_3.fa,1041.38606120646,669.583532333374,0.35702660398809993,0.26785714285714285,0.37037037037037035,0.5285745586053227,0.14285714285714285,0.7812038261111708,0.0,0.7616822409882196,1.0,0.2831818130644862
backbone_long,RAPCID_backbone_rapcid_backbone_137_model_1,/scratch/a2149a01/RAPCID_2610_output/ligandmpnn_inputs/backbone_long/RAPCID_backbone_rapcid_backbone_137_model_1.pdb,/scratch/a2149a01/RAPCID_2610_output/ligandmpnn/seqs/RAPCID_backbone_rapcid_backbone_137_model_1.fa,1041.5430707782507,669.8623881042004,0.35685579703998904,0.23636363636363636,0.25925925925925924,0.5488195303445395,0.14285714285714285,0.7924239886316714,0.0,0.7311828067095102,0.5,0.258564906647793
backbone,RAPCID_backbone_rapcid_backbone_61_model_2,/scratch/a2149a01/RAPCID_2610_output/ligandmpnn_inputs/backbone/RAPCID_backbone_rapcid_backbone_61_model_2.pdb,/scratch/a2149a01/RAPCID_2610_output/ligandmpnn/seqs/RAPCID_backbone_rapcid_backbone_61_model_2.fa,1037.8373865634203,667.5793521553278,0.3567591986969403,0.25925925925925924,0.3333333333333333,0.537338174325795,0.14285714285714285,0.7519521698404272,0.5,0.5840707952171855,0.5,0.2753564542284379
backbone,RAPCID_backbone_rapcid_backbone_188_model_2,/scratch/a2149a01/RAPCID_2610_output/ligandmpnn_inputs/backbone/RAPCID_backbone_rapcid_backbone_188_model_2.pdb,/scratch/a2149a01/RAPCID_2610_output/ligandmpnn/seqs/RAPCID_backbone_rapcid_backbone_188_model_2.fa,1040.904816493392,670.0661461353302,0.35626568777666523,0.2,0.2222222222222222,0.5617776712167174,0.14285714285714285,0.7700563200460749,0.5,0.5613207524411563,0.5,0.2436528928328327
backbone_long,RAPCID_backbone_rapcid_backbone_77_model_5,/scratch/a2149a01/RAPCID_2610_output/ligandmpnn_inputs/backbone_long/RAPCID_backbone_rapcid_backbone_77_model_5.pdb,/scratch/a2149a01/RAPCID_2610_output/ligandmpnn/seqs/RAPCID_backbone_rapcid_backbone_77_model_5.fa,1039.9278602451086,669.6681161224842,0.35604368175630474,0.25925925925925924,0.2962962962962963,0.5788484446457567,0.2857142857142857,0.675043018693006,0.0,0.7572815414295349,1.0,0.2694789160495964
backbone_denovo,RAPCID_backbone_rapcid_backbone_32_model_0,/scratch/a2149a01/RAPCID_2610_output/ligandmpnn_inputs/backbone_denovo/RAPCID_backbone_rapcid_backbone_32_model_0.pdb,/scratch/a2149a01/RAPCID_2610_output/ligandmpnn/seqs/RAPCID_backbone_rapcid_backbone_32_model_0.fa,1045.5025196820498,673.3834075778723,0.3559236875080354,0.23214285714285715,0.37037037037037035,0.5557215224102815,0.0,0.8962962946987354,0.0,1.0,1.0,0.2737569292198858
backbone,RAPCID_backbone_rapcid_backbone_44_model_2,/scratch/a2149a01/RAPCID_2610_output/ligandmpnn_inputs/backbone/RAPCID_backbone_rapcid_backbone_44_model_2.pdb,/scratch/a2149a01/RAPCID_2610_output/ligandmpnn/seqs/RAPCID_backbone_rapcid_backbone_44_model_2.fa,1037.8373865634203,668.4789372682571,0.3558924105810215,0.24074074074074073,0.2962962962962963,0.56589610796331,0.14285714285714285,0.766368176331515,0.0,0.8539822972940916,1.0,0.2647812143910893
backbone_denovo,RAPCID_backbone_rapcid_backbone_111_model_6,/scratch/a2149a01/RAPCID_2610_output/ligandmpnn_inputs/backbone_denovo/RAPCID_backbone_rapcid_backbone_111_model_6.pdb,/scratch/a2149a01/RAPCID_2610_output/ligandmpnn/seqs/RAPCID_backbone_rapcid_backbone_111_model_6.fa,1038.0815004557371,668.9119308292866,0.35562676867315157,0.2727272727272727,0.2962962962962963,0.6236447583706385,0.0,0.8259935540319587,0.0,1.0,1.0,0.2726583085291808
backbone,RAPCID_backbone_rapcid_backbone_198_model_7,/scratch/a2149a01/RAPCID_2610_output/ligandmpnn_inputs/backbone/RAPCID_backbone_rapcid_backbone_198_model_7.pdb,/scratch/a2149a01/RAPCID_2610_output/ligandmpnn/seqs/RAPCID_backbone_rapcid_backbone_198_model_7.fa,1040.1031655669212,670.3491249978542,0.35549746679939,0.25,0.37037037037037035,0.5470522397293097,0.14285714285714285,0.7549891368080764,0.0,0.7803738496435793,1.0,0.27802941561528105
backbone_long,RAPCID_backbone_rapcid_backbone_58_model_4,/scratch/a2149a01/RAPCID_2610_output/ligandmpnn_inputs/backbone_long/RAPCID_backbone_rapcid_backbone_58_model_4.pdb,/scratch/a2149a01/RAPCID_2610_output/ligandmpnn/seqs/RAPCID_backbone_rapcid_backbone_58_model_4.fa,1035.6238827556372,667.8166296929121,0.3551552442804293,0.2037037037037037,0.3333333333333333,0.5251971115783307,0.14285714285714285,0.8758844491095135,0.0,0.8224299237938006,1.0,0.26074578585211916
backbone_denovo,RAPCID_backbone_rapcid_backbone_133_model_2,/scratch/a2149a01/RAPCID_2610_output/ligandmpnn_inputs/backbone_denovo/RAPCID_backbone_rapcid_backbone_133_model_2.pdb,/scratch/a2149a01/RAPCID_2610_output/ligandmpnn/seqs/RAPCID_backbone_rapcid_backbone_133_model_2.fa,1042.7417836338282,672.4766093343496,0.3550880765601907,0.26785714285714285,0.25925925925925924,0.6668173781927705,0.14285714285714285,0.6378982788488373,0.0,0.7774243186500134,1.0,0.2656428090552604
backbone_denovo,RAPCID_backbone_rapcid_backbone_113_model_2,/scratch/a2149a01/RAPCID_2610_output/ligandmpnn_inputs/backbone_denovo/RAPCID_backbone_rapcid_backbone_113_model_2.pdb,/scratch/a2149a01/RAPCID_2610_output/ligandmpnn/seqs/RAPCID_backbone_rapcid_backbone_113_model_2.fa,1040.064047679305,670.808821067214,0.35503123815885207,0.23636363636363636,0.3333333333333333,0.5365625053309449,0.0,0.8417729977260089,0.0,1.0,1.0,0.2688549662623925
backbone_denovo,RAPCID_backbone_rapcid_backbone_2_model_7,/scratch/a2149a01/RAPCID_2610_output/ligandmpnn_inputs/backbone_denovo/RAPCID_backbone_rapcid_backbone_2_model_7.pdb,/scratch/a2149a01/RAPCID_2610_output/ligandmpnn/seqs/RAPCID_backbone_rapcid_backbone_2_model_7.fa,1042.1832992136478,672.3006645143032,0.3549113049292095,0.30357142857142855,0.25925925925925924,0.6833224399076904,0.2857142857142857,0.6131975299553781,0.5,0.4506578977911538,0.5,0.2744918332498903
backbone_long,RAPCID_backbone_rapcid_backbone_40_model_4,/scratch/a2149a01/RAPCID_2610_output/ligandmpnn_inputs/backbone_long/RAPCID_backbone_rapcid_backbone_40_model_4.pdb,/scratch/a2149a01/RAPCID_2610_output/ligandmpnn/seqs/RAPCID_backbone_rapcid_backbone_40_model_4.fa,1041.3636113405228,672.1175730228424,0.3545793556607558,0.21428571428571427,0.2962962962962963,0.5585185266629106,0.14285714285714285,0.7501466982978151,0.0,0.8035714544395168,1.0,0.2575765830632131
backbone_long,RAPCID_backbone_rapcid_backbone_33_model_5,/scratch/a2149a01/RAPCID_2610_output/ligandmpnn_inputs/backbone_long/RAPCID_backbone_rapcid_backbone_33_model_5.pdb,/scratch/a2149a01/RAPCID_2610_output/ligandmpnn/seqs/RAPCID_backbone_rapcid_backbone_33_model_5.fa,1044.716412499547,674.5048635452986,0.35436559101095677,0.21052631578947367,0.3333333333333333,0.5447163122966627,0.0,0.8708663959996829,0.0,0.8762886395513758,1.0,0.26209609490229896
backbone_long,RAPCID_backbone_rapcid_backbone_45_model_6,/scratch/a2149a01/RAPCID_2610_output/ligandmpnn_inputs/backbone_long/RAPCID_backbone_rapcid_backbone_45_model_6.pdb,/scratch/a2149a01/RAPCID_2610_output/ligandmpnn/seqs/RAPCID_backbone_rapcid_backbone_45_model_6.fa,1044.716412499547,674.6120693087578,0.3542629739158517,0.2982456140350877,0.37037037037037035,0.5479211741083138,0.2857142857142857,0.7511789201068864,0.0,0.8247422575451577,1.0,0.28953529732646077
backbone_long,RAPCID_backbone_rapcid_backbone_197_model_0,/scratch/a2149a01/RAPCID_2610_output/ligandmpnn_inputs/backbone_long/RAPCID_backbone_rapcid_backbone_197_model_0.pdb,/scratch/a2149a01/RAPCID_2610_output/ligandmpnn/seqs/RAPCID_backbone_rapcid_backbone_197_model_0.fa,1039.7949898391962,671.4955666214228,0.35420388328157915,0.23636363636363636,0.37037037037037035,0.545950279149301,0.14285714285714285,0.7879723505293176,0.0,0.9583333976286562,1.0,0.27403821212317525
backbone_long,RAPCID_backbone_rapcid_backbone_25_model_4,/scratch/a2149a01/RAPCID_2610_output/ligandmpnn_inputs/backbone_long/RAPCID_backbone_rapcid_backbone_25_model_4.pdb,/scratch/a2149a01/RAPCID_2610_output/ligandmpnn/seqs/RAPCID_backbone_rapcid_backbone_25_model_4.fa,1037.8373865634203,670.4387874901295,0.3540040124107051,0.2222222222222222,0.2962962962962963,0.5363697616161568,0.14285714285714285,0.7971762828840436,0.0,0.7389380405293208,0.5,0.2593018055848173
backbone_long,RAPCID_backbone_rapcid_backbone_230_model_3,/scratch/a2149a01/RAPCID_2610_output/ligandmpnn_inputs/backbone_long/RAPCID_backbone_rapcid_backbone_230_model_3.pdb,/scratch/a2149a01/RAPCID_2610_output/ligandmpnn/seqs/RAPCID_backbone_rapcid_backbone_230_model_3.fa,1044.3158884495497,674.6497196257114,0.35397926327891605,0.22807017543859648,0.3333333333333333,0.5350273853534137,0.14285714285714285,0.7569222677246801,0.0,0.8105263097319235,1.0,0.26630821233516133
backbone_long,RAPCID_backbone_rapcid_backbone_1_model_6,/scratch/a2149a01/RAPCID_2610_output/ligandmpnn_inputs/backbone_long/RAPCID_backbone_rapcid_backbone_1_model_6.pdb,/scratch/a2149a01/RAPCID_2610_output/ligandmpnn/seqs/RAPCID_backbone_rapcid_backbone_1_model_6.fa,1041.7405322045088,673.1648514419794,0.35380756471341046,0.25,0.37037037037037035,0.5410397311151365,0.14285714285714285,0.790561244412431,0.0,0.8230088045336107,1.0,0.27726895967659027
backbone_denovo,RAPCID_backbone_rapcid_backbone_161_model_2,/scratch/a2149a01/RAPCID_2610_output/ligandmpnn_inputs/backbone_denovo/RAPCID_backbone_rapcid_backbone_161_model_2.pdb,/scratch/a2149a01/RAPCID_2610_output/ligandmpnn/seqs/RAPCID_backbone_rapcid_backbone_161_model_2.fa,1041.3593517541885,673.1693079322577,0.35356675215112643,0.24074074074074073,0.25925925925925924,0.6411268582623051,0.0,0.746201616981512,0.0,1.0,1.0,0.2581791125420809
backbone,RAPCID_backbone_rapcid_backbone_202_model_1,/scratch/a2149a01/RAPCID_2610_output/ligandmpnn_inputs/backbone/RAPCID_backbone_rapcid_backbone_202_model_1.pdb,/scratch/a2149a01/RAPCID_2610_output/ligandmpnn/seqs/RAPCID_backbone_rapcid_backbone_202_model_1.fa,1044.7282166332006,675.7838359326124,0.35314867046433274,0.17543859649122806,0.25925925925925924,0.5446190412073998,0.0,0.8193224932652413,0.0,1.0,1.0,0.24166543972064564
backbone_long,RAPCID_backbone_rapcid_backbone_183_model_0,/scratch/a2149a01/RAPCID_2610_output/ligandmpnn_inputs/backbone_long/RAPCID_backbone_rapcid_backbone_183_model_0.pdb,/scratch/a2149a01/RAPCID_2610_output/ligandmpnn/seqs/RAPCID_backbone_rapcid_backbone_183_model_0.fa,1044.4361829459667,675.7895867973566,0.3529622988632919,0.26785714285714285,0.3333333333333333,0.5323424199491529,0.14285714285714285,0.8068808332226175,0.0,0.7731958755389399,1.0,0.27579732020276704
backbone,RAPCID_backbone_rapcid_backbone_213_model_7,/scratch/a2149a01/RAPCID_2610_output/ligandmpnn_inputs/backbone/RAPCID_backbone_rapcid_backbone_213_model_7.pdb,/scratch/a2149a01/RAPCID_2610_output/ligandmpnn/seqs/RAPCID_backbone_rapcid_backbone_213_model_7.fa,1040.904816493392,673.7782939225435,0.35269941761594215,0.3090909090909091,0.37037037037037035,0.5417058140074988,0.14285714285714285,0.8006284044909222,0.0,0.6933962169978884,0.5,0.2915430207554568
backbone_long,RAPCID_backbone_rapcid_backbone_182_model_2,/scratch/a2149a01/RAPCID_2610_output/ligandmpnn_inputs/backbone_long/RAPCID_backbone_rapcid_backbone_182_model_2.pdb,/scratch/a2149a01/RAPCID_2610_output/ligandmpnn/seqs/RAPCID_backbone_rapcid_backbone_182_model_2.fa,1041.8857262581587,674.4606987088919,0.35265386432429746,0.2545454545454545,0.3333333333333333,0.5497540629808664,0.14285714285714285,0.7243414934891064,0.0,0.747422666355122,0.5,0.2723306025822975
backbone_denovo,RAPCID_backbone_rapcid_backbone_224_model_6,/scratch/a2149a01/RAPCID_2610_output/ligandmpnn_inputs/backbone_denovo/RAPCID_backbone_rapcid_backbone_224_model_6.pdb,/scratch/a2149a01/RAPCID_2610_output/ligandmpnn/seqs/RAPCID_backbone_rapcid_backbone_224_model_6.fa,1039.6969839632511,673.060103148222,0.35263820754527475,0.24074074074074073,0.3333333333333333,0.5824779403334582,0.14285714285714285,0.8376695182949676,0.0,1.0,1.0,0.26887237858055885
backbone_denovo,RAPCID_backbone_rapcid_backbone_216_model_4,/scratch/a2149a01/RAPCID_2610_output/ligandmpnn_inputs/backbone_denovo/RAPCID_backbone_rapcid_backbone_216_model_4.pdb,/scratch/a2149a01/RAPCID_2610_output/ligandmpnn/seqs/RAPCID_backbone_rapcid_backbone_216_model_4.fa,1040.1116587221622,673.3295181393623,0.3526372745724369,0.25925925925925924,0.3333333333333333,0.5238923197942348,0.14285714285714285,0.7976486456357346,0.5,0.5731707319828685,0.5,0.2735015883724114
backbone_long,RAPCID_backbone_rapcid_backbone_123_model_4,/scratch/a2149a01/RAPCID_2610_output/ligandmpnn_inputs/backbone_long/RAPCID_backbone_rapcid_backbone_123_model_4.pdb,/scratch/a2149a01/RAPCID_2610_output/ligandmpnn/seqs/RAPCID_backbone_rapcid_backbone_123_model_4.fa,1044.716412499547,676.6072627604008,0.3523531796139997,0.2631578947368421,0.3333333333333333,0.5247336837004792,0.14285714285714285,0.8049168936396748,0.0,0.8762886395513758,1.0,0.2743484045105104
backbone,RAPCID_backbone_rapcid_backbone_35_model_4,/scratch/a2149a01/RAPCID_2610_output/ligandmpnn_inputs/backbone/RAPCID_backbone_rapcid_backbone_35_model_4.pdb,/scratch/a2149a01/RAPCID_2610_output/ligandmpnn/seqs/RAPCID_backbone_rapcid_backbone_35_model_4.fa,1044.7282166332006,676.6930459439754,0.35227838669398237,0.24561403508771928,0.37037037037037035,0.5425121391064173,0.0,0.7957632430049335,0.0,0.7631578918057695,1.0,0.2754843383397775
backbone_denovo,RAPCID_backbone_rapcid_backbone_72_model_2,/scratch/a2149a01/RAPCID_2610_output/ligandmpnn_inputs/backbone_denovo/RAPCID_backbone_rapcid_backbone_72_model_2.pdb,/scratch/a2149a01/RAPCID_2610_output/ligandmpnn/seqs/RAPCID_backbone_rapcid_backbone_72_model_2.fa,1039.6869882941246,673.5112796872854,0.3521980295316046,0.2962962962962963,0.3333333333333333,0.6009678244364197,0.0,0.8420702269784345,0.0,0.994845332710244,1.0,0.28256318736329616
backbone_long,RAPCID_backbone_rapcid_backbone_100_model_3,/scratch/a2149a01/RAPCID_2610_output/ligandmpnn_inputs/backbone_long/RAPCID_backbone_rapcid_backbone_100_model_3.pdb,/scratch/a2149a01/RAPCID_2610_output/ligandmpnn/seqs/RAPCID_backbone_rapcid_backbone_100_model_3.fa,1044.716412499547,676.7779082655907,0.3521898381529599,0.3157894736842105,0.37037037037037035,0.5451856421867899,0.14285714285714285,0.8189033925964456,0.0,0.8453608176199285,1.0,0.29298835114544014
backbone_denovo,RAPCID_backbone_rapcid_backbone_82_model_5,/scratch/a2149a01/RAPCID_2610_output/ligandmpnn_inputs/backbone_denovo/RAPCID_backbone_rapcid_backbone_82_model_5.pdb,/scratch/a2149a01/RAPCID_2610_output/ligandmpnn/seqs/RAPCID_backbone_rapcid_backbone_82_model_5.fa,1042.083354383707,675.178273588419,0.3520880352342616,0.38181818181818183,0.3333333333333333,0.6209318332802554,0.0,0.7836634272269866,0.0,0.9666666218786384,1.0,0.30389416130996316
backbone,RAPCID_backbone_rapcid_backbone_248_model_1,/scratch/a2149a01/RAPCID_2610_output/ligandmpnn_inputs/backbone/RAPCID_backbone_rapcid_backbone_248_model_1.pdb,/scratch/a2149a01/RAPCID_2610_output/ligandmpnn/seqs/RAPCID_backbone_rapcid_backbone_248_model_1.fa,1039.1037267744541,673.3773538917303,0.3519632963092122,0.21428571428571427,0.2962962962962963,0.5409910601714439,0.14285714285714285,0.7813907913783728,0.0,0.8097344906242704,1.0,0.2563993563550185
backbone,RAPCID_backbone_rapcid_backbone_158_model_0,/scratch/a2149a01/RAPCID_2610_output/ligandmpnn_inputs/backbone/RAPCID_backbone_rapcid_backbone_158_model_0.pdb,/scratch/a2149a01/RAPCID_2610_output/ligandmpnn/seqs/RAPCID_backbone_rapcid_backbone_158_model_0.fa,1042.0449339598417,675.397377461195,0.3518538832153437,0.2777777777777778,0.37037037037037035,0.5503475174988565,0.14285714285714285,0.831681077148846,0.0,0.7757009433593449,1.0,0.2833342474469047
backbone_long,RAPCID_backbone_rapcid_backbone_164_model_4,/scratch/a2149a01/RAPCID_2610_output/ligandmpnn_inputs/backbone_long/RAPCID_backbone_rapcid_backbone_164_model_4.pdb,/scratch/a2149a01/RAPCID_2610_output/ligandmpnn/seqs/RAPCID_backbone_rapcid_backbone_164_model_4.fa,1045.6712324172258,678.0180855840445,0.3515953537167662,0.2807017543859649,0.3333333333333333,0.5431584329783744,0.0,0.8195488551638538,0.0,0.8157894775923074,1.0,0.278393347769036
backbone_long,RAPCID_backbone_rapcid_backbone_87_model_0,/scratch/a2149a01/RAPCID_2610_output/ligandmpnn_inputs/backbone_long/RAPCID_backbone_rapcid_backbone_87_model_0.pdb,/scratch/a2149a01/RAPCID_2610_output/ligandmpnn/seqs/RAPCID_backbone_rapcid_backbone_87_model_0.fa,1039.6451449245214,674.1562538743019,0.35155157779989843,0.18181818181818182,0.18518518518518517,0.5729090486212999,0.14285714285714285,0.814207100070797,0.5,0.53125,0.5,0.23143053324227753
backbone,RAPCID_backbone_rapcid_backbone_10_model_1,/scratch/a2149a01/RAPCID_2610_output/ligandmpnn_inputs/backbone/RAPCID_backbone_rapcid_backbone_10_model_1.pdb,/scratch/a2149a01/RAPCID_2610_output/ligandmpnn/seqs/RAPCID_backbone_rapcid_backbone_10_model_1.fa,1042.7543054372072,676.2092064917088,0.35151626517793466,0.23636363636363636,0.2962962962962963,0.5194458440562132,0.14285714285714285,0.7928268183687778,0.0,0.8041237156510959,1.0,0.26171767286542413
backbone_denovo,RAPCID_backbone_rapcid_backbone_155_model_5,/scratch/a2149a01/RAPCID_2610_output/ligandmpnn_inputs/backbone_denovo/RAPCID_backbone_rapcid_backbone_155_model_5.pdb,/scratch/a2149a01/RAPCID_2610_output/ligandmpnn/seqs/RAPCID_backbone_rapcid_backbone_155_model_5.fa,1041.039002045989,675.2735703140497,0.3513465211323381,0.36363636363636365,0.2222222222222222,0.6688321859365571,0.2857142857142857,0.6977512523712154,0.5,0.5124999997104989,0.5,0.2823483587519764
backbone,RAPCID_backbone_rapcid_backbone_22_model_3,/scratch/a2149a01/RAPCID_2610_output/ligandmpnn_inputs/backbone/RAPCID_backbone_rapcid_backbone_22_model_3.pdb,/scratch/a2149a01/RAPCID_2610_output/ligandmpnn/seqs/RAPCID_backbone_rapcid_backbone_22_model_3.fa,1044.7282166332006,677.7023606598377,0.3513122840274774,0.2982456140350877,0.3333333333333333,0.5302151364250833,0.14285714285714285,0.7770093114082466,0.0,0.8526315597976939,1.0,0.28265193132113675
backbone,RAPCID_backbone_rapcid_backbone_230_model_3,/scratch/a2149a01/RAPCID_2610_output/ligandmpnn_inputs/backbone/RAPCID_backbone_rapcid_backbone_230_model_3.pdb,/scratch/a2149a01/RAPCID_2610_output/ligandmpnn/seqs/RAPCID_backbone_rapcid_backbone_230_model_3.fa,1038.5478457212448,673.7479944378138,0.35125955225499206,0.2962962962962963,0.37037037037037035,0.5374511846693345,0.14285714285714285,0.8590326520282598,0.0,0.8505154849096844,1.0,0.287696428144376
backbone_denovo,RAPCID_backbone_rapcid_backbone_151_model_1,/scratch/a2149a01/RAPCID_2610_output/ligandmpnn_inputs/backbone_denovo/RAPCID_backbone_rapcid_backbone_151_model_1.pdb,/scratch/a2149a01/RAPCID_2610_output/ligandmpnn/seqs/RAPCID_backbone_rapcid_backbone_151_model_1.fa,1038.0815004557371,673.5305328965187,0.3511775977119077,0.23636363636363636,0.3333333333333333,0.5412799875179153,0.14285714285714285,0.868743974625008,0.0,1.0,1.0,0.2671208280612676
backbone_denovo,RAPCID_backbone_rapcid_backbone_42_model_2,/scratch/a2149a01/RAPCID_2610_output/ligandmpnn_inputs/backbone_denovo/RAPCID_backbone_rapcid_backbone_42_model_2.pdb,/scratch/a2149a01/RAPCID_2610_output/ligandmpnn/seqs/RAPCID_backbone_rapcid_backbone_42_model_2.fa,1040.5306161493063,675.127333894372,0.35117014010330894,0.3157894736842105,0.2962962962962963,0.6453448768905911,0.14285714285714285,0.7459007066779048,0.5,0.5999999976839905,0.5,0.2814183759119861
backbone_denovo,RAPCID_backbone_rapcid_backbone_106_model_3,/scratch/a2149a01/RAPCID_2610_output/ligandmpnn_inputs/backbone_denovo/RAPCID_backbone_rapcid_backbone_106_model_3.pdb,/scratch/a2149a01/RAPCID_2610_output/ligandmpnn/seqs/RAPCID_backbone_rapcid_backbone_106_model_3.fa,1043.7493095248938,677.5031684935093,0.35089473850583597,0.2777777777777778,0.25925925925925924,0.653381343525882,0.14285714285714285,0.7401723940104266,0.0,1.0,1.0,0.26623596566095953
backbone_long,RAPCID_backbone_rapcid_backbone_3_model_4,/scratch/a2149a01/RAPCID_2610_output/ligandmpnn_inputs/backbone_long/RAPCID_backbone_rapcid_backbone_3_model_4.pdb,/scratch/a2149a01/RAPCID_2610_output/ligandmpnn/seqs/RAPCID_backbone_rapcid_backbone_3_model_4.fa,1038.045450091362,673.8767049908638,0.3508215801807584,0.2222222222222222,0.2962962962962963,0.5398996218949457,0.14285714285714285,0.7048785214795706,0.0,0.8097344906242704,1.0,0.25786971108134127
backbone_denovo,RAPCID_backbone_rapcid_backbone_247_model_3,/scratch/a2149a01/RAPCID_2610_output/ligandmpnn_inputs/backbone_denovo/RAPCID_backbone_rapcid_backbone_247_model_3.pdb,/scratch/a2149a01/RAPCID_2610_output/ligandmpnn/seqs/RAPCID_backbone_rapcid_backbone_247_model_3.fa,1040.064047679305,675.3865796029568,0.3506298183174903,0.32727272727272727,0.2962962962962963,0.6334784432298639,0.14285714285714285,0.7480474432232391,0.0,0.5155914130533921,0.5,0.2840460445054969
backbone_denovo,RAPCID_backbone_rapcid_backbone_55_model_3,/scratch/a2149a01/RAPCID_2610_output/ligandmpnn_inputs/backbone_denovo/RAPCID_backbone_rapcid_backbone_55_model_3.pdb,/scratch/a2149a01/RAPCID_2610_output/ligandmpnn/seqs/RAPCID_backbone_rapcid_backbone_55_model_3.fa,1040.064047679305,675.5891388952732,0.3504350617611336,0.2727272727272727,0.25925925925925924,0.6370610913358187,0.14285714285714285,0.6922695809833873,0.0,0.8249999837879336,1.0,0.2647664848632172
backbone_long,RAPCID_backbone_rapcid_backbone_122_model_6,/scratch/a2149a01/RAPCID_2610_output/ligandmpnn_inputs/backbone_long/RAPCID_backbone_rapcid_backbone_122_model_6.pdb,/scratch/a2149a01/RAPCID_2610_output/ligandmpnn/seqs/RAPCID_backbone_rapcid_backbone_122_model_6.fa,1036.4461232870817,673.6004865318537,0.35008634660571225,0.2962962962962963,0.3333333333333333,0.5525008719594082,0.0,0.7342568665716189,0.5,0.5970372243227715,0.5,0.2816129300466446
backbone_denovo,RAPCID_backbone_rapcid_backbone_148_model_7,/scratch/a2149a01/RAPCID_2610_output/ligandmpnn_inputs/backbone_denovo/RAPCID_backbone_rapcid_backbone_148_model_7.pdb,/scratch/a2149a01/RAPCID_2610_output/ligandmpnn/seqs/RAPCID_backbone_rapcid_backbone_148_model_7.fa,1041.6563350707293,677.2516375035048,0.34983197941428656,0.2545454545454545,0.3333333333333333,0.5515932919538938,0.14285714285714285,0.8608131054749332,0.0,1.0,1.0,0.2710607543727926
backbone_long,RAPCID_backbone_rapcid_backbone_83_model_5,/scratch/a2149a01/RAPCID_2610_output/ligandmpnn_inputs/backbone_long/RAPCID_backbone_rapcid_backbone_83_model_5.pdb,/scratch/a2149a01/RAPCID_2610_output/ligandmpnn/seqs/RAPCID_backbone_rapcid_backbone_83_model_5.fa,1038.1138966232538,675.0155580192804,0.3497673422781922,0.23214285714285715,0.2962962962962963,0.5363211413344247,0.0,0.8917866919617448,0.0,0.7803738496435793,1.0,0.25987546275534523
backbone_long,RAPCID_backbone_rapcid_backbone_144_model_1,/scratch/a2149a01/RAPCID_2610_output/ligandmpnn_inputs/backbone_long/RAPCID_backbone_rapcid_backbone_144_model_1.pdb,/scratch/a2149a01/RAPCID_2610_output/ligandmpnn/seqs/RAPCID_backbone_rapcid_backbone_144_model_1.fa,1042.6423090845346,677.9704699069262,0.3497573770028566,0.17857142857142858,0.3333333333333333,0.545397225455112,0.14285714285714285,0.7725836181815942,0.0,0.8141592619273839,1.0,0.2520336767941426
backbone_denovo,RAPCID_backbone_rapcid_backbone_68_model_5,/scratch/a2149a01/RAPCID_2610_output/ligandmpnn_inputs/backbone_denovo/RAPCID_backbone_rapcid_backbone_68_model_5.pdb,/scratch/a2149a01/RAPCID_2610_output/ligandmpnn/seqs/RAPCID_backbone_rapcid_backbone_68_model_5.fa,1039.6869882941246,676.3351518958807,0.3494819503266233,0.25925925925925924,0.2222222222222222,0.6043484966646508,0.2857142857142857,0.6657257849851282,0.0,0.8298969248349137,1.0,0.25541502579512865
backbone_denovo,RAPCID_backbone_rapcid_backbone_198_model_1,/scratch/a2149a01/RAPCID_2610_output/ligandmpnn_inputs/backbone_denovo/RAPCID_backbone_rapcid_backbone_198_model_1.pdb,/scratch/a2149a01/RAPCID_2610_output/ligandmpnn/seqs/RAPCID_backbone_rapcid_backbone_198_model_1.fa,1045.2416070401669,679.9551033526659,0.3494756630688388,0.3392857142857143,0.2962962962962963,0.6309559853215931,0.14285714285714285,0.7581349224608196,0.0,0.8529411785046467,1.0,0.28652992139685046
backbone_denovo,RAPCID_backbone_rapcid_backbone_140_model_6,/scratch/a2149a01/RAPCID_2610_output/ligandmpnn_inputs/backbone_denovo/RAPCID_backbone_rapcid_backbone_140_model_6.pdb,/scratch/a2149a01/RAPCID_2610_output/ligandmpnn/seqs/RAPCID_backbone_rapcid_backbone_140_model_6.fa,1046.5645312964916,680.8652248680592,0.3494283395744374,0.26785714285714285,0.3333333333333333,0.5455240893660629,0.14285714285714285,0.8305921627995236,0.0,0.6375000127380521,0.5,0.27420703852278255
backbone_denovo,RAPCID_backbone_rapcid_backbone_52_model_6,/scratch/a2149a01/RAPCID_2610_output/ligandmpnn_inputs/backbone_denovo/RAPCID_backbone_rapcid_backbone_52_model_6.pdb,/scratch/a2149a01/RAPCID_2610_output/ligandmpnn/seqs/RAPCID_backbone_rapcid_backbone_52_model_6.fa,1042.8094889819622,678.5452651083469,0.349310423161978,0.25,0.37037037037037035,0.538937169068107,0.0,0.8879422653707584,0.0,1.0,1.0,0.2752452459784457
backbone_long,RAPCID_backbone_rapcid_backbone_130_model_1,/scratch/a2149a01/RAPCID_2610_output/ligandmpnn_inputs/backbone_long/RAPCID_backbone_rapcid_backbone_130_model_1.pdb,/scratch/a2149a01/RAPCID_2610_output/ligandmpnn/seqs/RAPCID_backbone_rapcid_backbone_130_model_1.fa,1046.1367504298687,680.931357473135,0.34909909512945314,0.16666666666666666,0.25925925925925924,0.5765737460988767,0.0,0.7446314617141239,0.0,0.7989690847227576,1.0,0.23765014836380946
backbone_denovo,RAPCID_backbone_rapcid_backbone_35_model_7,/scratch/a2149a01/RAPCID_2610_output/ligandmpnn_inputs/backbone_denovo/RAPCID_backbone_rapcid_backbone_35_model_7.pdb,/scratch/a2149a01/RAPCID_2610_output/ligandmpnn/seqs/RAPCID_backbone_rapcid_backbone_35_model_7.fa,1040.5306161493063,677.3640152812004,0.3490205816452352,0.2807017543859649,0.4074074074074074,0.5178250584920475,0.0,0.9080919114572837,0.0,1.0,1.0,0.2883458114479582
backbone_denovo,RAPCID_backbone_rapcid_backbone_44_model_2,/scratch/a2149a01/RAPCID_2610_output/ligandmpnn_inputs/backbone_denovo/RAPCID_backbone_rapcid_backbone_44_model_2.pdb,/scratch/a2149a01/RAPCID_2610_output/ligandmpnn/seqs/RAPCID_backbone_rapcid_backbone_44_model_2.fa,1041.6269612163305,678.1262646764517,0.34897397060019564,0.23214285714285715,0.3333333333333333,0.550684664005586,0.14285714285714285,0.8708994694108346,0.0,1.0,1.0,0.2650740010558023
backbone_long,RAPCID_backbone_rapcid_backbone_136_model_4,/scratch/a2149a01/RAPCID_2610_output/ligandmpnn_inputs/backbone_long/RAPCID_backbone_rapcid_backbone_136_model_4.pdb,/scratch/a2149a01/RAPCID_2610_output/ligandmpnn/seqs/RAPCID_backbone_rapcid_backbone_136_model_4.fa,1044.280294507742,679.9566894620657,0.34887530384494414,0.2727272727272727,0.37037037037037035,0.5523901786652662,0.0,0.8184435735767265,0.0,0.7710280535566881,1.0,0.2807312604675986
backbone_long,RAPCID_backbone_rapcid_backbone_87_model_5,/scratch/a2149a01/RAPCID_2610_output/ligandmpnn_inputs/backbone_long/RAPCID_backbone_rapcid_backbone_87_model_5.pdb,/scratch/a2149a01/RAPCID_2610_output/ligandmpnn/seqs/RAPCID_backbone_rapcid_backbone_87_model_5.fa,1039.6451449245214,677.1651535928249,0.3486574174864373,0.2727272727272727,0.2962962962962963,0.5570891149888442,0.2857142857142857,0.745766850474341,0.0,0.6534722479385824,1.0,0.2695221004951594
backbone_denovo,RAPCID_backbone_rapcid_backbone_153_model_4,/scratch/a2149a01/RAPCID_2610_output/ligandmpnn_inputs/backbone_denovo/RAPCID_backbone_rapcid_backbone_153_model_4.pdb,/scratch/a2149a01/RAPCID_2610_output/ligandmpnn/seqs/RAPCID_backbone_rapcid_backbone_153_model_4.fa,1042.8094889819622,679.488662943244,0.34840575376180016,0.26785714285714285,0.37037037037037035,0.5260435357444864,0.0,0.8322015893280137,0.0,0.6794871770508775,0.5,0.27930243046265135
backbone_denovo,RAPCID_backbone_rapcid_backbone_55_model_7,/scratch/a2149a01/RAPCID_2610_output/ligandmpnn_inputs/backbone_denovo/RAPCID_backbone_rapcid_backbone_55_model_7.pdb,/scratch/a2149a01/RAPCID_2610_output/ligandmpnn/seqs/RAPCID_backbone_rapcid_backbone_55_model_7.fa,1040.064047679305,677.8638960272074,0.348247929981115,0.2727272727272727,0.3333333333333333,0.5549727046664512,0.0,0.9546004910173368,0.0,1.0,1.0,0.2748933866733199
backbone,RAPCID_backbone_rapcid_backbone_153_model_1,/scratch/a2149a01/RAPCID_2610_output/ligandmpnn_inputs/backbone/RAPCID_backbone_rapcid_backbone_153_model_1.pdb,/scratch/a2149a01/RAPCID_2610_output/ligandmpnn/seqs/RAPCID_backbone_rapcid_backbone_153_model_1.fa,1040.904816493392,678.5660526305437,0.34809980520937334,0.2545454545454545,0.2962962962962963,0.5640188571076714,0.14285714285714285,0.7647916116879088,0.5,0.566037734357999,0.5,0.26472572042502607
backbone_long,RAPCID_backbone_rapcid_backbone_236_model_3,/scratch/a2149a01/RAPCID_2610_output/ligandmpnn_inputs/backbone_long/RAPCID_backbone_rapcid_backbone_236_model_3.pdb,/scratch/a2149a01/RAPCID_2610_output/ligandmpnn/seqs/RAPCID_backbone_rapcid_backbone_236_model_3.fa,1044.4361829459667,680.9189124107361,0.34805120357845454,0.25,0.2962962962962963,0.5505391891576806,0.14285714285714285,0.7977540110930944,0.0,0.8402061866915902,1.0,0.263567486054749
backbone_denovo,RAPCID_backbone_rapcid_backbone_138_model_5,/scratch/a2149a01/RAPCID_2610_output/ligandmpnn_inputs/backbone_denovo/RAPCID_backbone_rapcid_backbone_138_model_5.pdb,/scratch/a2149a01/RAPCID_2610_output/ligandmpnn/seqs/RAPCID_backbone_rapcid_backbone_138_model_5.fa,1040.3829977214336,678.4563312977552,0.34787829791177116,0.26785714285714285,0.3333333333333333,0.5799168339179818,0.0,0.7752566987316414,0.5,0.6046511632917273,0.5,0.2735095197745827
backbone,RAPCID_backbone_rapcid_backbone_187_model_1,/scratch/a2149a01/RAPCID_2610_output/ligandmpnn_inputs/backbone/RAPCID_backbone_rapcid_backbone_187_model_1.pdb,/scratch/a2149a01/RAPCID_2610_output/ligandmpnn/seqs/RAPCID_backbone_rapcid_backbone_187_model_1.fa,1039.1037267744541,677.6754953712225,0.3478269032151037,0.26785714285714285,0.37037037037037035,0.5070337667283832,0.0,0.8468558678652612,0.0,1.0,1.0,0.27904194771663793
backbone_long,RAPCID_backbone_rapcid_backbone_183_model_7,/scratch/a2149a01/RAPCID_2610_output/ligandmpnn_inputs/backbone_long/RAPCID_backbone_rapcid_backbone_183_model_7.pdb,/scratch/a2149a01/RAPCID_2610_output/ligandmpnn/seqs/RAPCID_backbone_rapcid_backbone_183_model_7.fa,1044.4361829459667,681.2410871088505,0.34774273600200034,0.21428571428571427,0.25925925925925924,0.5432210807600518,0.14285714285714285,0.7590812623910388,0.0,0.8556701158380227,1.0,0.24894454866121762
backbone,RAPCID_backbone_rapcid_backbone_215_model_2,/scratch/a2149a01/RAPCID_2610_output/ligandmpnn_inputs/backbone/RAPCID_backbone_rapcid_backbone_215_model_2.pdb,/scratch/a2149a01/RAPCID_2610_output/ligandmpnn/seqs/RAPCID_backbone_rapcid_backbone_215_model_2.fa,1041.8857262581587,679.6318120807409,0.34769063923969945,0.2727272727272727,0.2962962962962963,0.5591313467614661,0.14285714285714285,0.7488436545205533,0.0,0.6494845423613789,0.5,0.2690870502841274
backbone_long,RAPCID_backbone_rapcid_backbone_205_model_1,/scratch/a2149a01/RAPCID_2610_output/ligandmpnn_inputs/backbone_long/RAPCID_backbone_rapcid_backbone_205_model_1.pdb,/scratch/a2149a01/RAPCID_2610_output/ligandmpnn/seqs/RAPCID_backbone_rapcid_backbone_205_model_1.fa,1046.1367504298687,682.5590418875217,0.3475431948958384,0.2222222222222222,0.3333333333333333,0.5392074963171013,0.14285714285714285,0.804617295570784,0.0,0.8298969248349137,1.0,0.26194999325868285
backbone_denovo,RAPCID_backbone_rapcid_backbone_78_model_3,/scratch/a2149a01/RAPCID_2610_output/ligandmpnn_inputs/backbone_denovo/RAPCID_backbone_rapcid_backbone_78_model_3.pdb,/scratch/a2149a01/RAPCID_2610_output/ligandmpnn/seqs/RAPCID_backbone_rapcid_backbone_78_model_3.fa,1042.8094889819622,680.7708523273468,0.3471762009070841,0.21428571428571427,0.3333333333333333,0.5361018213489843,0.0,0.9193061066070448,0.0,1.0,1.0,0.25980071897961643
backbone,RAPCID_backbone_rapcid_backbone_76_model_5,/scratch/a2149a01/RAPCID_2610_output/ligandmpnn_inputs/backbone/RAPCID_backbone_rapcid_backbone_76_model_5.pdb,/scratch/a2149a01/RAPCID_2610_output/ligandmpnn/seqs/RAPCID_backbone_rapcid_backbone_76_model_5.fa,1037.8373865634203,677.7691423296928,0.3469409070201427,0.2037037037037037,0.25925925925925924,0.5352817833264615,0.14285714285714285,0.8259227049674329,0.0,0.7928097065831048,1.0,0.24593822297387904
backbone_long,RAPCID_backbone_rapcid_backbone_19_model_6,/scratch/a2149a01/RAPCID_2610_output/ligandmpnn_inputs/backbone_long/RAPCID_backbone_rapcid_backbone_19_model_6.pdb,/scratch/a2149a01/RAPCID_2610_output/ligandmpnn/seqs/RAPCID_backbone_rapcid_backbone_19_model_6.fa,1044.3158884495497,682.0935468822718,0.3468513172820282,0.19298245614035087,0.25925925925925924,0.5472702850247647,0.14285714285714285,0.8337737685668639,0.0,0.8526315597976939,1.0,0.24321759570088933
backbone_denovo,RAPCID_backbone_rapcid_backbone_76_model_6,/scratch/a2149a01/RAPCID_2610_output/ligandmpnn_inputs/backbone_denovo/RAPCID_backbone_rapcid_backbone_76_model_6.pdb,/scratch/a2149a01/RAPCID_2610_output/ligandmpnn/seqs/RAPCID_backbone_rapcid_backbone_76_model_6.fa,1046.5645312964916,683.6000054776669,0.34681523686760307,0.21428571428571427,0.18518518518518517,0.6997397599788928,0.14285714285714285,0.6502638270571424,0.5,0.6124999988419952,0.5,0.23741606293962775
backbone_denovo,RAPCID_backbone_rapcid_backbone_155_model_1,/scratch/a2149a01/RAPCID_2610_output/ligandmpnn_inputs/backbone_denovo/RAPCID_backbone_rapcid_backbone_155_model_1.pdb,/scratch/a2149a01/RAPCID_2610_output/ligandmpnn/seqs/RAPCID_backbone_rapcid_backbone_155_model_1.fa,1041.039002045989,680.1919955164194,0.34662198613153283,0.36363636363636365,0.2962962962962963,0.657967573528561,0.2857142857142857,0.7024066967899228,0.0,0.7925257712809646,1.0,0.29133342911272514
backbone,RAPCID_backbone_rapcid_backbone_109_model_4,/scratch/a2149a01/RAPCID_2610_output/ligandmpnn_inputs/backbone/RAPCID_backbone_rapcid_backbone_109_model_4.pdb,/scratch/a2149a01/RAPCID_2610_output/ligandmpnn/seqs/RAPCID_backbone_rapcid_backbone_109_model_4.fa,1040.1031655669212,679.6266164779663,0.3465776867359813,0.23214285714285715,0.25925925925925924,0.5745559445052193,0.14285714285714285,0.8116796035589183,0.0,1.0,1.0,0.25288456220579475
backbone,RAPCID_backbone_rapcid_backbone_75_model_2,/scratch/a2149a01/RAPCID_2610_output/ligandmpnn_inputs/backbone/RAPCID_backbone_rapcid_backbone_75_model_2.pdb,/scratch/a2149a01/RAPCID_2610_output/ligandmpnn/seqs/RAPCID_backbone_rapcid_backbone_75_model_2.fa,1037.5562817156315,677.9643652737141,0.34657581740753474,0.21818181818181817,0.3333333333333333,0.5177407291444586,0.0,0.8370849824113306,0.0,0.9886363109997892,1.0,0.26050457237884517
backbone_denovo,RAPCID_backbone_rapcid_backbone_64_model_4,/scratch/a2149a01/RAPCID_2610_output/ligandmpnn_inputs/backbone_denovo/RAPCID_backbone_rapcid_backbone_64_model_4.pdb,/scratch/a2149a01/RAPCID_2610_output/ligandmpnn/seqs/RAPCID_backbone_rapcid_backbone_64_model_4.fa,1041.039002045989,680.3036506325006,0.34651473259361376,0.2545454545454545,0.3333333333333333,0.5211069675576704,0.0,0.9128428297611001,0.0,1.0,1.0,0.26956799330348985
backbone_denovo,RAPCID_backbone_rapcid_backbone_240_model_3,/scratch/a2149a01/RAPCID_2610_output/ligandmpnn_inputs/backbone_denovo/RAPCID_backbone_rapcid_backbone_240_model_3.pdb,/scratch/a2149a01/RAPCID_2610_output/ligandmpnn/seqs/RAPCID_backbone_rapcid_backbone_240_model_3.fa,1041.0645203441381,680.3423029482365,0.34649362296648056,0.2545454545454545,0.3333333333333333,0.5920155447348057,0.14285714285714285,0.7991398905942555,0.0,1.0,1.0,0.2695584939712799
backbone_denovo,RAPCID_backbone_rapcid_backbone_223_model_7,/scratch/a2149a01/RAPCID_2610_output/ligandmpnn_inputs/backbone_denovo/RAPCID_backbone_rapcid_backbone_223_model_7.pdb,/scratch/a2149a01/RAPCID_2610_output/ligandmpnn/seqs/RAPCID_backbone_rapcid_backbone_223_model_7.fa,1040.185861632228,680.1165574640036,0.34615862169402556,0.2,0.2962962962962963,0.5732695337585058,0.0,0.843294669861967,0.0,1.0,1.0,0.250215824206756
backbone_long,RAPCID_backbone_rapcid_backbone_192_model_6,/scratch/a2149a01/RAPCID_2610_output/ligandmpnn_inputs/backbone_long/RAPCID_backbone_rapcid_backbone_192_model_6.pdb,/scratch/a2149a01/RAPCID_2610_output/ligandmpnn/seqs/RAPCID_backbone_rapcid_backbone_192_model_6.fa,1043.2813202440739,682.3684127628803,0.34594016060477206,0.25,0.2962962962962963,0.5558901327684498,0.14285714285714285,0.7625424064774625,0.0,0.8814433068411316,1.0,0.2626175167165919
backbone,RAPCID_backbone_rapcid_backbone_56_model_6,/scratch/a2149a01/RAPCID_2610_output/ligandmpnn_inputs/backbone/RAPCID_backbone_rapcid_backbone_56_model_6.pdb,/scratch/a2149a01/RAPCID_2610_output/ligandmpnn/seqs/RAPCID_backbone_rapcid_backbone_56_model_6.fa,1039.6045360267162,680.1728409081697,0.3457388676777663,0.24074074074074073,0.2962962962962963,0.5685553824440385,0.14285714285714285,0.8220114896818408,0.0,0.9432989870654438,1.0,0.26021212008462447
backbone_denovo,RAPCID_backbone_rapcid_backbone_97_model_4,/scratch/a2149a01/RAPCID_2610_output/ligandmpnn_inputs/backbone_denovo/RAPCID_backbone_rapcid_backbone_97_model_4.pdb,/scratch/a2149a01/RAPCID_2610_output/ligandmpnn/seqs/RAPCID_backbone_rapcid_backbone_97_model_4.fa,1039.9007866084576,680.399670034647,0.34570713014487753,0.25925925925925924,0.3333333333333333,0.5698133511122525,0.0,0.9145015001344697,0.0,1.0,1.0,0.2703830233800097
backbone_denovo,RAPCID_backbone_rapcid_backbone_17_model_3,/scratch/a2149a01/RAPCID_2610_output/ligandmpnn_inputs/backbone_denovo/RAPCID_backbone_rapcid_backbone_17_model_3.pdb,/scratch/a2149a01/RAPCID_2610_output/ligandmpnn/seqs/RAPCID_backbone_rapcid_backbone_17_model_3.fa,1042.4182311743498,682.1231830120087,0.34563387073194807,0.3333333333333333,0.3333333333333333,0.6394172379023793,0.0,0.690644487053829,0.5,0.5365853659914342,0.5,0.28886857516271
backbone_long,RAPCID_backbone_rapcid_backbone_194_model_2,/scratch/a2149a01/RAPCID_2610_output/ligandmpnn_inputs/backbone_long/RAPCID_backbone_rapcid_backbone_194_model_2.pdb,/scratch/a2149a01/RAPCID_2610_output/ligandmpnn/seqs/RAPCID_backbone_rapcid_backbone_194_model_2.fa,1040.9532422423363,681.2524464130402,0.3455494264607487,0.26785714285714285,0.2962962962962963,0.5816465529126651,0.2857142857142857,0.6917563895029027,0.5,0.3353755163414305,0.5,0.2669059720660671
backbone_denovo,RAPCID_backbone_rapcid_backbone_152_model_0,/scratch/a2149a01/RAPCID_2610_output/ligandmpnn_inputs/backbone_denovo/RAPCID_backbone_rapcid_backbone_152_model_0.pdb,/scratch/a2149a01/RAPCID_2610_output/ligandmpnn/seqs/RAPCID_backbone_rapcid_backbone_152_model_0.fa,1039.443559601903,680.3303937762976,0.345485969399957,0.2545454545454545,0.2962962962962963,0.542113559291216,0.14285714285714285,0.8076953462647944,0.5,0.574999995367981,0.5,0.2635494943107887
backbone_long,RAPCID_backbone_rapcid_backbone_127_model_6,/scratch/a2149a01/RAPCID_2610_output/ligandmpnn_inputs/backbone_long/RAPCID_backbone_rapcid_backbone_127_model_6.pdb,/scratch/a2149a01/RAPCID_2610_output/ligandmpnn/seqs/RAPCID_backbone_rapcid_backbone_127_model_6.fa,1040.0336503088474,680.7373757213354,0.3454660091823142,0.2545454545454545,0.3333333333333333,0.5492293913032648,0.14285714285714285,0.8249915575606332,0.0,0.7547169902353745,1.0,0.269096067768405
backbone,RAPCID_backbone_rapcid_backbone_68_model_5,/scratch/a2149a01/RAPCID_2610_output/ligandmpnn_inputs/backbone/RAPCID_backbone_rapcid_backbone_68_model_5.pdb,/scratch/a2149a01/RAPCID_2610_output/ligandmpnn/seqs/RAPCID_backbone_rapcid_backbone_68_model_5.fa,1039.6045360267162,680.5186866819859,0.34540619716524823,0.25925925925925924,0.3333333333333333,0.5733290106426464,0.14285714285714285,0.7088223949000498,0.0,0.6296203432495352,1.0,0.2702476035391765
backbone_denovo,RAPCID_backbone_rapcid_backbone_118_model_4,/scratch/a2149a01/RAPCID_2610_output/ligandmpnn_inputs/backbone_denovo/RAPCID_backbone_rapcid_backbone_118_model_4.pdb,/scratch/a2149a01/RAPCID_2610_output/ligandmpnn/seqs/RAPCID_backbone_rapcid_backbone_118_model_4.fa,1039.9007866084576,681.3252376317978,0.34481707639256776,0.2222222222222222,0.2962962962962963,0.5799836465659136,0.14285714285714285,0.8454097744383607,0.0,1.0,1.0,0.2551676843766555
backbone_denovo,RAPCID_backbone_rapcid_backbone_195_model_4,/scratch/a2149a01/RAPCID_2610_output/ligandmpnn_inputs/backbone_denovo/RAPCID_backbone_rapcid_backbone_195_model_4.pdb,/scratch/a2149a01/RAPCID_2610_output/ligandmpnn/seqs/RAPCID_backbone_rapcid_backbone_195_model_4.fa,1039.1335251927376,681.4058172851801,0.34425576620791487,0.25,0.3333333333333333,0.5075277603265258,0.0,0.8937814949735564,0.0,0.79069769496082,1.0,0.2674150947935617
backbone_long,RAPCID_backbone_rapcid_backbone_42_model_4,/scratch/a2149a01/RAPCID_2610_output/ligandmpnn_inputs/backbone_long/RAPCID_backbone_rapcid_backbone_42_model_4.pdb,/scratch/a2149a01/RAPCID_2610_output/ligandmpnn/seqs/RAPCID_backbone_rapcid_backbone_42_model_4.fa,1041.5430707782507,683.2479154765606,0.3440041658901044,0.2,0.2962962962962963,0.5659375834671734,0.14285714285714285,0.8168650441635462,0.0,0.763440857768257,1.0,0.24924631909499145
backbone,RAPCID_backbone_rapcid_backbone_188_model_5,/scratch/a2149a01/RAPCID_2610_output/ligandmpnn_inputs/backbone/RAPCID_backbone_rapcid_backbone_188_model_5.pdb,/scratch/a2149a01/RAPCID_2610_output/ligandmpnn/seqs/RAPCID_backbone_rapcid_backbone_188_model_5.fa,1040.904816493392,682.9540208429098,0.3438842725854123,0.21818181818181817,0.25925925925925924,0.5616999842011049,0.14285714285714285,0.8398789433275565,0.0,0.7169811349006334,0.5,0.24818226609777896
backbone_long,RAPCID_backbone_rapcid_backbone_248_model_2,/scratch/a2149a01/RAPCID_2610_output/ligandmpnn_inputs/backbone_long/RAPCID_backbone_rapcid_backbone_248_model_2.pdb,/scratch/a2149a01/RAPCID_2610_output/ligandmpnn/seqs/RAPCID_backbone_rapcid_backbone_248_model_2.fa,1042.107029646635,683.8312383145094,0.3437994190036433,0.2909090909090909,0.3333333333333333,0.5369439981235875,0.14285714285714285,0.8067534272219844,0.0,0.7809523625572978,1.0,0.27743701127891224
backbone_denovo,RAPCID_backbone_rapcid_backbone_17_model_1,/scratch/a2149a01/RAPCID_2610_output/ligandmpnn_inputs/backbone_denovo/RAPCID_backbone_rapcid_backbone_17_model_1.pdb,/scratch/a2149a01/RAPCID_2610_output/ligandmpnn/seqs/RAPCID_backbone_rapcid_backbone_17_model_1.fa,1042.4182311743498,684.169774517417,0.34367055941965197,0.24074074074074073,0.3333333333333333,0.5353424886594503,0.0,0.8982683997267278,0.0,1.0,1.0,0.26483693692402854
backbone_long,RAPCID_backbone_rapcid_backbone_53_model_1,/scratch/a2149a01/RAPCID_2610_output/ligandmpnn_inputs/backbone_long/RAPCID_backbone_rapcid_backbone_53_model_1.pdb,/scratch/a2149a01/RAPCID_2610_output/ligandmpnn/seqs/RAPCID_backbone_rapcid_backbone_53_model_1.fa,1045.6712324172258,686.3841904401779,0.343594650822039,0.19298245614035087,0.25925925925925924,0.604586418801664,0.14285714285714285,0.7640139375197336,0.0,0.6704453630462729,0.5,0.24175209579389415
backbone_long,RAPCID_backbone_rapcid_backbone_152_model_7,/scratch/a2149a01/RAPCID_2610_output/ligandmpnn_inputs/backbone_long/RAPCID_backbone_rapcid_backbone_152_model_7.pdb,/scratch/a2149a01/RAPCID_2610_output/ligandmpnn/seqs/RAPCID_backbone_rapcid_backbone_152_model_7.fa,1040.9144045263529,683.6267657130957,0.34324401435854257,0.23214285714285715,0.2962962962962963,0.5476175539154385,0.14285714285714285,0.8261980333052958,0.0,0.8364486261649262,1.0,0.2569399651915029
backbone_long,RAPCID_backbone_rapcid_backbone_158_model_2,/scratch/a2149a01/RAPCID_2610_output/ligandmpnn_inputs/backbone_long/RAPCID_backbone_rapcid_backbone_158_model_2.pdb,/scratch/a2149a01/RAPCID_2610_output/ligandmpnn/seqs/RAPCID_backbone_rapcid_backbone_158_model_2.fa,1040.9532422423363,683.6960991770029,0.3432019120241744,0.25,0.2962962962962963,0.5393475026390527,0.14285714285714285,0.8546933948383241,0.0,0.7079645945881833,0.5,0.2613853048553229
backbone_long,RAPCID_backbone_rapcid_backbone_176_model_1,/scratch/a2149a01/RAPCID_2610_output/ligandmpnn_inputs/backbone_long/RAPCID_backbone_rapcid_backbone_176_model_1.pdb,/scratch/a2149a01/RAPCID_2610_output/ligandmpnn/seqs/RAPCID_backbone_rapcid_backbone_176_model_1.fa,1040.9532422423363,683.9711223393679,0.3429377088388589,0.17857142857142858,0.2222222222222222,0.5748287997324462,0.14285714285714285,0.7364645538024265,0.0,0.7964601455020345,1.0,0.232298159453677
backbone_long,RAPCID_backbone_rapcid_backbone_92_model_1,/scratch/a2149a01/RAPCID_2610_output/ligandmpnn_inputs/backbone_long/RAPCID_backbone_rapcid_backbone_92_model_1.pdb,/scratch/a2149a01/RAPCID_2610_output/ligandmpnn/seqs/RAPCID_backbone_rapcid_backbone_92_model_1.fa,1036.697216540575,681.7795078754425,0.3423542602433923,0.23636363636363636,0.3333333333333333,0.5482463163489074,0.0,0.7882793246375674,0.0,0.8177570339911439,1.0,0.26315032620043566
backbone,RAPCID_backbone_rapcid_backbone_215_model_5,/scratch/a2149a01/RAPCID_2610_output/ligandmpnn_inputs/backbone/RAPCID_backbone_rapcid_backbone_215_model_5.pdb,/scratch/a2149a01/RAPCID_2610_output/ligandmpnn/seqs/RAPCID_backbone_rapcid_backbone_215_model_5.fa,1041.8857262581587,685.2234006971121,0.3423238427902915,0.2727272727272727,0.3333333333333333,0.5819437438844404,0.2857142857142857,0.7141000753428163,0.0,0.6907216534205658,0.5,0.27222754743744937
backbone,RAPCID_backbone_rapcid_backbone_80_model_2,/scratch/a2149a01/RAPCID_2610_output/ligandmpnn_inputs/backbone/RAPCID_backbone_rapcid_backbone_80_model_2.pdb,/scratch/a2149a01/RAPCID_2610_output/ligandmpnn/seqs/RAPCID_backbone_rapcid_backbone_80_model_2.fa,1042.856713116169,685.8715561926365,0.3423146750974274,0.21818181818181817,0.2962962962962963,0.5266008500953812,0.14285714285714285,0.8334401652668024,0.0,0.8523809315865106,1.0,0.2530315027837413
backbone_denovo,RAPCID_backbone_rapcid_backbone_215_model_0,/scratch/a2149a01/RAPCID_2610_output/ligandmpnn_inputs/backbone_denovo/RAPCID_backbone_rapcid_backbone_215_model_0.pdb,/scratch/a2149a01/RAPCID_2610_output/ligandmpnn/seqs/RAPCID_backbone_rapcid_backbone_215_model_0.fa,1035.8220293819904,681.3310188949108,0.3422315807461461,0.2909090909090909,0.25925925925925924,0.6268532754199944,0.14285714285714285,0.8330942285936727,0.0,1.0,1.0,0.26562037295192736
backbone,RAPCID_backbone_rapcid_backbone_96_model_3,/scratch/a2149a01/RAPCID_2610_output/ligandmpnn_inputs/backbone/RAPCID_backbone_rapcid_backbone_96_model_3.pdb,/scratch/a2149a01/RAPCID_2610_output/ligandmpnn/seqs/RAPCID_backbone_rapcid_backbone_96_model_3.fa,1041.1887092888355,684.8875578343868,0.3422061229398209,0.17857142857142858,0.25925925925925924,0.545096068339952,0.14285714285714285,0.8031646271829942,0.0,0.7783505246479869,1.0,0.23752450135466543
backbone_long,RAPCID_backbone_rapcid_backbone_139_model_3,/scratch/a2149a01/RAPCID_2610_output/ligandmpnn_inputs/backbone_long/RAPCID_backbone_rapcid_backbone_139_model_3.pdb,/scratch/a2149a01/RAPCID_2610_output/ligandmpnn/seqs/RAPCID_backbone_rapcid_backbone_139_model_3.fa,1041.5430707782507,685.1741326600313,0.34215477796029803,0.2,0.2962962962962963,0.5664511905658992,0.14285714285714285,0.7856773775188518,0.0,0.7741935667380725,1.0,0.2484140945265786
backbone_long,RAPCID_backbone_rapcid_backbone_13_model_4,/scratch/a2149a01/RAPCID_2610_output/ligandmpnn_inputs/backbone_long/RAPCID_backbone_rapcid_backbone_13_model_4.pdb,/scratch/a2149a01/RAPCID_2610_output/ligandmpnn/seqs/RAPCID_backbone_rapcid_backbone_13_model_4.fa,1040.9532422423363,684.7964555770159,0.3421448459088485,0.26785714285714285,0.3333333333333333,0.5513504053746829,0.14285714285714285,0.8004298192462311,0.0,0.8893805301447903,1.0,0.27092946637326754
backbone_long,RAPCID_backbone_rapcid_backbone_97_model_6,/scratch/a2149a01/RAPCID_2610_output/ligandmpnn_inputs/backbone_long/RAPCID_backbone_rapcid_backbone_97_model_6.pdb,/scratch/a2149a01/RAPCID_2610_output/ligandmpnn/seqs/RAPCID_backbone_rapcid_backbone_97_model_6.fa,1040.0336503088474,684.3141352385283,0.3420269286139781,0.2545454545454545,0.2962962962962963,0.56994601011001,0.0,0.8305379704868755,0.0,0.7688679276673704,1.0,0.2619929259570982
backbone_denovo,RAPCID_backbone_rapcid_backbone_190_model_7,/scratch/a2149a01/RAPCID_2610_output/ligandmpnn_inputs/backbone_denovo/RAPCID_backbone_rapcid_backbone_190_model_7.pdb,/scratch/a2149a01/RAPCID_2610_output/ligandmpnn/seqs/RAPCID_backbone_rapcid_backbone_190_model_7.fa,1039.443559601903,683.9958341568708,0.34195962076205966,0.3090909090909091,0.2962962962962963,0.657566142560696,0.14285714285714285,0.7094313943932095,0.0,0.8875000243180997,1.0,0.27559900106009855
backbone,RAPCID_backbone_rapcid_backbone_25_model_7,/scratch/a2149a01/RAPCID_2610_output/ligandmpnn_inputs/backbone/RAPCID_backbone_rapcid_backbone_25_model_7.pdb,/scratch/a2149a01/RAPCID_2610_output/ligandmpnn/seqs/RAPCID_backbone_rapcid_backbone_25_model_7.fa,1039.5288173556328,684.1303228735924,0.341884215760471,0.21428571428571427,0.25925925925925924,0.5485601531473765,0.14285714285714285,0.8389916620314569,0.0,0.8440860423031489,1.0,0.24630821455252944
backbone_long,RAPCID_backbone_rapcid_backbone_114_model_3,/scratch/a2149a01/RAPCID_2610_output/ligandmpnn_inputs/backbone_long/RAPCID_backbone_rapcid_backbone_114_model_3.pdb,/scratch/a2149a01/RAPCID_2610_output/ligandmpnn/seqs/RAPCID_backbone_rapcid_backbone_114_model_3.fa,1039.9997865110636,684.4658031612635,0.34185966955101665,0.2727272727272727,0.3333333333333333,0.5144654890112448,0.0,0.8527929853518958,0.0,1.0,1.0,0.27201866947977565
backbone_long,RAPCID_backbone_rapcid_backbone_114_model_6,/scratch/a2149a01/RAPCID_2610_output/ligandmpnn_inputs/backbone_long/RAPCID_backbone_rapcid_backbone_114_model_6.pdb,/scratch/a2149a01/RAPCID_2610_output/ligandmpnn/seqs/RAPCID_backbone_rapcid_backbone_114_model_6.fa,1039.9997865110636,684.7430040389299,0.3415931301908536,0.21818181818181817,0.25925925925925924,0.5457428349087918,0.14285714285714285,0.8194424013471716,0.0,0.8421052612038463,1.0,0.24715125202022753
backbone_long,RAPCID_backbone_rapcid_backbone_220_model_3,/scratch/a2149a01/RAPCID_2610_output/ligandmpnn_inputs/backbone_long/RAPCID_backbone_rapcid_backbone_220_model_3.pdb,/scratch/a2149a01/RAPCID_2610_output/ligandmpnn/seqs/RAPCID_backbone_rapcid_backbone_220_model_3.fa,1039.0586096346378,684.1640684008598,0.34155392000319296,0.25925925925925924,0.2962962962962963,0.5683890185881459,0.14285714285714285,0.7985352934481159,0.0,0.8691588877466789,1.0,0.2629585232606961
backbone,RAPCID_backbone_rapcid_backbone_8_model_7,/scratch/a2149a01/RAPCID_2610_output/ligandmpnn_inputs/backbone/RAPCID_backbone_rapcid_backbone_8_model_7.pdb,/scratch/a2149a01/RAPCID_2610_output/ligandmpnn/seqs/RAPCID_backbone_rapcid_backbone_8_model_7.fa,1042.0449339598417,686.1448066085577,0.3415400965473142,0.16666666666666666,0.25925925925925924,0.5843198551020425,0.14285714285714285,0.7916719052052825,0.0,0.7710280535566881,1.0,0.23424859900184694
backbone,RAPCID_backbone_rapcid_backbone_87_model_3,/scratch/a2149a01/RAPCID_2610_output/ligandmpnn_inputs/backbone/RAPCID_backbone_rapcid_backbone_87_model_3.pdb,/scratch/a2149a01/RAPCID_2610_output/ligandmpnn/seqs/RAPCID_backbone_rapcid_backbone_87_model_3.fa,1041.263836801052,686.1608459800482,0.3410307534658493,0.19642857142857142,0.25925925925925924,0.5676425126749989,0.14285714285714285,0.7693301541304144,0.0,0.7526881867237913,1.0,0.24145987080566395
backbone,RAPCID_backbone_rapcid_backbone_107_model_6,/scratch/a2149a01/RAPCID_2610_output/ligandmpnn_inputs/backbone/RAPCID_backbone_rapcid_backbone_107_model_6.pdb,/scratch/a2149a01/RAPCID_2610_output/ligandmpnn/seqs/RAPCID_backbone_rapcid_backbone_107_model_6.fa,1041.263836801052,686.7005912214518,0.34051239757723817,0.26785714285714285,0.37037037037037035,0.5667117995845579,0.14285714285714285,0.7726069819912039,0.0,0.8064516177968193,1.0,0.2757504201795985
backbone_denovo,RAPCID_backbone_rapcid_backbone_34_model_1,/scratch/a2149a01/RAPCID_2610_output/ligandmpnn_inputs/backbone_denovo/RAPCID_backbone_rapcid_backbone_34_model_1.pdb,/scratch/a2149a01/RAPCID_2610_output/ligandmpnn/seqs/RAPCID_backbone_rapcid_backbone_34_model_1.fa,1041.813980102539,687.1680516600609,0.34041194994097956,0.26785714285714285,0.2962962962962963,0.5823172851885722,0.14285714285714285,0.8122986081709206,0.0,1.0,1.0,0.26459410763217095
backbone,RAPCID_backbone_rapcid_backbone_61_model_7,/scratch/a2149a01/RAPCID_2610_output/ligandmpnn_inputs/backbone/RAPCID_backbone_rapcid_backbone_61_model_7.pdb,/scratch/a2149a01/RAPCID_2610_output/ligandmpnn/seqs/RAPCID_backbone_rapcid_backbone_61_model_7.fa,1037.8373865634203,684.6931358277798,0.34026934788406815,0.2222222222222222,0.2962962962962963,0.528110818393805,0.14285714285714285,0.8468813316711612,0.0,0.6814159043437114,0.5,0.25312120654783066
backbone,RAPCID_backbone_rapcid_backbone_153_model_0,/scratch/a2149a01/RAPCID_2610_output/ligandmpnn_inputs/backbone/RAPCID_backbone_rapcid_backbone_153_model_0.pdb,/scratch/a2149a01/RAPCID_2610_output/ligandmpnn/seqs/RAPCID_backbone_rapcid_backbone_153_model_0.fa,1040.904816493392,686.7213591486216,0.34026498074814016,0.2,0.2962962962962963,0.5545462532122036,0.0,0.7786123519616844,0.0,0.7971698025313625,1.0,0.24756368578110755
backbone_denovo,RAPCID_backbone_rapcid_backbone_17_model_0,/scratch/a2149a01/RAPCID_2610_output/ligandmpnn_inputs/backbone_denovo/RAPCID_backbone_rapcid_backbone_17_model_0.pdb,/scratch/a2149a01/RAPCID_2610_output/ligandmpnn/seqs/RAPCID_backbone_rapcid_backbone_17_model_0.fa,1042.4182311743498,688.7017553299665,0.3393229946159896,0.24074074074074073,0.3333333333333333,0.5510475829346272,0.14285714285714285,0.8114478363523226,0.0,0.7560975675888437,1.0,0.2628805327623805
backbone_denovo,RAPCID_backbone_rapcid_backbone_117_model_5,/scratch/a2149a01/RAPCID_2610_output/ligandmpnn_inputs/backbone_denovo/RAPCID_backbone_rapcid_backbone_117_model_5.pdb,/scratch/a2149a01/RAPCID_2610_output/ligandmpnn/seqs/RAPCID_backbone_rapcid_backbone_117_model_5.fa,1038.9614838957787,686.4376403391361,0.3393040541164135,0.32142857142857145,0.2962962962962963,0.6722359731484276,0.14285714285714285,0.8569763603834033,0.0,1.0,1.0,0.2774884116539734
backbone,RAPCID_backbone_rapcid_backbone_106_model_4,/scratch/a2149a01/RAPCID_2610_output/ligandmpnn_inputs/backbone/RAPCID_backbone_rapcid_backbone_106_model_4.pdb,/scratch/a2149a01/RAPCID_2610_output/ligandmpnn/seqs/RAPCID_backbone_rapcid_backbone_106_model_4.fa,1042.0449339598417,688.5567641109228,0.33922545787506475,0.24074074074074073,0.2962962962962963,0.5657545177290261,0.2857142857142857,0.6828400363705837,0.0,0.6664855393011859,1.0,0.25728108567340874
backbone_denovo,RAPCID_backbone_rapcid_backbone_30_model_0,/scratch/a2149a01/RAPCID_2610_output/ligandmpnn_inputs/backbone_denovo/RAPCID_backbone_rapcid_backbone_30_model_0.pdb,/scratch/a2149a01/RAPCID_2610_output/ligandmpnn/seqs/RAPCID_backbone_rapcid_backbone_30_model_0.fa,1037.7289652377367,685.8784473985434,0.33905820269610265,0.18181818181818182,0.3333333333333333,0.5534512190555199,0.0,0.8568634368939083,0.0,1.0,1.0,0.24803073666779163
backbone,RAPCID_backbone_rapcid_backbone_90_model_2,/scratch/a2149a01/RAPCID_2610_output/ligandmpnn_inputs/backbone/RAPCID_backbone_rapcid_backbone_90_model_2.pdb,/scratch/a2149a01/RAPCID_2610_output/ligandmpnn/seqs/RAPCID_backbone_rapcid_backbone_90_model_2.fa,1041.38606120646,688.3237893432379,0.33903110961000826,0.23214285714285715,0.3333333333333333,0.5605907402388947,0.0,0.8307343935649154,0.0,0.9766355509867157,1.0,0.260599713610218
backbone,RAPCID_backbone_rapcid_backbone_65_model_1,/scratch/a2149a01/RAPCID_2610_output/ligandmpnn_inputs/backbone/RAPCID_backbone_rapcid_backbone_65_model_1.pdb,/scratch/a2149a01/RAPCID_2610_output/ligandmpnn/seqs/RAPCID_backbone_rapcid_backbone_65_model_1.fa,1042.3067301809788,688.966517791152,0.33899830266708086,0.17857142857142858,0.2962962962962963,0.5754580888461528,0.14285714285714285,0.7751005239374226,0.0,0.7216494935327219,0.5,0.241636537787488
backbone_long,RAPCID_backbone_rapcid_backbone_22_model_0,/scratch/a2149a01/RAPCID_2610_output/ligandmpnn_inputs/backbone_long/RAPCID_backbone_rapcid_backbone_22_model_0.pdb,/scratch/a2149a01/RAPCID_2610_output/ligandmpnn/seqs/RAPCID_backbone_rapcid_backbone_22_model_0.fa,1042.107029646635,688.8777944594622,0.3389567723259177,0.23636363636363636,0.2962962962962963,0.5531905344517211,0.14285714285714285,0.811773036500808,0.0,0.8333333109393192,1.0,0.2560659010820165
backbone_long,RAPCID_backbone_rapcid_backbone_72_model_0,/scratch/a2149a01/RAPCID_2610_output/ligandmpnn_inputs/backbone_long/RAPCID_backbone_rapcid_backbone_72_model_0.pdb,/scratch/a2149a01/RAPCID_2610_output/ligandmpnn/seqs/RAPCID_backbone_rapcid_backbone_72_model_0.fa,1045.6712324172258,691.4926436692476,0.33870931681771654,0.2807017543859649,0.37037037037037035,0.5339001089780132,0.14285714285714285,0.8308764824331999,0.0,0.8631578955184614,1.0,0.27815018672001923
backbone_long,RAPCID_backbone_rapcid_backbone_189_model_0,/scratch/a2149a01/RAPCID_2610_output/ligandmpnn_inputs/backbone_long/RAPCID_backbone_rapcid_backbone_189_model_0.pdb,/scratch/a2149a01/RAPCID_2610_output/ligandmpnn/seqs/RAPCID_backbone_rapcid_backbone_189_model_0.fa,1039.9278602451086,687.736287176609,0.3386692351770332,0.24074074074074073,0.3333333333333333,0.5600608671553448,0.14285714285714285,0.802692447147093,0.0,0.8786407707147674,1.0,0.2625863410148501
backbone_long,RAPCID_backbone_rapcid_backbone_37_model_3,/scratch/a2149a01/RAPCID_2610_output/ligandmpnn_inputs/backbone_long/RAPCID_backbone_rapcid_backbone_37_model_3.pdb,/scratch/a2149a01/RAPCID_2610_output/ligandmpnn/seqs/RAPCID_backbone_rapcid_backbone_37_model_3.fa,1041.986244007945,689.2303150892258,0.33854182907622876,0.2222222222222222,0.3333333333333333,0.567657953015191,0.0,0.7436682548919131,0.0,0.8543688974631006,1.0,0.2578993786398585
backbone_denovo,RAPCID_backbone_rapcid_backbone_51_model_0,/scratch/a2149a01/RAPCID_2610_output/ligandmpnn_inputs/backbone_denovo/RAPCID_backbone_rapcid_backbone_51_model_0.pdb,/scratch/a2149a01/RAPCID_2610_output/ligandmpnn/seqs/RAPCID_backbone_rapcid_backbone_51_model_0.fa,1037.7289652377367,686.45799228549,0.3384997284640434,0.3090909090909091,0.2962962962962963,0.6230481259507388,0.14285714285714285,0.7358996824590972,0.0,0.6123619240834011,0.5,0.27404204952599126
backbone_denovo,RAPCID_backbone_rapcid_backbone_231_model_6,/scratch/a2149a01/RAPCID_2610_output/ligandmpnn_inputs/backbone_denovo/RAPCID_backbone_rapcid_backbone_231_model_6.pdb,/scratch/a2149a01/RAPCID_2610_output/ligandmpnn/seqs/RAPCID_backbone_rapcid_backbone_231_model_6.fa,1041.039002045989,688.9150127023458,0.3382428407116371,0.2545454545454545,0.2962962962962963,0.5960768420076336,0.14285714285714285,0.7342544647413491,0.0,0.7624999895779573,1.0,0.2602900864010448
backbone,RAPCID_backbone_rapcid_backbone_185_model_0,/scratch/a2149a01/RAPCID_2610_output/ligandmpnn_inputs/backbone/RAPCID_backbone_rapcid_backbone_185_model_0.pdb,/scratch/a2149a01/RAPCID_2610_output/ligandmpnn/seqs/RAPCID_backbone_rapcid_backbone_185_model_0.fa,1041.9388255625963,689.5345343947411,0.3382197519874298,0.25,0.25925925925925924,0.5726920186683818,0.14285714285714285,0.7894685218745003,0.0,0.7149532770353413,0.5,0.2535877772832323
backbone_denovo,RAPCID_backbone_rapcid_backbone_228_model_1,/scratch/a2149a01/RAPCID_2610_output/ligandmpnn_inputs/backbone_denovo/RAPCID_backbone_rapcid_backbone_228_model_1.pdb,/scratch/a2149a01/RAPCID_2610_output/ligandmpnn/seqs/RAPCID_backbone_rapcid_backbone_228_model_1.fa,1046.5645312964916,692.612371250987,0.33820385600783365,0.25,0.3333333333333333,0.5346691744740578,0.0,0.8422646515845791,0.0,0.7874999918939668,1.0,0.2646917352035251
backbone_denovo,RAPCID_backbone_rapcid_backbone_113_model_6,/scratch/a2149a01/RAPCID_2610_output/ligandmpnn_inputs/backbone_denovo/RAPCID_backbone_rapcid_backbone_113_model_6.pdb,/scratch/a2149a01/RAPCID_2610_output/ligandmpnn/seqs/RAPCID_backbone_rapcid_backbone_113_model_6.fa,1040.064047679305,688.3352472037077,0.3381799431106285,0.21818181818181817,0.3333333333333333,0.5877049651251648,0.0,0.8495549630507389,0.0,1.0,1.0,0.25672642894523734
backbone_long,RAPCID_backbone_rapcid_backbone_200_model_1,/scratch/a2149a01/RAPCID_2610_output/ligandmpnn_inputs/backbone_long/RAPCID_backbone_rapcid_backbone_200_model_1.pdb,/scratch/a2149a01/RAPCID_2610_output/ligandmpnn/seqs/RAPCID_backbone_rapcid_backbone_200_model_1.fa,1043.2813202440739,690.7366465628147,0.3379190893581627,0.26785714285714285,0.2962962962962963,0.5664641599358179,0.14285714285714285,0.7517059156455931,0.0,0.6091726332077301,1.0,0.2634723203699034
backbone_denovo,RAPCID_backbone_rapcid_backbone_160_model_1,/scratch/a2149a01/RAPCID_2610_output/ligandmpnn_inputs/backbone_denovo/RAPCID_backbone_rapcid_backbone_160_model_1.pdb,/scratch/a2149a01/RAPCID_2610_output/ligandmpnn/seqs/RAPCID_backbone_rapcid_backbone_160_model_1.fa,1039.9814347624779,688.6481038480997,0.33782654110034127,0.32142857142857145,0.25925925925925924,0.6954644721663409,0.0,0.7007937513283203,0.5,0.5124999997104989,0.5,0.2712679752411853
backbone_denovo,RAPCID_backbone_rapcid_backbone_211_model_0,/scratch/a2149a01/RAPCID_2610_output/ligandmpnn_inputs/backbone_denovo/RAPCID_backbone_rapcid_backbone_211_model_0.pdb,/scratch/a2149a01/RAPCID_2610_output/ligandmpnn/seqs/RAPCID_backbone_rapcid_backbone_211_model_0.fa,1041.359376192093,689.8046717941761,0.3375921055067811,0.26785714285714285,0.37037037037037035,0.5742557684790465,0.14285714285714285,0.8540608291178012,0.0,1.0,1.0,0.2744362887478927
backbone_denovo,RAPCID_backbone_rapcid_backbone_200_model_4,/scratch/a2149a01/RAPCID_2610_output/ligandmpnn_inputs/backbone_denovo/RAPCID_backbone_rapcid_backbone_200_model_4.pdb,/scratch/a2149a01/RAPCID_2610_output/ligandmpnn/seqs/RAPCID_backbone_rapcid_backbone_200_model_4.fa,1042.5024664998055,690.7891190350056,0.3373741154260046,0.30357142857142855,0.25925925925925924,0.6634526218532477,0.0,0.7547127942575803,0.0,0.9354838599571564,1.0,0.2666000979734481
backbone_denovo,RAPCID_backbone_rapcid_backbone_125_model_4,/scratch/a2149a01/RAPCID_2610_output/ligandmpnn_inputs/backbone_denovo/RAPCID_backbone_rapcid_backbone_125_model_4.pdb,/scratch/a2149a01/RAPCID_2610_output/ligandmpnn/seqs/RAPCID_backbone_rapcid_backbone_125_model_4.fa,1038.0815004557371,687.9852311015129,0.3372531628783727,0.21818181818181817,0.25925925925925924,0.5880292481675693,0.14285714285714285,0.794968034363496,0.0,1.0,1.0,0.24519826672961115
backbone_long,RAPCID_backbone_rapcid_backbone_36_model_0,/scratch/a2149a01/RAPCID_2610_output/ligandmpnn_inputs/backbone_long/RAPCID_backbone_rapcid_backbone_36_model_0.pdb,/scratch/a2149a01/RAPCID_2610_output/ligandmpnn/seqs/RAPCID_backbone_rapcid_backbone_36_model_0.fa,1041.3207323253155,690.3908838927746,0.3370045726919303,0.25925925925925924,0.2962962962962963,0.5864838755309593,0.14285714285714285,0.7778169731042601,0.0,0.7999999664089787,1.0,0.2609113169706279
backbone,RAPCID_backbone_rapcid_backbone_20_model_5,/scratch/a2149a01/RAPCID_2610_output/ligandmpnn_inputs/backbone/RAPCID_backbone_rapcid_backbone_20_model_5.pdb,/scratch/a2149a01/RAPCID_2610_output/ligandmpnn/seqs/RAPCID_backbone_rapcid_backbone_20_model_5.fa,1039.1037267744541,689.196313932538,0.33673963804180096,0.26785714285714285,0.37037037037037035,0.5711834982792618,0.14285714285714285,0.7895501719451367,0.0,0.8938052702350081,1.0,0.27405267838865166
backbone_denovo,RAPCID_backbone_rapcid_backbone_71_model_4,/scratch/a2149a01/RAPCID_2610_output/ligandmpnn_inputs/backbone_denovo/RAPCID_backbone_rapcid_backbone_71_model_4.pdb,/scratch/a2149a01/RAPCID_2610_output/ligandmpnn/seqs/RAPCID_backbone_rapcid_backbone_71_model_4.fa,1038.112169250846,688.5389626771212,0.3367393398595784,0.23636363636363636,0.2962962962962963,0.569184397930508,0.14285714285714285,0.8634566019363232,0.0,0.6979166919255435,0.5,0.2550680564721638
backbone,RAPCID_backbone_rapcid_backbone_116_model_7,/scratch/a2149a01/RAPCID_2610_output/ligandmpnn_inputs/backbone/RAPCID_backbone_rapcid_backbone_116_model_7.pdb,/scratch/a2149a01/RAPCID_2610_output/ligandmpnn/seqs/RAPCID_backbone_rapcid_backbone_116_model_7.fa,1039.1037267744541,689.2396839410067,0.3366979001408088,0.17857142857142858,0.2222222222222222,0.6223267639624406,0.14285714285714285,0.707522630631152,0.0,0.8097344906242704,1.0,0.22949024553955444
backbone_long,RAPCID_backbone_rapcid_backbone_197_model_5,/scratch/a2149a01/RAPCID_2610_output/ligandmpnn_inputs/backbone_long/RAPCID_backbone_rapcid_backbone_197_model_5.pdb,/scratch/a2149a01/RAPCID_2610_output/ligandmpnn/seqs/RAPCID_backbone_rapcid_backbone_197_model_5.fa,1039.7949898391962,689.728733509779,0.3366685353846096,0.23636363636363636,0.2962962962962963,0.555767921228853,0.14285714285714285,0.8101270603432299,0.0,0.9583333976286562,1.0,0.25503619445842785
backbone_denovo,RAPCID_backbone_rapcid_backbone_134_model_3,/scratch/a2149a01/RAPCID_2610_output/ligandmpnn_inputs/backbone_denovo/RAPCID_backbone_rapcid_backbone_134_model_3.pdb,/scratch/a2149a01/RAPCID_2610_output/ligandmpnn/seqs/RAPCID_backbone_rapcid_backbone_134_model_3.fa,1044.05150590837,693.0275951325893,0.33621321246060043,0.21818181818181817,0.2962962962962963,0.6072419297255396,0.14285714285714285,0.7779225920154266,0.0,0.9125000034740143,1.0,0.2502858445971692
backbone_long,RAPCID_backbone_rapcid_backbone_188_model_3,/scratch/a2149a01/RAPCID_2610_output/ligandmpnn_inputs/backbone_long/RAPCID_backbone_rapcid_backbone_188_model_3.pdb,/scratch/a2149a01/RAPCID_2610_output/ligandmpnn/seqs/RAPCID_backbone_rapcid_backbone_188_model_3.fa,1036.697216540575,688.3761170655489,0.3359911591519097,0.2,0.2222222222222222,0.5749187776871234,0.14285714285714285,0.746602452258488,0.0,0.7757009433593449,1.0,0.2345293549516927
backbone_denovo,RAPCID_backbone_rapcid_backbone_70_model_7,/scratch/a2149a01/RAPCID_2610_output/ligandmpnn_inputs/backbone_denovo/RAPCID_backbone_rapcid_backbone_70_model_7.pdb,/scratch/a2149a01/RAPCID_2610_output/ligandmpnn/seqs/RAPCID_backbone_rapcid_backbone_70_model_7.fa,1037.7289652377367,689.1540685743093,0.33590167407881033,0.16363636363636364,0.25925925925925924,0.5892742371892169,0.0,0.8297930971495057,0.0,1.0,1.0,0.23095373313344444
backbone,RAPCID_backbone_rapcid_backbone_93_model_4,/scratch/a2149a01/RAPCID_2610_output/ligandmpnn_inputs/backbone/RAPCID_backbone_rapcid_backbone_93_model_4.pdb,/scratch/a2149a01/RAPCID_2610_output/ligandmpnn/seqs/RAPCID_backbone_rapcid_backbone_93_model_4.fa,1039.6766591370106,690.5045635700226,0.335846815929118,0.2222222222222222,0.2962962962962963,0.5564700951061857,0.0,0.8073295503641406,0.0,1.0,1.0,0.25113106716810313
backbone,RAPCID_backbone_rapcid_backbone_89_model_4,/scratch/a2149a01/RAPCID_2610_output/ligandmpnn_inputs/backbone/RAPCID_backbone_rapcid_backbone_89_model_4.pdb,/scratch/a2149a01/RAPCID_2610_output/ligandmpnn/seqs/RAPCID_backbone_rapcid_backbone_89_model_4.fa,1036.4461232870817,688.3632744848728,0.3358426849031637,0.24074074074074073,0.2962962962962963,0.5447251201720514,0.14285714285714285,0.856325612521809,0.0,0.8364486261649262,1.0,0.2557588378360533
backbone_denovo,RAPCID_backbone_rapcid_backbone_180_model_1,/scratch/a2149a01/RAPCID_2610_output/ligandmpnn_inputs/backbone_denovo/RAPCID_backbone_rapcid_backbone_180_model_1.pdb,/scratch/a2149a01/RAPCID_2610_output/ligandmpnn/seqs/RAPCID_backbone_rapcid_backbone_180_model_1.fa,1039.1335251927376,690.1609698534012,0.33583033063494827,0.30357142857142855,0.25925925925925924,0.657892149318821,0.14285714285714285,0.7461158079192162,0.0,1.0,1.0,0.2659053948174727
backbone_long,RAPCID_backbone_rapcid_backbone_44_model_1,/scratch/a2149a01/RAPCID_2610_output/ligandmpnn_inputs/backbone_long/RAPCID_backbone_rapcid_backbone_44_model_1.pdb,/scratch/a2149a01/RAPCID_2610_output/ligandmpnn/seqs/RAPCID_backbone_rapcid_backbone_44_model_1.fa,1040.9144045263529,691.6140779554844,0.33557065312186796,0.23214285714285715,0.2962962962962963,0.5727652625241947,0.14285714285714285,0.7956028936270381,0.0,0.8317757033991144,1.0,0.2534869526349993
backbone_denovo,RAPCID_backbone_rapcid_backbone_54_model_4,/scratch/a2149a01/RAPCID_2610_output/ligandmpnn_inputs/backbone_denovo/RAPCID_backbone_rapcid_backbone_54_model_4.pdb,/scratch/a2149a01/RAPCID_2610_output/ligandmpnn/seqs/RAPCID_backbone_rapcid_backbone_54_model_4.fa,1039.6022365540266,691.0826338529587,0.33524322134618245,0.23636363636363636,0.2962962962962963,0.563243643507697,0.0,0.9047619087723108,0.0,1.0,1.0,0.2543948031411356
backbone_denovo,RAPCID_backbone_rapcid_backbone_19_model_6,/scratch/a2149a01/RAPCID_2610_output/ligandmpnn_inputs/backbone_denovo/RAPCID_backbone_rapcid_backbone_19_model_6.pdb,/scratch/a2149a01/RAPCID_2610_output/ligandmpnn/seqs/RAPCID_backbone_rapcid_backbone_19_model_6.fa,1042.1263482570648,693.1040442585945,0.3349136163596699,0.21428571428571427,0.2962962962962963,0.5877451672797788,0.14285714285714285,0.8075650072879711,0.0,1.0,1.0,0.24872700037772444
backbone_denovo,RAPCID_backbone_rapcid_backbone_150_model_7,/scratch/a2149a01/RAPCID_2610_output/ligandmpnn_inputs/backbone_denovo/RAPCID_backbone_rapcid_backbone_150_model_7.pdb,/scratch/a2149a01/RAPCID_2610_output/ligandmpnn/seqs/RAPCID_backbone_rapcid_backbone_150_model_7.fa,1045.5025196820498,695.354808524251,0.33490852921548486,0.23214285714285715,0.3333333333333333,0.5811182132956184,0.14285714285714285,0.8708994694108346,0.0,1.0,1.0,0.25874455243268246
backbone_denovo,RAPCID_backbone_rapcid_backbone_23_model_7,/scratch/a2149a01/RAPCID_2610_output/ligandmpnn_inputs/backbone_denovo/RAPCID_backbone_rapcid_backbone_23_model_7.pdb,/scratch/a2149a01/RAPCID_2610_output/ligandmpnn/seqs/RAPCID_backbone_rapcid_backbone_23_model_7.fa,1040.6373414695263,692.3158650100231,0.33471937108044214,0.2222222222222222,0.2962962962962963,0.6431718285112559,0.0,0.8645581330989647,0.0,0.9639175107787968,1.0,0.25062371698619895
backbone_denovo,RAPCID_backbone_rapcid_backbone_225_model_7,/scratch/a2149a01/RAPCID_2610_output/ligandmpnn_inputs/backbone_denovo/RAPCID_backbone_rapcid_backbone_225_model_7.pdb,/scratch/a2149a01/RAPCID_2610_output/ligandmpnn/seqs/RAPCID_backbone_rapcid_backbone_225_model_7.fa,1043.7675976753235,694.7452487945557,0.33438703180488594,0.26785714285714285,0.3333333333333333,0.5929626383602915,0.14285714285714285,0.7900799400487998,0.0,1.0,1.0,0.26743845002648436
backbone_denovo,RAPCID_backbone_rapcid_backbone_67_model_2,/scratch/a2149a01/RAPCID_2610_output/ligandmpnn_inputs/backbone_denovo/RAPCID_backbone_rapcid_backbone_67_model_2.pdb,/scratch/a2149a01/RAPCID_2610_output/ligandmpnn/seqs/RAPCID_backbone_rapcid_backbone_67_model_2.fa,1041.3593517541885,693.1730583459139,0.3343574845914128,0.2222222222222222,0.3333333333333333,0.5201748131412604,0.0,0.9889631872951387,0.0,1.0,1.0,0.2560164236216913
backbone_denovo,RAPCID_backbone_rapcid_backbone_94_model_6,/scratch/a2149a01/RAPCID_2610_output/ligandmpnn_inputs/backbone_denovo/RAPCID_backbone_rapcid_backbone_94_model_6.pdb,/scratch/a2149a01/RAPCID_2610_output/ligandmpnn/seqs/RAPCID_backbone_rapcid_backbone_94_model_6.fa,1044.2712262421846,695.1143439859152,0.3343545943640641,0.32142857142857145,0.2962962962962963,0.6567155237392628,0.0,0.8206673270730596,0.0,0.8893155023375086,1.0,0.2752611547654162
backbone_long,RAPCID_backbone_rapcid_backbone_212_model_7,/scratch/a2149a01/RAPCID_2610_output/ligandmpnn_inputs/backbone_long/RAPCID_backbone_rapcid_backbone_212_model_7.pdb,/scratch/a2149a01/RAPCID_2610_output/ligandmpnn/seqs/RAPCID_backbone_rapcid_backbone_212_model_7.fa,1040.0336503088474,692.3048079460859,0.334343838066682,0.2545454545454545,0.3333333333333333,0.5817292352176661,0.14285714285714285,0.7726502051055041,0.0,0.7688679276673704,1.0,0.26409109076637055
backbone,RAPCID_backbone_rapcid_backbone_37_model_7,/scratch/a2149a01/RAPCID_2610_output/ligandmpnn_inputs/backbone/RAPCID_backbone_rapcid_backbone_37_model_7.pdb,/scratch/a2149a01/RAPCID_2610_output/ligandmpnn/seqs/RAPCID_backbone_rapcid_backbone_37_model_7.fa,1044.3158884495497,695.1737406551838,0.3343261858370479,0.21052631578947367,0.2962962962962963,0.5557709744576707,0.0,0.8369011404990552,0.0,0.8578947462215376,1.0,0.2475228070184844
backbone,RAPCID_backbone_rapcid_backbone_129_model_3,/scratch/a2149a01/RAPCID_2610_output/ligandmpnn_inputs/backbone/RAPCID_backbone_rapcid_backbone_129_model_3.pdb,/scratch/a2149a01/RAPCID_2610_output/ligandmpnn/seqs/RAPCID_backbone_rapcid_backbone_129_model_3.fa,1037.9434366375208,691.0180405676365,0.33424306549282656,0.2727272727272727,0.3333333333333333,0.565737278408516,0.14285714285714285,0.8327228360569452,0.0,1.0,1.0,0.26859119765359013
backbone,RAPCID_backbone_rapcid_backbone_111_model_6,/scratch/a2149a01/RAPCID_2610_output/ligandmpnn_inputs/backbone/RAPCID_backbone_rapcid_backbone_111_model_6.pdb,/scratch/a2149a01/RAPCID_2610_output/ligandmpnn/seqs/RAPCID_backbone_rapcid_backbone_111_model_6.fa,1043.2759249210358,694.8391783684492,0.3339833099081235,0.16071428571428573,0.14814814814814814,0.5781042153559398,0.14285714285714285,0.7690559511102065,0.0,0.7258064522246024,0.5,0.21269328310944924
backbone_long,RAPCID_backbone_rapcid_backbone_97_model_7,/scratch/a2149a01/RAPCID_2610_output/ligandmpnn_inputs/backbone_long/RAPCID_backbone_rapcid_backbone_97_model_7.pdb,/scratch/a2149a01/RAPCID_2610_output/ligandmpnn/seqs/RAPCID_backbone_rapcid_backbone_97_model_7.fa,1040.0336503088474,692.7470084279776,0.33391865905275275,0.2545454545454545,0.2962962962962963,0.572136336806454,0.14285714285714285,0.8348971765142037,0.0,0.8679245396025339,1.0,0.2583442046545468
backbone,RAPCID_backbone_rapcid_backbone_45_model_0,/scratch/a2149a01/RAPCID_2610_output/ligandmpnn_inputs/backbone/RAPCID_backbone_rapcid_backbone_45_model_0.pdb,/scratch/a2149a01/RAPCID_2610_output/ligandmpnn/seqs/RAPCID_backbone_rapcid_backbone_45_model_0.fa,1036.697216540575,690.6659645289183,0.3337823681695141,0.21818181818181817,0.2962962962962963,0.568542114636733,0.14285714285714285,0.7697861084376278,0.0,0.8224299237938006,1.0,0.24919196466618032
backbone_denovo,RAPCID_backbone_rapcid_backbone_249_model_3,/scratch/a2149a01/RAPCID_2610_output/ligandmpnn_inputs/backbone_denovo/RAPCID_backbone_rapcid_backbone_249_model_3.pdb,/scratch/a2149a01/RAPCID_2610_output/ligandmpnn/seqs/RAPCID_backbone_rapcid_backbone_249_model_3.fa,1038.3023531585932,691.7536373585463,0.33376474082507845,0.25,0.3333333333333333,0.6114144216375282,0.2857142857142857,0.6527221587748588,0.0,0.5984133716855102,1.0,0.26269413337128533
backbone,RAPCID_backbone_rapcid_backbone_191_model_1,/scratch/a2149a01/RAPCID_2610_output/ligandmpnn_inputs/backbone/RAPCID_backbone_rapcid_backbone_191_model_1.pdb,/scratch/a2149a01/RAPCID_2610_output/ligandmpnn/seqs/RAPCID_backbone_rapcid_backbone_191_model_1.fa,1041.1887092888355,693.7437577545643,0.333700268197863,0.21428571428571427,0.2222222222222222,0.5352001103817882,0.0,0.9111361043314551,0.0,1.0,1.0,0.23706988259380027
backbone_denovo,RAPCID_backbone_rapcid_backbone_244_model_6,/scratch/a2149a01/RAPCID_2610_output/ligandmpnn_inputs/backbone_denovo/RAPCID_backbone_rapcid_backbone_244_model_6.pdb,/scratch/a2149a01/RAPCID_2610_output/ligandmpnn/seqs/RAPCID_backbone_rapcid_backbone_244_model_6.fa,1039.443559601903,692.5820910185575,0.3336991848948394,0.3090909090909091,0.37037037037037035,0.5608591089382851,0.0,0.8554562020690979,0.5,0.5249999994209976,0.5,0.28299291603096055
backbone_denovo,RAPCID_backbone_rapcid_backbone_89_model_7,/scratch/a2149a01/RAPCID_2610_output/ligandmpnn_inputs/backbone_denovo/RAPCID_backbone_rapcid_backbone_89_model_7.pdb,/scratch/a2149a01/RAPCID_2610_output/ligandmpnn/seqs/RAPCID_backbone_rapcid_backbone_89_model_7.fa,1041.0645203441381,693.8369168639183,0.333531300601272,0.2727272727272727,0.3333333333333333,0.5618054297206417,0.0,0.8774689953676512,0.0,1.0,1.0,0.2682709034523906
backbone,RAPCID_backbone_rapcid_backbone_238_model_2,/scratch/a2149a01/RAPCID_2610_output/ligandmpnn_inputs/backbone/RAPCID_backbone_rapcid_backbone_238_model_2.pdb,/scratch/a2149a01/RAPCID_2610_output/ligandmpnn/seqs/RAPCID_backbone_rapcid_backbone_238_model_2.fa,1042.4534990638494,694.7850955426693,0.33350974775699394,0.19298245614035087,0.2222222222222222,0.5462391599471216,0.14285714285714285,0.8002336557247582,0.0,0.6814159043437114,0.5,0.2316583338590683
backbone_long,RAPCID_backbone_rapcid_backbone_247_model_7,/scratch/a2149a01/RAPCID_2610_output/ligandmpnn_inputs/backbone_long/RAPCID_backbone_rapcid_backbone_247_model_7.pdb,/scratch/a2149a01/RAPCID_2610_output/ligandmpnn/seqs/RAPCID_backbone_rapcid_backbone_247_model_7.fa,1042.5471244752407,694.9562772512436,0.3334054059176986,0.24074074074074073,0.2962962962962963,0.5731081247240374,0.14285714285714285,0.810462783643433,0.5,0.5618556665887805,0.5,0.254662062292594
backbone_long,RAPCID_backbone_rapcid_backbone_65_model_1,/scratch/a2149a01/RAPCID_2610_output/ligandmpnn_inputs/backbone_long/RAPCID_backbone_rapcid_backbone_65_model_1.pdb,/scratch/a2149a01/RAPCID_2610_output/ligandmpnn/seqs/RAPCID_backbone_rapcid_backbone_65_model_1.fa,1042.2863260656595,694.8187298029661,0.33337057924791813,0.23636363636363636,0.2962962962962963,0.5432056029384372,0.0,0.8937728830789855,0.0,0.9642857075375173,1.0,0.2535521141969167
backbone_denovo,RAPCID_backbone_rapcid_backbone_28_model_6,/scratch/a2149a01/RAPCID_2610_output/ligandmpnn_inputs/backbone_denovo/RAPCID_backbone_rapcid_backbone_28_model_6.pdb,/scratch/a2149a01/RAPCID_2610_output/ligandmpnn/seqs/RAPCID_backbone_rapcid_backbone_28_model_6.fa,1040.3829977214336,693.5588378757238,0.3333620028444306,0.21428571428571427,0.2962962962962963,0.5567171158367893,0.0,0.8601648653259334,0.0,0.674418612667637,0.5,0.24802877429586678
backbone_denovo,RAPCID_backbone_rapcid_backbone_235_model_5,/scratch/a2149a01/RAPCID_2610_output/ligandmpnn_inputs/backbone_denovo/RAPCID_backbone_rapcid_backbone_235_model_5.pdb,/scratch/a2149a01/RAPCID_2610_output/ligandmpnn/seqs/RAPCID_backbone_rapcid_backbone_235_model_5.fa,1042.5024664998055,695.448864787817,0.33290434590262263,0.2857142857142857,0.18518518518518517,0.6731867699079357,0.14285714285714285,0.722752583691385,0.0,1.0,1.0,0.24901330486252937
backbone_long,RAPCID_backbone_rapcid_backbone_107_model_5,/scratch/a2149a01/RAPCID_2610_output/ligandmpnn_inputs/backbone_long/RAPCID_backbone_rapcid_backbone_107_model_5.pdb,/scratch/a2149a01/RAPCID_2610_output/ligandmpnn/seqs/RAPCID_backbone_rapcid_backbone_107_model_5.fa,1044.3158884495497,697.1851948797703,0.33240008833452606,0.2631578947368421,0.3333333333333333,0.5432137296296257,0.0,0.8703848075009313,0.0,0.8473684105007702,1.0,0.26536951343474724
backbone,RAPCID_backbone_rapcid_backbone_53_model_7,/scratch/a2149a01/RAPCID_2610_output/ligandmpnn_inputs/backbone/RAPCID_backbone_rapcid_backbone_53_model_7.pdb,/scratch/a2149a01/RAPCID_2610_output/ligandmpnn/seqs/RAPCID_backbone_rapcid_backbone_53_model_7.fa,1037.5562817156315,693.0494500100613,0.33203676540410654,0.2,0.25925925925925924,0.5714833000214254,0.14285714285714285,0.7672033099876187,0.0,0.7616822409882196,1.0,0.23830543332073686
backbone_denovo,RAPCID_backbone_rapcid_backbone_83_model_5,/scratch/a2149a01/RAPCID_2610_output/ligandmpnn_inputs/backbone_denovo/RAPCID_backbone_rapcid_backbone_83_model_5.pdb,/scratch/a2149a01/RAPCID_2610_output/ligandmpnn/seqs/RAPCID_backbone_rapcid_backbone_83_model_5.fa,1040.6138427257538,695.192660227418,0.33193983043080566,0.26785714285714285,0.3333333333333333,0.569042028933056,0.0,0.8712605699052182,0.0,0.9510869586053033,1.0,0.26633720940814826
backbone_long,RAPCID_backbone_rapcid_backbone_233_model_4,/scratch/a2149a01/RAPCID_2610_output/ligandmpnn_inputs/backbone_long/RAPCID_backbone_rapcid_backbone_233_model_4.pdb,/scratch/a2149a01/RAPCID_2610_output/ligandmpnn/seqs/RAPCID_backbone_rapcid_backbone_233_model_4.fa,1039.9997865110636,694.7858142405748,0.3319365799377655,0.18181818181818182,0.2222222222222222,0.5713262629631772,0.14285714285714285,0.7787264089657453,0.0,0.6631579066565374,0.5,0.22815933975987324
backbone_denovo,RAPCID_backbone_rapcid_backbone_61_model_4,/scratch/a2149a01/RAPCID_2610_output/ligandmpnn_inputs/backbone_denovo/RAPCID_backbone_rapcid_backbone_61_model_4.pdb,/scratch/a2149a01/RAPCID_2610_output/ligandmpnn/seqs/RAPCID_backbone_rapcid_backbone_61_model_4.fa,1039.7174626290798,694.8170515149832,0.33172513063497544,0.23636363636363636,0.3333333333333333,0.5664834359139442,0.0,0.8774831090951444,0.0,0.9953271101973431,1.0,0.258367217876648
backbone_long,RAPCID_backbone_rapcid_backbone_97_model_2,/scratch/a2149a01/RAPCID_2610_output/ligandmpnn_inputs/backbone_long/RAPCID_backbone_rapcid_backbone_97_model_2.pdb,/scratch/a2149a01/RAPCID_2610_output/ligandmpnn/seqs/RAPCID_backbone_rapcid_backbone_97_model_2.fa,1040.0336503088474,695.2558373510838,0.3315064016009278,0.2545454545454545,0.37037037037037035,0.5713623291099559,0.0,0.8054685483506356,0.0,0.9418604911698205,1.0,0.26836979991233667
backbone_denovo,RAPCID_backbone_rapcid_backbone_105_model_7,/scratch/a2149a01/RAPCID_2610_output/ligandmpnn_inputs/backbone_denovo/RAPCID_backbone_rapcid_backbone_105_model_7.pdb,/scratch/a2149a01/RAPCID_2610_output/ligandmpnn/seqs/RAPCID_backbone_rapcid_backbone_105_model_7.fa,1042.6291622072458,697.236964866519,0.33127041699997306,0.2,0.2222222222222222,0.5757788308119425,0.0,0.767610840257461,0.5,0.6136363531090487,0.5,0.23240502098332122
backbone,RAPCID_backbone_rapcid_backbone_168_model_6,/scratch/a2149a01/RAPCID_2610_output/ligandmpnn_inputs/backbone/RAPCID_backbone_rapcid_backbone_168_model_6.pdb,/scratch/a2149a01/RAPCID_2610_output/ligandmpnn/seqs/RAPCID_backbone_rapcid_backbone_168_model_6.fa,1042.3067301809788,697.1656964123249,0.3311319247729755,0.21428571428571427,0.3333333333333333,0.5505624348197418,0.14285714285714285,0.8036920850993313,0.0,0.9381443561371055,1.0,0.25258079471926753
backbone,RAPCID_backbone_rapcid_backbone_163_model_2,/scratch/a2149a01/RAPCID_2610_output/ligandmpnn_inputs/backbone/RAPCID_backbone_rapcid_backbone_163_model_2.pdb,/scratch/a2149a01/RAPCID_2610_output/ligandmpnn/seqs/RAPCID_backbone_rapcid_backbone_163_model_2.fa,1035.6238827556372,692.7450957745314,0.33108427942850993,0.18518518518518517,0.2222222222222222,0.5853848489599789,0.14285714285714285,0.786273791891374,0.0,0.7990654418173615,1.0,0.2286175553724591
backbone,RAPCID_backbone_rapcid_backbone_131_model_4,/scratch/a2149a01/RAPCID_2610_output/ligandmpnn_inputs/backbone/RAPCID_backbone_rapcid_backbone_131_model_4.pdb,/scratch/a2149a01/RAPCID_2610_output/ligandmpnn/seqs/RAPCID_backbone_rapcid_backbone_131_model_4.fa,1044.3877796679735,699.0441961437464,0.33066605167863705,0.21052631578947367,0.3333333333333333,0.5475195952411159,0.0,0.9465329995493923,0.0,1.0,1.0,0.2514313022027551
backbone,RAPCID_backbone_rapcid_backbone_240_model_0,/scratch/a2149a01/RAPCID_2610_output/ligandmpnn_inputs/backbone/RAPCID_backbone_rapcid_backbone_240_model_0.pdb,/scratch/a2149a01/RAPCID_2610_output/ligandmpnn/seqs/RAPCID_backbone_rapcid_backbone_240_model_0.fa,1038.5478457212448,695.1810060441494,0.33062207108872865,0.2222222222222222,0.25925925925925924,0.5434960870505696,0.0,0.8456197091667818,0.0,1.0,1.0,0.24322437643437234
backbone_long,RAPCID_backbone_rapcid_backbone_220_model_6,/scratch/a2149a01/RAPCID_2610_output/ligandmpnn_inputs/backbone_long/RAPCID_backbone_rapcid_backbone_220_model_6.pdb,/scratch/a2149a01/RAPCID_2610_output/ligandmpnn/seqs/RAPCID_backbone_rapcid_backbone_220_model_6.fa,1039.0586096346378,695.6451612114906,0.33050440585242924,0.2222222222222222,0.25925925925925924,0.5893672238222991,0.14285714285714285,0.8206581737688268,0.0,0.8271028135964575,1.0,0.2431714270780376
backbone_long,RAPCID_backbone_rapcid_backbone_220_model_2,/scratch/a2149a01/RAPCID_2610_output/ligandmpnn_inputs/backbone_long/RAPCID_backbone_rapcid_backbone_220_model_2.pdb,/scratch/a2149a01/RAPCID_2610_output/ligandmpnn/seqs/RAPCID_backbone_rapcid_backbone_220_model_2.fa,1039.0586096346378,695.7645315527916,0.33038952268780875,0.2222222222222222,0.25925925925925924,0.5772917775703604,0.14285714285714285,0.7987277617290599,0.0,0.7943925190515498,1.0,0.2431197296539584
backbone,RAPCID_backbone_rapcid_backbone_124_model_2,/scratch/a2149a01/RAPCID_2610_output/ligandmpnn_inputs/backbone/RAPCID_backbone_rapcid_backbone_124_model_2.pdb,/scratch/a2149a01/RAPCID_2610_output/ligandmpnn/seqs/RAPCID_backbone_rapcid_backbone_124_model_2.fa,1042.9844084084034,698.5986017733812,0.3301926700520439,0.14285714285714285,0.18518518518518517,0.6172483807223951,0.0,0.7929677839204279,0.0,0.8247422575451577,1.0,0.21207876501548328
backbone,RAPCID_backbone_rapcid_backbone_140_model_5,/scratch/a2149a01/RAPCID_2610_output/ligandmpnn_inputs/backbone/RAPCID_backbone_rapcid_backbone_140_model_5.pdb,/scratch/a2149a01/RAPCID_2610_output/ligandmpnn/seqs/RAPCID_backbone_rapcid_backbone_140_model_5.fa,1043.2813202440739,698.8605582565069,0.3301322043291164,0.25,0.2962962962962963,0.5507838729206943,0.14285714285714285,0.845455587781464,0.0,0.860824746766361,1.0,0.2555039363925468
backbone_long,RAPCID_backbone_rapcid_backbone_11_model_3,/scratch/a2149a01/RAPCID_2610_output/ligandmpnn_inputs/backbone_long/RAPCID_backbone_rapcid_backbone_11_model_3.pdb,/scratch/a2149a01/RAPCID_2610_output/ligandmpnn/seqs/RAPCID_backbone_rapcid_backbone_11_model_3.fa,1042.0449339598417,698.2910378426313,0.32988394733701376,0.2222222222222222,0.3333333333333333,0.5481365018251612,0.0,0.8778533910806859,0.0,0.9906542533578413,1.0,0.25400333185721174
backbone,RAPCID_backbone_rapcid_backbone_181_model_1,/scratch/a2149a01/RAPCID_2610_output/ligandmpnn_inputs/backbone/RAPCID_backbone_rapcid_backbone_181_model_1.pdb,/scratch/a2149a01/RAPCID_2610_output/ligandmpnn/seqs/RAPCID_backbone_rapcid_backbone_181_model_1.fa,1041.905931726098,698.4757720082998,0.32961724207563203,0.18181818181818182,0.2962962962962963,0.5650657013940457,0.14285714285714285,0.8383346457958074,0.0,0.8802083344814641,1.0,0.2382267488330243
backbone_denovo,RAPCID_backbone_rapcid_backbone_232_model_5,/scratch/a2149a01/RAPCID_2610_output/ligandmpnn_inputs/backbone_denovo/RAPCID_backbone_rapcid_backbone_232_model_5.pdb,/scratch/a2149a01/RAPCID_2610_output/ligandmpnn/seqs/RAPCID_backbone_rapcid_backbone_232_model_5.fa,1038.0815004557371,695.9744759947062,0.3295569994367876,0.2727272727272727,0.18518518518518517,0.6673106241041841,0.14285714285714285,0.8000305447944068,0.0,0.786458368925387,1.0,0.2442602457061504
backbone_denovo,RAPCID_backbone_rapcid_backbone_116_model_3,/scratch/a2149a01/RAPCID_2610_output/ligandmpnn_inputs/backbone_denovo/RAPCID_backbone_rapcid_backbone_116_model_3.pdb,/scratch/a2149a01/RAPCID_2610_output/ligandmpnn/seqs/RAPCID_backbone_rapcid_backbone_116_model_3.fa,1039.7174626290798,697.0949731916189,0.32953422612628736,0.2727272727272727,0.3333333333333333,0.6134226971206975,0.0,0.8171065147336805,0.0,1.0,1.0,0.2664722199386475
backbone,RAPCID_backbone_rapcid_backbone_103_model_5,/scratch/a2149a01/RAPCID_2610_output/ligandmpnn_inputs/backbone/RAPCID_backbone_rapcid_backbone_103_model_5.pdb,/scratch/a2149a01/RAPCID_2610_output/ligandmpnn/seqs/RAPCID_backbone_rapcid_backbone_103_model_5.fa,1036.4461232870817,694.9875643998384,0.3294513349177377,0.25925925925925924,0.3333333333333333,0.5567321195150456,0.14285714285714285,0.8823469676287884,0.0,0.8364486261649262,1.0,0.2630679155277968
backbone_long,RAPCID_backbone_rapcid_backbone_201_model_4,/scratch/a2149a01/RAPCID_2610_output/ligandmpnn_inputs/backbone_long/RAPCID_backbone_rapcid_backbone_201_model_4.pdb,/scratch/a2149a01/RAPCID_2610_output/ligandmpnn/seqs/RAPCID_backbone_rapcid_backbone_201_model_4.fa,1042.5471244752407,699.1165343374014,0.32941493202113326,0.24074074074074073,0.2962962962962963,0.5782165197594268,0.0,0.7950076906459904,0.0,0.9432989870654438,1.0,0.25286634903913957
backbone_long,RAPCID_backbone_rapcid_backbone_199_model_1,/scratch/a2149a01/RAPCID_2610_output/ligandmpnn_inputs/backbone_long/RAPCID_backbone_rapcid_backbone_199_model_1.pdb,/scratch/a2149a01/RAPCID_2610_output/ligandmpnn/seqs/RAPCID_backbone_rapcid_backbone_199_model_1.fa,1045.6712324172258,701.726009234786,0.3289229085774492,0.19298245614035087,0.25925925925925924,0.5954552017052831,0.14285714285714285,0.7800332886707216,0.0,0.7210526231765392,0.5,0.23514981178382874
backbone_long,RAPCID_backbone_rapcid_backbone_71_model_5,/scratch/a2149a01/RAPCID_2610_output/ligandmpnn_inputs/backbone_long/RAPCID_backbone_rapcid_backbone_71_model_5.pdb,/scratch/a2149a01/RAPCID_2610_output/ligandmpnn/seqs/RAPCID_backbone_rapcid_backbone_71_model_5.fa,1040.9532422423363,698.6212833374739,0.32886391531615666,0.17857142857142858,0.37037037037037035,0.5675164185924464,0.0,0.8242753404345459,0.0,0.7699114864704583,1.0,0.2481871745906832
backbone,RAPCID_backbone_rapcid_backbone_55_model_5,/scratch/a2149a01/RAPCID_2610_output/ligandmpnn_inputs/backbone/RAPCID_backbone_rapcid_backbone_55_model_5.pdb,/scratch/a2149a01/RAPCID_2610_output/ligandmpnn/seqs/RAPCID_backbone_rapcid_backbone_55_model_5.fa,1037.8373865634203,696.6005390584469,0.32879606374068604,0.18518518518518517,0.25925925925925924,0.5637040094031209,0.14285714285714285,0.8396353710031897,0.0,0.8230088045336107,1.0,0.23314341386849388
backbone_long,RAPCID_backbone_rapcid_backbone_31_model_7,/scratch/a2149a01/RAPCID_2610_output/ligandmpnn_inputs/backbone_long/RAPCID_backbone_rapcid_backbone_31_model_7.pdb,/scratch/a2149a01/RAPCID_2610_output/ligandmpnn/seqs/RAPCID_backbone_rapcid_backbone_31_model_7.fa,1039.6555823534727,698.0388035178185,0.32858649021278274,0.2222222222222222,0.3333333333333333,0.5736608023850385,0.0,0.8452819518979392,0.0,0.7710280535566881,1.0,0.2534194761513078
backbone_denovo,RAPCID_backbone_rapcid_backbone_133_model_6,/scratch/a2149a01/RAPCID_2610_output/ligandmpnn_inputs/backbone_denovo/RAPCID_backbone_rapcid_backbone_133_model_6.pdb,/scratch/a2149a01/RAPCID_2610_output/ligandmpnn/seqs/RAPCID_backbone_rapcid_backbone_133_model_6.fa,1042.7417836338282,700.2756891697645,0.3284284756199286,0.23214285714285715,0.3333333333333333,0.5686984911112348,0.0,0.9209272737312293,0.0,1.0,1.0,0.25582852831468217
backbone_denovo,RAPCID_backbone_rapcid_backbone_45_model_4,/scratch/a2149a01/RAPCID_2610_output/ligandmpnn_inputs/backbone_denovo/RAPCID_backbone_rapcid_backbone_45_model_4.pdb,/scratch/a2149a01/RAPCID_2610_output/ligandmpnn/seqs/RAPCID_backbone_rapcid_backbone_45_model_4.fa,1043.25877353549,700.7045749723911,0.32835017279770395,0.3090909090909091,0.25925925925925924,0.6486559529630052,0.14285714285714285,0.807443558089184,0.0,0.8837209392510916,1.0,0.26391919392058294
backbone_denovo,RAPCID_backbone_rapcid_backbone_199_model_7,/scratch/a2149a01/RAPCID_2610_output/ligandmpnn_inputs/backbone_denovo/RAPCID_backbone_rapcid_backbone_199_model_7.pdb,/scratch/a2149a01/RAPCID_2610_output/ligandmpnn/seqs/RAPCID_backbone_rapcid_backbone_199_model_7.fa,1044.1927086263895,701.4884888976812,0.3282001654460195,0.24561403508771928,0.37037037037037035,0.573710787447759,0.14285714285714285,0.8911088921185037,0.0,1.0,1.0,0.2646491387781942
backbone_denovo,RAPCID_backbone_rapcid_backbone_147_model_4,/scratch/a2149a01/RAPCID_2610_output/ligandmpnn_inputs/backbone_denovo/RAPCID_backbone_rapcid_backbone_147_model_4.pdb,/scratch/a2149a01/RAPCID_2610_output/ligandmpnn/seqs/RAPCID_backbone_rapcid_backbone_147_model_4.fa,1039.443559601903,698.4485124349594,0.3280553754140739,0.2545454545454545,0.3333333333333333,0.5861073134048315,0.14285714285714285,0.861471861335143,0.0,1.0,1.0,0.26126128257269693
backbone_long,RAPCID_backbone_rapcid_backbone_64_model_2,/scratch/a2149a01/RAPCID_2610_output/ligandmpnn_inputs/backbone_long/RAPCID_backbone_rapcid_backbone_64_model_2.pdb,/scratch/a2149a01/RAPCID_2610_output/ligandmpnn/seqs/RAPCID_backbone_rapcid_backbone_64_model_2.fa,1040.2395536452532,699.0056769102812,0.3280339375091105,0.18181818181818182,0.25925925925925924,0.5733722183290693,0.14285714285714285,0.8328256105105708,0.0,0.7830188817364303,1.0,0.2319587062225341
backbone_denovo,RAPCID_backbone_rapcid_backbone_192_model_2,/scratch/a2149a01/RAPCID_2610_output/ligandmpnn_inputs/backbone_denovo/RAPCID_backbone_rapcid_backbone_192_model_2.pdb,/scratch/a2149a01/RAPCID_2610_output/ligandmpnn/seqs/RAPCID_backbone_rapcid_backbone_192_model_2.fa,1039.4906234443188,698.5911770612001,0.32794855354592745,0.37037037037037035,0.3333333333333333,0.6452971832178126,0.0,0.8066050165449574,0.0,0.6777777828100949,0.5,0.2901694416882599
backbone_denovo,RAPCID_backbone_rapcid_backbone_110_model_3,/scratch/a2149a01/RAPCID_2610_output/ligandmpnn_inputs/backbone_denovo/RAPCID_backbone_rapcid_backbone_110_model_3.pdb,/scratch/a2149a01/RAPCID_2610_output/ligandmpnn/seqs/RAPCID_backbone_rapcid_backbone_110_model_3.fa,1043.25877353549,701.1606439203024,0.3279130147699161,0.3090909090909091,0.25925925925925924,0.6878662918074236,0.14285714285714285,0.7300771519976103,0.0,0.8208644470081797,1.0,0.26372247280807837
backbone,RAPCID_backbone_rapcid_backbone_242_model_0,/scratch/a2149a01/RAPCID_2610_output/ligandmpnn_inputs/backbone/RAPCID_backbone_rapcid_backbone_242_model_0.pdb,/scratch/a2149a01/RAPCID_2610_output/ligandmpnn/seqs/RAPCID_backbone_rapcid_backbone_242_model_0.fa,1041.905931726098,700.3402707874775,0.3278277342876412,0.2545454545454545,0.2962962962962963,0.5663439796250235,0.14285714285714285,0.8466347948941131,0.0,0.8489583459627718,1.0,0.2556032885102466
backbone_long,RAPCID_backbone_rapcid_backbone_103_model_3,/scratch/a2149a01/RAPCID_2610_output/ligandmpnn_inputs/backbone_long/RAPCID_backbone_rapcid_backbone_103_model_3.pdb,/scratch/a2149a01/RAPCID_2610_output/ligandmpnn/seqs/RAPCID_backbone_rapcid_backbone_103_model_3.fa,1036.4461232870817,697.3516909778118,0.3271703416998023,0.2222222222222222,0.2962962962962963,0.5699431836788738,0.14285714285714285,0.8216376326286596,0.0,0.7990654418173615,1.0,0.24722665376491104
backbone,RAPCID_backbone_rapcid_backbone_142_model_0,/scratch/a2149a01/RAPCID_2610_output/ligandmpnn_inputs/backbone/RAPCID_backbone_rapcid_backbone_142_model_0.pdb,/scratch/a2149a01/RAPCID_2610_output/ligandmpnn/seqs/RAPCID_backbone_rapcid_backbone_142_model_0.fa,1041.1296842992306,700.7214370816946,0.3269604664539556,0.23636363636363636,0.3333333333333333,0.5709802134336359,0.14285714285714285,0.7513926395483489,0.0,0.8428571380584255,1.0,0.2562231189951891
backbone_long,RAPCID_backbone_rapcid_backbone_213_model_5,/scratch/a2149a01/RAPCID_2610_output/ligandmpnn_inputs/backbone_long/RAPCID_backbone_rapcid_backbone_213_model_5.pdb,/scratch/a2149a01/RAPCID_2610_output/ligandmpnn/seqs/RAPCID_backbone_rapcid_backbone_213_model_5.fa,1039.6555823534727,699.8482656180859,0.32684604642449344,0.24074074074074073,0.2962962962962963,0.5744862897890072,0.14285714285714285,0.8227035846873869,0.0,0.8084112214226753,1.0,0.25171035052065166
backbone_denovo,RAPCID_backbone_rapcid_backbone_104_model_3,/scratch/a2149a01/RAPCID_2610_output/ligandmpnn_inputs/backbone_denovo/RAPCID_backbone_rapcid_backbone_104_model_3.pdb,/scratch/a2149a01/RAPCID_2610_output/ligandmpnn/seqs/RAPCID_backbone_rapcid_backbone_104_model_3.fa,1039.443559601903,699.7647516876459,0.32678908323252376,0.2727272727272727,0.2222222222222222,0.6401658860519596,0.14285714285714285,0.8827220772351839,0.0,1.0,1.0,0.2485702389697872
backbone_denovo,RAPCID_backbone_rapcid_backbone_118_model_3,/scratch/a2149a01/RAPCID_2610_output/ligandmpnn_inputs/backbone_denovo/RAPCID_backbone_rapcid_backbone_118_model_3.pdb,/scratch/a2149a01/RAPCID_2610_output/ligandmpnn/seqs/RAPCID_backbone_rapcid_backbone_118_model_3.fa,1039.9007866084576,700.1185479313135,0.32674486167600003,0.24074074074074073,0.2962962962962963,0.6033850066103645,0.14285714285714285,0.8502322931497656,0.0,1.0,1.0,0.2516648173838296
backbone,RAPCID_backbone_rapcid_backbone_13_model_6,/scratch/a2149a01/RAPCID_2610_output/ligandmpnn_inputs/backbone/RAPCID_backbone_rapcid_backbone_13_model_6.pdb,/scratch/a2149a01/RAPCID_2610_output/ligandmpnn/seqs/RAPCID_backbone_rapcid_backbone_13_model_6.fa,1037.5562817156315,698.7396302521229,0.32655255183194953,0.16363636363636364,0.25925925925925924,0.5842079449935643,0.14285714285714285,0.8791590983950778,0.0,0.8084112214226753,1.0,0.2267466281223571
backbone,RAPCID_backbone_rapcid_backbone_159_model_7,/scratch/a2149a01/RAPCID_2610_output/ligandmpnn_inputs/backbone/RAPCID_backbone_rapcid_backbone_159_model_7.pdb,/scratch/a2149a01/RAPCID_2610_output/ligandmpnn/seqs/RAPCID_backbone_rapcid_backbone_159_model_7.fa,1041.905931726098,701.7664008140564,0.3264589638611055,0.2909090909090909,0.37037037037037035,0.5271370332527288,0.14285714285714285,0.8654664879999733,0.0,0.8645833585922102,1.0,0.27518936202032573
backbone,RAPCID_backbone_rapcid_backbone_110_model_7,/scratch/a2149a01/RAPCID_2610_output/ligandmpnn_inputs/backbone/RAPCID_backbone_rapcid_backbone_110_model_7.pdb,/scratch/a2149a01/RAPCID_2610_output/ligandmpnn/seqs/RAPCID_backbone_rapcid_backbone_110_model_7.fa,1044.716412499547,703.8456360250711,0.3262806752111054,0.19298245614035087,0.2222222222222222,0.5836399830981274,0.14285714285714285,0.8022184296785875,0.0,0.7783505246479869,1.0,0.22840525121341848
backbone_denovo,RAPCID_backbone_rapcid_backbone_31_model_6,/scratch/a2149a01/RAPCID_2610_output/ligandmpnn_inputs/backbone_denovo/RAPCID_backbone_rapcid_backbone_31_model_6.pdb,/scratch/a2149a01/RAPCID_2610_output/ligandmpnn/seqs/RAPCID_backbone_rapcid_backbone_31_model_6.fa,1041.3593517541885,701.5945549160242,0.32627046203198196,0.2962962962962963,0.3333333333333333,0.5823097164660148,0.0,0.8500390899993937,0.0,0.9955357528066718,1.0,0.270895781988466
backbone_long,RAPCID_backbone_rapcid_backbone_128_model_3,/scratch/a2149a01/RAPCID_2610_output/ligandmpnn_inputs/backbone_long/RAPCID_backbone_rapcid_backbone_128_model_3.pdb,/scratch/a2149a01/RAPCID_2610_output/ligandmpnn/seqs/RAPCID_backbone_rapcid_backbone_128_model_3.fa,1039.6555823534727,700.8076428920031,0.3259232626774514,0.24074074074074073,0.3333333333333333,0.5960837574521186,0.14285714285714285,0.7933566356952261,0.0,0.7570093676671401,1.0,0.2568506533900383
backbone,RAPCID_backbone_rapcid_backbone_117_model_0,/scratch/a2149a01/RAPCID_2610_output/ligandmpnn_inputs/backbone/RAPCID_backbone_rapcid_backbone_117_model_0.pdb,/scratch/a2149a01/RAPCID_2610_output/ligandmpnn/seqs/RAPCID_backbone_rapcid_backbone_117_model_0.fa,1042.6423090845346,702.9174087047577,0.3258307258584813,0.19642857142857142,0.2962962962962963,0.6075852500198093,0.14285714285714285,0.7736169132745976,0.0,0.792035374198921,1.0,0.24017541393790387
backbone_long,RAPCID_backbone_rapcid_backbone_127_model_3,/scratch/a2149a01/RAPCID_2610_output/ligandmpnn_inputs/backbone_long/RAPCID_backbone_rapcid_backbone_127_model_3.pdb,/scratch/a2149a01/RAPCID_2610_output/ligandmpnn/seqs/RAPCID_backbone_rapcid_backbone_127_model_3.fa,1040.0336503088474,701.1974669843912,0.32579348103192207,0.23636363636363636,0.2962962962962963,0.5848148699897314,0.0,0.8000795156600065,0.0,0.933962269801267,1.0,0.2501424199997185
backbone,RAPCID_backbone_rapcid_backbone_84_model_6,/scratch/a2149a01/RAPCID_2610_output/ligandmpnn_inputs/backbone/RAPCID_backbone_rapcid_backbone_84_model_6.pdb,/scratch/a2149a01/RAPCID_2610_output/ligandmpnn/seqs/RAPCID_backbone_rapcid_backbone_84_model_6.fa,1042.6423090845346,703.0702669471502,0.3256841192599761,0.19642857142857142,0.25925925925925924,0.5833032653606386,0.14285714285714285,0.7823161842621401,0.0,0.8097344906242704,1.0,0.234553885413021
backbone_long,RAPCID_backbone_rapcid_backbone_191_model_6,/scratch/a2149a01/RAPCID_2610_output/ligandmpnn_inputs/backbone_long/RAPCID_backbone_rapcid_backbone_191_model_6.pdb,/scratch/a2149a01/RAPCID_2610_output/ligandmpnn/seqs/RAPCID_backbone_rapcid_backbone_191_model_6.fa,1042.6423090845346,703.1746299266815,0.3255840245500051,0.23214285714285715,0.2962962962962963,0.545654930182067,0.14285714285714285,0.8350205015241033,0.0,0.7964601455020345,1.0,0.24899296977766106
backbone,RAPCID_backbone_rapcid_backbone_136_model_3,/scratch/a2149a01/RAPCID_2610_output/ligandmpnn_inputs/backbone/RAPCID_backbone_rapcid_backbone_136_model_3.pdb,/scratch/a2149a01/RAPCID_2610_output/ligandmpnn/seqs/RAPCID_backbone_rapcid_backbone_136_model_3.fa,1040.5116156488657,701.7474778145552,0.3255745853668883,0.14035087719298245,0.25925925925925924,0.5834499023679836,0.14285714285714285,0.8484458462422628,0.0,0.7743362889864673,1.0,0.22048517160223424
backbone_denovo,RAPCID_backbone_rapcid_backbone_77_model_5,/scratch/a2149a01/RAPCID_2610_output/ligandmpnn_inputs/backbone_denovo/RAPCID_backbone_rapcid_backbone_77_model_5.pdb,/scratch/a2149a01/RAPCID_2610_output/ligandmpnn/seqs/RAPCID_backbone_rapcid_backbone_77_model_5.fa,1045.5025196820498,705.4391278922558,0.3252631011288346,0.19642857142857142,0.2962962962962963,0.5824106433217796,0.0,0.9100529099076773,0.0,1.0,1.0,0.2399199828095629
backbone_denovo,RAPCID_backbone_rapcid_backbone_228_model_4,/scratch/a2149a01/RAPCID_2610_output/ligandmpnn_inputs/backbone_denovo/RAPCID_backbone_rapcid_backbone_228_model_4.pdb,/scratch/a2149a01/RAPCID_2610_output/ligandmpnn/seqs/RAPCID_backbone_rapcid_backbone_228_model_4.fa,1046.5645312964916,706.5855447649956,0.3248523873729292,0.26785714285714285,0.25925925925925924,0.666592385118116,0.14285714285714285,0.78849330715702,0.0,0.9125000034740143,1.0,0.2520367489209927
backbone_long,RAPCID_backbone_rapcid_backbone_83_model_4,/scratch/a2149a01/RAPCID_2610_output/ligandmpnn_inputs/backbone_long/RAPCID_backbone_rapcid_backbone_83_model_4.pdb,/scratch/a2149a01/RAPCID_2610_output/ligandmpnn/seqs/RAPCID_backbone_rapcid_backbone_83_model_4.fa,1038.1138966232538,700.9734618514776,0.3247624715056957,0.21428571428571427,0.2962962962962963,0.5522211273559686,0.0,0.9469387667617266,0.0,1.0,1.0,0.2441589851934361
backbone_denovo,RAPCID_backbone_rapcid_backbone_4_model_2,/scratch/a2149a01/RAPCID_2610_output/ligandmpnn_inputs/backbone_denovo/RAPCID_backbone_rapcid_backbone_4_model_2.pdb,/scratch/a2149a01/RAPCID_2610_output/ligandmpnn/seqs/RAPCID_backbone_rapcid_backbone_4_model_2.fa,1038.9614838957787,701.7001407295465,0.32461390378169575,0.25,0.37037037037037035,0.6060446715890335,0.14285714285714285,0.8829000816202139,0.0,1.0,1.0,0.26413181225731863
backbone_long,RAPCID_backbone_rapcid_backbone_129_model_0,/scratch/a2149a01/RAPCID_2610_output/ligandmpnn_inputs/backbone_long/RAPCID_backbone_rapcid_backbone_129_model_0.pdb,/scratch/a2149a01/RAPCID_2610_output/ligandmpnn/seqs/RAPCID_backbone_rapcid_backbone_129_model_0.fa,1043.7606514841318,705.0033326894045,0.3245545981380362,0.2545454545454545,0.2962962962962963,0.585430407792702,0.0,0.7551259967389493,0.5,0.5999999976839905,0.5,0.25413037724292437
backbone_long,RAPCID_backbone_rapcid_backbone_226_model_1,/scratch/a2149a01/RAPCID_2610_output/ligandmpnn_inputs/backbone_long/RAPCID_backbone_rapcid_backbone_226_model_1.pdb,/scratch/a2149a01/RAPCID_2610_output/ligandmpnn/seqs/RAPCID_backbone_rapcid_backbone_226_model_1.fa,1040.9144045263529,703.3764927387238,0.32427057433336115,0.21428571428571427,0.2962962962962963,0.5972579385366289,0.14285714285714285,0.7968707497732136,0.0,0.8037383316200184,1.0,0.24393763146588554
backbone_long,RAPCID_backbone_rapcid_backbone_217_model_3,/scratch/a2149a01/RAPCID_2610_output/ligandmpnn_inputs/backbone_long/RAPCID_backbone_rapcid_backbone_217_model_3.pdb,/scratch/a2149a01/RAPCID_2610_output/ligandmpnn/seqs/RAPCID_backbone_rapcid_backbone_217_model_3.fa,1041.38606120646,703.8026005327702,0.3241674468761323,0.25,0.3333333333333333,0.5744106420777685,0.14285714285714285,0.779837437498048,0.0,0.7710280535566881,1.0,0.2583753510942595
backbone_long,RAPCID_backbone_rapcid_backbone_223_model_0,/scratch/a2149a01/RAPCID_2610_output/ligandmpnn_inputs/backbone_long/RAPCID_backbone_rapcid_backbone_223_model_0.pdb,/scratch/a2149a01/RAPCID_2610_output/ligandmpnn/seqs/RAPCID_backbone_rapcid_backbone_223_model_0.fa,1045.6712324172258,706.7667270600796,0.32410235153329947,0.2631578947368421,0.3333333333333333,0.5630578846887955,0.14285714285714285,0.8688676755338631,0.0,0.8473684105007702,1.0,0.2616355318741953
backbone_denovo,RAPCID_backbone_rapcid_backbone_41_model_2,/scratch/a2149a01/RAPCID_2610_output/ligandmpnn_inputs/backbone_denovo/RAPCID_backbone_rapcid_backbone_41_model_2.pdb,/scratch/a2149a01/RAPCID_2610_output/ligandmpnn/seqs/RAPCID_backbone_rapcid_backbone_41_model_2.fa,1038.9614838957787,702.2938221693039,0.324042485640639,0.23214285714285715,0.3333333333333333,0.5679820813856735,0.0,0.8695228799245013,0.0,0.8249999837879336,1.0,0.25385483282400184
backbone_long,RAPCID_backbone_rapcid_backbone_27_model_4,/scratch/a2149a01/RAPCID_2610_output/ligandmpnn_inputs/backbone_long/RAPCID_backbone_rapcid_backbone_27_model_4.pdb,/scratch/a2149a01/RAPCID_2610_output/ligandmpnn/seqs/RAPCID_backbone_rapcid_backbone_27_model_4.fa,1042.107029646635,704.501639470458,0.3239642191941212,0.18181818181818182,0.25925925925925924,0.5680517033148609,0.0,0.8764753788336305,0.0,0.7714285522337021,1.0,0.23012733298078888
backbone_denovo,RAPCID_backbone_rapcid_backbone_162_model_2,/scratch/a2149a01/RAPCID_2610_output/ligandmpnn_inputs/backbone_denovo/RAPCID_backbone_rapcid_backbone_162_model_2.pdb,/scratch/a2149a01/RAPCID_2610_output/ligandmpnn/seqs/RAPCID_backbone_rapcid_backbone_162_model_2.fa,1041.359376192093,704.601729914546,0.32338273796406225,0.23214285714285715,0.37037037037037035,0.5676619371830833,0.14285714285714285,0.883116881602464,0.0,1.0,1.0,0.25911350192509786
backbone_long,RAPCID_backbone_rapcid_backbone_205_model_5,/scratch/a2149a01/RAPCID_2610_output/ligandmpnn_inputs/backbone_long/RAPCID_backbone_rapcid_backbone_205_model_5.pdb,/scratch/a2149a01/RAPCID_2610_output/ligandmpnn/seqs/RAPCID_backbone_rapcid_backbone_205_model_5.fa,1046.1367504298687,707.9152623414993,0.32330523514195497,0.18518518518518517,0.25925925925925924,0.5783015202877574,0.0,0.8269766366057433,0.0,0.860824746766361,1.0,0.23067254099906495
backbone_denovo,RAPCID_backbone_rapcid_backbone_229_model_6,/scratch/a2149a01/RAPCID_2610_output/ligandmpnn_inputs/backbone_denovo/RAPCID_backbone_rapcid_backbone_229_model_6.pdb,/scratch/a2149a01/RAPCID_2610_output/ligandmpnn/seqs/RAPCID_backbone_rapcid_backbone_229_model_6.fa,1039.6969839632511,703.5815254449844,0.32328213287396335,0.3148148148148148,0.25925925925925924,0.6784650911741901,0.2857142857142857,0.6233041958934746,0.5,0.45625002049246044,0.5,0.2630695523858761
backbone_denovo,RAPCID_backbone_rapcid_backbone_160_model_3,/scratch/a2149a01/RAPCID_2610_output/ligandmpnn_inputs/backbone_denovo/RAPCID_backbone_rapcid_backbone_160_model_3.pdb,/scratch/a2149a01/RAPCID_2610_output/ligandmpnn/seqs/RAPCID_backbone_rapcid_backbone_160_model_3.fa,1039.9814347624779,704.0798224359751,0.3229880852663679,0.23214285714285715,0.25925925925925924,0.6444965719100034,0.2857142857142857,0.6979867068646171,0.5,0.5071808220341603,0.5,0.24226924154446874
backbone_long,RAPCID_backbone_rapcid_backbone_129_model_7,/scratch/a2149a01/RAPCID_2610_output/ligandmpnn_inputs/backbone_long/RAPCID_backbone_rapcid_backbone_129_model_7.pdb,/scratch/a2149a01/RAPCID_2610_output/ligandmpnn/seqs/RAPCID_backbone_rapcid_backbone_129_model_7.fa,1043.7606514841318,706.8275828063488,0.3228068314308411,0.23636363636363636,0.2962962962962963,0.5695510618822319,0.14285714285714285,0.8811423959350979,0.0,0.8053097193211569,1.0,0.24879842767923205
backbone_long,RAPCID_backbone_rapcid_backbone_247_model_2,/scratch/a2149a01/RAPCID_2610_output/ligandmpnn_inputs/backbone_long/RAPCID_backbone_rapcid_backbone_247_model_2.pdb,/scratch/a2149a01/RAPCID_2610_output/ligandmpnn/seqs/RAPCID_backbone_rapcid_backbone_247_model_2.fa,1042.5471244752407,706.1802029311657,0.32263953700259174,0.16666666666666666,0.2962962962962963,0.5759204561095248,0.0,0.9329294065292048,0.0,1.0,1.0,0.23129890276227738
backbone_denovo,RAPCID_backbone_rapcid_backbone_237_model_7,/scratch/a2149a01/RAPCID_2610_output/ligandmpnn_inputs/backbone_denovo/RAPCID_backbone_rapcid_backbone_237_model_7.pdb,/scratch/a2149a01/RAPCID_2610_output/ligandmpnn/seqs/RAPCID_backbone_rapcid_backbone_237_model_7.fa,1038.0815004557371,703.2105402201414,0.32258638660700645,0.2545454545454545,0.3333333333333333,0.5483714620157119,0.0,0.8739556309420878,0.5,0.5609756137515931,0.5,0.25880023760951654
backbone,RAPCID_backbone_rapcid_backbone_142_model_7,/scratch/a2149a01/RAPCID_2610_output/ligandmpnn_inputs/backbone/RAPCID_backbone_rapcid_backbone_142_model_7.pdb,/scratch/a2149a01/RAPCID_2610_output/ligandmpnn/seqs/RAPCID_backbone_rapcid_backbone_142_model_7.fa,1041.1296842992306,705.3430002182722,0.32252147753041116,0.16363636363636364,0.2222222222222222,0.608339740430003,0.0,0.8339147620763149,0.0,0.8095237935280851,1.0,0.21937708913110926
backbone_denovo,RAPCID_backbone_rapcid_backbone_194_model_2,/scratch/a2149a01/RAPCID_2610_output/ligandmpnn_inputs/backbone_denovo/RAPCID_backbone_rapcid_backbone_194_model_2.pdb,/scratch/a2149a01/RAPCID_2610_output/ligandmpnn/seqs/RAPCID_backbone_rapcid_backbone_194_model_2.fa,1040.9487616568804,705.3536499291658,0.3223934972491317,0.19642857142857142,0.2962962962962963,0.5758541752992203,0.0,0.9036796525859065,0.0,1.0,1.0,0.23862866106369657
backbone_long,RAPCID_backbone_rapcid_backbone_133_model_0,/scratch/a2149a01/RAPCID_2610_output/ligandmpnn_inputs/backbone_long/RAPCID_backbone_rapcid_backbone_133_model_0.pdb,/scratch/a2149a01/RAPCID_2610_output/ligandmpnn/seqs/RAPCID_backbone_rapcid_backbone_133_model_0.fa,1038.0910609513521,703.5244862437248,0.3222901990900643,0.26785714285714285,0.3333333333333333,0.5637212965887759,0.0,0.8767951656197283,0.0,0.9952380360539149,1.0,0.26199487530481463
backbone_long,RAPCID_backbone_rapcid_backbone_172_model_3,/scratch/a2149a01/RAPCID_2610_output/ligandmpnn_inputs/backbone_long/RAPCID_backbone_rapcid_backbone_172_model_3.pdb,/scratch/a2149a01/RAPCID_2610_output/ligandmpnn/seqs/RAPCID_backbone_rapcid_backbone_172_model_3.fa,1042.0449339598417,706.2088706642389,0.3222855870709941,0.16666666666666666,0.2962962962962963,0.568966650519095,0.14285714285714285,0.8328466547637048,0.0,0.8130841112253321,1.0,0.23113962529305843
backbone_denovo,RAPCID_backbone_rapcid_backbone_141_model_2,/scratch/a2149a01/RAPCID_2610_output/ligandmpnn_inputs/backbone_denovo/RAPCID_backbone_rapcid_backbone_141_model_2.pdb,/scratch/a2149a01/RAPCID_2610_output/ligandmpnn/seqs/RAPCID_backbone_rapcid_backbone_141_model_2.fa,1039.7174626290798,704.7365019023418,0.3221846056905584,0.23636363636363636,0.2962962962962963,0.6010082324887551,0.14285714285714285,0.8180448451856572,0.0,1.0,1.0,0.2485184260961048
backbone_denovo,RAPCID_backbone_rapcid_backbone_239_model_6,/scratch/a2149a01/RAPCID_2610_output/ligandmpnn_inputs/backbone_denovo/RAPCID_backbone_rapcid_backbone_239_model_6.pdb,/scratch/a2149a01/RAPCID_2610_output/ligandmpnn/seqs/RAPCID_backbone_rapcid_backbone_239_model_6.fa,1044.05150590837,707.7767604142427,0.3220863564595443,0.21818181818181817,0.3333333333333333,0.581415839752146,0.0,0.8559713631752884,0.0,1.0,1.0,0.24948431495224946
backbone,RAPCID_backbone_rapcid_backbone_182_model_4,/scratch/a2149a01/RAPCID_2610_output/ligandmpnn_inputs/backbone/RAPCID_backbone_rapcid_backbone_182_model_4.pdb,/scratch/a2149a01/RAPCID_2610_output/ligandmpnn/seqs/RAPCID_backbone_rapcid_backbone_182_model_4.fa,1043.2813202440739,707.5327768325806,0.321819759346353,0.23214285714285715,0.3333333333333333,0.5712076594183426,0.0,0.8368823178687068,0.0,0.8556701158380227,1.0,0.2528546059915731
backbone_long,RAPCID_backbone_rapcid_backbone_197_model_1,/scratch/a2149a01/RAPCID_2610_output/ligandmpnn_inputs/backbone_long/RAPCID_backbone_rapcid_backbone_197_model_1.pdb,/scratch/a2149a01/RAPCID_2610_output/ligandmpnn/seqs/RAPCID_backbone_rapcid_backbone_197_model_1.fa,1039.7949898391962,705.2038287073374,0.32178570237543,0.2727272727272727,0.2962962962962963,0.5952439665184643,0.14285714285714285,0.7541814869958708,0.0,0.7708333379258564,1.0,0.25742982869520614
backbone_denovo,RAPCID_backbone_rapcid_backbone_113_model_4,/scratch/a2149a01/RAPCID_2610_output/ligandmpnn_inputs/backbone_denovo/RAPCID_backbone_rapcid_backbone_113_model_4.pdb,/scratch/a2149a01/RAPCID_2610_output/ligandmpnn/seqs/RAPCID_backbone_rapcid_backbone_113_model_4.fa,1040.064047679305,705.4479487836361,0.3217264356385531,0.2727272727272727,0.4074074074074074,0.5750625243592015,0.0,0.8829436778619358,0.0,1.0,1.0,0.2740698253302782
backbone_denovo,RAPCID_backbone_rapcid_backbone_135_model_1,/scratch/a2149a01/RAPCID_2610_output/ligandmpnn_inputs/backbone_denovo/RAPCID_backbone_rapcid_backbone_135_model_1.pdb,/scratch/a2149a01/RAPCID_2610_output/ligandmpnn/seqs/RAPCID_backbone_rapcid_backbone_135_model_1.fa,1042.8094889819622,707.4233670085669,0.3216178271457948,0.19642857142857142,0.2962962962962963,0.5266063888421058,0.0,0.9798963564824742,0.0,1.0,1.0,0.23827960951719496
backbone_long,RAPCID_backbone_rapcid_backbone_170_model_1,/scratch/a2149a01/RAPCID_2610_output/ligandmpnn_inputs/backbone_long/RAPCID_backbone_rapcid_backbone_170_model_1.pdb,/scratch/a2149a01/RAPCID_2610_output/ligandmpnn/seqs/RAPCID_backbone_rapcid_backbone_170_model_1.fa,1037.9434366375208,704.1613233834505,0.3215802532895021,0.16363636363636364,0.2962962962962963,0.5961727032868919,0.14285714285714285,0.7635200974131653,0.0,0.7925531962793897,1.0,0.23006464933381132
backbone_long,RAPCID_backbone_rapcid_backbone_55_model_3,/scratch/a2149a01/RAPCID_2610_output/ligandmpnn_inputs/backbone_long/RAPCID_backbone_rapcid_backbone_55_model_3.pdb,/scratch/a2149a01/RAPCID_2610_output/ligandmpnn/seqs/RAPCID_backbone_rapcid_backbone_55_model_3.fa,1042.107029646635,707.3758742362261,0.3212061198012568,0.2545454545454545,0.2962962962962963,0.5956919879161099,0.2857142857142857,0.775001540202947,0.0,0.8238095174112341,1.0,0.25262356199137365
backbone,RAPCID_backbone_rapcid_backbone_156_model_4,/scratch/a2149a01/RAPCID_2610_output/ligandmpnn_inputs/backbone/RAPCID_backbone_rapcid_backbone_156_model_4.pdb,/scratch/a2149a01/RAPCID_2610_output/ligandmpnn/seqs/RAPCID_backbone_rapcid_backbone_156_model_4.fa,1042.7543054372072,707.8711634427309,0.3211524903309473,0.18181818181818182,0.25925925925925924,0.5869711506860454,0.14285714285714285,0.7442542197235653,0.0,0.835051555763252,1.0,0.22886205499236065
backbone_long,RAPCID_backbone_rapcid_backbone_76_model_0,/scratch/a2149a01/RAPCID_2610_output/ligandmpnn_inputs/backbone_long/RAPCID_backbone_rapcid_backbone_76_model_0.pdb,/scratch/a2149a01/RAPCID_2610_output/ligandmpnn/seqs/RAPCID_backbone_rapcid_backbone_76_model_0.fa,1041.38606120646,707.1924967765808,0.3209122695983768,0.16071428571428573,0.2962962962962963,0.5756698025386344,0.0,0.8451234361317738,0.0,0.7196261833195756,0.5,0.22903353719228542
backbone_denovo,RAPCID_backbone_rapcid_backbone_100_model_6,/scratch/a2149a01/RAPCID_2610_output/ligandmpnn_inputs/backbone_denovo/RAPCID_backbone_rapcid_backbone_100_model_6.pdb,/scratch/a2149a01/RAPCID_2610_output/ligandmpnn/seqs/RAPCID_backbone_rapcid_backbone_100_model_6.fa,1039.4906234443188,706.0362737774849,0.32078629873730236,0.2037037037037037,0.2962962962962963,0.5981422140956466,0.0,0.8501231460731626,0.0,1.0,1.0,0.23972420480215645
backbone_long,RAPCID_backbone_rapcid_backbone_107_model_6,/scratch/a2149a01/RAPCID_2610_output/ligandmpnn_inputs/backbone_long/RAPCID_backbone_rapcid_backbone_107_model_6.pdb,/scratch/a2149a01/RAPCID_2610_output/ligandmpnn/seqs/RAPCID_backbone_rapcid_backbone_107_model_6.fa,1044.3158884495497,709.6894035339355,0.32042649989020033,0.21052631578947367,0.2222222222222222,0.5866117957205298,0.14285714285714285,0.8244395734205486,0.0,0.7894736939807684,1.0,0.2301568372312919
backbone,RAPCID_backbone_rapcid_backbone_19_model_1,/scratch/a2149a01/RAPCID_2610_output/ligandmpnn_inputs/backbone/RAPCID_backbone_rapcid_backbone_19_model_1.pdb,/scratch/a2149a01/RAPCID_2610_output/ligandmpnn/seqs/RAPCID_backbone_rapcid_backbone_19_model_1.fa,1040.904816493392,707.4099629670382,0.32038938454510546,0.21818181818181817,0.25925925925925924,0.5677066673187858,0.14285714285714285,0.8198349268420664,0.0,0.7877358553347411,1.0,0.23760956647964088
backbone_denovo,RAPCID_backbone_rapcid_backbone_91_model_0,/scratch/a2149a01/RAPCID_2610_output/ligandmpnn_inputs/backbone_denovo/RAPCID_backbone_rapcid_backbone_91_model_0.pdb,/scratch/a2149a01/RAPCID_2610_output/ligandmpnn/seqs/RAPCID_backbone_rapcid_backbone_91_model_0.fa,1040.5306161493063,707.3064081668854,0.32024450103696556,0.2631578947368421,0.25925925925925924,0.6811276877804018,0.14285714285714285,0.7568541205135596,0.0,0.9315789106323108,1.0,0.24878838803973394
backbone_long,RAPCID_backbone_rapcid_backbone_114_model_2,/scratch/a2149a01/RAPCID_2610_output/ligandmpnn_inputs/backbone_long/RAPCID_backbone_rapcid_backbone_114_model_2.pdb,/scratch/a2149a01/RAPCID_2610_output/ligandmpnn/seqs/RAPCID_backbone_rapcid_backbone_114_model_2.fa,1039.9997865110636,707.1420679837465,0.3200555642842683,0.14545454545454545,0.2222222222222222,0.6021593863479292,0.14285714285714285,0.7874799252612803,0.0,0.8157894775923074,1.0,0.21372197362489043
backbone_denovo,RAPCID_backbone_rapcid_backbone_213_model_2,/scratch/a2149a01/RAPCID_2610_output/ligandmpnn_inputs/backbone_denovo/RAPCID_backbone_rapcid_backbone_213_model_2.pdb,/scratch/a2149a01/RAPCID_2610_output/ligandmpnn/seqs/RAPCID_backbone_rapcid_backbone_213_model_2.fa,1041.0645203441381,707.9713954478502,0.3199543528639123,0.2,0.25925925925925924,0.6365929495947474,0.14285714285714285,0.7173291135500336,0.5,0.5124999997104989,0.5,0.23286834767764944
backbone_denovo,RAPCID_backbone_rapcid_backbone_97_model_0,/scratch/a2149a01/RAPCID_2610_output/ligandmpnn_inputs/backbone_denovo/RAPCID_backbone_rapcid_backbone_97_model_0.pdb,/scratch/a2149a01/RAPCID_2610_output/ligandmpnn/seqs/RAPCID_backbone_rapcid_backbone_97_model_0.fa,1039.9007866084576,707.3956578969955,0.31974697297412136,0.2222222222222222,0.25925925925925924,0.5796025390195099,0.14285714285714285,0.8705035967318683,0.0,1.0,1.0,0.23833058228279905
backbone_denovo,RAPCID_backbone_rapcid_backbone_216_model_7,/scratch/a2149a01/RAPCID_2610_output/ligandmpnn_inputs/backbone_denovo/RAPCID_backbone_rapcid_backbone_216_model_7.pdb,/scratch/a2149a01/RAPCID_2610_output/ligandmpnn/seqs/RAPCID_backbone_rapcid_backbone_216_model_7.fa,1040.1116587221622,707.6782209724188,0.3196132212941034,0.3148148148148148,0.2962962962962963,0.6746490342764874,0.14285714285714285,0.7776583450654524,0.0,1.0,1.0,0.2669740977304947
backbone,RAPCID_backbone_rapcid_backbone_217_model_7,/scratch/a2149a01/RAPCID_2610_output/ligandmpnn_inputs/backbone/RAPCID_backbone_rapcid_backbone_217_model_7.pdb,/scratch/a2149a01/RAPCID_2610_output/ligandmpnn/seqs/RAPCID_backbone_rapcid_backbone_217_model_7.fa,1037.8373865634203,706.1701519042253,0.3195753390205387,0.2222222222222222,0.25925925925925924,0.5898825765976918,0.14285714285714285,0.8116817966339821,0.0,0.792035374198921,1.0,0.23825334700368686
backbone_denovo,RAPCID_backbone_rapcid_backbone_181_model_0,/scratch/a2149a01/RAPCID_2610_output/ligandmpnn_inputs/backbone_denovo/RAPCID_backbone_rapcid_backbone_181_model_0.pdb,/scratch/a2149a01/RAPCID_2610_output/ligandmpnn/seqs/RAPCID_backbone_rapcid_backbone_181_model_0.fa,1040.5904833078384,708.1180865168571,0.3195035915897626,0.25,0.25925925925925924,0.6276633324402536,0.14285714285714285,0.7129707866749835,0.5,0.51282051285858,0.5,0.24516550510428206
backbone_long,RAPCID_backbone_rapcid_backbone_17_model_3,/scratch/a2149a01/RAPCID_2610_output/ligandmpnn_inputs/backbone_long/RAPCID_backbone_rapcid_backbone_17_model_3.pdb,/scratch/a2149a01/RAPCID_2610_output/ligandmpnn/seqs/RAPCID_backbone_rapcid_backbone_17_model_3.fa,1037.9434366375208,706.3226183801889,0.3194979673763698,0.2545454545454545,0.37037037037037035,0.5741245742268044,0.0,0.7800658748863114,0.0,0.8510638130221357,1.0,0.2629660045112856
backbone_long,RAPCID_backbone_rapcid_backbone_132_model_3,/scratch/a2149a01/RAPCID_2610_output/ligandmpnn_inputs/backbone_long/RAPCID_backbone_rapcid_backbone_132_model_3.pdb,/scratch/a2149a01/RAPCID_2610_output/ligandmpnn/seqs/RAPCID_backbone_rapcid_backbone_132_model_3.fa,1044.3158884495497,710.6678989827633,0.3194895272178029,0.24561403508771928,0.3333333333333333,0.5716397884878821,0.14285714285714285,0.8400023586470545,0.0,0.8631578955184614,1.0,0.2551737960199411
backbone,RAPCID_backbone_rapcid_backbone_188_model_1,/scratch/a2149a01/RAPCID_2610_output/ligandmpnn_inputs/backbone/RAPCID_backbone_rapcid_backbone_188_model_1.pdb,/scratch/a2149a01/RAPCID_2610_output/ligandmpnn/seqs/RAPCID_backbone_rapcid_backbone_188_model_1.fa,1040.904816493392,708.3559636622667,0.31948055918447793,0.2,0.25925925925925924,0.5826053963415305,0.14285714285714285,0.8572923206605203,0.0,0.8396226647385419,1.0,0.23265514052190397
backbone_denovo,RAPCID_backbone_rapcid_backbone_189_model_2,/scratch/a2149a01/RAPCID_2610_output/ligandmpnn_inputs/backbone_denovo/RAPCID_backbone_rapcid_backbone_189_model_2.pdb,/scratch/a2149a01/RAPCID_2610_output/ligandmpnn/seqs/RAPCID_backbone_rapcid_backbone_189_model_2.fa,1040.6373414695263,708.2341909706593,0.31942266268233954,0.2037037037037037,0.25925925925925924,0.637664261030536,0.0,0.8390329520308105,0.0,0.994845332710244,1.0,0.23355501302186762
backbone_long,RAPCID_backbone_rapcid_backbone_43_model_3,/scratch/a2149a01/RAPCID_2610_output/ligandmpnn_inputs/backbone_long/RAPCID_backbone_rapcid_backbone_43_model_3.pdb,/scratch/a2149a01/RAPCID_2610_output/ligandmpnn/seqs/RAPCID_backbone_rapcid_backbone_43_model_3.fa,1040.0521447360516,707.9920134842396,0.3192725796802077,0.2222222222222222,0.2962962962962963,0.5875128516857671,0.14285714285714285,0.7949538712100873,0.0,0.8230088045336107,1.0,0.24367266085609346
backbone_long,RAPCID_backbone_rapcid_backbone_34_model_6,/scratch/a2149a01/RAPCID_2610_output/ligandmpnn_inputs/backbone_long/RAPCID_backbone_rapcid_backbone_34_model_6.pdb,/scratch/a2149a01/RAPCID_2610_output/ligandmpnn/seqs/RAPCID_backbone_rapcid_backbone_34_model_6.fa,1039.9278602451086,707.9203622639179,0.3192601243541425,0.18518518518518517,0.25925925925925924,0.6027297136907804,0.0,0.7571926919500175,0.5,0.5679611603525605,0.5,0.2288522411445493
backbone_denovo,RAPCID_backbone_rapcid_backbone_146_model_7,/scratch/a2149a01/RAPCID_2610_output/ligandmpnn_inputs/backbone_denovo/RAPCID_backbone_rapcid_backbone_146_model_7.pdb,/scratch/a2149a01/RAPCID_2610_output/ligandmpnn/seqs/RAPCID_backbone_rapcid_backbone_146_model_7.fa,1039.1335251927376,707.4703020304441,0.31917286385383137,0.21428571428571427,0.3333333333333333,0.5518572323047458,0.0,0.9014084535920995,0.0,1.0,1.0,0.2471992173056527
backbone_denovo,RAPCID_backbone_rapcid_backbone_200_model_7,/scratch/a2149a01/RAPCID_2610_output/ligandmpnn_inputs/backbone_denovo/RAPCID_backbone_rapcid_backbone_200_model_7.pdb,/scratch/a2149a01/RAPCID_2610_output/ligandmpnn/seqs/RAPCID_backbone_rapcid_backbone_200_model_7.fa,1042.5024664998055,709.9638270139694,0.3189811536871775,0.19642857142857142,0.2962962962962963,0.59043033215256,0.0,0.9146290311830265,0.0,1.0,1.0,0.23709310646081716
backbone_denovo,RAPCID_backbone_rapcid_backbone_29_model_4,/scratch/a2149a01/RAPCID_2610_output/ligandmpnn_inputs/backbone_denovo/RAPCID_backbone_rapcid_backbone_29_model_4.pdb,/scratch/a2149a01/RAPCID_2610_output/ligandmpnn/seqs/RAPCID_backbone_rapcid_backbone_29_model_4.fa,1039.6022365540266,708.0126845389605,0.3189580979684954,0.18181818181818182,0.2222222222222222,0.6245998023388145,0.14285714285714285,0.7985805286300396,0.0,1.0,1.0,0.2223190228737017
backbone_denovo,RAPCID_backbone_rapcid_backbone_163_model_0,/scratch/a2149a01/RAPCID_2610_output/ligandmpnn_inputs/backbone_denovo/RAPCID_backbone_rapcid_backbone_163_model_0.pdb,/scratch/a2149a01/RAPCID_2610_output/ligandmpnn/seqs/RAPCID_backbone_rapcid_backbone_163_model_0.fa,1045.2416070401669,712.0301182866096,0.31878896372784027,0.26785714285714285,0.3333333333333333,0.5904020215147764,0.14285714285714285,0.7708813160680558,0.0,0.641025657775217,0.5,0.26041931939181384
backbone_denovo,RAPCID_backbone_rapcid_backbone_7_model_2,/scratch/a2149a01/RAPCID_2610_output/ligandmpnn_inputs/backbone_denovo/RAPCID_backbone_rapcid_backbone_7_model_2.pdb,/scratch/a2149a01/RAPCID_2610_output/ligandmpnn/seqs/RAPCID_backbone_rapcid_backbone_7_model_2.fa,1037.7289652377367,706.9560829401016,0.3187468918937396,0.18181818181818182,0.25925925925925924,0.5519346813629544,0.0,0.8537795190733722,0.0,1.0,1.0,0.22777953569561718
backbone_denovo,RAPCID_backbone_rapcid_backbone_139_model_2,/scratch/a2149a01/RAPCID_2610_output/ligandmpnn_inputs/backbone_denovo/RAPCID_backbone_rapcid_backbone_139_model_2.pdb,/scratch/a2149a01/RAPCID_2610_output/ligandmpnn/seqs/RAPCID_backbone_rapcid_backbone_139_model_2.fa,1038.9614838957787,708.1917387992144,0.31836574331541323,0.32142857142857145,0.25925925925925924,0.6805921829862484,0.14285714285714285,0.7840736166821756,0.0,0.8625000220020902,1.0,0.2625106162379677
backbone_long,RAPCID_backbone_rapcid_backbone_115_model_5,/scratch/a2149a01/RAPCID_2610_output/ligandmpnn_inputs/backbone_long/RAPCID_backbone_rapcid_backbone_115_model_5.pdb,/scratch/a2149a01/RAPCID_2610_output/ligandmpnn/seqs/RAPCID_backbone_rapcid_backbone_115_model_5.fa,1041.263836801052,709.8250542134047,0.3183043248730182,0.19642857142857142,0.2962962962962963,0.5773197430102589,0.14285714285714285,0.8354250705007834,0.0,0.8279569978111005,1.0,0.23678853349444545
backbone_denovo,RAPCID_backbone_rapcid_backbone_115_model_7,/scratch/a2149a01/RAPCID_2610_output/ligandmpnn_inputs/backbone_denovo/RAPCID_backbone_rapcid_backbone_115_model_7.pdb,/scratch/a2149a01/RAPCID_2610_output/ligandmpnn/seqs/RAPCID_backbone_rapcid_backbone_115_model_7.fa,1041.0645203441381,709.9750093221664,0.31802977101988406,0.2727272727272727,0.3333333333333333,0.5664395303313143,0.14285714285714285,0.8875379934416847,0.0,1.0,1.0,0.26129521514076604
backbone_denovo,RAPCID_backbone_rapcid_backbone_249_model_5,/scratch/a2149a01/RAPCID_2610_output/ligandmpnn_inputs/backbone_denovo/RAPCID_backbone_rapcid_backbone_249_model_5.pdb,/scratch/a2149a01/RAPCID_2610_output/ligandmpnn/seqs/RAPCID_backbone_rapcid_backbone_249_model_5.fa,1038.3023531585932,708.1885611265898,0.31793609157079594,0.16071428571428573,0.2962962962962963,0.5402904608694139,0.0,0.9128958245339944,0.0,0.9659090172178867,1.0,0.22769425707987406
backbone_long,RAPCID_backbone_rapcid_backbone_151_model_6,/scratch/a2149a01/RAPCID_2610_output/ligandmpnn_inputs/backbone_long/RAPCID_backbone_rapcid_backbone_151_model_6.pdb,/scratch/a2149a01/RAPCID_2610_output/ligandmpnn/seqs/RAPCID_backbone_rapcid_backbone_151_model_6.fa,1044.7282166332006,712.5886998474598,0.31791954261186905,0.21052631578947367,0.25925925925925924,0.5696827659843833,0.14285714285714285,0.840898046573457,0.0,0.8473684105007702,1.0,0.23458426201159838
backbone_denovo,RAPCID_backbone_rapcid_backbone_18_model_1,/scratch/a2149a01/RAPCID_2610_output/ligandmpnn_inputs/backbone_denovo/RAPCID_backbone_rapcid_backbone_18_model_1.pdb,/scratch/a2149a01/RAPCID_2610_output/ligandmpnn/seqs/RAPCID_backbone_rapcid_backbone_18_model_1.fa,1040.3829977214336,709.713961660862,0.3178339484447338,0.26785714285714285,0.25925925925925924,0.6674436889012475,0.0,0.9053048514099095,0.0,1.0,1.0,0.2488784514033048
backbone_denovo,RAPCID_backbone_rapcid_backbone_237_model_2,/scratch/a2149a01/RAPCID_2610_output/ligandmpnn_inputs/backbone_denovo/RAPCID_backbone_rapcid_backbone_237_model_2.pdb,/scratch/a2149a01/RAPCID_2610_output/ligandmpnn/seqs/RAPCID_backbone_rapcid_backbone_237_model_2.fa,1038.0815004557371,708.2209136635065,0.31775981620654603,0.2545454545454545,0.2962962962962963,0.6235322946897806,0.14285714285714285,0.855907854812026,0.0,1.0,1.0,0.2510727253737538
backbone_long,RAPCID_backbone_rapcid_backbone_154_model_2,/scratch/a2149a01/RAPCID_2610_output/ligandmpnn_inputs/backbone_long/RAPCID_backbone_rapcid_backbone_154_model_2.pdb,/scratch/a2149a01/RAPCID_2610_output/ligandmpnn/seqs/RAPCID_backbone_rapcid_backbone_154_model_2.fa,1040.0521447360516,709.6465837061405,0.3176817265385887,0.2037037037037037,0.25925925925925924,0.609273559451397,0.14285714285714285,0.8097255809186015,0.0,0.9336282743888202,1.0,0.23277159175717976
backbone_long,RAPCID_backbone_rapcid_backbone_61_model_7,/scratch/a2149a01/RAPCID_2610_output/ligandmpnn_inputs/backbone_long/RAPCID_backbone_rapcid_backbone_61_model_7.pdb,/scratch/a2149a01/RAPCID_2610_output/ligandmpnn/seqs/RAPCID_backbone_rapcid_backbone_61_model_7.fa,1041.38606120646,710.6285183280706,0.31761280009375414,0.23214285714285715,0.3333333333333333,0.6029872628640616,0.2857142857142857,0.7084179338136462,0.0,0.7289719629248893,0.5,0.25096147432790367
backbone,RAPCID_backbone_rapcid_backbone_89_model_6,/scratch/a2149a01/RAPCID_2610_output/ligandmpnn_inputs/backbone/RAPCID_backbone_rapcid_backbone_89_model_6.pdb,/scratch/a2149a01/RAPCID_2610_output/ligandmpnn/seqs/RAPCID_backbone_rapcid_backbone_89_model_6.fa,1036.4461232870817,707.3361268490553,0.3175370036546197,0.16666666666666666,0.2222222222222222,0.6095391974507378,0.0,0.8125266057359953,0.0,0.8224299237938006,1.0,0.21789165164457885
backbone_denovo,RAPCID_backbone_rapcid_backbone_60_model_3,/scratch/a2149a01/RAPCID_2610_output/ligandmpnn_inputs/backbone_denovo/RAPCID_backbone_rapcid_backbone_60_model_3.pdb,/scratch/a2149a01/RAPCID_2610_output/ligandmpnn/seqs/RAPCID_backbone_rapcid_backbone_60_model_3.fa,1039.4850553423166,709.5325876027346,0.31741915484386085,0.19642857142857142,0.2962962962962963,0.6087973542039954,0.0,0.8650653766689212,0.0,1.0,1.0,0.23639020698132468
backbone,RAPCID_backbone_rapcid_backbone_143_model_2,/scratch/a2149a01/RAPCID_2610_output/ligandmpnn_inputs/backbone/RAPCID_backbone_rapcid_backbone_143_model_2.pdb,/scratch/a2149a01/RAPCID_2610_output/ligandmpnn/seqs/RAPCID_backbone_rapcid_backbone_143_model_2.fa,1035.6238827556372,707.3946056216955,0.3169386903868745,0.2037037037037037,0.2962962962962963,0.5853217979332856,0.0,0.8268685328192984,0.0,0.9532710360471217,1.0,0.23799278104446392
backbone,RAPCID_backbone_rapcid_backbone_69_model_6,/scratch/a2149a01/RAPCID_2610_output/ligandmpnn_inputs/backbone/RAPCID_backbone_rapcid_backbone_69_model_6.pdb,/scratch/a2149a01/RAPCID_2610_output/ligandmpnn/seqs/RAPCID_backbone_rapcid_backbone_69_model_6.fa,1044.7282166332006,713.624677926302,0.31692791812777055,0.21052631578947367,0.2962962962962963,0.5672550315328363,0.0,0.9027323398776588,0.0,0.9315789106323108,1.0,0.2396935865493096
backbone_long,RAPCID_backbone_rapcid_backbone_111_model_1,/scratch/a2149a01/RAPCID_2610_output/ligandmpnn_inputs/backbone_long/RAPCID_backbone_rapcid_backbone_111_model_1.pdb,/scratch/a2149a01/RAPCID_2610_output/ligandmpnn/seqs/RAPCID_backbone_rapcid_backbone_111_model_1.fa,1042.0449339598417,711.8506338000298,0.3168714605281474,0.2222222222222222,0.2222222222222222,0.6182187649725202,0.14285714285714285,0.772202493450446,0.0,0.6261682306914529,0.5,0.2314810461265552
backbone_denovo,RAPCID_backbone_rapcid_backbone_10_model_5,/scratch/a2149a01/RAPCID_2610_output/ligandmpnn_inputs/backbone_denovo/RAPCID_backbone_rapcid_backbone_10_model_5.pdb,/scratch/a2149a01/RAPCID_2610_output/ligandmpnn/seqs/RAPCID_backbone_rapcid_backbone_10_model_5.fa,1041.359376192093,711.4412939995527,0.3168148189138523,0.26785714285714285,0.2962962962962963,0.5785931631336516,0.14285714285714285,0.8193067597623243,0.5,0.5124999997104989,0.5,0.2539753986699637
backbone_denovo,RAPCID_backbone_rapcid_backbone_166_model_3,/scratch/a2149a01/RAPCID_2610_output/ligandmpnn_inputs/backbone_denovo/RAPCID_backbone_rapcid_backbone_166_model_3.pdb,/scratch/a2149a01/RAPCID_2610_output/ligandmpnn/seqs/RAPCID_backbone_rapcid_backbone_166_model_3.fa,1040.6138427257538,711.1760475486517,0.31658025451034,0.17857142857142858,0.25925925925925924,0.5869656244542486,0.0,0.8954471073013419,0.0,1.0,1.0,0.22599286056139906
backbone_denovo,RAPCID_backbone_rapcid_backbone_141_model_0,/scratch/a2149a01/RAPCID_2610_output/ligandmpnn_inputs/backbone_denovo/RAPCID_backbone_rapcid_backbone_141_model_0.pdb,/scratch/a2149a01/RAPCID_2610_output/ligandmpnn/seqs/RAPCID_backbone_rapcid_backbone_141_model_0.fa,1039.7174626290798,710.6610792428255,0.3164863486607087,0.2545454545454545,0.25925925925925924,0.6515540914550932,0.14285714285714285,0.7900487614063104,0.0,1.0,1.0,0.24494410942257144
backbone_denovo,RAPCID_backbone_rapcid_backbone_23_model_0,/scratch/a2149a01/RAPCID_2610_output/ligandmpnn_inputs/backbone_denovo/RAPCID_backbone_rapcid_backbone_23_model_0.pdb,/scratch/a2149a01/RAPCID_2610_output/ligandmpnn/seqs/RAPCID_backbone_rapcid_backbone_23_model_0.fa,1040.6373414695263,711.3178735375404,0.31645939926289834,0.2037037037037037,0.2962962962962963,0.6126629306463075,0.14285714285714285,0.8040326762013016,0.0,0.8170731756916327,1.0,0.23777710003867464
backbone_long,RAPCID_backbone_rapcid_backbone_134_model_1,/scratch/a2149a01/RAPCID_2610_output/ligandmpnn_inputs/backbone_long/RAPCID_backbone_rapcid_backbone_134_model_1.pdb,/scratch/a2149a01/RAPCID_2610_output/ligandmpnn/seqs/RAPCID_backbone_rapcid_backbone_134_model_1.fa,1038.1138966232538,709.6033706665039,0.3164494060096096,0.21428571428571427,0.3333333333333333,0.5933315516363047,0.14285714285714285,0.7971351265019572,0.0,0.8084112214226753,1.0,0.24597366127575288
backbone,RAPCID_backbone_rapcid_backbone_66_model_1,/scratch/a2149a01/RAPCID_2610_output/ligandmpnn_inputs/backbone/RAPCID_backbone_rapcid_backbone_66_model_1.pdb,/scratch/a2149a01/RAPCID_2610_output/ligandmpnn/seqs/RAPCID_backbone_rapcid_backbone_66_model_1.fa,1042.416189700365,712.8064352869987,0.31619784657038974,0.21428571428571427,0.2962962962962963,0.5854139747619809,0.14285714285714285,0.7988233340912977,0.0,0.835051555763252,1.0,0.2403049039725484
backbone_denovo,RAPCID_backbone_rapcid_backbone_170_model_2,/scratch/a2149a01/RAPCID_2610_output/ligandmpnn_inputs/backbone_denovo/RAPCID_backbone_rapcid_backbone_170_model_2.pdb,/scratch/a2149a01/RAPCID_2610_output/ligandmpnn/seqs/RAPCID_backbone_rapcid_backbone_170_model_2.fa,1040.1116587221622,711.45582921803,0.31598129561195876,0.2962962962962963,0.3333333333333333,0.6394129446440154,0.0,0.853233423594102,0.0,1.0,1.0,0.26626565709945554
backbone_long,RAPCID_backbone_rapcid_backbone_219_model_2,/scratch/a2149a01/RAPCID_2610_output/ligandmpnn_inputs/backbone_long/RAPCID_backbone_rapcid_backbone_219_model_2.pdb,/scratch/a2149a01/RAPCID_2610_output/ligandmpnn/seqs/RAPCID_backbone_rapcid_backbone_219_model_2.fa,1038.5478457212448,710.4624098539352,0.31590786810545324,0.2037037037037037,0.3333333333333333,0.5877563355916192,0.0,0.8519967961679255,0.0,0.8659793776946992,1.0,0.24308446657337987
backbone_long,RAPCID_backbone_rapcid_backbone_23_model_1,/scratch/a2149a01/RAPCID_2610_output/ligandmpnn_inputs/backbone_long/RAPCID_backbone_rapcid_backbone_23_model_1.pdb,/scratch/a2149a01/RAPCID_2610_output/ligandmpnn/seqs/RAPCID_backbone_rapcid_backbone_23_model_1.fa,1042.6423090845346,713.3792550265789,0.31579675137781116,0.17857142857142858,0.2222222222222222,0.5858952937336775,0.14285714285714285,0.8318853881744361,0.0,0.8141592619273839,1.0,0.2200847285962055
backbone_denovo,RAPCID_backbone_rapcid_backbone_13_model_0,/scratch/a2149a01/RAPCID_2610_output/ligandmpnn_inputs/backbone_denovo/RAPCID_backbone_rapcid_backbone_13_model_0.pdb,/scratch/a2149a01/RAPCID_2610_output/ligandmpnn/seqs/RAPCID_backbone_rapcid_backbone_13_model_0.fa,1041.0645203441381,712.4550349861383,0.31564756932584104,0.3090909090909091,0.4444444444444444,0.5638428976078775,0.0,0.891862612895442,0.0,0.7874999918939668,1.0,0.2859808001360224
backbone_long,RAPCID_backbone_rapcid_backbone_100_model_2,/scratch/a2149a01/RAPCID_2610_output/ligandmpnn_inputs/backbone_long/RAPCID_backbone_rapcid_backbone_100_model_2.pdb,/scratch/a2149a01/RAPCID_2610_output/ligandmpnn/seqs/RAPCID_backbone_rapcid_backbone_100_model_2.fa,1044.716412499547,715.1644879579544,0.31544629776909483,0.21052631578947367,0.2962962962962963,0.6059638347401025,0.0,0.7642637524473788,0.0,0.718814451825777,1.0,0.23902685738790552
backbone_long,RAPCID_backbone_rapcid_backbone_10_model_7,/scratch/a2149a01/RAPCID_2610_output/ligandmpnn_inputs/backbone_long/RAPCID_backbone_rapcid_backbone_10_model_7.pdb,/scratch/a2149a01/RAPCID_2610_output/ligandmpnn/seqs/RAPCID_backbone_rapcid_backbone_10_model_7.fa,1041.38606120646,712.9099019467831,0.3154220816813438,0.17857142857142858,0.2962962962962963,0.5731231306763432,0.14285714285714285,0.842554786252928,0.0,0.9252336642680258,1.0,0.23102723834390632
backbone_long,RAPCID_backbone_rapcid_backbone_197_model_2,/scratch/a2149a01/RAPCID_2610_output/ligandmpnn_inputs/backbone_long/RAPCID_backbone_rapcid_backbone_197_model_2.pdb,/scratch/a2149a01/RAPCID_2610_output/ligandmpnn/seqs/RAPCID_backbone_rapcid_backbone_197_model_2.fa,1039.7949898391962,711.9622731655836,0.3152859168174217,0.2,0.3333333333333333,0.57258099368639,0.14285714285714285,0.8678050021840819,0.0,0.8750000459252306,1.0,0.24187866256783974
backbone_long,RAPCID_backbone_rapcid_backbone_50_model_2,/scratch/a2149a01/RAPCID_2610_output/ligandmpnn_inputs/backbone_long/RAPCID_backbone_rapcid_backbone_50_model_2.pdb,/scratch/a2149a01/RAPCID_2610_output/ligandmpnn/seqs/RAPCID_backbone_rapcid_backbone_50_model_2.fa,1036.4461232870817,709.6954621374607,0.31526063324288733,0.25925925925925924,0.3333333333333333,0.5721240842219091,0.14285714285714285,0.8111709790028632,0.0,0.8130841112253321,1.0,0.2566820997741141
backbone_denovo,RAPCID_backbone_rapcid_backbone_174_model_0,/scratch/a2149a01/RAPCID_2610_output/ligandmpnn_inputs/backbone_denovo/RAPCID_backbone_rapcid_backbone_174_model_0.pdb,/scratch/a2149a01/RAPCID_2610_output/ligandmpnn/seqs/RAPCID_backbone_rapcid_backbone_174_model_0.fa,1038.320666000247,711.0623619556427,0.31518038189998465,0.21818181818181817,0.3333333333333333,0.560925591198762,0.0,0.9377668838802664,0.0,1.0,1.0,0.24637662640044763
backbone_long,RAPCID_backbone_rapcid_backbone_135_model_0,/scratch/a2149a01/RAPCID_2610_output/ligandmpnn_inputs/backbone_long/RAPCID_backbone_rapcid_backbone_135_model_0.pdb,/scratch/a2149a01/RAPCID_2610_output/ligandmpnn/seqs/RAPCID_backbone_rapcid_backbone_135_model_0.fa,1040.2395536452532,712.4042470008135,0.315153663880233,0.21818181818181817,0.2962962962962963,0.5745871660183979,0.14285714285714285,0.8343882121956204,0.0,0.844339605062725,1.0,0.24080904773600387
backbone,RAPCID_backbone_rapcid_backbone_228_model_2,/scratch/a2149a01/RAPCID_2610_output/ligandmpnn_inputs/backbone/RAPCID_backbone_rapcid_backbone_228_model_2.pdb,/scratch/a2149a01/RAPCID_2610_output/ligandmpnn/seqs/RAPCID_backbone_rapcid_backbone_228_model_2.fa,1044.7282166332006,715.6935982108116,0.31494757505713245,0.17543859649122806,0.2222222222222222,0.5968049242953692,0.14285714285714285,0.7972375537961535,0.0,0.7789473582600008,1.0,0.21891939123184995
backbone,RAPCID_backbone_rapcid_backbone_60_model_0,/scratch/a2149a01/RAPCID_2610_output/ligandmpnn_inputs/backbone/RAPCID_backbone_rapcid_backbone_60_model_0.pdb,/scratch/a2149a01/RAPCID_2610_output/ligandmpnn/seqs/RAPCID_backbone_rapcid_backbone_60_model_0.fa,1043.5621676295996,714.8958723545074,0.3149465412507637,0.19298245614035087,0.2962962962962963,0.5763293076532523,0.14285714285714285,0.8517036711151237,0.0,0.7736841903996171,1.0,0.23441600204237584
backbone,RAPCID_backbone_rapcid_backbone_184_model_7,/scratch/a2149a01/RAPCID_2610_output/ligandmpnn_inputs/backbone/RAPCID_backbone_rapcid_backbone_184_model_7.pdb,/scratch/a2149a01/RAPCID_2610_output/ligandmpnn/seqs/RAPCID_backbone_rapcid_backbone_184_model_7.fa,1035.6238827556372,710.4185820966959,0.31401873409255454,0.18518518518518517,0.2222222222222222,0.6218358697571441,0.14285714285714285,0.8128731891047423,0.0,0.6775701091693542,0.5,0.2209380599712792
backbone,RAPCID_backbone_rapcid_backbone_156_model_0,/scratch/a2149a01/RAPCID_2610_output/ligandmpnn_inputs/backbone/RAPCID_backbone_rapcid_backbone_156_model_0.pdb,/scratch/a2149a01/RAPCID_2610_output/ligandmpnn/seqs/RAPCID_backbone_rapcid_backbone_156_model_0.fa,1042.7543054372072,715.3326717764139,0.313996913705872,0.18181818181818182,0.2222222222222222,0.5914983065461092,0.14285714285714285,0.8084419599005173,0.0,0.7577319645732162,1.0,0.22008648995552121
backbone_denovo,RAPCID_backbone_rapcid_backbone_37_model_0,/scratch/a2149a01/RAPCID_2610_output/ligandmpnn_inputs/backbone_denovo/RAPCID_backbone_rapcid_backbone_37_model_0.pdb,/scratch/a2149a01/RAPCID_2610_output/ligandmpnn/seqs/RAPCID_backbone_rapcid_backbone_37_model_0.fa,1041.6269612163305,714.5639489144087,0.3139924603334031,0.19642857142857142,0.25925925925925924,0.6226757678985139,0.0,0.7964731015468026,0.0,0.9069767341654537,1.0,0.22929263889606313
backbone_long,RAPCID_backbone_rapcid_backbone_227_model_4,/scratch/a2149a01/RAPCID_2610_output/ligandmpnn_inputs/backbone_long/RAPCID_backbone_rapcid_backbone_227_model_4.pdb,/scratch/a2149a01/RAPCID_2610_output/ligandmpnn/seqs/RAPCID_backbone_rapcid_backbone_227_model_4.fa,1038.1138966232538,712.2703766226768,0.313880318007948,0.17857142857142858,0.25925925925925924,0.5876721879953662,0.0,0.847463873128081,0.0,0.7429906488144373,0.5,0.22477788913532265
backbone_denovo,RAPCID_backbone_rapcid_backbone_115_model_4,/scratch/a2149a01/RAPCID_2610_output/ligandmpnn_inputs/backbone_denovo/RAPCID_backbone_rapcid_backbone_115_model_4.pdb,/scratch/a2149a01/RAPCID_2610_output/ligandmpnn/seqs/RAPCID_backbone_rapcid_backbone_115_model_4.fa,1041.0645203441381,714.5017901659012,0.31368154787398494,0.2909090909090909,0.25925925925925924,0.663190836584022,0.0,0.7998242938988099,0.0,0.8323453523963247,1.0,0.2527728581594548
backbone,RAPCID_backbone_rapcid_backbone_223_model_4,/scratch/a2149a01/RAPCID_2610_output/ligandmpnn_inputs/backbone/RAPCID_backbone_rapcid_backbone_223_model_4.pdb,/scratch/a2149a01/RAPCID_2610_output/ligandmpnn/seqs/RAPCID_backbone_rapcid_backbone_223_model_4.fa,1044.3158884495497,716.9033052772284,0.3135187224417475,0.21052631578947367,0.25925925925925924,0.5888656895932483,0.14285714285714285,0.8412636362335194,0.0,0.8105263097319235,1.0,0.2326038929350437
backbone_denovo,RAPCID_backbone_rapcid_backbone_153_model_5,/scratch/a2149a01/RAPCID_2610_output/ligandmpnn_inputs/backbone_denovo/RAPCID_backbone_rapcid_backbone_153_model_5.pdb,/scratch/a2149a01/RAPCID_2610_output/ligandmpnn/seqs/RAPCID_backbone_rapcid_backbone_153_model_5.fa,1042.8094889819622,715.9869572371244,0.31340579002967905,0.21428571428571427,0.3333333333333333,0.6019998742315313,0.0,0.901241373755365,0.0,1.0,1.0,0.24460403408478415
backbone_denovo,RAPCID_backbone_rapcid_backbone_177_model_0,/scratch/a2149a01/RAPCID_2610_output/ligandmpnn_inputs/backbone_denovo/RAPCID_backbone_rapcid_backbone_177_model_0.pdb,/scratch/a2149a01/RAPCID_2610_output/ligandmpnn/seqs/RAPCID_backbone_rapcid_backbone_177_model_0.fa,1043.5674308538437,716.5734803676605,0.3133424260075247,0.17857142857142858,0.2222222222222222,0.6433803578893499,0.14285714285714285,0.7795551465541385,0.0,1.0,1.0,0.2189802821795766
backbone_long,RAPCID_backbone_rapcid_backbone_61_model_1,/scratch/a2149a01/RAPCID_2610_output/ligandmpnn_inputs/backbone_long/RAPCID_backbone_rapcid_backbone_61_model_1.pdb,/scratch/a2149a01/RAPCID_2610_output/ligandmpnn/seqs/RAPCID_backbone_rapcid_backbone_61_model_1.fa,1041.38606120646,715.1475826650858,0.31327332935820407,0.10714285714285714,0.18518518518518517,0.5914431409848306,0.0,0.9613000732448105,0.0,1.0,1.0,0.1955364902746839
backbone_denovo,RAPCID_backbone_rapcid_backbone_242_model_5,/scratch/a2149a01/RAPCID_2610_output/ligandmpnn_inputs/backbone_denovo/RAPCID_backbone_rapcid_backbone_242_model_5.pdb,/scratch/a2149a01/RAPCID_2610_output/ligandmpnn/seqs/RAPCID_backbone_rapcid_backbone_242_model_5.fa,1043.7515564411879,716.873630091548,0.31317598937449675,0.23636363636363636,0.18518518518518517,0.698006987563105,0.14285714285714285,0.7801339259881346,0.0,1.0,1.0,0.2277978820872104
backbone_long,RAPCID_backbone_rapcid_backbone_75_model_0,/scratch/a2149a01/RAPCID_2610_output/ligandmpnn_inputs/backbone_long/RAPCID_backbone_rapcid_backbone_75_model_0.pdb,/scratch/a2149a01/RAPCID_2610_output/ligandmpnn/seqs/RAPCID_backbone_rapcid_backbone_75_model_0.fa,1039.0586096346378,713.7424020171165,0.31308744723448434,0.14814814814814814,0.2222222222222222,0.6293508957237968,0.0,0.7831201225256753,0.0,0.8317757033991144,1.0,0.21125972162588832
backbone_long,RAPCID_backbone_rapcid_backbone_82_model_4,/scratch/a2149a01/RAPCID_2610_output/ligandmpnn_inputs/backbone_long/RAPCID_backbone_rapcid_backbone_82_model_4.pdb,/scratch/a2149a01/RAPCID_2610_output/ligandmpnn/seqs/RAPCID_backbone_rapcid_backbone_82_model_4.fa,1043.2813202440739,716.6502966433764,0.3130804867897786,0.23214285714285715,0.2962962962962963,0.5698766672415688,0.14285714285714285,0.8468370068043434,0.0,1.0,1.0,0.24336637778555914
backbone,RAPCID_backbone_rapcid_backbone_227_model_6,/scratch/a2149a01/RAPCID_2610_output/ligandmpnn_inputs/backbone/RAPCID_backbone_rapcid_backbone_227_model_6.pdb,/scratch/a2149a01/RAPCID_2610_output/ligandmpnn/seqs/RAPCID_backbone_rapcid_backbone_227_model_6.fa,1042.0449339598417,716.0983456224203,0.3127951374407648,0.2222222222222222,0.3333333333333333,0.6107815999628824,0.14285714285714285,0.7676725224286074,0.0,0.7663551472724539,1.0,0.24631336740389972
backbone,RAPCID_backbone_rapcid_backbone_110_model_6,/scratch/a2149a01/RAPCID_2610_output/ligandmpnn_inputs/backbone/RAPCID_backbone_rapcid_backbone_110_model_6.pdb,/scratch/a2149a01/RAPCID_2610_output/ligandmpnn/seqs/RAPCID_backbone_rapcid_backbone_110_model_6.fa,1044.716412499547,717.937227204442,0.3127922385303262,0.22807017543859648,0.2962962962962963,0.6061073070141696,0.14285714285714285,0.7858142058611298,0.0,0.8556701158380227,1.0,0.2422184956427404
backbone_denovo,RAPCID_backbone_rapcid_backbone_153_model_3,/scratch/a2149a01/RAPCID_2610_output/ligandmpnn_inputs/backbone_denovo/RAPCID_backbone_rapcid_backbone_153_model_3.pdb,/scratch/a2149a01/RAPCID_2610_output/ligandmpnn/seqs/RAPCID_backbone_rapcid_backbone_153_model_3.fa,1042.8094889819622,716.7195746600628,0.312703248069063,0.21428571428571427,0.3333333333333333,0.598247507302399,0.0,0.838043445133218,0.0,1.0,1.0,0.24428789020250694
backbone_denovo,RAPCID_backbone_rapcid_backbone_16_model_2,/scratch/a2149a01/RAPCID_2610_output/ligandmpnn_inputs/backbone_denovo/RAPCID_backbone_rapcid_backbone_16_model_2.pdb,/scratch/a2149a01/RAPCID_2610_output/ligandmpnn/seqs/RAPCID_backbone_rapcid_backbone_16_model_2.fa,1043.7515564411879,717.5069625377655,0.31256920470212035,0.18181818181818182,0.2222222222222222,0.6709629376156901,0.0,0.8399372242607227,0.0,1.0,1.0,0.21944402090383297
backbone_denovo,RAPCID_backbone_rapcid_backbone_151_model_4,/scratch/a2149a01/RAPCID_2610_output/ligandmpnn_inputs/backbone_denovo/RAPCID_backbone_rapcid_backbone_151_model_4.pdb,/scratch/a2149a01/RAPCID_2610_output/ligandmpnn/seqs/RAPCID_backbone_rapcid_backbone_151_model_4.fa,1038.0815004557371,713.7580810934305,0.3124257769933503,0.2545454545454545,0.25925925925925924,0.6779291259483448,0.0,0.7454907992900505,0.5,0.6097561036231067,0.5,0.24311685217226014
backbone_long,RAPCID_backbone_rapcid_backbone_179_model_1,/scratch/a2149a01/RAPCID_2610_output/ligandmpnn_inputs/backbone_long/RAPCID_backbone_rapcid_backbone_179_model_1.pdb,/scratch/a2149a01/RAPCID_2610_output/ligandmpnn/seqs/RAPCID_backbone_rapcid_backbone_179_model_1.fa,1038.045450091362,713.9512687623501,0.3122157910335114,0.18518518518518517,0.2962962962962963,0.5826170164312209,0.14285714285714285,0.81567888954548,0.0,0.8053097193211569,1.0,0.23123784670582087
backbone_denovo,RAPCID_backbone_rapcid_backbone_226_model_7,/scratch/a2149a01/RAPCID_2610_output/ligandmpnn_inputs/backbone_denovo/RAPCID_backbone_rapcid_backbone_226_model_7.pdb,/scratch/a2149a01/RAPCID_2610_output/ligandmpnn/seqs/RAPCID_backbone_rapcid_backbone_226_model_7.fa,1042.8094889819622,717.39411406219,0.31205639990623535,0.23214285714285715,0.2962962962962963,0.57977805112316,0.0,0.9190962461255694,0.0,1.0,1.0,0.24290553868796466
backbone_denovo,RAPCID_backbone_rapcid_backbone_42_model_5,/scratch/a2149a01/RAPCID_2610_output/ligandmpnn_inputs/backbone_denovo/RAPCID_backbone_rapcid_backbone_42_model_5.pdb,/scratch/a2149a01/RAPCID_2610_output/ligandmpnn/seqs/RAPCID_backbone_rapcid_backbone_42_model_5.fa,1040.5306161493063,715.885978192091,0.31199912133160324,0.22807017543859648,0.2962962962962963,0.6359461469681228,0.0,0.9083908784210803,0.0,1.0,1.0,0.24186159290331505
backbone_long,RAPCID_backbone_rapcid_backbone_76_model_5,/scratch/a2149a01/RAPCID_2610_output/ligandmpnn_inputs/backbone_long/RAPCID_backbone_rapcid_backbone_76_model_5.pdb,/scratch/a2149a01/RAPCID_2610_output/ligandmpnn/seqs/RAPCID_backbone_rapcid_backbone_76_model_5.fa,1041.38606120646,716.495389431715,0.31197908621741555,0.23214285714285715,0.3333333333333333,0.5929876474892497,0.14285714285714285,0.8585007966211107,0.0,0.841121483004428,1.0,0.2484263030835513
backbone_long,RAPCID_backbone_rapcid_backbone_112_model_1,/scratch/a2149a01/RAPCID_2610_output/ligandmpnn_inputs/backbone_long/RAPCID_backbone_rapcid_backbone_112_model_1.pdb,/scratch/a2149a01/RAPCID_2610_output/ligandmpnn/seqs/RAPCID_backbone_rapcid_backbone_112_model_1.fa,1036.4461232870817,713.2235850095749,0.31185657509375286,0.18518518518518517,0.25925925925925924,0.5982892210427072,0.0,0.8597718216048806,0.0,0.8037383316200184,1.0,0.22552064397737395
backbone,RAPCID_backbone_rapcid_backbone_93_model_3,/scratch/a2149a01/RAPCID_2610_output/ligandmpnn_inputs/backbone/RAPCID_backbone_rapcid_backbone_93_model_3.pdb,/scratch/a2149a01/RAPCID_2610_output/ligandmpnn/seqs/RAPCID_backbone_rapcid_backbone_93_model_3.fa,1039.6766591370106,715.4536615759134,0.31184983784306575,0.14814814814814814,0.2222222222222222,0.6333885025619514,0.14285714285714285,0.7787952173413515,0.5,0.5463917556230569,0.5,0.21070279739974995
backbone_denovo,RAPCID_backbone_rapcid_backbone_37_model_3,/scratch/a2149a01/RAPCID_2610_output/ligandmpnn_inputs/backbone_denovo/RAPCID_backbone_rapcid_backbone_37_model_3.pdb,/scratch/a2149a01/RAPCID_2610_output/ligandmpnn/seqs/RAPCID_backbone_rapcid_backbone_37_model_3.fa,1041.6269612163305,716.8170469850302,0.31182940373587553,0.26785714285714285,0.2962962962962963,0.6735739675659455,0.0,0.8054697930530258,0.0,1.0,1.0,0.2517319618398742
backbone,RAPCID_backbone_rapcid_backbone_242_model_5,/scratch/a2149a01/RAPCID_2610_output/ligandmpnn_inputs/backbone/RAPCID_backbone_rapcid_backbone_242_model_5.pdb,/scratch/a2149a01/RAPCID_2610_output/ligandmpnn/seqs/RAPCID_backbone_rapcid_backbone_242_model_5.fa,1041.905931726098,717.0676268190145,0.31177316014405687,0.12727272727272726,0.2222222222222222,0.6092150484556895,0.0,0.8158964073516896,0.0,0.9895833861473486,1.0,0.20544943721634074
backbone_long,RAPCID_backbone_rapcid_backbone_15_model_6,/scratch/a2149a01/RAPCID_2610_output/ligandmpnn_inputs/backbone_long/RAPCID_backbone_rapcid_backbone_15_model_6.pdb,/scratch/a2149a01/RAPCID_2610_output/ligandmpnn/seqs/RAPCID_backbone_rapcid_backbone_15_model_6.fa,1039.6045360267162,715.613987505436,0.3116478788747361,0.25925925925925924,0.3333333333333333,0.579251764667547,0.14285714285714285,0.8636692131952087,0.0,0.8247422575451577,1.0,0.25505636030844603
backbone,RAPCID_backbone_rapcid_backbone_64_model_7,/scratch/a2149a01/RAPCID_2610_output/ligandmpnn_inputs/backbone/RAPCID_backbone_rapcid_backbone_64_model_7.pdb,/scratch/a2149a01/RAPCID_2610_output/ligandmpnn/seqs/RAPCID_backbone_rapcid_backbone_64_model_7.fa,1040.1031655669212,716.1486546695232,0.31146382553390517,0.25,0.3333333333333333,0.5533398304914012,0.14285714285714285,0.8472777343825724,0.0,0.7850467394462362,1.0,0.2526587214902573
backbone,RAPCID_backbone_rapcid_backbone_24_model_3,/scratch/a2149a01/RAPCID_2610_output/ligandmpnn_inputs/backbone/RAPCID_backbone_rapcid_backbone_24_model_3.pdb,/scratch/a2149a01/RAPCID_2610_output/ligandmpnn/seqs/RAPCID_backbone_rapcid_backbone_24_model_3.fa,1042.0449339598417,717.5679392814636,0.3113848396588268,0.18518518518518517,0.2222222222222222,0.5972989629330892,0.14285714285714285,0.8337169298083769,0.0,0.8177570339911439,1.0,0.2197528074761017
backbone_denovo,RAPCID_backbone_rapcid_backbone_174_model_4,/scratch/a2149a01/RAPCID_2610_output/ligandmpnn_inputs/backbone_denovo/RAPCID_backbone_rapcid_backbone_174_model_4.pdb,/scratch/a2149a01/RAPCID_2610_output/ligandmpnn/seqs/RAPCID_backbone_rapcid_backbone_174_model_4.fa,1038.320666000247,715.0114450007677,0.3113770452483726,0.23636363636363636,0.2962962962962963,0.6053163335387718,0.0,0.8786186843398595,0.0,0.9766355509867157,1.0,0.24365502389712118
backbone_denovo,RAPCID_backbone_rapcid_backbone_188_model_7,/scratch/a2149a01/RAPCID_2610_output/ligandmpnn_inputs/backbone_denovo/RAPCID_backbone_rapcid_backbone_188_model_7.pdb,/scratch/a2149a01/RAPCID_2610_output/ligandmpnn/seqs/RAPCID_backbone_rapcid_backbone_188_model_7.fa,1038.320666000247,715.1445864886045,0.3112488175320258,0.16363636363636364,0.3333333333333333,0.6163398765016255,0.0,0.8270611939805047,0.0,1.0,1.0,0.23097105879850255
backbone_denovo,RAPCID_backbone_rapcid_backbone_99_model_1,/scratch/a2149a01/RAPCID_2610_output/ligandmpnn_inputs/backbone_denovo/RAPCID_backbone_rapcid_backbone_99_model_1.pdb,/scratch/a2149a01/RAPCID_2610_output/ligandmpnn/seqs/RAPCID_backbone_rapcid_backbone_99_model_1.fa,1040.5306161493063,716.7907652407885,0.3111295774328895,0.22807017543859648,0.18518518518518517,0.7163600748284663,0.14285714285714285,0.7561705434114228,0.0,0.8105263097319235,1.0,0.2248036314822272
backbone_long,RAPCID_backbone_rapcid_backbone_37_model_6,/scratch/a2149a01/RAPCID_2610_output/ligandmpnn_inputs/backbone_long/RAPCID_backbone_rapcid_backbone_37_model_6.pdb,/scratch/a2149a01/RAPCID_2610_output/ligandmpnn/seqs/RAPCID_backbone_rapcid_backbone_37_model_6.fa,1041.986244007945,717.8612565845251,0.3110645551103346,0.2037037037037037,0.25925925925925924,0.5887182369342296,0.14285714285714285,0.8316854540369109,0.0,0.8203883365486627,1.0,0.22979386461446538
backbone,RAPCID_backbone_rapcid_backbone_91_model_5,/scratch/a2149a01/RAPCID_2610_output/ligandmpnn_inputs/backbone/RAPCID_backbone_rapcid_backbone_91_model_5.pdb,/scratch/a2149a01/RAPCID_2610_output/ligandmpnn/seqs/RAPCID_backbone_rapcid_backbone_91_model_5.fa,1042.416189700365,718.4281734675169,0.3108048583991929,0.25,0.3333333333333333,0.5950834549993057,0.14285714285714285,0.7575769621969943,0.0,0.8814433068411316,1.0,0.2523621862796368
backbone_denovo,RAPCID_backbone_rapcid_backbone_175_model_5,/scratch/a2149a01/RAPCID_2610_output/ligandmpnn_inputs/backbone_denovo/RAPCID_backbone_rapcid_backbone_175_model_5.pdb,/scratch/a2149a01/RAPCID_2610_output/ligandmpnn/seqs/RAPCID_backbone_rapcid_backbone_175_model_5.fa,1041.3593517541885,717.7530676275492,0.31075371204139934,0.2222222222222222,0.3333333333333333,0.5817712770798806,0.0,0.9025287303114079,0.0,1.0,1.0,0.24539472597418524
backbone_denovo,RAPCID_backbone_rapcid_backbone_38_model_7,/scratch/a2149a01/RAPCID_2610_output/ligandmpnn_inputs/backbone_denovo/RAPCID_backbone_rapcid_backbone_38_model_7.pdb,/scratch/a2149a01/RAPCID_2610_output/ligandmpnn/seqs/RAPCID_backbone_rapcid_backbone_38_model_7.fa,1038.320666000247,715.7793679833412,0.3106374635298158,0.2727272727272727,0.2222222222222222,0.6455373523180877,0.14285714285714285,0.8188309116164556,0.0,0.8364486261649262,1.0,0.2413020101035686
backbone_long,RAPCID_backbone_rapcid_backbone_13_model_0,/scratch/a2149a01/RAPCID_2610_output/ligandmpnn_inputs/backbone_long/RAPCID_backbone_rapcid_backbone_13_model_0.pdb,/scratch/a2149a01/RAPCID_2610_output/ligandmpnn/seqs/RAPCID_backbone_rapcid_backbone_13_model_0.fa,1040.9532422423363,717.8098083287477,0.31043030637716196,0.21428571428571427,0.2962962962962963,0.6039269161847695,0.14285714285714285,0.8038880799142049,0.0,0.8539822972940916,1.0,0.2377095108855959
backbone_denovo,RAPCID_backbone_rapcid_backbone_207_model_6,/scratch/a2149a01/RAPCID_2610_output/ligandmpnn_inputs/backbone_denovo/RAPCID_backbone_rapcid_backbone_207_model_6.pdb,/scratch/a2149a01/RAPCID_2610_output/ligandmpnn/seqs/RAPCID_backbone_rapcid_backbone_207_model_6.fa,1041.813980102539,718.4564349204302,0.3103793492483974,0.30357142857142855,0.37037037037037035,0.6031376266108734,0.0,0.9297960289385188,0.0,0.9838709555079517,1.0,0.27111911986019155
backbone_denovo,RAPCID_backbone_rapcid_backbone_111_model_3,/scratch/a2149a01/RAPCID_2610_output/ligandmpnn_inputs/backbone_denovo/RAPCID_backbone_rapcid_backbone_111_model_3.pdb,/scratch/a2149a01/RAPCID_2610_output/ligandmpnn/seqs/RAPCID_backbone_rapcid_backbone_111_model_3.fa,1038.0815004557371,715.9773655682802,0.31028790585907484,0.2909090909090909,0.25925925925925924,0.6807412050906575,0.14285714285714285,0.8734693880251907,0.0,1.0,1.0,0.2512457192527453
backbone,RAPCID_backbone_rapcid_backbone_12_model_2,/scratch/a2149a01/RAPCID_2610_output/ligandmpnn_inputs/backbone/RAPCID_backbone_rapcid_backbone_12_model_2.pdb,/scratch/a2149a01/RAPCID_2610_output/ligandmpnn/seqs/RAPCID_backbone_rapcid_backbone_12_model_2.fa,1038.5478457212448,716.3116446733475,0.3102757397027891,0.16666666666666666,0.25925925925925924,0.5977018011793711,0.14285714285714285,0.765010832632324,0.0,0.7628866136822633,1.0,0.22017963842181065
backbone_denovo,RAPCID_backbone_rapcid_backbone_189_model_0,/scratch/a2149a01/RAPCID_2610_output/ligandmpnn_inputs/backbone_denovo/RAPCID_backbone_rapcid_backbone_189_model_0.pdb,/scratch/a2149a01/RAPCID_2610_output/ligandmpnn/seqs/RAPCID_backbone_rapcid_backbone_189_model_0.fa,1040.6373414695263,717.8259172439575,0.3102054974980175,0.25925925925925924,0.37037037037037035,0.5868061996399668,0.0,0.8147481977338259,0.0,0.8536585812246951,1.0,0.25996284424447824
backbone,RAPCID_backbone_rapcid_backbone_167_model_4,/scratch/a2149a01/RAPCID_2610_output/ligandmpnn_inputs/backbone/RAPCID_backbone_rapcid_backbone_167_model_4.pdb,/scratch/a2149a01/RAPCID_2610_output/ligandmpnn/seqs/RAPCID_backbone_rapcid_backbone_167_model_4.fa,1037.9434366375208,716.053071141243,0.31012322457480024,0.21818181818181817,0.25925925925925924,0.6078753098172995,0.14285714285714285,0.7751638848934582,0.0,0.8617021308529265,1.0,0.23298979449300353
backbone_denovo,RAPCID_backbone_rapcid_backbone_119_model_0,/scratch/a2149a01/RAPCID_2610_output/ligandmpnn_inputs/backbone_denovo/RAPCID_backbone_rapcid_backbone_119_model_0.pdb,/scratch/a2149a01/RAPCID_2610_output/ligandmpnn/seqs/RAPCID_backbone_rapcid_backbone_119_model_0.fa,1042.8094889819622,719.416625842452,0.3101169164227887,0.21428571428571427,0.2962962962962963,0.5725158837521837,0.0,0.9023014306015035,0.0,0.9871795212877146,1.0,0.23756848540612796
backbone_denovo,RAPCID_backbone_rapcid_backbone_145_model_5,/scratch/a2149a01/RAPCID_2610_output/ligandmpnn_inputs/backbone_denovo/RAPCID_backbone_rapcid_backbone_145_model_5.pdb,/scratch/a2149a01/RAPCID_2610_output/ligandmpnn/seqs/RAPCID_backbone_rapcid_backbone_145_model_5.fa,1042.7417836338282,719.7453353106976,0.3097568865012077,0.23214285714285715,0.25925925925925924,0.6616069513824229,0.0,0.8483516177133575,0.0,0.905660394937275,1.0,0.23631520210014664
backbone_long,RAPCID_backbone_rapcid_backbone_191_model_0,/scratch/a2149a01/RAPCID_2610_output/ligandmpnn_inputs/backbone_long/RAPCID_backbone_rapcid_backbone_191_model_0.pdb,/scratch/a2149a01/RAPCID_2610_output/ligandmpnn/seqs/RAPCID_backbone_rapcid_backbone_191_model_0.fa,1042.6423090845346,719.8450496047735,0.30959539687506543,0.10714285714285714,0.2222222222222222,0.6121444819180603,0.0,0.8253401873747043,0.0,0.8097344906242704,1.0,0.19943697621282705
backbone,RAPCID_backbone_rapcid_backbone_81_model_0,/scratch/a2149a01/RAPCID_2610_output/ligandmpnn_inputs/backbone/RAPCID_backbone_rapcid_backbone_81_model_0.pdb,/scratch/a2149a01/RAPCID_2610_output/ligandmpnn/seqs/RAPCID_backbone_rapcid_backbone_81_model_0.fa,1041.2890022397041,719.1705880463123,0.30934583338587907,0.17857142857142858,0.18518518518518517,0.6013238299431949,0.14285714285714285,0.7936671982096418,0.0,0.7946428655781033,1.0,0.21162625994428053
backbone_denovo,RAPCID_backbone_rapcid_backbone_15_model_4,/scratch/a2149a01/RAPCID_2610_output/ligandmpnn_inputs/backbone_denovo/RAPCID_backbone_rapcid_backbone_15_model_4.pdb,/scratch/a2149a01/RAPCID_2610_output/ligandmpnn/seqs/RAPCID_backbone_rapcid_backbone_15_model_4.fa,1041.6269612163305,719.5219452530146,0.30923260241573136,0.25,0.2962962962962963,0.6502166132958992,0.0,0.8910052930730595,0.0,1.0,1.0,0.24609911553152358
backbone,RAPCID_backbone_rapcid_backbone_141_model_1,/scratch/a2149a01/RAPCID_2610_output/ligandmpnn_inputs/backbone/RAPCID_backbone_rapcid_backbone_141_model_1.pdb,/scratch/a2149a01/RAPCID_2610_output/ligandmpnn/seqs/RAPCID_backbone_rapcid_backbone_141_model_1.fa,1042.3067301809788,720.2444736212492,0.3089899040600159,0.17857142857142858,0.2222222222222222,0.635757063620143,0.14285714285714285,0.7922468939659358,0.0,0.8247422575451577,1.0,0.21702164730319765
backbone_long,RAPCID_backbone_rapcid_backbone_235_model_7,/scratch/a2149a01/RAPCID_2610_output/ligandmpnn_inputs/backbone_long/RAPCID_backbone_rapcid_backbone_235_model_7.pdb,/scratch/a2149a01/RAPCID_2610_output/ligandmpnn/seqs/RAPCID_backbone_rapcid_backbone_235_model_7.fa,1040.9532422423363,719.3386493772268,0.30896161308101944,0.19642857142857142,0.2962962962962963,0.5892541806471369,0.14285714285714285,0.8313458954398687,0.0,0.8141592619273839,1.0,0.23258431318804607
backbone_long,RAPCID_backbone_rapcid_backbone_127_model_4,/scratch/a2149a01/RAPCID_2610_output/ligandmpnn_inputs/backbone_long/RAPCID_backbone_rapcid_backbone_127_model_4.pdb,/scratch/a2149a01/RAPCID_2610_output/ligandmpnn/seqs/RAPCID_backbone_rapcid_backbone_127_model_4.fa,1040.0336503088474,718.7650267630816,0.3089021431665814,0.14545454545454545,0.2222222222222222,0.6271537960273698,0.2857142857142857,0.7074269219898776,0.0,0.7028301974686375,0.5,0.2087029341219313
backbone_denovo,RAPCID_backbone_rapcid_backbone_36_model_7,/scratch/a2149a01/RAPCID_2610_output/ligandmpnn_inputs/backbone_denovo/RAPCID_backbone_rapcid_backbone_36_model_7.pdb,/scratch/a2149a01/RAPCID_2610_output/ligandmpnn/seqs/RAPCID_backbone_rapcid_backbone_36_model_7.fa,1043.25877353549,721.2093359082937,0.3086956427270733,0.23636363636363636,0.2962962962962963,0.6078323527957822,0.14285714285714285,0.874458873912001,0.0,1.0,1.0,0.2424483927625365
backbone_long,RAPCID_backbone_rapcid_backbone_123_model_5,/scratch/a2149a01/RAPCID_2610_output/ligandmpnn_inputs/backbone_long/RAPCID_backbone_rapcid_backbone_123_model_5.pdb,/scratch/a2149a01/RAPCID_2610_output/ligandmpnn/seqs/RAPCID_backbone_rapcid_backbone_123_model_5.fa,1044.716412499547,722.4889055639505,0.30843538311478014,0.22807017543859648,0.2962962962962963,0.6016640679991136,0.14285714285714285,0.7963765716556886,0.0,0.8762886395513758,1.0,0.24025791070574465
backbone_long,RAPCID_backbone_rapcid_backbone_118_model_7,/scratch/a2149a01/RAPCID_2610_output/ligandmpnn_inputs/backbone_long/RAPCID_backbone_rapcid_backbone_118_model_7.pdb,/scratch/a2149a01/RAPCID_2610_output/ligandmpnn/seqs/RAPCID_backbone_rapcid_backbone_118_model_7.fa,1039.6045360267162,718.9769222736359,0.30841305769835614,0.14814814814814814,0.2222222222222222,0.5972627239291354,0.0,0.8436632656463837,0.0,0.8298969248349137,1.0,0.20915624633463062
backbone_long,RAPCID_backbone_rapcid_backbone_94_model_2,/scratch/a2149a01/RAPCID_2610_output/ligandmpnn_inputs/backbone_long/RAPCID_backbone_rapcid_backbone_94_model_2.pdb,/scratch/a2149a01/RAPCID_2610_output/ligandmpnn/seqs/RAPCID_backbone_rapcid_backbone_94_model_2.fa,1043.2813202440739,721.6641025543213,0.3082746824360958,0.23214285714285715,0.25925925925925924,0.6080346478375768,0.14285714285714285,0.7596555019627432,0.0,0.7398889934953543,1.0,0.2356482102708463
backbone_denovo,RAPCID_backbone_rapcid_backbone_109_model_7,/scratch/a2149a01/RAPCID_2610_output/ligandmpnn_inputs/backbone_denovo/RAPCID_backbone_rapcid_backbone_109_model_7.pdb,/scratch/a2149a01/RAPCID_2610_output/ligandmpnn/seqs/RAPCID_backbone_rapcid_backbone_109_model_7.fa,1044.05150590837,722.2181028574705,0.30825433537485347,0.2727272727272727,0.2222222222222222,0.6986333302885577,0.2857142857142857,0.697369971704511,0.0,0.7874999918939668,1.0,0.24022960243383557
backbone,RAPCID_backbone_rapcid_backbone_226_model_5,/scratch/a2149a01/RAPCID_2610_output/ligandmpnn_inputs/backbone/RAPCID_backbone_rapcid_backbone_226_model_5.pdb,/scratch/a2149a01/RAPCID_2610_output/ligandmpnn/seqs/RAPCID_backbone_rapcid_backbone_226_model_5.fa,1036.4461232870817,717.6200070679188,0.3076147510765037,0.25925925925925924,0.25925925925925924,0.5685824044636663,0.14285714285714285,0.8652751961219486,0.0,0.9439252564418081,1.0,0.24213034168813038
backbone_denovo,RAPCID_backbone_rapcid_backbone_46_model_0,/scratch/a2149a01/RAPCID_2610_output/ligandmpnn_inputs/backbone_denovo/RAPCID_backbone_rapcid_backbone_46_model_0.pdb,/scratch/a2149a01/RAPCID_2610_output/ligandmpnn/seqs/RAPCID_backbone_rapcid_backbone_46_model_0.fa,1040.8473955839872,720.8327185362577,0.3074559041079976,0.24074074074074073,0.37037037037037035,0.5794118566370985,0.0,0.9199134231946612,0.0,1.0,1.0,0.25409589758933965
backbone_long,RAPCID_backbone_rapcid_backbone_233_model_7,/scratch/a2149a01/RAPCID_2610_output/ligandmpnn_inputs/backbone_long/RAPCID_backbone_rapcid_backbone_233_model_7.pdb,/scratch/a2149a01/RAPCID_2610_output/ligandmpnn/seqs/RAPCID_backbone_rapcid_backbone_233_model_7.fa,1039.9997865110636,720.4179651141167,0.3072902759615588,0.21818181818181817,0.2962962962962963,0.6116407391487472,0.14285714285714285,0.777455568313477,0.0,0.7789473582600008,1.0,0.23727052317260044
backbone,RAPCID_backbone_rapcid_backbone_72_model_3,/scratch/a2149a01/RAPCID_2610_output/ligandmpnn_inputs/backbone/RAPCID_backbone_rapcid_backbone_72_model_3.pdb,/scratch/a2149a01/RAPCID_2610_output/ligandmpnn/seqs/RAPCID_backbone_rapcid_backbone_72_model_3.fa,1039.5288173556328,720.1217294931412,0.30726140779339206,0.19642857142857142,0.25925925925925924,0.6155880385987273,0.14285714285714285,0.8156262411612095,0.0,0.7688172122531647,1.0,0.22626366525305816
backbone,RAPCID_backbone_rapcid_backbone_99_model_0,/scratch/a2149a01/RAPCID_2610_output/ligandmpnn_inputs/backbone/RAPCID_backbone_rapcid_backbone_99_model_0.pdb,/scratch/a2149a01/RAPCID_2610_output/ligandmpnn/seqs/RAPCID_backbone_rapcid_backbone_99_model_0.fa,1039.6766591370106,720.3696110844612,0.3071214932511729,0.2222222222222222,0.3333333333333333,0.6021127540865892,0.14285714285714285,0.7932850297869288,0.0,0.7215322901932306,1.0,0.24376022751858334
backbone_denovo,RAPCID_backbone_rapcid_backbone_215_model_6,/scratch/a2149a01/RAPCID_2610_output/ligandmpnn_inputs/backbone_denovo/RAPCID_backbone_rapcid_backbone_215_model_6.pdb,/scratch/a2149a01/RAPCID_2610_output/ligandmpnn/seqs/RAPCID_backbone_rapcid_backbone_215_model_6.fa,1035.8220293819904,717.9989586025476,0.3068317353407397,0.23636363636363636,0.2962962962962963,0.6182978235881047,0.14285714285714285,0.8632218838394593,0.0,1.0,1.0,0.24160963443868638
backbone_denovo,RAPCID_backbone_rapcid_backbone_146_model_1,/scratch/a2149a01/RAPCID_2610_output/ligandmpnn_inputs/backbone_denovo/RAPCID_backbone_rapcid_backbone_146_model_1.pdb,/scratch/a2149a01/RAPCID_2610_output/ligandmpnn/seqs/RAPCID_backbone_rapcid_backbone_146_model_1.fa,1039.1335251927376,720.3406637310982,0.30678719696057344,0.25,0.2962962962962963,0.6330583228002576,0.0,0.9244597957624016,0.0,1.0,1.0,0.24499868307670247
backbone_denovo,RAPCID_backbone_rapcid_backbone_167_model_2,/scratch/a2149a01/RAPCID_2610_output/ligandmpnn_inputs/backbone_denovo/RAPCID_backbone_rapcid_backbone_167_model_2.pdb,/scratch/a2149a01/RAPCID_2610_output/ligandmpnn/seqs/RAPCID_backbone_rapcid_backbone_167_model_2.fa,1042.2963903099298,722.7001150548458,0.3066270575493897,0.2982456140350877,0.2222222222222222,0.6896265054501838,0.14285714285714285,0.7413704764529042,0.0,1.0,1.0,0.2458769127393306
backbone_denovo,RAPCID_backbone_rapcid_backbone_26_model_1,/scratch/a2149a01/RAPCID_2610_output/ligandmpnn_inputs/backbone_denovo/RAPCID_backbone_rapcid_backbone_26_model_1.pdb,/scratch/a2149a01/RAPCID_2610_output/ligandmpnn/seqs/RAPCID_backbone_rapcid_backbone_26_model_1.fa,1040.075371220708,721.2283617407084,0.30656144574001165,0.2727272727272727,0.3333333333333333,0.6519345522206081,0.0,0.8331573521373582,0.0,1.0,1.0,0.25613446876482343
backbone_long,RAPCID_backbone_rapcid_backbone_126_model_0,/scratch/a2149a01/RAPCID_2610_output/ligandmpnn_inputs/backbone_long/RAPCID_backbone_rapcid_backbone_126_model_0.pdb,/scratch/a2149a01/RAPCID_2610_output/ligandmpnn/seqs/RAPCID_backbone_rapcid_backbone_126_model_0.fa,1040.9532422423363,722.209271043539,0.3062039275771744,0.25,0.3333333333333333,0.6200303131222366,0.14285714285714285,0.7547805229773289,0.0,0.8008849480180436,1.0,0.25029176740972847
backbone_denovo,RAPCID_backbone_rapcid_backbone_215_model_5,/scratch/a2149a01/RAPCID_2610_output/ligandmpnn_inputs/backbone_denovo/RAPCID_backbone_rapcid_backbone_215_model_5.pdb,/scratch/a2149a01/RAPCID_2610_output/ligandmpnn/seqs/RAPCID_backbone_rapcid_backbone_215_model_5.fa,1035.8220293819904,718.8022875487804,0.3060561880715702,0.23636363636363636,0.2962962962962963,0.6348202138049331,0.2857142857142857,0.7483260714682383,0.5,0.5294595587173443,0.5,0.2412606381675601
backbone_long,RAPCID_backbone_rapcid_backbone_1_model_3,/scratch/a2149a01/RAPCID_2610_output/ligandmpnn_inputs/backbone_long/RAPCID_backbone_rapcid_backbone_1_model_3.pdb,/scratch/a2149a01/RAPCID_2610_output/ligandmpnn/seqs/RAPCID_backbone_rapcid_backbone_1_model_3.fa,1041.7405322045088,722.9252985566854,0.30604092265965066,0.21428571428571427,0.2962962962962963,0.6024809514537813,0.14285714285714285,0.7900825794762517,0.0,0.8274336070496198,1.0,0.2357342882127158
backbone_denovo,RAPCID_backbone_rapcid_backbone_206_model_5,/scratch/a2149a01/RAPCID_2610_output/ligandmpnn_inputs/backbone_denovo/RAPCID_backbone_rapcid_backbone_206_model_5.pdb,/scratch/a2149a01/RAPCID_2610_output/ligandmpnn/seqs/RAPCID_backbone_rapcid_backbone_206_model_5.fa,1042.1832992136478,723.4677529633045,0.3058152500532505,0.19642857142857142,0.25925925925925924,0.653786982583375,0.0,0.7891238234680872,0.0,0.6658834833345644,0.5,0.22561289426999448
backbone_long,RAPCID_backbone_rapcid_backbone_68_model_5,/scratch/a2149a01/RAPCID_2610_output/ligandmpnn_inputs/backbone_long/RAPCID_backbone_rapcid_backbone_68_model_5.pdb,/scratch/a2149a01/RAPCID_2610_output/ligandmpnn/seqs/RAPCID_backbone_rapcid_backbone_68_model_5.fa,1045.6712324172258,725.9214715510607,0.30578421874245854,0.21052631578947367,0.25925925925925924,0.5948660015493435,0.14285714285714285,0.8265155430823681,0.0,0.8894736791300004,1.0,0.22912336627036364
backbone_denovo,RAPCID_backbone_rapcid_backbone_71_model_3,/scratch/a2149a01/RAPCID_2610_output/ligandmpnn_inputs/backbone_denovo/RAPCID_backbone_rapcid_backbone_71_model_3.pdb,/scratch/a2149a01/RAPCID_2610_output/ligandmpnn/seqs/RAPCID_backbone_rapcid_backbone_71_model_3.fa,1038.112169250846,720.6832002103329,0.3057752123930748,0.21818181818181817,0.2962962962962963,0.5611089427258918,0.0,0.8383906615757072,0.0,0.9756097748350572,1.0,0.23658874456678264
backbone,RAPCID_backbone_rapcid_backbone_139_model_5,/scratch/a2149a01/RAPCID_2610_output/ligandmpnn_inputs/backbone/RAPCID_backbone_rapcid_backbone_139_model_5.pdb,/scratch/a2149a01/RAPCID_2610_output/ligandmpnn/seqs/RAPCID_backbone_rapcid_backbone_139_model_5.fa,1041.9388255625963,723.5379750281572,0.3055849755502854,0.14285714285714285,0.2222222222222222,0.5980646708924856,0.14285714285714285,0.8636792825204609,0.0,0.8457944057702398,1.0,0.2065608580452475
backbone,RAPCID_backbone_rapcid_backbone_217_model_0,/scratch/a2149a01/RAPCID_2610_output/ligandmpnn_inputs/backbone/RAPCID_backbone_rapcid_backbone_217_model_0.pdb,/scratch/a2149a01/RAPCID_2610_output/ligandmpnn/seqs/RAPCID_backbone_rapcid_backbone_217_model_0.fa,1037.8373865634203,720.8102379143238,0.3054690000124828,0.18518518518518517,0.25925925925925924,0.5951085197612481,0.14285714285714285,0.8143664253397515,0.0,0.8053097193211569,1.0,0.22264623519080243
backbone_long,RAPCID_backbone_rapcid_backbone_67_model_4,/scratch/a2149a01/RAPCID_2610_output/ligandmpnn_inputs/backbone_long/RAPCID_backbone_rapcid_backbone_67_model_4.pdb,/scratch/a2149a01/RAPCID_2610_output/ligandmpnn/seqs/RAPCID_backbone_rapcid_backbone_67_model_4.fa,1040.0521447360516,722.385155081749,0.30543371432104627,0.24074074074074073,0.25925925925925924,0.6015339828637954,0.14285714285714285,0.7919819438314805,0.0,0.8805309563256678,1.0,0.2365192455185449
backbone_denovo,RAPCID_backbone_rapcid_backbone_6_model_2,/scratch/a2149a01/RAPCID_2610_output/ligandmpnn_inputs/backbone_denovo/RAPCID_backbone_rapcid_backbone_6_model_2.pdb,/scratch/a2149a01/RAPCID_2610_output/ligandmpnn/seqs/RAPCID_backbone_rapcid_backbone_6_model_2.fa,1041.6269612163305,723.5674297660589,0.3053487892429998,0.21428571428571427,0.3333333333333333,0.5970771248425728,0.0,0.9100068984812246,0.0,1.0,1.0,0.24097838373077848
backbone_long,RAPCID_backbone_rapcid_backbone_144_model_2,/scratch/a2149a01/RAPCID_2610_output/ligandmpnn_inputs/backbone_long/RAPCID_backbone_rapcid_backbone_144_model_2.pdb,/scratch/a2149a01/RAPCID_2610_output/ligandmpnn/seqs/RAPCID_backbone_rapcid_backbone_144_model_2.fa,1042.6423090845346,724.3892005085945,0.3052370940666834,0.19642857142857142,0.25925925925925924,0.600997905240787,0.14285714285714285,0.7780655069086742,0.0,0.907079615357244,1.0,0.2253527240760393
backbone_denovo,RAPCID_backbone_rapcid_backbone_246_model_1,/scratch/a2149a01/RAPCID_2610_output/ligandmpnn_inputs/backbone_denovo/RAPCID_backbone_rapcid_backbone_246_model_1.pdb,/scratch/a2149a01/RAPCID_2610_output/ligandmpnn/seqs/RAPCID_backbone_rapcid_backbone_246_model_1.fa,1039.4906234443188,722.5136878937483,0.3049348675222078,0.25925925925925924,0.3333333333333333,0.6030347245775525,0.14285714285714285,0.8714285714285713,0.0,1.0,1.0,0.25203550519980833
backbone_long,RAPCID_backbone_rapcid_backbone_172_model_7,/scratch/a2149a01/RAPCID_2610_output/ligandmpnn_inputs/backbone_long/RAPCID_backbone_rapcid_backbone_172_model_7.pdb,/scratch/a2149a01/RAPCID_2610_output/ligandmpnn/seqs/RAPCID_backbone_rapcid_backbone_172_model_7.fa,1042.0449339598417,724.3374466001987,0.30488847170182276,0.24074074074074073,0.3333333333333333,0.5793954008877417,0.14285714285714285,0.8643191652295646,0.0,0.8271028135964575,1.0,0.24738499745100542
backbone_long,RAPCID_backbone_rapcid_backbone_225_model_4,/scratch/a2149a01/RAPCID_2610_output/ligandmpnn_inputs/backbone_long/RAPCID_backbone_rapcid_backbone_225_model_4.pdb,/scratch/a2149a01/RAPCID_2610_output/ligandmpnn/seqs/RAPCID_backbone_rapcid_backbone_225_model_4.fa,1039.6045360267162,723.0674358457327,0.3044783753933611,0.2037037037037037,0.2962962962962963,0.6005653965015804,0.0,0.7940869113491288,0.0,0.7577319645732162,1.0,0.23238563929738287
backbone,RAPCID_backbone_rapcid_backbone_188_model_0,/scratch/a2149a01/RAPCID_2610_output/ligandmpnn_inputs/backbone/RAPCID_backbone_rapcid_backbone_188_model_0.pdb,/scratch/a2149a01/RAPCID_2610_output/ligandmpnn/seqs/RAPCID_backbone_rapcid_backbone_188_model_0.fa,1040.904816493392,724.0384569913149,0.30441434651973165,0.10909090909090909,0.18518518518518517,0.6216620498636614,0.14285714285714285,0.8202963240718386,0.0,0.7971698025313625,1.0,0.19203696098438433
backbone,RAPCID_backbone_rapcid_backbone_29_model_3,/scratch/a2149a01/RAPCID_2610_output/ligandmpnn_inputs/backbone/RAPCID_backbone_rapcid_backbone_29_model_3.pdb,/scratch/a2149a01/RAPCID_2610_output/ligandmpnn/seqs/RAPCID_backbone_rapcid_backbone_29_model_3.fa,1042.9844084084034,725.5346310585737,0.30436675255218704,0.21428571428571427,0.2222222222222222,0.5879381881358923,0.14285714285714285,0.8717529782087396,0.0,0.8298969248349137,1.0,0.22386980055324607
backbone,RAPCID_backbone_rapcid_backbone_125_model_7,/scratch/a2149a01/RAPCID_2610_output/ligandmpnn_inputs/backbone/RAPCID_backbone_rapcid_backbone_125_model_7.pdb,/scratch/a2149a01/RAPCID_2610_output/ligandmpnn/seqs/RAPCID_backbone_rapcid_backbone_125_model_7.fa,1044.3877796679735,726.5550239980221,0.3043244682267301,0.21052631578947367,0.2962962962962963,0.595580202076639,0.0,0.9181047787095172,0.0,1.0,1.0,0.23402203409384142
backbone,RAPCID_backbone_rapcid_backbone_200_model_4,/scratch/a2149a01/RAPCID_2610_output/ligandmpnn_inputs/backbone/RAPCID_backbone_rapcid_backbone_200_model_4.pdb,/scratch/a2149a01/RAPCID_2610_output/ligandmpnn/seqs/RAPCID_backbone_rapcid_backbone_200_model_4.fa,1039.6766591370106,723.368173584342,0.3042373633887503,0.18518518518518517,0.25925925925925924,0.6139288307073534,0.14285714285714285,0.7782846423113847,0.5,0.623711333177561,0.5,0.22209199871012283
backbone,RAPCID_backbone_rapcid_backbone_42_model_1,/scratch/a2149a01/RAPCID_2610_output/ligandmpnn_inputs/backbone/RAPCID_backbone_rapcid_backbone_42_model_1.pdb,/scratch/a2149a01/RAPCID_2610_output/ligandmpnn/seqs/RAPCID_backbone_rapcid_backbone_42_model_1.fa,1041.986244007945,724.9827063679695,0.30423006010198195,0.18518518518518517,0.25925925925925924,0.5767344562322292,0.14285714285714285,0.8730855225143069,0.0,0.8009708927365699,1.0,0.22208871223107704
backbone_denovo,RAPCID_backbone_rapcid_backbone_116_model_6,/scratch/a2149a01/RAPCID_2610_output/ligandmpnn_inputs/backbone_denovo/RAPCID_backbone_rapcid_backbone_116_model_6.pdb,/scratch/a2149a01/RAPCID_2610_output/ligandmpnn/seqs/RAPCID_backbone_rapcid_backbone_116_model_6.fa,1039.7174626290798,723.6237628012896,0.304018842800332,0.23636363636363636,0.4074074074074074,0.5522467236651993,0.0,0.9547252778885076,0.0,0.9766355509867157,1.0,0.2570104994621696
backbone_denovo,RAPCID_backbone_rapcid_backbone_37_model_6,/scratch/a2149a01/RAPCID_2610_output/ligandmpnn_inputs/backbone_denovo/RAPCID_backbone_rapcid_backbone_37_model_6.pdb,/scratch/a2149a01/RAPCID_2610_output/ligandmpnn/seqs/RAPCID_backbone_rapcid_backbone_37_model_6.fa,1041.6269612163305,725.2888202220201,0.30369619141282156,0.23214285714285715,0.25925925925925924,0.6060368144342603,0.0,0.9386243345578202,0.0,1.0,1.0,0.23358788931037286
backbone_long,RAPCID_backbone_rapcid_backbone_98_model_7,/scratch/a2149a01/RAPCID_2610_output/ligandmpnn_inputs/backbone_long/RAPCID_backbone_rapcid_backbone_98_model_7.pdb,/scratch/a2149a01/RAPCID_2610_output/ligandmpnn/seqs/RAPCID_backbone_rapcid_backbone_98_model_7.fa,1041.38606120646,725.1379681378603,0.30367997503463984,0.125,0.2222222222222222,0.603106153104042,0.0,0.8843575775439588,0.0,0.9672897384182472,1.0,0.20123932209892126
backbone_denovo,RAPCID_backbone_rapcid_backbone_233_model_5,/scratch/a2149a01/RAPCID_2610_output/ligandmpnn_inputs/backbone_denovo/RAPCID_backbone_rapcid_backbone_233_model_5.pdb,/scratch/a2149a01/RAPCID_2610_output/ligandmpnn/seqs/RAPCID_backbone_rapcid_backbone_233_model_5.fa,1038.0815004557371,722.9437649101019,0.3035770653915746,0.14545454545454545,0.25925925925925924,0.6232343273957495,0.14285714285714285,0.794436823144382,0.0,1.0,1.0,0.21186220467873382
backbone_long,RAPCID_backbone_rapcid_backbone_248_model_4,/scratch/a2149a01/RAPCID_2610_output/ligandmpnn_inputs/backbone_long/RAPCID_backbone_rapcid_backbone_248_model_4.pdb,/scratch/a2149a01/RAPCID_2610_output/ligandmpnn/seqs/RAPCID_backbone_rapcid_backbone_248_model_4.fa,1042.107029646635,725.7663660049438,0.3035587081194129,0.14545454545454545,0.2222222222222222,0.6259401476843186,0.14285714285714285,0.8035728016459556,0.5,0.5,0.5,0.20629838835070546
backbone_denovo,RAPCID_backbone_rapcid_backbone_28_model_7,/scratch/a2149a01/RAPCID_2610_output/ligandmpnn_inputs/backbone_denovo/RAPCID_backbone_rapcid_backbone_28_model_7.pdb,/scratch/a2149a01/RAPCID_2610_output/ligandmpnn/seqs/RAPCID_backbone_rapcid_backbone_28_model_7.fa,1040.3829977214336,724.6070562899113,0.3035189368944998,0.21428571428571427,0.2962962962962963,0.6370511023531426,0.14285714285714285,0.8299973724145451,0.0,1.0,1.0,0.23459939461839796
backbone_denovo,RAPCID_backbone_rapcid_backbone_137_model_0,/scratch/a2149a01/RAPCID_2610_output/ligandmpnn_inputs/backbone_denovo/RAPCID_backbone_rapcid_backbone_137_model_0.pdb,/scratch/a2149a01/RAPCID_2610_output/ligandmpnn/seqs/RAPCID_backbone_rapcid_backbone_137_model_0.fa,1039.9007866084576,724.38532102108,0.3034091998491536,0.2037037037037037,0.18518518518518517,0.6734918475010394,0.14285714285714285,0.843949540024039,0.0,1.0,1.0,0.21523784363582282
backbone_long,RAPCID_backbone_rapcid_backbone_43_model_7,/scratch/a2149a01/RAPCID_2610_output/ligandmpnn_inputs/backbone_long/RAPCID_backbone_rapcid_backbone_43_model_7.pdb,/scratch/a2149a01/RAPCID_2610_output/ligandmpnn/seqs/RAPCID_backbone_rapcid_backbone_43_model_7.fa,1040.0521447360516,724.5483599901199,0.30335381388593874,0.2222222222222222,0.2962962962962963,0.6057826680098913,0.14285714285714285,0.8793256966664246,0.0,0.9601769334203965,1.0,0.23650921624867244
backbone_long,RAPCID_backbone_rapcid_backbone_177_model_7,/scratch/a2149a01/RAPCID_2610_output/ligandmpnn_inputs/backbone_long/RAPCID_backbone_rapcid_backbone_177_model_7.pdb,/scratch/a2149a01/RAPCID_2610_output/ligandmpnn/seqs/RAPCID_backbone_rapcid_backbone_177_model_7.fa,1046.1367504298687,728.8750544637442,0.30326981232210637,0.24074074074074073,0.2962962962962963,0.6039161237903812,0.0,0.8037806618351429,0.0,0.8711340449844551,1.0,0.24110104517457748
backbone_long,RAPCID_backbone_rapcid_backbone_132_model_7,/scratch/a2149a01/RAPCID_2610_output/ligandmpnn_inputs/backbone_long/RAPCID_backbone_rapcid_backbone_132_model_7.pdb,/scratch/a2149a01/RAPCID_2610_output/ligandmpnn/seqs/RAPCID_backbone_rapcid_backbone_132_model_7.fa,1044.3158884495497,727.6627434194088,0.3032158645984617,0.22807017543859648,0.3333333333333333,0.5730780642923917,0.0,0.8382929486980256,0.0,0.7954116219567722,1.0,0.2434646829289569
backbone_long,RAPCID_backbone_rapcid_backbone_1_model_4,/scratch/a2149a01/RAPCID_2610_output/ligandmpnn_inputs/backbone_long/RAPCID_backbone_rapcid_backbone_1_model_4.pdb,/scratch/a2149a01/RAPCID_2610_output/ligandmpnn/seqs/RAPCID_backbone_rapcid_backbone_1_model_4.fa,1041.7405322045088,726.0709034055471,0.3030213561249733,0.21428571428571427,0.2962962962962963,0.5938531101690153,0.0,0.8756587393996794,0.0,0.9601769334203965,1.0,0.234375483272111
backbone_long,RAPCID_backbone_rapcid_backbone_222_model_0,/scratch/a2149a01/RAPCID_2610_output/ligandmpnn_inputs/backbone_long/RAPCID_backbone_rapcid_backbone_222_model_0.pdb,/scratch/a2149a01/RAPCID_2610_output/ligandmpnn/seqs/RAPCID_backbone_rapcid_backbone_222_model_0.fa,1044.280294507742,728.0399146527052,0.3028309367880083,0.23636363636363636,0.3333333333333333,0.5919668096279049,0.14285714285714285,0.8003175272495257,0.0,0.7616822409882196,1.0,0.24536483064551282
backbone_long,RAPCID_backbone_rapcid_backbone_196_model_0,/scratch/a2149a01/RAPCID_2610_output/ligandmpnn_inputs/backbone_long/RAPCID_backbone_rapcid_backbone_196_model_0.pdb,/scratch/a2149a01/RAPCID_2610_output/ligandmpnn/seqs/RAPCID_backbone_rapcid_backbone_196_model_0.fa,1041.38606120646,726.1337614804506,0.30272375583823863,0.17857142857142858,0.2962962962962963,0.5960839151702158,0.14285714285714285,0.8771416779545563,0.0,0.8177570339911439,1.0,0.22531299171450897
backbone_long,RAPCID_backbone_rapcid_backbone_232_model_6,/scratch/a2149a01/RAPCID_2610_output/ligandmpnn_inputs/backbone_long/RAPCID_backbone_rapcid_backbone_232_model_6.pdb,/scratch/a2149a01/RAPCID_2610_output/ligandmpnn/seqs/RAPCID_backbone_rapcid_backbone_232_model_6.fa,1036.697216540575,722.8792870044708,0.3027093393607291,0.18181818181818182,0.2962962962962963,0.5969968419831347,0.14285714285714285,0.8512615617971423,0.0,0.8551402183387085,1.0,0.226118192611318
backbone_denovo,RAPCID_backbone_rapcid_backbone_156_model_0,/scratch/a2149a01/RAPCID_2610_output/ligandmpnn_inputs/backbone_denovo/RAPCID_backbone_rapcid_backbone_156_model_0.pdb,/scratch/a2149a01/RAPCID_2610_output/ligandmpnn/seqs/RAPCID_backbone_rapcid_backbone_156_model_0.fa,1038.320666000247,724.0273939371109,0.3026938424271537,0.23636363636363636,0.25925925925925924,0.6769374862202587,0.14285714285714285,0.8763931103824094,0.0,1.0,1.0,0.23419202707201714
backbone_denovo,RAPCID_backbone_rapcid_backbone_90_model_5,/scratch/a2149a01/RAPCID_2610_output/ligandmpnn_inputs/backbone_denovo/RAPCID_backbone_rapcid_backbone_90_model_5.pdb,/scratch/a2149a01/RAPCID_2610_output/ligandmpnn/seqs/RAPCID_backbone_rapcid_backbone_90_model_5.fa,1040.075371220708,725.5697947144508,0.3023872934680979,0.2,0.2962962962962963,0.610956900622629,0.0,0.8661499246173366,0.0,0.7249999976839905,0.5,0.23051872650508853
backbone_denovo,RAPCID_backbone_rapcid_backbone_245_model_4,/scratch/a2149a01/RAPCID_2610_output/ligandmpnn_inputs/backbone_denovo/RAPCID_backbone_rapcid_backbone_245_model_4.pdb,/scratch/a2149a01/RAPCID_2610_output/ligandmpnn/seqs/RAPCID_backbone_rapcid_backbone_245_model_4.fa,1041.6563350707293,726.8367010504007,0.3022298462755012,0.2,0.2962962962962963,0.5510146246426785,0.0,0.9874976913108601,0.0,1.0,1.0,0.23044787526841998
backbone_long,RAPCID_backbone_rapcid_backbone_28_model_5,/scratch/a2149a01/RAPCID_2610_output/ligandmpnn_inputs/backbone_long/RAPCID_backbone_rapcid_backbone_28_model_5.pdb,/scratch/a2149a01/RAPCID_2610_output/ligandmpnn/seqs/RAPCID_backbone_rapcid_backbone_28_model_5.fa,1043.7606514841318,728.8581282645464,0.301699937405978,0.21818181818181817,0.2962962962962963,0.6070720477182188,0.14285714285714285,0.8127929561679805,0.0,0.8185840644433929,1.0,0.23475487082258906
backbone_denovo,RAPCID_backbone_rapcid_backbone_93_model_6,/scratch/a2149a01/RAPCID_2610_output/ligandmpnn_inputs/backbone_denovo/RAPCID_backbone_rapcid_backbone_93_model_6.pdb,/scratch/a2149a01/RAPCID_2610_output/ligandmpnn/seqs/RAPCID_backbone_rapcid_backbone_93_model_6.fa,1040.639789775014,726.7583234161139,0.3016235487466429,0.18181818181818182,0.18518518518518517,0.7151780787216331,0.14285714285714285,0.7631527299846725,0.5,0.5243902449357568,0.5,0.20896292016831253
backbone,RAPCID_backbone_rapcid_backbone_119_model_3,/scratch/a2149a01/RAPCID_2610_output/ligandmpnn_inputs/backbone/RAPCID_backbone_rapcid_backbone_119_model_3.pdb,/scratch/a2149a01/RAPCID_2610_output/ligandmpnn/seqs/RAPCID_backbone_rapcid_backbone_119_model_3.fa,1036.4461232870817,724.3671999871731,0.3011048199110944,0.24074074074074073,0.2962962962962963,0.6141945506140374,0.14285714285714285,0.7807791443276708,0.0,0.7943925190515498,1.0,0.2401267985896221
backbone_denovo,RAPCID_backbone_rapcid_backbone_173_model_3,/scratch/a2149a01/RAPCID_2610_output/ligandmpnn_inputs/backbone_denovo/RAPCID_backbone_rapcid_backbone_173_model_3.pdb,/scratch/a2149a01/RAPCID_2610_output/ligandmpnn/seqs/RAPCID_backbone_rapcid_backbone_173_model_3.fa,1039.4906234443188,726.5435598194599,0.30105809188342536,0.16666666666666666,0.2222222222222222,0.6042748314393548,0.0,0.9187719919418732,0.0,1.0,1.0,0.2104761413475414
backbone_denovo,RAPCID_backbone_rapcid_backbone_217_model_6,/scratch/a2149a01/RAPCID_2610_output/ligandmpnn_inputs/backbone_denovo/RAPCID_backbone_rapcid_backbone_217_model_6.pdb,/scratch/a2149a01/RAPCID_2610_output/ligandmpnn/seqs/RAPCID_backbone_rapcid_backbone_217_model_6.fa,1046.5645312964916,731.7501632869244,0.30080741186553783,0.21428571428571427,0.2962962962962963,0.6285422216383024,0.14285714285714285,0.8814814793756058,0.0,1.0,1.0,0.23337920835536502
backbone_denovo,RAPCID_backbone_rapcid_backbone_95_model_5,/scratch/a2149a01/RAPCID_2610_output/ligandmpnn_inputs/backbone_denovo/RAPCID_backbone_rapcid_backbone_95_model_5.pdb,/scratch/a2149a01/RAPCID_2610_output/ligandmpnn/seqs/RAPCID_backbone_rapcid_backbone_95_model_5.fa,1040.3829977214336,727.4615921527147,0.30077520129995894,0.17857142857142858,0.18518518518518517,0.6906538677103976,0.14285714285714285,0.7198839926735018,0.5,0.5813953468330907,0.5,0.20776947550561647
backbone_long,RAPCID_backbone_rapcid_backbone_57_model_4,/scratch/a2149a01/RAPCID_2610_output/ligandmpnn_inputs/backbone_long/RAPCID_backbone_rapcid_backbone_57_model_4.pdb,/scratch/a2149a01/RAPCID_2610_output/ligandmpnn/seqs/RAPCID_backbone_rapcid_backbone_57_model_4.fa,1040.1031655669212,727.4877489507198,0.3005619317058865,0.21428571428571427,0.2962962962962963,0.5828702716441929,0.14285714285714285,0.8239660382734344,0.0,0.8598130751782104,1.0,0.23326874228352196
backbone_long,RAPCID_backbone_rapcid_backbone_108_model_5,/scratch/a2149a01/RAPCID_2610_output/ligandmpnn_inputs/backbone_long/RAPCID_backbone_rapcid_backbone_108_model_5.pdb,/scratch/a2149a01/RAPCID_2610_output/ligandmpnn/seqs/RAPCID_backbone_rapcid_backbone_108_model_5.fa,1040.9144045263529,728.3557371795177,0.3002731694245875,0.21428571428571427,0.2962962962962963,0.5983223960471014,0.14285714285714285,0.79750567303397,0.0,0.7803738496435793,1.0,0.23313879925693737
backbone_denovo,RAPCID_backbone_rapcid_backbone_69_model_2,/scratch/a2149a01/RAPCID_2610_output/ligandmpnn_inputs/backbone_denovo/RAPCID_backbone_rapcid_backbone_69_model_2.pdb,/scratch/a2149a01/RAPCID_2610_output/ligandmpnn/seqs/RAPCID_backbone_rapcid_backbone_69_model_2.fa,1039.7174626290798,727.5669529736042,0.30022628346181346,0.21818181818181817,0.25925925925925924,0.6579172771079257,0.0,0.8872652175977553,0.0,1.0,1.0,0.22853617099215948
backbone_denovo,RAPCID_backbone_rapcid_backbone_226_model_1,/scratch/a2149a01/RAPCID_2610_output/ligandmpnn_inputs/backbone_denovo/RAPCID_backbone_rapcid_backbone_226_model_1.pdb,/scratch/a2149a01/RAPCID_2610_output/ligandmpnn/seqs/RAPCID_backbone_rapcid_backbone_226_model_1.fa,1042.8094889819622,729.7789338827133,0.3001800025859407,0.25,0.25925925925925924,0.6665380837590176,0.0,0.929111571251103,0.0,1.0,1.0,0.2364698900525622
backbone_denovo,RAPCID_backbone_rapcid_backbone_14_model_5,/scratch/a2149a01/RAPCID_2610_output/ligandmpnn_inputs/backbone_denovo/RAPCID_backbone_rapcid_backbone_14_model_5.pdb,/scratch/a2149a01/RAPCID_2610_output/ligandmpnn/seqs/RAPCID_backbone_rapcid_backbone_14_model_5.fa,1039.6969839632511,727.685546875,0.3000984343523684,0.12962962962962962,0.25925925925925924,0.6047945038963489,0.0,0.8960291155732454,0.0,1.0,1.0,0.20634059175486208
backbone_long,RAPCID_backbone_rapcid_backbone_79_model_7,/scratch/a2149a01/RAPCID_2610_output/ligandmpnn_inputs/backbone_long/RAPCID_backbone_rapcid_backbone_79_model_7.pdb,/scratch/a2149a01/RAPCID_2610_output/ligandmpnn/seqs/RAPCID_backbone_rapcid_backbone_79_model_7.fa,1039.9997865110636,727.9818465858698,0.3000173115149717,0.21818181818181817,0.25925925925925924,0.607301365216698,0.14285714285714285,0.826742433783969,0.0,0.8157894775923074,1.0,0.22844213361608068
backbone_denovo,RAPCID_backbone_rapcid_backbone_100_model_1,/scratch/a2149a01/RAPCID_2610_output/ligandmpnn_inputs/backbone_denovo/RAPCID_backbone_rapcid_backbone_100_model_1.pdb,/scratch/a2149a01/RAPCID_2610_output/ligandmpnn/seqs/RAPCID_backbone_rapcid_backbone_100_model_1.fa,1039.4906234443188,727.8773347139359,0.299774987577918,0.16666666666666666,0.2222222222222222,0.6093354483636167,0.0,0.9010204092436196,0.0,1.0,1.0,0.2098987444100631
backbone_denovo,RAPCID_backbone_rapcid_backbone_109_model_4,/scratch/a2149a01/RAPCID_2610_output/ligandmpnn_inputs/backbone_denovo/RAPCID_backbone_rapcid_backbone_109_model_4.pdb,/scratch/a2149a01/RAPCID_2610_output/ligandmpnn/seqs/RAPCID_backbone_rapcid_backbone_109_model_4.fa,1044.05150590837,731.467549264431,0.299395149449047,0.18181818181818182,0.18518518518518517,0.6809720108792581,0.0,0.8315291110619663,0.0,0.9625000081060332,1.0,0.20796014048439437
backbone_denovo,RAPCID_backbone_rapcid_backbone_190_model_5,/scratch/a2149a01/RAPCID_2610_output/ligandmpnn_inputs/backbone_denovo/RAPCID_backbone_rapcid_backbone_190_model_5.pdb,/scratch/a2149a01/RAPCID_2610_output/ligandmpnn/seqs/RAPCID_backbone_rapcid_backbone_190_model_5.fa,1039.443559601903,728.7073466032743,0.2989447672537773,0.23636363636363636,0.25925925925925924,0.6483652116120331,0.0,0.9226867987637195,0.0,1.0,1.0,0.23250494324399776
backbone,RAPCID_backbone_rapcid_backbone_182_model_2,/scratch/a2149a01/RAPCID_2610_output/ligandmpnn_inputs/backbone/RAPCID_backbone_rapcid_backbone_182_model_2.pdb,/scratch/a2149a01/RAPCID_2610_output/ligandmpnn/seqs/RAPCID_backbone_rapcid_backbone_182_model_2.fa,1043.2813202440739,731.5487856268883,0.29880007297001765,0.23214285714285715,0.2962962962962963,0.6168487163066773,0.14285714285714285,0.7655049487583235,0.0,0.8247422575451577,1.0,0.23694019156666668
backbone_denovo,RAPCID_backbone_rapcid_backbone_41_model_0,/scratch/a2149a01/RAPCID_2610_output/ligandmpnn_inputs/backbone_denovo/RAPCID_backbone_rapcid_backbone_41_model_0.pdb,/scratch/a2149a01/RAPCID_2610_output/ligandmpnn/seqs/RAPCID_backbone_rapcid_backbone_41_model_0.fa,1038.9614838957787,728.6290564984083,0.29869483345400005,0.25,0.2962962962962963,0.5985970481781903,0.0,0.8433731429663184,0.5,0.5374999976839905,0.5,0.24135711949874444
backbone,RAPCID_backbone_rapcid_backbone_156_model_6,/scratch/a2149a01/RAPCID_2610_output/ligandmpnn_inputs/backbone/RAPCID_backbone_rapcid_backbone_156_model_6.pdb,/scratch/a2149a01/RAPCID_2610_output/ligandmpnn/seqs/RAPCID_backbone_rapcid_backbone_156_model_6.fa,1042.7543054372072,731.3152726590633,0.2986696205944346,0.23636363636363636,0.3333333333333333,0.5964906685386074,0.14285714285714285,0.8748670689573244,0.0,0.8659793776946992,1.0,0.24349223835840464
backbone_denovo,RAPCID_backbone_rapcid_backbone_227_model_7,/scratch/a2149a01/RAPCID_2610_output/ligandmpnn_inputs/backbone_denovo/RAPCID_backbone_rapcid_backbone_227_model_7.pdb,/scratch/a2149a01/RAPCID_2610_output/ligandmpnn/seqs/RAPCID_backbone_rapcid_backbone_227_model_7.fa,1038.0815004557371,728.4678063392639,0.29825567065837033,0.2545454545454545,0.2962962962962963,0.6236436091275102,0.0,0.8577414587761378,0.0,1.0,1.0,0.24229585987707475
backbone_denovo,RAPCID_backbone_rapcid_backbone_53_model_2,/scratch/a2149a01/RAPCID_2610_output/ligandmpnn_inputs/backbone_denovo/RAPCID_backbone_rapcid_backbone_53_model_2.pdb,/scratch/a2149a01/RAPCID_2610_output/ligandmpnn/seqs/RAPCID_backbone_rapcid_backbone_53_model_2.fa,1041.6563350707293,731.0544485002756,0.29818076856352393,0.14545454545454545,0.25925925925925924,0.5881122369869483,0.0,0.9067664269144252,0.0,1.0,1.0,0.20943387110611103
backbone_long,RAPCID_backbone_rapcid_backbone_128_model_4,/scratch/a2149a01/RAPCID_2610_output/ligandmpnn_inputs/backbone_long/RAPCID_backbone_rapcid_backbone_128_model_4.pdb,/scratch/a2149a01/RAPCID_2610_output/ligandmpnn/seqs/RAPCID_backbone_rapcid_backbone_128_model_4.fa,1039.6555823534727,729.7593465000391,0.2980758638855381,0.16666666666666666,0.2222222222222222,0.6259516648076072,0.14285714285714285,0.8060412271232398,0.5,0.6074766385176706,0.5,0.20913413874849213
backbone_long,RAPCID_backbone_rapcid_backbone_186_model_5,/scratch/a2149a01/RAPCID_2610_output/ligandmpnn_inputs/backbone_long/RAPCID_backbone_rapcid_backbone_186_model_5.pdb,/scratch/a2149a01/RAPCID_2610_output/ligandmpnn/seqs/RAPCID_backbone_rapcid_backbone_186_model_5.fa,1042.107029646635,731.5053796321154,0.2980515831659255,0.14545454545454545,0.2962962962962963,0.6081202881481034,0.0,0.8697437835306652,0.0,0.9523809315865106,1.0,0.2149312932327473
backbone_denovo,RAPCID_backbone_rapcid_backbone_63_model_4,/scratch/a2149a01/RAPCID_2610_output/ligandmpnn_inputs/backbone_denovo/RAPCID_backbone_rapcid_backbone_63_model_4.pdb,/scratch/a2149a01/RAPCID_2610_output/ligandmpnn/seqs/RAPCID_backbone_rapcid_backbone_63_model_4.fa,1041.3593517541885,731.0331133753061,0.2980011058201305,0.25925925925925924,0.25925925925925924,0.6911303217683381,0.14285714285714285,0.7518320099695598,0.0,1.0,1.0,0.23780420132276245
backbone_denovo,RAPCID_backbone_rapcid_backbone_180_model_4,/scratch/a2149a01/RAPCID_2610_output/ligandmpnn_inputs/backbone_denovo/RAPCID_backbone_rapcid_backbone_180_model_4.pdb,/scratch/a2149a01/RAPCID_2610_output/ligandmpnn/seqs/RAPCID_backbone_rapcid_backbone_180_model_4.fa,1039.1335251927376,729.4872443377972,0.2979850744373852,0.26785714285714285,0.18518518518518517,0.6894787379641507,0.2857142857142857,0.6705408430618397,0.5,0.4972831985326479,0.5,0.22883534698888686
backbone_denovo,RAPCID_backbone_rapcid_backbone_120_model_2,/scratch/a2149a01/RAPCID_2610_output/ligandmpnn_inputs/backbone_denovo/RAPCID_backbone_rapcid_backbone_120_model_2.pdb,/scratch/a2149a01/RAPCID_2610_output/ligandmpnn/seqs/RAPCID_backbone_rapcid_backbone_120_model_2.fa,1039.7174626290798,729.9523848742247,0.2979319756461224,0.32727272727272727,0.2222222222222222,0.7105282731219718,0.0,0.8054630153751334,0.0,1.0,1.0,0.24922090419227022
backbone_denovo,RAPCID_backbone_rapcid_backbone_163_model_2,/scratch/a2149a01/RAPCID_2610_output/ligandmpnn_inputs/backbone_denovo/RAPCID_backbone_rapcid_backbone_163_model_2.pdb,/scratch/a2149a01/RAPCID_2610_output/ligandmpnn/seqs/RAPCID_backbone_rapcid_backbone_163_model_2.fa,1045.2416070401669,733.8719745129347,0.2978924972274537,0.26785714285714285,0.25925925925925924,0.6765923748135514,0.0,0.7867039204039398,0.0,0.7435897606438573,0.5,0.23990479835552878
backbone_denovo,RAPCID_backbone_rapcid_backbone_77_model_1,/scratch/a2149a01/RAPCID_2610_output/ligandmpnn_inputs/backbone_denovo/RAPCID_backbone_rapcid_backbone_77_model_1.pdb,/scratch/a2149a01/RAPCID_2610_output/ligandmpnn/seqs/RAPCID_backbone_rapcid_backbone_77_model_1.fa,1045.5025196820498,734.1622984856367,0.29779002473479976,0.25,0.18518518518518517,0.7182902889707695,0.14285714285714285,0.8645502638241006,0.0,1.0,1.0,0.22428328890843768
backbone_long,RAPCID_backbone_rapcid_backbone_19_model_7,/scratch/a2149a01/RAPCID_2610_output/ligandmpnn_inputs/backbone_long/RAPCID_backbone_rapcid_backbone_19_model_7.pdb,/scratch/a2149a01/RAPCID_2610_output/ligandmpnn/seqs/RAPCID_backbone_rapcid_backbone_19_model_7.fa,1044.3158884495497,733.8580505102873,0.2972834574030906,0.22807017543859648,0.25925925925925924,0.6040321868578552,0.0,0.8611861043888329,0.0,1.0,1.0,0.2296839885799288
backbone_denovo,RAPCID_backbone_rapcid_backbone_152_model_3,/scratch/a2149a01/RAPCID_2610_output/ligandmpnn_inputs/backbone_denovo/RAPCID_backbone_rapcid_backbone_152_model_3.pdb,/scratch/a2149a01/RAPCID_2610_output/ligandmpnn/seqs/RAPCID_backbone_rapcid_backbone_152_model_3.fa,1039.443559601903,730.602888405323,0.29712115520236904,0.21818181818181817,0.3333333333333333,0.5458589965518552,0.0,0.9902056505902311,0.0,1.0,1.0,0.2382499743865206
backbone_long,RAPCID_backbone_rapcid_backbone_202_model_1,/scratch/a2149a01/RAPCID_2610_output/ligandmpnn_inputs/backbone_long/RAPCID_backbone_rapcid_backbone_202_model_1.pdb,/scratch/a2149a01/RAPCID_2610_output/ligandmpnn/seqs/RAPCID_backbone_rapcid_backbone_202_model_1.fa,1040.9532422423363,732.0107649415731,0.29678804461501507,0.19642857142857142,0.2962962962962963,0.6037202665466881,0.14285714285714285,0.8625384351484475,0.0,0.6504424740090218,0.5,0.22710620737834408
backbone_denovo,RAPCID_backbone_rapcid_backbone_116_model_5,/scratch/a2149a01/RAPCID_2610_output/ligandmpnn_inputs/backbone_denovo/RAPCID_backbone_rapcid_backbone_116_model_5.pdb,/scratch/a2149a01/RAPCID_2610_output/ligandmpnn/seqs/RAPCID_backbone_rapcid_backbone_116_model_5.fa,1039.7174626290798,731.3089419305325,0.29662723940279956,0.2545454545454545,0.2962962962962963,0.6523167622631054,0.0,0.9212821218404975,0.0,1.0,1.0,0.24156306581206788
backbone,RAPCID_backbone_rapcid_backbone_86_model_1,/scratch/a2149a01/RAPCID_2610_output/ligandmpnn_inputs/backbone/RAPCID_backbone_rapcid_backbone_86_model_1.pdb,/scratch/a2149a01/RAPCID_2610_output/ligandmpnn/seqs/RAPCID_backbone_rapcid_backbone_86_model_1.fa,1040.9144045263529,732.3615545630455,0.2964248055570987,0.21428571428571427,0.2222222222222222,0.60837711603646,0.14285714285714285,0.821678010983087,0.0,0.9626168486155904,1.0,0.22029592440545634
backbone_long,RAPCID_backbone_rapcid_backbone_237_model_0,/scratch/a2149a01/RAPCID_2610_output/ligandmpnn_inputs/backbone_long/RAPCID_backbone_rapcid_backbone_237_model_0.pdb,/scratch/a2149a01/RAPCID_2610_output/ligandmpnn/seqs/RAPCID_backbone_rapcid_backbone_237_model_0.fa,1039.9278602451086,731.8611265718937,0.2962385617792799,0.24074074074074073,0.2962962962962963,0.6315534021748048,0.14285714285714285,0.701339998818329,0.5,0.2938669074209691,0.5,0.2379369824303056
backbone_denovo,RAPCID_backbone_rapcid_backbone_130_model_0,/scratch/a2149a01/RAPCID_2610_output/ligandmpnn_inputs/backbone_denovo/RAPCID_backbone_rapcid_backbone_130_model_0.pdb,/scratch/a2149a01/RAPCID_2610_output/ligandmpnn/seqs/RAPCID_backbone_rapcid_backbone_130_model_0.fa,1039.6969839632511,731.731335401535,0.29620711929717525,0.18518518518518517,0.25925925925925924,0.5788413289993444,0.0,0.8900485288278199,0.0,0.9625000081060332,1.0,0.21847838886891405
backbone_long,RAPCID_backbone_rapcid_backbone_28_model_7,/scratch/a2149a01/RAPCID_2610_output/ligandmpnn_inputs/backbone_long/RAPCID_backbone_rapcid_backbone_28_model_7.pdb,/scratch/a2149a01/RAPCID_2610_output/ligandmpnn/seqs/RAPCID_backbone_rapcid_backbone_28_model_7.fa,1043.7606514841318,734.6996594816446,0.2961033179043786,0.21818181818181817,0.2962962962962963,0.5922717521222403,0.14285714285714285,0.8444499065232224,0.0,0.8185840644433929,1.0,0.23223639204686936
backbone,RAPCID_backbone_rapcid_backbone_54_model_1,/scratch/a2149a01/RAPCID_2610_output/ligandmpnn_inputs/backbone/RAPCID_backbone_rapcid_backbone_54_model_1.pdb,/scratch/a2149a01/RAPCID_2610_output/ligandmpnn/seqs/RAPCID_backbone_rapcid_backbone_54_model_1.fa,1039.6766591370106,731.8980153501034,0.29603304169815703,0.2222222222222222,0.2222222222222222,0.6125982489169859,0.14285714285714285,0.844971305532037,0.0,0.8917526050592258,1.0,0.22210375765305954
backbone_denovo,RAPCID_backbone_rapcid_backbone_164_model_6,/scratch/a2149a01/RAPCID_2610_output/ligandmpnn_inputs/backbone_denovo/RAPCID_backbone_rapcid_backbone_164_model_6.pdb,/scratch/a2149a01/RAPCID_2610_output/ligandmpnn/seqs/RAPCID_backbone_rapcid_backbone_164_model_6.fa,1041.6269612163305,733.3256159126759,0.29598057345178974,0.25,0.4074074074074074,0.570455410170033,0.0,0.9748181097893935,0.0,1.0,1.0,0.2568023691644165
backbone_denovo,RAPCID_backbone_rapcid_backbone_25_model_6,/scratch/a2149a01/RAPCID_2610_output/ligandmpnn_inputs/backbone_denovo/RAPCID_backbone_rapcid_backbone_25_model_6.pdb,/scratch/a2149a01/RAPCID_2610_output/ligandmpnn/seqs/RAPCID_backbone_rapcid_backbone_25_model_6.fa,1040.9487616568804,732.8593971729279,0.295969768957279,0.2857142857142857,0.25925925925925924,0.6829562934401078,0.14285714285714285,0.8009996533623635,0.0,1.0,1.0,0.24350385634823588
backbone_long,RAPCID_backbone_rapcid_backbone_197_model_3,/scratch/a2149a01/RAPCID_2610_output/ligandmpnn_inputs/backbone_long/RAPCID_backbone_rapcid_backbone_197_model_3.pdb,/scratch/a2149a01/RAPCID_2610_output/ligandmpnn/seqs/RAPCID_backbone_rapcid_backbone_197_model_3.fa,1039.7949898391962,732.1588404029608,0.29586231174648303,0.18181818181818182,0.2222222222222222,0.6297402980735759,0.14285714285714285,0.8431310867453562,0.0,0.8541667079993742,1.0,0.21192591907379615
backbone_denovo,RAPCID_backbone_rapcid_backbone_86_model_1,/scratch/a2149a01/RAPCID_2610_output/ligandmpnn_inputs/backbone_denovo/RAPCID_backbone_rapcid_backbone_86_model_1.pdb,/scratch/a2149a01/RAPCID_2610_output/ligandmpnn/seqs/RAPCID_backbone_rapcid_backbone_86_model_1.fa,1044.05150590837,735.2503698915243,0.2957719367955658,0.2909090909090909,0.25925925925925924,0.6757756523551599,0.0,0.8676780757494676,0.0,1.0,1.0,0.24471353317416622
backbone_denovo,RAPCID_backbone_rapcid_backbone_38_model_3,/scratch/a2149a01/RAPCID_2610_output/ligandmpnn_inputs/backbone_denovo/RAPCID_backbone_rapcid_backbone_38_model_3.pdb,/scratch/a2149a01/RAPCID_2610_output/ligandmpnn/seqs/RAPCID_backbone_rapcid_backbone_38_model_3.fa,1038.320666000247,731.32422734797,0.2956663087857715,0.21818181818181817,0.2962962962962963,0.6442366363152479,0.14285714285714285,0.7848744223005486,0.0,1.0,1.0,0.23203973794349614
backbone,RAPCID_backbone_rapcid_backbone_40_model_7,/scratch/a2149a01/RAPCID_2610_output/ligandmpnn_inputs/backbone/RAPCID_backbone_rapcid_backbone_40_model_7.pdb,/scratch/a2149a01/RAPCID_2610_output/ligandmpnn/seqs/RAPCID_backbone_rapcid_backbone_40_model_7.fa,1039.6045360267162,732.8163126111031,0.2951008896018603,0.24074074074074073,0.2962962962962963,0.6386628819752391,0.2857142857142857,0.7608926649587413,0.0,0.8556701158380227,1.0,0.23742502995046677
backbone_denovo,RAPCID_backbone_rapcid_backbone_110_model_0,/scratch/a2149a01/RAPCID_2610_output/ligandmpnn_inputs/backbone_denovo/RAPCID_backbone_rapcid_backbone_110_model_0.pdb,/scratch/a2149a01/RAPCID_2610_output/ligandmpnn/seqs/RAPCID_backbone_rapcid_backbone_110_model_0.fa,1043.25877353549,735.4059107452631,0.29508772952557805,0.2,0.2222222222222222,0.6720855874403291,0.0,0.9227994294301742,0.0,1.0,1.0,0.21612281161984348
backbone,RAPCID_backbone_rapcid_backbone_244_model_4,/scratch/a2149a01/RAPCID_2610_output/ligandmpnn_inputs/backbone/RAPCID_backbone_rapcid_backbone_244_model_4.pdb,/scratch/a2149a01/RAPCID_2610_output/ligandmpnn/seqs/RAPCID_backbone_rapcid_backbone_244_model_4.fa,1041.905931726098,734.5383947789669,0.2950050744388445,0.23636363636363636,0.2962962962962963,0.579941230895627,0.14285714285714285,0.8537182809650419,0.0,0.8541667079993742,1.0,0.23628763703283356
backbone_long,RAPCID_backbone_rapcid_backbone_195_model_3,/scratch/a2149a01/RAPCID_2610_output/ligandmpnn_inputs/backbone_long/RAPCID_backbone_rapcid_backbone_195_model_3.pdb,/scratch/a2149a01/RAPCID_2610_output/ligandmpnn/seqs/RAPCID_backbone_rapcid_backbone_195_model_3.fa,1040.9532422423363,734.1161953508854,0.29476544616978917,0.16071428571428573,0.25925925925925924,0.6251072435750861,0.14285714285714285,0.7970891242602154,0.0,0.7300884667101982,0.5,0.21171191109386545
backbone_denovo,RAPCID_backbone_rapcid_backbone_169_model_4,/scratch/a2149a01/RAPCID_2610_output/ligandmpnn_inputs/backbone_denovo/RAPCID_backbone_rapcid_backbone_169_model_4.pdb,/scratch/a2149a01/RAPCID_2610_output/ligandmpnn/seqs/RAPCID_backbone_rapcid_backbone_169_model_4.fa,1042.083354383707,735.027805685997,0.2946554586118537,0.2,0.25925925925925924,0.620768356534033,0.14285714285714285,0.8874458859875579,0.0,1.0,1.0,0.22148384526422307
backbone_denovo,RAPCID_backbone_rapcid_backbone_60_model_6,/scratch/a2149a01/RAPCID_2610_output/ligandmpnn_inputs/backbone_denovo/RAPCID_backbone_rapcid_backbone_60_model_6.pdb,/scratch/a2149a01/RAPCID_2610_output/ligandmpnn/seqs/RAPCID_backbone_rapcid_backbone_60_model_6.fa,1039.4850553423166,733.2210611552,0.2946304928705874,0.16071428571428573,0.2222222222222222,0.6604878089627675,0.0,0.8669089504898599,0.0,1.0,1.0,0.2060956265536691
backbone_denovo,RAPCID_backbone_rapcid_backbone_140_model_7,/scratch/a2149a01/RAPCID_2610_output/ligandmpnn_inputs/backbone_denovo/RAPCID_backbone_rapcid_backbone_140_model_7.pdb,/scratch/a2149a01/RAPCID_2610_output/ligandmpnn/seqs/RAPCID_backbone_rapcid_backbone_140_model_7.fa,1046.5645312964916,738.6143633276224,0.2942486189431418,0.23214285714285715,0.3333333333333333,0.5951506743296464,0.0,0.9146284427568299,0.0,1.0,1.0,0.24044759281012812
backbone,RAPCID_backbone_rapcid_backbone_105_model_3,/scratch/a2149a01/RAPCID_2610_output/ligandmpnn_inputs/backbone/RAPCID_backbone_rapcid_backbone_105_model_3.pdb,/scratch/a2149a01/RAPCID_2610_output/ligandmpnn/seqs/RAPCID_backbone_rapcid_backbone_105_model_3.fa,1037.5562817156315,732.3845354765654,0.29412548660440396,0.2,0.25925925925925924,0.6198236235639989,0.14285714285714285,0.8023739856109525,0.0,0.7289719629248893,0.5,0.22124535786087066
backbone_denovo,RAPCID_backbone_rapcid_backbone_107_model_6,/scratch/a2149a01/RAPCID_2610_output/ligandmpnn_inputs/backbone_denovo/RAPCID_backbone_rapcid_backbone_107_model_6.pdb,/scratch/a2149a01/RAPCID_2610_output/ligandmpnn/seqs/RAPCID_backbone_rapcid_backbone_107_model_6.fa,1040.3829977214336,734.4333453625441,0.2940740602537304,0.19642857142857142,0.2962962962962963,0.5914905369399319,0.0,0.9432688914074131,0.0,1.0,1.0,0.22588491441576597
backbone_denovo,RAPCID_backbone_rapcid_backbone_222_model_2,/scratch/a2149a01/RAPCID_2610_output/ligandmpnn_inputs/backbone_denovo/RAPCID_backbone_rapcid_backbone_222_model_2.pdb,/scratch/a2149a01/RAPCID_2610_output/ligandmpnn/seqs/RAPCID_backbone_rapcid_backbone_222_model_2.fa,1043.25877353549,736.5366641283035,0.29400386288412295,0.2727272727272727,0.2222222222222222,0.6886695842326147,0.14285714285714285,0.8852813836407646,0.0,1.0,1.0,0.23381688981300683
backbone_denovo,RAPCID_backbone_rapcid_backbone_68_model_1,/scratch/a2149a01/RAPCID_2610_output/ligandmpnn_inputs/backbone_denovo/RAPCID_backbone_rapcid_backbone_68_model_1.pdb,/scratch/a2149a01/RAPCID_2610_output/ligandmpnn/seqs/RAPCID_backbone_rapcid_backbone_68_model_1.fa,1039.6869882941246,734.0980724990368,0.2939239590720333,0.16666666666666666,0.2222222222222222,0.5672180215955076,0.0,0.9741529102045642,0.0,1.0,1.0,0.20726578158241496
backbone_denovo,RAPCID_backbone_rapcid_backbone_33_model_1,/scratch/a2149a01/RAPCID_2610_output/ligandmpnn_inputs/backbone_denovo/RAPCID_backbone_rapcid_backbone_33_model_1.pdb,/scratch/a2149a01/RAPCID_2610_output/ligandmpnn/seqs/RAPCID_backbone_rapcid_backbone_33_model_1.fa,1042.8094889819622,736.6700009703636,0.29357182807232196,0.16071428571428573,0.25925925925925924,0.5902298629652293,0.0,0.9358353590203519,0.0,1.0,1.0,0.2111747829500052
backbone,RAPCID_backbone_rapcid_backbone_235_model_3,/scratch/a2149a01/RAPCID_2610_output/ligandmpnn_inputs/backbone/RAPCID_backbone_rapcid_backbone_235_model_3.pdb,/scratch/a2149a01/RAPCID_2610_output/ligandmpnn/seqs/RAPCID_backbone_rapcid_backbone_235_model_3.fa,1043.2813202440739,737.105210095644,0.2934741610027106,0.125,0.2222222222222222,0.6263911246713165,0.14285714285714285,0.762742430296546,0.0,0.7578641688245751,1.0,0.19664670578455312
backbone_denovo,RAPCID_backbone_rapcid_backbone_123_model_2,/scratch/a2149a01/RAPCID_2610_output/ligandmpnn_inputs/backbone_denovo/RAPCID_backbone_rapcid_backbone_123_model_2.pdb,/scratch/a2149a01/RAPCID_2610_output/ligandmpnn/seqs/RAPCID_backbone_rapcid_backbone_123_model_2.fa,1042.6411807239056,736.8728867918253,0.2932632046240351,0.2777777777777778,0.25925925925925924,0.6959796202564954,0.14285714285714285,0.7894467003599386,0.0,1.0,1.0,0.24030177541414913
backbone_denovo,RAPCID_backbone_rapcid_backbone_234_model_7,/scratch/a2149a01/RAPCID_2610_output/ligandmpnn_inputs/backbone_denovo/RAPCID_backbone_rapcid_backbone_234_model_7.pdb,/scratch/a2149a01/RAPCID_2610_output/ligandmpnn/seqs/RAPCID_backbone_rapcid_backbone_234_model_7.fa,1038.7849435508251,734.2061889916658,0.29320674741206143,0.2,0.3333333333333333,0.5914758814739568,0.0,0.9696048637011724,0.0,1.0,1.0,0.23194303633542762
backbone,RAPCID_backbone_rapcid_backbone_13_model_3,/scratch/a2149a01/RAPCID_2610_output/ligandmpnn_inputs/backbone/RAPCID_backbone_rapcid_backbone_13_model_3.pdb,/scratch/a2149a01/RAPCID_2610_output/ligandmpnn/seqs/RAPCID_backbone_rapcid_backbone_13_model_3.fa,1037.5562817156315,733.4699265062809,0.29307938332418393,0.14545454545454545,0.2222222222222222,0.6000424027021138,0.14285714285714285,0.8696469785521401,0.0,0.7383177754933579,0.5,0.20158269219285246
backbone_long,RAPCID_backbone_rapcid_backbone_29_model_5,/scratch/a2149a01/RAPCID_2610_output/ligandmpnn_inputs/backbone_long/RAPCID_backbone_rapcid_backbone_29_model_5.pdb,/scratch/a2149a01/RAPCID_2610_output/ligandmpnn/seqs/RAPCID_backbone_rapcid_backbone_29_model_5.fa,1039.9997865110636,735.2654296308756,0.29301386484173686,0.2545454545454545,0.25925925925925924,0.6113134170148364,0.14285714285714285,0.8170784425815923,0.0,0.8842104927061567,1.0,0.2343814917040341
backbone,RAPCID_backbone_rapcid_backbone_198_model_2,/scratch/a2149a01/RAPCID_2610_output/ligandmpnn_inputs/backbone/RAPCID_backbone_rapcid_backbone_198_model_2.pdb,/scratch/a2149a01/RAPCID_2610_output/ligandmpnn/seqs/RAPCID_backbone_rapcid_backbone_198_model_2.fa,1040.1031655669212,735.7572812587023,0.2926112470221466,0.25,0.3333333333333333,0.6305799094760071,0.2857142857142857,0.7383438919761532,0.0,0.8177570339911439,1.0,0.24417506115996596
backbone_denovo,RAPCID_backbone_rapcid_backbone_69_model_5,/scratch/a2149a01/RAPCID_2610_output/ligandmpnn_inputs/backbone_denovo/RAPCID_backbone_rapcid_backbone_69_model_5.pdb,/scratch/a2149a01/RAPCID_2610_output/ligandmpnn/seqs/RAPCID_backbone_rapcid_backbone_69_model_5.fa,1039.7174626290798,735.8444049209356,0.2922650322134208,0.21818181818181817,0.2222222222222222,0.6408360995131004,0.0,0.8219697028060731,0.0,0.6764574912560984,0.5,0.21939805237482723
backbone,RAPCID_backbone_rapcid_backbone_94_model_0,/scratch/a2149a01/RAPCID_2610_output/ligandmpnn_inputs/backbone/RAPCID_backbone_rapcid_backbone_94_model_0.pdb,/scratch/a2149a01/RAPCID_2610_output/ligandmpnn/seqs/RAPCID_backbone_rapcid_backbone_94_model_0.fa,1040.904816493392,737.1195330768824,0.2918473222555582,0.18181818181818182,0.25925925925925924,0.6315783456806128,0.14285714285714285,0.8031116413636644,0.0,0.8113207566004224,1.0,0.21567472935843554
backbone_denovo,RAPCID_backbone_rapcid_backbone_140_model_3,/scratch/a2149a01/RAPCID_2610_output/ligandmpnn_inputs/backbone_denovo/RAPCID_backbone_rapcid_backbone_140_model_3.pdb,/scratch/a2149a01/RAPCID_2610_output/ligandmpnn/seqs/RAPCID_backbone_rapcid_backbone_140_model_3.fa,1046.5645312964916,741.2109274864197,0.29176758305748973,0.2857142857142857,0.3333333333333333,0.6016830939551329,0.0,0.9659513957876259,0.0,1.0,1.0,0.25272398380444183
backbone_long,RAPCID_backbone_rapcid_backbone_57_model_5,/scratch/a2149a01/RAPCID_2610_output/ligandmpnn_inputs/backbone_long/RAPCID_backbone_rapcid_backbone_57_model_5.pdb,/scratch/a2149a01/RAPCID_2610_output/ligandmpnn/seqs/RAPCID_backbone_rapcid_backbone_57_model_5.fa,1040.1031655669212,736.6932735443115,0.29171134370813334,0.16071428571428573,0.25925925925925924,0.6535918468558282,0.14285714285714285,0.7036997480157332,0.0,0.7897196622120479,1.0,0.21033756498612033
backbone_denovo,RAPCID_backbone_rapcid_backbone_75_model_0,/scratch/a2149a01/RAPCID_2610_output/ligandmpnn_inputs/backbone_denovo/RAPCID_backbone_rapcid_backbone_75_model_0.pdb,/scratch/a2149a01/RAPCID_2610_output/ligandmpnn/seqs/RAPCID_backbone_rapcid_backbone_75_model_0.fa,1045.2416070401669,740.533949509263,0.29151887513715713,0.26785714285714285,0.25925925925925924,0.6562906111323628,0.0,0.8516525103015302,0.0,1.0,1.0,0.23703666841489532
backbone_denovo,RAPCID_backbone_rapcid_backbone_5_model_6,/scratch/a2149a01/RAPCID_2610_output/ligandmpnn_inputs/backbone_denovo/RAPCID_backbone_rapcid_backbone_5_model_6.pdb,/scratch/a2149a01/RAPCID_2610_output/ligandmpnn/seqs/RAPCID_backbone_rapcid_backbone_5_model_6.fa,1041.6563350707293,737.9954599589109,0.29151733147305203,0.16363636363636364,0.18518518518518517,0.6260032938874209,0.14285714285714285,0.874458873912001,0.0,1.0,1.0,0.19986966784974214
backbone,RAPCID_backbone_rapcid_backbone_223_model_7,/scratch/a2149a01/RAPCID_2610_output/ligandmpnn_inputs/backbone/RAPCID_backbone_rapcid_backbone_223_model_7.pdb,/scratch/a2149a01/RAPCID_2610_output/ligandmpnn/seqs/RAPCID_backbone_rapcid_backbone_223_model_7.fa,1044.3158884495497,740.0397170335054,0.2913641119334015,0.19298245614035087,0.2222222222222222,0.6396790118713619,0.0,0.7682520705320884,0.0,0.5255060591379159,0.5,0.21269279773845173
backbone,RAPCID_backbone_rapcid_backbone_24_model_4,/scratch/a2149a01/RAPCID_2610_output/ligandmpnn_inputs/backbone/RAPCID_backbone_rapcid_backbone_24_model_4.pdb,/scratch/a2149a01/RAPCID_2610_output/ligandmpnn/seqs/RAPCID_backbone_rapcid_backbone_24_model_4.fa,1042.0449339598417,738.546388655901,0.29125283892569354,0.18518518518518517,0.2962962962962963,0.6183761676442338,0.14285714285714285,0.8056018410489,0.0,0.841121483004428,1.0,0.22180451825730285
backbone_denovo,RAPCID_backbone_rapcid_backbone_245_model_5,/scratch/a2149a01/RAPCID_2610_output/ligandmpnn_inputs/backbone_denovo/RAPCID_backbone_rapcid_backbone_245_model_5.pdb,/scratch/a2149a01/RAPCID_2610_output/ligandmpnn/seqs/RAPCID_backbone_rapcid_backbone_245_model_5.fa,1041.6563350707293,738.4688266813755,0.29106289491223325,0.2727272727272727,0.2222222222222222,0.6852328938840486,0.0,0.8118534062704276,0.0,1.0,1.0,0.23249345422565648
backbone_denovo,RAPCID_backbone_rapcid_backbone_74_model_7,/scratch/a2149a01/RAPCID_2610_output/ligandmpnn_inputs/backbone_denovo/RAPCID_backbone_rapcid_backbone_74_model_7.pdb,/scratch/a2149a01/RAPCID_2610_output/ligandmpnn/seqs/RAPCID_backbone_rapcid_backbone_74_model_7.fa,1037.7289652377367,735.7819880396128,0.29096901726063884,0.2545454545454545,0.2962962962962963,0.6276875085481018,0.14285714285714285,0.7576242973426669,0.5,0.5795454440181397,0.5,0.23901686584809556
backbone,RAPCID_backbone_rapcid_backbone_72_model_2,/scratch/a2149a01/RAPCID_2610_output/ligandmpnn_inputs/backbone/RAPCID_backbone_rapcid_backbone_72_model_2.pdb,/scratch/a2149a01/RAPCID_2610_output/ligandmpnn/seqs/RAPCID_backbone_rapcid_backbone_72_model_2.fa,1039.5288173556328,737.3500042557716,0.29068825034456247,0.23214285714285715,0.2962962962962963,0.6173138797958804,0.0,0.8420282351744817,0.0,1.0,1.0,0.23328987138521184
backbone_denovo,RAPCID_backbone_rapcid_backbone_52_model_2,/scratch/a2149a01/RAPCID_2610_output/ligandmpnn_inputs/backbone_denovo/RAPCID_backbone_rapcid_backbone_52_model_2.pdb,/scratch/a2149a01/RAPCID_2610_output/ligandmpnn/seqs/RAPCID_backbone_rapcid_backbone_52_model_2.fa,1042.8094889819622,739.8025415539742,0.2905678847665618,0.25,0.14814814814814814,0.7070846127824401,0.2857142857142857,0.6637147168137758,0.5,0.3116574126300585,0.5,0.21547777036717505
backbone_denovo,RAPCID_backbone_rapcid_backbone_42_model_6,/scratch/a2149a01/RAPCID_2610_output/ligandmpnn_inputs/backbone_denovo/RAPCID_backbone_rapcid_backbone_42_model_6.pdb,/scratch/a2149a01/RAPCID_2610_output/ligandmpnn/seqs/RAPCID_backbone_rapcid_backbone_42_model_6.fa,1040.5306161493063,738.2894305884838,0.2904683253620418,0.21052631578947367,0.3333333333333333,0.6185801718904244,0.0,0.8836713425122312,0.0,1.0,1.0,0.23334232536028723
backbone,RAPCID_backbone_rapcid_backbone_166_model_2,/scratch/a2149a01/RAPCID_2610_output/ligandmpnn_inputs/backbone/RAPCID_backbone_rapcid_backbone_166_model_2.pdb,/scratch/a2149a01/RAPCID_2610_output/ligandmpnn/seqs/RAPCID_backbone_rapcid_backbone_166_model_2.fa,1038.8232281655073,737.1293866187334,0.2904188444838157,0.14545454545454545,0.18518518518518517,0.6496723750857396,0.14285714285714285,0.8149872673207271,0.0,0.8364486261649262,1.0,0.1948298941591312
backbone,RAPCID_backbone_rapcid_backbone_148_model_3,/scratch/a2149a01/RAPCID_2610_output/ligandmpnn_inputs/backbone/RAPCID_backbone_rapcid_backbone_148_model_3.pdb,/scratch/a2149a01/RAPCID_2610_output/ligandmpnn/seqs/RAPCID_backbone_rapcid_backbone_148_model_3.fa,1040.9484481066465,738.6736392378807,0.29038403334820806,0.09090909090909091,0.18518518518518517,0.6213875866089823,0.0,0.8637747209624644,0.0,0.8684210448153853,1.0,0.18117786551174414
backbone_denovo,RAPCID_backbone_rapcid_backbone_230_model_3,/scratch/a2149a01/RAPCID_2610_output/ligandmpnn_inputs/backbone_denovo/RAPCID_backbone_rapcid_backbone_230_model_3.pdb,/scratch/a2149a01/RAPCID_2610_output/ligandmpnn/seqs/RAPCID_backbone_rapcid_backbone_230_model_3.fa,1039.1335251927376,737.5599468797445,0.29021638798253324,0.21428571428571427,0.2962962962962963,0.6765021591548842,0.14285714285714285,0.8802816888544285,0.0,1.0,1.0,0.228613247608013
backbone_denovo,RAPCID_backbone_rapcid_backbone_128_model_0,/scratch/a2149a01/RAPCID_2610_output/ligandmpnn_inputs/backbone_denovo/RAPCID_backbone_rapcid_backbone_128_model_0.pdb,/scratch/a2149a01/RAPCID_2610_output/ligandmpnn/seqs/RAPCID_backbone_rapcid_backbone_128_model_0.fa,1040.185861632228,738.5818282216787,0.28995206004557816,0.18181818181818182,0.2962962962962963,0.6135671200655677,0.0,0.9616948620276433,0.0,1.0,1.0,0.22037741691950008
backbone_denovo,RAPCID_backbone_rapcid_backbone_192_model_6,/scratch/a2149a01/RAPCID_2610_output/ligandmpnn_inputs/backbone_denovo/RAPCID_backbone_rapcid_backbone_192_model_6.pdb,/scratch/a2149a01/RAPCID_2610_output/ligandmpnn/seqs/RAPCID_backbone_rapcid_backbone_192_model_6.fa,1039.4906234443188,738.5411710441113,0.28951627423345216,0.16666666666666666,0.14814814814814814,0.6618721157524929,0.14285714285714285,0.8353720462882025,0.0,1.0,1.0,0.19417121229394235
backbone_denovo,RAPCID_backbone_rapcid_backbone_198_model_6,/scratch/a2149a01/RAPCID_2610_output/ligandmpnn_inputs/backbone_denovo/RAPCID_backbone_rapcid_backbone_198_model_6.pdb,/scratch/a2149a01/RAPCID_2610_output/ligandmpnn/seqs/RAPCID_backbone_rapcid_backbone_198_model_6.fa,1045.2416070401669,742.744701012969,0.28940381246761204,0.16071428571428573,0.25925925925925924,0.5722612867234647,0.0,0.9550553622137007,0.0,1.0,1.0,0.20929917592788574
backbone_denovo,RAPCID_backbone_rapcid_backbone_182_model_2,/scratch/a2149a01/RAPCID_2610_output/ligandmpnn_inputs/backbone_denovo/RAPCID_backbone_rapcid_backbone_182_model_2.pdb,/scratch/a2149a01/RAPCID_2610_output/ligandmpnn/seqs/RAPCID_backbone_rapcid_backbone_182_model_2.fa,1039.6969839632511,738.817622885108,0.28939139549218695,0.16666666666666666,0.1111111111111111,0.7293092916082959,0.42857142857142855,0.6036739130622178,0.5,0.5,0.5,0.18855946130481746
backbone_denovo,RAPCID_backbone_rapcid_backbone_45_model_1,/scratch/a2149a01/RAPCID_2610_output/ligandmpnn_inputs/backbone_denovo/RAPCID_backbone_rapcid_backbone_45_model_1.pdb,/scratch/a2149a01/RAPCID_2610_output/ligandmpnn/seqs/RAPCID_backbone_rapcid_backbone_45_model_1.fa,1043.25877353549,741.4216133356094,0.2893214683227513,0.12727272727272726,0.07407407407407407,0.6492239007077034,0.14285714285714285,0.8571428571428571,0.0,0.8867924339957769,1.0,0.173123953674531
backbone_denovo,RAPCID_backbone_rapcid_backbone_188_model_4,/scratch/a2149a01/RAPCID_2610_output/ligandmpnn_inputs/backbone_denovo/RAPCID_backbone_rapcid_backbone_188_model_4.pdb,/scratch/a2149a01/RAPCID_2610_output/ligandmpnn/seqs/RAPCID_backbone_rapcid_backbone_188_model_4.fa,1038.320666000247,738.6864507645369,0.28857579844764336,0.2,0.25925925925925924,0.618117465979139,0.0,0.9199594741627928,0.0,1.0,1.0,0.2187479981903284
backbone_long,RAPCID_backbone_rapcid_backbone_231_model_0,/scratch/a2149a01/RAPCID_2610_output/ligandmpnn_inputs/backbone_long/RAPCID_backbone_rapcid_backbone_231_model_0.pdb,/scratch/a2149a01/RAPCID_2610_output/ligandmpnn/seqs/RAPCID_backbone_rapcid_backbone_231_model_0.fa,1045.6712324172258,744.022588044405,0.2884736951933877,0.21052631578947367,0.25925925925925924,0.6182037209588437,0.14285714285714285,0.8294270251022217,0.0,0.8789473805361528,1.0,0.2213336306732818
backbone_denovo,RAPCID_backbone_rapcid_backbone_232_model_6,/scratch/a2149a01/RAPCID_2610_output/ligandmpnn_inputs/backbone_denovo/RAPCID_backbone_rapcid_backbone_232_model_6.pdb,/scratch/a2149a01/RAPCID_2610_output/ligandmpnn/seqs/RAPCID_backbone_rapcid_backbone_232_model_6.fa,1038.0815004557371,738.9477341920137,0.2881601937154241,0.2,0.25925925925925924,0.6330605981615686,0.14285714285714285,0.7721241801078278,0.5,0.5121951224678785,0.5,0.21856097606082978
backbone_denovo,RAPCID_backbone_rapcid_backbone_77_model_0,/scratch/a2149a01/RAPCID_2610_output/ligandmpnn_inputs/backbone_denovo/RAPCID_backbone_rapcid_backbone_77_model_0.pdb,/scratch/a2149a01/RAPCID_2610_output/ligandmpnn/seqs/RAPCID_backbone_rapcid_backbone_77_model_0.fa,1045.5025196820498,744.3035193234682,0.2880901716527473,0.21428571428571427,0.2222222222222222,0.6985696314745558,0.0,0.8135820577360515,0.0,0.9793814399252293,1.0,0.2165453391484982
backbone_long,RAPCID_backbone_rapcid_backbone_44_model_5,/scratch/a2149a01/RAPCID_2610_output/ligandmpnn_inputs/backbone_long/RAPCID_backbone_rapcid_backbone_44_model_5.pdb,/scratch/a2149a01/RAPCID_2610_output/ligandmpnn/seqs/RAPCID_backbone_rapcid_backbone_44_model_5.fa,1040.9144045263529,741.0410254597664,0.2880864918024051,0.21428571428571427,0.25925925925925924,0.5971650386560623,0.14285714285714285,0.8149344500363311,0.0,0.9953271101973431,1.0,0.22209923877139975
backbone_denovo,RAPCID_backbone_rapcid_backbone_3_model_6,/scratch/a2149a01/RAPCID_2610_output/ligandmpnn_inputs/backbone_denovo/RAPCID_backbone_rapcid_backbone_3_model_6.pdb,/scratch/a2149a01/RAPCID_2610_output/ligandmpnn/seqs/RAPCID_backbone_rapcid_backbone_3_model_6.fa,1042.6291622072458,742.2853572666645,0.28806388294832797,0.18181818181818182,0.3333333333333333,0.5655044614940041,0.0,0.916164861992736,0.0,1.0,1.0,0.22508329278129302
backbone,RAPCID_backbone_rapcid_backbone_228_model_5,/scratch/a2149a01/RAPCID_2610_output/ligandmpnn_inputs/backbone/RAPCID_backbone_rapcid_backbone_228_model_5.pdb,/scratch/a2149a01/RAPCID_2610_output/ligandmpnn/seqs/RAPCID_backbone_rapcid_backbone_228_model_5.fa,1044.7282166332006,743.9427393525839,0.28790787162803433,0.10526315789473684,0.18518518518518517,0.6615782129831277,0.14285714285714285,0.7186665781274234,0.0,0.8210526268892311,1.0,0.18365210948407745
backbone_denovo,RAPCID_backbone_rapcid_backbone_108_model_7,/scratch/a2149a01/RAPCID_2610_output/ligandmpnn_inputs/backbone_denovo/RAPCID_backbone_rapcid_backbone_108_model_7.pdb,/scratch/a2149a01/RAPCID_2610_output/ligandmpnn/seqs/RAPCID_backbone_rapcid_backbone_108_model_7.fa,1043.7675976753235,743.6228524446487,0.2875589795076571,0.30357142857142855,0.25925925925925924,0.6796287117678567,0.0,0.7839749057289698,0.0,0.7790697544150897,1.0,0.24418328681019172
backbone_denovo,RAPCID_backbone_rapcid_backbone_82_model_7,/scratch/a2149a01/RAPCID_2610_output/ligandmpnn_inputs/backbone_denovo/RAPCID_backbone_rapcid_backbone_82_model_7.pdb,/scratch/a2149a01/RAPCID_2610_output/ligandmpnn/seqs/RAPCID_backbone_rapcid_backbone_82_model_7.fa,1042.083354383707,742.7148264944553,0.287278869420479,0.2,0.2962962962962963,0.579041354758729,0.0,0.9548689620847027,0.0,1.0,1.0,0.22371993568366
backbone_denovo,RAPCID_backbone_rapcid_backbone_32_model_3,/scratch/a2149a01/RAPCID_2610_output/ligandmpnn_inputs/backbone_denovo/RAPCID_backbone_rapcid_backbone_32_model_3.pdb,/scratch/a2149a01/RAPCID_2610_output/ligandmpnn/seqs/RAPCID_backbone_rapcid_backbone_32_model_3.fa,1045.5025196820498,745.2482340484858,0.2871865729456826,0.23214285714285715,0.2962962962962963,0.5932570849698189,0.0,0.8854167622213313,0.0,0.7179487319574542,0.5,0.23171411655571594
backbone_denovo,RAPCID_backbone_rapcid_backbone_145_model_2,/scratch/a2149a01/RAPCID_2610_output/ligandmpnn_inputs/backbone_denovo/RAPCID_backbone_rapcid_backbone_145_model_2.pdb,/scratch/a2149a01/RAPCID_2610_output/ligandmpnn/seqs/RAPCID_backbone_rapcid_backbone_145_model_2.fa,1042.7417836338282,743.6160657703876,0.2868646126570509,0.125,0.14814814814814814,0.7220122220352955,0.14285714285714285,0.6483695148960399,0.5,0.5465116275312045,0.5,0.18256129791789513
backbone_denovo,RAPCID_backbone_rapcid_backbone_110_model_4,/scratch/a2149a01/RAPCID_2610_output/ligandmpnn_inputs/backbone_denovo/RAPCID_backbone_rapcid_backbone_110_model_4.pdb,/scratch/a2149a01/RAPCID_2610_output/ligandmpnn/seqs/RAPCID_backbone_rapcid_backbone_110_model_4.fa,1043.25877353549,744.0202319025993,0.28683060159542584,0.12727272727272726,0.18518518518518517,0.6024367551795926,0.0,0.9613788273937711,0.0,1.0,1.0,0.18866973031390122
backbone_denovo,RAPCID_backbone_rapcid_backbone_39_model_1,/scratch/a2149a01/RAPCID_2610_output/ligandmpnn_inputs/backbone_denovo/RAPCID_backbone_rapcid_backbone_39_model_1.pdb,/scratch/a2149a01/RAPCID_2610_output/ligandmpnn/seqs/RAPCID_backbone_rapcid_backbone_39_model_1.fa,1041.6563350707293,743.2650189548731,0.286458504661804,0.21818181818181817,0.2222222222222222,0.738186233777644,0.14285714285714285,0.6079197631136175,0.5,0.5121951224678785,0.5,0.21678511497659966
backbone_denovo,RAPCID_backbone_rapcid_backbone_123_model_1,/scratch/a2149a01/RAPCID_2610_output/ligandmpnn_inputs/backbone_denovo/RAPCID_backbone_rapcid_backbone_123_model_1.pdb,/scratch/a2149a01/RAPCID_2610_output/ligandmpnn/seqs/RAPCID_backbone_rapcid_backbone_123_model_1.fa,1042.6411807239056,744.4294494986534,0.2860156847231027,0.2222222222222222,0.2962962962962963,0.6395924215624456,0.0,0.8661719223343931,0.0,1.0,1.0,0.2287070581253962
backbone_denovo,RAPCID_backbone_rapcid_backbone_12_model_2,/scratch/a2149a01/RAPCID_2610_output/ligandmpnn_inputs/backbone_denovo/RAPCID_backbone_rapcid_backbone_12_model_2.pdb,/scratch/a2149a01/RAPCID_2610_output/ligandmpnn/seqs/RAPCID_backbone_rapcid_backbone_12_model_2.fa,1042.8094889819622,744.8643612414598,0.28571386325930914,0.19642857142857142,0.2222222222222222,0.6014127122539138,0.0,0.8729535299901452,0.0,1.0,1.0,0.21101171465716528
backbone_denovo,RAPCID_backbone_rapcid_backbone_32_model_7,/scratch/a2149a01/RAPCID_2610_output/ligandmpnn_inputs/backbone_denovo/RAPCID_backbone_rapcid_backbone_32_model_7.pdb,/scratch/a2149a01/RAPCID_2610_output/ligandmpnn/seqs/RAPCID_backbone_rapcid_backbone_32_model_7.fa,1045.5025196820498,748.4280125647783,0.284145185233619,0.2857142857142857,0.18518518518518517,0.7322183499316762,0.2857142857142857,0.7089362598934196,0.5,0.51282051285858,0.5,0.22707168256147775
backbone_denovo,RAPCID_backbone_rapcid_backbone_172_model_0,/scratch/a2149a01/RAPCID_2610_output/ligandmpnn_inputs/backbone_denovo/RAPCID_backbone_rapcid_backbone_172_model_0.pdb,/scratch/a2149a01/RAPCID_2610_output/ligandmpnn/seqs/RAPCID_backbone_rapcid_backbone_172_model_0.fa,1042.5024664998055,746.9759785681963,0.28347797480406667,0.23214285714285715,0.2222222222222222,0.6801558391081928,0.0,0.9626865793106444,0.0,1.0,1.0,0.2189341362808776
backbone_denovo,RAPCID_backbone_rapcid_backbone_27_model_5,/scratch/a2149a01/RAPCID_2610_output/ligandmpnn_inputs/backbone_denovo/RAPCID_backbone_rapcid_backbone_27_model_5.pdb,/scratch/a2149a01/RAPCID_2610_output/ligandmpnn/seqs/RAPCID_backbone_rapcid_backbone_27_model_5.fa,1041.039002045989,746.041699975729,0.2833681557467991,0.2727272727272727,0.2222222222222222,0.7049532598121679,0.14285714285714285,0.8154972637237243,0.0,1.0,1.0,0.2290308216012111
backbone_long,RAPCID_backbone_rapcid_backbone_68_model_1,/scratch/a2149a01/RAPCID_2610_output/ligandmpnn_inputs/backbone_long/RAPCID_backbone_rapcid_backbone_68_model_1.pdb,/scratch/a2149a01/RAPCID_2610_output/ligandmpnn/seqs/RAPCID_backbone_rapcid_backbone_68_model_1.fa,1045.6712324172258,749.5823549479246,0.2831567593045927,0.17543859649122806,0.2962962962962963,0.6124262449902739,0.0,0.8588778209541374,0.0,0.8421052612038463,1.0,0.21572463525431818
backbone,RAPCID_backbone_rapcid_backbone_234_model_5,/scratch/a2149a01/RAPCID_2610_output/ligandmpnn_inputs/backbone/RAPCID_backbone_rapcid_backbone_234_model_5.pdb,/scratch/a2149a01/RAPCID_2610_output/ligandmpnn/seqs/RAPCID_backbone_rapcid_backbone_234_model_5.fa,1044.7282166332006,749.1231778264046,0.2829492245930041,0.22807017543859648,0.2962962962962963,0.5994924024628802,0.14285714285714285,0.8475890239208586,0.0,0.8210526268892311,1.0,0.22878913937094542
backbone_long,RAPCID_backbone_rapcid_backbone_100_model_5,/scratch/a2149a01/RAPCID_2610_output/ligandmpnn_inputs/backbone_long/RAPCID_backbone_rapcid_backbone_100_model_5.pdb,/scratch/a2149a01/RAPCID_2610_output/ligandmpnn/seqs/RAPCID_backbone_rapcid_backbone_100_model_5.fa,1044.716412499547,749.5196291804314,0.2825616404482816,0.17543859649122806,0.2222222222222222,0.624543779910929,0.14285714285714285,0.8651673475812146,0.0,0.860824746766361,1.0,0.20434572065786705
backbone,RAPCID_backbone_rapcid_backbone_159_model_3,/scratch/a2149a01/RAPCID_2610_output/ligandmpnn_inputs/backbone/RAPCID_backbone_rapcid_backbone_159_model_3.pdb,/scratch/a2149a01/RAPCID_2610_output/ligandmpnn/seqs/RAPCID_backbone_rapcid_backbone_159_model_3.fa,1041.905931726098,747.5333415418863,0.28253279036096135,0.16363636363636364,0.25925925925925924,0.6016511942348302,0.14285714285714285,0.8097893987614444,0.0,0.75,1.0,0.20693773546041241
backbone,RAPCID_backbone_rapcid_backbone_226_model_4,/scratch/a2149a01/RAPCID_2610_output/ligandmpnn_inputs/backbone/RAPCID_backbone_rapcid_backbone_226_model_4.pdb,/scratch/a2149a01/RAPCID_2610_output/ligandmpnn/seqs/RAPCID_backbone_rapcid_backbone_226_model_4.fa,1036.4461232870817,743.661781296134,0.2824887231594675,0.2037037037037037,0.25925925925925924,0.634183517278159,0.14285714285714285,0.8651382359508005,0.0,1.0,1.0,0.2169347402365752
backbone_denovo,RAPCID_backbone_rapcid_backbone_113_model_3,/scratch/a2149a01/RAPCID_2610_output/ligandmpnn_inputs/backbone_denovo/RAPCID_backbone_rapcid_backbone_113_model_3.pdb,/scratch/a2149a01/RAPCID_2610_output/ligandmpnn/seqs/RAPCID_backbone_rapcid_backbone_113_model_3.fa,1040.064047679305,746.5794562548399,0.2821793447041241,0.18181818181818182,0.18518518518518517,0.7365149904586396,0.14285714285714285,0.6939155282172317,0.0,1.0,1.0,0.2002130283491791
backbone_denovo,RAPCID_backbone_rapcid_backbone_85_model_0,/scratch/a2149a01/RAPCID_2610_output/ligandmpnn_inputs/backbone_denovo/RAPCID_backbone_rapcid_backbone_85_model_0.pdb,/scratch/a2149a01/RAPCID_2610_output/ligandmpnn/seqs/RAPCID_backbone_rapcid_backbone_85_model_0.fa,1039.6869882941246,746.5511811375618,0.28194621117412266,0.2777777777777778,0.25925925925925924,0.6914817047352712,0.2857142857142857,0.7469931429742964,0.0,0.9119130006240831,1.0,0.23520912836168853
backbone_denovo,RAPCID_backbone_rapcid_backbone_101_model_6,/scratch/a2149a01/RAPCID_2610_output/ligandmpnn_inputs/backbone_denovo/RAPCID_backbone_rapcid_backbone_101_model_6.pdb,/scratch/a2149a01/RAPCID_2610_output/ligandmpnn/seqs/RAPCID_backbone_rapcid_backbone_101_model_6.fa,1039.1335251927376,746.1943684220314,0.28190713673333956,0.17857142857142858,0.2222222222222222,0.6411394382160763,0.14285714285714285,0.8893360144688687,0.0,1.0,1.0,0.2048344020061933
backbone_denovo,RAPCID_backbone_rapcid_backbone_243_model_6,/scratch/a2149a01/RAPCID_2610_output/ligandmpnn_inputs/backbone_denovo/RAPCID_backbone_rapcid_backbone_243_model_6.pdb,/scratch/a2149a01/RAPCID_2610_output/ligandmpnn/seqs/RAPCID_backbone_rapcid_backbone_243_model_6.fa,1040.185861632228,747.0716837197542,0.28179019608334976,0.2,0.2962962962962963,0.6239007321991576,0.0,0.9290780127997874,0.0,1.0,1.0,0.22125003268195187
backbone_denovo,RAPCID_backbone_rapcid_backbone_87_model_1,/scratch/a2149a01/RAPCID_2610_output/ligandmpnn_inputs/backbone_denovo/RAPCID_backbone_rapcid_backbone_87_model_1.pdb,/scratch/a2149a01/RAPCID_2610_output/ligandmpnn/seqs/RAPCID_backbone_rapcid_backbone_87_model_1.fa,1042.2963903099298,748.8092696219683,0.2815774125445185,0.14035087719298245,0.2962962962962963,0.6073964355644752,0.0,0.9890577538209955,0.0,1.0,1.0,0.20624199938772336
backbone_long,RAPCID_backbone_rapcid_backbone_239_model_2,/scratch/a2149a01/RAPCID_2610_output/ligandmpnn_inputs/backbone_long/RAPCID_backbone_rapcid_backbone_239_model_2.pdb,/scratch/a2149a01/RAPCID_2610_output/ligandmpnn/seqs/RAPCID_backbone_rapcid_backbone_239_model_2.fa,1041.8857262581587,748.6804336905479,0.2814178994664145,0.23636363636363636,0.2962962962962963,0.6193744751411172,0.14285714285714285,0.8327524411829833,0.0,0.8453608176199285,1.0,0.23017340829524002
backbone_denovo,RAPCID_backbone_rapcid_backbone_246_model_0,/scratch/a2149a01/RAPCID_2610_output/ligandmpnn_inputs/backbone_denovo/RAPCID_backbone_rapcid_backbone_246_model_0.pdb,/scratch/a2149a01/RAPCID_2610_output/ligandmpnn/seqs/RAPCID_backbone_rapcid_backbone_246_model_0.fa,1039.4906234443188,747.025118201971,0.2813546352859564,0.2037037037037037,0.25925925925925924,0.6339220134917639,0.14285714285714285,0.8846938802519062,0.0,1.0,1.0,0.2164244006934952
backbone,RAPCID_backbone_rapcid_backbone_79_model_7,/scratch/a2149a01/RAPCID_2610_output/ligandmpnn_inputs/backbone/RAPCID_backbone_rapcid_backbone_79_model_7.pdb,/scratch/a2149a01/RAPCID_2610_output/ligandmpnn/seqs/RAPCID_backbone_rapcid_backbone_79_model_7.fa,1042.7543054372072,749.3935868144035,0.28133254122580975,0.14545454545454545,0.2222222222222222,0.6260927287695275,0.14285714285714285,0.8404650778908296,0.0,0.8969071996261464,1.0,0.1962966132485841
backbone,RAPCID_backbone_rapcid_backbone_37_model_4,/scratch/a2149a01/RAPCID_2610_output/ligandmpnn_inputs/backbone/RAPCID_backbone_rapcid_backbone_37_model_4.pdb,/scratch/a2149a01/RAPCID_2610_output/ligandmpnn/seqs/RAPCID_backbone_rapcid_backbone_37_model_4.fa,1044.3158884495497,750.7210978865623,0.28113599899248376,0.22807017543859648,0.2962962962962963,0.5936808338470774,0.14285714285714285,0.8766692713053069,0.0,0.8631578955184614,1.0,0.22797318785071125
backbone_denovo,RAPCID_backbone_rapcid_backbone_126_model_1,/scratch/a2149a01/RAPCID_2610_output/ligandmpnn_inputs/backbone_denovo/RAPCID_backbone_rapcid_backbone_126_model_1.pdb,/scratch/a2149a01/RAPCID_2610_output/ligandmpnn/seqs/RAPCID_backbone_rapcid_backbone_126_model_1.fa,1039.6022365540266,747.4017437696457,0.2810695115017634,0.14545454545454545,0.2222222222222222,0.6065142524830963,0.0,0.9704608972373917,0.0,1.0,1.0,0.19617824987276322
backbone_denovo,RAPCID_backbone_rapcid_backbone_18_model_5,/scratch/a2149a01/RAPCID_2610_output/ligandmpnn_inputs/backbone_denovo/RAPCID_backbone_rapcid_backbone_18_model_5.pdb,/scratch/a2149a01/RAPCID_2610_output/ligandmpnn/seqs/RAPCID_backbone_rapcid_backbone_18_model_5.fa,1040.3829977214336,748.160407051444,0.28087982147919843,0.23214285714285715,0.2962962962962963,0.5915875521645219,0.14285714285714285,0.823021805748646,0.0,1.0,1.0,0.22887607839579804
backbone_denovo,RAPCID_backbone_rapcid_backbone_190_model_3,/scratch/a2149a01/RAPCID_2610_output/ligandmpnn_inputs/backbone_denovo/RAPCID_backbone_rapcid_backbone_190_model_3.pdb,/scratch/a2149a01/RAPCID_2610_output/ligandmpnn/seqs/RAPCID_backbone_rapcid_backbone_190_model_3.fa,1039.443559601903,747.994645729661,0.2803893594606177,0.18181818181818182,0.2222222222222222,0.6950171139219868,0.14285714285714285,0.81963088829503,0.0,1.0,1.0,0.20496309054515677
backbone_denovo,RAPCID_backbone_rapcid_backbone_180_model_3,/scratch/a2149a01/RAPCID_2610_output/ligandmpnn_inputs/backbone_denovo/RAPCID_backbone_rapcid_backbone_180_model_3.pdb,/scratch/a2149a01/RAPCID_2610_output/ligandmpnn/seqs/RAPCID_backbone_rapcid_backbone_180_model_3.fa,1039.1335251927376,747.9620992541313,0.2802059782303723,0.16071428571428573,0.2222222222222222,0.693069975510155,0.14285714285714285,0.6909565668016742,0.5,0.5697674386037724,0.5,0.19960459496557229
backbone_long,RAPCID_backbone_rapcid_backbone_190_model_6,/scratch/a2149a01/RAPCID_2610_output/ligandmpnn_inputs/backbone_long/RAPCID_backbone_rapcid_backbone_190_model_6.pdb,/scratch/a2149a01/RAPCID_2610_output/ligandmpnn/seqs/RAPCID_backbone_rapcid_backbone_190_model_6.fa,1040.0521447360516,748.7241554558277,0.2801090221819197,0.14814814814814814,0.18518518518518517,0.6480445316731507,0.14285714285714285,0.8267882285617859,0.0,0.8539822972940916,1.0,0.19086387479667866
backbone_denovo,RAPCID_backbone_rapcid_backbone_66_model_0,/scratch/a2149a01/RAPCID_2610_output/ligandmpnn_inputs/backbone_denovo/RAPCID_backbone_rapcid_backbone_66_model_0.pdb,/scratch/a2149a01/RAPCID_2610_output/ligandmpnn/seqs/RAPCID_backbone_rapcid_backbone_66_model_0.fa,1038.112169250846,747.4842808246613,0.2799580787458801,0.2,0.2962962962962963,0.6074033724168261,0.0,0.8667849599036962,0.0,0.8902439189721093,1.0,0.22042557988009048
backbone,RAPCID_backbone_rapcid_backbone_81_model_7,/scratch/a2149a01/RAPCID_2610_output/ligandmpnn_inputs/backbone/RAPCID_backbone_rapcid_backbone_81_model_7.pdb,/scratch/a2149a01/RAPCID_2610_output/ligandmpnn/seqs/RAPCID_backbone_rapcid_backbone_81_model_7.fa,1041.2890022397041,749.7833085954189,0.2799469628674526,0.10714285714285714,0.14814814814814814,0.6392938733273549,0.14285714285714285,0.8046764831643386,0.5,0.5848214367254999,0.5,0.17498406979829018
backbone_denovo,RAPCID_backbone_rapcid_backbone_4_model_7,/scratch/a2149a01/RAPCID_2610_output/ligandmpnn_inputs/backbone_denovo/RAPCID_backbone_rapcid_backbone_4_model_7.pdb,/scratch/a2149a01/RAPCID_2610_output/ligandmpnn/seqs/RAPCID_backbone_rapcid_backbone_4_model_7.fa,1038.9614838957787,748.3630522340536,0.2797008706926001,0.16071428571428573,0.2222222222222222,0.5852825950898052,0.0,0.9975683923163592,0.0,1.0,1.0,0.19937729657357478
backbone,RAPCID_backbone_rapcid_backbone_223_model_6,/scratch/a2149a01/RAPCID_2610_output/ligandmpnn_inputs/backbone/RAPCID_backbone_rapcid_backbone_223_model_6.pdb,/scratch/a2149a01/RAPCID_2610_output/ligandmpnn/seqs/RAPCID_backbone_rapcid_backbone_223_model_6.fa,1044.3158884495497,752.4947952479124,0.2794375690624523,0.24561403508771928,0.25925925925925924,0.6377352301646134,0.14285714285714285,0.8780925848456382,0.0,1.0,1.0,0.22603930373892225
backbone_denovo,RAPCID_backbone_rapcid_backbone_108_model_1,/scratch/a2149a01/RAPCID_2610_output/ligandmpnn_inputs/backbone_denovo/RAPCID_backbone_rapcid_backbone_108_model_1.pdb,/scratch/a2149a01/RAPCID_2610_output/ligandmpnn/seqs/RAPCID_backbone_rapcid_backbone_108_model_1.fa,1043.7675976753235,752.102281615138,0.27943511248076836,0.2857142857142857,0.2222222222222222,0.6988552318192737,0.0,0.8805744550629713,0.0,1.0,1.0,0.23050770537825052
backbone,RAPCID_backbone_rapcid_backbone_200_model_0,/scratch/a2149a01/RAPCID_2610_output/ligandmpnn_inputs/backbone/RAPCID_backbone_rapcid_backbone_200_model_0.pdb,/scratch/a2149a01/RAPCID_2610_output/ligandmpnn/seqs/RAPCID_backbone_rapcid_backbone_200_model_0.fa,1039.6766591370106,749.4593591094017,0.2791418826969775,0.2222222222222222,0.25925925925925924,0.6731436150152016,0.14285714285714285,0.7620781744799092,0.5,0.623711333177561,0.5,0.22005829165808433
backbone_denovo,RAPCID_backbone_rapcid_backbone_123_model_4,/scratch/a2149a01/RAPCID_2610_output/ligandmpnn_inputs/backbone_denovo/RAPCID_backbone_rapcid_backbone_123_model_4.pdb,/scratch/a2149a01/RAPCID_2610_output/ligandmpnn/seqs/RAPCID_backbone_rapcid_backbone_123_model_4.fa,1042.6411807239056,751.7373434156179,0.27900666373671634,0.14814814814814814,0.2222222222222222,0.6562852888349174,0.0,0.9600000079053126,0.0,1.0,1.0,0.19592336905189273
backbone,RAPCID_backbone_rapcid_backbone_46_model_4,/scratch/a2149a01/RAPCID_2610_output/ligandmpnn_inputs/backbone/RAPCID_backbone_rapcid_backbone_46_model_4.pdb,/scratch/a2149a01/RAPCID_2610_output/ligandmpnn/seqs/RAPCID_backbone_rapcid_backbone_46_model_4.fa,1040.2395536452532,750.2915545552969,0.27873194984165695,0.16363636363636364,0.18518518518518517,0.6491777966469222,0.2857142857142857,0.766624595793983,0.5,0.5613207524411563,0.5,0.19411624611561434
backbone_long,RAPCID_backbone_rapcid_backbone_34_model_2,/scratch/a2149a01/RAPCID_2610_output/ligandmpnn_inputs/backbone_long/RAPCID_backbone_rapcid_backbone_34_model_2.pdb,/scratch/a2149a01/RAPCID_2610_output/ligandmpnn/seqs/RAPCID_backbone_rapcid_backbone_34_model_2.fa,1039.9278602451086,750.3622195273638,0.2784478152643154,0.16666666666666666,0.2222222222222222,0.6623878026836235,0.14285714285714285,0.7510338553885502,0.0,0.6359223207051211,0.5,0.2003015168689419
backbone_denovo,RAPCID_backbone_rapcid_backbone_207_model_4,/scratch/a2149a01/RAPCID_2610_output/ligandmpnn_inputs/backbone_denovo/RAPCID_backbone_rapcid_backbone_207_model_4.pdb,/scratch/a2149a01/RAPCID_2610_output/ligandmpnn/seqs/RAPCID_backbone_rapcid_backbone_207_model_4.fa,1041.813980102539,751.7793227136135,0.2783939003778576,0.23214285714285715,0.25925925925925924,0.658205406800487,0.14285714285714285,0.7748479727604488,0.5,0.5897435885254387,0.5,0.2222018583446391
backbone_denovo,RAPCID_backbone_rapcid_backbone_25_model_1,/scratch/a2149a01/RAPCID_2610_output/ligandmpnn_inputs/backbone_denovo/RAPCID_backbone_rapcid_backbone_25_model_1.pdb,/scratch/a2149a01/RAPCID_2610_output/ligandmpnn/seqs/RAPCID_backbone_rapcid_backbone_25_model_1.fa,1040.9487616568804,751.5849615633488,0.27798082936661617,0.23214285714285715,0.25925925925925924,0.693918913049797,0.0,0.9063176443117066,0.0,1.0,1.0,0.22201597638958045
backbone_long,RAPCID_backbone_rapcid_backbone_230_model_7,/scratch/a2149a01/RAPCID_2610_output/ligandmpnn_inputs/backbone_long/RAPCID_backbone_rapcid_backbone_230_model_7.pdb,/scratch/a2149a01/RAPCID_2610_output/ligandmpnn/seqs/RAPCID_backbone_rapcid_backbone_230_model_7.fa,1044.3158884495497,754.1958873718977,0.277808663342641,0.14035087719298245,0.25925925925925924,0.6113981606022221,0.0,0.958188861992298,0.0,1.0,1.0,0.19899050669132295
backbone_denovo,RAPCID_backbone_rapcid_backbone_65_model_1,/scratch/a2149a01/RAPCID_2610_output/ligandmpnn_inputs/backbone_denovo/RAPCID_backbone_rapcid_backbone_65_model_1.pdb,/scratch/a2149a01/RAPCID_2610_output/ligandmpnn/seqs/RAPCID_backbone_rapcid_backbone_65_model_1.fa,1041.359376192093,752.4534846544266,0.27743149785053045,0.14285714285714285,0.25925925925925924,0.6275556589621147,0.0,0.9395378075761468,0.0,1.0,1.0,0.19944734863591332
backbone_denovo,RAPCID_backbone_rapcid_backbone_46_model_1,/scratch/a2149a01/RAPCID_2610_output/ligandmpnn_inputs/backbone_denovo/RAPCID_backbone_rapcid_backbone_46_model_1.pdb,/scratch/a2149a01/RAPCID_2610_output/ligandmpnn/seqs/RAPCID_backbone_rapcid_backbone_46_model_1.fa,1040.8473955839872,752.4489473104477,0.2770804341703983,0.24074074074074073,0.25925925925925924,0.6239786214850715,0.14285714285714285,0.8060630377658837,0.5,0.5348837193018863,0.5,0.2237602694507533
backbone_denovo,RAPCID_backbone_rapcid_backbone_242_model_6,/scratch/a2149a01/RAPCID_2610_output/ligandmpnn_inputs/backbone_denovo/RAPCID_backbone_rapcid_backbone_242_model_6.pdb,/scratch/a2149a01/RAPCID_2610_output/ligandmpnn/seqs/RAPCID_backbone_rapcid_backbone_242_model_6.fa,1043.7515564411879,754.6441283971071,0.27698873957115966,0.23636363636363636,0.2222222222222222,0.7207814440207629,0.14285714285714285,0.8620899788016765,0.0,1.0,1.0,0.21706917523126426
backbone_denovo,RAPCID_backbone_rapcid_backbone_37_model_7,/scratch/a2149a01/RAPCID_2610_output/ligandmpnn_inputs/backbone_denovo/RAPCID_backbone_rapcid_backbone_37_model_7.pdb,/scratch/a2149a01/RAPCID_2610_output/ligandmpnn/seqs/RAPCID_backbone_rapcid_backbone_37_model_7.fa,1041.6269612163305,753.4608152061701,0.276650045303803,0.21428571428571427,0.2962962962962963,0.5931197113971528,0.0,0.9291176286773466,0.0,1.0,1.0,0.22250839340258438
backbone_long,RAPCID_backbone_rapcid_backbone_63_model_0,/scratch/a2149a01/RAPCID_2610_output/ligandmpnn_inputs/backbone_long/RAPCID_backbone_rapcid_backbone_63_model_0.pdb,/scratch/a2149a01/RAPCID_2610_output/ligandmpnn/seqs/RAPCID_backbone_rapcid_backbone_63_model_0.fa,1041.8857262581587,754.2695800065994,0.27605344713235247,0.2,0.2222222222222222,0.666669022107122,0.14285714285714285,0.7829769202764331,0.0,0.8247422575451577,1.0,0.20755738454289194
backbone_denovo,RAPCID_backbone_rapcid_backbone_219_model_7,/scratch/a2149a01/RAPCID_2610_output/ligandmpnn_inputs/backbone_denovo/RAPCID_backbone_rapcid_backbone_219_model_7.pdb,/scratch/a2149a01/RAPCID_2610_output/ligandmpnn/seqs/RAPCID_backbone_rapcid_backbone_219_model_7.fa,1043.7493095248938,756.4594805240631,0.2752479224456711,0.2222222222222222,0.2222222222222222,0.7243538045621846,0.0,0.8330166330448224,0.0,0.8941190177329867,1.0,0.21275045398944087
backbone,RAPCID_backbone_rapcid_backbone_68_model_7,/scratch/a2149a01/RAPCID_2610_output/ligandmpnn_inputs/backbone/RAPCID_backbone_rapcid_backbone_68_model_7.pdb,/scratch/a2149a01/RAPCID_2610_output/ligandmpnn/seqs/RAPCID_backbone_rapcid_backbone_68_model_7.fa,1039.6045360267162,753.4802519381046,0.27522415896928965,0.2037037037037037,0.25925925925925924,0.5878981776197183,0.14285714285714285,0.8580327759499825,0.0,0.7422680536074926,0.5,0.21366568635099514
backbone_denovo,RAPCID_backbone_rapcid_backbone_7_model_3,/scratch/a2149a01/RAPCID_2610_output/ligandmpnn_inputs/backbone_denovo/RAPCID_backbone_rapcid_backbone_7_model_3.pdb,/scratch/a2149a01/RAPCID_2610_output/ligandmpnn/seqs/RAPCID_backbone_rapcid_backbone_7_model_3.fa,1037.7289652377367,752.2311952859163,0.2751178578564729,0.2545454545454545,0.2962962962962963,0.711495019934898,0.0,0.8493402084632541,0.0,0.9906542533578413,1.0,0.23188384411622087
backbone_denovo,RAPCID_backbone_rapcid_backbone_100_model_2,/scratch/a2149a01/RAPCID_2610_output/ligandmpnn_inputs/backbone_denovo/RAPCID_backbone_rapcid_backbone_100_model_2.pdb,/scratch/a2149a01/RAPCID_2610_output/ligandmpnn/seqs/RAPCID_backbone_rapcid_backbone_100_model_2.fa,1039.4906234443188,753.908229008317,0.274733016339997,0.2222222222222222,0.2222222222222222,0.7136522870937824,0.0,0.8336069796185245,0.0,1.0,1.0,0.21251874624188755
backbone_long,RAPCID_backbone_rapcid_backbone_55_model_6,/scratch/a2149a01/RAPCID_2610_output/ligandmpnn_inputs/backbone_long/RAPCID_backbone_rapcid_backbone_55_model_6.pdb,/scratch/a2149a01/RAPCID_2610_output/ligandmpnn/seqs/RAPCID_backbone_rapcid_backbone_55_model_6.fa,1042.107029646635,755.9642483144999,0.2745809913873841,0.14545454545454545,0.18518518518518517,0.635952192371649,0.0,0.8524618519642756,0.0,0.8428571380584255,1.0,0.18770286026573701
backbone_denovo,RAPCID_backbone_rapcid_backbone_241_model_2,/scratch/a2149a01/RAPCID_2610_output/ligandmpnn_inputs/backbone_denovo/RAPCID_backbone_rapcid_backbone_241_model_2.pdb,/scratch/a2149a01/RAPCID_2610_output/ligandmpnn/seqs/RAPCID_backbone_rapcid_backbone_241_model_2.fa,1037.7289652377367,753.2677977830172,0.27411894336933285,0.23636363636363636,0.2222222222222222,0.7092932528030198,0.0,0.8959853607811059,0.0,1.0,1.0,0.2157777669404422
backbone_denovo,RAPCID_backbone_rapcid_backbone_59_model_5,/scratch/a2149a01/RAPCID_2610_output/ligandmpnn_inputs/backbone_denovo/RAPCID_backbone_rapcid_backbone_59_model_5.pdb,/scratch/a2149a01/RAPCID_2610_output/ligandmpnn/seqs/RAPCID_backbone_rapcid_backbone_59_model_5.fa,1038.3023531585932,753.9013516306877,0.2739096185833889,0.16071428571428573,0.18518518518518517,0.7113311208432643,0.14285714285714285,0.7976937010306112,0.0,0.7122641446652589,0.5,0.1912156775688742
backbone_denovo,RAPCID_backbone_rapcid_backbone_177_model_6,/scratch/a2149a01/RAPCID_2610_output/ligandmpnn_inputs/backbone_denovo/RAPCID_backbone_rapcid_backbone_177_model_6.pdb,/scratch/a2149a01/RAPCID_2610_output/ligandmpnn/seqs/RAPCID_backbone_rapcid_backbone_177_model_6.fa,1043.5674308538437,757.8786074221134,0.27376172826511125,0.14285714285714285,0.2962962962962963,0.5855658616928838,0.0,0.9980867432254211,0.0,1.0,1.0,0.20335150787803025
backbone_long,RAPCID_backbone_rapcid_backbone_51_model_2,/scratch/a2149a01/RAPCID_2610_output/ligandmpnn_inputs/backbone_long/RAPCID_backbone_rapcid_backbone_51_model_2.pdb,/scratch/a2149a01/RAPCID_2610_output/ligandmpnn/seqs/RAPCID_backbone_rapcid_backbone_51_model_2.fa,1041.5430707782507,757.4359839856625,0.27277516865462004,0.2,0.2962962962962963,0.6309575735116485,0.0,0.8456876223749538,0.0,0.7795698832976303,1.0,0.21719327033902347
backbone_denovo,RAPCID_backbone_rapcid_backbone_164_model_0,/scratch/a2149a01/RAPCID_2610_output/ligandmpnn_inputs/backbone_denovo/RAPCID_backbone_rapcid_backbone_164_model_0.pdb,/scratch/a2149a01/RAPCID_2610_output/ligandmpnn/seqs/RAPCID_backbone_rapcid_backbone_164_model_0.fa,1041.6269612163305,757.8535095155239,0.2724328980208406,0.16071428571428573,0.18518518518518517,0.6567481429325136,0.0,0.940421965228321,0.0,1.0,1.0,0.19055115331572747
backbone_denovo,RAPCID_backbone_rapcid_backbone_161_model_5,/scratch/a2149a01/RAPCID_2610_output/ligandmpnn_inputs/backbone_denovo/RAPCID_backbone_rapcid_backbone_161_model_5.pdb,/scratch/a2149a01/RAPCID_2610_output/ligandmpnn/seqs/RAPCID_backbone_rapcid_backbone_161_model_5.fa,1041.3593517541885,757.7141347378492,0.2723797664452082,0.2037037037037037,0.25925925925925924,0.6788249446181447,0.0,0.8996960449576777,0.0,1.0,1.0,0.21238570971515852
backbone_denovo,RAPCID_backbone_rapcid_backbone_124_model_0,/scratch/a2149a01/RAPCID_2610_output/ligandmpnn_inputs/backbone_denovo/RAPCID_backbone_rapcid_backbone_124_model_0.pdb,/scratch/a2149a01/RAPCID_2610_output/ligandmpnn/seqs/RAPCID_backbone_rapcid_backbone_124_model_0.fa,1043.25877353549,759.5885333567858,0.27190784048465444,0.18181818181818182,0.25925925925925924,0.6144522216641275,0.0,0.9587203546780224,0.0,1.0,1.0,0.20670196256152884
backbone,RAPCID_backbone_rapcid_backbone_150_model_1,/scratch/a2149a01/RAPCID_2610_output/ligandmpnn_inputs/backbone/RAPCID_backbone_rapcid_backbone_150_model_1.pdb,/scratch/a2149a01/RAPCID_2610_output/ligandmpnn/seqs/RAPCID_backbone_rapcid_backbone_150_model_1.fa,1037.5562817156315,755.8397961258888,0.2715192327918017,0.09090909090909091,0.18518518518518517,0.6310798997505905,0.0,0.8800135098958946,0.0,0.7710280535566881,1.0,0.17268870526136126
backbone,RAPCID_backbone_rapcid_backbone_18_model_2,/scratch/a2149a01/RAPCID_2610_output/ligandmpnn_inputs/backbone/RAPCID_backbone_rapcid_backbone_18_model_2.pdb,/scratch/a2149a01/RAPCID_2610_output/ligandmpnn/seqs/RAPCID_backbone_rapcid_backbone_18_model_2.fa,1041.1887092888355,758.6003589183092,0.27140934957270424,0.21428571428571427,0.2222222222222222,0.6579387130155935,0.14285714285714285,0.8351022767949069,0.0,0.8247422575451577,1.0,0.2090389692124788
backbone_denovo,RAPCID_backbone_rapcid_backbone_227_model_1,/scratch/a2149a01/RAPCID_2610_output/ligandmpnn_inputs/backbone_denovo/RAPCID_backbone_rapcid_backbone_227_model_1.pdb,/scratch/a2149a01/RAPCID_2610_output/ligandmpnn/seqs/RAPCID_backbone_rapcid_backbone_227_model_1.fa,1038.0815004557371,756.5158015787601,0.271236602090842,0.2,0.2962962962962963,0.6296466641366736,0.0,0.9183673512601928,0.0,1.0,1.0,0.21650091538532334
backbone_denovo,RAPCID_backbone_rapcid_backbone_200_model_3,/scratch/a2149a01/RAPCID_2610_output/ligandmpnn_inputs/backbone_denovo/RAPCID_backbone_rapcid_backbone_200_model_3.pdb,/scratch/a2149a01/RAPCID_2610_output/ligandmpnn/seqs/RAPCID_backbone_rapcid_backbone_200_model_3.fa,1042.5024664998055,760.4675235748291,0.27053647544058734,0.19642857142857142,0.2962962962962963,0.6444940299669915,0.0,0.9200426428618993,0.0,1.0,1.0,0.21529300124985162
backbone_denovo,RAPCID_backbone_rapcid_backbone_16_model_6,/scratch/a2149a01/RAPCID_2610_output/ligandmpnn_inputs/backbone_denovo/RAPCID_backbone_rapcid_backbone_16_model_6.pdb,/scratch/a2149a01/RAPCID_2610_output/ligandmpnn/seqs/RAPCID_backbone_rapcid_backbone_16_model_6.fa,1043.7515564411879,761.5158416479826,0.270405072022624,0.21818181818181817,0.2222222222222222,0.6928801299942617,0.0,0.9090916224254963,0.0,1.0,1.0,0.20956107028896867
backbone_denovo,RAPCID_backbone_rapcid_backbone_244_model_5,/scratch/a2149a01/RAPCID_2610_output/ligandmpnn_inputs/backbone_denovo/RAPCID_backbone_rapcid_backbone_244_model_5.pdb,/scratch/a2149a01/RAPCID_2610_output/ligandmpnn/seqs/RAPCID_backbone_rapcid_backbone_244_model_5.fa,1039.443559601903,758.4509503096342,0.2703298382067866,0.18181818181818182,0.18518518518518517,0.6718317007763082,0.0,0.949574957821146,0.0,1.0,1.0,0.19488075042537722
backbone_denovo,RAPCID_backbone_rapcid_backbone_192_model_0,/scratch/a2149a01/RAPCID_2610_output/ligandmpnn_inputs/backbone_denovo/RAPCID_backbone_rapcid_backbone_192_model_0.pdb,/scratch/a2149a01/RAPCID_2610_output/ligandmpnn/seqs/RAPCID_backbone_rapcid_backbone_192_model_0.fa,1039.4906234443188,758.6123888939619,0.2702075691839103,0.2037037037037037,0.25925925925925924,0.6036382862213456,0.14285714285714285,0.8397657667393942,0.0,0.7222222336593067,0.5,0.21140822094757444
backbone_denovo,RAPCID_backbone_rapcid_backbone_74_model_0,/scratch/a2149a01/RAPCID_2610_output/ligandmpnn_inputs/backbone_denovo/RAPCID_backbone_rapcid_backbone_74_model_0.pdb,/scratch/a2149a01/RAPCID_2610_output/ligandmpnn/seqs/RAPCID_backbone_rapcid_backbone_74_model_0.fa,1037.7289652377367,757.4647978395224,0.2700745346681228,0.2727272727272727,0.25925925925925924,0.7130932321014684,0.0,0.8700286736556875,0.0,1.0,1.0,0.22860424767136234
backbone_denovo,RAPCID_backbone_rapcid_backbone_245_model_2,/scratch/a2149a01/RAPCID_2610_output/ligandmpnn_inputs/backbone_denovo/RAPCID_backbone_rapcid_backbone_245_model_2.pdb,/scratch/a2149a01/RAPCID_2610_output/ligandmpnn/seqs/RAPCID_backbone_rapcid_backbone_245_model_2.fa,1041.6563350707293,762.3872383087873,0.26810099200613924,0.18181818181818182,0.2222222222222222,0.6659075805842044,0.0,0.9043478286125554,0.0,1.0,1.0,0.19943332519064144
backbone_denovo,RAPCID_backbone_rapcid_backbone_79_model_3,/scratch/a2149a01/RAPCID_2610_output/ligandmpnn_inputs/backbone_denovo/RAPCID_backbone_rapcid_backbone_79_model_3.pdb,/scratch/a2149a01/RAPCID_2610_output/ligandmpnn/seqs/RAPCID_backbone_rapcid_backbone_79_model_3.fa,1041.6269612163305,763.5389087200165,0.2669747067333823,0.21428571428571427,0.25925925925925924,0.6641225615848037,0.14285714285714285,0.7997308500230248,0.0,0.9302325721683649,1.0,0.2125989354903395
backbone_denovo,RAPCID_backbone_rapcid_backbone_107_model_1,/scratch/a2149a01/RAPCID_2610_output/ligandmpnn_inputs/backbone_denovo/RAPCID_backbone_rapcid_backbone_107_model_1.pdb,/scratch/a2149a01/RAPCID_2610_output/ligandmpnn/seqs/RAPCID_backbone_rapcid_backbone_107_model_1.fa,1040.3829977214336,762.643852442503,0.2669585584224401,0.23214285714285715,0.14814814814814814,0.7978530432799653,0.2857142857142857,0.5720220149790667,0.5,0.3292014190745215,0.5,0.20038928779803455
backbone_long,RAPCID_backbone_rapcid_backbone_80_model_5,/scratch/a2149a01/RAPCID_2610_output/ligandmpnn_inputs/backbone_long/RAPCID_backbone_rapcid_backbone_80_model_5.pdb,/scratch/a2149a01/RAPCID_2610_output/ligandmpnn/seqs/RAPCID_backbone_rapcid_backbone_80_model_5.fa,1042.5471244752407,764.3978728055954,0.2667977735871172,0.1111111111111111,0.18518518518518517,0.6351233546453264,0.0,0.9457521659069784,0.0,1.0,1.0,0.1756145536697583
backbone_denovo,RAPCID_backbone_rapcid_backbone_136_model_6,/scratch/a2149a01/RAPCID_2610_output/ligandmpnn_inputs/backbone_denovo/RAPCID_backbone_rapcid_backbone_136_model_6.pdb,/scratch/a2149a01/RAPCID_2610_output/ligandmpnn/seqs/RAPCID_backbone_rapcid_backbone_136_model_6.fa,1041.6269612163305,763.7354506999254,0.2667860192404248,0.21428571428571427,0.2962962962962963,0.62709224351688,0.0,0.9335048824182542,0.0,0.9418604911698205,1.0,0.21806958167406415
backbone_denovo,RAPCID_backbone_rapcid_backbone_74_model_2,/scratch/a2149a01/RAPCID_2610_output/ligandmpnn_inputs/backbone_denovo/RAPCID_backbone_rapcid_backbone_74_model_2.pdb,/scratch/a2149a01/RAPCID_2610_output/ligandmpnn/seqs/RAPCID_backbone_rapcid_backbone_74_model_2.fa,1037.7289652377367,761.0112369656563,0.26665703429477494,0.18181818181818182,0.18518518518518517,0.7315277174251605,0.0,0.8629300122382829,0.0,1.0,1.0,0.19322798866497198
backbone,RAPCID_backbone_rapcid_backbone_222_model_0,/scratch/a2149a01/RAPCID_2610_output/ligandmpnn_inputs/backbone/RAPCID_backbone_rapcid_backbone_222_model_0.pdb,/scratch/a2149a01/RAPCID_2610_output/ligandmpnn/seqs/RAPCID_backbone_rapcid_backbone_222_model_0.fa,1039.1037267744541,762.2042017281055,0.2664791953984127,0.16071428571428573,0.14814814814814814,0.6308344169547011,0.14285714285714285,0.8544131100368416,0.0,0.8141592619273839,1.0,0.18231643158007937
backbone_denovo,RAPCID_backbone_rapcid_backbone_58_model_0,/scratch/a2149a01/RAPCID_2610_output/ligandmpnn_inputs/backbone_denovo/RAPCID_backbone_rapcid_backbone_58_model_0.pdb,/scratch/a2149a01/RAPCID_2610_output/ligandmpnn/seqs/RAPCID_backbone_rapcid_backbone_58_model_0.fa,1044.2160813510418,766.0117391496897,0.2664241119916503,0.125,0.1111111111111111,0.7137250609017015,0.0,0.7920648520413253,0.0,1.0,1.0,0.1678075170629093
backbone_denovo,RAPCID_backbone_rapcid_backbone_106_model_1,/scratch/a2149a01/RAPCID_2610_output/ligandmpnn_inputs/backbone_denovo/RAPCID_backbone_rapcid_backbone_106_model_1.pdb,/scratch/a2149a01/RAPCID_2610_output/ligandmpnn/seqs/RAPCID_backbone_rapcid_backbone_106_model_1.fa,1043.7493095248938,766.3227708786726,0.26579805717189264,0.1111111111111111,0.2222222222222222,0.642612233399217,0.0,0.9262277594462951,0.0,1.0,1.0,0.18072023683846278
backbone_long,RAPCID_backbone_rapcid_backbone_140_model_6,/scratch/a2149a01/RAPCID_2610_output/ligandmpnn_inputs/backbone_long/RAPCID_backbone_rapcid_backbone_140_model_6.pdb,/scratch/a2149a01/RAPCID_2610_output/ligandmpnn/seqs/RAPCID_backbone_rapcid_backbone_140_model_6.fa,1040.0521447360516,764.2894618958235,0.26514313175154525,0.2037037037037037,0.2222222222222222,0.6252038342912248,0.0,0.921307493614974,0.0,0.9557521933301787,1.0,0.20357366854745462
backbone_denovo,RAPCID_backbone_rapcid_backbone_30_model_5,/scratch/a2149a01/RAPCID_2610_output/ligandmpnn_inputs/backbone_denovo/RAPCID_backbone_rapcid_backbone_30_model_5.pdb,/scratch/a2149a01/RAPCID_2610_output/ligandmpnn/seqs/RAPCID_backbone_rapcid_backbone_30_model_5.fa,1037.7289652377367,763.1882286071777,0.26455919206963985,0.23636363636363636,0.18518518518518517,0.7233156694193718,0.0,0.8811721292663346,0.0,0.9318181607635521,1.0,0.2059203233000248
backbone_long,RAPCID_backbone_rapcid_backbone_212_model_3,/scratch/a2149a01/RAPCID_2610_output/ligandmpnn_inputs/backbone_long/RAPCID_backbone_rapcid_backbone_212_model_3.pdb,/scratch/a2149a01/RAPCID_2610_output/ligandmpnn/seqs/RAPCID_backbone_rapcid_backbone_212_model_3.fa,1040.0336503088474,764.9016782790422,0.2645414135860914,0.12727272727272726,0.18518518518518517,0.6781954721496984,0.0,0.8380248700805213,0.0,0.7264150820972549,0.5,0.17863959570970073
backbone_denovo,RAPCID_backbone_rapcid_backbone_60_model_5,/scratch/a2149a01/RAPCID_2610_output/ligandmpnn_inputs/backbone_denovo/RAPCID_backbone_rapcid_backbone_60_model_5.pdb,/scratch/a2149a01/RAPCID_2610_output/ligandmpnn/seqs/RAPCID_backbone_rapcid_backbone_60_model_5.fa,1039.4850553423166,764.8751715868711,0.26417877038647053,0.26785714285714285,0.18518518518518517,0.7677853050654421,0.14285714285714285,0.7073891047319177,0.5,0.3485556572980826,0.5,0.21362251016597522
backbone_long,RAPCID_backbone_rapcid_backbone_211_model_7,/scratch/a2149a01/RAPCID_2610_output/ligandmpnn_inputs/backbone_long/RAPCID_backbone_rapcid_backbone_211_model_7.pdb,/scratch/a2149a01/RAPCID_2610_output/ligandmpnn/seqs/RAPCID_backbone_rapcid_backbone_211_model_7.fa,1043.7606514841318,768.088524594903,0.2641143125076121,0.09090909090909091,0.18518518518518517,0.6650910410241401,0.0,0.8366027414631443,0.0,0.7787610290766851,1.0,0.16935649113347595
backbone_denovo,RAPCID_backbone_rapcid_backbone_201_model_3,/scratch/a2149a01/RAPCID_2610_output/ligandmpnn_inputs/backbone_denovo/RAPCID_backbone_rapcid_backbone_201_model_3.pdb,/scratch/a2149a01/RAPCID_2610_output/ligandmpnn/seqs/RAPCID_backbone_rapcid_backbone_201_model_3.fa,1043.7493095248938,768.5343589782715,0.2636791689681671,0.2037037037037037,0.2222222222222222,0.7206361391588281,0.0,0.8970846834453379,0.0,1.0,1.0,0.20291488529493446
backbone_denovo,RAPCID_backbone_rapcid_backbone_130_model_2,/scratch/a2149a01/RAPCID_2610_output/ligandmpnn_inputs/backbone_denovo/RAPCID_backbone_rapcid_backbone_130_model_2.pdb,/scratch/a2149a01/RAPCID_2610_output/ligandmpnn/seqs/RAPCID_backbone_rapcid_backbone_130_model_2.fa,1039.6969839632511,766.0676917731762,0.26318176969891693,0.16666666666666666,0.25925925925925924,0.6475077365039478,0.0,0.9076015721367662,0.0,1.0,1.0,0.19898735192006817
backbone_denovo,RAPCID_backbone_rapcid_backbone_173_model_6,/scratch/a2149a01/RAPCID_2610_output/ligandmpnn_inputs/backbone_denovo/RAPCID_backbone_rapcid_backbone_173_model_6.pdb,/scratch/a2149a01/RAPCID_2610_output/ligandmpnn/seqs/RAPCID_backbone_rapcid_backbone_173_model_6.fa,1039.4906234443188,765.9355971366167,0.26316257226187023,0.2037037037037037,0.2222222222222222,0.649320017753777,0.0,0.8154085491285787,0.5,0.5111111114256309,0.5,0.20268241677710086
backbone_denovo,RAPCID_backbone_rapcid_backbone_78_model_1,/scratch/a2149a01/RAPCID_2610_output/ligandmpnn_inputs/backbone_denovo/RAPCID_backbone_rapcid_backbone_78_model_1.pdb,/scratch/a2149a01/RAPCID_2610_output/ligandmpnn/seqs/RAPCID_backbone_rapcid_backbone_78_model_1.fa,1042.8094889819622,768.4584516584873,0.26308835911275485,0.16071428571428573,0.2222222222222222,0.6677856402299388,0.0,0.9253731349179924,0.0,1.0,1.0,0.19190166636264444
backbone_denovo,RAPCID_backbone_rapcid_backbone_217_model_4,/scratch/a2149a01/RAPCID_2610_output/ligandmpnn_inputs/backbone_denovo/RAPCID_backbone_rapcid_backbone_217_model_4.pdb,/scratch/a2149a01/RAPCID_2610_output/ligandmpnn/seqs/RAPCID_backbone_rapcid_backbone_217_model_4.fa,1046.5645312964916,771.5291562825441,0.2627982955558714,0.17857142857142858,0.2962962962962963,0.6436542340808726,0.0,0.9139194155626736,0.0,0.9750000208440854,1.0,0.20734653458744373
backbone_denovo,RAPCID_backbone_rapcid_backbone_100_model_4,/scratch/a2149a01/RAPCID_2610_output/ligandmpnn_inputs/backbone_denovo/RAPCID_backbone_rapcid_backbone_100_model_4.pdb,/scratch/a2149a01/RAPCID_2610_output/ligandmpnn/seqs/RAPCID_backbone_rapcid_backbone_100_model_4.fa,1039.4906234443188,766.3910222053528,0.2627244489556425,0.24074074074074073,0.2222222222222222,0.7500807257820495,0.14285714285714285,0.8434309116184807,0.0,0.994845332710244,1.0,0.21174452054855764
backbone_denovo,RAPCID_backbone_rapcid_backbone_247_model_1,/scratch/a2149a01/RAPCID_2610_output/ligandmpnn_inputs/backbone_denovo/RAPCID_backbone_rapcid_backbone_247_model_1.pdb,/scratch/a2149a01/RAPCID_2610_output/ligandmpnn/seqs/RAPCID_backbone_rapcid_backbone_247_model_1.fa,1040.064047679305,766.9582473188639,0.2625855599660638,0.2,0.2222222222222222,0.6855617907302778,0.0,0.8950077554712411,0.0,0.7125000081060332,0.5,0.20149683531806206
backbone_denovo,RAPCID_backbone_rapcid_backbone_151_model_5,/scratch/a2149a01/RAPCID_2610_output/ligandmpnn_inputs/backbone_denovo/RAPCID_backbone_rapcid_backbone_151_model_5.pdb,/scratch/a2149a01/RAPCID_2610_output/ligandmpnn/seqs/RAPCID_backbone_rapcid_backbone_151_model_5.fa,1038.0815004557371,765.5383935421705,0.262544999399291,0.16363636363636364,0.2962962962962963,0.6150390090624626,0.0,0.9576946586671268,0.0,1.0,1.0,0.20349878508321628
backbone_denovo,RAPCID_backbone_rapcid_backbone_26_model_3,/scratch/a2149a01/RAPCID_2610_output/ligandmpnn_inputs/backbone_denovo/RAPCID_backbone_rapcid_backbone_26_model_3.pdb,/scratch/a2149a01/RAPCID_2610_output/ligandmpnn/seqs/RAPCID_backbone_rapcid_backbone_26_model_3.fa,1040.075371220708,767.3616412431002,0.26220573770296196,0.21818181818181817,0.3333333333333333,0.6248851675501766,0.0,0.948253511894055,0.0,1.0,1.0,0.2225380365117874
backbone_long,RAPCID_backbone_rapcid_backbone_36_model_1,/scratch/a2149a01/RAPCID_2610_output/ligandmpnn_inputs/backbone_long/RAPCID_backbone_rapcid_backbone_36_model_1.pdb,/scratch/a2149a01/RAPCID_2610_output/ligandmpnn/seqs/RAPCID_backbone_rapcid_backbone_36_model_1.fa,1041.3207323253155,768.3381081074476,0.26215037859496515,0.18518518518518517,0.2222222222222222,0.6460544561241174,0.14285714285714285,0.879934881318945,0.0,0.8809523793528085,1.0,0.19759729999736395
backbone_denovo,RAPCID_backbone_rapcid_backbone_178_model_3,/scratch/a2149a01/RAPCID_2610_output/ligandmpnn_inputs/backbone_denovo/RAPCID_backbone_rapcid_backbone_178_model_3.pdb,/scratch/a2149a01/RAPCID_2610_output/ligandmpnn/seqs/RAPCID_backbone_rapcid_backbone_178_model_3.fa,1045.5025196820498,771.9495539665222,0.2616473519343774,0.21428571428571427,0.2222222222222222,0.6771365766982288,0.14285714285714285,0.7950097746276636,0.0,0.8076922967289488,1.0,0.2046460702752317
backbone_denovo,RAPCID_backbone_rapcid_backbone_103_model_1,/scratch/a2149a01/RAPCID_2610_output/ligandmpnn_inputs/backbone_denovo/RAPCID_backbone_rapcid_backbone_103_model_1.pdb,/scratch/a2149a01/RAPCID_2610_output/ligandmpnn/seqs/RAPCID_backbone_rapcid_backbone_103_model_1.fa,1038.112169250846,766.8066996634007,0.26134504307297834,0.18181818181818182,0.2222222222222222,0.7112605829138685,0.0,0.7995206133221259,0.0,0.8170731756916327,1.0,0.19639314817071904
backbone,RAPCID_backbone_rapcid_backbone_5_model_0,/scratch/a2149a01/RAPCID_2610_output/ligandmpnn_inputs/backbone/RAPCID_backbone_rapcid_backbone_5_model_0.pdb,/scratch/a2149a01/RAPCID_2610_output/ligandmpnn/seqs/RAPCID_backbone_rapcid_backbone_5_model_0.fa,1042.856713116169,770.7707320302725,0.2609044729384481,0.16363636363636364,0.25925925925925924,0.6516801222604675,0.14285714285714285,0.8611416359920304,0.0,0.7809523625572978,1.0,0.19720499262028143
backbone_denovo,RAPCID_backbone_rapcid_backbone_244_model_1,/scratch/a2149a01/RAPCID_2610_output/ligandmpnn_inputs/backbone_denovo/RAPCID_backbone_rapcid_backbone_244_model_1.pdb,/scratch/a2149a01/RAPCID_2610_output/ligandmpnn/seqs/RAPCID_backbone_rapcid_backbone_244_model_1.fa,1039.443559601903,768.2552100270987,0.2608976187977603,0.2545454545454545,0.18518518518518517,0.7504905486113708,0.14285714285714285,0.6870490575022055,0.5,0.5124999997104989,0.5,0.20881806987313356
backbone_denovo,RAPCID_backbone_rapcid_backbone_226_model_4,/scratch/a2149a01/RAPCID_2610_output/ligandmpnn_inputs/backbone_denovo/RAPCID_backbone_rapcid_backbone_226_model_4.pdb,/scratch/a2149a01/RAPCID_2610_output/ligandmpnn/seqs/RAPCID_backbone_rapcid_backbone_226_model_4.fa,1042.8094889819622,771.255775436759,0.2604058712683045,0.19642857142857142,0.18518518518518517,0.7190558364061765,0.14285714285714285,0.8058067234169174,0.0,0.9639175107787968,1.0,0.19406756270565767
backbone,RAPCID_backbone_rapcid_backbone_175_model_0,/scratch/a2149a01/RAPCID_2610_output/ligandmpnn_inputs/backbone/RAPCID_backbone_rapcid_backbone_175_model_0.pdb,/scratch/a2149a01/RAPCID_2610_output/ligandmpnn/seqs/RAPCID_backbone_rapcid_backbone_175_model_0.fa,1042.416189700365,771.302229449153,0.2600822617011943,0.125,0.14814814814814814,0.6574743050618764,0.0,0.8934094497741716,0.0,0.8711340449844551,1.0,0.17050923998775966
backbone,RAPCID_backbone_rapcid_backbone_64_model_2,/scratch/a2149a01/RAPCID_2610_output/ligandmpnn_inputs/backbone/RAPCID_backbone_rapcid_backbone_64_model_2.pdb,/scratch/a2149a01/RAPCID_2610_output/ligandmpnn/seqs/RAPCID_backbone_rapcid_backbone_64_model_2.fa,1040.1031655669212,770.1066167503595,0.25958631581454394,0.16071428571428573,0.25925925925925924,0.6597864583102084,0.14285714285714285,0.8000929076072669,0.0,0.7943925190515498,1.0,0.1958813024340051
backbone_long,RAPCID_backbone_rapcid_backbone_91_model_0,/scratch/a2149a01/RAPCID_2610_output/ligandmpnn_inputs/backbone_long/RAPCID_backbone_rapcid_backbone_91_model_0.pdb,/scratch/a2149a01/RAPCID_2610_output/ligandmpnn/seqs/RAPCID_backbone_rapcid_backbone_91_model_0.fa,1042.2863260656595,771.9453310370445,0.25937306119046666,0.2,0.2962962962962963,0.6234903254111536,0.0,0.9137566119063857,0.0,0.9776785750838448,1.0,0.21116232198015444
backbone_denovo,RAPCID_backbone_rapcid_backbone_5_model_0,/scratch/a2149a01/RAPCID_2610_output/ligandmpnn_inputs/backbone_denovo/RAPCID_backbone_rapcid_backbone_5_model_0.pdb,/scratch/a2149a01/RAPCID_2610_output/ligandmpnn/seqs/RAPCID_backbone_rapcid_backbone_5_model_0.fa,1041.6563350707293,771.7491233795881,0.2591134931971726,0.18181818181818182,0.14814814814814814,0.7011741019338866,0.14285714285714285,0.8733766237412057,0.0,1.0,1.0,0.18427783961549535
backbone,RAPCID_backbone_rapcid_backbone_116_model_0,/scratch/a2149a01/RAPCID_2610_output/ligandmpnn_inputs/backbone/RAPCID_backbone_rapcid_backbone_116_model_0.pdb,/scratch/a2149a01/RAPCID_2610_output/ligandmpnn/seqs/RAPCID_backbone_rapcid_backbone_116_model_0.fa,1039.1037267744541,770.0557722300291,0.25892309652241685,0.07142857142857142,0.1111111111111111,0.6736356134001424,0.14285714285714285,0.8233116145076921,0.0,0.7212389241039714,0.5,0.1510392029588971
backbone_denovo,RAPCID_backbone_rapcid_backbone_80_model_7,/scratch/a2149a01/RAPCID_2610_output/ligandmpnn_inputs/backbone_denovo/RAPCID_backbone_rapcid_backbone_80_model_7.pdb,/scratch/a2149a01/RAPCID_2610_output/ligandmpnn/seqs/RAPCID_backbone_rapcid_backbone_80_model_7.fa,1040.5306161493063,771.1736916303635,0.25886496787163504,0.17543859649122806,0.14814814814814814,0.6881483529131901,0.14285714285714285,0.8179983846986355,0.0,0.9374999826299288,1.0,0.182571106887265
backbone_denovo,RAPCID_backbone_rapcid_backbone_217_model_3,/scratch/a2149a01/RAPCID_2610_output/ligandmpnn_inputs/backbone_denovo/RAPCID_backbone_rapcid_backbone_217_model_3.pdb,/scratch/a2149a01/RAPCID_2610_output/ligandmpnn/seqs/RAPCID_backbone_rapcid_backbone_217_model_3.fa,1046.5645312964916,775.6915775239468,0.2588210718712065,0.19642857142857142,0.14814814814814814,0.7582523778994741,0.14285714285714285,0.6590384063139272,0.5,0.5124999997104989,0.5,0.187798847421408
backbone,RAPCID_backbone_rapcid_backbone_206_model_7,/scratch/a2149a01/RAPCID_2610_output/ligandmpnn_inputs/backbone/RAPCID_backbone_rapcid_backbone_206_model_7.pdb,/scratch/a2149a01/RAPCID_2610_output/ligandmpnn/seqs/RAPCID_backbone_rapcid_backbone_206_model_7.fa,1040.904816493392,771.6327577531338,0.2586903763663847,0.16363636363636364,0.2222222222222222,0.6512556893538944,0.14285714285714285,0.8642876954132586,0.0,0.9245282893305179,1.0,0.19065309360729735
backbone_denovo,RAPCID_backbone_rapcid_backbone_173_model_4,/scratch/a2149a01/RAPCID_2610_output/ligandmpnn_inputs/backbone_denovo/RAPCID_backbone_rapcid_backbone_173_model_4.pdb,/scratch/a2149a01/RAPCID_2610_output/ligandmpnn/seqs/RAPCID_backbone_rapcid_backbone_173_model_4.fa,1039.4906234443188,771.7427439838648,0.2575760410163971,0.16666666666666666,0.2222222222222222,0.693123625345785,0.0,0.9262315209639791,0.0,1.0,1.0,0.19090921845737868
backbone_denovo,RAPCID_backbone_rapcid_backbone_89_model_3,/scratch/a2149a01/RAPCID_2610_output/ligandmpnn_inputs/backbone_denovo/RAPCID_backbone_rapcid_backbone_89_model_3.pdb,/scratch/a2149a01/RAPCID_2610_output/ligandmpnn/seqs/RAPCID_backbone_rapcid_backbone_89_model_3.fa,1041.0645203441381,772.9420457929373,0.2575464529927207,0.18181818181818182,0.25925925925925924,0.681995541563098,0.0,0.9452887456514965,0.0,1.0,1.0,0.20023933819015868
backbone_denovo,RAPCID_backbone_rapcid_backbone_3_model_1,/scratch/a2149a01/RAPCID_2610_output/ligandmpnn_inputs/backbone_denovo/RAPCID_backbone_rapcid_backbone_3_model_1.pdb,/scratch/a2149a01/RAPCID_2610_output/ligandmpnn/seqs/RAPCID_backbone_rapcid_backbone_3_model_1.fa,1042.6291622072458,774.2915356904268,0.2573663160818831,0.12727272727272726,0.25925925925925924,0.6325885373487056,0.0,0.9353281813646505,0.0,1.0,1.0,0.1865219129439181
backbone_denovo,RAPCID_backbone_rapcid_backbone_223_model_0,/scratch/a2149a01/RAPCID_2610_output/ligandmpnn_inputs/backbone_denovo/RAPCID_backbone_rapcid_backbone_223_model_0.pdb,/scratch/a2149a01/RAPCID_2610_output/ligandmpnn/seqs/RAPCID_backbone_rapcid_backbone_223_model_0.fa,1040.185861632228,772.6358827054501,0.2572136276751028,0.14545454545454545,0.25925925925925924,0.6701059190560033,0.0,0.9782917860855044,0.0,1.0,1.0,0.19099865770632152
backbone_denovo,RAPCID_backbone_rapcid_backbone_8_model_5,/scratch/a2149a01/RAPCID_2610_output/ligandmpnn_inputs/backbone_denovo/RAPCID_backbone_rapcid_backbone_8_model_5.pdb,/scratch/a2149a01/RAPCID_2610_output/ligandmpnn/seqs/RAPCID_backbone_rapcid_backbone_8_model_5.fa,1041.813980102539,774.2131693214178,0.2568604529138523,0.25,0.18518518518518517,0.7304245230586948,0.0,0.8417350209144654,0.0,1.0,1.0,0.20586498158901134
backbone_denovo,RAPCID_backbone_rapcid_backbone_91_model_2,/scratch/a2149a01/RAPCID_2610_output/ligandmpnn_inputs/backbone_denovo/RAPCID_backbone_rapcid_backbone_91_model_2.pdb,/scratch/a2149a01/RAPCID_2610_output/ligandmpnn/seqs/RAPCID_backbone_rapcid_backbone_91_model_2.fa,1040.5306161493063,773.3191930800676,0.2568030377213777,0.12280701754385964,0.18518518518518517,0.6719751677505399,0.0,0.9198611637227406,0.0,1.0,1.0,0.17404089913836268
backbone,RAPCID_backbone_rapcid_backbone_142_model_5,/scratch/a2149a01/RAPCID_2610_output/ligandmpnn_inputs/backbone/RAPCID_backbone_rapcid_backbone_142_model_5.pdb,/scratch/a2149a01/RAPCID_2610_output/ligandmpnn/seqs/RAPCID_backbone_rapcid_backbone_142_model_5.fa,1041.1296842992306,774.8283168971539,0.25578116868439915,0.12727272727272726,0.2222222222222222,0.6588356331563956,0.14285714285714285,0.8533926369541953,0.0,0.766666638674149,1.0,0.18025304105949475
backbone,RAPCID_backbone_rapcid_backbone_105_model_7,/scratch/a2149a01/RAPCID_2610_output/ligandmpnn_inputs/backbone/RAPCID_backbone_rapcid_backbone_105_model_7.pdb,/scratch/a2149a01/RAPCID_2610_output/ligandmpnn/seqs/RAPCID_backbone_rapcid_backbone_105_model_7.fa,1037.5562817156315,772.6002581715584,0.2553654468805876,0.16363636363636364,0.2222222222222222,0.6272049208805686,0.0,0.8770681804201956,0.0,0.7990654418173615,1.0,0.18915687533868866
backbone_denovo,RAPCID_backbone_rapcid_backbone_199_model_0,/scratch/a2149a01/RAPCID_2610_output/ligandmpnn_inputs/backbone_denovo/RAPCID_backbone_rapcid_backbone_199_model_0.pdb,/scratch/a2149a01/RAPCID_2610_output/ligandmpnn/seqs/RAPCID_backbone_rapcid_backbone_199_model_0.fa,1044.1927086263895,778.0363300442696,0.2548920102422878,0.19298245614035087,0.18518518518518517,0.7196149939776085,0.0,0.9048843455795031,0.0,1.0,1.0,0.190724796421895
backbone_denovo,RAPCID_backbone_rapcid_backbone_219_model_3,/scratch/a2149a01/RAPCID_2610_output/ligandmpnn_inputs/backbone_denovo/RAPCID_backbone_rapcid_backbone_219_model_3.pdb,/scratch/a2149a01/RAPCID_2610_output/ligandmpnn/seqs/RAPCID_backbone_rapcid_backbone_219_model_3.fa,1043.7493095248938,778.0208010673523,0.25459035616368353,0.2222222222222222,0.25925925925925924,0.7094542666049997,0.0,0.8037783857688027,0.0,0.707317094663742,0.5,0.20901010471810202
backbone_denovo,RAPCID_backbone_rapcid_backbone_12_model_4,/scratch/a2149a01/RAPCID_2610_output/ligandmpnn_inputs/backbone_denovo/RAPCID_backbone_rapcid_backbone_12_model_4.pdb,/scratch/a2149a01/RAPCID_2610_output/ligandmpnn/seqs/RAPCID_backbone_rapcid_backbone_12_model_4.fa,1042.8094889819622,777.5427443683147,0.25437699543050074,0.17857142857142858,0.2222222222222222,0.6765669285858692,0.14285714285714285,0.7759376799417115,0.5,0.5512820514343202,0.5,0.1924458384199158
backbone_denovo,RAPCID_backbone_rapcid_backbone_167_model_3,/scratch/a2149a01/RAPCID_2610_output/ligandmpnn_inputs/backbone_denovo/RAPCID_backbone_rapcid_backbone_167_model_3.pdb,/scratch/a2149a01/RAPCID_2610_output/ligandmpnn/seqs/RAPCID_backbone_rapcid_backbone_167_model_3.fa,1042.2963903099298,777.4068180024624,0.2541403527538858,0.14035087719298245,0.07407407407407407,0.7510589320431551,0.2857142857142857,0.6526273349585944,0.5,0.30029079630429956,0.0,0.16056198914860534
backbone_denovo,RAPCID_backbone_rapcid_backbone_78_model_5,/scratch/a2149a01/RAPCID_2610_output/ligandmpnn_inputs/backbone_denovo/RAPCID_backbone_rapcid_backbone_78_model_5.pdb,/scratch/a2149a01/RAPCID_2610_output/ligandmpnn/seqs/RAPCID_backbone_rapcid_backbone_78_model_5.fa,1042.8094889819622,777.8603900074959,0.2540723898025915,0.125,0.2222222222222222,0.6408374000883659,0.0,0.8763360905173924,0.0,0.666666662707676,0.5,0.1789159087444995
backbone_long,RAPCID_backbone_rapcid_backbone_132_model_0,/scratch/a2149a01/RAPCID_2610_output/ligandmpnn_inputs/backbone_long/RAPCID_backbone_rapcid_backbone_132_model_0.pdb,/scratch/a2149a01/RAPCID_2610_output/ligandmpnn/seqs/RAPCID_backbone_rapcid_backbone_132_model_0.fa,1044.3158884495497,779.2836951464415,0.2537854649483404,0.08771929824561403,0.14814814814814814,0.6830318550910925,0.14285714285714285,0.7810220948471484,0.0,0.8368421119069225,1.0,0.15835550601037893
backbone,RAPCID_backbone_rapcid_backbone_85_model_5,/scratch/a2149a01/RAPCID_2610_output/ligandmpnn_inputs/backbone/RAPCID_backbone_rapcid_backbone_85_model_5.pdb,/scratch/a2149a01/RAPCID_2610_output/ligandmpnn/seqs/RAPCID_backbone_rapcid_backbone_85_model_5.fa,1038.5478457212448,775.3939757794142,0.2533863711970603,0.14814814814814814,0.2222222222222222,0.619037144905179,0.0,0.9872241464324729,0.0,1.0,1.0,0.1843942374090475
backbone_denovo,RAPCID_backbone_rapcid_backbone_105_model_6,/scratch/a2149a01/RAPCID_2610_output/ligandmpnn_inputs/backbone_denovo/RAPCID_backbone_rapcid_backbone_105_model_6.pdb,/scratch/a2149a01/RAPCID_2610_output/ligandmpnn/seqs/RAPCID_backbone_rapcid_backbone_105_model_6.fa,1042.6291622072458,779.0807490795851,0.2527729155107543,0.16363636363636364,0.2222222222222222,0.6476102179534505,0.0,0.9171884087119226,0.0,1.0,1.0,0.18799023622226368
backbone_denovo,RAPCID_backbone_rapcid_backbone_84_model_3,/scratch/a2149a01/RAPCID_2610_output/ligandmpnn_inputs/backbone_denovo/RAPCID_backbone_rapcid_backbone_84_model_3.pdb,/scratch/a2149a01/RAPCID_2610_output/ligandmpnn/seqs/RAPCID_backbone_rapcid_backbone_84_model_3.fa,1039.6869882941246,776.9532962143421,0.25270460728845423,0.16666666666666666,0.2222222222222222,0.6658813287422597,0.0,0.9071173399293551,0.0,1.0,1.0,0.1887170732798044
backbone_denovo,RAPCID_backbone_rapcid_backbone_138_model_6,/scratch/a2149a01/RAPCID_2610_output/ligandmpnn_inputs/backbone_denovo/RAPCID_backbone_rapcid_backbone_138_model_6.pdb,/scratch/a2149a01/RAPCID_2610_output/ligandmpnn/seqs/RAPCID_backbone_rapcid_backbone_138_model_6.fa,1040.3829977214336,778.0397707521915,0.2521602405496879,0.16071428571428573,0.18518518518518517,0.7879766416875523,0.2857142857142857,0.5758860551884597,0.5,0.46061867658377065,0.5,0.18142845745370878
backbone_denovo,RAPCID_backbone_rapcid_backbone_42_model_0,/scratch/a2149a01/RAPCID_2610_output/ligandmpnn_inputs/backbone_denovo/RAPCID_backbone_rapcid_backbone_42_model_0.pdb,/scratch/a2149a01/RAPCID_2610_output/ligandmpnn/seqs/RAPCID_backbone_rapcid_backbone_42_model_0.fa,1040.5306161493063,778.5456591248512,0.25178015231688555,0.22807017543859648,0.18518518518518517,0.705680424007018,0.0,0.8636512252912595,0.0,0.9250000162120664,1.0,0.1980963901800254
backbone_denovo,RAPCID_backbone_rapcid_backbone_27_model_2,/scratch/a2149a01/RAPCID_2610_output/ligandmpnn_inputs/backbone_denovo/RAPCID_backbone_rapcid_backbone_27_model_2.pdb,/scratch/a2149a01/RAPCID_2610_output/ligandmpnn/seqs/RAPCID_backbone_rapcid_backbone_27_model_2.fa,1041.039002045989,779.0765450298786,0.25163558377857775,0.18181818181818182,0.2222222222222222,0.6486311414408027,0.0,0.9563305924750594,0.0,1.0,1.0,0.19202389148823878
backbone_denovo,RAPCID_backbone_rapcid_backbone_1_model_3,/scratch/a2149a01/RAPCID_2610_output/ligandmpnn_inputs/backbone_denovo/RAPCID_backbone_rapcid_backbone_1_model_3.pdb,/scratch/a2149a01/RAPCID_2610_output/ligandmpnn/seqs/RAPCID_backbone_rapcid_backbone_1_model_3.fa,1039.7174626290798,778.3800415843725,0.2513542673255452,0.14545454545454545,0.18518518518518517,0.6618041676559093,0.0,0.8626976002158526,0.0,0.8452381298994631,1.0,0.1772508344379095
backbone_denovo,RAPCID_backbone_rapcid_backbone_239_model_2,/scratch/a2149a01/RAPCID_2610_output/ligandmpnn_inputs/backbone_denovo/RAPCID_backbone_rapcid_backbone_239_model_2.pdb,/scratch/a2149a01/RAPCID_2610_output/ligandmpnn/seqs/RAPCID_backbone_rapcid_backbone_239_model_2.fa,1044.05150590837,784.1035808622837,0.24897998190225334,0.14545454545454545,0.14814814814814814,0.7259446237723941,0.0,0.8591745912088966,0.0,1.0,1.0,0.1706268504418726
backbone_long,RAPCID_backbone_rapcid_backbone_204_model_6,/scratch/a2149a01/RAPCID_2610_output/ligandmpnn_inputs/backbone_long/RAPCID_backbone_rapcid_backbone_204_model_6.pdb,/scratch/a2149a01/RAPCID_2610_output/ligandmpnn/seqs/RAPCID_backbone_rapcid_backbone_204_model_6.fa,1043.2813202440739,784.557385623455,0.24799057512128253,0.14285714285714285,0.2222222222222222,0.6658699393456603,0.14285714285714285,0.8778618972528733,0.0,0.8505154849096844,1.0,0.1806433778521962
backbone_denovo,RAPCID_backbone_rapcid_backbone_102_model_0,/scratch/a2149a01/RAPCID_2610_output/ligandmpnn_inputs/backbone_denovo/RAPCID_backbone_rapcid_backbone_102_model_0.pdb,/scratch/a2149a01/RAPCID_2610_output/ligandmpnn/seqs/RAPCID_backbone_rapcid_backbone_102_model_0.fa,1038.9614838957787,782.2228123098612,0.2471108655762947,0.17857142857142858,0.2222222222222222,0.6631608915294942,0.0,0.9086995979224854,0.0,0.9946236644777672,1.0,0.18917607998552308
backbone_denovo,RAPCID_backbone_rapcid_backbone_33_model_0,/scratch/a2149a01/RAPCID_2610_output/ligandmpnn_inputs/backbone_denovo/RAPCID_backbone_rapcid_backbone_33_model_0.pdb,/scratch/a2149a01/RAPCID_2610_output/ligandmpnn/seqs/RAPCID_backbone_rapcid_backbone_33_model_0.fa,1042.8094889819622,785.3741638064384,0.24686707197768576,0.23214285714285715,0.18518518518518517,0.7306721683165261,0.0,0.9347804841255688,0.0,1.0,1.0,0.19690367445345064
backbone_denovo,RAPCID_backbone_rapcid_backbone_35_model_3,/scratch/a2149a01/RAPCID_2610_output/ligandmpnn_inputs/backbone_denovo/RAPCID_backbone_rapcid_backbone_35_model_3.pdb,/scratch/a2149a01/RAPCID_2610_output/ligandmpnn/seqs/RAPCID_backbone_rapcid_backbone_35_model_3.fa,1040.5306161493063,783.8125524520874,0.24671841434830233,0.22807017543859648,0.14814814814814814,0.7487517175209725,0.0,0.8575628561270153,0.5,0.5124999997104989,0.5,0.1902630525386074
backbone_denovo,RAPCID_backbone_rapcid_backbone_36_model_2,/scratch/a2149a01/RAPCID_2610_output/ligandmpnn_inputs/backbone_denovo/RAPCID_backbone_rapcid_backbone_36_model_2.pdb,/scratch/a2149a01/RAPCID_2610_output/ligandmpnn/seqs/RAPCID_backbone_rapcid_backbone_36_model_2.fa,1043.25877353549,785.9557218849659,0.2466339686543466,0.16363636363636364,0.18518518518518517,0.7246401272636563,0.14285714285714285,0.8906926425155525,0.0,1.0,1.0,0.17967215458132468
backbone_denovo,RAPCID_backbone_rapcid_backbone_88_model_4,/scratch/a2149a01/RAPCID_2610_output/ligandmpnn_inputs/backbone_denovo/RAPCID_backbone_rapcid_backbone_88_model_4.pdb,/scratch/a2149a01/RAPCID_2610_output/ligandmpnn/seqs/RAPCID_backbone_rapcid_backbone_88_model_4.fa,1045.5025196820498,788.3916357457638,0.24592086493916487,0.19642857142857142,0.2222222222222222,0.6535745152775376,0.0,0.8485939981257585,0.0,0.6282051315550434,0.5,0.19310486541310037
backbone_long,RAPCID_backbone_rapcid_backbone_115_model_0,/scratch/a2149a01/RAPCID_2610_output/ligandmpnn_inputs/backbone_long/RAPCID_backbone_rapcid_backbone_115_model_0.pdb,/scratch/a2149a01/RAPCID_2610_output/ligandmpnn/seqs/RAPCID_backbone_rapcid_backbone_115_model_0.fa,1041.263836801052,785.242996275425,0.24587509090123472,0.125,0.2222222222222222,0.6533964548213935,0.0,0.9967532443241438,0.0,1.0,1.0,0.17522712423888895
backbone_denovo,RAPCID_backbone_rapcid_backbone_76_model_3,/scratch/a2149a01/RAPCID_2610_output/ligandmpnn_inputs/backbone_denovo/RAPCID_backbone_rapcid_backbone_76_model_3.pdb,/scratch/a2149a01/RAPCID_2610_output/ligandmpnn/seqs/RAPCID_backbone_rapcid_backbone_76_model_3.fa,1046.5645312964916,789.5008433461189,0.24562621822461383,0.125,0.14814814814814814,0.7727796761514563,0.14285714285714285,0.6760065999372352,0.5,0.5499999988419952,0.5,0.16400402042329845
backbone_denovo,RAPCID_backbone_rapcid_backbone_43_model_2,/scratch/a2149a01/RAPCID_2610_output/ligandmpnn_inputs/backbone_denovo/RAPCID_backbone_rapcid_backbone_43_model_2.pdb,/scratch/a2149a01/RAPCID_2610_output/ligandmpnn/seqs/RAPCID_backbone_rapcid_backbone_43_model_2.fa,1041.3593517541885,786.4807810783386,0.24475563622346352,0.2222222222222222,0.18518518518518517,0.7408320905280102,0.14285714285714285,0.7438431158838205,0.0,0.7410714426301722,0.5,0.19347336963389195
backbone_denovo,RAPCID_backbone_rapcid_backbone_179_model_3,/scratch/a2149a01/RAPCID_2610_output/ligandmpnn_inputs/backbone_denovo/RAPCID_backbone_rapcid_backbone_179_model_3.pdb,/scratch/a2149a01/RAPCID_2610_output/ligandmpnn/seqs/RAPCID_backbone_rapcid_backbone_179_model_3.fa,1039.6022365540266,785.3359962403774,0.2445803129055074,0.16363636363636364,0.18518518518518517,0.705415253169993,0.0,0.9152678779366978,0.0,1.0,1.0,0.17874800949434705
backbone_denovo,RAPCID_backbone_rapcid_backbone_20_model_7,/scratch/a2149a01/RAPCID_2610_output/ligandmpnn_inputs/backbone_denovo/RAPCID_backbone_rapcid_backbone_20_model_7.pdb,/scratch/a2149a01/RAPCID_2610_output/ligandmpnn/seqs/RAPCID_backbone_rapcid_backbone_20_model_7.fa,1041.6563350707293,787.3092304766178,0.2441756422254573,0.23636363636363636,0.2222222222222222,0.7556752982030744,0.0,0.7340881016335622,0.0,0.6951219594860547,0.5,0.2023032814256982
backbone_denovo,RAPCID_backbone_rapcid_backbone_136_model_1,/scratch/a2149a01/RAPCID_2610_output/ligandmpnn_inputs/backbone_denovo/RAPCID_backbone_rapcid_backbone_136_model_1.pdb,/scratch/a2149a01/RAPCID_2610_output/ligandmpnn/seqs/RAPCID_backbone_rapcid_backbone_136_model_1.fa,1041.6269612163305,788.0791383385658,0.24341518827593644,0.17857142857142858,0.25925925925925924,0.6341599679579178,0.0,0.9877551150247191,0.0,1.0,1.0,0.19306858075591743
backbone,RAPCID_backbone_rapcid_backbone_90_model_3,/scratch/a2149a01/RAPCID_2610_output/ligandmpnn_inputs/backbone/RAPCID_backbone_rapcid_backbone_90_model_3.pdb,/scratch/a2149a01/RAPCID_2610_output/ligandmpnn/seqs/RAPCID_backbone_rapcid_backbone_90_model_3.fa,1041.38606120646,788.6956677287817,0.24264814259654388,0.125,0.14814814814814814,0.6851742510052473,0.14285714285714285,0.849339541111333,0.0,1.0,1.0,0.16266388639066698
backbone_denovo,RAPCID_backbone_rapcid_backbone_104_model_5,/scratch/a2149a01/RAPCID_2610_output/ligandmpnn_inputs/backbone_denovo/RAPCID_backbone_rapcid_backbone_104_model_5.pdb,/scratch/a2149a01/RAPCID_2610_output/ligandmpnn/seqs/RAPCID_backbone_rapcid_backbone_104_model_5.fa,1039.443559601903,787.2685263901949,0.2426057969980484,0.12727272727272726,0.25925925925925924,0.6845323759629162,0.0,0.9387808282056084,0.0,1.0,1.0,0.1798796793561925
backbone_denovo,RAPCID_backbone_rapcid_backbone_203_model_0,/scratch/a2149a01/RAPCID_2610_output/ligandmpnn_inputs/backbone_denovo/RAPCID_backbone_rapcid_backbone_203_model_0.pdb,/scratch/a2149a01/RAPCID_2610_output/ligandmpnn/seqs/RAPCID_backbone_rapcid_backbone_203_model_0.fa,1039.9554589241743,788.215627849102,0.24206789715349464,0.16363636363636364,0.25925925925925924,0.6722815498253253,0.0,0.9961183571268635,0.0,1.0,1.0,0.1887285335170524
backbone_denovo,RAPCID_backbone_rapcid_backbone_16_model_1,/scratch/a2149a01/RAPCID_2610_output/ligandmpnn_inputs/backbone_denovo/RAPCID_backbone_rapcid_backbone_16_model_1.pdb,/scratch/a2149a01/RAPCID_2610_output/ligandmpnn/seqs/RAPCID_backbone_rapcid_backbone_16_model_1.fa,1043.7515564411879,791.1471205949783,0.24201586506610684,0.12727272727272726,0.18518518518518517,0.7202269849655517,0.14285714285714285,0.7211550744816007,0.5,0.51282051285858,0.5,0.1685030988757077
backbone_denovo,RAPCID_backbone_rapcid_backbone_203_model_6,/scratch/a2149a01/RAPCID_2610_output/ligandmpnn_inputs/backbone_denovo/RAPCID_backbone_rapcid_backbone_203_model_6.pdb,/scratch/a2149a01/RAPCID_2610_output/ligandmpnn/seqs/RAPCID_backbone_rapcid_backbone_203_model_6.fa,1039.9554589241743,788.3012068420649,0.24198560613590492,0.2,0.18518518518518517,0.7214212673696747,0.0,0.8160173169970515,0.0,0.9626168486155904,1.0,0.186671300538935
backbone_denovo,RAPCID_backbone_rapcid_backbone_29_model_7,/scratch/a2149a01/RAPCID_2610_output/ligandmpnn_inputs/backbone_denovo/RAPCID_backbone_rapcid_backbone_29_model_7.pdb,/scratch/a2149a01/RAPCID_2610_output/ligandmpnn/seqs/RAPCID_backbone_rapcid_backbone_29_model_7.fa,1039.6022365540266,789.1601173579693,0.24090186649289902,0.12727272727272726,0.14814814814814814,0.6773810389709847,0.14285714285714285,0.8232727074172026,0.0,0.7874999918939668,1.0,0.1624462439622086
backbone_long,RAPCID_backbone_rapcid_backbone_214_model_5,/scratch/a2149a01/RAPCID_2610_output/ligandmpnn_inputs/backbone_long/RAPCID_backbone_rapcid_backbone_214_model_5.pdb,/scratch/a2149a01/RAPCID_2610_output/ligandmpnn/seqs/RAPCID_backbone_rapcid_backbone_214_model_5.fa,1040.9532422423363,791.873860090971,0.23928008679315782,0.14285714285714285,0.2222222222222222,0.6583323191606383,0.0,0.9092234587127781,0.0,1.0,1.0,0.17672365810454005
backbone_denovo,RAPCID_backbone_rapcid_backbone_233_model_4,/scratch/a2149a01/RAPCID_2610_output/ligandmpnn_inputs/backbone_denovo/RAPCID_backbone_rapcid_backbone_233_model_4.pdb,/scratch/a2149a01/RAPCID_2610_output/ligandmpnn/seqs/RAPCID_backbone_rapcid_backbone_233_model_4.fa,1038.0815004557371,790.041872382164,0.2389404184205952,0.14545454545454545,0.1111111111111111,0.7779284048070707,0.0,0.8759935459169224,0.0,1.0,1.0,0.16055349131957086
backbone_denovo,RAPCID_backbone_rapcid_backbone_245_model_6,/scratch/a2149a01/RAPCID_2610_output/ligandmpnn_inputs/backbone_denovo/RAPCID_backbone_rapcid_backbone_245_model_6.pdb,/scratch/a2149a01/RAPCID_2610_output/ligandmpnn/seqs/RAPCID_backbone_rapcid_backbone_245_model_6.fa,1041.6563350707293,793.6161708533764,0.23812091941101743,0.14545454545454545,0.14814814814814814,0.7297259834841753,0.14285714285714285,0.840234258490873,0.0,0.8598130751782104,1.0,0.16574027232081642
backbone,RAPCID_backbone_rapcid_backbone_141_model_3,/scratch/a2149a01/RAPCID_2610_output/ligandmpnn_inputs/backbone/RAPCID_backbone_rapcid_backbone_141_model_3.pdb,/scratch/a2149a01/RAPCID_2610_output/ligandmpnn/seqs/RAPCID_backbone_rapcid_backbone_141_model_3.fa,1042.3067301809788,794.464979082346,0.2377819733118286,0.125,0.18518518518518517,0.6949073503840979,0.14285714285714285,0.8353529939839991,0.0,0.8505154849096844,1.0,0.16602966576810063
backbone_denovo,RAPCID_backbone_rapcid_backbone_167_model_0,/scratch/a2149a01/RAPCID_2610_output/ligandmpnn_inputs/backbone_denovo/RAPCID_backbone_rapcid_backbone_167_model_0.pdb,/scratch/a2149a01/RAPCID_2610_output/ligandmpnn/seqs/RAPCID_backbone_rapcid_backbone_167_model_0.fa,1042.2963903099298,796.743149921298,0.2355886892360971,0.14035087719298245,0.2222222222222222,0.6950417536959427,0.14285714285714285,0.8743809411190322,0.0,1.0,1.0,0.17443596278782264
backbone_denovo,RAPCID_backbone_rapcid_backbone_11_model_5,/scratch/a2149a01/RAPCID_2610_output/ligandmpnn_inputs/backbone_denovo/RAPCID_backbone_rapcid_backbone_11_model_5.pdb,/scratch/a2149a01/RAPCID_2610_output/ligandmpnn/seqs/RAPCID_backbone_rapcid_backbone_11_model_5.fa,1044.05150590837,798.4760695248842,0.23521390946112808,0.2,0.18518518518518517,0.7017448559762438,0.14285714285714285,0.8029253221716935,0.5,0.574999995367981,0.5,0.1836240370352854
backbone,RAPCID_backbone_rapcid_backbone_78_model_2,/scratch/a2149a01/RAPCID_2610_output/ligandmpnn_inputs/backbone/RAPCID_backbone_rapcid_backbone_78_model_2.pdb,/scratch/a2149a01/RAPCID_2610_output/ligandmpnn/seqs/RAPCID_backbone_rapcid_backbone_78_model_2.fa,1042.9844084084034,797.8759807348251,0.23500679942820457,0.14285714285714285,0.14814814814814814,0.6953404508725447,0.14285714285714285,0.8724268166547252,0.0,0.860824746766361,1.0,0.16368956767919998
backbone_denovo,RAPCID_backbone_rapcid_backbone_224_model_7,/scratch/a2149a01/RAPCID_2610_output/ligandmpnn_inputs/backbone_denovo/RAPCID_backbone_rapcid_backbone_224_model_7.pdb,/scratch/a2149a01/RAPCID_2610_output/ligandmpnn/seqs/RAPCID_backbone_rapcid_backbone_224_model_7.fa,1039.6969839632511,796.3249710202217,0.23407975275191484,0.16666666666666666,0.2962962962962963,0.6631284591090486,0.0,0.991481001002269,0.0,1.0,1.0,0.19144699984947278
backbone,RAPCID_backbone_rapcid_backbone_199_model_0,/scratch/a2149a01/RAPCID_2610_output/ligandmpnn_inputs/backbone/RAPCID_backbone_rapcid_backbone_199_model_0.pdb,/scratch/a2149a01/RAPCID_2610_output/ligandmpnn/seqs/RAPCID_backbone_rapcid_backbone_199_model_0.fa,1041.1296842992306,803.6525874435902,0.22809559696252713,0.10909090909090909,0.18518518518518517,0.6761807245293314,0.14285714285714285,0.8811558871875551,0.0,0.8666666218786383,1.0,0.15769352368364226
backbone_denovo,RAPCID_backbone_rapcid_backbone_212_model_3,/scratch/a2149a01/RAPCID_2610_output/ligandmpnn_inputs/backbone_denovo/RAPCID_backbone_rapcid_backbone_212_model_3.pdb,/scratch/a2149a01/RAPCID_2610_output/ligandmpnn/seqs/RAPCID_backbone_rapcid_backbone_212_model_3.fa,1044.05150590837,806.6042392253876,0.2274286903847651,0.10909090909090909,0.18518518518518517,0.7013680069071248,0.14285714285714285,0.8834693974692776,0.0,1.0,1.0,0.15739341572364934
backbone_denovo,RAPCID_backbone_rapcid_backbone_72_model_5,/scratch/a2149a01/RAPCID_2610_output/ligandmpnn_inputs/backbone_denovo/RAPCID_backbone_rapcid_backbone_72_model_5.pdb,/scratch/a2149a01/RAPCID_2610_output/ligandmpnn/seqs/RAPCID_backbone_rapcid_backbone_72_model_5.fa,1039.6869882941246,806.0344534665346,0.22473353755341052,0.2037037037037037,0.18518518518518517,0.7912816295485905,0.14285714285714285,0.7849922439432543,0.0,0.6460481203163974,0.5,0.17983379560273843
backbone_denovo,RAPCID_backbone_rapcid_backbone_164_model_3,/scratch/a2149a01/RAPCID_2610_output/ligandmpnn_inputs/backbone_denovo/RAPCID_backbone_rapcid_backbone_164_model_3.pdb,/scratch/a2149a01/RAPCID_2610_output/ligandmpnn/seqs/RAPCID_backbone_rapcid_backbone_164_model_3.fa,1041.6269612163305,808.1682943254709,0.2241288633871812,0.14285714285714285,0.25925925925925924,0.6972719991079418,0.0,0.9349666328404369,0.0,1.0,1.0,0.17546116312740614
backbone_denovo,RAPCID_backbone_rapcid_backbone_19_model_0,/scratch/a2149a01/RAPCID_2610_output/ligandmpnn_inputs/backbone_denovo/RAPCID_backbone_rapcid_backbone_19_model_0.pdb,/scratch/a2149a01/RAPCID_2610_output/ligandmpnn/seqs/RAPCID_backbone_rapcid_backbone_19_model_0.fa,1042.1263482570648,809.1375733613968,0.22357056347854276,0.17857142857142858,0.14814814814814814,0.7898636114007277,0.14285714285714285,0.7311473206960588,0.5,0.51282051285858,0.5,0.16747183293042361
backbone_denovo,RAPCID_backbone_rapcid_backbone_33_model_7,/scratch/a2149a01/RAPCID_2610_output/ligandmpnn_inputs/backbone_denovo/RAPCID_backbone_rapcid_backbone_33_model_7.pdb,/scratch/a2149a01/RAPCID_2610_output/ligandmpnn/seqs/RAPCID_backbone_rapcid_backbone_33_model_7.fa,1042.8094889819622,809.9876209497452,0.22326404821987977,0.16071428571428573,0.1111111111111111,0.7856424594077337,0.0,0.8306802238927823,0.0,1.0,1.0,0.157314059794184
backbone_denovo,RAPCID_backbone_rapcid_backbone_15_model_6,/scratch/a2149a01/RAPCID_2610_output/ligandmpnn_inputs/backbone_denovo/RAPCID_backbone_rapcid_backbone_15_model_6.pdb,/scratch/a2149a01/RAPCID_2610_output/ligandmpnn/seqs/RAPCID_backbone_rapcid_backbone_15_model_6.fa,1041.6269612163305,809.2994342297316,0.22304292768622758,0.16071428571428573,0.07407407407407407,0.8111413454012637,0.2857142857142857,0.6880583583513461,0.5,0.5697674386037724,0.5,0.15165899999848495
backbone_denovo,RAPCID_backbone_rapcid_backbone_1_model_0,/scratch/a2149a01/RAPCID_2610_output/ligandmpnn_inputs/backbone_denovo/RAPCID_backbone_rapcid_backbone_1_model_0.pdb,/scratch/a2149a01/RAPCID_2610_output/ligandmpnn/seqs/RAPCID_backbone_rapcid_backbone_1_model_0.fa,1039.7174626290798,813.2058617919683,0.2178588020098684,0.14545454545454545,0.1111111111111111,0.823158134777199,0.14285714285714285,0.6316113081866342,0.0,0.7627948424198978,1.0,0.1510667639347438
backbone,RAPCID_backbone_rapcid_backbone_34_model_3,/scratch/a2149a01/RAPCID_2610_output/ligandmpnn_inputs/backbone/RAPCID_backbone_rapcid_backbone_34_model_3.pdb,/scratch/a2149a01/RAPCID_2610_output/ligandmpnn/seqs/RAPCID_backbone_rapcid_backbone_34_model_3.fa,1037.8373865634203,813.4443642497063,0.21621212072224938,0.05555555555555555,0.07407407407407407,0.7178837710594953,0.14285714285714285,0.8837021642373777,0.0,0.7964601455020345,1.0,0.12229545432501222
backbone_denovo,RAPCID_backbone_rapcid_backbone_31_model_4,/scratch/a2149a01/RAPCID_2610_output/ligandmpnn_inputs/backbone_denovo/RAPCID_backbone_rapcid_backbone_31_model_4.pdb,/scratch/a2149a01/RAPCID_2610_output/ligandmpnn/seqs/RAPCID_backbone_rapcid_backbone_31_model_4.fa,1041.3593517541885,819.3217686861753,0.2132189841037937,0.1111111111111111,0.2222222222222222,0.7195641359701906,0.0,0.9350354605614302,0.0,1.0,1.0,0.15705965395781826
backbone_denovo,RAPCID_backbone_rapcid_backbone_179_model_6,/scratch/a2149a01/RAPCID_2610_output/ligandmpnn_inputs/backbone_denovo/RAPCID_backbone_rapcid_backbone_179_model_6.pdb,/scratch/a2149a01/RAPCID_2610_output/ligandmpnn/seqs/RAPCID_backbone_rapcid_backbone_179_model_6.fa,1039.6022365540266,822.2772065252066,0.20904632790055178,0.14545454545454545,0.2962962962962963,0.695585280850439,0.0,0.9644389840353013,0.0,1.0,1.0,0.17487892836332913
backbone_denovo,RAPCID_backbone_rapcid_backbone_197_model_1,/scratch/a2149a01/RAPCID_2610_output/ligandmpnn_inputs/backbone_denovo/RAPCID_backbone_rapcid_backbone_197_model_1.pdb,/scratch/a2149a01/RAPCID_2610_output/ligandmpnn/seqs/RAPCID_backbone_rapcid_backbone_197_model_1.fa,1046.5645312964916,828.1430225968361,0.2087033356930923,0.17857142857142858,0.14814814814814814,0.7857109605900807,0.14285714285714285,0.7290910075650494,0.5,0.6155660195292509,0.5,0.1607815804269709
backbone_denovo,RAPCID_backbone_rapcid_backbone_220_model_1,/scratch/a2149a01/RAPCID_2610_output/ligandmpnn_inputs/backbone_denovo/RAPCID_backbone_rapcid_backbone_220_model_1.pdb,/scratch/a2149a01/RAPCID_2610_output/ligandmpnn/seqs/RAPCID_backbone_rapcid_backbone_220_model_1.fa,1035.8220293819904,820.8919392079115,0.20749712216712957,0.14545454545454545,0.14814814814814814,0.7514146053594155,0.14285714285714285,0.8825603197505132,0.0,0.989130423399575,1.0,0.1519595635610669
backbone_denovo,RAPCID_backbone_rapcid_backbone_82_model_3,/scratch/a2149a01/RAPCID_2610_output/ligandmpnn_inputs/backbone_denovo/RAPCID_backbone_rapcid_backbone_82_model_3.pdb,/scratch/a2149a01/RAPCID_2610_output/ligandmpnn/seqs/RAPCID_backbone_rapcid_backbone_82_model_3.fa,1042.083354383707,831.0027314275503,0.20255637139602023,0.12727272727272726,0.14814814814814814,0.7599890655353633,0.0,0.9056990419253503,0.0,1.0,1.0,0.14519077116861315
backbone,RAPCID_backbone_rapcid_backbone_194_model_3,/scratch/a2149a01/RAPCID_2610_output/ligandmpnn_inputs/backbone/RAPCID_backbone_rapcid_backbone_194_model_3.pdb,/scratch/a2149a01/RAPCID_2610_output/ligandmpnn/seqs/RAPCID_backbone_rapcid_backbone_194_model_3.fa,1043.2759249210358,838.6806172132492,0.19610852970010995,0.07142857142857142,0.1111111111111111,0.7304943271772499,0.14285714285714285,0.8870911901084595,0.0,0.8279569978111005,1.0,0.122772647888859
backbone_denovo,RAPCID_backbone_rapcid_backbone_139_model_0,/scratch/a2149a01/RAPCID_2610_output/ligandmpnn_inputs/backbone_denovo/RAPCID_backbone_rapcid_backbone_139_model_0.pdb,/scratch/a2149a01/RAPCID_2610_output/ligandmpnn/seqs/RAPCID_backbone_rapcid_backbone_139_model_0.fa,1038.9614838957787,837.2501609921455,0.19414706515132696,0.07142857142857142,0.07407407407407407,0.8154031161200378,0.14285714285714285,0.7667712989231419,0.0,0.6749999930519716,0.5,0.11633443328635111
backbone_denovo,RAPCID_backbone_rapcid_backbone_190_model_6,/scratch/a2149a01/RAPCID_2610_output/ligandmpnn_inputs/backbone_denovo/RAPCID_backbone_rapcid_backbone_190_model_6.pdb,/scratch/a2149a01/RAPCID_2610_output/ligandmpnn/seqs/RAPCID_backbone_rapcid_backbone_190_model_6.fa,1039.443559601903,856.5743635296822,0.17592989478164445,0.05454545454545454,0.037037037037037035,0.8592842353851563,0.14285714285714285,0.7199111165185749,0.5,0.5124999997104989,0.5,0.0983603718436592
backbone_denovo,RAPCID_backbone_rapcid_backbone_91_model_4,/scratch/a2149a01/RAPCID_2610_output/ligandmpnn_inputs/backbone_denovo/RAPCID_backbone_rapcid_backbone_91_model_4.pdb,/scratch/a2149a01/RAPCID_2610_output/ligandmpnn/seqs/RAPCID_backbone_rapcid_backbone_91_model_4.fa,1040.5306161493063,865.2049381583929,0.16849641449258024,0.12280701754385964,0.14814814814814814,0.764785325010559,0.0,0.9975787071805458,0.0,1.0,1.0,0.12874736312984825
backbone_denovo,RAPCID_backbone_rapcid_backbone_50_model_0,/scratch/a2149a01/RAPCID_2610_output/ligandmpnn_inputs/backbone_denovo/RAPCID_backbone_rapcid_backbone_50_model_0.pdb,/scratch/a2149a01/RAPCID_2610_output/ligandmpnn/seqs/RAPCID_backbone_rapcid_backbone_50_model_0.fa,1041.0645203441381,870.3838727623224,0.163948193648358,0.09090909090909091,0.14814814814814814,0.7665368251793744,0.0,0.8933169813614389,0.0,0.9750000208440854,1.0,0.11872618209125604
