group	source	pdb	fixed_residues	motif_info
backbone_denovo	/scratch/a2149a01/RAPCID_2610_output/backbone_filtered/backbone_denovo/RAPCID_backbone_rapcid_backbone_100_model_1.cif.gz	/scratch/a2149a01/RAPCID_2610_output/ligandmpnn_inputs/backbone_denovo/RAPCID_backbone_rapcid_backbone_100_model_1.pdb		
backbone_denovo	/scratch/a2149a01/RAPCID_2610_output/backbone_filtered/backbone_denovo/RAPCID_backbone_rapcid_backbone_100_model_2.cif.gz	/scratch/a2149a01/RAPCID_2610_output/ligandmpnn_inputs/backbone_denovo/RAPCID_backbone_rapcid_backbone_100_model_2.pdb		
backbone_denovo	/scratch/a2149a01/RAPCID_2610_output/backbone_filtered/backbone_denovo/RAPCID_backbone_rapcid_backbone_100_model_4.cif.gz	/scratch/a2149a01/RAPCID_2610_output/ligandmpnn_inputs/backbone_denovo/RAPCID_backbone_rapcid_backbone_100_model_4.pdb		
backbone_denovo	/scratch/a2149a01/RAPCID_2610_output/backbone_filtered/backbone_denovo/RAPCID_backbone_rapcid_backbone_100_model_6.cif.gz	/scratch/a2149a01/RAPCID_2610_output/ligandmpnn_inputs/backbone_denovo/RAPCID_backbone_rapcid_backbone_100_model_6.pdb		
backbone_denovo	/scratch/a2149a01/RAPCID_2610_output/backbone_filtered/backbone_denovo/RAPCID_backbone_rapcid_backbone_101_model_6.cif.gz	/scratch/a2149a01/RAPCID_2610_output/ligandmpnn_inputs/backbone_denovo/RAPCID_backbone_rapcid_backbone_101_model_6.pdb		
backbone_denovo	/scratch/a2149a01/RAPCID_2610_output/backbone_filtered/backbone_denovo/RAPCID_backbone_rapcid_backbone_101_model_7.cif.gz	/scratch/a2149a01/RAPCID_2610_output/ligandmpnn_inputs/backbone_denovo/RAPCID_backbone_rapcid_backbone_101_model_7.pdb		
backbone_denovo	/scratch/a2149a01/RAPCID_2610_output/backbone_filtered/backbone_denovo/RAPCID_backbone_rapcid_backbone_102_model_0.cif.gz	/scratch/a2149a01/RAPCID_2610_output/ligandmpnn_inputs/backbone_denovo/RAPCID_backbone_rapcid_backbone_102_model_0.pdb		
backbone_denovo	/scratch/a2149a01/RAPCID_2610_output/backbone_filtered/backbone_denovo/RAPCID_backbone_rapcid_backbone_102_model_6.cif.gz	/scratch/a2149a01/RAPCID_2610_output/ligandmpnn_inputs/backbone_denovo/RAPCID_backbone_rapcid_backbone_102_model_6.pdb		
backbone_denovo	/scratch/a2149a01/RAPCID_2610_output/backbone_filtered/backbone_denovo/RAPCID_backbone_rapcid_backbone_103_model_1.cif.gz	/scratch/a2149a01/RAPCID_2610_output/ligandmpnn_inputs/backbone_denovo/RAPCID_backbone_rapcid_backbone_103_model_1.pdb		
backbone_denovo	/scratch/a2149a01/RAPCID_2610_output/backbone_filtered/backbone_denovo/RAPCID_backbone_rapcid_backbone_104_model_3.cif.gz	/scratch/a2149a01/RAPCID_2610_output/ligandmpnn_inputs/backbone_denovo/RAPCID_backbone_rapcid_backbone_104_model_3.pdb		
backbone_denovo	/scratch/a2149a01/RAPCID_2610_output/backbone_filtered/backbone_denovo/RAPCID_backbone_rapcid_backbone_104_model_5.cif.gz	/scratch/a2149a01/RAPCID_2610_output/ligandmpnn_inputs/backbone_denovo/RAPCID_backbone_rapcid_backbone_104_model_5.pdb		
backbone_denovo	/scratch/a2149a01/RAPCID_2610_output/backbone_filtered/backbone_denovo/RAPCID_backbone_rapcid_backbone_105_model_1.cif.gz	/scratch/a2149a01/RAPCID_2610_output/ligandmpnn_inputs/backbone_denovo/RAPCID_backbone_rapcid_backbone_105_model_1.pdb		
backbone_denovo	/scratch/a2149a01/RAPCID_2610_output/backbone_filtered/backbone_denovo/RAPCID_backbone_rapcid_backbone_105_model_6.cif.gz	/scratch/a2149a01/RAPCID_2610_output/ligandmpnn_inputs/backbone_denovo/RAPCID_backbone_rapcid_backbone_105_model_6.pdb		
backbone_denovo	/scratch/a2149a01/RAPCID_2610_output/backbone_filtered/backbone_denovo/RAPCID_backbone_rapcid_backbone_105_model_7.cif.gz	/scratch/a2149a01/RAPCID_2610_output/ligandmpnn_inputs/backbone_denovo/RAPCID_backbone_rapcid_backbone_105_model_7.pdb		
backbone_denovo	/scratch/a2149a01/RAPCID_2610_output/backbone_filtered/backbone_denovo/RAPCID_backbone_rapcid_backbone_106_model_1.cif.gz	/scratch/a2149a01/RAPCID_2610_output/ligandmpnn_inputs/backbone_denovo/RAPCID_backbone_rapcid_backbone_106_model_1.pdb		
backbone_denovo	/scratch/a2149a01/RAPCID_2610_output/backbone_filtered/backbone_denovo/RAPCID_backbone_rapcid_backbone_106_model_3.cif.gz	/scratch/a2149a01/RAPCID_2610_output/ligandmpnn_inputs/backbone_denovo/RAPCID_backbone_rapcid_backbone_106_model_3.pdb		
backbone_denovo	/scratch/a2149a01/RAPCID_2610_output/backbone_filtered/backbone_denovo/RAPCID_backbone_rapcid_backbone_107_model_1.cif.gz	/scratch/a2149a01/RAPCID_2610_output/ligandmpnn_inputs/backbone_denovo/RAPCID_backbone_rapcid_backbone_107_model_1.pdb		
backbone_denovo	/scratch/a2149a01/RAPCID_2610_output/backbone_filtered/backbone_denovo/RAPCID_backbone_rapcid_backbone_107_model_6.cif.gz	/scratch/a2149a01/RAPCID_2610_output/ligandmpnn_inputs/backbone_denovo/RAPCID_backbone_rapcid_backbone_107_model_6.pdb		
backbone_denovo	/scratch/a2149a01/RAPCID_2610_output/backbone_filtered/backbone_denovo/RAPCID_backbone_rapcid_backbone_108_model_1.cif.gz	/scratch/a2149a01/RAPCID_2610_output/ligandmpnn_inputs/backbone_denovo/RAPCID_backbone_rapcid_backbone_108_model_1.pdb		
backbone_denovo	/scratch/a2149a01/RAPCID_2610_output/backbone_filtered/backbone_denovo/RAPCID_backbone_rapcid_backbone_108_model_7.cif.gz	/scratch/a2149a01/RAPCID_2610_output/ligandmpnn_inputs/backbone_denovo/RAPCID_backbone_rapcid_backbone_108_model_7.pdb		
backbone_denovo	/scratch/a2149a01/RAPCID_2610_output/backbone_filtered/backbone_denovo/RAPCID_backbone_rapcid_backbone_109_model_4.cif.gz	/scratch/a2149a01/RAPCID_2610_output/ligandmpnn_inputs/backbone_denovo/RAPCID_backbone_rapcid_backbone_109_model_4.pdb		
backbone_denovo	/scratch/a2149a01/RAPCID_2610_output/backbone_filtered/backbone_denovo/RAPCID_backbone_rapcid_backbone_109_model_5.cif.gz	/scratch/a2149a01/RAPCID_2610_output/ligandmpnn_inputs/backbone_denovo/RAPCID_backbone_rapcid_backbone_109_model_5.pdb		
backbone_denovo	/scratch/a2149a01/RAPCID_2610_output/backbone_filtered/backbone_denovo/RAPCID_backbone_rapcid_backbone_109_model_7.cif.gz	/scratch/a2149a01/RAPCID_2610_output/ligandmpnn_inputs/backbone_denovo/RAPCID_backbone_rapcid_backbone_109_model_7.pdb		
backbone_denovo	/scratch/a2149a01/RAPCID_2610_output/backbone_filtered/backbone_denovo/RAPCID_backbone_rapcid_backbone_10_model_5.cif.gz	/scratch/a2149a01/RAPCID_2610_output/ligandmpnn_inputs/backbone_denovo/RAPCID_backbone_rapcid_backbone_10_model_5.pdb		
backbone_denovo	/scratch/a2149a01/RAPCID_2610_output/backbone_filtered/backbone_denovo/RAPCID_backbone_rapcid_backbone_10_model_6.cif.gz	/scratch/a2149a01/RAPCID_2610_output/ligandmpnn_inputs/backbone_denovo/RAPCID_backbone_rapcid_backbone_10_model_6.pdb		
backbone_denovo	/scratch/a2149a01/RAPCID_2610_output/backbone_filtered/backbone_denovo/RAPCID_backbone_rapcid_backbone_110_model_0.cif.gz	/scratch/a2149a01/RAPCID_2610_output/ligandmpnn_inputs/backbone_denovo/RAPCID_backbone_rapcid_backbone_110_model_0.pdb		
backbone_denovo	/scratch/a2149a01/RAPCID_2610_output/backbone_filtered/backbone_denovo/RAPCID_backbone_rapcid_backbone_110_model_3.cif.gz	/scratch/a2149a01/RAPCID_2610_output/ligandmpnn_inputs/backbone_denovo/RAPCID_backbone_rapcid_backbone_110_model_3.pdb		
backbone_denovo	/scratch/a2149a01/RAPCID_2610_output/backbone_filtered/backbone_denovo/RAPCID_backbone_rapcid_backbone_110_model_4.cif.gz	/scratch/a2149a01/RAPCID_2610_output/ligandmpnn_inputs/backbone_denovo/RAPCID_backbone_rapcid_backbone_110_model_4.pdb		
backbone_denovo	/scratch/a2149a01/RAPCID_2610_output/backbone_filtered/backbone_denovo/RAPCID_backbone_rapcid_backbone_111_model_3.cif.gz	/scratch/a2149a01/RAPCID_2610_output/ligandmpnn_inputs/backbone_denovo/RAPCID_backbone_rapcid_backbone_111_model_3.pdb		
backbone_denovo	/scratch/a2149a01/RAPCID_2610_output/backbone_filtered/backbone_denovo/RAPCID_backbone_rapcid_backbone_111_model_6.cif.gz	/scratch/a2149a01/RAPCID_2610_output/ligandmpnn_inputs/backbone_denovo/RAPCID_backbone_rapcid_backbone_111_model_6.pdb		
backbone_denovo	/scratch/a2149a01/RAPCID_2610_output/backbone_filtered/backbone_denovo/RAPCID_backbone_rapcid_backbone_113_model_2.cif.gz	/scratch/a2149a01/RAPCID_2610_output/ligandmpnn_inputs/backbone_denovo/RAPCID_backbone_rapcid_backbone_113_model_2.pdb		
backbone_denovo	/scratch/a2149a01/RAPCID_2610_output/backbone_filtered/backbone_denovo/RAPCID_backbone_rapcid_backbone_113_model_3.cif.gz	/scratch/a2149a01/RAPCID_2610_output/ligandmpnn_inputs/backbone_denovo/RAPCID_backbone_rapcid_backbone_113_model_3.pdb		
backbone_denovo	/scratch/a2149a01/RAPCID_2610_output/backbone_filtered/backbone_denovo/RAPCID_backbone_rapcid_backbone_113_model_4.cif.gz	/scratch/a2149a01/RAPCID_2610_output/ligandmpnn_inputs/backbone_denovo/RAPCID_backbone_rapcid_backbone_113_model_4.pdb		
backbone_denovo	/scratch/a2149a01/RAPCID_2610_output/backbone_filtered/backbone_denovo/RAPCID_backbone_rapcid_backbone_113_model_6.cif.gz	/scratch/a2149a01/RAPCID_2610_output/ligandmpnn_inputs/backbone_denovo/RAPCID_backbone_rapcid_backbone_113_model_6.pdb		
backbone_denovo	/scratch/a2149a01/RAPCID_2610_output/backbone_filtered/backbone_denovo/RAPCID_backbone_rapcid_backbone_115_model_4.cif.gz	/scratch/a2149a01/RAPCID_2610_output/ligandmpnn_inputs/backbone_denovo/RAPCID_backbone_rapcid_backbone_115_model_4.pdb		
backbone_denovo	/scratch/a2149a01/RAPCID_2610_output/backbone_filtered/backbone_denovo/RAPCID_backbone_rapcid_backbone_115_model_7.cif.gz	/scratch/a2149a01/RAPCID_2610_output/ligandmpnn_inputs/backbone_denovo/RAPCID_backbone_rapcid_backbone_115_model_7.pdb		
backbone_denovo	/scratch/a2149a01/RAPCID_2610_output/backbone_filtered/backbone_denovo/RAPCID_backbone_rapcid_backbone_116_model_3.cif.gz	/scratch/a2149a01/RAPCID_2610_output/ligandmpnn_inputs/backbone_denovo/RAPCID_backbone_rapcid_backbone_116_model_3.pdb		
backbone_denovo	/scratch/a2149a01/RAPCID_2610_output/backbone_filtered/backbone_denovo/RAPCID_backbone_rapcid_backbone_116_model_5.cif.gz	/scratch/a2149a01/RAPCID_2610_output/ligandmpnn_inputs/backbone_denovo/RAPCID_backbone_rapcid_backbone_116_model_5.pdb		
backbone_denovo	/scratch/a2149a01/RAPCID_2610_output/backbone_filtered/backbone_denovo/RAPCID_backbone_rapcid_backbone_116_model_6.cif.gz	/scratch/a2149a01/RAPCID_2610_output/ligandmpnn_inputs/backbone_denovo/RAPCID_backbone_rapcid_backbone_116_model_6.pdb		
backbone_denovo	/scratch/a2149a01/RAPCID_2610_output/backbone_filtered/backbone_denovo/RAPCID_backbone_rapcid_backbone_117_model_5.cif.gz	/scratch/a2149a01/RAPCID_2610_output/ligandmpnn_inputs/backbone_denovo/RAPCID_backbone_rapcid_backbone_117_model_5.pdb		
backbone_denovo	/scratch/a2149a01/RAPCID_2610_output/backbone_filtered/backbone_denovo/RAPCID_backbone_rapcid_backbone_118_model_3.cif.gz	/scratch/a2149a01/RAPCID_2610_output/ligandmpnn_inputs/backbone_denovo/RAPCID_backbone_rapcid_backbone_118_model_3.pdb		
backbone_denovo	/scratch/a2149a01/RAPCID_2610_output/backbone_filtered/backbone_denovo/RAPCID_backbone_rapcid_backbone_118_model_4.cif.gz	/scratch/a2149a01/RAPCID_2610_output/ligandmpnn_inputs/backbone_denovo/RAPCID_backbone_rapcid_backbone_118_model_4.pdb		
backbone_denovo	/scratch/a2149a01/RAPCID_2610_output/backbone_filtered/backbone_denovo/RAPCID_backbone_rapcid_backbone_118_model_7.cif.gz	/scratch/a2149a01/RAPCID_2610_output/ligandmpnn_inputs/backbone_denovo/RAPCID_backbone_rapcid_backbone_118_model_7.pdb		
backbone_denovo	/scratch/a2149a01/RAPCID_2610_output/backbone_filtered/backbone_denovo/RAPCID_backbone_rapcid_backbone_119_model_0.cif.gz	/scratch/a2149a01/RAPCID_2610_output/ligandmpnn_inputs/backbone_denovo/RAPCID_backbone_rapcid_backbone_119_model_0.pdb		
backbone_denovo	/scratch/a2149a01/RAPCID_2610_output/backbone_filtered/backbone_denovo/RAPCID_backbone_rapcid_backbone_11_model_1.cif.gz	/scratch/a2149a01/RAPCID_2610_output/ligandmpnn_inputs/backbone_denovo/RAPCID_backbone_rapcid_backbone_11_model_1.pdb		
backbone_denovo	/scratch/a2149a01/RAPCID_2610_output/backbone_filtered/backbone_denovo/RAPCID_backbone_rapcid_backbone_11_model_5.cif.gz	/scratch/a2149a01/RAPCID_2610_output/ligandmpnn_inputs/backbone_denovo/RAPCID_backbone_rapcid_backbone_11_model_5.pdb		
backbone_denovo	/scratch/a2149a01/RAPCID_2610_output/backbone_filtered/backbone_denovo/RAPCID_backbone_rapcid_backbone_120_model_0.cif.gz	/scratch/a2149a01/RAPCID_2610_output/ligandmpnn_inputs/backbone_denovo/RAPCID_backbone_rapcid_backbone_120_model_0.pdb		
backbone_denovo	/scratch/a2149a01/RAPCID_2610_output/backbone_filtered/backbone_denovo/RAPCID_backbone_rapcid_backbone_120_model_2.cif.gz	/scratch/a2149a01/RAPCID_2610_output/ligandmpnn_inputs/backbone_denovo/RAPCID_backbone_rapcid_backbone_120_model_2.pdb		
backbone_denovo	/scratch/a2149a01/RAPCID_2610_output/backbone_filtered/backbone_denovo/RAPCID_backbone_rapcid_backbone_123_model_1.cif.gz	/scratch/a2149a01/RAPCID_2610_output/ligandmpnn_inputs/backbone_denovo/RAPCID_backbone_rapcid_backbone_123_model_1.pdb		
backbone_denovo	/scratch/a2149a01/RAPCID_2610_output/backbone_filtered/backbone_denovo/RAPCID_backbone_rapcid_backbone_123_model_2.cif.gz	/scratch/a2149a01/RAPCID_2610_output/ligandmpnn_inputs/backbone_denovo/RAPCID_backbone_rapcid_backbone_123_model_2.pdb		
backbone_denovo	/scratch/a2149a01/RAPCID_2610_output/backbone_filtered/backbone_denovo/RAPCID_backbone_rapcid_backbone_123_model_4.cif.gz	/scratch/a2149a01/RAPCID_2610_output/ligandmpnn_inputs/backbone_denovo/RAPCID_backbone_rapcid_backbone_123_model_4.pdb		
backbone_denovo	/scratch/a2149a01/RAPCID_2610_output/backbone_filtered/backbone_denovo/RAPCID_backbone_rapcid_backbone_124_model_0.cif.gz	/scratch/a2149a01/RAPCID_2610_output/ligandmpnn_inputs/backbone_denovo/RAPCID_backbone_rapcid_backbone_124_model_0.pdb		
backbone_denovo	/scratch/a2149a01/RAPCID_2610_output/backbone_filtered/backbone_denovo/RAPCID_backbone_rapcid_backbone_124_model_1.cif.gz	/scratch/a2149a01/RAPCID_2610_output/ligandmpnn_inputs/backbone_denovo/RAPCID_backbone_rapcid_backbone_124_model_1.pdb		
backbone_denovo	/scratch/a2149a01/RAPCID_2610_output/backbone_filtered/backbone_denovo/RAPCID_backbone_rapcid_backbone_124_model_7.cif.gz	/scratch/a2149a01/RAPCID_2610_output/ligandmpnn_inputs/backbone_denovo/RAPCID_backbone_rapcid_backbone_124_model_7.pdb		
backbone_denovo	/scratch/a2149a01/RAPCID_2610_output/backbone_filtered/backbone_denovo/RAPCID_backbone_rapcid_backbone_125_model_4.cif.gz	/scratch/a2149a01/RAPCID_2610_output/ligandmpnn_inputs/backbone_denovo/RAPCID_backbone_rapcid_backbone_125_model_4.pdb		
backbone_denovo	/scratch/a2149a01/RAPCID_2610_output/backbone_filtered/backbone_denovo/RAPCID_backbone_rapcid_backbone_126_model_1.cif.gz	/scratch/a2149a01/RAPCID_2610_output/ligandmpnn_inputs/backbone_denovo/RAPCID_backbone_rapcid_backbone_126_model_1.pdb		
backbone_denovo	/scratch/a2149a01/RAPCID_2610_output/backbone_filtered/backbone_denovo/RAPCID_backbone_rapcid_backbone_127_model_3.cif.gz	/scratch/a2149a01/RAPCID_2610_output/ligandmpnn_inputs/backbone_denovo/RAPCID_backbone_rapcid_backbone_127_model_3.pdb		
backbone_denovo	/scratch/a2149a01/RAPCID_2610_output/backbone_filtered/backbone_denovo/RAPCID_backbone_rapcid_backbone_128_model_0.cif.gz	/scratch/a2149a01/RAPCID_2610_output/ligandmpnn_inputs/backbone_denovo/RAPCID_backbone_rapcid_backbone_128_model_0.pdb		
backbone_denovo	/scratch/a2149a01/RAPCID_2610_output/backbone_filtered/backbone_denovo/RAPCID_backbone_rapcid_backbone_128_model_7.cif.gz	/scratch/a2149a01/RAPCID_2610_output/ligandmpnn_inputs/backbone_denovo/RAPCID_backbone_rapcid_backbone_128_model_7.pdb		
backbone_denovo	/scratch/a2149a01/RAPCID_2610_output/backbone_filtered/backbone_denovo/RAPCID_backbone_rapcid_backbone_12_model_2.cif.gz	/scratch/a2149a01/RAPCID_2610_output/ligandmpnn_inputs/backbone_denovo/RAPCID_backbone_rapcid_backbone_12_model_2.pdb		
backbone_denovo	/scratch/a2149a01/RAPCID_2610_output/backbone_filtered/backbone_denovo/RAPCID_backbone_rapcid_backbone_12_model_4.cif.gz	/scratch/a2149a01/RAPCID_2610_output/ligandmpnn_inputs/backbone_denovo/RAPCID_backbone_rapcid_backbone_12_model_4.pdb		
backbone_denovo	/scratch/a2149a01/RAPCID_2610_output/backbone_filtered/backbone_denovo/RAPCID_backbone_rapcid_backbone_130_model_0.cif.gz	/scratch/a2149a01/RAPCID_2610_output/ligandmpnn_inputs/backbone_denovo/RAPCID_backbone_rapcid_backbone_130_model_0.pdb		
backbone_denovo	/scratch/a2149a01/RAPCID_2610_output/backbone_filtered/backbone_denovo/RAPCID_backbone_rapcid_backbone_130_model_2.cif.gz	/scratch/a2149a01/RAPCID_2610_output/ligandmpnn_inputs/backbone_denovo/RAPCID_backbone_rapcid_backbone_130_model_2.pdb		
backbone_denovo	/scratch/a2149a01/RAPCID_2610_output/backbone_filtered/backbone_denovo/RAPCID_backbone_rapcid_backbone_131_model_3.cif.gz	/scratch/a2149a01/RAPCID_2610_output/ligandmpnn_inputs/backbone_denovo/RAPCID_backbone_rapcid_backbone_131_model_3.pdb		
backbone_denovo	/scratch/a2149a01/RAPCID_2610_output/backbone_filtered/backbone_denovo/RAPCID_backbone_rapcid_backbone_131_model_4.cif.gz	/scratch/a2149a01/RAPCID_2610_output/ligandmpnn_inputs/backbone_denovo/RAPCID_backbone_rapcid_backbone_131_model_4.pdb		
backbone_denovo	/scratch/a2149a01/RAPCID_2610_output/backbone_filtered/backbone_denovo/RAPCID_backbone_rapcid_backbone_133_model_2.cif.gz	/scratch/a2149a01/RAPCID_2610_output/ligandmpnn_inputs/backbone_denovo/RAPCID_backbone_rapcid_backbone_133_model_2.pdb		
backbone_denovo	/scratch/a2149a01/RAPCID_2610_output/backbone_filtered/backbone_denovo/RAPCID_backbone_rapcid_backbone_133_model_6.cif.gz	/scratch/a2149a01/RAPCID_2610_output/ligandmpnn_inputs/backbone_denovo/RAPCID_backbone_rapcid_backbone_133_model_6.pdb		
backbone_denovo	/scratch/a2149a01/RAPCID_2610_output/backbone_filtered/backbone_denovo/RAPCID_backbone_rapcid_backbone_134_model_3.cif.gz	/scratch/a2149a01/RAPCID_2610_output/ligandmpnn_inputs/backbone_denovo/RAPCID_backbone_rapcid_backbone_134_model_3.pdb		
backbone_denovo	/scratch/a2149a01/RAPCID_2610_output/backbone_filtered/backbone_denovo/RAPCID_backbone_rapcid_backbone_135_model_1.cif.gz	/scratch/a2149a01/RAPCID_2610_output/ligandmpnn_inputs/backbone_denovo/RAPCID_backbone_rapcid_backbone_135_model_1.pdb		
backbone_denovo	/scratch/a2149a01/RAPCID_2610_output/backbone_filtered/backbone_denovo/RAPCID_backbone_rapcid_backbone_136_model_1.cif.gz	/scratch/a2149a01/RAPCID_2610_output/ligandmpnn_inputs/backbone_denovo/RAPCID_backbone_rapcid_backbone_136_model_1.pdb		
backbone_denovo	/scratch/a2149a01/RAPCID_2610_output/backbone_filtered/backbone_denovo/RAPCID_backbone_rapcid_backbone_136_model_6.cif.gz	/scratch/a2149a01/RAPCID_2610_output/ligandmpnn_inputs/backbone_denovo/RAPCID_backbone_rapcid_backbone_136_model_6.pdb		
backbone_denovo	/scratch/a2149a01/RAPCID_2610_output/backbone_filtered/backbone_denovo/RAPCID_backbone_rapcid_backbone_137_model_0.cif.gz	/scratch/a2149a01/RAPCID_2610_output/ligandmpnn_inputs/backbone_denovo/RAPCID_backbone_rapcid_backbone_137_model_0.pdb		
backbone_denovo	/scratch/a2149a01/RAPCID_2610_output/backbone_filtered/backbone_denovo/RAPCID_backbone_rapcid_backbone_138_model_5.cif.gz	/scratch/a2149a01/RAPCID_2610_output/ligandmpnn_inputs/backbone_denovo/RAPCID_backbone_rapcid_backbone_138_model_5.pdb		
backbone_denovo	/scratch/a2149a01/RAPCID_2610_output/backbone_filtered/backbone_denovo/RAPCID_backbone_rapcid_backbone_138_model_6.cif.gz	/scratch/a2149a01/RAPCID_2610_output/ligandmpnn_inputs/backbone_denovo/RAPCID_backbone_rapcid_backbone_138_model_6.pdb		
backbone_denovo	/scratch/a2149a01/RAPCID_2610_output/backbone_filtered/backbone_denovo/RAPCID_backbone_rapcid_backbone_138_model_7.cif.gz	/scratch/a2149a01/RAPCID_2610_output/ligandmpnn_inputs/backbone_denovo/RAPCID_backbone_rapcid_backbone_138_model_7.pdb		
backbone_denovo	/scratch/a2149a01/RAPCID_2610_output/backbone_filtered/backbone_denovo/RAPCID_backbone_rapcid_backbone_139_model_0.cif.gz	/scratch/a2149a01/RAPCID_2610_output/ligandmpnn_inputs/backbone_denovo/RAPCID_backbone_rapcid_backbone_139_model_0.pdb		
backbone_denovo	/scratch/a2149a01/RAPCID_2610_output/backbone_filtered/backbone_denovo/RAPCID_backbone_rapcid_backbone_139_model_2.cif.gz	/scratch/a2149a01/RAPCID_2610_output/ligandmpnn_inputs/backbone_denovo/RAPCID_backbone_rapcid_backbone_139_model_2.pdb		
backbone_denovo	/scratch/a2149a01/RAPCID_2610_output/backbone_filtered/backbone_denovo/RAPCID_backbone_rapcid_backbone_13_model_0.cif.gz	/scratch/a2149a01/RAPCID_2610_output/ligandmpnn_inputs/backbone_denovo/RAPCID_backbone_rapcid_backbone_13_model_0.pdb		
backbone_denovo	/scratch/a2149a01/RAPCID_2610_output/backbone_filtered/backbone_denovo/RAPCID_backbone_rapcid_backbone_140_model_2.cif.gz	/scratch/a2149a01/RAPCID_2610_output/ligandmpnn_inputs/backbone_denovo/RAPCID_backbone_rapcid_backbone_140_model_2.pdb		
backbone_denovo	/scratch/a2149a01/RAPCID_2610_output/backbone_filtered/backbone_denovo/RAPCID_backbone_rapcid_backbone_140_model_3.cif.gz	/scratch/a2149a01/RAPCID_2610_output/ligandmpnn_inputs/backbone_denovo/RAPCID_backbone_rapcid_backbone_140_model_3.pdb		
backbone_denovo	/scratch/a2149a01/RAPCID_2610_output/backbone_filtered/backbone_denovo/RAPCID_backbone_rapcid_backbone_140_model_6.cif.gz	/scratch/a2149a01/RAPCID_2610_output/ligandmpnn_inputs/backbone_denovo/RAPCID_backbone_rapcid_backbone_140_model_6.pdb		
backbone_denovo	/scratch/a2149a01/RAPCID_2610_output/backbone_filtered/backbone_denovo/RAPCID_backbone_rapcid_backbone_140_model_7.cif.gz	/scratch/a2149a01/RAPCID_2610_output/ligandmpnn_inputs/backbone_denovo/RAPCID_backbone_rapcid_backbone_140_model_7.pdb		
backbone_denovo	/scratch/a2149a01/RAPCID_2610_output/backbone_filtered/backbone_denovo/RAPCID_backbone_rapcid_backbone_141_model_0.cif.gz	/scratch/a2149a01/RAPCID_2610_output/ligandmpnn_inputs/backbone_denovo/RAPCID_backbone_rapcid_backbone_141_model_0.pdb		
backbone_denovo	/scratch/a2149a01/RAPCID_2610_output/backbone_filtered/backbone_denovo/RAPCID_backbone_rapcid_backbone_141_model_2.cif.gz	/scratch/a2149a01/RAPCID_2610_output/ligandmpnn_inputs/backbone_denovo/RAPCID_backbone_rapcid_backbone_141_model_2.pdb		
backbone_denovo	/scratch/a2149a01/RAPCID_2610_output/backbone_filtered/backbone_denovo/RAPCID_backbone_rapcid_backbone_144_model_2.cif.gz	/scratch/a2149a01/RAPCID_2610_output/ligandmpnn_inputs/backbone_denovo/RAPCID_backbone_rapcid_backbone_144_model_2.pdb		
backbone_denovo	/scratch/a2149a01/RAPCID_2610_output/backbone_filtered/backbone_denovo/RAPCID_backbone_rapcid_backbone_144_model_4.cif.gz	/scratch/a2149a01/RAPCID_2610_output/ligandmpnn_inputs/backbone_denovo/RAPCID_backbone_rapcid_backbone_144_model_4.pdb		
backbone_denovo	/scratch/a2149a01/RAPCID_2610_output/backbone_filtered/backbone_denovo/RAPCID_backbone_rapcid_backbone_144_model_5.cif.gz	/scratch/a2149a01/RAPCID_2610_output/ligandmpnn_inputs/backbone_denovo/RAPCID_backbone_rapcid_backbone_144_model_5.pdb		
backbone_denovo	/scratch/a2149a01/RAPCID_2610_output/backbone_filtered/backbone_denovo/RAPCID_backbone_rapcid_backbone_145_model_1.cif.gz	/scratch/a2149a01/RAPCID_2610_output/ligandmpnn_inputs/backbone_denovo/RAPCID_backbone_rapcid_backbone_145_model_1.pdb		
backbone_denovo	/scratch/a2149a01/RAPCID_2610_output/backbone_filtered/backbone_denovo/RAPCID_backbone_rapcid_backbone_145_model_2.cif.gz	/scratch/a2149a01/RAPCID_2610_output/ligandmpnn_inputs/backbone_denovo/RAPCID_backbone_rapcid_backbone_145_model_2.pdb		
backbone_denovo	/scratch/a2149a01/RAPCID_2610_output/backbone_filtered/backbone_denovo/RAPCID_backbone_rapcid_backbone_145_model_5.cif.gz	/scratch/a2149a01/RAPCID_2610_output/ligandmpnn_inputs/backbone_denovo/RAPCID_backbone_rapcid_backbone_145_model_5.pdb		
backbone_denovo	/scratch/a2149a01/RAPCID_2610_output/backbone_filtered/backbone_denovo/RAPCID_backbone_rapcid_backbone_146_model_1.cif.gz	/scratch/a2149a01/RAPCID_2610_output/ligandmpnn_inputs/backbone_denovo/RAPCID_backbone_rapcid_backbone_146_model_1.pdb		
backbone_denovo	/scratch/a2149a01/RAPCID_2610_output/backbone_filtered/backbone_denovo/RAPCID_backbone_rapcid_backbone_146_model_2.cif.gz	/scratch/a2149a01/RAPCID_2610_output/ligandmpnn_inputs/backbone_denovo/RAPCID_backbone_rapcid_backbone_146_model_2.pdb		
backbone_denovo	/scratch/a2149a01/RAPCID_2610_output/backbone_filtered/backbone_denovo/RAPCID_backbone_rapcid_backbone_146_model_7.cif.gz	/scratch/a2149a01/RAPCID_2610_output/ligandmpnn_inputs/backbone_denovo/RAPCID_backbone_rapcid_backbone_146_model_7.pdb		
backbone_denovo	/scratch/a2149a01/RAPCID_2610_output/backbone_filtered/backbone_denovo/RAPCID_backbone_rapcid_backbone_147_model_4.cif.gz	/scratch/a2149a01/RAPCID_2610_output/ligandmpnn_inputs/backbone_denovo/RAPCID_backbone_rapcid_backbone_147_model_4.pdb		
backbone_denovo	/scratch/a2149a01/RAPCID_2610_output/backbone_filtered/backbone_denovo/RAPCID_backbone_rapcid_backbone_148_model_7.cif.gz	/scratch/a2149a01/RAPCID_2610_output/ligandmpnn_inputs/backbone_denovo/RAPCID_backbone_rapcid_backbone_148_model_7.pdb		
backbone_denovo	/scratch/a2149a01/RAPCID_2610_output/backbone_filtered/backbone_denovo/RAPCID_backbone_rapcid_backbone_14_model_5.cif.gz	/scratch/a2149a01/RAPCID_2610_output/ligandmpnn_inputs/backbone_denovo/RAPCID_backbone_rapcid_backbone_14_model_5.pdb		
backbone_denovo	/scratch/a2149a01/RAPCID_2610_output/backbone_filtered/backbone_denovo/RAPCID_backbone_rapcid_backbone_150_model_7.cif.gz	/scratch/a2149a01/RAPCID_2610_output/ligandmpnn_inputs/backbone_denovo/RAPCID_backbone_rapcid_backbone_150_model_7.pdb		
backbone_denovo	/scratch/a2149a01/RAPCID_2610_output/backbone_filtered/backbone_denovo/RAPCID_backbone_rapcid_backbone_151_model_1.cif.gz	/scratch/a2149a01/RAPCID_2610_output/ligandmpnn_inputs/backbone_denovo/RAPCID_backbone_rapcid_backbone_151_model_1.pdb		
backbone_denovo	/scratch/a2149a01/RAPCID_2610_output/backbone_filtered/backbone_denovo/RAPCID_backbone_rapcid_backbone_151_model_4.cif.gz	/scratch/a2149a01/RAPCID_2610_output/ligandmpnn_inputs/backbone_denovo/RAPCID_backbone_rapcid_backbone_151_model_4.pdb		
backbone_denovo	/scratch/a2149a01/RAPCID_2610_output/backbone_filtered/backbone_denovo/RAPCID_backbone_rapcid_backbone_151_model_5.cif.gz	/scratch/a2149a01/RAPCID_2610_output/ligandmpnn_inputs/backbone_denovo/RAPCID_backbone_rapcid_backbone_151_model_5.pdb		
backbone_denovo	/scratch/a2149a01/RAPCID_2610_output/backbone_filtered/backbone_denovo/RAPCID_backbone_rapcid_backbone_152_model_0.cif.gz	/scratch/a2149a01/RAPCID_2610_output/ligandmpnn_inputs/backbone_denovo/RAPCID_backbone_rapcid_backbone_152_model_0.pdb		
backbone_denovo	/scratch/a2149a01/RAPCID_2610_output/backbone_filtered/backbone_denovo/RAPCID_backbone_rapcid_backbone_152_model_3.cif.gz	/scratch/a2149a01/RAPCID_2610_output/ligandmpnn_inputs/backbone_denovo/RAPCID_backbone_rapcid_backbone_152_model_3.pdb		
backbone_denovo	/scratch/a2149a01/RAPCID_2610_output/backbone_filtered/backbone_denovo/RAPCID_backbone_rapcid_backbone_153_model_2.cif.gz	/scratch/a2149a01/RAPCID_2610_output/ligandmpnn_inputs/backbone_denovo/RAPCID_backbone_rapcid_backbone_153_model_2.pdb		
backbone_denovo	/scratch/a2149a01/RAPCID_2610_output/backbone_filtered/backbone_denovo/RAPCID_backbone_rapcid_backbone_153_model_3.cif.gz	/scratch/a2149a01/RAPCID_2610_output/ligandmpnn_inputs/backbone_denovo/RAPCID_backbone_rapcid_backbone_153_model_3.pdb		
backbone_denovo	/scratch/a2149a01/RAPCID_2610_output/backbone_filtered/backbone_denovo/RAPCID_backbone_rapcid_backbone_153_model_4.cif.gz	/scratch/a2149a01/RAPCID_2610_output/ligandmpnn_inputs/backbone_denovo/RAPCID_backbone_rapcid_backbone_153_model_4.pdb		
backbone_denovo	/scratch/a2149a01/RAPCID_2610_output/backbone_filtered/backbone_denovo/RAPCID_backbone_rapcid_backbone_153_model_5.cif.gz	/scratch/a2149a01/RAPCID_2610_output/ligandmpnn_inputs/backbone_denovo/RAPCID_backbone_rapcid_backbone_153_model_5.pdb		
backbone_denovo	/scratch/a2149a01/RAPCID_2610_output/backbone_filtered/backbone_denovo/RAPCID_backbone_rapcid_backbone_154_model_0.cif.gz	/scratch/a2149a01/RAPCID_2610_output/ligandmpnn_inputs/backbone_denovo/RAPCID_backbone_rapcid_backbone_154_model_0.pdb		
backbone_denovo	/scratch/a2149a01/RAPCID_2610_output/backbone_filtered/backbone_denovo/RAPCID_backbone_rapcid_backbone_155_model_1.cif.gz	/scratch/a2149a01/RAPCID_2610_output/ligandmpnn_inputs/backbone_denovo/RAPCID_backbone_rapcid_backbone_155_model_1.pdb		
backbone_denovo	/scratch/a2149a01/RAPCID_2610_output/backbone_filtered/backbone_denovo/RAPCID_backbone_rapcid_backbone_155_model_5.cif.gz	/scratch/a2149a01/RAPCID_2610_output/ligandmpnn_inputs/backbone_denovo/RAPCID_backbone_rapcid_backbone_155_model_5.pdb		
backbone_denovo	/scratch/a2149a01/RAPCID_2610_output/backbone_filtered/backbone_denovo/RAPCID_backbone_rapcid_backbone_156_model_0.cif.gz	/scratch/a2149a01/RAPCID_2610_output/ligandmpnn_inputs/backbone_denovo/RAPCID_backbone_rapcid_backbone_156_model_0.pdb		
backbone_denovo	/scratch/a2149a01/RAPCID_2610_output/backbone_filtered/backbone_denovo/RAPCID_backbone_rapcid_backbone_15_model_4.cif.gz	/scratch/a2149a01/RAPCID_2610_output/ligandmpnn_inputs/backbone_denovo/RAPCID_backbone_rapcid_backbone_15_model_4.pdb		
backbone_denovo	/scratch/a2149a01/RAPCID_2610_output/backbone_filtered/backbone_denovo/RAPCID_backbone_rapcid_backbone_15_model_6.cif.gz	/scratch/a2149a01/RAPCID_2610_output/ligandmpnn_inputs/backbone_denovo/RAPCID_backbone_rapcid_backbone_15_model_6.pdb		
backbone_denovo	/scratch/a2149a01/RAPCID_2610_output/backbone_filtered/backbone_denovo/RAPCID_backbone_rapcid_backbone_160_model_1.cif.gz	/scratch/a2149a01/RAPCID_2610_output/ligandmpnn_inputs/backbone_denovo/RAPCID_backbone_rapcid_backbone_160_model_1.pdb		
backbone_denovo	/scratch/a2149a01/RAPCID_2610_output/backbone_filtered/backbone_denovo/RAPCID_backbone_rapcid_backbone_160_model_2.cif.gz	/scratch/a2149a01/RAPCID_2610_output/ligandmpnn_inputs/backbone_denovo/RAPCID_backbone_rapcid_backbone_160_model_2.pdb		
backbone_denovo	/scratch/a2149a01/RAPCID_2610_output/backbone_filtered/backbone_denovo/RAPCID_backbone_rapcid_backbone_160_model_3.cif.gz	/scratch/a2149a01/RAPCID_2610_output/ligandmpnn_inputs/backbone_denovo/RAPCID_backbone_rapcid_backbone_160_model_3.pdb		
backbone_denovo	/scratch/a2149a01/RAPCID_2610_output/backbone_filtered/backbone_denovo/RAPCID_backbone_rapcid_backbone_161_model_0.cif.gz	/scratch/a2149a01/RAPCID_2610_output/ligandmpnn_inputs/backbone_denovo/RAPCID_backbone_rapcid_backbone_161_model_0.pdb		
backbone_denovo	/scratch/a2149a01/RAPCID_2610_output/backbone_filtered/backbone_denovo/RAPCID_backbone_rapcid_backbone_161_model_2.cif.gz	/scratch/a2149a01/RAPCID_2610_output/ligandmpnn_inputs/backbone_denovo/RAPCID_backbone_rapcid_backbone_161_model_2.pdb		
backbone_denovo	/scratch/a2149a01/RAPCID_2610_output/backbone_filtered/backbone_denovo/RAPCID_backbone_rapcid_backbone_161_model_5.cif.gz	/scratch/a2149a01/RAPCID_2610_output/ligandmpnn_inputs/backbone_denovo/RAPCID_backbone_rapcid_backbone_161_model_5.pdb		
backbone_denovo	/scratch/a2149a01/RAPCID_2610_output/backbone_filtered/backbone_denovo/RAPCID_backbone_rapcid_backbone_162_model_2.cif.gz	/scratch/a2149a01/RAPCID_2610_output/ligandmpnn_inputs/backbone_denovo/RAPCID_backbone_rapcid_backbone_162_model_2.pdb		
backbone_denovo	/scratch/a2149a01/RAPCID_2610_output/backbone_filtered/backbone_denovo/RAPCID_backbone_rapcid_backbone_163_model_0.cif.gz	/scratch/a2149a01/RAPCID_2610_output/ligandmpnn_inputs/backbone_denovo/RAPCID_backbone_rapcid_backbone_163_model_0.pdb		
backbone_denovo	/scratch/a2149a01/RAPCID_2610_output/backbone_filtered/backbone_denovo/RAPCID_backbone_rapcid_backbone_163_model_2.cif.gz	/scratch/a2149a01/RAPCID_2610_output/ligandmpnn_inputs/backbone_denovo/RAPCID_backbone_rapcid_backbone_163_model_2.pdb		
backbone_denovo	/scratch/a2149a01/RAPCID_2610_output/backbone_filtered/backbone_denovo/RAPCID_backbone_rapcid_backbone_164_model_0.cif.gz	/scratch/a2149a01/RAPCID_2610_output/ligandmpnn_inputs/backbone_denovo/RAPCID_backbone_rapcid_backbone_164_model_0.pdb		
backbone_denovo	/scratch/a2149a01/RAPCID_2610_output/backbone_filtered/backbone_denovo/RAPCID_backbone_rapcid_backbone_164_model_3.cif.gz	/scratch/a2149a01/RAPCID_2610_output/ligandmpnn_inputs/backbone_denovo/RAPCID_backbone_rapcid_backbone_164_model_3.pdb		
backbone_denovo	/scratch/a2149a01/RAPCID_2610_output/backbone_filtered/backbone_denovo/RAPCID_backbone_rapcid_backbone_164_model_6.cif.gz	/scratch/a2149a01/RAPCID_2610_output/ligandmpnn_inputs/backbone_denovo/RAPCID_backbone_rapcid_backbone_164_model_6.pdb		
backbone_denovo	/scratch/a2149a01/RAPCID_2610_output/backbone_filtered/backbone_denovo/RAPCID_backbone_rapcid_backbone_166_model_3.cif.gz	/scratch/a2149a01/RAPCID_2610_output/ligandmpnn_inputs/backbone_denovo/RAPCID_backbone_rapcid_backbone_166_model_3.pdb		
backbone_denovo	/scratch/a2149a01/RAPCID_2610_output/backbone_filtered/backbone_denovo/RAPCID_backbone_rapcid_backbone_167_model_0.cif.gz	/scratch/a2149a01/RAPCID_2610_output/ligandmpnn_inputs/backbone_denovo/RAPCID_backbone_rapcid_backbone_167_model_0.pdb		
backbone_denovo	/scratch/a2149a01/RAPCID_2610_output/backbone_filtered/backbone_denovo/RAPCID_backbone_rapcid_backbone_167_model_2.cif.gz	/scratch/a2149a01/RAPCID_2610_output/ligandmpnn_inputs/backbone_denovo/RAPCID_backbone_rapcid_backbone_167_model_2.pdb		
backbone_denovo	/scratch/a2149a01/RAPCID_2610_output/backbone_filtered/backbone_denovo/RAPCID_backbone_rapcid_backbone_167_model_3.cif.gz	/scratch/a2149a01/RAPCID_2610_output/ligandmpnn_inputs/backbone_denovo/RAPCID_backbone_rapcid_backbone_167_model_3.pdb		
backbone_denovo	/scratch/a2149a01/RAPCID_2610_output/backbone_filtered/backbone_denovo/RAPCID_backbone_rapcid_backbone_169_model_1.cif.gz	/scratch/a2149a01/RAPCID_2610_output/ligandmpnn_inputs/backbone_denovo/RAPCID_backbone_rapcid_backbone_169_model_1.pdb		
backbone_denovo	/scratch/a2149a01/RAPCID_2610_output/backbone_filtered/backbone_denovo/RAPCID_backbone_rapcid_backbone_169_model_4.cif.gz	/scratch/a2149a01/RAPCID_2610_output/ligandmpnn_inputs/backbone_denovo/RAPCID_backbone_rapcid_backbone_169_model_4.pdb		
backbone_denovo	/scratch/a2149a01/RAPCID_2610_output/backbone_filtered/backbone_denovo/RAPCID_backbone_rapcid_backbone_16_model_1.cif.gz	/scratch/a2149a01/RAPCID_2610_output/ligandmpnn_inputs/backbone_denovo/RAPCID_backbone_rapcid_backbone_16_model_1.pdb		
backbone_denovo	/scratch/a2149a01/RAPCID_2610_output/backbone_filtered/backbone_denovo/RAPCID_backbone_rapcid_backbone_16_model_2.cif.gz	/scratch/a2149a01/RAPCID_2610_output/ligandmpnn_inputs/backbone_denovo/RAPCID_backbone_rapcid_backbone_16_model_2.pdb		
backbone_denovo	/scratch/a2149a01/RAPCID_2610_output/backbone_filtered/backbone_denovo/RAPCID_backbone_rapcid_backbone_16_model_6.cif.gz	/scratch/a2149a01/RAPCID_2610_output/ligandmpnn_inputs/backbone_denovo/RAPCID_backbone_rapcid_backbone_16_model_6.pdb		
backbone_denovo	/scratch/a2149a01/RAPCID_2610_output/backbone_filtered/backbone_denovo/RAPCID_backbone_rapcid_backbone_170_model_2.cif.gz	/scratch/a2149a01/RAPCID_2610_output/ligandmpnn_inputs/backbone_denovo/RAPCID_backbone_rapcid_backbone_170_model_2.pdb		
backbone_denovo	/scratch/a2149a01/RAPCID_2610_output/backbone_filtered/backbone_denovo/RAPCID_backbone_rapcid_backbone_170_model_6.cif.gz	/scratch/a2149a01/RAPCID_2610_output/ligandmpnn_inputs/backbone_denovo/RAPCID_backbone_rapcid_backbone_170_model_6.pdb		
backbone_denovo	/scratch/a2149a01/RAPCID_2610_output/backbone_filtered/backbone_denovo/RAPCID_backbone_rapcid_backbone_171_model_4.cif.gz	/scratch/a2149a01/RAPCID_2610_output/ligandmpnn_inputs/backbone_denovo/RAPCID_backbone_rapcid_backbone_171_model_4.pdb		
backbone_denovo	/scratch/a2149a01/RAPCID_2610_output/backbone_filtered/backbone_denovo/RAPCID_backbone_rapcid_backbone_172_model_0.cif.gz	/scratch/a2149a01/RAPCID_2610_output/ligandmpnn_inputs/backbone_denovo/RAPCID_backbone_rapcid_backbone_172_model_0.pdb		
backbone_denovo	/scratch/a2149a01/RAPCID_2610_output/backbone_filtered/backbone_denovo/RAPCID_backbone_rapcid_backbone_172_model_6.cif.gz	/scratch/a2149a01/RAPCID_2610_output/ligandmpnn_inputs/backbone_denovo/RAPCID_backbone_rapcid_backbone_172_model_6.pdb		
backbone_denovo	/scratch/a2149a01/RAPCID_2610_output/backbone_filtered/backbone_denovo/RAPCID_backbone_rapcid_backbone_173_model_3.cif.gz	/scratch/a2149a01/RAPCID_2610_output/ligandmpnn_inputs/backbone_denovo/RAPCID_backbone_rapcid_backbone_173_model_3.pdb		
backbone_denovo	/scratch/a2149a01/RAPCID_2610_output/backbone_filtered/backbone_denovo/RAPCID_backbone_rapcid_backbone_173_model_4.cif.gz	/scratch/a2149a01/RAPCID_2610_output/ligandmpnn_inputs/backbone_denovo/RAPCID_backbone_rapcid_backbone_173_model_4.pdb		
backbone_denovo	/scratch/a2149a01/RAPCID_2610_output/backbone_filtered/backbone_denovo/RAPCID_backbone_rapcid_backbone_173_model_6.cif.gz	/scratch/a2149a01/RAPCID_2610_output/ligandmpnn_inputs/backbone_denovo/RAPCID_backbone_rapcid_backbone_173_model_6.pdb		
backbone_denovo	/scratch/a2149a01/RAPCID_2610_output/backbone_filtered/backbone_denovo/RAPCID_backbone_rapcid_backbone_174_model_0.cif.gz	/scratch/a2149a01/RAPCID_2610_output/ligandmpnn_inputs/backbone_denovo/RAPCID_backbone_rapcid_backbone_174_model_0.pdb		
backbone_denovo	/scratch/a2149a01/RAPCID_2610_output/backbone_filtered/backbone_denovo/RAPCID_backbone_rapcid_backbone_174_model_4.cif.gz	/scratch/a2149a01/RAPCID_2610_output/ligandmpnn_inputs/backbone_denovo/RAPCID_backbone_rapcid_backbone_174_model_4.pdb		
backbone_denovo	/scratch/a2149a01/RAPCID_2610_output/backbone_filtered/backbone_denovo/RAPCID_backbone_rapcid_backbone_175_model_5.cif.gz	/scratch/a2149a01/RAPCID_2610_output/ligandmpnn_inputs/backbone_denovo/RAPCID_backbone_rapcid_backbone_175_model_5.pdb		
backbone_denovo	/scratch/a2149a01/RAPCID_2610_output/backbone_filtered/backbone_denovo/RAPCID_backbone_rapcid_backbone_177_model_0.cif.gz	/scratch/a2149a01/RAPCID_2610_output/ligandmpnn_inputs/backbone_denovo/RAPCID_backbone_rapcid_backbone_177_model_0.pdb		
backbone_denovo	/scratch/a2149a01/RAPCID_2610_output/backbone_filtered/backbone_denovo/RAPCID_backbone_rapcid_backbone_177_model_6.cif.gz	/scratch/a2149a01/RAPCID_2610_output/ligandmpnn_inputs/backbone_denovo/RAPCID_backbone_rapcid_backbone_177_model_6.pdb		
backbone_denovo	/scratch/a2149a01/RAPCID_2610_output/backbone_filtered/backbone_denovo/RAPCID_backbone_rapcid_backbone_178_model_3.cif.gz	/scratch/a2149a01/RAPCID_2610_output/ligandmpnn_inputs/backbone_denovo/RAPCID_backbone_rapcid_backbone_178_model_3.pdb		
backbone_denovo	/scratch/a2149a01/RAPCID_2610_output/backbone_filtered/backbone_denovo/RAPCID_backbone_rapcid_backbone_179_model_3.cif.gz	/scratch/a2149a01/RAPCID_2610_output/ligandmpnn_inputs/backbone_denovo/RAPCID_backbone_rapcid_backbone_179_model_3.pdb		
backbone_denovo	/scratch/a2149a01/RAPCID_2610_output/backbone_filtered/backbone_denovo/RAPCID_backbone_rapcid_backbone_179_model_6.cif.gz	/scratch/a2149a01/RAPCID_2610_output/ligandmpnn_inputs/backbone_denovo/RAPCID_backbone_rapcid_backbone_179_model_6.pdb		
backbone_denovo	/scratch/a2149a01/RAPCID_2610_output/backbone_filtered/backbone_denovo/RAPCID_backbone_rapcid_backbone_17_model_0.cif.gz	/scratch/a2149a01/RAPCID_2610_output/ligandmpnn_inputs/backbone_denovo/RAPCID_backbone_rapcid_backbone_17_model_0.pdb		
backbone_denovo	/scratch/a2149a01/RAPCID_2610_output/backbone_filtered/backbone_denovo/RAPCID_backbone_rapcid_backbone_17_model_1.cif.gz	/scratch/a2149a01/RAPCID_2610_output/ligandmpnn_inputs/backbone_denovo/RAPCID_backbone_rapcid_backbone_17_model_1.pdb		
backbone_denovo	/scratch/a2149a01/RAPCID_2610_output/backbone_filtered/backbone_denovo/RAPCID_backbone_rapcid_backbone_17_model_3.cif.gz	/scratch/a2149a01/RAPCID_2610_output/ligandmpnn_inputs/backbone_denovo/RAPCID_backbone_rapcid_backbone_17_model_3.pdb		
backbone_denovo	/scratch/a2149a01/RAPCID_2610_output/backbone_filtered/backbone_denovo/RAPCID_backbone_rapcid_backbone_17_model_4.cif.gz	/scratch/a2149a01/RAPCID_2610_output/ligandmpnn_inputs/backbone_denovo/RAPCID_backbone_rapcid_backbone_17_model_4.pdb		
backbone_denovo	/scratch/a2149a01/RAPCID_2610_output/backbone_filtered/backbone_denovo/RAPCID_backbone_rapcid_backbone_180_model_1.cif.gz	/scratch/a2149a01/RAPCID_2610_output/ligandmpnn_inputs/backbone_denovo/RAPCID_backbone_rapcid_backbone_180_model_1.pdb		
backbone_denovo	/scratch/a2149a01/RAPCID_2610_output/backbone_filtered/backbone_denovo/RAPCID_backbone_rapcid_backbone_180_model_3.cif.gz	/scratch/a2149a01/RAPCID_2610_output/ligandmpnn_inputs/backbone_denovo/RAPCID_backbone_rapcid_backbone_180_model_3.pdb		
backbone_denovo	/scratch/a2149a01/RAPCID_2610_output/backbone_filtered/backbone_denovo/RAPCID_backbone_rapcid_backbone_180_model_4.cif.gz	/scratch/a2149a01/RAPCID_2610_output/ligandmpnn_inputs/backbone_denovo/RAPCID_backbone_rapcid_backbone_180_model_4.pdb		
backbone_denovo	/scratch/a2149a01/RAPCID_2610_output/backbone_filtered/backbone_denovo/RAPCID_backbone_rapcid_backbone_181_model_0.cif.gz	/scratch/a2149a01/RAPCID_2610_output/ligandmpnn_inputs/backbone_denovo/RAPCID_backbone_rapcid_backbone_181_model_0.pdb		
backbone_denovo	/scratch/a2149a01/RAPCID_2610_output/backbone_filtered/backbone_denovo/RAPCID_backbone_rapcid_backbone_182_model_2.cif.gz	/scratch/a2149a01/RAPCID_2610_output/ligandmpnn_inputs/backbone_denovo/RAPCID_backbone_rapcid_backbone_182_model_2.pdb		
backbone_denovo	/scratch/a2149a01/RAPCID_2610_output/backbone_filtered/backbone_denovo/RAPCID_backbone_rapcid_backbone_183_model_3.cif.gz	/scratch/a2149a01/RAPCID_2610_output/ligandmpnn_inputs/backbone_denovo/RAPCID_backbone_rapcid_backbone_183_model_3.pdb		
backbone_denovo	/scratch/a2149a01/RAPCID_2610_output/backbone_filtered/backbone_denovo/RAPCID_backbone_rapcid_backbone_187_model_1.cif.gz	/scratch/a2149a01/RAPCID_2610_output/ligandmpnn_inputs/backbone_denovo/RAPCID_backbone_rapcid_backbone_187_model_1.pdb		
backbone_denovo	/scratch/a2149a01/RAPCID_2610_output/backbone_filtered/backbone_denovo/RAPCID_backbone_rapcid_backbone_187_model_6.cif.gz	/scratch/a2149a01/RAPCID_2610_output/ligandmpnn_inputs/backbone_denovo/RAPCID_backbone_rapcid_backbone_187_model_6.pdb		
backbone_denovo	/scratch/a2149a01/RAPCID_2610_output/backbone_filtered/backbone_denovo/RAPCID_backbone_rapcid_backbone_188_model_4.cif.gz	/scratch/a2149a01/RAPCID_2610_output/ligandmpnn_inputs/backbone_denovo/RAPCID_backbone_rapcid_backbone_188_model_4.pdb		
backbone_denovo	/scratch/a2149a01/RAPCID_2610_output/backbone_filtered/backbone_denovo/RAPCID_backbone_rapcid_backbone_188_model_7.cif.gz	/scratch/a2149a01/RAPCID_2610_output/ligandmpnn_inputs/backbone_denovo/RAPCID_backbone_rapcid_backbone_188_model_7.pdb		
backbone_denovo	/scratch/a2149a01/RAPCID_2610_output/backbone_filtered/backbone_denovo/RAPCID_backbone_rapcid_backbone_189_model_0.cif.gz	/scratch/a2149a01/RAPCID_2610_output/ligandmpnn_inputs/backbone_denovo/RAPCID_backbone_rapcid_backbone_189_model_0.pdb		
backbone_denovo	/scratch/a2149a01/RAPCID_2610_output/backbone_filtered/backbone_denovo/RAPCID_backbone_rapcid_backbone_189_model_2.cif.gz	/scratch/a2149a01/RAPCID_2610_output/ligandmpnn_inputs/backbone_denovo/RAPCID_backbone_rapcid_backbone_189_model_2.pdb		
backbone_denovo	/scratch/a2149a01/RAPCID_2610_output/backbone_filtered/backbone_denovo/RAPCID_backbone_rapcid_backbone_18_model_0.cif.gz	/scratch/a2149a01/RAPCID_2610_output/ligandmpnn_inputs/backbone_denovo/RAPCID_backbone_rapcid_backbone_18_model_0.pdb		
backbone_denovo	/scratch/a2149a01/RAPCID_2610_output/backbone_filtered/backbone_denovo/RAPCID_backbone_rapcid_backbone_18_model_1.cif.gz	/scratch/a2149a01/RAPCID_2610_output/ligandmpnn_inputs/backbone_denovo/RAPCID_backbone_rapcid_backbone_18_model_1.pdb		
backbone_denovo	/scratch/a2149a01/RAPCID_2610_output/backbone_filtered/backbone_denovo/RAPCID_backbone_rapcid_backbone_18_model_5.cif.gz	/scratch/a2149a01/RAPCID_2610_output/ligandmpnn_inputs/backbone_denovo/RAPCID_backbone_rapcid_backbone_18_model_5.pdb		
backbone_denovo	/scratch/a2149a01/RAPCID_2610_output/backbone_filtered/backbone_denovo/RAPCID_backbone_rapcid_backbone_190_model_3.cif.gz	/scratch/a2149a01/RAPCID_2610_output/ligandmpnn_inputs/backbone_denovo/RAPCID_backbone_rapcid_backbone_190_model_3.pdb		
backbone_denovo	/scratch/a2149a01/RAPCID_2610_output/backbone_filtered/backbone_denovo/RAPCID_backbone_rapcid_backbone_190_model_5.cif.gz	/scratch/a2149a01/RAPCID_2610_output/ligandmpnn_inputs/backbone_denovo/RAPCID_backbone_rapcid_backbone_190_model_5.pdb		
backbone_denovo	/scratch/a2149a01/RAPCID_2610_output/backbone_filtered/backbone_denovo/RAPCID_backbone_rapcid_backbone_190_model_6.cif.gz	/scratch/a2149a01/RAPCID_2610_output/ligandmpnn_inputs/backbone_denovo/RAPCID_backbone_rapcid_backbone_190_model_6.pdb		
backbone_denovo	/scratch/a2149a01/RAPCID_2610_output/backbone_filtered/backbone_denovo/RAPCID_backbone_rapcid_backbone_190_model_7.cif.gz	/scratch/a2149a01/RAPCID_2610_output/ligandmpnn_inputs/backbone_denovo/RAPCID_backbone_rapcid_backbone_190_model_7.pdb		
backbone_denovo	/scratch/a2149a01/RAPCID_2610_output/backbone_filtered/backbone_denovo/RAPCID_backbone_rapcid_backbone_191_model_7.cif.gz	/scratch/a2149a01/RAPCID_2610_output/ligandmpnn_inputs/backbone_denovo/RAPCID_backbone_rapcid_backbone_191_model_7.pdb		
backbone_denovo	/scratch/a2149a01/RAPCID_2610_output/backbone_filtered/backbone_denovo/RAPCID_backbone_rapcid_backbone_192_model_0.cif.gz	/scratch/a2149a01/RAPCID_2610_output/ligandmpnn_inputs/backbone_denovo/RAPCID_backbone_rapcid_backbone_192_model_0.pdb		
backbone_denovo	/scratch/a2149a01/RAPCID_2610_output/backbone_filtered/backbone_denovo/RAPCID_backbone_rapcid_backbone_192_model_2.cif.gz	/scratch/a2149a01/RAPCID_2610_output/ligandmpnn_inputs/backbone_denovo/RAPCID_backbone_rapcid_backbone_192_model_2.pdb		
backbone_denovo	/scratch/a2149a01/RAPCID_2610_output/backbone_filtered/backbone_denovo/RAPCID_backbone_rapcid_backbone_192_model_6.cif.gz	/scratch/a2149a01/RAPCID_2610_output/ligandmpnn_inputs/backbone_denovo/RAPCID_backbone_rapcid_backbone_192_model_6.pdb		
backbone_denovo	/scratch/a2149a01/RAPCID_2610_output/backbone_filtered/backbone_denovo/RAPCID_backbone_rapcid_backbone_194_model_2.cif.gz	/scratch/a2149a01/RAPCID_2610_output/ligandmpnn_inputs/backbone_denovo/RAPCID_backbone_rapcid_backbone_194_model_2.pdb		
backbone_denovo	/scratch/a2149a01/RAPCID_2610_output/backbone_filtered/backbone_denovo/RAPCID_backbone_rapcid_backbone_195_model_1.cif.gz	/scratch/a2149a01/RAPCID_2610_output/ligandmpnn_inputs/backbone_denovo/RAPCID_backbone_rapcid_backbone_195_model_1.pdb		
backbone_denovo	/scratch/a2149a01/RAPCID_2610_output/backbone_filtered/backbone_denovo/RAPCID_backbone_rapcid_backbone_195_model_4.cif.gz	/scratch/a2149a01/RAPCID_2610_output/ligandmpnn_inputs/backbone_denovo/RAPCID_backbone_rapcid_backbone_195_model_4.pdb		
backbone_denovo	/scratch/a2149a01/RAPCID_2610_output/backbone_filtered/backbone_denovo/RAPCID_backbone_rapcid_backbone_196_model_2.cif.gz	/scratch/a2149a01/RAPCID_2610_output/ligandmpnn_inputs/backbone_denovo/RAPCID_backbone_rapcid_backbone_196_model_2.pdb		
backbone_denovo	/scratch/a2149a01/RAPCID_2610_output/backbone_filtered/backbone_denovo/RAPCID_backbone_rapcid_backbone_197_model_1.cif.gz	/scratch/a2149a01/RAPCID_2610_output/ligandmpnn_inputs/backbone_denovo/RAPCID_backbone_rapcid_backbone_197_model_1.pdb		
backbone_denovo	/scratch/a2149a01/RAPCID_2610_output/backbone_filtered/backbone_denovo/RAPCID_backbone_rapcid_backbone_198_model_1.cif.gz	/scratch/a2149a01/RAPCID_2610_output/ligandmpnn_inputs/backbone_denovo/RAPCID_backbone_rapcid_backbone_198_model_1.pdb		
backbone_denovo	/scratch/a2149a01/RAPCID_2610_output/backbone_filtered/backbone_denovo/RAPCID_backbone_rapcid_backbone_198_model_6.cif.gz	/scratch/a2149a01/RAPCID_2610_output/ligandmpnn_inputs/backbone_denovo/RAPCID_backbone_rapcid_backbone_198_model_6.pdb		
backbone_denovo	/scratch/a2149a01/RAPCID_2610_output/backbone_filtered/backbone_denovo/RAPCID_backbone_rapcid_backbone_199_model_0.cif.gz	/scratch/a2149a01/RAPCID_2610_output/ligandmpnn_inputs/backbone_denovo/RAPCID_backbone_rapcid_backbone_199_model_0.pdb		
backbone_denovo	/scratch/a2149a01/RAPCID_2610_output/backbone_filtered/backbone_denovo/RAPCID_backbone_rapcid_backbone_199_model_7.cif.gz	/scratch/a2149a01/RAPCID_2610_output/ligandmpnn_inputs/backbone_denovo/RAPCID_backbone_rapcid_backbone_199_model_7.pdb		
backbone_denovo	/scratch/a2149a01/RAPCID_2610_output/backbone_filtered/backbone_denovo/RAPCID_backbone_rapcid_backbone_19_model_0.cif.gz	/scratch/a2149a01/RAPCID_2610_output/ligandmpnn_inputs/backbone_denovo/RAPCID_backbone_rapcid_backbone_19_model_0.pdb		
backbone_denovo	/scratch/a2149a01/RAPCID_2610_output/backbone_filtered/backbone_denovo/RAPCID_backbone_rapcid_backbone_19_model_6.cif.gz	/scratch/a2149a01/RAPCID_2610_output/ligandmpnn_inputs/backbone_denovo/RAPCID_backbone_rapcid_backbone_19_model_6.pdb		
backbone_denovo	/scratch/a2149a01/RAPCID_2610_output/backbone_filtered/backbone_denovo/RAPCID_backbone_rapcid_backbone_1_model_0.cif.gz	/scratch/a2149a01/RAPCID_2610_output/ligandmpnn_inputs/backbone_denovo/RAPCID_backbone_rapcid_backbone_1_model_0.pdb		
backbone_denovo	/scratch/a2149a01/RAPCID_2610_output/backbone_filtered/backbone_denovo/RAPCID_backbone_rapcid_backbone_1_model_3.cif.gz	/scratch/a2149a01/RAPCID_2610_output/ligandmpnn_inputs/backbone_denovo/RAPCID_backbone_rapcid_backbone_1_model_3.pdb		
backbone_denovo	/scratch/a2149a01/RAPCID_2610_output/backbone_filtered/backbone_denovo/RAPCID_backbone_rapcid_backbone_1_model_7.cif.gz	/scratch/a2149a01/RAPCID_2610_output/ligandmpnn_inputs/backbone_denovo/RAPCID_backbone_rapcid_backbone_1_model_7.pdb		
backbone_denovo	/scratch/a2149a01/RAPCID_2610_output/backbone_filtered/backbone_denovo/RAPCID_backbone_rapcid_backbone_200_model_3.cif.gz	/scratch/a2149a01/RAPCID_2610_output/ligandmpnn_inputs/backbone_denovo/RAPCID_backbone_rapcid_backbone_200_model_3.pdb		
backbone_denovo	/scratch/a2149a01/RAPCID_2610_output/backbone_filtered/backbone_denovo/RAPCID_backbone_rapcid_backbone_200_model_4.cif.gz	/scratch/a2149a01/RAPCID_2610_output/ligandmpnn_inputs/backbone_denovo/RAPCID_backbone_rapcid_backbone_200_model_4.pdb		
backbone_denovo	/scratch/a2149a01/RAPCID_2610_output/backbone_filtered/backbone_denovo/RAPCID_backbone_rapcid_backbone_200_model_7.cif.gz	/scratch/a2149a01/RAPCID_2610_output/ligandmpnn_inputs/backbone_denovo/RAPCID_backbone_rapcid_backbone_200_model_7.pdb		
backbone_denovo	/scratch/a2149a01/RAPCID_2610_output/backbone_filtered/backbone_denovo/RAPCID_backbone_rapcid_backbone_201_model_3.cif.gz	/scratch/a2149a01/RAPCID_2610_output/ligandmpnn_inputs/backbone_denovo/RAPCID_backbone_rapcid_backbone_201_model_3.pdb		
backbone_denovo	/scratch/a2149a01/RAPCID_2610_output/backbone_filtered/backbone_denovo/RAPCID_backbone_rapcid_backbone_203_model_0.cif.gz	/scratch/a2149a01/RAPCID_2610_output/ligandmpnn_inputs/backbone_denovo/RAPCID_backbone_rapcid_backbone_203_model_0.pdb		
backbone_denovo	/scratch/a2149a01/RAPCID_2610_output/backbone_filtered/backbone_denovo/RAPCID_backbone_rapcid_backbone_203_model_6.cif.gz	/scratch/a2149a01/RAPCID_2610_output/ligandmpnn_inputs/backbone_denovo/RAPCID_backbone_rapcid_backbone_203_model_6.pdb		
backbone_denovo	/scratch/a2149a01/RAPCID_2610_output/backbone_filtered/backbone_denovo/RAPCID_backbone_rapcid_backbone_203_model_7.cif.gz	/scratch/a2149a01/RAPCID_2610_output/ligandmpnn_inputs/backbone_denovo/RAPCID_backbone_rapcid_backbone_203_model_7.pdb		
backbone_denovo	/scratch/a2149a01/RAPCID_2610_output/backbone_filtered/backbone_denovo/RAPCID_backbone_rapcid_backbone_206_model_2.cif.gz	/scratch/a2149a01/RAPCID_2610_output/ligandmpnn_inputs/backbone_denovo/RAPCID_backbone_rapcid_backbone_206_model_2.pdb		
backbone_denovo	/scratch/a2149a01/RAPCID_2610_output/backbone_filtered/backbone_denovo/RAPCID_backbone_rapcid_backbone_206_model_5.cif.gz	/scratch/a2149a01/RAPCID_2610_output/ligandmpnn_inputs/backbone_denovo/RAPCID_backbone_rapcid_backbone_206_model_5.pdb		
backbone_denovo	/scratch/a2149a01/RAPCID_2610_output/backbone_filtered/backbone_denovo/RAPCID_backbone_rapcid_backbone_207_model_4.cif.gz	/scratch/a2149a01/RAPCID_2610_output/ligandmpnn_inputs/backbone_denovo/RAPCID_backbone_rapcid_backbone_207_model_4.pdb		
backbone_denovo	/scratch/a2149a01/RAPCID_2610_output/backbone_filtered/backbone_denovo/RAPCID_backbone_rapcid_backbone_207_model_6.cif.gz	/scratch/a2149a01/RAPCID_2610_output/ligandmpnn_inputs/backbone_denovo/RAPCID_backbone_rapcid_backbone_207_model_6.pdb		
backbone_denovo	/scratch/a2149a01/RAPCID_2610_output/backbone_filtered/backbone_denovo/RAPCID_backbone_rapcid_backbone_20_model_1.cif.gz	/scratch/a2149a01/RAPCID_2610_output/ligandmpnn_inputs/backbone_denovo/RAPCID_backbone_rapcid_backbone_20_model_1.pdb		
backbone_denovo	/scratch/a2149a01/RAPCID_2610_output/backbone_filtered/backbone_denovo/RAPCID_backbone_rapcid_backbone_20_model_7.cif.gz	/scratch/a2149a01/RAPCID_2610_output/ligandmpnn_inputs/backbone_denovo/RAPCID_backbone_rapcid_backbone_20_model_7.pdb		
backbone_denovo	/scratch/a2149a01/RAPCID_2610_output/backbone_filtered/backbone_denovo/RAPCID_backbone_rapcid_backbone_211_model_0.cif.gz	/scratch/a2149a01/RAPCID_2610_output/ligandmpnn_inputs/backbone_denovo/RAPCID_backbone_rapcid_backbone_211_model_0.pdb		
backbone_denovo	/scratch/a2149a01/RAPCID_2610_output/backbone_filtered/backbone_denovo/RAPCID_backbone_rapcid_backbone_212_model_3.cif.gz	/scratch/a2149a01/RAPCID_2610_output/ligandmpnn_inputs/backbone_denovo/RAPCID_backbone_rapcid_backbone_212_model_3.pdb		
backbone_denovo	/scratch/a2149a01/RAPCID_2610_output/backbone_filtered/backbone_denovo/RAPCID_backbone_rapcid_backbone_212_model_6.cif.gz	/scratch/a2149a01/RAPCID_2610_output/ligandmpnn_inputs/backbone_denovo/RAPCID_backbone_rapcid_backbone_212_model_6.pdb		
backbone_denovo	/scratch/a2149a01/RAPCID_2610_output/backbone_filtered/backbone_denovo/RAPCID_backbone_rapcid_backbone_213_model_2.cif.gz	/scratch/a2149a01/RAPCID_2610_output/ligandmpnn_inputs/backbone_denovo/RAPCID_backbone_rapcid_backbone_213_model_2.pdb		
backbone_denovo	/scratch/a2149a01/RAPCID_2610_output/backbone_filtered/backbone_denovo/RAPCID_backbone_rapcid_backbone_213_model_5.cif.gz	/scratch/a2149a01/RAPCID_2610_output/ligandmpnn_inputs/backbone_denovo/RAPCID_backbone_rapcid_backbone_213_model_5.pdb		
backbone_denovo	/scratch/a2149a01/RAPCID_2610_output/backbone_filtered/backbone_denovo/RAPCID_backbone_rapcid_backbone_215_model_0.cif.gz	/scratch/a2149a01/RAPCID_2610_output/ligandmpnn_inputs/backbone_denovo/RAPCID_backbone_rapcid_backbone_215_model_0.pdb		
backbone_denovo	/scratch/a2149a01/RAPCID_2610_output/backbone_filtered/backbone_denovo/RAPCID_backbone_rapcid_backbone_215_model_5.cif.gz	/scratch/a2149a01/RAPCID_2610_output/ligandmpnn_inputs/backbone_denovo/RAPCID_backbone_rapcid_backbone_215_model_5.pdb		
backbone_denovo	/scratch/a2149a01/RAPCID_2610_output/backbone_filtered/backbone_denovo/RAPCID_backbone_rapcid_backbone_215_model_6.cif.gz	/scratch/a2149a01/RAPCID_2610_output/ligandmpnn_inputs/backbone_denovo/RAPCID_backbone_rapcid_backbone_215_model_6.pdb		
backbone_denovo	/scratch/a2149a01/RAPCID_2610_output/backbone_filtered/backbone_denovo/RAPCID_backbone_rapcid_backbone_215_model_7.cif.gz	/scratch/a2149a01/RAPCID_2610_output/ligandmpnn_inputs/backbone_denovo/RAPCID_backbone_rapcid_backbone_215_model_7.pdb		
backbone_denovo	/scratch/a2149a01/RAPCID_2610_output/backbone_filtered/backbone_denovo/RAPCID_backbone_rapcid_backbone_216_model_4.cif.gz	/scratch/a2149a01/RAPCID_2610_output/ligandmpnn_inputs/backbone_denovo/RAPCID_backbone_rapcid_backbone_216_model_4.pdb		
backbone_denovo	/scratch/a2149a01/RAPCID_2610_output/backbone_filtered/backbone_denovo/RAPCID_backbone_rapcid_backbone_216_model_7.cif.gz	/scratch/a2149a01/RAPCID_2610_output/ligandmpnn_inputs/backbone_denovo/RAPCID_backbone_rapcid_backbone_216_model_7.pdb		
backbone_denovo	/scratch/a2149a01/RAPCID_2610_output/backbone_filtered/backbone_denovo/RAPCID_backbone_rapcid_backbone_217_model_3.cif.gz	/scratch/a2149a01/RAPCID_2610_output/ligandmpnn_inputs/backbone_denovo/RAPCID_backbone_rapcid_backbone_217_model_3.pdb		
backbone_denovo	/scratch/a2149a01/RAPCID_2610_output/backbone_filtered/backbone_denovo/RAPCID_backbone_rapcid_backbone_217_model_4.cif.gz	/scratch/a2149a01/RAPCID_2610_output/ligandmpnn_inputs/backbone_denovo/RAPCID_backbone_rapcid_backbone_217_model_4.pdb		
backbone_denovo	/scratch/a2149a01/RAPCID_2610_output/backbone_filtered/backbone_denovo/RAPCID_backbone_rapcid_backbone_217_model_6.cif.gz	/scratch/a2149a01/RAPCID_2610_output/ligandmpnn_inputs/backbone_denovo/RAPCID_backbone_rapcid_backbone_217_model_6.pdb		
backbone_denovo	/scratch/a2149a01/RAPCID_2610_output/backbone_filtered/backbone_denovo/RAPCID_backbone_rapcid_backbone_219_model_3.cif.gz	/scratch/a2149a01/RAPCID_2610_output/ligandmpnn_inputs/backbone_denovo/RAPCID_backbone_rapcid_backbone_219_model_3.pdb		
backbone_denovo	/scratch/a2149a01/RAPCID_2610_output/backbone_filtered/backbone_denovo/RAPCID_backbone_rapcid_backbone_219_model_4.cif.gz	/scratch/a2149a01/RAPCID_2610_output/ligandmpnn_inputs/backbone_denovo/RAPCID_backbone_rapcid_backbone_219_model_4.pdb		
backbone_denovo	/scratch/a2149a01/RAPCID_2610_output/backbone_filtered/backbone_denovo/RAPCID_backbone_rapcid_backbone_219_model_7.cif.gz	/scratch/a2149a01/RAPCID_2610_output/ligandmpnn_inputs/backbone_denovo/RAPCID_backbone_rapcid_backbone_219_model_7.pdb		
backbone_denovo	/scratch/a2149a01/RAPCID_2610_output/backbone_filtered/backbone_denovo/RAPCID_backbone_rapcid_backbone_220_model_1.cif.gz	/scratch/a2149a01/RAPCID_2610_output/ligandmpnn_inputs/backbone_denovo/RAPCID_backbone_rapcid_backbone_220_model_1.pdb		
backbone_denovo	/scratch/a2149a01/RAPCID_2610_output/backbone_filtered/backbone_denovo/RAPCID_backbone_rapcid_backbone_222_model_2.cif.gz	/scratch/a2149a01/RAPCID_2610_output/ligandmpnn_inputs/backbone_denovo/RAPCID_backbone_rapcid_backbone_222_model_2.pdb		
backbone_denovo	/scratch/a2149a01/RAPCID_2610_output/backbone_filtered/backbone_denovo/RAPCID_backbone_rapcid_backbone_223_model_0.cif.gz	/scratch/a2149a01/RAPCID_2610_output/ligandmpnn_inputs/backbone_denovo/RAPCID_backbone_rapcid_backbone_223_model_0.pdb		
backbone_denovo	/scratch/a2149a01/RAPCID_2610_output/backbone_filtered/backbone_denovo/RAPCID_backbone_rapcid_backbone_223_model_4.cif.gz	/scratch/a2149a01/RAPCID_2610_output/ligandmpnn_inputs/backbone_denovo/RAPCID_backbone_rapcid_backbone_223_model_4.pdb		
backbone_denovo	/scratch/a2149a01/RAPCID_2610_output/backbone_filtered/backbone_denovo/RAPCID_backbone_rapcid_backbone_223_model_7.cif.gz	/scratch/a2149a01/RAPCID_2610_output/ligandmpnn_inputs/backbone_denovo/RAPCID_backbone_rapcid_backbone_223_model_7.pdb		
backbone_denovo	/scratch/a2149a01/RAPCID_2610_output/backbone_filtered/backbone_denovo/RAPCID_backbone_rapcid_backbone_224_model_6.cif.gz	/scratch/a2149a01/RAPCID_2610_output/ligandmpnn_inputs/backbone_denovo/RAPCID_backbone_rapcid_backbone_224_model_6.pdb		
backbone_denovo	/scratch/a2149a01/RAPCID_2610_output/backbone_filtered/backbone_denovo/RAPCID_backbone_rapcid_backbone_224_model_7.cif.gz	/scratch/a2149a01/RAPCID_2610_output/ligandmpnn_inputs/backbone_denovo/RAPCID_backbone_rapcid_backbone_224_model_7.pdb		
backbone_denovo	/scratch/a2149a01/RAPCID_2610_output/backbone_filtered/backbone_denovo/RAPCID_backbone_rapcid_backbone_225_model_2.cif.gz	/scratch/a2149a01/RAPCID_2610_output/ligandmpnn_inputs/backbone_denovo/RAPCID_backbone_rapcid_backbone_225_model_2.pdb		
backbone_denovo	/scratch/a2149a01/RAPCID_2610_output/backbone_filtered/backbone_denovo/RAPCID_backbone_rapcid_backbone_225_model_7.cif.gz	/scratch/a2149a01/RAPCID_2610_output/ligandmpnn_inputs/backbone_denovo/RAPCID_backbone_rapcid_backbone_225_model_7.pdb		
backbone_denovo	/scratch/a2149a01/RAPCID_2610_output/backbone_filtered/backbone_denovo/RAPCID_backbone_rapcid_backbone_226_model_1.cif.gz	/scratch/a2149a01/RAPCID_2610_output/ligandmpnn_inputs/backbone_denovo/RAPCID_backbone_rapcid_backbone_226_model_1.pdb		
backbone_denovo	/scratch/a2149a01/RAPCID_2610_output/backbone_filtered/backbone_denovo/RAPCID_backbone_rapcid_backbone_226_model_3.cif.gz	/scratch/a2149a01/RAPCID_2610_output/ligandmpnn_inputs/backbone_denovo/RAPCID_backbone_rapcid_backbone_226_model_3.pdb		
backbone_denovo	/scratch/a2149a01/RAPCID_2610_output/backbone_filtered/backbone_denovo/RAPCID_backbone_rapcid_backbone_226_model_4.cif.gz	/scratch/a2149a01/RAPCID_2610_output/ligandmpnn_inputs/backbone_denovo/RAPCID_backbone_rapcid_backbone_226_model_4.pdb		
backbone_denovo	/scratch/a2149a01/RAPCID_2610_output/backbone_filtered/backbone_denovo/RAPCID_backbone_rapcid_backbone_226_model_5.cif.gz	/scratch/a2149a01/RAPCID_2610_output/ligandmpnn_inputs/backbone_denovo/RAPCID_backbone_rapcid_backbone_226_model_5.pdb		
backbone_denovo	/scratch/a2149a01/RAPCID_2610_output/backbone_filtered/backbone_denovo/RAPCID_backbone_rapcid_backbone_226_model_7.cif.gz	/scratch/a2149a01/RAPCID_2610_output/ligandmpnn_inputs/backbone_denovo/RAPCID_backbone_rapcid_backbone_226_model_7.pdb		
backbone_denovo	/scratch/a2149a01/RAPCID_2610_output/backbone_filtered/backbone_denovo/RAPCID_backbone_rapcid_backbone_227_model_1.cif.gz	/scratch/a2149a01/RAPCID_2610_output/ligandmpnn_inputs/backbone_denovo/RAPCID_backbone_rapcid_backbone_227_model_1.pdb		
backbone_denovo	/scratch/a2149a01/RAPCID_2610_output/backbone_filtered/backbone_denovo/RAPCID_backbone_rapcid_backbone_227_model_7.cif.gz	/scratch/a2149a01/RAPCID_2610_output/ligandmpnn_inputs/backbone_denovo/RAPCID_backbone_rapcid_backbone_227_model_7.pdb		
backbone_denovo	/scratch/a2149a01/RAPCID_2610_output/backbone_filtered/backbone_denovo/RAPCID_backbone_rapcid_backbone_228_model_1.cif.gz	/scratch/a2149a01/RAPCID_2610_output/ligandmpnn_inputs/backbone_denovo/RAPCID_backbone_rapcid_backbone_228_model_1.pdb		
backbone_denovo	/scratch/a2149a01/RAPCID_2610_output/backbone_filtered/backbone_denovo/RAPCID_backbone_rapcid_backbone_228_model_2.cif.gz	/scratch/a2149a01/RAPCID_2610_output/ligandmpnn_inputs/backbone_denovo/RAPCID_backbone_rapcid_backbone_228_model_2.pdb		
backbone_denovo	/scratch/a2149a01/RAPCID_2610_output/backbone_filtered/backbone_denovo/RAPCID_backbone_rapcid_backbone_228_model_4.cif.gz	/scratch/a2149a01/RAPCID_2610_output/ligandmpnn_inputs/backbone_denovo/RAPCID_backbone_rapcid_backbone_228_model_4.pdb		
backbone_denovo	/scratch/a2149a01/RAPCID_2610_output/backbone_filtered/backbone_denovo/RAPCID_backbone_rapcid_backbone_229_model_4.cif.gz	/scratch/a2149a01/RAPCID_2610_output/ligandmpnn_inputs/backbone_denovo/RAPCID_backbone_rapcid_backbone_229_model_4.pdb		
backbone_denovo	/scratch/a2149a01/RAPCID_2610_output/backbone_filtered/backbone_denovo/RAPCID_backbone_rapcid_backbone_229_model_6.cif.gz	/scratch/a2149a01/RAPCID_2610_output/ligandmpnn_inputs/backbone_denovo/RAPCID_backbone_rapcid_backbone_229_model_6.pdb		
backbone_denovo	/scratch/a2149a01/RAPCID_2610_output/backbone_filtered/backbone_denovo/RAPCID_backbone_rapcid_backbone_22_model_4.cif.gz	/scratch/a2149a01/RAPCID_2610_output/ligandmpnn_inputs/backbone_denovo/RAPCID_backbone_rapcid_backbone_22_model_4.pdb		
backbone_denovo	/scratch/a2149a01/RAPCID_2610_output/backbone_filtered/backbone_denovo/RAPCID_backbone_rapcid_backbone_230_model_3.cif.gz	/scratch/a2149a01/RAPCID_2610_output/ligandmpnn_inputs/backbone_denovo/RAPCID_backbone_rapcid_backbone_230_model_3.pdb		
backbone_denovo	/scratch/a2149a01/RAPCID_2610_output/backbone_filtered/backbone_denovo/RAPCID_backbone_rapcid_backbone_231_model_0.cif.gz	/scratch/a2149a01/RAPCID_2610_output/ligandmpnn_inputs/backbone_denovo/RAPCID_backbone_rapcid_backbone_231_model_0.pdb		
backbone_denovo	/scratch/a2149a01/RAPCID_2610_output/backbone_filtered/backbone_denovo/RAPCID_backbone_rapcid_backbone_231_model_6.cif.gz	/scratch/a2149a01/RAPCID_2610_output/ligandmpnn_inputs/backbone_denovo/RAPCID_backbone_rapcid_backbone_231_model_6.pdb		
backbone_denovo	/scratch/a2149a01/RAPCID_2610_output/backbone_filtered/backbone_denovo/RAPCID_backbone_rapcid_backbone_232_model_5.cif.gz	/scratch/a2149a01/RAPCID_2610_output/ligandmpnn_inputs/backbone_denovo/RAPCID_backbone_rapcid_backbone_232_model_5.pdb		
backbone_denovo	/scratch/a2149a01/RAPCID_2610_output/backbone_filtered/backbone_denovo/RAPCID_backbone_rapcid_backbone_232_model_6.cif.gz	/scratch/a2149a01/RAPCID_2610_output/ligandmpnn_inputs/backbone_denovo/RAPCID_backbone_rapcid_backbone_232_model_6.pdb		
backbone_denovo	/scratch/a2149a01/RAPCID_2610_output/backbone_filtered/backbone_denovo/RAPCID_backbone_rapcid_backbone_233_model_4.cif.gz	/scratch/a2149a01/RAPCID_2610_output/ligandmpnn_inputs/backbone_denovo/RAPCID_backbone_rapcid_backbone_233_model_4.pdb		
backbone_denovo	/scratch/a2149a01/RAPCID_2610_output/backbone_filtered/backbone_denovo/RAPCID_backbone_rapcid_backbone_233_model_5.cif.gz	/scratch/a2149a01/RAPCID_2610_output/ligandmpnn_inputs/backbone_denovo/RAPCID_backbone_rapcid_backbone_233_model_5.pdb		
backbone_denovo	/scratch/a2149a01/RAPCID_2610_output/backbone_filtered/backbone_denovo/RAPCID_backbone_rapcid_backbone_234_model_5.cif.gz	/scratch/a2149a01/RAPCID_2610_output/ligandmpnn_inputs/backbone_denovo/RAPCID_backbone_rapcid_backbone_234_model_5.pdb		
backbone_denovo	/scratch/a2149a01/RAPCID_2610_output/backbone_filtered/backbone_denovo/RAPCID_backbone_rapcid_backbone_234_model_6.cif.gz	/scratch/a2149a01/RAPCID_2610_output/ligandmpnn_inputs/backbone_denovo/RAPCID_backbone_rapcid_backbone_234_model_6.pdb		
backbone_denovo	/scratch/a2149a01/RAPCID_2610_output/backbone_filtered/backbone_denovo/RAPCID_backbone_rapcid_backbone_234_model_7.cif.gz	/scratch/a2149a01/RAPCID_2610_output/ligandmpnn_inputs/backbone_denovo/RAPCID_backbone_rapcid_backbone_234_model_7.pdb		
backbone_denovo	/scratch/a2149a01/RAPCID_2610_output/backbone_filtered/backbone_denovo/RAPCID_backbone_rapcid_backbone_235_model_5.cif.gz	/scratch/a2149a01/RAPCID_2610_output/ligandmpnn_inputs/backbone_denovo/RAPCID_backbone_rapcid_backbone_235_model_5.pdb		
backbone_denovo	/scratch/a2149a01/RAPCID_2610_output/backbone_filtered/backbone_denovo/RAPCID_backbone_rapcid_backbone_237_model_2.cif.gz	/scratch/a2149a01/RAPCID_2610_output/ligandmpnn_inputs/backbone_denovo/RAPCID_backbone_rapcid_backbone_237_model_2.pdb		
backbone_denovo	/scratch/a2149a01/RAPCID_2610_output/backbone_filtered/backbone_denovo/RAPCID_backbone_rapcid_backbone_237_model_4.cif.gz	/scratch/a2149a01/RAPCID_2610_output/ligandmpnn_inputs/backbone_denovo/RAPCID_backbone_rapcid_backbone_237_model_4.pdb		
backbone_denovo	/scratch/a2149a01/RAPCID_2610_output/backbone_filtered/backbone_denovo/RAPCID_backbone_rapcid_backbone_237_model_7.cif.gz	/scratch/a2149a01/RAPCID_2610_output/ligandmpnn_inputs/backbone_denovo/RAPCID_backbone_rapcid_backbone_237_model_7.pdb		
backbone_denovo	/scratch/a2149a01/RAPCID_2610_output/backbone_filtered/backbone_denovo/RAPCID_backbone_rapcid_backbone_238_model_4.cif.gz	/scratch/a2149a01/RAPCID_2610_output/ligandmpnn_inputs/backbone_denovo/RAPCID_backbone_rapcid_backbone_238_model_4.pdb		
backbone_denovo	/scratch/a2149a01/RAPCID_2610_output/backbone_filtered/backbone_denovo/RAPCID_backbone_rapcid_backbone_239_model_2.cif.gz	/scratch/a2149a01/RAPCID_2610_output/ligandmpnn_inputs/backbone_denovo/RAPCID_backbone_rapcid_backbone_239_model_2.pdb		
backbone_denovo	/scratch/a2149a01/RAPCID_2610_output/backbone_filtered/backbone_denovo/RAPCID_backbone_rapcid_backbone_239_model_6.cif.gz	/scratch/a2149a01/RAPCID_2610_output/ligandmpnn_inputs/backbone_denovo/RAPCID_backbone_rapcid_backbone_239_model_6.pdb		
backbone_denovo	/scratch/a2149a01/RAPCID_2610_output/backbone_filtered/backbone_denovo/RAPCID_backbone_rapcid_backbone_23_model_0.cif.gz	/scratch/a2149a01/RAPCID_2610_output/ligandmpnn_inputs/backbone_denovo/RAPCID_backbone_rapcid_backbone_23_model_0.pdb		
backbone_denovo	/scratch/a2149a01/RAPCID_2610_output/backbone_filtered/backbone_denovo/RAPCID_backbone_rapcid_backbone_23_model_7.cif.gz	/scratch/a2149a01/RAPCID_2610_output/ligandmpnn_inputs/backbone_denovo/RAPCID_backbone_rapcid_backbone_23_model_7.pdb		
backbone_denovo	/scratch/a2149a01/RAPCID_2610_output/backbone_filtered/backbone_denovo/RAPCID_backbone_rapcid_backbone_240_model_3.cif.gz	/scratch/a2149a01/RAPCID_2610_output/ligandmpnn_inputs/backbone_denovo/RAPCID_backbone_rapcid_backbone_240_model_3.pdb		
backbone_denovo	/scratch/a2149a01/RAPCID_2610_output/backbone_filtered/backbone_denovo/RAPCID_backbone_rapcid_backbone_241_model_2.cif.gz	/scratch/a2149a01/RAPCID_2610_output/ligandmpnn_inputs/backbone_denovo/RAPCID_backbone_rapcid_backbone_241_model_2.pdb		
backbone_denovo	/scratch/a2149a01/RAPCID_2610_output/backbone_filtered/backbone_denovo/RAPCID_backbone_rapcid_backbone_242_model_5.cif.gz	/scratch/a2149a01/RAPCID_2610_output/ligandmpnn_inputs/backbone_denovo/RAPCID_backbone_rapcid_backbone_242_model_5.pdb		
backbone_denovo	/scratch/a2149a01/RAPCID_2610_output/backbone_filtered/backbone_denovo/RAPCID_backbone_rapcid_backbone_242_model_6.cif.gz	/scratch/a2149a01/RAPCID_2610_output/ligandmpnn_inputs/backbone_denovo/RAPCID_backbone_rapcid_backbone_242_model_6.pdb		
backbone_denovo	/scratch/a2149a01/RAPCID_2610_output/backbone_filtered/backbone_denovo/RAPCID_backbone_rapcid_backbone_243_model_6.cif.gz	/scratch/a2149a01/RAPCID_2610_output/ligandmpnn_inputs/backbone_denovo/RAPCID_backbone_rapcid_backbone_243_model_6.pdb		
backbone_denovo	/scratch/a2149a01/RAPCID_2610_output/backbone_filtered/backbone_denovo/RAPCID_backbone_rapcid_backbone_244_model_1.cif.gz	/scratch/a2149a01/RAPCID_2610_output/ligandmpnn_inputs/backbone_denovo/RAPCID_backbone_rapcid_backbone_244_model_1.pdb		
backbone_denovo	/scratch/a2149a01/RAPCID_2610_output/backbone_filtered/backbone_denovo/RAPCID_backbone_rapcid_backbone_244_model_5.cif.gz	/scratch/a2149a01/RAPCID_2610_output/ligandmpnn_inputs/backbone_denovo/RAPCID_backbone_rapcid_backbone_244_model_5.pdb		
backbone_denovo	/scratch/a2149a01/RAPCID_2610_output/backbone_filtered/backbone_denovo/RAPCID_backbone_rapcid_backbone_244_model_6.cif.gz	/scratch/a2149a01/RAPCID_2610_output/ligandmpnn_inputs/backbone_denovo/RAPCID_backbone_rapcid_backbone_244_model_6.pdb		
backbone_denovo	/scratch/a2149a01/RAPCID_2610_output/backbone_filtered/backbone_denovo/RAPCID_backbone_rapcid_backbone_245_model_2.cif.gz	/scratch/a2149a01/RAPCID_2610_output/ligandmpnn_inputs/backbone_denovo/RAPCID_backbone_rapcid_backbone_245_model_2.pdb		
backbone_denovo	/scratch/a2149a01/RAPCID_2610_output/backbone_filtered/backbone_denovo/RAPCID_backbone_rapcid_backbone_245_model_4.cif.gz	/scratch/a2149a01/RAPCID_2610_output/ligandmpnn_inputs/backbone_denovo/RAPCID_backbone_rapcid_backbone_245_model_4.pdb		
backbone_denovo	/scratch/a2149a01/RAPCID_2610_output/backbone_filtered/backbone_denovo/RAPCID_backbone_rapcid_backbone_245_model_5.cif.gz	/scratch/a2149a01/RAPCID_2610_output/ligandmpnn_inputs/backbone_denovo/RAPCID_backbone_rapcid_backbone_245_model_5.pdb		
backbone_denovo	/scratch/a2149a01/RAPCID_2610_output/backbone_filtered/backbone_denovo/RAPCID_backbone_rapcid_backbone_245_model_6.cif.gz	/scratch/a2149a01/RAPCID_2610_output/ligandmpnn_inputs/backbone_denovo/RAPCID_backbone_rapcid_backbone_245_model_6.pdb		
backbone_denovo	/scratch/a2149a01/RAPCID_2610_output/backbone_filtered/backbone_denovo/RAPCID_backbone_rapcid_backbone_246_model_0.cif.gz	/scratch/a2149a01/RAPCID_2610_output/ligandmpnn_inputs/backbone_denovo/RAPCID_backbone_rapcid_backbone_246_model_0.pdb		
backbone_denovo	/scratch/a2149a01/RAPCID_2610_output/backbone_filtered/backbone_denovo/RAPCID_backbone_rapcid_backbone_246_model_1.cif.gz	/scratch/a2149a01/RAPCID_2610_output/ligandmpnn_inputs/backbone_denovo/RAPCID_backbone_rapcid_backbone_246_model_1.pdb		
backbone_denovo	/scratch/a2149a01/RAPCID_2610_output/backbone_filtered/backbone_denovo/RAPCID_backbone_rapcid_backbone_247_model_1.cif.gz	/scratch/a2149a01/RAPCID_2610_output/ligandmpnn_inputs/backbone_denovo/RAPCID_backbone_rapcid_backbone_247_model_1.pdb		
backbone_denovo	/scratch/a2149a01/RAPCID_2610_output/backbone_filtered/backbone_denovo/RAPCID_backbone_rapcid_backbone_247_model_3.cif.gz	/scratch/a2149a01/RAPCID_2610_output/ligandmpnn_inputs/backbone_denovo/RAPCID_backbone_rapcid_backbone_247_model_3.pdb		
backbone_denovo	/scratch/a2149a01/RAPCID_2610_output/backbone_filtered/backbone_denovo/RAPCID_backbone_rapcid_backbone_249_model_3.cif.gz	/scratch/a2149a01/RAPCID_2610_output/ligandmpnn_inputs/backbone_denovo/RAPCID_backbone_rapcid_backbone_249_model_3.pdb		
backbone_denovo	/scratch/a2149a01/RAPCID_2610_output/backbone_filtered/backbone_denovo/RAPCID_backbone_rapcid_backbone_249_model_5.cif.gz	/scratch/a2149a01/RAPCID_2610_output/ligandmpnn_inputs/backbone_denovo/RAPCID_backbone_rapcid_backbone_249_model_5.pdb		
backbone_denovo	/scratch/a2149a01/RAPCID_2610_output/backbone_filtered/backbone_denovo/RAPCID_backbone_rapcid_backbone_25_model_1.cif.gz	/scratch/a2149a01/RAPCID_2610_output/ligandmpnn_inputs/backbone_denovo/RAPCID_backbone_rapcid_backbone_25_model_1.pdb		
backbone_denovo	/scratch/a2149a01/RAPCID_2610_output/backbone_filtered/backbone_denovo/RAPCID_backbone_rapcid_backbone_25_model_6.cif.gz	/scratch/a2149a01/RAPCID_2610_output/ligandmpnn_inputs/backbone_denovo/RAPCID_backbone_rapcid_backbone_25_model_6.pdb		
backbone_denovo	/scratch/a2149a01/RAPCID_2610_output/backbone_filtered/backbone_denovo/RAPCID_backbone_rapcid_backbone_26_model_1.cif.gz	/scratch/a2149a01/RAPCID_2610_output/ligandmpnn_inputs/backbone_denovo/RAPCID_backbone_rapcid_backbone_26_model_1.pdb		
backbone_denovo	/scratch/a2149a01/RAPCID_2610_output/backbone_filtered/backbone_denovo/RAPCID_backbone_rapcid_backbone_26_model_3.cif.gz	/scratch/a2149a01/RAPCID_2610_output/ligandmpnn_inputs/backbone_denovo/RAPCID_backbone_rapcid_backbone_26_model_3.pdb		
backbone_denovo	/scratch/a2149a01/RAPCID_2610_output/backbone_filtered/backbone_denovo/RAPCID_backbone_rapcid_backbone_27_model_2.cif.gz	/scratch/a2149a01/RAPCID_2610_output/ligandmpnn_inputs/backbone_denovo/RAPCID_backbone_rapcid_backbone_27_model_2.pdb		
backbone_denovo	/scratch/a2149a01/RAPCID_2610_output/backbone_filtered/backbone_denovo/RAPCID_backbone_rapcid_backbone_27_model_5.cif.gz	/scratch/a2149a01/RAPCID_2610_output/ligandmpnn_inputs/backbone_denovo/RAPCID_backbone_rapcid_backbone_27_model_5.pdb		
backbone_denovo	/scratch/a2149a01/RAPCID_2610_output/backbone_filtered/backbone_denovo/RAPCID_backbone_rapcid_backbone_28_model_6.cif.gz	/scratch/a2149a01/RAPCID_2610_output/ligandmpnn_inputs/backbone_denovo/RAPCID_backbone_rapcid_backbone_28_model_6.pdb		
backbone_denovo	/scratch/a2149a01/RAPCID_2610_output/backbone_filtered/backbone_denovo/RAPCID_backbone_rapcid_backbone_28_model_7.cif.gz	/scratch/a2149a01/RAPCID_2610_output/ligandmpnn_inputs/backbone_denovo/RAPCID_backbone_rapcid_backbone_28_model_7.pdb		
backbone_denovo	/scratch/a2149a01/RAPCID_2610_output/backbone_filtered/backbone_denovo/RAPCID_backbone_rapcid_backbone_29_model_4.cif.gz	/scratch/a2149a01/RAPCID_2610_output/ligandmpnn_inputs/backbone_denovo/RAPCID_backbone_rapcid_backbone_29_model_4.pdb		
backbone_denovo	/scratch/a2149a01/RAPCID_2610_output/backbone_filtered/backbone_denovo/RAPCID_backbone_rapcid_backbone_29_model_7.cif.gz	/scratch/a2149a01/RAPCID_2610_output/ligandmpnn_inputs/backbone_denovo/RAPCID_backbone_rapcid_backbone_29_model_7.pdb		
backbone_denovo	/scratch/a2149a01/RAPCID_2610_output/backbone_filtered/backbone_denovo/RAPCID_backbone_rapcid_backbone_2_model_7.cif.gz	/scratch/a2149a01/RAPCID_2610_output/ligandmpnn_inputs/backbone_denovo/RAPCID_backbone_rapcid_backbone_2_model_7.pdb		
backbone_denovo	/scratch/a2149a01/RAPCID_2610_output/backbone_filtered/backbone_denovo/RAPCID_backbone_rapcid_backbone_30_model_0.cif.gz	/scratch/a2149a01/RAPCID_2610_output/ligandmpnn_inputs/backbone_denovo/RAPCID_backbone_rapcid_backbone_30_model_0.pdb		
backbone_denovo	/scratch/a2149a01/RAPCID_2610_output/backbone_filtered/backbone_denovo/RAPCID_backbone_rapcid_backbone_30_model_5.cif.gz	/scratch/a2149a01/RAPCID_2610_output/ligandmpnn_inputs/backbone_denovo/RAPCID_backbone_rapcid_backbone_30_model_5.pdb		
backbone_denovo	/scratch/a2149a01/RAPCID_2610_output/backbone_filtered/backbone_denovo/RAPCID_backbone_rapcid_backbone_31_model_4.cif.gz	/scratch/a2149a01/RAPCID_2610_output/ligandmpnn_inputs/backbone_denovo/RAPCID_backbone_rapcid_backbone_31_model_4.pdb		
backbone_denovo	/scratch/a2149a01/RAPCID_2610_output/backbone_filtered/backbone_denovo/RAPCID_backbone_rapcid_backbone_31_model_6.cif.gz	/scratch/a2149a01/RAPCID_2610_output/ligandmpnn_inputs/backbone_denovo/RAPCID_backbone_rapcid_backbone_31_model_6.pdb		
backbone_denovo	/scratch/a2149a01/RAPCID_2610_output/backbone_filtered/backbone_denovo/RAPCID_backbone_rapcid_backbone_32_model_0.cif.gz	/scratch/a2149a01/RAPCID_2610_output/ligandmpnn_inputs/backbone_denovo/RAPCID_backbone_rapcid_backbone_32_model_0.pdb		
backbone_denovo	/scratch/a2149a01/RAPCID_2610_output/backbone_filtered/backbone_denovo/RAPCID_backbone_rapcid_backbone_32_model_3.cif.gz	/scratch/a2149a01/RAPCID_2610_output/ligandmpnn_inputs/backbone_denovo/RAPCID_backbone_rapcid_backbone_32_model_3.pdb		
backbone_denovo	/scratch/a2149a01/RAPCID_2610_output/backbone_filtered/backbone_denovo/RAPCID_backbone_rapcid_backbone_32_model_7.cif.gz	/scratch/a2149a01/RAPCID_2610_output/ligandmpnn_inputs/backbone_denovo/RAPCID_backbone_rapcid_backbone_32_model_7.pdb		
backbone_denovo	/scratch/a2149a01/RAPCID_2610_output/backbone_filtered/backbone_denovo/RAPCID_backbone_rapcid_backbone_33_model_0.cif.gz	/scratch/a2149a01/RAPCID_2610_output/ligandmpnn_inputs/backbone_denovo/RAPCID_backbone_rapcid_backbone_33_model_0.pdb		
backbone_denovo	/scratch/a2149a01/RAPCID_2610_output/backbone_filtered/backbone_denovo/RAPCID_backbone_rapcid_backbone_33_model_1.cif.gz	/scratch/a2149a01/RAPCID_2610_output/ligandmpnn_inputs/backbone_denovo/RAPCID_backbone_rapcid_backbone_33_model_1.pdb		
backbone_denovo	/scratch/a2149a01/RAPCID_2610_output/backbone_filtered/backbone_denovo/RAPCID_backbone_rapcid_backbone_33_model_7.cif.gz	/scratch/a2149a01/RAPCID_2610_output/ligandmpnn_inputs/backbone_denovo/RAPCID_backbone_rapcid_backbone_33_model_7.pdb		
backbone_denovo	/scratch/a2149a01/RAPCID_2610_output/backbone_filtered/backbone_denovo/RAPCID_backbone_rapcid_backbone_34_model_1.cif.gz	/scratch/a2149a01/RAPCID_2610_output/ligandmpnn_inputs/backbone_denovo/RAPCID_backbone_rapcid_backbone_34_model_1.pdb		
backbone_denovo	/scratch/a2149a01/RAPCID_2610_output/backbone_filtered/backbone_denovo/RAPCID_backbone_rapcid_backbone_35_model_3.cif.gz	/scratch/a2149a01/RAPCID_2610_output/ligandmpnn_inputs/backbone_denovo/RAPCID_backbone_rapcid_backbone_35_model_3.pdb		
backbone_denovo	/scratch/a2149a01/RAPCID_2610_output/backbone_filtered/backbone_denovo/RAPCID_backbone_rapcid_backbone_35_model_7.cif.gz	/scratch/a2149a01/RAPCID_2610_output/ligandmpnn_inputs/backbone_denovo/RAPCID_backbone_rapcid_backbone_35_model_7.pdb		
backbone_denovo	/scratch/a2149a01/RAPCID_2610_output/backbone_filtered/backbone_denovo/RAPCID_backbone_rapcid_backbone_36_model_2.cif.gz	/scratch/a2149a01/RAPCID_2610_output/ligandmpnn_inputs/backbone_denovo/RAPCID_backbone_rapcid_backbone_36_model_2.pdb		
backbone_denovo	/scratch/a2149a01/RAPCID_2610_output/backbone_filtered/backbone_denovo/RAPCID_backbone_rapcid_backbone_36_model_7.cif.gz	/scratch/a2149a01/RAPCID_2610_output/ligandmpnn_inputs/backbone_denovo/RAPCID_backbone_rapcid_backbone_36_model_7.pdb		
backbone_denovo	/scratch/a2149a01/RAPCID_2610_output/backbone_filtered/backbone_denovo/RAPCID_backbone_rapcid_backbone_37_model_0.cif.gz	/scratch/a2149a01/RAPCID_2610_output/ligandmpnn_inputs/backbone_denovo/RAPCID_backbone_rapcid_backbone_37_model_0.pdb		
backbone_denovo	/scratch/a2149a01/RAPCID_2610_output/backbone_filtered/backbone_denovo/RAPCID_backbone_rapcid_backbone_37_model_3.cif.gz	/scratch/a2149a01/RAPCID_2610_output/ligandmpnn_inputs/backbone_denovo/RAPCID_backbone_rapcid_backbone_37_model_3.pdb		
backbone_denovo	/scratch/a2149a01/RAPCID_2610_output/backbone_filtered/backbone_denovo/RAPCID_backbone_rapcid_backbone_37_model_6.cif.gz	/scratch/a2149a01/RAPCID_2610_output/ligandmpnn_inputs/backbone_denovo/RAPCID_backbone_rapcid_backbone_37_model_6.pdb		
backbone_denovo	/scratch/a2149a01/RAPCID_2610_output/backbone_filtered/backbone_denovo/RAPCID_backbone_rapcid_backbone_37_model_7.cif.gz	/scratch/a2149a01/RAPCID_2610_output/ligandmpnn_inputs/backbone_denovo/RAPCID_backbone_rapcid_backbone_37_model_7.pdb		
backbone_denovo	/scratch/a2149a01/RAPCID_2610_output/backbone_filtered/backbone_denovo/RAPCID_backbone_rapcid_backbone_38_model_3.cif.gz	/scratch/a2149a01/RAPCID_2610_output/ligandmpnn_inputs/backbone_denovo/RAPCID_backbone_rapcid_backbone_38_model_3.pdb		
backbone_denovo	/scratch/a2149a01/RAPCID_2610_output/backbone_filtered/backbone_denovo/RAPCID_backbone_rapcid_backbone_38_model_7.cif.gz	/scratch/a2149a01/RAPCID_2610_output/ligandmpnn_inputs/backbone_denovo/RAPCID_backbone_rapcid_backbone_38_model_7.pdb		
backbone_denovo	/scratch/a2149a01/RAPCID_2610_output/backbone_filtered/backbone_denovo/RAPCID_backbone_rapcid_backbone_39_model_1.cif.gz	/scratch/a2149a01/RAPCID_2610_output/ligandmpnn_inputs/backbone_denovo/RAPCID_backbone_rapcid_backbone_39_model_1.pdb		
backbone_denovo	/scratch/a2149a01/RAPCID_2610_output/backbone_filtered/backbone_denovo/RAPCID_backbone_rapcid_backbone_3_model_0.cif.gz	/scratch/a2149a01/RAPCID_2610_output/ligandmpnn_inputs/backbone_denovo/RAPCID_backbone_rapcid_backbone_3_model_0.pdb		
backbone_denovo	/scratch/a2149a01/RAPCID_2610_output/backbone_filtered/backbone_denovo/RAPCID_backbone_rapcid_backbone_3_model_1.cif.gz	/scratch/a2149a01/RAPCID_2610_output/ligandmpnn_inputs/backbone_denovo/RAPCID_backbone_rapcid_backbone_3_model_1.pdb		
backbone_denovo	/scratch/a2149a01/RAPCID_2610_output/backbone_filtered/backbone_denovo/RAPCID_backbone_rapcid_backbone_3_model_6.cif.gz	/scratch/a2149a01/RAPCID_2610_output/ligandmpnn_inputs/backbone_denovo/RAPCID_backbone_rapcid_backbone_3_model_6.pdb		
backbone_denovo	/scratch/a2149a01/RAPCID_2610_output/backbone_filtered/backbone_denovo/RAPCID_backbone_rapcid_backbone_41_model_0.cif.gz	/scratch/a2149a01/RAPCID_2610_output/ligandmpnn_inputs/backbone_denovo/RAPCID_backbone_rapcid_backbone_41_model_0.pdb		
backbone_denovo	/scratch/a2149a01/RAPCID_2610_output/backbone_filtered/backbone_denovo/RAPCID_backbone_rapcid_backbone_41_model_2.cif.gz	/scratch/a2149a01/RAPCID_2610_output/ligandmpnn_inputs/backbone_denovo/RAPCID_backbone_rapcid_backbone_41_model_2.pdb		
backbone_denovo	/scratch/a2149a01/RAPCID_2610_output/backbone_filtered/backbone_denovo/RAPCID_backbone_rapcid_backbone_42_model_0.cif.gz	/scratch/a2149a01/RAPCID_2610_output/ligandmpnn_inputs/backbone_denovo/RAPCID_backbone_rapcid_backbone_42_model_0.pdb		
backbone_denovo	/scratch/a2149a01/RAPCID_2610_output/backbone_filtered/backbone_denovo/RAPCID_backbone_rapcid_backbone_42_model_2.cif.gz	/scratch/a2149a01/RAPCID_2610_output/ligandmpnn_inputs/backbone_denovo/RAPCID_backbone_rapcid_backbone_42_model_2.pdb		
backbone_denovo	/scratch/a2149a01/RAPCID_2610_output/backbone_filtered/backbone_denovo/RAPCID_backbone_rapcid_backbone_42_model_4.cif.gz	/scratch/a2149a01/RAPCID_2610_output/ligandmpnn_inputs/backbone_denovo/RAPCID_backbone_rapcid_backbone_42_model_4.pdb		
backbone_denovo	/scratch/a2149a01/RAPCID_2610_output/backbone_filtered/backbone_denovo/RAPCID_backbone_rapcid_backbone_42_model_5.cif.gz	/scratch/a2149a01/RAPCID_2610_output/ligandmpnn_inputs/backbone_denovo/RAPCID_backbone_rapcid_backbone_42_model_5.pdb		
backbone_denovo	/scratch/a2149a01/RAPCID_2610_output/backbone_filtered/backbone_denovo/RAPCID_backbone_rapcid_backbone_42_model_6.cif.gz	/scratch/a2149a01/RAPCID_2610_output/ligandmpnn_inputs/backbone_denovo/RAPCID_backbone_rapcid_backbone_42_model_6.pdb		
backbone_denovo	/scratch/a2149a01/RAPCID_2610_output/backbone_filtered/backbone_denovo/RAPCID_backbone_rapcid_backbone_43_model_2.cif.gz	/scratch/a2149a01/RAPCID_2610_output/ligandmpnn_inputs/backbone_denovo/RAPCID_backbone_rapcid_backbone_43_model_2.pdb		
backbone_denovo	/scratch/a2149a01/RAPCID_2610_output/backbone_filtered/backbone_denovo/RAPCID_backbone_rapcid_backbone_44_model_2.cif.gz	/scratch/a2149a01/RAPCID_2610_output/ligandmpnn_inputs/backbone_denovo/RAPCID_backbone_rapcid_backbone_44_model_2.pdb		
backbone_denovo	/scratch/a2149a01/RAPCID_2610_output/backbone_filtered/backbone_denovo/RAPCID_backbone_rapcid_backbone_45_model_1.cif.gz	/scratch/a2149a01/RAPCID_2610_output/ligandmpnn_inputs/backbone_denovo/RAPCID_backbone_rapcid_backbone_45_model_1.pdb		
backbone_denovo	/scratch/a2149a01/RAPCID_2610_output/backbone_filtered/backbone_denovo/RAPCID_backbone_rapcid_backbone_45_model_4.cif.gz	/scratch/a2149a01/RAPCID_2610_output/ligandmpnn_inputs/backbone_denovo/RAPCID_backbone_rapcid_backbone_45_model_4.pdb		
backbone_denovo	/scratch/a2149a01/RAPCID_2610_output/backbone_filtered/backbone_denovo/RAPCID_backbone_rapcid_backbone_46_model_0.cif.gz	/scratch/a2149a01/RAPCID_2610_output/ligandmpnn_inputs/backbone_denovo/RAPCID_backbone_rapcid_backbone_46_model_0.pdb		
backbone_denovo	/scratch/a2149a01/RAPCID_2610_output/backbone_filtered/backbone_denovo/RAPCID_backbone_rapcid_backbone_46_model_1.cif.gz	/scratch/a2149a01/RAPCID_2610_output/ligandmpnn_inputs/backbone_denovo/RAPCID_backbone_rapcid_backbone_46_model_1.pdb		
backbone_denovo	/scratch/a2149a01/RAPCID_2610_output/backbone_filtered/backbone_denovo/RAPCID_backbone_rapcid_backbone_48_model_3.cif.gz	/scratch/a2149a01/RAPCID_2610_output/ligandmpnn_inputs/backbone_denovo/RAPCID_backbone_rapcid_backbone_48_model_3.pdb		
backbone_denovo	/scratch/a2149a01/RAPCID_2610_output/backbone_filtered/backbone_denovo/RAPCID_backbone_rapcid_backbone_4_model_0.cif.gz	/scratch/a2149a01/RAPCID_2610_output/ligandmpnn_inputs/backbone_denovo/RAPCID_backbone_rapcid_backbone_4_model_0.pdb		
backbone_denovo	/scratch/a2149a01/RAPCID_2610_output/backbone_filtered/backbone_denovo/RAPCID_backbone_rapcid_backbone_4_model_2.cif.gz	/scratch/a2149a01/RAPCID_2610_output/ligandmpnn_inputs/backbone_denovo/RAPCID_backbone_rapcid_backbone_4_model_2.pdb		
backbone_denovo	/scratch/a2149a01/RAPCID_2610_output/backbone_filtered/backbone_denovo/RAPCID_backbone_rapcid_backbone_4_model_7.cif.gz	/scratch/a2149a01/RAPCID_2610_output/ligandmpnn_inputs/backbone_denovo/RAPCID_backbone_rapcid_backbone_4_model_7.pdb		
backbone_denovo	/scratch/a2149a01/RAPCID_2610_output/backbone_filtered/backbone_denovo/RAPCID_backbone_rapcid_backbone_50_model_0.cif.gz	/scratch/a2149a01/RAPCID_2610_output/ligandmpnn_inputs/backbone_denovo/RAPCID_backbone_rapcid_backbone_50_model_0.pdb		
backbone_denovo	/scratch/a2149a01/RAPCID_2610_output/backbone_filtered/backbone_denovo/RAPCID_backbone_rapcid_backbone_51_model_0.cif.gz	/scratch/a2149a01/RAPCID_2610_output/ligandmpnn_inputs/backbone_denovo/RAPCID_backbone_rapcid_backbone_51_model_0.pdb		
backbone_denovo	/scratch/a2149a01/RAPCID_2610_output/backbone_filtered/backbone_denovo/RAPCID_backbone_rapcid_backbone_52_model_2.cif.gz	/scratch/a2149a01/RAPCID_2610_output/ligandmpnn_inputs/backbone_denovo/RAPCID_backbone_rapcid_backbone_52_model_2.pdb		
backbone_denovo	/scratch/a2149a01/RAPCID_2610_output/backbone_filtered/backbone_denovo/RAPCID_backbone_rapcid_backbone_52_model_6.cif.gz	/scratch/a2149a01/RAPCID_2610_output/ligandmpnn_inputs/backbone_denovo/RAPCID_backbone_rapcid_backbone_52_model_6.pdb		
backbone_denovo	/scratch/a2149a01/RAPCID_2610_output/backbone_filtered/backbone_denovo/RAPCID_backbone_rapcid_backbone_53_model_2.cif.gz	/scratch/a2149a01/RAPCID_2610_output/ligandmpnn_inputs/backbone_denovo/RAPCID_backbone_rapcid_backbone_53_model_2.pdb		
backbone_denovo	/scratch/a2149a01/RAPCID_2610_output/backbone_filtered/backbone_denovo/RAPCID_backbone_rapcid_backbone_54_model_1.cif.gz	/scratch/a2149a01/RAPCID_2610_output/ligandmpnn_inputs/backbone_denovo/RAPCID_backbone_rapcid_backbone_54_model_1.pdb		
backbone_denovo	/scratch/a2149a01/RAPCID_2610_output/backbone_filtered/backbone_denovo/RAPCID_backbone_rapcid_backbone_54_model_4.cif.gz	/scratch/a2149a01/RAPCID_2610_output/ligandmpnn_inputs/backbone_denovo/RAPCID_backbone_rapcid_backbone_54_model_4.pdb		
backbone_denovo	/scratch/a2149a01/RAPCID_2610_output/backbone_filtered/backbone_denovo/RAPCID_backbone_rapcid_backbone_55_model_3.cif.gz	/scratch/a2149a01/RAPCID_2610_output/ligandmpnn_inputs/backbone_denovo/RAPCID_backbone_rapcid_backbone_55_model_3.pdb		
backbone_denovo	/scratch/a2149a01/RAPCID_2610_output/backbone_filtered/backbone_denovo/RAPCID_backbone_rapcid_backbone_55_model_4.cif.gz	/scratch/a2149a01/RAPCID_2610_output/ligandmpnn_inputs/backbone_denovo/RAPCID_backbone_rapcid_backbone_55_model_4.pdb		
backbone_denovo	/scratch/a2149a01/RAPCID_2610_output/backbone_filtered/backbone_denovo/RAPCID_backbone_rapcid_backbone_55_model_7.cif.gz	/scratch/a2149a01/RAPCID_2610_output/ligandmpnn_inputs/backbone_denovo/RAPCID_backbone_rapcid_backbone_55_model_7.pdb		
backbone_denovo	/scratch/a2149a01/RAPCID_2610_output/backbone_filtered/backbone_denovo/RAPCID_backbone_rapcid_backbone_57_model_5.cif.gz	/scratch/a2149a01/RAPCID_2610_output/ligandmpnn_inputs/backbone_denovo/RAPCID_backbone_rapcid_backbone_57_model_5.pdb		
backbone_denovo	/scratch/a2149a01/RAPCID_2610_output/backbone_filtered/backbone_denovo/RAPCID_backbone_rapcid_backbone_58_model_0.cif.gz	/scratch/a2149a01/RAPCID_2610_output/ligandmpnn_inputs/backbone_denovo/RAPCID_backbone_rapcid_backbone_58_model_0.pdb		
backbone_denovo	/scratch/a2149a01/RAPCID_2610_output/backbone_filtered/backbone_denovo/RAPCID_backbone_rapcid_backbone_59_model_5.cif.gz	/scratch/a2149a01/RAPCID_2610_output/ligandmpnn_inputs/backbone_denovo/RAPCID_backbone_rapcid_backbone_59_model_5.pdb		
backbone_denovo	/scratch/a2149a01/RAPCID_2610_output/backbone_filtered/backbone_denovo/RAPCID_backbone_rapcid_backbone_5_model_0.cif.gz	/scratch/a2149a01/RAPCID_2610_output/ligandmpnn_inputs/backbone_denovo/RAPCID_backbone_rapcid_backbone_5_model_0.pdb		
backbone_denovo	/scratch/a2149a01/RAPCID_2610_output/backbone_filtered/backbone_denovo/RAPCID_backbone_rapcid_backbone_5_model_6.cif.gz	/scratch/a2149a01/RAPCID_2610_output/ligandmpnn_inputs/backbone_denovo/RAPCID_backbone_rapcid_backbone_5_model_6.pdb		
backbone_denovo	/scratch/a2149a01/RAPCID_2610_output/backbone_filtered/backbone_denovo/RAPCID_backbone_rapcid_backbone_5_model_7.cif.gz	/scratch/a2149a01/RAPCID_2610_output/ligandmpnn_inputs/backbone_denovo/RAPCID_backbone_rapcid_backbone_5_model_7.pdb		
backbone_denovo	/scratch/a2149a01/RAPCID_2610_output/backbone_filtered/backbone_denovo/RAPCID_backbone_rapcid_backbone_60_model_3.cif.gz	/scratch/a2149a01/RAPCID_2610_output/ligandmpnn_inputs/backbone_denovo/RAPCID_backbone_rapcid_backbone_60_model_3.pdb		
backbone_denovo	/scratch/a2149a01/RAPCID_2610_output/backbone_filtered/backbone_denovo/RAPCID_backbone_rapcid_backbone_60_model_5.cif.gz	/scratch/a2149a01/RAPCID_2610_output/ligandmpnn_inputs/backbone_denovo/RAPCID_backbone_rapcid_backbone_60_model_5.pdb		
backbone_denovo	/scratch/a2149a01/RAPCID_2610_output/backbone_filtered/backbone_denovo/RAPCID_backbone_rapcid_backbone_60_model_6.cif.gz	/scratch/a2149a01/RAPCID_2610_output/ligandmpnn_inputs/backbone_denovo/RAPCID_backbone_rapcid_backbone_60_model_6.pdb		
backbone_denovo	/scratch/a2149a01/RAPCID_2610_output/backbone_filtered/backbone_denovo/RAPCID_backbone_rapcid_backbone_61_model_2.cif.gz	/scratch/a2149a01/RAPCID_2610_output/ligandmpnn_inputs/backbone_denovo/RAPCID_backbone_rapcid_backbone_61_model_2.pdb		
backbone_denovo	/scratch/a2149a01/RAPCID_2610_output/backbone_filtered/backbone_denovo/RAPCID_backbone_rapcid_backbone_61_model_4.cif.gz	/scratch/a2149a01/RAPCID_2610_output/ligandmpnn_inputs/backbone_denovo/RAPCID_backbone_rapcid_backbone_61_model_4.pdb		
backbone_denovo	/scratch/a2149a01/RAPCID_2610_output/backbone_filtered/backbone_denovo/RAPCID_backbone_rapcid_backbone_63_model_4.cif.gz	/scratch/a2149a01/RAPCID_2610_output/ligandmpnn_inputs/backbone_denovo/RAPCID_backbone_rapcid_backbone_63_model_4.pdb		
backbone_denovo	/scratch/a2149a01/RAPCID_2610_output/backbone_filtered/backbone_denovo/RAPCID_backbone_rapcid_backbone_64_model_4.cif.gz	/scratch/a2149a01/RAPCID_2610_output/ligandmpnn_inputs/backbone_denovo/RAPCID_backbone_rapcid_backbone_64_model_4.pdb		
backbone_denovo	/scratch/a2149a01/RAPCID_2610_output/backbone_filtered/backbone_denovo/RAPCID_backbone_rapcid_backbone_65_model_1.cif.gz	/scratch/a2149a01/RAPCID_2610_output/ligandmpnn_inputs/backbone_denovo/RAPCID_backbone_rapcid_backbone_65_model_1.pdb		
backbone_denovo	/scratch/a2149a01/RAPCID_2610_output/backbone_filtered/backbone_denovo/RAPCID_backbone_rapcid_backbone_66_model_0.cif.gz	/scratch/a2149a01/RAPCID_2610_output/ligandmpnn_inputs/backbone_denovo/RAPCID_backbone_rapcid_backbone_66_model_0.pdb		
backbone_denovo	/scratch/a2149a01/RAPCID_2610_output/backbone_filtered/backbone_denovo/RAPCID_backbone_rapcid_backbone_67_model_2.cif.gz	/scratch/a2149a01/RAPCID_2610_output/ligandmpnn_inputs/backbone_denovo/RAPCID_backbone_rapcid_backbone_67_model_2.pdb		
backbone_denovo	/scratch/a2149a01/RAPCID_2610_output/backbone_filtered/backbone_denovo/RAPCID_backbone_rapcid_backbone_68_model_1.cif.gz	/scratch/a2149a01/RAPCID_2610_output/ligandmpnn_inputs/backbone_denovo/RAPCID_backbone_rapcid_backbone_68_model_1.pdb		
backbone_denovo	/scratch/a2149a01/RAPCID_2610_output/backbone_filtered/backbone_denovo/RAPCID_backbone_rapcid_backbone_68_model_5.cif.gz	/scratch/a2149a01/RAPCID_2610_output/ligandmpnn_inputs/backbone_denovo/RAPCID_backbone_rapcid_backbone_68_model_5.pdb		
backbone_denovo	/scratch/a2149a01/RAPCID_2610_output/backbone_filtered/backbone_denovo/RAPCID_backbone_rapcid_backbone_69_model_2.cif.gz	/scratch/a2149a01/RAPCID_2610_output/ligandmpnn_inputs/backbone_denovo/RAPCID_backbone_rapcid_backbone_69_model_2.pdb		
backbone_denovo	/scratch/a2149a01/RAPCID_2610_output/backbone_filtered/backbone_denovo/RAPCID_backbone_rapcid_backbone_69_model_5.cif.gz	/scratch/a2149a01/RAPCID_2610_output/ligandmpnn_inputs/backbone_denovo/RAPCID_backbone_rapcid_backbone_69_model_5.pdb		
backbone_denovo	/scratch/a2149a01/RAPCID_2610_output/backbone_filtered/backbone_denovo/RAPCID_backbone_rapcid_backbone_6_model_2.cif.gz	/scratch/a2149a01/RAPCID_2610_output/ligandmpnn_inputs/backbone_denovo/RAPCID_backbone_rapcid_backbone_6_model_2.pdb		
backbone_denovo	/scratch/a2149a01/RAPCID_2610_output/backbone_filtered/backbone_denovo/RAPCID_backbone_rapcid_backbone_6_model_3.cif.gz	/scratch/a2149a01/RAPCID_2610_output/ligandmpnn_inputs/backbone_denovo/RAPCID_backbone_rapcid_backbone_6_model_3.pdb		
backbone_denovo	/scratch/a2149a01/RAPCID_2610_output/backbone_filtered/backbone_denovo/RAPCID_backbone_rapcid_backbone_70_model_7.cif.gz	/scratch/a2149a01/RAPCID_2610_output/ligandmpnn_inputs/backbone_denovo/RAPCID_backbone_rapcid_backbone_70_model_7.pdb		
backbone_denovo	/scratch/a2149a01/RAPCID_2610_output/backbone_filtered/backbone_denovo/RAPCID_backbone_rapcid_backbone_71_model_3.cif.gz	/scratch/a2149a01/RAPCID_2610_output/ligandmpnn_inputs/backbone_denovo/RAPCID_backbone_rapcid_backbone_71_model_3.pdb		
backbone_denovo	/scratch/a2149a01/RAPCID_2610_output/backbone_filtered/backbone_denovo/RAPCID_backbone_rapcid_backbone_71_model_4.cif.gz	/scratch/a2149a01/RAPCID_2610_output/ligandmpnn_inputs/backbone_denovo/RAPCID_backbone_rapcid_backbone_71_model_4.pdb		
backbone_denovo	/scratch/a2149a01/RAPCID_2610_output/backbone_filtered/backbone_denovo/RAPCID_backbone_rapcid_backbone_72_model_0.cif.gz	/scratch/a2149a01/RAPCID_2610_output/ligandmpnn_inputs/backbone_denovo/RAPCID_backbone_rapcid_backbone_72_model_0.pdb		
backbone_denovo	/scratch/a2149a01/RAPCID_2610_output/backbone_filtered/backbone_denovo/RAPCID_backbone_rapcid_backbone_72_model_2.cif.gz	/scratch/a2149a01/RAPCID_2610_output/ligandmpnn_inputs/backbone_denovo/RAPCID_backbone_rapcid_backbone_72_model_2.pdb		
backbone_denovo	/scratch/a2149a01/RAPCID_2610_output/backbone_filtered/backbone_denovo/RAPCID_backbone_rapcid_backbone_72_model_5.cif.gz	/scratch/a2149a01/RAPCID_2610_output/ligandmpnn_inputs/backbone_denovo/RAPCID_backbone_rapcid_backbone_72_model_5.pdb		
backbone_denovo	/scratch/a2149a01/RAPCID_2610_output/backbone_filtered/backbone_denovo/RAPCID_backbone_rapcid_backbone_74_model_0.cif.gz	/scratch/a2149a01/RAPCID_2610_output/ligandmpnn_inputs/backbone_denovo/RAPCID_backbone_rapcid_backbone_74_model_0.pdb		
backbone_denovo	/scratch/a2149a01/RAPCID_2610_output/backbone_filtered/backbone_denovo/RAPCID_backbone_rapcid_backbone_74_model_2.cif.gz	/scratch/a2149a01/RAPCID_2610_output/ligandmpnn_inputs/backbone_denovo/RAPCID_backbone_rapcid_backbone_74_model_2.pdb		
backbone_denovo	/scratch/a2149a01/RAPCID_2610_output/backbone_filtered/backbone_denovo/RAPCID_backbone_rapcid_backbone_74_model_7.cif.gz	/scratch/a2149a01/RAPCID_2610_output/ligandmpnn_inputs/backbone_denovo/RAPCID_backbone_rapcid_backbone_74_model_7.pdb		
backbone_denovo	/scratch/a2149a01/RAPCID_2610_output/backbone_filtered/backbone_denovo/RAPCID_backbone_rapcid_backbone_75_model_0.cif.gz	/scratch/a2149a01/RAPCID_2610_output/ligandmpnn_inputs/backbone_denovo/RAPCID_backbone_rapcid_backbone_75_model_0.pdb		
backbone_denovo	/scratch/a2149a01/RAPCID_2610_output/backbone_filtered/backbone_denovo/RAPCID_backbone_rapcid_backbone_75_model_1.cif.gz	/scratch/a2149a01/RAPCID_2610_output/ligandmpnn_inputs/backbone_denovo/RAPCID_backbone_rapcid_backbone_75_model_1.pdb		
backbone_denovo	/scratch/a2149a01/RAPCID_2610_output/backbone_filtered/backbone_denovo/RAPCID_backbone_rapcid_backbone_76_model_3.cif.gz	/scratch/a2149a01/RAPCID_2610_output/ligandmpnn_inputs/backbone_denovo/RAPCID_backbone_rapcid_backbone_76_model_3.pdb		
backbone_denovo	/scratch/a2149a01/RAPCID_2610_output/backbone_filtered/backbone_denovo/RAPCID_backbone_rapcid_backbone_76_model_6.cif.gz	/scratch/a2149a01/RAPCID_2610_output/ligandmpnn_inputs/backbone_denovo/RAPCID_backbone_rapcid_backbone_76_model_6.pdb		
backbone_denovo	/scratch/a2149a01/RAPCID_2610_output/backbone_filtered/backbone_denovo/RAPCID_backbone_rapcid_backbone_77_model_0.cif.gz	/scratch/a2149a01/RAPCID_2610_output/ligandmpnn_inputs/backbone_denovo/RAPCID_backbone_rapcid_backbone_77_model_0.pdb		
backbone_denovo	/scratch/a2149a01/RAPCID_2610_output/backbone_filtered/backbone_denovo/RAPCID_backbone_rapcid_backbone_77_model_1.cif.gz	/scratch/a2149a01/RAPCID_2610_output/ligandmpnn_inputs/backbone_denovo/RAPCID_backbone_rapcid_backbone_77_model_1.pdb		
backbone_denovo	/scratch/a2149a01/RAPCID_2610_output/backbone_filtered/backbone_denovo/RAPCID_backbone_rapcid_backbone_77_model_5.cif.gz	/scratch/a2149a01/RAPCID_2610_output/ligandmpnn_inputs/backbone_denovo/RAPCID_backbone_rapcid_backbone_77_model_5.pdb		
backbone_denovo	/scratch/a2149a01/RAPCID_2610_output/backbone_filtered/backbone_denovo/RAPCID_backbone_rapcid_backbone_78_model_1.cif.gz	/scratch/a2149a01/RAPCID_2610_output/ligandmpnn_inputs/backbone_denovo/RAPCID_backbone_rapcid_backbone_78_model_1.pdb		
backbone_denovo	/scratch/a2149a01/RAPCID_2610_output/backbone_filtered/backbone_denovo/RAPCID_backbone_rapcid_backbone_78_model_3.cif.gz	/scratch/a2149a01/RAPCID_2610_output/ligandmpnn_inputs/backbone_denovo/RAPCID_backbone_rapcid_backbone_78_model_3.pdb		
backbone_denovo	/scratch/a2149a01/RAPCID_2610_output/backbone_filtered/backbone_denovo/RAPCID_backbone_rapcid_backbone_78_model_5.cif.gz	/scratch/a2149a01/RAPCID_2610_output/ligandmpnn_inputs/backbone_denovo/RAPCID_backbone_rapcid_backbone_78_model_5.pdb		
backbone_denovo	/scratch/a2149a01/RAPCID_2610_output/backbone_filtered/backbone_denovo/RAPCID_backbone_rapcid_backbone_79_model_3.cif.gz	/scratch/a2149a01/RAPCID_2610_output/ligandmpnn_inputs/backbone_denovo/RAPCID_backbone_rapcid_backbone_79_model_3.pdb		
backbone_denovo	/scratch/a2149a01/RAPCID_2610_output/backbone_filtered/backbone_denovo/RAPCID_backbone_rapcid_backbone_7_model_2.cif.gz	/scratch/a2149a01/RAPCID_2610_output/ligandmpnn_inputs/backbone_denovo/RAPCID_backbone_rapcid_backbone_7_model_2.pdb		
backbone_denovo	/scratch/a2149a01/RAPCID_2610_output/backbone_filtered/backbone_denovo/RAPCID_backbone_rapcid_backbone_7_model_3.cif.gz	/scratch/a2149a01/RAPCID_2610_output/ligandmpnn_inputs/backbone_denovo/RAPCID_backbone_rapcid_backbone_7_model_3.pdb		
backbone_denovo	/scratch/a2149a01/RAPCID_2610_output/backbone_filtered/backbone_denovo/RAPCID_backbone_rapcid_backbone_80_model_7.cif.gz	/scratch/a2149a01/RAPCID_2610_output/ligandmpnn_inputs/backbone_denovo/RAPCID_backbone_rapcid_backbone_80_model_7.pdb		
backbone_denovo	/scratch/a2149a01/RAPCID_2610_output/backbone_filtered/backbone_denovo/RAPCID_backbone_rapcid_backbone_82_model_3.cif.gz	/scratch/a2149a01/RAPCID_2610_output/ligandmpnn_inputs/backbone_denovo/RAPCID_backbone_rapcid_backbone_82_model_3.pdb		
backbone_denovo	/scratch/a2149a01/RAPCID_2610_output/backbone_filtered/backbone_denovo/RAPCID_backbone_rapcid_backbone_82_model_5.cif.gz	/scratch/a2149a01/RAPCID_2610_output/ligandmpnn_inputs/backbone_denovo/RAPCID_backbone_rapcid_backbone_82_model_5.pdb		
backbone_denovo	/scratch/a2149a01/RAPCID_2610_output/backbone_filtered/backbone_denovo/RAPCID_backbone_rapcid_backbone_82_model_7.cif.gz	/scratch/a2149a01/RAPCID_2610_output/ligandmpnn_inputs/backbone_denovo/RAPCID_backbone_rapcid_backbone_82_model_7.pdb		
backbone_denovo	/scratch/a2149a01/RAPCID_2610_output/backbone_filtered/backbone_denovo/RAPCID_backbone_rapcid_backbone_83_model_5.cif.gz	/scratch/a2149a01/RAPCID_2610_output/ligandmpnn_inputs/backbone_denovo/RAPCID_backbone_rapcid_backbone_83_model_5.pdb		
backbone_denovo	/scratch/a2149a01/RAPCID_2610_output/backbone_filtered/backbone_denovo/RAPCID_backbone_rapcid_backbone_84_model_3.cif.gz	/scratch/a2149a01/RAPCID_2610_output/ligandmpnn_inputs/backbone_denovo/RAPCID_backbone_rapcid_backbone_84_model_3.pdb		
backbone_denovo	/scratch/a2149a01/RAPCID_2610_output/backbone_filtered/backbone_denovo/RAPCID_backbone_rapcid_backbone_85_model_0.cif.gz	/scratch/a2149a01/RAPCID_2610_output/ligandmpnn_inputs/backbone_denovo/RAPCID_backbone_rapcid_backbone_85_model_0.pdb		
backbone_denovo	/scratch/a2149a01/RAPCID_2610_output/backbone_filtered/backbone_denovo/RAPCID_backbone_rapcid_backbone_86_model_1.cif.gz	/scratch/a2149a01/RAPCID_2610_output/ligandmpnn_inputs/backbone_denovo/RAPCID_backbone_rapcid_backbone_86_model_1.pdb		
backbone_denovo	/scratch/a2149a01/RAPCID_2610_output/backbone_filtered/backbone_denovo/RAPCID_backbone_rapcid_backbone_87_model_1.cif.gz	/scratch/a2149a01/RAPCID_2610_output/ligandmpnn_inputs/backbone_denovo/RAPCID_backbone_rapcid_backbone_87_model_1.pdb		
backbone_denovo	/scratch/a2149a01/RAPCID_2610_output/backbone_filtered/backbone_denovo/RAPCID_backbone_rapcid_backbone_88_model_4.cif.gz	/scratch/a2149a01/RAPCID_2610_output/ligandmpnn_inputs/backbone_denovo/RAPCID_backbone_rapcid_backbone_88_model_4.pdb		
backbone_denovo	/scratch/a2149a01/RAPCID_2610_output/backbone_filtered/backbone_denovo/RAPCID_backbone_rapcid_backbone_89_model_3.cif.gz	/scratch/a2149a01/RAPCID_2610_output/ligandmpnn_inputs/backbone_denovo/RAPCID_backbone_rapcid_backbone_89_model_3.pdb		
backbone_denovo	/scratch/a2149a01/RAPCID_2610_output/backbone_filtered/backbone_denovo/RAPCID_backbone_rapcid_backbone_89_model_7.cif.gz	/scratch/a2149a01/RAPCID_2610_output/ligandmpnn_inputs/backbone_denovo/RAPCID_backbone_rapcid_backbone_89_model_7.pdb		
backbone_denovo	/scratch/a2149a01/RAPCID_2610_output/backbone_filtered/backbone_denovo/RAPCID_backbone_rapcid_backbone_8_model_5.cif.gz	/scratch/a2149a01/RAPCID_2610_output/ligandmpnn_inputs/backbone_denovo/RAPCID_backbone_rapcid_backbone_8_model_5.pdb		
backbone_denovo	/scratch/a2149a01/RAPCID_2610_output/backbone_filtered/backbone_denovo/RAPCID_backbone_rapcid_backbone_90_model_5.cif.gz	/scratch/a2149a01/RAPCID_2610_output/ligandmpnn_inputs/backbone_denovo/RAPCID_backbone_rapcid_backbone_90_model_5.pdb		
backbone_denovo	/scratch/a2149a01/RAPCID_2610_output/backbone_filtered/backbone_denovo/RAPCID_backbone_rapcid_backbone_91_model_0.cif.gz	/scratch/a2149a01/RAPCID_2610_output/ligandmpnn_inputs/backbone_denovo/RAPCID_backbone_rapcid_backbone_91_model_0.pdb		
backbone_denovo	/scratch/a2149a01/RAPCID_2610_output/backbone_filtered/backbone_denovo/RAPCID_backbone_rapcid_backbone_91_model_2.cif.gz	/scratch/a2149a01/RAPCID_2610_output/ligandmpnn_inputs/backbone_denovo/RAPCID_backbone_rapcid_backbone_91_model_2.pdb		
backbone_denovo	/scratch/a2149a01/RAPCID_2610_output/backbone_filtered/backbone_denovo/RAPCID_backbone_rapcid_backbone_91_model_4.cif.gz	/scratch/a2149a01/RAPCID_2610_output/ligandmpnn_inputs/backbone_denovo/RAPCID_backbone_rapcid_backbone_91_model_4.pdb		
backbone_denovo	/scratch/a2149a01/RAPCID_2610_output/backbone_filtered/backbone_denovo/RAPCID_backbone_rapcid_backbone_92_model_4.cif.gz	/scratch/a2149a01/RAPCID_2610_output/ligandmpnn_inputs/backbone_denovo/RAPCID_backbone_rapcid_backbone_92_model_4.pdb		
backbone_denovo	/scratch/a2149a01/RAPCID_2610_output/backbone_filtered/backbone_denovo/RAPCID_backbone_rapcid_backbone_93_model_6.cif.gz	/scratch/a2149a01/RAPCID_2610_output/ligandmpnn_inputs/backbone_denovo/RAPCID_backbone_rapcid_backbone_93_model_6.pdb		
backbone_denovo	/scratch/a2149a01/RAPCID_2610_output/backbone_filtered/backbone_denovo/RAPCID_backbone_rapcid_backbone_94_model_6.cif.gz	/scratch/a2149a01/RAPCID_2610_output/ligandmpnn_inputs/backbone_denovo/RAPCID_backbone_rapcid_backbone_94_model_6.pdb		
backbone_denovo	/scratch/a2149a01/RAPCID_2610_output/backbone_filtered/backbone_denovo/RAPCID_backbone_rapcid_backbone_95_model_5.cif.gz	/scratch/a2149a01/RAPCID_2610_output/ligandmpnn_inputs/backbone_denovo/RAPCID_backbone_rapcid_backbone_95_model_5.pdb		
backbone_denovo	/scratch/a2149a01/RAPCID_2610_output/backbone_filtered/backbone_denovo/RAPCID_backbone_rapcid_backbone_97_model_0.cif.gz	/scratch/a2149a01/RAPCID_2610_output/ligandmpnn_inputs/backbone_denovo/RAPCID_backbone_rapcid_backbone_97_model_0.pdb		
backbone_denovo	/scratch/a2149a01/RAPCID_2610_output/backbone_filtered/backbone_denovo/RAPCID_backbone_rapcid_backbone_97_model_4.cif.gz	/scratch/a2149a01/RAPCID_2610_output/ligandmpnn_inputs/backbone_denovo/RAPCID_backbone_rapcid_backbone_97_model_4.pdb		
backbone_denovo	/scratch/a2149a01/RAPCID_2610_output/backbone_filtered/backbone_denovo/RAPCID_backbone_rapcid_backbone_99_model_1.cif.gz	/scratch/a2149a01/RAPCID_2610_output/ligandmpnn_inputs/backbone_denovo/RAPCID_backbone_rapcid_backbone_99_model_1.pdb		
backbone_denovo	/scratch/a2149a01/RAPCID_2610_output/backbone_filtered/backbone_denovo/RAPCID_backbone_rapcid_backbone_99_model_7.cif.gz	/scratch/a2149a01/RAPCID_2610_output/ligandmpnn_inputs/backbone_denovo/RAPCID_backbone_rapcid_backbone_99_model_7.pdb		
backbone_long	/scratch/a2149a01/RAPCID_2610_output/backbone_filtered/backbone_long/RAPCID_backbone_rapcid_backbone_100_model_2.cif.gz	/scratch/a2149a01/RAPCID_2610_output/ligandmpnn_inputs/backbone_long/RAPCID_backbone_rapcid_backbone_100_model_2.pdb	B33 A17	B33:3.36A;A17:7.46A;
backbone_long	/scratch/a2149a01/RAPCID_2610_output/backbone_filtered/backbone_long/RAPCID_backbone_rapcid_backbone_100_model_3.cif.gz	/scratch/a2149a01/RAPCID_2610_output/ligandmpnn_inputs/backbone_long/RAPCID_backbone_rapcid_backbone_100_model_3.pdb	B5 A20	B5:33.82A;A20:5.07A;
backbone_long	/scratch/a2149a01/RAPCID_2610_output/backbone_filtered/backbone_long/RAPCID_backbone_rapcid_backbone_100_model_5.cif.gz	/scratch/a2149a01/RAPCID_2610_output/ligandmpnn_inputs/backbone_long/RAPCID_backbone_rapcid_backbone_100_model_5.pdb	B52 A17	B52:27.90A;A17:7.46A;
backbone_long	/scratch/a2149a01/RAPCID_2610_output/backbone_filtered/backbone_long/RAPCID_backbone_rapcid_backbone_103_model_3.cif.gz	/scratch/a2149a01/RAPCID_2610_output/ligandmpnn_inputs/backbone_long/RAPCID_backbone_rapcid_backbone_103_model_3.pdb	A25 B11	A25:7.46A;B11:3.94A;
backbone_long	/scratch/a2149a01/RAPCID_2610_output/backbone_filtered/backbone_long/RAPCID_backbone_rapcid_backbone_105_model_7.cif.gz	/scratch/a2149a01/RAPCID_2610_output/ligandmpnn_inputs/backbone_long/RAPCID_backbone_rapcid_backbone_105_model_7.pdb	B15 A19	B15:4.02A;A19:7.48A;
backbone_long	/scratch/a2149a01/RAPCID_2610_output/backbone_filtered/backbone_long/RAPCID_backbone_rapcid_backbone_107_model_5.cif.gz	/scratch/a2149a01/RAPCID_2610_output/ligandmpnn_inputs/backbone_long/RAPCID_backbone_rapcid_backbone_107_model_5.pdb	A21 B9	A21:7.46A;B9:6.64A;
backbone_long	/scratch/a2149a01/RAPCID_2610_output/backbone_filtered/backbone_long/RAPCID_backbone_rapcid_backbone_107_model_6.cif.gz	/scratch/a2149a01/RAPCID_2610_output/ligandmpnn_inputs/backbone_long/RAPCID_backbone_rapcid_backbone_107_model_6.pdb	A21 B23	A21:7.46A;B23:17.48A;
backbone_long	/scratch/a2149a01/RAPCID_2610_output/backbone_filtered/backbone_long/RAPCID_backbone_rapcid_backbone_108_model_5.cif.gz	/scratch/a2149a01/RAPCID_2610_output/ligandmpnn_inputs/backbone_long/RAPCID_backbone_rapcid_backbone_108_model_5.pdb	A13 B23	A13:7.28A;B23:13.81A;
backbone_long	/scratch/a2149a01/RAPCID_2610_output/backbone_filtered/backbone_long/RAPCID_backbone_rapcid_backbone_109_model_3.cif.gz	/scratch/a2149a01/RAPCID_2610_output/ligandmpnn_inputs/backbone_long/RAPCID_backbone_rapcid_backbone_109_model_3.pdb	A26 B24	A26:7.47A;B24:12.16A;
backbone_long	/scratch/a2149a01/RAPCID_2610_output/backbone_filtered/backbone_long/RAPCID_backbone_rapcid_backbone_109_model_6.cif.gz	/scratch/a2149a01/RAPCID_2610_output/ligandmpnn_inputs/backbone_long/RAPCID_backbone_rapcid_backbone_109_model_6.pdb	A26 B30	A26:7.47A;B30:18.84A;
backbone_long	/scratch/a2149a01/RAPCID_2610_output/backbone_filtered/backbone_long/RAPCID_backbone_rapcid_backbone_10_model_7.cif.gz	/scratch/a2149a01/RAPCID_2610_output/ligandmpnn_inputs/backbone_long/RAPCID_backbone_rapcid_backbone_10_model_7.pdb	B12 A18	B12:17.71A;A18:7.48A;
backbone_long	/scratch/a2149a01/RAPCID_2610_output/backbone_filtered/backbone_long/RAPCID_backbone_rapcid_backbone_111_model_1.cif.gz	/scratch/a2149a01/RAPCID_2610_output/ligandmpnn_inputs/backbone_long/RAPCID_backbone_rapcid_backbone_111_model_1.pdb	A15 B24	A15:7.37A;B24:3.13A;
backbone_long	/scratch/a2149a01/RAPCID_2610_output/backbone_filtered/backbone_long/RAPCID_backbone_rapcid_backbone_112_model_1.cif.gz	/scratch/a2149a01/RAPCID_2610_output/ligandmpnn_inputs/backbone_long/RAPCID_backbone_rapcid_backbone_112_model_1.pdb	B30 A20	B30:23.78A;A20:7.46A;
backbone_long	/scratch/a2149a01/RAPCID_2610_output/backbone_filtered/backbone_long/RAPCID_backbone_rapcid_backbone_114_model_2.cif.gz	/scratch/a2149a01/RAPCID_2610_output/ligandmpnn_inputs/backbone_long/RAPCID_backbone_rapcid_backbone_114_model_2.pdb	A24 B35	A24:7.46A;B35:24.67A;
backbone_long	/scratch/a2149a01/RAPCID_2610_output/backbone_filtered/backbone_long/RAPCID_backbone_rapcid_backbone_114_model_3.cif.gz	/scratch/a2149a01/RAPCID_2610_output/ligandmpnn_inputs/backbone_long/RAPCID_backbone_rapcid_backbone_114_model_3.pdb	A24 B17	A24:7.46A;B17:4.42A;
backbone_long	/scratch/a2149a01/RAPCID_2610_output/backbone_filtered/backbone_long/RAPCID_backbone_rapcid_backbone_114_model_6.cif.gz	/scratch/a2149a01/RAPCID_2610_output/ligandmpnn_inputs/backbone_long/RAPCID_backbone_rapcid_backbone_114_model_6.pdb	A24 B2	A24:7.46A;B2:10.31A;
backbone_long	/scratch/a2149a01/RAPCID_2610_output/backbone_filtered/backbone_long/RAPCID_backbone_rapcid_backbone_115_model_0.cif.gz	/scratch/a2149a01/RAPCID_2610_output/ligandmpnn_inputs/backbone_long/RAPCID_backbone_rapcid_backbone_115_model_0.pdb	A17 B10	A17:7.47A;B10:3.63A;
backbone_long	/scratch/a2149a01/RAPCID_2610_output/backbone_filtered/backbone_long/RAPCID_backbone_rapcid_backbone_115_model_5.cif.gz	/scratch/a2149a01/RAPCID_2610_output/ligandmpnn_inputs/backbone_long/RAPCID_backbone_rapcid_backbone_115_model_5.pdb	A17 B10	A17:7.47A;B10:3.82A;
backbone_long	/scratch/a2149a01/RAPCID_2610_output/backbone_filtered/backbone_long/RAPCID_backbone_rapcid_backbone_117_model_4.cif.gz	/scratch/a2149a01/RAPCID_2610_output/ligandmpnn_inputs/backbone_long/RAPCID_backbone_rapcid_backbone_117_model_4.pdb	A34 B23	A34:5.16A;B23:3.86A;
backbone_long	/scratch/a2149a01/RAPCID_2610_output/backbone_filtered/backbone_long/RAPCID_backbone_rapcid_backbone_117_model_5.cif.gz	/scratch/a2149a01/RAPCID_2610_output/ligandmpnn_inputs/backbone_long/RAPCID_backbone_rapcid_backbone_117_model_5.pdb	A31 B31	A31:7.48A;B31:16.00A;
backbone_long	/scratch/a2149a01/RAPCID_2610_output/backbone_filtered/backbone_long/RAPCID_backbone_rapcid_backbone_118_model_1.cif.gz	/scratch/a2149a01/RAPCID_2610_output/ligandmpnn_inputs/backbone_long/RAPCID_backbone_rapcid_backbone_118_model_1.pdb	B14 A19	B14:4.22A;A19:7.45A;
backbone_long	/scratch/a2149a01/RAPCID_2610_output/backbone_filtered/backbone_long/RAPCID_backbone_rapcid_backbone_118_model_2.cif.gz	/scratch/a2149a01/RAPCID_2610_output/ligandmpnn_inputs/backbone_long/RAPCID_backbone_rapcid_backbone_118_model_2.pdb	B11 A19	B11:3.65A;A19:7.45A;
backbone_long	/scratch/a2149a01/RAPCID_2610_output/backbone_filtered/backbone_long/RAPCID_backbone_rapcid_backbone_118_model_6.cif.gz	/scratch/a2149a01/RAPCID_2610_output/ligandmpnn_inputs/backbone_long/RAPCID_backbone_rapcid_backbone_118_model_6.pdb	B24 A19	B24:17.11A;A19:7.45A;
backbone_long	/scratch/a2149a01/RAPCID_2610_output/backbone_filtered/backbone_long/RAPCID_backbone_rapcid_backbone_118_model_7.cif.gz	/scratch/a2149a01/RAPCID_2610_output/ligandmpnn_inputs/backbone_long/RAPCID_backbone_rapcid_backbone_118_model_7.pdb	B11 A19	B11:3.69A;A19:7.45A;
backbone_long	/scratch/a2149a01/RAPCID_2610_output/backbone_filtered/backbone_long/RAPCID_backbone_rapcid_backbone_119_model_1.cif.gz	/scratch/a2149a01/RAPCID_2610_output/ligandmpnn_inputs/backbone_long/RAPCID_backbone_rapcid_backbone_119_model_1.pdb	A32 B17	A32:4.89A;B17:4.05A;
backbone_long	/scratch/a2149a01/RAPCID_2610_output/backbone_filtered/backbone_long/RAPCID_backbone_rapcid_backbone_11_model_3.cif.gz	/scratch/a2149a01/RAPCID_2610_output/ligandmpnn_inputs/backbone_long/RAPCID_backbone_rapcid_backbone_11_model_3.pdb	A28 B16	A28:7.37A;B16:4.20A;
backbone_long	/scratch/a2149a01/RAPCID_2610_output/backbone_filtered/backbone_long/RAPCID_backbone_rapcid_backbone_122_model_6.cif.gz	/scratch/a2149a01/RAPCID_2610_output/ligandmpnn_inputs/backbone_long/RAPCID_backbone_rapcid_backbone_122_model_6.pdb	B26 A16	B26:3.36A;A16:7.46A;
backbone_long	/scratch/a2149a01/RAPCID_2610_output/backbone_filtered/backbone_long/RAPCID_backbone_rapcid_backbone_123_model_4.cif.gz	/scratch/a2149a01/RAPCID_2610_output/ligandmpnn_inputs/backbone_long/RAPCID_backbone_rapcid_backbone_123_model_4.pdb	B15 A13	B15:3.37A;A13:7.44A;
backbone_long	/scratch/a2149a01/RAPCID_2610_output/backbone_filtered/backbone_long/RAPCID_backbone_rapcid_backbone_123_model_5.cif.gz	/scratch/a2149a01/RAPCID_2610_output/ligandmpnn_inputs/backbone_long/RAPCID_backbone_rapcid_backbone_123_model_5.pdb	B10 A13	B10:4.19A;A13:5.47A;
backbone_long	/scratch/a2149a01/RAPCID_2610_output/backbone_filtered/backbone_long/RAPCID_backbone_rapcid_backbone_123_model_7.cif.gz	/scratch/a2149a01/RAPCID_2610_output/ligandmpnn_inputs/backbone_long/RAPCID_backbone_rapcid_backbone_123_model_7.pdb	B18 A22	B18:4.33A;A22:7.46A;
backbone_long	/scratch/a2149a01/RAPCID_2610_output/backbone_filtered/backbone_long/RAPCID_backbone_rapcid_backbone_125_model_6.cif.gz	/scratch/a2149a01/RAPCID_2610_output/ligandmpnn_inputs/backbone_long/RAPCID_backbone_rapcid_backbone_125_model_6.pdb	A21 B2	A21:7.46A;B2:2.86A;
backbone_long	/scratch/a2149a01/RAPCID_2610_output/backbone_filtered/backbone_long/RAPCID_backbone_rapcid_backbone_126_model_0.cif.gz	/scratch/a2149a01/RAPCID_2610_output/ligandmpnn_inputs/backbone_long/RAPCID_backbone_rapcid_backbone_126_model_0.pdb	B19 A16	B19:3.05A;A16:7.48A;
backbone_long	/scratch/a2149a01/RAPCID_2610_output/backbone_filtered/backbone_long/RAPCID_backbone_rapcid_backbone_126_model_2.cif.gz	/scratch/a2149a01/RAPCID_2610_output/ligandmpnn_inputs/backbone_long/RAPCID_backbone_rapcid_backbone_126_model_2.pdb	B13 A9	B13:3.02A;A9:4.90A;
backbone_long	/scratch/a2149a01/RAPCID_2610_output/backbone_filtered/backbone_long/RAPCID_backbone_rapcid_backbone_126_model_6.cif.gz	/scratch/a2149a01/RAPCID_2610_output/ligandmpnn_inputs/backbone_long/RAPCID_backbone_rapcid_backbone_126_model_6.pdb	B24 A16	B24:3.62A;A16:7.48A;
backbone_long	/scratch/a2149a01/RAPCID_2610_output/backbone_filtered/backbone_long/RAPCID_backbone_rapcid_backbone_127_model_3.cif.gz	/scratch/a2149a01/RAPCID_2610_output/ligandmpnn_inputs/backbone_long/RAPCID_backbone_rapcid_backbone_127_model_3.pdb	B30 A24	B30:7.69A;A24:7.47A;
backbone_long	/scratch/a2149a01/RAPCID_2610_output/backbone_filtered/backbone_long/RAPCID_backbone_rapcid_backbone_127_model_4.cif.gz	/scratch/a2149a01/RAPCID_2610_output/ligandmpnn_inputs/backbone_long/RAPCID_backbone_rapcid_backbone_127_model_4.pdb	B30 A24	B30:4.07A;A24:7.47A;
backbone_long	/scratch/a2149a01/RAPCID_2610_output/backbone_filtered/backbone_long/RAPCID_backbone_rapcid_backbone_127_model_6.cif.gz	/scratch/a2149a01/RAPCID_2610_output/ligandmpnn_inputs/backbone_long/RAPCID_backbone_rapcid_backbone_127_model_6.pdb	B18 A24	B18:2.22A;A24:7.47A;
backbone_long	/scratch/a2149a01/RAPCID_2610_output/backbone_filtered/backbone_long/RAPCID_backbone_rapcid_backbone_128_model_3.cif.gz	/scratch/a2149a01/RAPCID_2610_output/ligandmpnn_inputs/backbone_long/RAPCID_backbone_rapcid_backbone_128_model_3.pdb	A25 B14	A25:7.43A;B14:4.39A;
backbone_long	/scratch/a2149a01/RAPCID_2610_output/backbone_filtered/backbone_long/RAPCID_backbone_rapcid_backbone_128_model_4.cif.gz	/scratch/a2149a01/RAPCID_2610_output/ligandmpnn_inputs/backbone_long/RAPCID_backbone_rapcid_backbone_128_model_4.pdb	A25 B28	A25:7.43A;B28:11.33A;
backbone_long	/scratch/a2149a01/RAPCID_2610_output/backbone_filtered/backbone_long/RAPCID_backbone_rapcid_backbone_129_model_0.cif.gz	/scratch/a2149a01/RAPCID_2610_output/ligandmpnn_inputs/backbone_long/RAPCID_backbone_rapcid_backbone_129_model_0.pdb	B18 A17	B18:2.31A;A17:7.45A;
backbone_long	/scratch/a2149a01/RAPCID_2610_output/backbone_filtered/backbone_long/RAPCID_backbone_rapcid_backbone_129_model_1.cif.gz	/scratch/a2149a01/RAPCID_2610_output/ligandmpnn_inputs/backbone_long/RAPCID_backbone_rapcid_backbone_129_model_1.pdb	B2 A17	B2:3.55A;A17:7.45A;
backbone_long	/scratch/a2149a01/RAPCID_2610_output/backbone_filtered/backbone_long/RAPCID_backbone_rapcid_backbone_129_model_4.cif.gz	/scratch/a2149a01/RAPCID_2610_output/ligandmpnn_inputs/backbone_long/RAPCID_backbone_rapcid_backbone_129_model_4.pdb	B45 A17	B45:32.99A;A17:7.45A;
backbone_long	/scratch/a2149a01/RAPCID_2610_output/backbone_filtered/backbone_long/RAPCID_backbone_rapcid_backbone_129_model_7.cif.gz	/scratch/a2149a01/RAPCID_2610_output/ligandmpnn_inputs/backbone_long/RAPCID_backbone_rapcid_backbone_129_model_7.pdb	B23 A17	B23:3.67A;A17:7.45A;
backbone_long	/scratch/a2149a01/RAPCID_2610_output/backbone_filtered/backbone_long/RAPCID_backbone_rapcid_backbone_130_model_1.cif.gz	/scratch/a2149a01/RAPCID_2610_output/ligandmpnn_inputs/backbone_long/RAPCID_backbone_rapcid_backbone_130_model_1.pdb	B33 A20	B33:3.71A;A20:7.44A;
backbone_long	/scratch/a2149a01/RAPCID_2610_output/backbone_filtered/backbone_long/RAPCID_backbone_rapcid_backbone_132_model_0.cif.gz	/scratch/a2149a01/RAPCID_2610_output/ligandmpnn_inputs/backbone_long/RAPCID_backbone_rapcid_backbone_132_model_0.pdb	B20 A14	B20:2.94A;A14:7.46A;
backbone_long	/scratch/a2149a01/RAPCID_2610_output/backbone_filtered/backbone_long/RAPCID_backbone_rapcid_backbone_132_model_3.cif.gz	/scratch/a2149a01/RAPCID_2610_output/ligandmpnn_inputs/backbone_long/RAPCID_backbone_rapcid_backbone_132_model_3.pdb	B18 A14	B18:9.60A;A14:7.46A;
backbone_long	/scratch/a2149a01/RAPCID_2610_output/backbone_filtered/backbone_long/RAPCID_backbone_rapcid_backbone_132_model_7.cif.gz	/scratch/a2149a01/RAPCID_2610_output/ligandmpnn_inputs/backbone_long/RAPCID_backbone_rapcid_backbone_132_model_7.pdb	B2 A14	B2:49.48A;A14:7.46A;
backbone_long	/scratch/a2149a01/RAPCID_2610_output/backbone_filtered/backbone_long/RAPCID_backbone_rapcid_backbone_133_model_0.cif.gz	/scratch/a2149a01/RAPCID_2610_output/ligandmpnn_inputs/backbone_long/RAPCID_backbone_rapcid_backbone_133_model_0.pdb	B28 A24	B28:3.46A;A24:7.42A;
backbone_long	/scratch/a2149a01/RAPCID_2610_output/backbone_filtered/backbone_long/RAPCID_backbone_rapcid_backbone_133_model_3.cif.gz	/scratch/a2149a01/RAPCID_2610_output/ligandmpnn_inputs/backbone_long/RAPCID_backbone_rapcid_backbone_133_model_3.pdb	B24 A24	B24:6.88A;A24:7.42A;
backbone_long	/scratch/a2149a01/RAPCID_2610_output/backbone_filtered/backbone_long/RAPCID_backbone_rapcid_backbone_134_model_1.cif.gz	/scratch/a2149a01/RAPCID_2610_output/ligandmpnn_inputs/backbone_long/RAPCID_backbone_rapcid_backbone_134_model_1.pdb	A29 B23	A29:7.46A;B23:3.22A;
backbone_long	/scratch/a2149a01/RAPCID_2610_output/backbone_filtered/backbone_long/RAPCID_backbone_rapcid_backbone_134_model_6.cif.gz	/scratch/a2149a01/RAPCID_2610_output/ligandmpnn_inputs/backbone_long/RAPCID_backbone_rapcid_backbone_134_model_6.pdb	A29 B34	A29:7.46A;B34:5.74A;
backbone_long	/scratch/a2149a01/RAPCID_2610_output/backbone_filtered/backbone_long/RAPCID_backbone_rapcid_backbone_135_model_0.cif.gz	/scratch/a2149a01/RAPCID_2610_output/ligandmpnn_inputs/backbone_long/RAPCID_backbone_rapcid_backbone_135_model_0.pdb	A25 B11	A25:7.43A;B11:3.96A;
backbone_long	/scratch/a2149a01/RAPCID_2610_output/backbone_filtered/backbone_long/RAPCID_backbone_rapcid_backbone_136_model_4.cif.gz	/scratch/a2149a01/RAPCID_2610_output/ligandmpnn_inputs/backbone_long/RAPCID_backbone_rapcid_backbone_136_model_4.pdb	B20 A23	B20:8.48A;A23:7.41A;
backbone_long	/scratch/a2149a01/RAPCID_2610_output/backbone_filtered/backbone_long/RAPCID_backbone_rapcid_backbone_136_model_7.cif.gz	/scratch/a2149a01/RAPCID_2610_output/ligandmpnn_inputs/backbone_long/RAPCID_backbone_rapcid_backbone_136_model_7.pdb	B3 A23	B3:31.83A;A23:7.41A;
backbone_long	/scratch/a2149a01/RAPCID_2610_output/backbone_filtered/backbone_long/RAPCID_backbone_rapcid_backbone_137_model_1.cif.gz	/scratch/a2149a01/RAPCID_2610_output/ligandmpnn_inputs/backbone_long/RAPCID_backbone_rapcid_backbone_137_model_1.pdb	B17 A11	B17:3.91A;A11:7.46A;
backbone_long	/scratch/a2149a01/RAPCID_2610_output/backbone_filtered/backbone_long/RAPCID_backbone_rapcid_backbone_137_model_3.cif.gz	/scratch/a2149a01/RAPCID_2610_output/ligandmpnn_inputs/backbone_long/RAPCID_backbone_rapcid_backbone_137_model_3.pdb	B3 A11	B3:6.06A;A11:7.46A;
backbone_long	/scratch/a2149a01/RAPCID_2610_output/backbone_filtered/backbone_long/RAPCID_backbone_rapcid_backbone_139_model_3.cif.gz	/scratch/a2149a01/RAPCID_2610_output/ligandmpnn_inputs/backbone_long/RAPCID_backbone_rapcid_backbone_139_model_3.pdb	A27 B17	A27:7.46A;B17:8.89A;
backbone_long	/scratch/a2149a01/RAPCID_2610_output/backbone_filtered/backbone_long/RAPCID_backbone_rapcid_backbone_13_model_0.cif.gz	/scratch/a2149a01/RAPCID_2610_output/ligandmpnn_inputs/backbone_long/RAPCID_backbone_rapcid_backbone_13_model_0.pdb	B23 A12	B23:2.75A;A12:7.48A;
backbone_long	/scratch/a2149a01/RAPCID_2610_output/backbone_filtered/backbone_long/RAPCID_backbone_rapcid_backbone_13_model_2.cif.gz	/scratch/a2149a01/RAPCID_2610_output/ligandmpnn_inputs/backbone_long/RAPCID_backbone_rapcid_backbone_13_model_2.pdb	B28 A12	B28:3.81A;A12:7.48A;
backbone_long	/scratch/a2149a01/RAPCID_2610_output/backbone_filtered/backbone_long/RAPCID_backbone_rapcid_backbone_13_model_4.cif.gz	/scratch/a2149a01/RAPCID_2610_output/ligandmpnn_inputs/backbone_long/RAPCID_backbone_rapcid_backbone_13_model_4.pdb	B10 A12	B10:20.14A;A12:7.48A;
backbone_long	/scratch/a2149a01/RAPCID_2610_output/backbone_filtered/backbone_long/RAPCID_backbone_rapcid_backbone_140_model_6.cif.gz	/scratch/a2149a01/RAPCID_2610_output/ligandmpnn_inputs/backbone_long/RAPCID_backbone_rapcid_backbone_140_model_6.pdb	A19 B41	A19:7.43A;B41:22.30A;
backbone_long	/scratch/a2149a01/RAPCID_2610_output/backbone_filtered/backbone_long/RAPCID_backbone_rapcid_backbone_141_model_4.cif.gz	/scratch/a2149a01/RAPCID_2610_output/ligandmpnn_inputs/backbone_long/RAPCID_backbone_rapcid_backbone_141_model_4.pdb	A12 B7	A12:7.37A;B7:7.39A;
backbone_long	/scratch/a2149a01/RAPCID_2610_output/backbone_filtered/backbone_long/RAPCID_backbone_rapcid_backbone_141_model_5.cif.gz	/scratch/a2149a01/RAPCID_2610_output/ligandmpnn_inputs/backbone_long/RAPCID_backbone_rapcid_backbone_141_model_5.pdb	A12 B17	A12:7.37A;B17:3.53A;
backbone_long	/scratch/a2149a01/RAPCID_2610_output/backbone_filtered/backbone_long/RAPCID_backbone_rapcid_backbone_144_model_1.cif.gz	/scratch/a2149a01/RAPCID_2610_output/ligandmpnn_inputs/backbone_long/RAPCID_backbone_rapcid_backbone_144_model_1.pdb	B28 A12	B28:2.69A;A12:7.42A;
backbone_long	/scratch/a2149a01/RAPCID_2610_output/backbone_filtered/backbone_long/RAPCID_backbone_rapcid_backbone_144_model_2.cif.gz	/scratch/a2149a01/RAPCID_2610_output/ligandmpnn_inputs/backbone_long/RAPCID_backbone_rapcid_backbone_144_model_2.pdb	B26 A12	B26:5.52A;A12:7.42A;
backbone_long	/scratch/a2149a01/RAPCID_2610_output/backbone_filtered/backbone_long/RAPCID_backbone_rapcid_backbone_147_model_0.cif.gz	/scratch/a2149a01/RAPCID_2610_output/ligandmpnn_inputs/backbone_long/RAPCID_backbone_rapcid_backbone_147_model_0.pdb	B27 A30	B27:2.48A;A30:7.48A;
backbone_long	/scratch/a2149a01/RAPCID_2610_output/backbone_filtered/backbone_long/RAPCID_backbone_rapcid_backbone_149_model_0.cif.gz	/scratch/a2149a01/RAPCID_2610_output/ligandmpnn_inputs/backbone_long/RAPCID_backbone_rapcid_backbone_149_model_0.pdb	B17 A14	B17:3.42A;A14:7.44A;
backbone_long	/scratch/a2149a01/RAPCID_2610_output/backbone_filtered/backbone_long/RAPCID_backbone_rapcid_backbone_149_model_3.cif.gz	/scratch/a2149a01/RAPCID_2610_output/ligandmpnn_inputs/backbone_long/RAPCID_backbone_rapcid_backbone_149_model_3.pdb	B12 A14	B12:6.48A;A14:7.44A;
backbone_long	/scratch/a2149a01/RAPCID_2610_output/backbone_filtered/backbone_long/RAPCID_backbone_rapcid_backbone_149_model_6.cif.gz	/scratch/a2149a01/RAPCID_2610_output/ligandmpnn_inputs/backbone_long/RAPCID_backbone_rapcid_backbone_149_model_6.pdb	B20 A14	B20:4.11A;A14:7.44A;
backbone_long	/scratch/a2149a01/RAPCID_2610_output/backbone_filtered/backbone_long/RAPCID_backbone_rapcid_backbone_14_model_6.cif.gz	/scratch/a2149a01/RAPCID_2610_output/ligandmpnn_inputs/backbone_long/RAPCID_backbone_rapcid_backbone_14_model_6.pdb	B28 A14	B28:3.71A;A14:7.47A;
backbone_long	/scratch/a2149a01/RAPCID_2610_output/backbone_filtered/backbone_long/RAPCID_backbone_rapcid_backbone_150_model_6.cif.gz	/scratch/a2149a01/RAPCID_2610_output/ligandmpnn_inputs/backbone_long/RAPCID_backbone_rapcid_backbone_150_model_6.pdb	A29 B23	A29:7.44A;B23:7.05A;
backbone_long	/scratch/a2149a01/RAPCID_2610_output/backbone_filtered/backbone_long/RAPCID_backbone_rapcid_backbone_151_model_6.cif.gz	/scratch/a2149a01/RAPCID_2610_output/ligandmpnn_inputs/backbone_long/RAPCID_backbone_rapcid_backbone_151_model_6.pdb	B27 A16	B27:7.63A;A16:7.46A;
backbone_long	/scratch/a2149a01/RAPCID_2610_output/backbone_filtered/backbone_long/RAPCID_backbone_rapcid_backbone_152_model_7.cif.gz	/scratch/a2149a01/RAPCID_2610_output/ligandmpnn_inputs/backbone_long/RAPCID_backbone_rapcid_backbone_152_model_7.pdb	A31 B19	A31:7.40A;B19:4.29A;
backbone_long	/scratch/a2149a01/RAPCID_2610_output/backbone_filtered/backbone_long/RAPCID_backbone_rapcid_backbone_153_model_4.cif.gz	/scratch/a2149a01/RAPCID_2610_output/ligandmpnn_inputs/backbone_long/RAPCID_backbone_rapcid_backbone_153_model_4.pdb	B14 A12	B14:4.37A;A12:7.43A;
backbone_long	/scratch/a2149a01/RAPCID_2610_output/backbone_filtered/backbone_long/RAPCID_backbone_rapcid_backbone_154_model_0.cif.gz	/scratch/a2149a01/RAPCID_2610_output/ligandmpnn_inputs/backbone_long/RAPCID_backbone_rapcid_backbone_154_model_0.pdb	A18 B19	A18:4.23A;B19:3.07A;
backbone_long	/scratch/a2149a01/RAPCID_2610_output/backbone_filtered/backbone_long/RAPCID_backbone_rapcid_backbone_154_model_1.cif.gz	/scratch/a2149a01/RAPCID_2610_output/ligandmpnn_inputs/backbone_long/RAPCID_backbone_rapcid_backbone_154_model_1.pdb	A25 B8	A25:7.43A;B8:26.92A;
backbone_long	/scratch/a2149a01/RAPCID_2610_output/backbone_filtered/backbone_long/RAPCID_backbone_rapcid_backbone_154_model_2.cif.gz	/scratch/a2149a01/RAPCID_2610_output/ligandmpnn_inputs/backbone_long/RAPCID_backbone_rapcid_backbone_154_model_2.pdb	A25 B15	A25:7.43A;B15:15.47A;
backbone_long	/scratch/a2149a01/RAPCID_2610_output/backbone_filtered/backbone_long/RAPCID_backbone_rapcid_backbone_155_model_2.cif.gz	/scratch/a2149a01/RAPCID_2610_output/ligandmpnn_inputs/backbone_long/RAPCID_backbone_rapcid_backbone_155_model_2.pdb	A17 B13	A17:7.46A;B13:7.54A;
backbone_long	/scratch/a2149a01/RAPCID_2610_output/backbone_filtered/backbone_long/RAPCID_backbone_rapcid_backbone_157_model_5.cif.gz	/scratch/a2149a01/RAPCID_2610_output/ligandmpnn_inputs/backbone_long/RAPCID_backbone_rapcid_backbone_157_model_5.pdb	A28 B25	A28:7.48A;B25:12.67A;
backbone_long	/scratch/a2149a01/RAPCID_2610_output/backbone_filtered/backbone_long/RAPCID_backbone_rapcid_backbone_158_model_2.cif.gz	/scratch/a2149a01/RAPCID_2610_output/ligandmpnn_inputs/backbone_long/RAPCID_backbone_rapcid_backbone_158_model_2.pdb	B20 A27	B20:2.45A;A27:7.48A;
backbone_long	/scratch/a2149a01/RAPCID_2610_output/backbone_filtered/backbone_long/RAPCID_backbone_rapcid_backbone_158_model_5.cif.gz	/scratch/a2149a01/RAPCID_2610_output/ligandmpnn_inputs/backbone_long/RAPCID_backbone_rapcid_backbone_158_model_5.pdb	B26 A27	B26:7.32A;A27:7.48A;
backbone_long	/scratch/a2149a01/RAPCID_2610_output/backbone_filtered/backbone_long/RAPCID_backbone_rapcid_backbone_159_model_4.cif.gz	/scratch/a2149a01/RAPCID_2610_output/ligandmpnn_inputs/backbone_long/RAPCID_backbone_rapcid_backbone_159_model_4.pdb	B14 A11	B14:4.45A;A11:7.47A;
backbone_long	/scratch/a2149a01/RAPCID_2610_output/backbone_filtered/backbone_long/RAPCID_backbone_rapcid_backbone_15_model_6.cif.gz	/scratch/a2149a01/RAPCID_2610_output/ligandmpnn_inputs/backbone_long/RAPCID_backbone_rapcid_backbone_15_model_6.pdb	B22 A11	B22:2.40A;A11:7.45A;
backbone_long	/scratch/a2149a01/RAPCID_2610_output/backbone_filtered/backbone_long/RAPCID_backbone_rapcid_backbone_160_model_3.cif.gz	/scratch/a2149a01/RAPCID_2610_output/ligandmpnn_inputs/backbone_long/RAPCID_backbone_rapcid_backbone_160_model_3.pdb	A27 B24	A27:7.46A;B24:11.74A;
backbone_long	/scratch/a2149a01/RAPCID_2610_output/backbone_filtered/backbone_long/RAPCID_backbone_rapcid_backbone_161_model_1.cif.gz	/scratch/a2149a01/RAPCID_2610_output/ligandmpnn_inputs/backbone_long/RAPCID_backbone_rapcid_backbone_161_model_1.pdb	B13 A11	B13:4.35A;A11:7.46A;
backbone_long	/scratch/a2149a01/RAPCID_2610_output/backbone_filtered/backbone_long/RAPCID_backbone_rapcid_backbone_162_model_3.cif.gz	/scratch/a2149a01/RAPCID_2610_output/ligandmpnn_inputs/backbone_long/RAPCID_backbone_rapcid_backbone_162_model_3.pdb	B28 A13	B28:2.97A;A13:7.48A;
backbone_long	/scratch/a2149a01/RAPCID_2610_output/backbone_filtered/backbone_long/RAPCID_backbone_rapcid_backbone_162_model_7.cif.gz	/scratch/a2149a01/RAPCID_2610_output/ligandmpnn_inputs/backbone_long/RAPCID_backbone_rapcid_backbone_162_model_7.pdb	B18 A13	B18:3.63A;A13:7.48A;
backbone_long	/scratch/a2149a01/RAPCID_2610_output/backbone_filtered/backbone_long/RAPCID_backbone_rapcid_backbone_164_model_4.cif.gz	/scratch/a2149a01/RAPCID_2610_output/ligandmpnn_inputs/backbone_long/RAPCID_backbone_rapcid_backbone_164_model_4.pdb	A16 B15	A16:5.64A;B15:4.60A;
backbone_long	/scratch/a2149a01/RAPCID_2610_output/backbone_filtered/backbone_long/RAPCID_backbone_rapcid_backbone_166_model_4.cif.gz	/scratch/a2149a01/RAPCID_2610_output/ligandmpnn_inputs/backbone_long/RAPCID_backbone_rapcid_backbone_166_model_4.pdb	A19 B18	A19:5.78A;B18:6.76A;
backbone_long	/scratch/a2149a01/RAPCID_2610_output/backbone_filtered/backbone_long/RAPCID_backbone_rapcid_backbone_167_model_6.cif.gz	/scratch/a2149a01/RAPCID_2610_output/ligandmpnn_inputs/backbone_long/RAPCID_backbone_rapcid_backbone_167_model_6.pdb	A16 B5	A16:7.37A;B5:3.11A;
backbone_long	/scratch/a2149a01/RAPCID_2610_output/backbone_filtered/backbone_long/RAPCID_backbone_rapcid_backbone_168_model_0.cif.gz	/scratch/a2149a01/RAPCID_2610_output/ligandmpnn_inputs/backbone_long/RAPCID_backbone_rapcid_backbone_168_model_0.pdb	B13 A13	B13:3.88A;A13:7.39A;
backbone_long	/scratch/a2149a01/RAPCID_2610_output/backbone_filtered/backbone_long/RAPCID_backbone_rapcid_backbone_16_model_1.cif.gz	/scratch/a2149a01/RAPCID_2610_output/ligandmpnn_inputs/backbone_long/RAPCID_backbone_rapcid_backbone_16_model_1.pdb	A16 B18	A16:7.40A;B18:3.99A;
backbone_long	/scratch/a2149a01/RAPCID_2610_output/backbone_filtered/backbone_long/RAPCID_backbone_rapcid_backbone_170_model_1.cif.gz	/scratch/a2149a01/RAPCID_2610_output/ligandmpnn_inputs/backbone_long/RAPCID_backbone_rapcid_backbone_170_model_1.pdb	A30 B18	A30:7.43A;B18:4.16A;
backbone_long	/scratch/a2149a01/RAPCID_2610_output/backbone_filtered/backbone_long/RAPCID_backbone_rapcid_backbone_171_model_0.cif.gz	/scratch/a2149a01/RAPCID_2610_output/ligandmpnn_inputs/backbone_long/RAPCID_backbone_rapcid_backbone_171_model_0.pdb	A21 B25	A21:7.43A;B25:3.58A;
backbone_long	/scratch/a2149a01/RAPCID_2610_output/backbone_filtered/backbone_long/RAPCID_backbone_rapcid_backbone_171_model_3.cif.gz	/scratch/a2149a01/RAPCID_2610_output/ligandmpnn_inputs/backbone_long/RAPCID_backbone_rapcid_backbone_171_model_3.pdb	A21 B12	A21:7.43A;B12:15.75A;
backbone_long	/scratch/a2149a01/RAPCID_2610_output/backbone_filtered/backbone_long/RAPCID_backbone_rapcid_backbone_172_model_3.cif.gz	/scratch/a2149a01/RAPCID_2610_output/ligandmpnn_inputs/backbone_long/RAPCID_backbone_rapcid_backbone_172_model_3.pdb	B23 A15	B23:3.34A;A15:7.37A;
backbone_long	/scratch/a2149a01/RAPCID_2610_output/backbone_filtered/backbone_long/RAPCID_backbone_rapcid_backbone_172_model_7.cif.gz	/scratch/a2149a01/RAPCID_2610_output/ligandmpnn_inputs/backbone_long/RAPCID_backbone_rapcid_backbone_172_model_7.pdb	B18 A15	B18:26.53A;A15:7.37A;
backbone_long	/scratch/a2149a01/RAPCID_2610_output/backbone_filtered/backbone_long/RAPCID_backbone_rapcid_backbone_174_model_3.cif.gz	/scratch/a2149a01/RAPCID_2610_output/ligandmpnn_inputs/backbone_long/RAPCID_backbone_rapcid_backbone_174_model_3.pdb	B24 A19	B24:3.57A;A19:7.45A;
backbone_long	/scratch/a2149a01/RAPCID_2610_output/backbone_filtered/backbone_long/RAPCID_backbone_rapcid_backbone_175_model_7.cif.gz	/scratch/a2149a01/RAPCID_2610_output/ligandmpnn_inputs/backbone_long/RAPCID_backbone_rapcid_backbone_175_model_7.pdb	A42 B20	A42:7.12A;B20:3.77A;
backbone_long	/scratch/a2149a01/RAPCID_2610_output/backbone_filtered/backbone_long/RAPCID_backbone_rapcid_backbone_176_model_1.cif.gz	/scratch/a2149a01/RAPCID_2610_output/ligandmpnn_inputs/backbone_long/RAPCID_backbone_rapcid_backbone_176_model_1.pdb	B26 A15	B26:11.19A;A15:7.48A;
backbone_long	/scratch/a2149a01/RAPCID_2610_output/backbone_filtered/backbone_long/RAPCID_backbone_rapcid_backbone_177_model_7.cif.gz	/scratch/a2149a01/RAPCID_2610_output/ligandmpnn_inputs/backbone_long/RAPCID_backbone_rapcid_backbone_177_model_7.pdb	A23 B39	A23:7.44A;B39:22.72A;
backbone_long	/scratch/a2149a01/RAPCID_2610_output/backbone_filtered/backbone_long/RAPCID_backbone_rapcid_backbone_179_model_1.cif.gz	/scratch/a2149a01/RAPCID_2610_output/ligandmpnn_inputs/backbone_long/RAPCID_backbone_rapcid_backbone_179_model_1.pdb	B21 A24	B21:3.72A;A24:7.37A;
backbone_long	/scratch/a2149a01/RAPCID_2610_output/backbone_filtered/backbone_long/RAPCID_backbone_rapcid_backbone_17_model_0.cif.gz	/scratch/a2149a01/RAPCID_2610_output/ligandmpnn_inputs/backbone_long/RAPCID_backbone_rapcid_backbone_17_model_0.pdb	B20 A15	B20:3.66A;A15:7.43A;
backbone_long	/scratch/a2149a01/RAPCID_2610_output/backbone_filtered/backbone_long/RAPCID_backbone_rapcid_backbone_17_model_3.cif.gz	/scratch/a2149a01/RAPCID_2610_output/ligandmpnn_inputs/backbone_long/RAPCID_backbone_rapcid_backbone_17_model_3.pdb	B37 A15	B37:23.99A;A15:7.43A;
backbone_long	/scratch/a2149a01/RAPCID_2610_output/backbone_filtered/backbone_long/RAPCID_backbone_rapcid_backbone_182_model_1.cif.gz	/scratch/a2149a01/RAPCID_2610_output/ligandmpnn_inputs/backbone_long/RAPCID_backbone_rapcid_backbone_182_model_1.pdb	B27 A17	B27:16.66A;A17:7.45A;
backbone_long	/scratch/a2149a01/RAPCID_2610_output/backbone_filtered/backbone_long/RAPCID_backbone_rapcid_backbone_182_model_2.cif.gz	/scratch/a2149a01/RAPCID_2610_output/ligandmpnn_inputs/backbone_long/RAPCID_backbone_rapcid_backbone_182_model_2.pdb	B40 A17	B40:32.82A;A17:7.45A;
backbone_long	/scratch/a2149a01/RAPCID_2610_output/backbone_filtered/backbone_long/RAPCID_backbone_rapcid_backbone_183_model_0.cif.gz	/scratch/a2149a01/RAPCID_2610_output/ligandmpnn_inputs/backbone_long/RAPCID_backbone_rapcid_backbone_183_model_0.pdb	A25 B21	A25:7.48A;B21:3.32A;
backbone_long	/scratch/a2149a01/RAPCID_2610_output/backbone_filtered/backbone_long/RAPCID_backbone_rapcid_backbone_183_model_7.cif.gz	/scratch/a2149a01/RAPCID_2610_output/ligandmpnn_inputs/backbone_long/RAPCID_backbone_rapcid_backbone_183_model_7.pdb	A25 B24	A25:7.48A;B24:3.76A;
backbone_long	/scratch/a2149a01/RAPCID_2610_output/backbone_filtered/backbone_long/RAPCID_backbone_rapcid_backbone_184_model_4.cif.gz	/scratch/a2149a01/RAPCID_2610_output/ligandmpnn_inputs/backbone_long/RAPCID_backbone_rapcid_backbone_184_model_4.pdb	B17 A18	B17:2.99A;A18:7.45A;
backbone_long	/scratch/a2149a01/RAPCID_2610_output/backbone_filtered/backbone_long/RAPCID_backbone_rapcid_backbone_186_model_5.cif.gz	/scratch/a2149a01/RAPCID_2610_output/ligandmpnn_inputs/backbone_long/RAPCID_backbone_rapcid_backbone_186_model_5.pdb	A28 B20	A28:7.39A;B20:7.10A;
backbone_long	/scratch/a2149a01/RAPCID_2610_output/backbone_filtered/backbone_long/RAPCID_backbone_rapcid_backbone_187_model_6.cif.gz	/scratch/a2149a01/RAPCID_2610_output/ligandmpnn_inputs/backbone_long/RAPCID_backbone_rapcid_backbone_187_model_6.pdb	A19 B16	A19:7.40A;B16:3.76A;
backbone_long	/scratch/a2149a01/RAPCID_2610_output/backbone_filtered/backbone_long/RAPCID_backbone_rapcid_backbone_188_model_0.cif.gz	/scratch/a2149a01/RAPCID_2610_output/ligandmpnn_inputs/backbone_long/RAPCID_backbone_rapcid_backbone_188_model_0.pdb	B39 A26	B39:39.02A;A26:7.44A;
backbone_long	/scratch/a2149a01/RAPCID_2610_output/backbone_filtered/backbone_long/RAPCID_backbone_rapcid_backbone_188_model_3.cif.gz	/scratch/a2149a01/RAPCID_2610_output/ligandmpnn_inputs/backbone_long/RAPCID_backbone_rapcid_backbone_188_model_3.pdb	B7 A26	B7:3.40A;A26:7.44A;
backbone_long	/scratch/a2149a01/RAPCID_2610_output/backbone_filtered/backbone_long/RAPCID_backbone_rapcid_backbone_189_model_0.cif.gz	/scratch/a2149a01/RAPCID_2610_output/ligandmpnn_inputs/backbone_long/RAPCID_backbone_rapcid_backbone_189_model_0.pdb	B32 A24	B32:3.79A;A24:7.45A;
backbone_long	/scratch/a2149a01/RAPCID_2610_output/backbone_filtered/backbone_long/RAPCID_backbone_rapcid_backbone_18_model_0.cif.gz	/scratch/a2149a01/RAPCID_2610_output/ligandmpnn_inputs/backbone_long/RAPCID_backbone_rapcid_backbone_18_model_0.pdb	B20 A14	B20:4.38A;A14:7.45A;
backbone_long	/scratch/a2149a01/RAPCID_2610_output/backbone_filtered/backbone_long/RAPCID_backbone_rapcid_backbone_190_model_6.cif.gz	/scratch/a2149a01/RAPCID_2610_output/ligandmpnn_inputs/backbone_long/RAPCID_backbone_rapcid_backbone_190_model_6.pdb	B36 A14	B36:9.24A;A14:7.43A;
backbone_long	/scratch/a2149a01/RAPCID_2610_output/backbone_filtered/backbone_long/RAPCID_backbone_rapcid_backbone_191_model_0.cif.gz	/scratch/a2149a01/RAPCID_2610_output/ligandmpnn_inputs/backbone_long/RAPCID_backbone_rapcid_backbone_191_model_0.pdb	A17 B14	A17:7.42A;B14:3.82A;
backbone_long	/scratch/a2149a01/RAPCID_2610_output/backbone_filtered/backbone_long/RAPCID_backbone_rapcid_backbone_191_model_6.cif.gz	/scratch/a2149a01/RAPCID_2610_output/ligandmpnn_inputs/backbone_long/RAPCID_backbone_rapcid_backbone_191_model_6.pdb	A17 B11	A17:7.42A;B11:3.57A;
backbone_long	/scratch/a2149a01/RAPCID_2610_output/backbone_filtered/backbone_long/RAPCID_backbone_rapcid_backbone_192_model_6.cif.gz	/scratch/a2149a01/RAPCID_2610_output/ligandmpnn_inputs/backbone_long/RAPCID_backbone_rapcid_backbone_192_model_6.pdb	A28 B15	A28:7.45A;B15:7.75A;
backbone_long	/scratch/a2149a01/RAPCID_2610_output/backbone_filtered/backbone_long/RAPCID_backbone_rapcid_backbone_193_model_1.cif.gz	/scratch/a2149a01/RAPCID_2610_output/ligandmpnn_inputs/backbone_long/RAPCID_backbone_rapcid_backbone_193_model_1.pdb	B46 A30	B46:27.12A;A30:7.46A;
backbone_long	/scratch/a2149a01/RAPCID_2610_output/backbone_filtered/backbone_long/RAPCID_backbone_rapcid_backbone_194_model_2.cif.gz	/scratch/a2149a01/RAPCID_2610_output/ligandmpnn_inputs/backbone_long/RAPCID_backbone_rapcid_backbone_194_model_2.pdb	B32 A20	B32:3.68A;A20:7.48A;
backbone_long	/scratch/a2149a01/RAPCID_2610_output/backbone_filtered/backbone_long/RAPCID_backbone_rapcid_backbone_195_model_3.cif.gz	/scratch/a2149a01/RAPCID_2610_output/ligandmpnn_inputs/backbone_long/RAPCID_backbone_rapcid_backbone_195_model_3.pdb	B30 A19	B30:21.09A;A19:7.48A;
backbone_long	/scratch/a2149a01/RAPCID_2610_output/backbone_filtered/backbone_long/RAPCID_backbone_rapcid_backbone_196_model_0.cif.gz	/scratch/a2149a01/RAPCID_2610_output/ligandmpnn_inputs/backbone_long/RAPCID_backbone_rapcid_backbone_196_model_0.pdb	B32 A29	B32:6.97A;A29:7.48A;
backbone_long	/scratch/a2149a01/RAPCID_2610_output/backbone_filtered/backbone_long/RAPCID_backbone_rapcid_backbone_196_model_6.cif.gz	/scratch/a2149a01/RAPCID_2610_output/ligandmpnn_inputs/backbone_long/RAPCID_backbone_rapcid_backbone_196_model_6.pdb	B25 A18	B25:3.40A;A18:4.37A;
backbone_long	/scratch/a2149a01/RAPCID_2610_output/backbone_filtered/backbone_long/RAPCID_backbone_rapcid_backbone_197_model_0.cif.gz	/scratch/a2149a01/RAPCID_2610_output/ligandmpnn_inputs/backbone_long/RAPCID_backbone_rapcid_backbone_197_model_0.pdb	B35 A24	B35:9.06A;A24:7.45A;
backbone_long	/scratch/a2149a01/RAPCID_2610_output/backbone_filtered/backbone_long/RAPCID_backbone_rapcid_backbone_197_model_1.cif.gz	/scratch/a2149a01/RAPCID_2610_output/ligandmpnn_inputs/backbone_long/RAPCID_backbone_rapcid_backbone_197_model_1.pdb	B21 A24	B21:6.03A;A24:7.45A;
backbone_long	/scratch/a2149a01/RAPCID_2610_output/backbone_filtered/backbone_long/RAPCID_backbone_rapcid_backbone_197_model_2.cif.gz	/scratch/a2149a01/RAPCID_2610_output/ligandmpnn_inputs/backbone_long/RAPCID_backbone_rapcid_backbone_197_model_2.pdb	B24 A24	B24:3.33A;A24:7.45A;
backbone_long	/scratch/a2149a01/RAPCID_2610_output/backbone_filtered/backbone_long/RAPCID_backbone_rapcid_backbone_197_model_3.cif.gz	/scratch/a2149a01/RAPCID_2610_output/ligandmpnn_inputs/backbone_long/RAPCID_backbone_rapcid_backbone_197_model_3.pdb	B38 A24	B38:10.40A;A24:7.45A;
backbone_long	/scratch/a2149a01/RAPCID_2610_output/backbone_filtered/backbone_long/RAPCID_backbone_rapcid_backbone_197_model_5.cif.gz	/scratch/a2149a01/RAPCID_2610_output/ligandmpnn_inputs/backbone_long/RAPCID_backbone_rapcid_backbone_197_model_5.pdb	B5 A24	B5:26.56A;A24:7.45A;
backbone_long	/scratch/a2149a01/RAPCID_2610_output/backbone_filtered/backbone_long/RAPCID_backbone_rapcid_backbone_197_model_7.cif.gz	/scratch/a2149a01/RAPCID_2610_output/ligandmpnn_inputs/backbone_long/RAPCID_backbone_rapcid_backbone_197_model_7.pdb	B8 A24	B8:28.98A;A24:7.45A;
backbone_long	/scratch/a2149a01/RAPCID_2610_output/backbone_filtered/backbone_long/RAPCID_backbone_rapcid_backbone_199_model_1.cif.gz	/scratch/a2149a01/RAPCID_2610_output/ligandmpnn_inputs/backbone_long/RAPCID_backbone_rapcid_backbone_199_model_1.pdb	A20 B21	A20:7.47A;B21:4.16A;
backbone_long	/scratch/a2149a01/RAPCID_2610_output/backbone_filtered/backbone_long/RAPCID_backbone_rapcid_backbone_199_model_6.cif.gz	/scratch/a2149a01/RAPCID_2610_output/ligandmpnn_inputs/backbone_long/RAPCID_backbone_rapcid_backbone_199_model_6.pdb	A20 B11	A20:7.47A;B11:3.01A;
backbone_long	/scratch/a2149a01/RAPCID_2610_output/backbone_filtered/backbone_long/RAPCID_backbone_rapcid_backbone_19_model_6.cif.gz	/scratch/a2149a01/RAPCID_2610_output/ligandmpnn_inputs/backbone_long/RAPCID_backbone_rapcid_backbone_19_model_6.pdb	A18 B20	A18:7.46A;B20:4.34A;
backbone_long	/scratch/a2149a01/RAPCID_2610_output/backbone_filtered/backbone_long/RAPCID_backbone_rapcid_backbone_19_model_7.cif.gz	/scratch/a2149a01/RAPCID_2610_output/ligandmpnn_inputs/backbone_long/RAPCID_backbone_rapcid_backbone_19_model_7.pdb	A18 B11	A18:7.46A;B11:8.45A;
backbone_long	/scratch/a2149a01/RAPCID_2610_output/backbone_filtered/backbone_long/RAPCID_backbone_rapcid_backbone_1_model_2.cif.gz	/scratch/a2149a01/RAPCID_2610_output/ligandmpnn_inputs/backbone_long/RAPCID_backbone_rapcid_backbone_1_model_2.pdb	B34 A3	B34:6.66A;A3:4.05A;
backbone_long	/scratch/a2149a01/RAPCID_2610_output/backbone_filtered/backbone_long/RAPCID_backbone_rapcid_backbone_1_model_3.cif.gz	/scratch/a2149a01/RAPCID_2610_output/ligandmpnn_inputs/backbone_long/RAPCID_backbone_rapcid_backbone_1_model_3.pdb	B54 A19	B54:36.23A;A19:7.42A;
backbone_long	/scratch/a2149a01/RAPCID_2610_output/backbone_filtered/backbone_long/RAPCID_backbone_rapcid_backbone_1_model_4.cif.gz	/scratch/a2149a01/RAPCID_2610_output/ligandmpnn_inputs/backbone_long/RAPCID_backbone_rapcid_backbone_1_model_4.pdb	B22 A8	B22:7.44A;A8:3.32A;
backbone_long	/scratch/a2149a01/RAPCID_2610_output/backbone_filtered/backbone_long/RAPCID_backbone_rapcid_backbone_1_model_6.cif.gz	/scratch/a2149a01/RAPCID_2610_output/ligandmpnn_inputs/backbone_long/RAPCID_backbone_rapcid_backbone_1_model_6.pdb	B45 A22	B45:21.63A;A22:4.98A;
backbone_long	/scratch/a2149a01/RAPCID_2610_output/backbone_filtered/backbone_long/RAPCID_backbone_rapcid_backbone_200_model_1.cif.gz	/scratch/a2149a01/RAPCID_2610_output/ligandmpnn_inputs/backbone_long/RAPCID_backbone_rapcid_backbone_200_model_1.pdb	A13 B12	A13:7.45A;B12:7.70A;
backbone_long	/scratch/a2149a01/RAPCID_2610_output/backbone_filtered/backbone_long/RAPCID_backbone_rapcid_backbone_200_model_4.cif.gz	/scratch/a2149a01/RAPCID_2610_output/ligandmpnn_inputs/backbone_long/RAPCID_backbone_rapcid_backbone_200_model_4.pdb	A13 B10	A13:7.45A;B10:3.50A;
backbone_long	/scratch/a2149a01/RAPCID_2610_output/backbone_filtered/backbone_long/RAPCID_backbone_rapcid_backbone_201_model_2.cif.gz	/scratch/a2149a01/RAPCID_2610_output/ligandmpnn_inputs/backbone_long/RAPCID_backbone_rapcid_backbone_201_model_2.pdb	B36 A30	B36:10.51A;A30:7.45A;
backbone_long	/scratch/a2149a01/RAPCID_2610_output/backbone_filtered/backbone_long/RAPCID_backbone_rapcid_backbone_201_model_4.cif.gz	/scratch/a2149a01/RAPCID_2610_output/ligandmpnn_inputs/backbone_long/RAPCID_backbone_rapcid_backbone_201_model_4.pdb	B51 A30	B51:30.70A;A30:7.45A;
backbone_long	/scratch/a2149a01/RAPCID_2610_output/backbone_filtered/backbone_long/RAPCID_backbone_rapcid_backbone_202_model_1.cif.gz	/scratch/a2149a01/RAPCID_2610_output/ligandmpnn_inputs/backbone_long/RAPCID_backbone_rapcid_backbone_202_model_1.pdb	B32 A12	B32:3.90A;A12:7.48A;
backbone_long	/scratch/a2149a01/RAPCID_2610_output/backbone_filtered/backbone_long/RAPCID_backbone_rapcid_backbone_203_model_7.cif.gz	/scratch/a2149a01/RAPCID_2610_output/ligandmpnn_inputs/backbone_long/RAPCID_backbone_rapcid_backbone_203_model_7.pdb	B36 A19	B36:38.68A;A19:7.43A;
backbone_long	/scratch/a2149a01/RAPCID_2610_output/backbone_filtered/backbone_long/RAPCID_backbone_rapcid_backbone_204_model_4.cif.gz	/scratch/a2149a01/RAPCID_2610_output/ligandmpnn_inputs/backbone_long/RAPCID_backbone_rapcid_backbone_204_model_4.pdb	A13 B32	A13:7.45A;B32:28.99A;
backbone_long	/scratch/a2149a01/RAPCID_2610_output/backbone_filtered/backbone_long/RAPCID_backbone_rapcid_backbone_204_model_6.cif.gz	/scratch/a2149a01/RAPCID_2610_output/ligandmpnn_inputs/backbone_long/RAPCID_backbone_rapcid_backbone_204_model_6.pdb	A13 B25	A13:7.45A;B25:17.76A;
backbone_long	/scratch/a2149a01/RAPCID_2610_output/backbone_filtered/backbone_long/RAPCID_backbone_rapcid_backbone_205_model_1.cif.gz	/scratch/a2149a01/RAPCID_2610_output/ligandmpnn_inputs/backbone_long/RAPCID_backbone_rapcid_backbone_205_model_1.pdb	A23 B29	A23:5.20A;B29:23.88A;
backbone_long	/scratch/a2149a01/RAPCID_2610_output/backbone_filtered/backbone_long/RAPCID_backbone_rapcid_backbone_205_model_2.cif.gz	/scratch/a2149a01/RAPCID_2610_output/ligandmpnn_inputs/backbone_long/RAPCID_backbone_rapcid_backbone_205_model_2.pdb	A20 B14	A20:7.44A;B14:4.41A;
backbone_long	/scratch/a2149a01/RAPCID_2610_output/backbone_filtered/backbone_long/RAPCID_backbone_rapcid_backbone_205_model_5.cif.gz	/scratch/a2149a01/RAPCID_2610_output/ligandmpnn_inputs/backbone_long/RAPCID_backbone_rapcid_backbone_205_model_5.pdb	A20 B14	A20:7.44A;B14:4.11A;
backbone_long	/scratch/a2149a01/RAPCID_2610_output/backbone_filtered/backbone_long/RAPCID_backbone_rapcid_backbone_206_model_2.cif.gz	/scratch/a2149a01/RAPCID_2610_output/ligandmpnn_inputs/backbone_long/RAPCID_backbone_rapcid_backbone_206_model_2.pdb	A24 B6	A24:7.43A;B6:21.53A;
backbone_long	/scratch/a2149a01/RAPCID_2610_output/backbone_filtered/backbone_long/RAPCID_backbone_rapcid_backbone_206_model_4.cif.gz	/scratch/a2149a01/RAPCID_2610_output/ligandmpnn_inputs/backbone_long/RAPCID_backbone_rapcid_backbone_206_model_4.pdb	A24 B32	A24:7.43A;B32:3.82A;
backbone_long	/scratch/a2149a01/RAPCID_2610_output/backbone_filtered/backbone_long/RAPCID_backbone_rapcid_backbone_206_model_7.cif.gz	/scratch/a2149a01/RAPCID_2610_output/ligandmpnn_inputs/backbone_long/RAPCID_backbone_rapcid_backbone_206_model_7.pdb	A24 B32	A24:7.43A;B32:3.65A;
backbone_long	/scratch/a2149a01/RAPCID_2610_output/backbone_filtered/backbone_long/RAPCID_backbone_rapcid_backbone_209_model_2.cif.gz	/scratch/a2149a01/RAPCID_2610_output/ligandmpnn_inputs/backbone_long/RAPCID_backbone_rapcid_backbone_209_model_2.pdb	B26 A12	B26:5.47A;A12:7.48A;
backbone_long	/scratch/a2149a01/RAPCID_2610_output/backbone_filtered/backbone_long/RAPCID_backbone_rapcid_backbone_209_model_5.cif.gz	/scratch/a2149a01/RAPCID_2610_output/ligandmpnn_inputs/backbone_long/RAPCID_backbone_rapcid_backbone_209_model_5.pdb	B22 A12	B22:4.22A;A12:7.48A;
backbone_long	/scratch/a2149a01/RAPCID_2610_output/backbone_filtered/backbone_long/RAPCID_backbone_rapcid_backbone_209_model_6.cif.gz	/scratch/a2149a01/RAPCID_2610_output/ligandmpnn_inputs/backbone_long/RAPCID_backbone_rapcid_backbone_209_model_6.pdb	B22 A15	B22:3.84A;A15:4.59A;
backbone_long	/scratch/a2149a01/RAPCID_2610_output/backbone_filtered/backbone_long/RAPCID_backbone_rapcid_backbone_20_model_0.cif.gz	/scratch/a2149a01/RAPCID_2610_output/ligandmpnn_inputs/backbone_long/RAPCID_backbone_rapcid_backbone_20_model_0.pdb	A20 B31	A20:7.45A;B31:23.38A;
backbone_long	/scratch/a2149a01/RAPCID_2610_output/backbone_filtered/backbone_long/RAPCID_backbone_rapcid_backbone_20_model_6.cif.gz	/scratch/a2149a01/RAPCID_2610_output/ligandmpnn_inputs/backbone_long/RAPCID_backbone_rapcid_backbone_20_model_6.pdb	A20 B28	A20:7.45A;B28:19.80A;
backbone_long	/scratch/a2149a01/RAPCID_2610_output/backbone_filtered/backbone_long/RAPCID_backbone_rapcid_backbone_210_model_3.cif.gz	/scratch/a2149a01/RAPCID_2610_output/ligandmpnn_inputs/backbone_long/RAPCID_backbone_rapcid_backbone_210_model_3.pdb	A15 B18	A15:7.48A;B18:9.46A;
backbone_long	/scratch/a2149a01/RAPCID_2610_output/backbone_filtered/backbone_long/RAPCID_backbone_rapcid_backbone_211_model_0.cif.gz	/scratch/a2149a01/RAPCID_2610_output/ligandmpnn_inputs/backbone_long/RAPCID_backbone_rapcid_backbone_211_model_0.pdb	B19 A25	B19:3.48A;A25:7.45A;
backbone_long	/scratch/a2149a01/RAPCID_2610_output/backbone_filtered/backbone_long/RAPCID_backbone_rapcid_backbone_211_model_7.cif.gz	/scratch/a2149a01/RAPCID_2610_output/ligandmpnn_inputs/backbone_long/RAPCID_backbone_rapcid_backbone_211_model_7.pdb	B19 A25	B19:4.30A;A25:7.45A;
backbone_long	/scratch/a2149a01/RAPCID_2610_output/backbone_filtered/backbone_long/RAPCID_backbone_rapcid_backbone_212_model_3.cif.gz	/scratch/a2149a01/RAPCID_2610_output/ligandmpnn_inputs/backbone_long/RAPCID_backbone_rapcid_backbone_212_model_3.pdb	A23 B30	A23:5.03A;B30:13.31A;
backbone_long	/scratch/a2149a01/RAPCID_2610_output/backbone_filtered/backbone_long/RAPCID_backbone_rapcid_backbone_212_model_6.cif.gz	/scratch/a2149a01/RAPCID_2610_output/ligandmpnn_inputs/backbone_long/RAPCID_backbone_rapcid_backbone_212_model_6.pdb	A20 B10	A20:7.47A;B10:3.56A;
backbone_long	/scratch/a2149a01/RAPCID_2610_output/backbone_filtered/backbone_long/RAPCID_backbone_rapcid_backbone_212_model_7.cif.gz	/scratch/a2149a01/RAPCID_2610_output/ligandmpnn_inputs/backbone_long/RAPCID_backbone_rapcid_backbone_212_model_7.pdb	A20 B4	A20:7.47A;B4:19.38A;
backbone_long	/scratch/a2149a01/RAPCID_2610_output/backbone_filtered/backbone_long/RAPCID_backbone_rapcid_backbone_213_model_5.cif.gz	/scratch/a2149a01/RAPCID_2610_output/ligandmpnn_inputs/backbone_long/RAPCID_backbone_rapcid_backbone_213_model_5.pdb	B18 A12	B18:6.45A;A12:7.43A;
backbone_long	/scratch/a2149a01/RAPCID_2610_output/backbone_filtered/backbone_long/RAPCID_backbone_rapcid_backbone_214_model_4.cif.gz	/scratch/a2149a01/RAPCID_2610_output/ligandmpnn_inputs/backbone_long/RAPCID_backbone_rapcid_backbone_214_model_4.pdb	A28 B9	A28:3.15A;B9:3.40A;
backbone_long	/scratch/a2149a01/RAPCID_2610_output/backbone_filtered/backbone_long/RAPCID_backbone_rapcid_backbone_214_model_5.cif.gz	/scratch/a2149a01/RAPCID_2610_output/ligandmpnn_inputs/backbone_long/RAPCID_backbone_rapcid_backbone_214_model_5.pdb	A22 B27	A22:7.48A;B27:14.54A;
backbone_long	/scratch/a2149a01/RAPCID_2610_output/backbone_filtered/backbone_long/RAPCID_backbone_rapcid_backbone_217_model_3.cif.gz	/scratch/a2149a01/RAPCID_2610_output/ligandmpnn_inputs/backbone_long/RAPCID_backbone_rapcid_backbone_217_model_3.pdb	B27 A13	B27:5.28A;A13:7.48A;
backbone_long	/scratch/a2149a01/RAPCID_2610_output/backbone_filtered/backbone_long/RAPCID_backbone_rapcid_backbone_219_model_2.cif.gz	/scratch/a2149a01/RAPCID_2610_output/ligandmpnn_inputs/backbone_long/RAPCID_backbone_rapcid_backbone_219_model_2.pdb	B15 A11	B15:2.92A;A11:7.44A;
backbone_long	/scratch/a2149a01/RAPCID_2610_output/backbone_filtered/backbone_long/RAPCID_backbone_rapcid_backbone_21_model_2.cif.gz	/scratch/a2149a01/RAPCID_2610_output/ligandmpnn_inputs/backbone_long/RAPCID_backbone_rapcid_backbone_21_model_2.pdb	B28 A15	B28:3.97A;A15:7.45A;
backbone_long	/scratch/a2149a01/RAPCID_2610_output/backbone_filtered/backbone_long/RAPCID_backbone_rapcid_backbone_220_model_2.cif.gz	/scratch/a2149a01/RAPCID_2610_output/ligandmpnn_inputs/backbone_long/RAPCID_backbone_rapcid_backbone_220_model_2.pdb	B27 A19	B27:6.86A;A19:7.45A;
backbone_long	/scratch/a2149a01/RAPCID_2610_output/backbone_filtered/backbone_long/RAPCID_backbone_rapcid_backbone_220_model_3.cif.gz	/scratch/a2149a01/RAPCID_2610_output/ligandmpnn_inputs/backbone_long/RAPCID_backbone_rapcid_backbone_220_model_3.pdb	B26 A19	B26:3.66A;A19:7.45A;
backbone_long	/scratch/a2149a01/RAPCID_2610_output/backbone_filtered/backbone_long/RAPCID_backbone_rapcid_backbone_220_model_4.cif.gz	/scratch/a2149a01/RAPCID_2610_output/ligandmpnn_inputs/backbone_long/RAPCID_backbone_rapcid_backbone_220_model_4.pdb	B43 A19	B43:25.41A;A19:7.45A;
backbone_long	/scratch/a2149a01/RAPCID_2610_output/backbone_filtered/backbone_long/RAPCID_backbone_rapcid_backbone_220_model_6.cif.gz	/scratch/a2149a01/RAPCID_2610_output/ligandmpnn_inputs/backbone_long/RAPCID_backbone_rapcid_backbone_220_model_6.pdb	B47 A19	B47:29.55A;A19:7.45A;
backbone_long	/scratch/a2149a01/RAPCID_2610_output/backbone_filtered/backbone_long/RAPCID_backbone_rapcid_backbone_221_model_3.cif.gz	/scratch/a2149a01/RAPCID_2610_output/ligandmpnn_inputs/backbone_long/RAPCID_backbone_rapcid_backbone_221_model_3.pdb	A27 B15	A27:7.45A;B15:7.45A;
backbone_long	/scratch/a2149a01/RAPCID_2610_output/backbone_filtered/backbone_long/RAPCID_backbone_rapcid_backbone_221_model_5.cif.gz	/scratch/a2149a01/RAPCID_2610_output/ligandmpnn_inputs/backbone_long/RAPCID_backbone_rapcid_backbone_221_model_5.pdb	A27 B6	A27:7.45A;B6:3.24A;
backbone_long	/scratch/a2149a01/RAPCID_2610_output/backbone_filtered/backbone_long/RAPCID_backbone_rapcid_backbone_222_model_0.cif.gz	/scratch/a2149a01/RAPCID_2610_output/ligandmpnn_inputs/backbone_long/RAPCID_backbone_rapcid_backbone_222_model_0.pdb	B32 A24	B32:4.40A;A24:7.41A;
backbone_long	/scratch/a2149a01/RAPCID_2610_output/backbone_filtered/backbone_long/RAPCID_backbone_rapcid_backbone_223_model_0.cif.gz	/scratch/a2149a01/RAPCID_2610_output/ligandmpnn_inputs/backbone_long/RAPCID_backbone_rapcid_backbone_223_model_0.pdb	B50 A12	B50:32.03A;A12:7.47A;
backbone_long	/scratch/a2149a01/RAPCID_2610_output/backbone_filtered/backbone_long/RAPCID_backbone_rapcid_backbone_225_model_0.cif.gz	/scratch/a2149a01/RAPCID_2610_output/ligandmpnn_inputs/backbone_long/RAPCID_backbone_rapcid_backbone_225_model_0.pdb	B15 A13	B15:4.26A;A13:7.45A;
backbone_long	/scratch/a2149a01/RAPCID_2610_output/backbone_filtered/backbone_long/RAPCID_backbone_rapcid_backbone_225_model_4.cif.gz	/scratch/a2149a01/RAPCID_2610_output/ligandmpnn_inputs/backbone_long/RAPCID_backbone_rapcid_backbone_225_model_4.pdb	B15 A13	B15:4.05A;A13:7.45A;
backbone_long	/scratch/a2149a01/RAPCID_2610_output/backbone_filtered/backbone_long/RAPCID_backbone_rapcid_backbone_226_model_1.cif.gz	/scratch/a2149a01/RAPCID_2610_output/ligandmpnn_inputs/backbone_long/RAPCID_backbone_rapcid_backbone_226_model_1.pdb	B6 A20	B6:3.32A;A20:7.40A;
backbone_long	/scratch/a2149a01/RAPCID_2610_output/backbone_filtered/backbone_long/RAPCID_backbone_rapcid_backbone_226_model_2.cif.gz	/scratch/a2149a01/RAPCID_2610_output/ligandmpnn_inputs/backbone_long/RAPCID_backbone_rapcid_backbone_226_model_2.pdb	B5 A20	B5:5.82A;A20:7.40A;
backbone_long	/scratch/a2149a01/RAPCID_2610_output/backbone_filtered/backbone_long/RAPCID_backbone_rapcid_backbone_227_model_4.cif.gz	/scratch/a2149a01/RAPCID_2610_output/ligandmpnn_inputs/backbone_long/RAPCID_backbone_rapcid_backbone_227_model_4.pdb	B15 A23	B15:5.88A;A23:7.46A;
backbone_long	/scratch/a2149a01/RAPCID_2610_output/backbone_filtered/backbone_long/RAPCID_backbone_rapcid_backbone_227_model_7.cif.gz	/scratch/a2149a01/RAPCID_2610_output/ligandmpnn_inputs/backbone_long/RAPCID_backbone_rapcid_backbone_227_model_7.pdb	B47 A23	B47:28.76A;A23:7.46A;
backbone_long	/scratch/a2149a01/RAPCID_2610_output/backbone_filtered/backbone_long/RAPCID_backbone_rapcid_backbone_228_model_6.cif.gz	/scratch/a2149a01/RAPCID_2610_output/ligandmpnn_inputs/backbone_long/RAPCID_backbone_rapcid_backbone_228_model_6.pdb	A30 B18	A30:5.41A;B18:4.05A;
backbone_long	/scratch/a2149a01/RAPCID_2610_output/backbone_filtered/backbone_long/RAPCID_backbone_rapcid_backbone_229_model_3.cif.gz	/scratch/a2149a01/RAPCID_2610_output/ligandmpnn_inputs/backbone_long/RAPCID_backbone_rapcid_backbone_229_model_3.pdb	B19 A17	B19:3.93A;A17:7.40A;
backbone_long	/scratch/a2149a01/RAPCID_2610_output/backbone_filtered/backbone_long/RAPCID_backbone_rapcid_backbone_22_model_0.cif.gz	/scratch/a2149a01/RAPCID_2610_output/ligandmpnn_inputs/backbone_long/RAPCID_backbone_rapcid_backbone_22_model_0.pdb	A26 B4	A26:5.13A;B4:20.63A;
backbone_long	/scratch/a2149a01/RAPCID_2610_output/backbone_filtered/backbone_long/RAPCID_backbone_rapcid_backbone_230_model_2.cif.gz	/scratch/a2149a01/RAPCID_2610_output/ligandmpnn_inputs/backbone_long/RAPCID_backbone_rapcid_backbone_230_model_2.pdb	A18 B10	A18:7.46A;B10:3.70A;
backbone_long	/scratch/a2149a01/RAPCID_2610_output/backbone_filtered/backbone_long/RAPCID_backbone_rapcid_backbone_230_model_3.cif.gz	/scratch/a2149a01/RAPCID_2610_output/ligandmpnn_inputs/backbone_long/RAPCID_backbone_rapcid_backbone_230_model_3.pdb	A18 B12	A18:7.46A;B12:3.58A;
backbone_long	/scratch/a2149a01/RAPCID_2610_output/backbone_filtered/backbone_long/RAPCID_backbone_rapcid_backbone_230_model_7.cif.gz	/scratch/a2149a01/RAPCID_2610_output/ligandmpnn_inputs/backbone_long/RAPCID_backbone_rapcid_backbone_230_model_7.pdb	A18 B15	A18:7.46A;B15:4.33A;
backbone_long	/scratch/a2149a01/RAPCID_2610_output/backbone_filtered/backbone_long/RAPCID_backbone_rapcid_backbone_231_model_0.cif.gz	/scratch/a2149a01/RAPCID_2610_output/ligandmpnn_inputs/backbone_long/RAPCID_backbone_rapcid_backbone_231_model_0.pdb	B13 A27	B13:5.16A;A27:7.47A;
backbone_long	/scratch/a2149a01/RAPCID_2610_output/backbone_filtered/backbone_long/RAPCID_backbone_rapcid_backbone_231_model_1.cif.gz	/scratch/a2149a01/RAPCID_2610_output/ligandmpnn_inputs/backbone_long/RAPCID_backbone_rapcid_backbone_231_model_1.pdb	B22 A27	B22:3.69A;A27:7.47A;
backbone_long	/scratch/a2149a01/RAPCID_2610_output/backbone_filtered/backbone_long/RAPCID_backbone_rapcid_backbone_231_model_3.cif.gz	/scratch/a2149a01/RAPCID_2610_output/ligandmpnn_inputs/backbone_long/RAPCID_backbone_rapcid_backbone_231_model_3.pdb	B14 A27	B14:2.60A;A27:7.47A;
backbone_long	/scratch/a2149a01/RAPCID_2610_output/backbone_filtered/backbone_long/RAPCID_backbone_rapcid_backbone_231_model_4.cif.gz	/scratch/a2149a01/RAPCID_2610_output/ligandmpnn_inputs/backbone_long/RAPCID_backbone_rapcid_backbone_231_model_4.pdb	B39 A27	B39:28.88A;A27:7.47A;
backbone_long	/scratch/a2149a01/RAPCID_2610_output/backbone_filtered/backbone_long/RAPCID_backbone_rapcid_backbone_232_model_6.cif.gz	/scratch/a2149a01/RAPCID_2610_output/ligandmpnn_inputs/backbone_long/RAPCID_backbone_rapcid_backbone_232_model_6.pdb	A14 B14	A14:7.44A;B14:3.55A;
backbone_long	/scratch/a2149a01/RAPCID_2610_output/backbone_filtered/backbone_long/RAPCID_backbone_rapcid_backbone_233_model_0.cif.gz	/scratch/a2149a01/RAPCID_2610_output/ligandmpnn_inputs/backbone_long/RAPCID_backbone_rapcid_backbone_233_model_0.pdb	A31 B21	A31:7.46A;B21:4.04A;
backbone_long	/scratch/a2149a01/RAPCID_2610_output/backbone_filtered/backbone_long/RAPCID_backbone_rapcid_backbone_233_model_4.cif.gz	/scratch/a2149a01/RAPCID_2610_output/ligandmpnn_inputs/backbone_long/RAPCID_backbone_rapcid_backbone_233_model_4.pdb	A31 B28	A31:7.46A;B28:14.29A;
backbone_long	/scratch/a2149a01/RAPCID_2610_output/backbone_filtered/backbone_long/RAPCID_backbone_rapcid_backbone_233_model_7.cif.gz	/scratch/a2149a01/RAPCID_2610_output/ligandmpnn_inputs/backbone_long/RAPCID_backbone_rapcid_backbone_233_model_7.pdb	A31 B33	A31:7.46A;B33:21.04A;
backbone_long	/scratch/a2149a01/RAPCID_2610_output/backbone_filtered/backbone_long/RAPCID_backbone_rapcid_backbone_235_model_6.cif.gz	/scratch/a2149a01/RAPCID_2610_output/ligandmpnn_inputs/backbone_long/RAPCID_backbone_rapcid_backbone_235_model_6.pdb	B20 A20	B20:4.23A;A20:7.48A;
backbone_long	/scratch/a2149a01/RAPCID_2610_output/backbone_filtered/backbone_long/RAPCID_backbone_rapcid_backbone_235_model_7.cif.gz	/scratch/a2149a01/RAPCID_2610_output/ligandmpnn_inputs/backbone_long/RAPCID_backbone_rapcid_backbone_235_model_7.pdb	B17 A20	B17:3.77A;A20:7.48A;
backbone_long	/scratch/a2149a01/RAPCID_2610_output/backbone_filtered/backbone_long/RAPCID_backbone_rapcid_backbone_236_model_3.cif.gz	/scratch/a2149a01/RAPCID_2610_output/ligandmpnn_inputs/backbone_long/RAPCID_backbone_rapcid_backbone_236_model_3.pdb	A29 B7	A29:7.48A;B7:19.26A;
backbone_long	/scratch/a2149a01/RAPCID_2610_output/backbone_filtered/backbone_long/RAPCID_backbone_rapcid_backbone_237_model_0.cif.gz	/scratch/a2149a01/RAPCID_2610_output/ligandmpnn_inputs/backbone_long/RAPCID_backbone_rapcid_backbone_237_model_0.pdb	B4 A34	B4:27.58A;A34:6.41A;
backbone_long	/scratch/a2149a01/RAPCID_2610_output/backbone_filtered/backbone_long/RAPCID_backbone_rapcid_backbone_239_model_2.cif.gz	/scratch/a2149a01/RAPCID_2610_output/ligandmpnn_inputs/backbone_long/RAPCID_backbone_rapcid_backbone_239_model_2.pdb	B40 A22	B40:17.72A;A22:7.45A;
backbone_long	/scratch/a2149a01/RAPCID_2610_output/backbone_filtered/backbone_long/RAPCID_backbone_rapcid_backbone_23_model_1.cif.gz	/scratch/a2149a01/RAPCID_2610_output/ligandmpnn_inputs/backbone_long/RAPCID_backbone_rapcid_backbone_23_model_1.pdb	A26 B18	A26:7.42A;B18:6.62A;
backbone_long	/scratch/a2149a01/RAPCID_2610_output/backbone_filtered/backbone_long/RAPCID_backbone_rapcid_backbone_241_model_0.cif.gz	/scratch/a2149a01/RAPCID_2610_output/ligandmpnn_inputs/backbone_long/RAPCID_backbone_rapcid_backbone_241_model_0.pdb	A27 B19	A27:7.45A;B19:4.13A;
backbone_long	/scratch/a2149a01/RAPCID_2610_output/backbone_filtered/backbone_long/RAPCID_backbone_rapcid_backbone_241_model_5.cif.gz	/scratch/a2149a01/RAPCID_2610_output/ligandmpnn_inputs/backbone_long/RAPCID_backbone_rapcid_backbone_241_model_5.pdb	A27 B26	A27:7.45A;B26:13.72A;
backbone_long	/scratch/a2149a01/RAPCID_2610_output/backbone_filtered/backbone_long/RAPCID_backbone_rapcid_backbone_243_model_4.cif.gz	/scratch/a2149a01/RAPCID_2610_output/ligandmpnn_inputs/backbone_long/RAPCID_backbone_rapcid_backbone_243_model_4.pdb	A12 B3	A12:7.40A;B3:3.99A;
backbone_long	/scratch/a2149a01/RAPCID_2610_output/backbone_filtered/backbone_long/RAPCID_backbone_rapcid_backbone_244_model_7.cif.gz	/scratch/a2149a01/RAPCID_2610_output/ligandmpnn_inputs/backbone_long/RAPCID_backbone_rapcid_backbone_244_model_7.pdb	A18 B21	A18:7.43A;B21:2.66A;
backbone_long	/scratch/a2149a01/RAPCID_2610_output/backbone_filtered/backbone_long/RAPCID_backbone_rapcid_backbone_246_model_4.cif.gz	/scratch/a2149a01/RAPCID_2610_output/ligandmpnn_inputs/backbone_long/RAPCID_backbone_rapcid_backbone_246_model_4.pdb	B36 A16	B36:26.37A;A16:7.45A;
backbone_long	/scratch/a2149a01/RAPCID_2610_output/backbone_filtered/backbone_long/RAPCID_backbone_rapcid_backbone_246_model_6.cif.gz	/scratch/a2149a01/RAPCID_2610_output/ligandmpnn_inputs/backbone_long/RAPCID_backbone_rapcid_backbone_246_model_6.pdb	B20 A16	B20:4.17A;A16:7.45A;
backbone_long	/scratch/a2149a01/RAPCID_2610_output/backbone_filtered/backbone_long/RAPCID_backbone_rapcid_backbone_247_model_2.cif.gz	/scratch/a2149a01/RAPCID_2610_output/ligandmpnn_inputs/backbone_long/RAPCID_backbone_rapcid_backbone_247_model_2.pdb	B18 A22	B18:6.05A;A22:7.45A;
backbone_long	/scratch/a2149a01/RAPCID_2610_output/backbone_filtered/backbone_long/RAPCID_backbone_rapcid_backbone_247_model_7.cif.gz	/scratch/a2149a01/RAPCID_2610_output/ligandmpnn_inputs/backbone_long/RAPCID_backbone_rapcid_backbone_247_model_7.pdb	B23 A25	B23:7.98A;A25:3.15A;
backbone_long	/scratch/a2149a01/RAPCID_2610_output/backbone_filtered/backbone_long/RAPCID_backbone_rapcid_backbone_248_model_2.cif.gz	/scratch/a2149a01/RAPCID_2610_output/ligandmpnn_inputs/backbone_long/RAPCID_backbone_rapcid_backbone_248_model_2.pdb	B25 A16	B25:3.47A;A16:7.39A;
backbone_long	/scratch/a2149a01/RAPCID_2610_output/backbone_filtered/backbone_long/RAPCID_backbone_rapcid_backbone_248_model_4.cif.gz	/scratch/a2149a01/RAPCID_2610_output/ligandmpnn_inputs/backbone_long/RAPCID_backbone_rapcid_backbone_248_model_4.pdb	B56 A16	B56:34.47A;A16:7.39A;
backbone_long	/scratch/a2149a01/RAPCID_2610_output/backbone_filtered/backbone_long/RAPCID_backbone_rapcid_backbone_24_model_1.cif.gz	/scratch/a2149a01/RAPCID_2610_output/ligandmpnn_inputs/backbone_long/RAPCID_backbone_rapcid_backbone_24_model_1.pdb	A19 B19	A19:7.43A;B19:4.28A;
backbone_long	/scratch/a2149a01/RAPCID_2610_output/backbone_filtered/backbone_long/RAPCID_backbone_rapcid_backbone_25_model_4.cif.gz	/scratch/a2149a01/RAPCID_2610_output/ligandmpnn_inputs/backbone_long/RAPCID_backbone_rapcid_backbone_25_model_4.pdb	B26 A12	B26:20.56A;A12:7.41A;
backbone_long	/scratch/a2149a01/RAPCID_2610_output/backbone_filtered/backbone_long/RAPCID_backbone_rapcid_backbone_26_model_5.cif.gz	/scratch/a2149a01/RAPCID_2610_output/ligandmpnn_inputs/backbone_long/RAPCID_backbone_rapcid_backbone_26_model_5.pdb	B22 A20	B22:3.19A;A20:7.45A;
backbone_long	/scratch/a2149a01/RAPCID_2610_output/backbone_filtered/backbone_long/RAPCID_backbone_rapcid_backbone_27_model_4.cif.gz	/scratch/a2149a01/RAPCID_2610_output/ligandmpnn_inputs/backbone_long/RAPCID_backbone_rapcid_backbone_27_model_4.pdb	A25 B23	A25:7.39A;B23:2.36A;
backbone_long	/scratch/a2149a01/RAPCID_2610_output/backbone_filtered/backbone_long/RAPCID_backbone_rapcid_backbone_28_model_5.cif.gz	/scratch/a2149a01/RAPCID_2610_output/ligandmpnn_inputs/backbone_long/RAPCID_backbone_rapcid_backbone_28_model_5.pdb	A17 B15	A17:7.45A;B15:10.26A;
backbone_long	/scratch/a2149a01/RAPCID_2610_output/backbone_filtered/backbone_long/RAPCID_backbone_rapcid_backbone_28_model_6.cif.gz	/scratch/a2149a01/RAPCID_2610_output/ligandmpnn_inputs/backbone_long/RAPCID_backbone_rapcid_backbone_28_model_6.pdb	A17 B26	A17:7.45A;B26:4.12A;
backbone_long	/scratch/a2149a01/RAPCID_2610_output/backbone_filtered/backbone_long/RAPCID_backbone_rapcid_backbone_28_model_7.cif.gz	/scratch/a2149a01/RAPCID_2610_output/ligandmpnn_inputs/backbone_long/RAPCID_backbone_rapcid_backbone_28_model_7.pdb	A17 B36	A17:7.45A;B36:19.51A;
backbone_long	/scratch/a2149a01/RAPCID_2610_output/backbone_filtered/backbone_long/RAPCID_backbone_rapcid_backbone_29_model_1.cif.gz	/scratch/a2149a01/RAPCID_2610_output/ligandmpnn_inputs/backbone_long/RAPCID_backbone_rapcid_backbone_29_model_1.pdb	A22 B38	A22:7.46A;B38:22.57A;
backbone_long	/scratch/a2149a01/RAPCID_2610_output/backbone_filtered/backbone_long/RAPCID_backbone_rapcid_backbone_29_model_5.cif.gz	/scratch/a2149a01/RAPCID_2610_output/ligandmpnn_inputs/backbone_long/RAPCID_backbone_rapcid_backbone_29_model_5.pdb	A22 B7	A22:7.46A;B7:19.92A;
backbone_long	/scratch/a2149a01/RAPCID_2610_output/backbone_filtered/backbone_long/RAPCID_backbone_rapcid_backbone_2_model_1.cif.gz	/scratch/a2149a01/RAPCID_2610_output/ligandmpnn_inputs/backbone_long/RAPCID_backbone_rapcid_backbone_2_model_1.pdb	B18 A19	B18:3.97A;A19:4.48A;
backbone_long	/scratch/a2149a01/RAPCID_2610_output/backbone_filtered/backbone_long/RAPCID_backbone_rapcid_backbone_2_model_6.cif.gz	/scratch/a2149a01/RAPCID_2610_output/ligandmpnn_inputs/backbone_long/RAPCID_backbone_rapcid_backbone_2_model_6.pdb	B18 A11	B18:3.91A;A11:7.45A;
backbone_long	/scratch/a2149a01/RAPCID_2610_output/backbone_filtered/backbone_long/RAPCID_backbone_rapcid_backbone_2_model_7.cif.gz	/scratch/a2149a01/RAPCID_2610_output/ligandmpnn_inputs/backbone_long/RAPCID_backbone_rapcid_backbone_2_model_7.pdb	B18 A11	B18:4.03A;A11:7.45A;
backbone_long	/scratch/a2149a01/RAPCID_2610_output/backbone_filtered/backbone_long/RAPCID_backbone_rapcid_backbone_31_model_7.cif.gz	/scratch/a2149a01/RAPCID_2610_output/ligandmpnn_inputs/backbone_long/RAPCID_backbone_rapcid_backbone_31_model_7.pdb	B17 A13	B17:2.12A;A13:5.05A;
backbone_long	/scratch/a2149a01/RAPCID_2610_output/backbone_filtered/backbone_long/RAPCID_backbone_rapcid_backbone_33_model_1.cif.gz	/scratch/a2149a01/RAPCID_2610_output/ligandmpnn_inputs/backbone_long/RAPCID_backbone_rapcid_backbone_33_model_1.pdb	B13 A19	B13:4.76A;A19:7.46A;
backbone_long	/scratch/a2149a01/RAPCID_2610_output/backbone_filtered/backbone_long/RAPCID_backbone_rapcid_backbone_33_model_5.cif.gz	/scratch/a2149a01/RAPCID_2610_output/ligandmpnn_inputs/backbone_long/RAPCID_backbone_rapcid_backbone_33_model_5.pdb	B37 A19	B37:18.85A;A19:7.46A;
backbone_long	/scratch/a2149a01/RAPCID_2610_output/backbone_filtered/backbone_long/RAPCID_backbone_rapcid_backbone_34_model_2.cif.gz	/scratch/a2149a01/RAPCID_2610_output/ligandmpnn_inputs/backbone_long/RAPCID_backbone_rapcid_backbone_34_model_2.pdb	A32 B25	A32:4.02A;B25:3.74A;
backbone_long	/scratch/a2149a01/RAPCID_2610_output/backbone_filtered/backbone_long/RAPCID_backbone_rapcid_backbone_34_model_6.cif.gz	/scratch/a2149a01/RAPCID_2610_output/ligandmpnn_inputs/backbone_long/RAPCID_backbone_rapcid_backbone_34_model_6.pdb	A29 B36	A29:7.45A;B36:4.20A;
backbone_long	/scratch/a2149a01/RAPCID_2610_output/backbone_filtered/backbone_long/RAPCID_backbone_rapcid_backbone_35_model_5.cif.gz	/scratch/a2149a01/RAPCID_2610_output/ligandmpnn_inputs/backbone_long/RAPCID_backbone_rapcid_backbone_35_model_5.pdb	A17 B32	A17:7.40A;B32:8.97A;
backbone_long	/scratch/a2149a01/RAPCID_2610_output/backbone_filtered/backbone_long/RAPCID_backbone_rapcid_backbone_36_model_0.cif.gz	/scratch/a2149a01/RAPCID_2610_output/ligandmpnn_inputs/backbone_long/RAPCID_backbone_rapcid_backbone_36_model_0.pdb	B24 A16	B24:4.50A;A16:7.45A;
backbone_long	/scratch/a2149a01/RAPCID_2610_output/backbone_filtered/backbone_long/RAPCID_backbone_rapcid_backbone_36_model_1.cif.gz	/scratch/a2149a01/RAPCID_2610_output/ligandmpnn_inputs/backbone_long/RAPCID_backbone_rapcid_backbone_36_model_1.pdb	B40 A16	B40:13.00A;A16:7.45A;
backbone_long	/scratch/a2149a01/RAPCID_2610_output/backbone_filtered/backbone_long/RAPCID_backbone_rapcid_backbone_36_model_3.cif.gz	/scratch/a2149a01/RAPCID_2610_output/ligandmpnn_inputs/backbone_long/RAPCID_backbone_rapcid_backbone_36_model_3.pdb	B23 A16	B23:4.21A;A16:7.45A;
backbone_long	/scratch/a2149a01/RAPCID_2610_output/backbone_filtered/backbone_long/RAPCID_backbone_rapcid_backbone_37_model_3.cif.gz	/scratch/a2149a01/RAPCID_2610_output/ligandmpnn_inputs/backbone_long/RAPCID_backbone_rapcid_backbone_37_model_3.pdb	B27 A15	B27:4.12A;A15:3.56A;
backbone_long	/scratch/a2149a01/RAPCID_2610_output/backbone_filtered/backbone_long/RAPCID_backbone_rapcid_backbone_37_model_6.cif.gz	/scratch/a2149a01/RAPCID_2610_output/ligandmpnn_inputs/backbone_long/RAPCID_backbone_rapcid_backbone_37_model_6.pdb	B19 A14	B19:12.81A;A14:7.45A;
backbone_long	/scratch/a2149a01/RAPCID_2610_output/backbone_filtered/backbone_long/RAPCID_backbone_rapcid_backbone_38_model_4.cif.gz	/scratch/a2149a01/RAPCID_2610_output/ligandmpnn_inputs/backbone_long/RAPCID_backbone_rapcid_backbone_38_model_4.pdb	A21 B22	A21:7.48A;B22:2.26A;
backbone_long	/scratch/a2149a01/RAPCID_2610_output/backbone_filtered/backbone_long/RAPCID_backbone_rapcid_backbone_3_model_3.cif.gz	/scratch/a2149a01/RAPCID_2610_output/ligandmpnn_inputs/backbone_long/RAPCID_backbone_rapcid_backbone_3_model_3.pdb	A28 B41	A28:7.37A;B41:22.58A;
backbone_long	/scratch/a2149a01/RAPCID_2610_output/backbone_filtered/backbone_long/RAPCID_backbone_rapcid_backbone_3_model_4.cif.gz	/scratch/a2149a01/RAPCID_2610_output/ligandmpnn_inputs/backbone_long/RAPCID_backbone_rapcid_backbone_3_model_4.pdb	A28 B37	A28:7.37A;B37:15.55A;
backbone_long	/scratch/a2149a01/RAPCID_2610_output/backbone_filtered/backbone_long/RAPCID_backbone_rapcid_backbone_40_model_1.cif.gz	/scratch/a2149a01/RAPCID_2610_output/ligandmpnn_inputs/backbone_long/RAPCID_backbone_rapcid_backbone_40_model_1.pdb	A35 B49	A35:2.96A;B49:32.17A;
backbone_long	/scratch/a2149a01/RAPCID_2610_output/backbone_filtered/backbone_long/RAPCID_backbone_rapcid_backbone_40_model_3.cif.gz	/scratch/a2149a01/RAPCID_2610_output/ligandmpnn_inputs/backbone_long/RAPCID_backbone_rapcid_backbone_40_model_3.pdb	A33 B51	A33:4.49A;B51:32.81A;
backbone_long	/scratch/a2149a01/RAPCID_2610_output/backbone_filtered/backbone_long/RAPCID_backbone_rapcid_backbone_40_model_4.cif.gz	/scratch/a2149a01/RAPCID_2610_output/ligandmpnn_inputs/backbone_long/RAPCID_backbone_rapcid_backbone_40_model_4.pdb	A30 B27	A30:7.47A;B27:4.13A;
backbone_long	/scratch/a2149a01/RAPCID_2610_output/backbone_filtered/backbone_long/RAPCID_backbone_rapcid_backbone_42_model_2.cif.gz	/scratch/a2149a01/RAPCID_2610_output/ligandmpnn_inputs/backbone_long/RAPCID_backbone_rapcid_backbone_42_model_2.pdb	B19 A26	B19:7.87A;A26:7.46A;
backbone_long	/scratch/a2149a01/RAPCID_2610_output/backbone_filtered/backbone_long/RAPCID_backbone_rapcid_backbone_42_model_4.cif.gz	/scratch/a2149a01/RAPCID_2610_output/ligandmpnn_inputs/backbone_long/RAPCID_backbone_rapcid_backbone_42_model_4.pdb	B6 A29	B6:22.87A;A29:4.21A;
backbone_long	/scratch/a2149a01/RAPCID_2610_output/backbone_filtered/backbone_long/RAPCID_backbone_rapcid_backbone_43_model_3.cif.gz	/scratch/a2149a01/RAPCID_2610_output/ligandmpnn_inputs/backbone_long/RAPCID_backbone_rapcid_backbone_43_model_3.pdb	A28 B12	A28:7.43A;B12:5.24A;
backbone_long	/scratch/a2149a01/RAPCID_2610_output/backbone_filtered/backbone_long/RAPCID_backbone_rapcid_backbone_43_model_7.cif.gz	/scratch/a2149a01/RAPCID_2610_output/ligandmpnn_inputs/backbone_long/RAPCID_backbone_rapcid_backbone_43_model_7.pdb	A28 B6	A28:7.43A;B6:11.95A;
backbone_long	/scratch/a2149a01/RAPCID_2610_output/backbone_filtered/backbone_long/RAPCID_backbone_rapcid_backbone_44_model_1.cif.gz	/scratch/a2149a01/RAPCID_2610_output/ligandmpnn_inputs/backbone_long/RAPCID_backbone_rapcid_backbone_44_model_1.pdb	B28 A22	B28:3.44A;A22:7.40A;
backbone_long	/scratch/a2149a01/RAPCID_2610_output/backbone_filtered/backbone_long/RAPCID_backbone_rapcid_backbone_44_model_5.cif.gz	/scratch/a2149a01/RAPCID_2610_output/ligandmpnn_inputs/backbone_long/RAPCID_backbone_rapcid_backbone_44_model_5.pdb	B39 A22	B39:31.29A;A22:7.40A;
backbone_long	/scratch/a2149a01/RAPCID_2610_output/backbone_filtered/backbone_long/RAPCID_backbone_rapcid_backbone_45_model_3.cif.gz	/scratch/a2149a01/RAPCID_2610_output/ligandmpnn_inputs/backbone_long/RAPCID_backbone_rapcid_backbone_45_model_3.pdb	B18 A12	B18:4.27A;A12:3.26A;
backbone_long	/scratch/a2149a01/RAPCID_2610_output/backbone_filtered/backbone_long/RAPCID_backbone_rapcid_backbone_45_model_6.cif.gz	/scratch/a2149a01/RAPCID_2610_output/ligandmpnn_inputs/backbone_long/RAPCID_backbone_rapcid_backbone_45_model_6.pdb	B42 A11	B42:35.69A;A11:7.46A;
backbone_long	/scratch/a2149a01/RAPCID_2610_output/backbone_filtered/backbone_long/RAPCID_backbone_rapcid_backbone_46_model_0.cif.gz	/scratch/a2149a01/RAPCID_2610_output/ligandmpnn_inputs/backbone_long/RAPCID_backbone_rapcid_backbone_46_model_0.pdb	A17 B10	A17:7.45A;B10:3.40A;
backbone_long	/scratch/a2149a01/RAPCID_2610_output/backbone_filtered/backbone_long/RAPCID_backbone_rapcid_backbone_46_model_4.cif.gz	/scratch/a2149a01/RAPCID_2610_output/ligandmpnn_inputs/backbone_long/RAPCID_backbone_rapcid_backbone_46_model_4.pdb	A17 B20	A17:7.45A;B20:3.50A;
backbone_long	/scratch/a2149a01/RAPCID_2610_output/backbone_filtered/backbone_long/RAPCID_backbone_rapcid_backbone_47_model_4.cif.gz	/scratch/a2149a01/RAPCID_2610_output/ligandmpnn_inputs/backbone_long/RAPCID_backbone_rapcid_backbone_47_model_4.pdb	A17 B34	A17:7.47A;B34:26.75A;
backbone_long	/scratch/a2149a01/RAPCID_2610_output/backbone_filtered/backbone_long/RAPCID_backbone_rapcid_backbone_50_model_2.cif.gz	/scratch/a2149a01/RAPCID_2610_output/ligandmpnn_inputs/backbone_long/RAPCID_backbone_rapcid_backbone_50_model_2.pdb	A30 B3	A30:7.46A;B3:6.10A;
backbone_long	/scratch/a2149a01/RAPCID_2610_output/backbone_filtered/backbone_long/RAPCID_backbone_rapcid_backbone_50_model_6.cif.gz	/scratch/a2149a01/RAPCID_2610_output/ligandmpnn_inputs/backbone_long/RAPCID_backbone_rapcid_backbone_50_model_6.pdb	A30 B11	A30:7.46A;B11:3.48A;
backbone_long	/scratch/a2149a01/RAPCID_2610_output/backbone_filtered/backbone_long/RAPCID_backbone_rapcid_backbone_51_model_2.cif.gz	/scratch/a2149a01/RAPCID_2610_output/ligandmpnn_inputs/backbone_long/RAPCID_backbone_rapcid_backbone_51_model_2.pdb	A23 B29	A23:7.46A;B29:15.15A;
backbone_long	/scratch/a2149a01/RAPCID_2610_output/backbone_filtered/backbone_long/RAPCID_backbone_rapcid_backbone_52_model_3.cif.gz	/scratch/a2149a01/RAPCID_2610_output/ligandmpnn_inputs/backbone_long/RAPCID_backbone_rapcid_backbone_52_model_3.pdb	A32 B30	A32:6.20A;B30:7.77A;
backbone_long	/scratch/a2149a01/RAPCID_2610_output/backbone_filtered/backbone_long/RAPCID_backbone_rapcid_backbone_53_model_0.cif.gz	/scratch/a2149a01/RAPCID_2610_output/ligandmpnn_inputs/backbone_long/RAPCID_backbone_rapcid_backbone_53_model_0.pdb	B37 A29	B37:3.39A;A29:7.47A;
backbone_long	/scratch/a2149a01/RAPCID_2610_output/backbone_filtered/backbone_long/RAPCID_backbone_rapcid_backbone_53_model_1.cif.gz	/scratch/a2149a01/RAPCID_2610_output/ligandmpnn_inputs/backbone_long/RAPCID_backbone_rapcid_backbone_53_model_1.pdb	B4 A29	B4:26.06A;A29:7.47A;
backbone_long	/scratch/a2149a01/RAPCID_2610_output/backbone_filtered/backbone_long/RAPCID_backbone_rapcid_backbone_53_model_5.cif.gz	/scratch/a2149a01/RAPCID_2610_output/ligandmpnn_inputs/backbone_long/RAPCID_backbone_rapcid_backbone_53_model_5.pdb	B33 A24	B33:4.19A;A24:5.12A;
backbone_long	/scratch/a2149a01/RAPCID_2610_output/backbone_filtered/backbone_long/RAPCID_backbone_rapcid_backbone_54_model_0.cif.gz	/scratch/a2149a01/RAPCID_2610_output/ligandmpnn_inputs/backbone_long/RAPCID_backbone_rapcid_backbone_54_model_0.pdb	A17 B18	A17:7.43A;B18:4.17A;
backbone_long	/scratch/a2149a01/RAPCID_2610_output/backbone_filtered/backbone_long/RAPCID_backbone_rapcid_backbone_54_model_5.cif.gz	/scratch/a2149a01/RAPCID_2610_output/ligandmpnn_inputs/backbone_long/RAPCID_backbone_rapcid_backbone_54_model_5.pdb	A17 B18	A17:7.43A;B18:4.32A;
backbone_long	/scratch/a2149a01/RAPCID_2610_output/backbone_filtered/backbone_long/RAPCID_backbone_rapcid_backbone_55_model_3.cif.gz	/scratch/a2149a01/RAPCID_2610_output/ligandmpnn_inputs/backbone_long/RAPCID_backbone_rapcid_backbone_55_model_3.pdb	A23 B16	A23:7.39A;B16:8.35A;
backbone_long	/scratch/a2149a01/RAPCID_2610_output/backbone_filtered/backbone_long/RAPCID_backbone_rapcid_backbone_55_model_6.cif.gz	/scratch/a2149a01/RAPCID_2610_output/ligandmpnn_inputs/backbone_long/RAPCID_backbone_rapcid_backbone_55_model_6.pdb	A23 B38	A23:7.39A;B38:23.54A;
backbone_long	/scratch/a2149a01/RAPCID_2610_output/backbone_filtered/backbone_long/RAPCID_backbone_rapcid_backbone_57_model_4.cif.gz	/scratch/a2149a01/RAPCID_2610_output/ligandmpnn_inputs/backbone_long/RAPCID_backbone_rapcid_backbone_57_model_4.pdb	A11 B7	A11:7.43A;B7:6.34A;
backbone_long	/scratch/a2149a01/RAPCID_2610_output/backbone_filtered/backbone_long/RAPCID_backbone_rapcid_backbone_57_model_5.cif.gz	/scratch/a2149a01/RAPCID_2610_output/ligandmpnn_inputs/backbone_long/RAPCID_backbone_rapcid_backbone_57_model_5.pdb	A11 B15	A11:7.43A;B15:3.99A;
backbone_long	/scratch/a2149a01/RAPCID_2610_output/backbone_filtered/backbone_long/RAPCID_backbone_rapcid_backbone_58_model_2.cif.gz	/scratch/a2149a01/RAPCID_2610_output/ligandmpnn_inputs/backbone_long/RAPCID_backbone_rapcid_backbone_58_model_2.pdb	A17 B21	A17:7.40A;B21:3.79A;
backbone_long	/scratch/a2149a01/RAPCID_2610_output/backbone_filtered/backbone_long/RAPCID_backbone_rapcid_backbone_58_model_4.cif.gz	/scratch/a2149a01/RAPCID_2610_output/ligandmpnn_inputs/backbone_long/RAPCID_backbone_rapcid_backbone_58_model_4.pdb	A17 B12	A17:7.40A;B12:3.53A;
backbone_long	/scratch/a2149a01/RAPCID_2610_output/backbone_filtered/backbone_long/RAPCID_backbone_rapcid_backbone_58_model_5.cif.gz	/scratch/a2149a01/RAPCID_2610_output/ligandmpnn_inputs/backbone_long/RAPCID_backbone_rapcid_backbone_58_model_5.pdb	A24 B12	A24:5.31A;B12:3.02A;
backbone_long	/scratch/a2149a01/RAPCID_2610_output/backbone_filtered/backbone_long/RAPCID_backbone_rapcid_backbone_60_model_3.cif.gz	/scratch/a2149a01/RAPCID_2610_output/ligandmpnn_inputs/backbone_long/RAPCID_backbone_rapcid_backbone_60_model_3.pdb	B15 A16	B15:4.01A;A16:7.45A;
backbone_long	/scratch/a2149a01/RAPCID_2610_output/backbone_filtered/backbone_long/RAPCID_backbone_rapcid_backbone_61_model_1.cif.gz	/scratch/a2149a01/RAPCID_2610_output/ligandmpnn_inputs/backbone_long/RAPCID_backbone_rapcid_backbone_61_model_1.pdb	A22 B16	A22:7.48A;B16:4.00A;
backbone_long	/scratch/a2149a01/RAPCID_2610_output/backbone_filtered/backbone_long/RAPCID_backbone_rapcid_backbone_61_model_7.cif.gz	/scratch/a2149a01/RAPCID_2610_output/ligandmpnn_inputs/backbone_long/RAPCID_backbone_rapcid_backbone_61_model_7.pdb	A22 B24	A22:7.48A;B24:10.39A;
backbone_long	/scratch/a2149a01/RAPCID_2610_output/backbone_filtered/backbone_long/RAPCID_backbone_rapcid_backbone_63_model_0.cif.gz	/scratch/a2149a01/RAPCID_2610_output/ligandmpnn_inputs/backbone_long/RAPCID_backbone_rapcid_backbone_63_model_0.pdb	A26 B16	A26:7.45A;B16:3.90A;
backbone_long	/scratch/a2149a01/RAPCID_2610_output/backbone_filtered/backbone_long/RAPCID_backbone_rapcid_backbone_64_model_2.cif.gz	/scratch/a2149a01/RAPCID_2610_output/ligandmpnn_inputs/backbone_long/RAPCID_backbone_rapcid_backbone_64_model_2.pdb	A14 B14	A14:7.43A;B14:3.85A;
backbone_long	/scratch/a2149a01/RAPCID_2610_output/backbone_filtered/backbone_long/RAPCID_backbone_rapcid_backbone_64_model_6.cif.gz	/scratch/a2149a01/RAPCID_2610_output/ligandmpnn_inputs/backbone_long/RAPCID_backbone_rapcid_backbone_64_model_6.pdb	A14 B29	A14:7.43A;B29:24.35A;
backbone_long	/scratch/a2149a01/RAPCID_2610_output/backbone_filtered/backbone_long/RAPCID_backbone_rapcid_backbone_64_model_7.cif.gz	/scratch/a2149a01/RAPCID_2610_output/ligandmpnn_inputs/backbone_long/RAPCID_backbone_rapcid_backbone_64_model_7.pdb	A14 B24	A14:7.43A;B24:18.32A;
backbone_long	/scratch/a2149a01/RAPCID_2610_output/backbone_filtered/backbone_long/RAPCID_backbone_rapcid_backbone_65_model_1.cif.gz	/scratch/a2149a01/RAPCID_2610_output/ligandmpnn_inputs/backbone_long/RAPCID_backbone_rapcid_backbone_65_model_1.pdb	B11 A19	B11:19.27A;A19:7.45A;
backbone_long	/scratch/a2149a01/RAPCID_2610_output/backbone_filtered/backbone_long/RAPCID_backbone_rapcid_backbone_66_model_0.cif.gz	/scratch/a2149a01/RAPCID_2610_output/ligandmpnn_inputs/backbone_long/RAPCID_backbone_rapcid_backbone_66_model_0.pdb	B19 A19	B19:3.75A;A19:7.44A;
backbone_long	/scratch/a2149a01/RAPCID_2610_output/backbone_filtered/backbone_long/RAPCID_backbone_rapcid_backbone_66_model_3.cif.gz	/scratch/a2149a01/RAPCID_2610_output/ligandmpnn_inputs/backbone_long/RAPCID_backbone_rapcid_backbone_66_model_3.pdb	B3 A23	B3:3.99A;A23:3.25A;
backbone_long	/scratch/a2149a01/RAPCID_2610_output/backbone_filtered/backbone_long/RAPCID_backbone_rapcid_backbone_67_model_1.cif.gz	/scratch/a2149a01/RAPCID_2610_output/ligandmpnn_inputs/backbone_long/RAPCID_backbone_rapcid_backbone_67_model_1.pdb	B30 A22	B30:3.87A;A22:7.43A;
backbone_long	/scratch/a2149a01/RAPCID_2610_output/backbone_filtered/backbone_long/RAPCID_backbone_rapcid_backbone_67_model_4.cif.gz	/scratch/a2149a01/RAPCID_2610_output/ligandmpnn_inputs/backbone_long/RAPCID_backbone_rapcid_backbone_67_model_4.pdb	B2 A22	B2:32.53A;A22:7.43A;
backbone_long	/scratch/a2149a01/RAPCID_2610_output/backbone_filtered/backbone_long/RAPCID_backbone_rapcid_backbone_68_model_1.cif.gz	/scratch/a2149a01/RAPCID_2610_output/ligandmpnn_inputs/backbone_long/RAPCID_backbone_rapcid_backbone_68_model_1.pdb	A16 B40	A16:7.47A;B40:5.74A;
backbone_long	/scratch/a2149a01/RAPCID_2610_output/backbone_filtered/backbone_long/RAPCID_backbone_rapcid_backbone_68_model_5.cif.gz	/scratch/a2149a01/RAPCID_2610_output/ligandmpnn_inputs/backbone_long/RAPCID_backbone_rapcid_backbone_68_model_5.pdb	A21 B43	A21:2.84A;B43:17.06A;
backbone_long	/scratch/a2149a01/RAPCID_2610_output/backbone_filtered/backbone_long/RAPCID_backbone_rapcid_backbone_69_model_3.cif.gz	/scratch/a2149a01/RAPCID_2610_output/ligandmpnn_inputs/backbone_long/RAPCID_backbone_rapcid_backbone_69_model_3.pdb	A14 B21	A14:7.41A;B21:14.04A;
backbone_long	/scratch/a2149a01/RAPCID_2610_output/backbone_filtered/backbone_long/RAPCID_backbone_rapcid_backbone_70_model_4.cif.gz	/scratch/a2149a01/RAPCID_2610_output/ligandmpnn_inputs/backbone_long/RAPCID_backbone_rapcid_backbone_70_model_4.pdb	A16 B18	A16:7.41A;B18:4.37A;
backbone_long	/scratch/a2149a01/RAPCID_2610_output/backbone_filtered/backbone_long/RAPCID_backbone_rapcid_backbone_71_model_3.cif.gz	/scratch/a2149a01/RAPCID_2610_output/ligandmpnn_inputs/backbone_long/RAPCID_backbone_rapcid_backbone_71_model_3.pdb	B3 A27	B3:3.29A;A27:6.28A;
backbone_long	/scratch/a2149a01/RAPCID_2610_output/backbone_filtered/backbone_long/RAPCID_backbone_rapcid_backbone_71_model_5.cif.gz	/scratch/a2149a01/RAPCID_2610_output/ligandmpnn_inputs/backbone_long/RAPCID_backbone_rapcid_backbone_71_model_5.pdb	B35 A20	B35:18.19A;A20:7.48A;
backbone_long	/scratch/a2149a01/RAPCID_2610_output/backbone_filtered/backbone_long/RAPCID_backbone_rapcid_backbone_72_model_0.cif.gz	/scratch/a2149a01/RAPCID_2610_output/ligandmpnn_inputs/backbone_long/RAPCID_backbone_rapcid_backbone_72_model_0.pdb	A30 B19	A30:2.90A;B19:3.70A;
backbone_long	/scratch/a2149a01/RAPCID_2610_output/backbone_filtered/backbone_long/RAPCID_backbone_rapcid_backbone_73_model_1.cif.gz	/scratch/a2149a01/RAPCID_2610_output/ligandmpnn_inputs/backbone_long/RAPCID_backbone_rapcid_backbone_73_model_1.pdb	A25 B23	A25:7.46A;B23:4.13A;
backbone_long	/scratch/a2149a01/RAPCID_2610_output/backbone_filtered/backbone_long/RAPCID_backbone_rapcid_backbone_73_model_7.cif.gz	/scratch/a2149a01/RAPCID_2610_output/ligandmpnn_inputs/backbone_long/RAPCID_backbone_rapcid_backbone_73_model_7.pdb	A25 B12	A25:7.46A;B12:6.40A;
backbone_long	/scratch/a2149a01/RAPCID_2610_output/backbone_filtered/backbone_long/RAPCID_backbone_rapcid_backbone_75_model_0.cif.gz	/scratch/a2149a01/RAPCID_2610_output/ligandmpnn_inputs/backbone_long/RAPCID_backbone_rapcid_backbone_75_model_0.pdb	A31 B15	A31:7.45A;B15:3.46A;
backbone_long	/scratch/a2149a01/RAPCID_2610_output/backbone_filtered/backbone_long/RAPCID_backbone_rapcid_backbone_75_model_7.cif.gz	/scratch/a2149a01/RAPCID_2610_output/ligandmpnn_inputs/backbone_long/RAPCID_backbone_rapcid_backbone_75_model_7.pdb	A35 B15	A35:2.70A;B15:3.41A;
backbone_long	/scratch/a2149a01/RAPCID_2610_output/backbone_filtered/backbone_long/RAPCID_backbone_rapcid_backbone_76_model_0.cif.gz	/scratch/a2149a01/RAPCID_2610_output/ligandmpnn_inputs/backbone_long/RAPCID_backbone_rapcid_backbone_76_model_0.pdb	B37 A11	B37:3.45A;A11:7.48A;
backbone_long	/scratch/a2149a01/RAPCID_2610_output/backbone_filtered/backbone_long/RAPCID_backbone_rapcid_backbone_76_model_5.cif.gz	/scratch/a2149a01/RAPCID_2610_output/ligandmpnn_inputs/backbone_long/RAPCID_backbone_rapcid_backbone_76_model_5.pdb	B60 A11	B60:36.90A;A11:7.48A;
backbone_long	/scratch/a2149a01/RAPCID_2610_output/backbone_filtered/backbone_long/RAPCID_backbone_rapcid_backbone_77_model_5.cif.gz	/scratch/a2149a01/RAPCID_2610_output/ligandmpnn_inputs/backbone_long/RAPCID_backbone_rapcid_backbone_77_model_5.pdb	B53 A17	B53:30.95A;A17:7.45A;
backbone_long	/scratch/a2149a01/RAPCID_2610_output/backbone_filtered/backbone_long/RAPCID_backbone_rapcid_backbone_79_model_0.cif.gz	/scratch/a2149a01/RAPCID_2610_output/ligandmpnn_inputs/backbone_long/RAPCID_backbone_rapcid_backbone_79_model_0.pdb	A22 B22	A22:7.46A;B22:3.93A;
backbone_long	/scratch/a2149a01/RAPCID_2610_output/backbone_filtered/backbone_long/RAPCID_backbone_rapcid_backbone_79_model_7.cif.gz	/scratch/a2149a01/RAPCID_2610_output/ligandmpnn_inputs/backbone_long/RAPCID_backbone_rapcid_backbone_79_model_7.pdb	A22 B22	A22:7.46A;B22:3.57A;
backbone_long	/scratch/a2149a01/RAPCID_2610_output/backbone_filtered/backbone_long/RAPCID_backbone_rapcid_backbone_7_model_3.cif.gz	/scratch/a2149a01/RAPCID_2610_output/ligandmpnn_inputs/backbone_long/RAPCID_backbone_rapcid_backbone_7_model_3.pdb	B16 A24	B16:4.45A;A24:7.45A;
backbone_long	/scratch/a2149a01/RAPCID_2610_output/backbone_filtered/backbone_long/RAPCID_backbone_rapcid_backbone_80_model_2.cif.gz	/scratch/a2149a01/RAPCID_2610_output/ligandmpnn_inputs/backbone_long/RAPCID_backbone_rapcid_backbone_80_model_2.pdb	A26 B23	A26:7.45A;B23:4.19A;
backbone_long	/scratch/a2149a01/RAPCID_2610_output/backbone_filtered/backbone_long/RAPCID_backbone_rapcid_backbone_80_model_5.cif.gz	/scratch/a2149a01/RAPCID_2610_output/ligandmpnn_inputs/backbone_long/RAPCID_backbone_rapcid_backbone_80_model_5.pdb	A26 B23	A26:7.45A;B23:4.09A;
backbone_long	/scratch/a2149a01/RAPCID_2610_output/backbone_filtered/backbone_long/RAPCID_backbone_rapcid_backbone_82_model_4.cif.gz	/scratch/a2149a01/RAPCID_2610_output/ligandmpnn_inputs/backbone_long/RAPCID_backbone_rapcid_backbone_82_model_4.pdb	A21 B19	A21:7.45A;B19:4.33A;
backbone_long	/scratch/a2149a01/RAPCID_2610_output/backbone_filtered/backbone_long/RAPCID_backbone_rapcid_backbone_83_model_1.cif.gz	/scratch/a2149a01/RAPCID_2610_output/ligandmpnn_inputs/backbone_long/RAPCID_backbone_rapcid_backbone_83_model_1.pdb	B54 A13	B54:32.29A;A13:5.38A;
backbone_long	/scratch/a2149a01/RAPCID_2610_output/backbone_filtered/backbone_long/RAPCID_backbone_rapcid_backbone_83_model_4.cif.gz	/scratch/a2149a01/RAPCID_2610_output/ligandmpnn_inputs/backbone_long/RAPCID_backbone_rapcid_backbone_83_model_4.pdb	B26 A18	B26:2.34A;A18:7.46A;
backbone_long	/scratch/a2149a01/RAPCID_2610_output/backbone_filtered/backbone_long/RAPCID_backbone_rapcid_backbone_83_model_5.cif.gz	/scratch/a2149a01/RAPCID_2610_output/ligandmpnn_inputs/backbone_long/RAPCID_backbone_rapcid_backbone_83_model_5.pdb	B51 A27	B51:26.27A;A27:6.38A;
backbone_long	/scratch/a2149a01/RAPCID_2610_output/backbone_filtered/backbone_long/RAPCID_backbone_rapcid_backbone_84_model_7.cif.gz	/scratch/a2149a01/RAPCID_2610_output/ligandmpnn_inputs/backbone_long/RAPCID_backbone_rapcid_backbone_84_model_7.pdb	A28 B3	A28:7.44A;B3:3.49A;
backbone_long	/scratch/a2149a01/RAPCID_2610_output/backbone_filtered/backbone_long/RAPCID_backbone_rapcid_backbone_86_model_4.cif.gz	/scratch/a2149a01/RAPCID_2610_output/ligandmpnn_inputs/backbone_long/RAPCID_backbone_rapcid_backbone_86_model_4.pdb	A15 B11	A15:7.37A;B11:3.57A;
backbone_long	/scratch/a2149a01/RAPCID_2610_output/backbone_filtered/backbone_long/RAPCID_backbone_rapcid_backbone_87_model_0.cif.gz	/scratch/a2149a01/RAPCID_2610_output/ligandmpnn_inputs/backbone_long/RAPCID_backbone_rapcid_backbone_87_model_0.pdb	B18 A25	B18:9.05A;A25:7.45A;
backbone_long	/scratch/a2149a01/RAPCID_2610_output/backbone_filtered/backbone_long/RAPCID_backbone_rapcid_backbone_87_model_5.cif.gz	/scratch/a2149a01/RAPCID_2610_output/ligandmpnn_inputs/backbone_long/RAPCID_backbone_rapcid_backbone_87_model_5.pdb	B2 A31	B2:29.45A;A31:2.50A;
backbone_long	/scratch/a2149a01/RAPCID_2610_output/backbone_filtered/backbone_long/RAPCID_backbone_rapcid_backbone_87_model_6.cif.gz	/scratch/a2149a01/RAPCID_2610_output/ligandmpnn_inputs/backbone_long/RAPCID_backbone_rapcid_backbone_87_model_6.pdb	B24 A25	B24:2.79A;A25:7.45A;
backbone_long	/scratch/a2149a01/RAPCID_2610_output/backbone_filtered/backbone_long/RAPCID_backbone_rapcid_backbone_88_model_2.cif.gz	/scratch/a2149a01/RAPCID_2610_output/ligandmpnn_inputs/backbone_long/RAPCID_backbone_rapcid_backbone_88_model_2.pdb	A22 B21	A22:7.43A;B21:4.02A;
backbone_long	/scratch/a2149a01/RAPCID_2610_output/backbone_filtered/backbone_long/RAPCID_backbone_rapcid_backbone_91_model_0.cif.gz	/scratch/a2149a01/RAPCID_2610_output/ligandmpnn_inputs/backbone_long/RAPCID_backbone_rapcid_backbone_91_model_0.pdb	B43 A19	B43:23.10A;A19:7.45A;
backbone_long	/scratch/a2149a01/RAPCID_2610_output/backbone_filtered/backbone_long/RAPCID_backbone_rapcid_backbone_92_model_1.cif.gz	/scratch/a2149a01/RAPCID_2610_output/ligandmpnn_inputs/backbone_long/RAPCID_backbone_rapcid_backbone_92_model_1.pdb	B21 A11	B21:7.64A;A11:7.44A;
backbone_long	/scratch/a2149a01/RAPCID_2610_output/backbone_filtered/backbone_long/RAPCID_backbone_rapcid_backbone_92_model_6.cif.gz	/scratch/a2149a01/RAPCID_2610_output/ligandmpnn_inputs/backbone_long/RAPCID_backbone_rapcid_backbone_92_model_6.pdb	B37 A11	B37:22.06A;A11:7.44A;
backbone_long	/scratch/a2149a01/RAPCID_2610_output/backbone_filtered/backbone_long/RAPCID_backbone_rapcid_backbone_94_model_2.cif.gz	/scratch/a2149a01/RAPCID_2610_output/ligandmpnn_inputs/backbone_long/RAPCID_backbone_rapcid_backbone_94_model_2.pdb	A26 B19	A26:7.45A;B19:4.31A;
backbone_long	/scratch/a2149a01/RAPCID_2610_output/backbone_filtered/backbone_long/RAPCID_backbone_rapcid_backbone_94_model_6.cif.gz	/scratch/a2149a01/RAPCID_2610_output/ligandmpnn_inputs/backbone_long/RAPCID_backbone_rapcid_backbone_94_model_6.pdb	A26 B27	A26:7.45A;B27:3.37A;
backbone_long	/scratch/a2149a01/RAPCID_2610_output/backbone_filtered/backbone_long/RAPCID_backbone_rapcid_backbone_96_model_7.cif.gz	/scratch/a2149a01/RAPCID_2610_output/ligandmpnn_inputs/backbone_long/RAPCID_backbone_rapcid_backbone_96_model_7.pdb	B19 A11	B19:3.98A;A11:7.45A;
backbone_long	/scratch/a2149a01/RAPCID_2610_output/backbone_filtered/backbone_long/RAPCID_backbone_rapcid_backbone_97_model_2.cif.gz	/scratch/a2149a01/RAPCID_2610_output/ligandmpnn_inputs/backbone_long/RAPCID_backbone_rapcid_backbone_97_model_2.pdb	B21 A19	B21:3.24A;A19:7.47A;
backbone_long	/scratch/a2149a01/RAPCID_2610_output/backbone_filtered/backbone_long/RAPCID_backbone_rapcid_backbone_97_model_6.cif.gz	/scratch/a2149a01/RAPCID_2610_output/ligandmpnn_inputs/backbone_long/RAPCID_backbone_rapcid_backbone_97_model_6.pdb	B27 A19	B27:2.66A;A19:7.47A;
backbone_long	/scratch/a2149a01/RAPCID_2610_output/backbone_filtered/backbone_long/RAPCID_backbone_rapcid_backbone_97_model_7.cif.gz	/scratch/a2149a01/RAPCID_2610_output/ligandmpnn_inputs/backbone_long/RAPCID_backbone_rapcid_backbone_97_model_7.pdb	B41 A19	B41:15.21A;A19:7.47A;
backbone_long	/scratch/a2149a01/RAPCID_2610_output/backbone_filtered/backbone_long/RAPCID_backbone_rapcid_backbone_98_model_7.cif.gz	/scratch/a2149a01/RAPCID_2610_output/ligandmpnn_inputs/backbone_long/RAPCID_backbone_rapcid_backbone_98_model_7.pdb	A19 B20	A19:7.48A;B20:2.76A;
backbone_long	/scratch/a2149a01/RAPCID_2610_output/backbone_filtered/backbone_long/RAPCID_backbone_rapcid_backbone_99_model_4.cif.gz	/scratch/a2149a01/RAPCID_2610_output/ligandmpnn_inputs/backbone_long/RAPCID_backbone_rapcid_backbone_99_model_4.pdb	B18 A16	B18:4.21A;A16:7.42A;
backbone_long	/scratch/a2149a01/RAPCID_2610_output/backbone_filtered/backbone_long/RAPCID_backbone_rapcid_backbone_9_model_1.cif.gz	/scratch/a2149a01/RAPCID_2610_output/ligandmpnn_inputs/backbone_long/RAPCID_backbone_rapcid_backbone_9_model_1.pdb	A12 B18	A12:7.39A;B18:9.66A;
backbone	/scratch/a2149a01/RAPCID_2610_output/backbone_filtered/backbone/RAPCID_backbone_rapcid_backbone_0_model_5.cif.gz	/scratch/a2149a01/RAPCID_2610_output/ligandmpnn_inputs/backbone/RAPCID_backbone_rapcid_backbone_0_model_5.pdb	B27 A11	B27:24.45A;A11:7.44A;
backbone	/scratch/a2149a01/RAPCID_2610_output/backbone_filtered/backbone/RAPCID_backbone_rapcid_backbone_100_model_5.cif.gz	/scratch/a2149a01/RAPCID_2610_output/ligandmpnn_inputs/backbone/RAPCID_backbone_rapcid_backbone_100_model_5.pdb	A8 B19	A8:7.45A;B19:4.09A;
backbone	/scratch/a2149a01/RAPCID_2610_output/backbone_filtered/backbone/RAPCID_backbone_rapcid_backbone_103_model_1.cif.gz	/scratch/a2149a01/RAPCID_2610_output/ligandmpnn_inputs/backbone/RAPCID_backbone_rapcid_backbone_103_model_1.pdb	B16 A22	B16:3.86A;A22:7.46A;
backbone	/scratch/a2149a01/RAPCID_2610_output/backbone_filtered/backbone/RAPCID_backbone_rapcid_backbone_103_model_4.cif.gz	/scratch/a2149a01/RAPCID_2610_output/ligandmpnn_inputs/backbone/RAPCID_backbone_rapcid_backbone_103_model_4.pdb	B6 A22	B6:3.19A;A22:7.46A;
backbone	/scratch/a2149a01/RAPCID_2610_output/backbone_filtered/backbone/RAPCID_backbone_rapcid_backbone_103_model_5.cif.gz	/scratch/a2149a01/RAPCID_2610_output/ligandmpnn_inputs/backbone/RAPCID_backbone_rapcid_backbone_103_model_5.pdb	B16 A22	B16:4.29A;A22:7.46A;
backbone	/scratch/a2149a01/RAPCID_2610_output/backbone_filtered/backbone/RAPCID_backbone_rapcid_backbone_104_model_1.cif.gz	/scratch/a2149a01/RAPCID_2610_output/ligandmpnn_inputs/backbone/RAPCID_backbone_rapcid_backbone_104_model_1.pdb	A34 B19	A34:7.14A;B19:2.60A;
backbone	/scratch/a2149a01/RAPCID_2610_output/backbone_filtered/backbone/RAPCID_backbone_rapcid_backbone_105_model_3.cif.gz	/scratch/a2149a01/RAPCID_2610_output/ligandmpnn_inputs/backbone/RAPCID_backbone_rapcid_backbone_105_model_3.pdb	A23 B18	A23:7.39A;B18:6.03A;
backbone	/scratch/a2149a01/RAPCID_2610_output/backbone_filtered/backbone/RAPCID_backbone_rapcid_backbone_105_model_7.cif.gz	/scratch/a2149a01/RAPCID_2610_output/ligandmpnn_inputs/backbone/RAPCID_backbone_rapcid_backbone_105_model_7.pdb	A23 B27	A23:7.39A;B27:10.77A;
backbone	/scratch/a2149a01/RAPCID_2610_output/backbone_filtered/backbone/RAPCID_backbone_rapcid_backbone_106_model_2.cif.gz	/scratch/a2149a01/RAPCID_2610_output/ligandmpnn_inputs/backbone/RAPCID_backbone_rapcid_backbone_106_model_2.pdb	B21 A11	B21:3.40A;A11:7.37A;
backbone	/scratch/a2149a01/RAPCID_2610_output/backbone_filtered/backbone/RAPCID_backbone_rapcid_backbone_106_model_4.cif.gz	/scratch/a2149a01/RAPCID_2610_output/ligandmpnn_inputs/backbone/RAPCID_backbone_rapcid_backbone_106_model_4.pdb	B18 A11	B18:4.30A;A11:7.37A;
backbone	/scratch/a2149a01/RAPCID_2610_output/backbone_filtered/backbone/RAPCID_backbone_rapcid_backbone_107_model_6.cif.gz	/scratch/a2149a01/RAPCID_2610_output/ligandmpnn_inputs/backbone/RAPCID_backbone_rapcid_backbone_107_model_6.pdb	A22 B20	A22:4.73A;B20:2.67A;
backbone	/scratch/a2149a01/RAPCID_2610_output/backbone_filtered/backbone/RAPCID_backbone_rapcid_backbone_109_model_4.cif.gz	/scratch/a2149a01/RAPCID_2610_output/ligandmpnn_inputs/backbone/RAPCID_backbone_rapcid_backbone_109_model_4.pdb	B25 A18	B25:4.16A;A18:7.43A;
backbone	/scratch/a2149a01/RAPCID_2610_output/backbone_filtered/backbone/RAPCID_backbone_rapcid_backbone_109_model_6.cif.gz	/scratch/a2149a01/RAPCID_2610_output/ligandmpnn_inputs/backbone/RAPCID_backbone_rapcid_backbone_109_model_6.pdb	B25 A18	B25:4.48A;A18:7.43A;
backbone	/scratch/a2149a01/RAPCID_2610_output/backbone_filtered/backbone/RAPCID_backbone_rapcid_backbone_109_model_7.cif.gz	/scratch/a2149a01/RAPCID_2610_output/ligandmpnn_inputs/backbone/RAPCID_backbone_rapcid_backbone_109_model_7.pdb	B13 A18	B13:3.74A;A18:7.43A;
backbone	/scratch/a2149a01/RAPCID_2610_output/backbone_filtered/backbone/RAPCID_backbone_rapcid_backbone_10_model_1.cif.gz	/scratch/a2149a01/RAPCID_2610_output/ligandmpnn_inputs/backbone/RAPCID_backbone_rapcid_backbone_10_model_1.pdb	A21 B10	A21:4.80A;B10:4.43A;
backbone	/scratch/a2149a01/RAPCID_2610_output/backbone_filtered/backbone/RAPCID_backbone_rapcid_backbone_10_model_5.cif.gz	/scratch/a2149a01/RAPCID_2610_output/ligandmpnn_inputs/backbone/RAPCID_backbone_rapcid_backbone_10_model_5.pdb	A18 B10	A18:7.44A;B10:4.02A;
backbone	/scratch/a2149a01/RAPCID_2610_output/backbone_filtered/backbone/RAPCID_backbone_rapcid_backbone_110_model_2.cif.gz	/scratch/a2149a01/RAPCID_2610_output/ligandmpnn_inputs/backbone/RAPCID_backbone_rapcid_backbone_110_model_2.pdb	A19 B34	A19:7.46A;B34:15.04A;
backbone	/scratch/a2149a01/RAPCID_2610_output/backbone_filtered/backbone/RAPCID_backbone_rapcid_backbone_110_model_6.cif.gz	/scratch/a2149a01/RAPCID_2610_output/ligandmpnn_inputs/backbone/RAPCID_backbone_rapcid_backbone_110_model_6.pdb	A19 B18	A19:7.46A;B18:8.13A;
backbone	/scratch/a2149a01/RAPCID_2610_output/backbone_filtered/backbone/RAPCID_backbone_rapcid_backbone_110_model_7.cif.gz	/scratch/a2149a01/RAPCID_2610_output/ligandmpnn_inputs/backbone/RAPCID_backbone_rapcid_backbone_110_model_7.pdb	A19 B25	A19:7.46A;B25:3.53A;
backbone	/scratch/a2149a01/RAPCID_2610_output/backbone_filtered/backbone/RAPCID_backbone_rapcid_backbone_111_model_3.cif.gz	/scratch/a2149a01/RAPCID_2610_output/ligandmpnn_inputs/backbone/RAPCID_backbone_rapcid_backbone_111_model_3.pdb	B16 A6	B16:3.99A;A6:7.45A;
backbone	/scratch/a2149a01/RAPCID_2610_output/backbone_filtered/backbone/RAPCID_backbone_rapcid_backbone_111_model_6.cif.gz	/scratch/a2149a01/RAPCID_2610_output/ligandmpnn_inputs/backbone/RAPCID_backbone_rapcid_backbone_111_model_6.pdb	B16 A7	B16:3.82A;A7:4.70A;
backbone	/scratch/a2149a01/RAPCID_2610_output/backbone_filtered/backbone/RAPCID_backbone_rapcid_backbone_114_model_7.cif.gz	/scratch/a2149a01/RAPCID_2610_output/ligandmpnn_inputs/backbone/RAPCID_backbone_rapcid_backbone_114_model_7.pdb	A23 B20	A23:7.39A;B20:3.92A;
backbone	/scratch/a2149a01/RAPCID_2610_output/backbone_filtered/backbone/RAPCID_backbone_rapcid_backbone_115_model_0.cif.gz	/scratch/a2149a01/RAPCID_2610_output/ligandmpnn_inputs/backbone/RAPCID_backbone_rapcid_backbone_115_model_0.pdb	B28 A6	B28:9.73A;A6:7.45A;
backbone	/scratch/a2149a01/RAPCID_2610_output/backbone_filtered/backbone/RAPCID_backbone_rapcid_backbone_116_model_0.cif.gz	/scratch/a2149a01/RAPCID_2610_output/ligandmpnn_inputs/backbone/RAPCID_backbone_rapcid_backbone_116_model_0.pdb	B30 A14	B30:11.13A;A14:7.41A;
backbone	/scratch/a2149a01/RAPCID_2610_output/backbone_filtered/backbone/RAPCID_backbone_rapcid_backbone_116_model_7.cif.gz	/scratch/a2149a01/RAPCID_2610_output/ligandmpnn_inputs/backbone/RAPCID_backbone_rapcid_backbone_116_model_7.pdb	B13 A14	B13:2.46A;A14:7.41A;
backbone	/scratch/a2149a01/RAPCID_2610_output/backbone_filtered/backbone/RAPCID_backbone_rapcid_backbone_117_model_0.cif.gz	/scratch/a2149a01/RAPCID_2610_output/ligandmpnn_inputs/backbone/RAPCID_backbone_rapcid_backbone_117_model_0.pdb	B30 A11	B30:10.37A;A11:7.42A;
backbone	/scratch/a2149a01/RAPCID_2610_output/backbone_filtered/backbone/RAPCID_backbone_rapcid_backbone_119_model_3.cif.gz	/scratch/a2149a01/RAPCID_2610_output/ligandmpnn_inputs/backbone/RAPCID_backbone_rapcid_backbone_119_model_3.pdb	A23 B11	A23:7.46A;B11:9.40A;
backbone	/scratch/a2149a01/RAPCID_2610_output/backbone_filtered/backbone/RAPCID_backbone_rapcid_backbone_11_model_4.cif.gz	/scratch/a2149a01/RAPCID_2610_output/ligandmpnn_inputs/backbone/RAPCID_backbone_rapcid_backbone_11_model_4.pdb	A11 B5	A11:7.41A;B5:6.42A;
backbone	/scratch/a2149a01/RAPCID_2610_output/backbone_filtered/backbone/RAPCID_backbone_rapcid_backbone_11_model_6.cif.gz	/scratch/a2149a01/RAPCID_2610_output/ligandmpnn_inputs/backbone/RAPCID_backbone_rapcid_backbone_11_model_6.pdb	A11 B7	A11:7.41A;B7:3.41A;
backbone	/scratch/a2149a01/RAPCID_2610_output/backbone_filtered/backbone/RAPCID_backbone_rapcid_backbone_120_model_0.cif.gz	/scratch/a2149a01/RAPCID_2610_output/ligandmpnn_inputs/backbone/RAPCID_backbone_rapcid_backbone_120_model_0.pdb	B1 A8	B1:10.44A;A8:7.41A;
backbone	/scratch/a2149a01/RAPCID_2610_output/backbone_filtered/backbone/RAPCID_backbone_rapcid_backbone_120_model_1.cif.gz	/scratch/a2149a01/RAPCID_2610_output/ligandmpnn_inputs/backbone/RAPCID_backbone_rapcid_backbone_120_model_1.pdb	B16 A8	B16:4.42A;A8:7.41A;
backbone	/scratch/a2149a01/RAPCID_2610_output/backbone_filtered/backbone/RAPCID_backbone_rapcid_backbone_120_model_7.cif.gz	/scratch/a2149a01/RAPCID_2610_output/ligandmpnn_inputs/backbone/RAPCID_backbone_rapcid_backbone_120_model_7.pdb	B6 A8	B6:3.09A;A8:7.41A;
backbone	/scratch/a2149a01/RAPCID_2610_output/backbone_filtered/backbone/RAPCID_backbone_rapcid_backbone_124_model_2.cif.gz	/scratch/a2149a01/RAPCID_2610_output/ligandmpnn_inputs/backbone/RAPCID_backbone_rapcid_backbone_124_model_2.pdb	B4 A10	B4:7.94A;A10:7.47A;
backbone	/scratch/a2149a01/RAPCID_2610_output/backbone_filtered/backbone/RAPCID_backbone_rapcid_backbone_125_model_7.cif.gz	/scratch/a2149a01/RAPCID_2610_output/ligandmpnn_inputs/backbone/RAPCID_backbone_rapcid_backbone_125_model_7.pdb	A21 B1	A21:7.47A;B1:3.15A;
backbone	/scratch/a2149a01/RAPCID_2610_output/backbone_filtered/backbone/RAPCID_backbone_rapcid_backbone_127_model_4.cif.gz	/scratch/a2149a01/RAPCID_2610_output/ligandmpnn_inputs/backbone/RAPCID_backbone_rapcid_backbone_127_model_4.pdb	A16 B16	A16:7.45A;B16:4.03A;
backbone	/scratch/a2149a01/RAPCID_2610_output/backbone_filtered/backbone/RAPCID_backbone_rapcid_backbone_129_model_3.cif.gz	/scratch/a2149a01/RAPCID_2610_output/ligandmpnn_inputs/backbone/RAPCID_backbone_rapcid_backbone_129_model_3.pdb	B40 A10	B40:20.94A;A10:7.43A;
backbone	/scratch/a2149a01/RAPCID_2610_output/backbone_filtered/backbone/RAPCID_backbone_rapcid_backbone_129_model_6.cif.gz	/scratch/a2149a01/RAPCID_2610_output/ligandmpnn_inputs/backbone/RAPCID_backbone_rapcid_backbone_129_model_6.pdb	B29 A22	B29:2.90A;A22:5.15A;
backbone	/scratch/a2149a01/RAPCID_2610_output/backbone_filtered/backbone/RAPCID_backbone_rapcid_backbone_12_model_2.cif.gz	/scratch/a2149a01/RAPCID_2610_output/ligandmpnn_inputs/backbone/RAPCID_backbone_rapcid_backbone_12_model_2.pdb	B13 A15	B13:4.22A;A15:7.44A;
backbone	/scratch/a2149a01/RAPCID_2610_output/backbone_filtered/backbone/RAPCID_backbone_rapcid_backbone_12_model_6.cif.gz	/scratch/a2149a01/RAPCID_2610_output/ligandmpnn_inputs/backbone/RAPCID_backbone_rapcid_backbone_12_model_6.pdb	B13 A15	B13:4.28A;A15:7.44A;
backbone	/scratch/a2149a01/RAPCID_2610_output/backbone_filtered/backbone/RAPCID_backbone_rapcid_backbone_130_model_0.cif.gz	/scratch/a2149a01/RAPCID_2610_output/ligandmpnn_inputs/backbone/RAPCID_backbone_rapcid_backbone_130_model_0.pdb	B22 A14	B22:4.16A;A14:7.44A;
backbone	/scratch/a2149a01/RAPCID_2610_output/backbone_filtered/backbone/RAPCID_backbone_rapcid_backbone_130_model_7.cif.gz	/scratch/a2149a01/RAPCID_2610_output/ligandmpnn_inputs/backbone/RAPCID_backbone_rapcid_backbone_130_model_7.pdb	B16 A14	B16:3.27A;A14:7.44A;
backbone	/scratch/a2149a01/RAPCID_2610_output/backbone_filtered/backbone/RAPCID_backbone_rapcid_backbone_131_model_4.cif.gz	/scratch/a2149a01/RAPCID_2610_output/ligandmpnn_inputs/backbone/RAPCID_backbone_rapcid_backbone_131_model_4.pdb	A15 B13	A15:7.47A;B13:4.29A;
backbone	/scratch/a2149a01/RAPCID_2610_output/backbone_filtered/backbone/RAPCID_backbone_rapcid_backbone_132_model_2.cif.gz	/scratch/a2149a01/RAPCID_2610_output/ligandmpnn_inputs/backbone/RAPCID_backbone_rapcid_backbone_132_model_2.pdb	B2 A14	B2:4.27A;A14:7.42A;
backbone	/scratch/a2149a01/RAPCID_2610_output/backbone_filtered/backbone/RAPCID_backbone_rapcid_backbone_133_model_7.cif.gz	/scratch/a2149a01/RAPCID_2610_output/ligandmpnn_inputs/backbone/RAPCID_backbone_rapcid_backbone_133_model_7.pdb	A24 B18	A24:7.46A;B18:6.08A;
backbone	/scratch/a2149a01/RAPCID_2610_output/backbone_filtered/backbone/RAPCID_backbone_rapcid_backbone_135_model_6.cif.gz	/scratch/a2149a01/RAPCID_2610_output/ligandmpnn_inputs/backbone/RAPCID_backbone_rapcid_backbone_135_model_6.pdb	B26 A22	B26:17.52A;A22:7.39A;
backbone	/scratch/a2149a01/RAPCID_2610_output/backbone_filtered/backbone/RAPCID_backbone_rapcid_backbone_136_model_3.cif.gz	/scratch/a2149a01/RAPCID_2610_output/ligandmpnn_inputs/backbone/RAPCID_backbone_rapcid_backbone_136_model_3.pdb	B25 A14	B25:3.84A;A14:4.44A;
backbone	/scratch/a2149a01/RAPCID_2610_output/backbone_filtered/backbone/RAPCID_backbone_rapcid_backbone_138_model_0.cif.gz	/scratch/a2149a01/RAPCID_2610_output/ligandmpnn_inputs/backbone/RAPCID_backbone_rapcid_backbone_138_model_0.pdb	A10 B7	A10:7.41A;B7:3.29A;
backbone	/scratch/a2149a01/RAPCID_2610_output/backbone_filtered/backbone/RAPCID_backbone_rapcid_backbone_138_model_1.cif.gz	/scratch/a2149a01/RAPCID_2610_output/ligandmpnn_inputs/backbone/RAPCID_backbone_rapcid_backbone_138_model_1.pdb	A10 B19	A10:7.41A;B19:4.25A;
backbone	/scratch/a2149a01/RAPCID_2610_output/backbone_filtered/backbone/RAPCID_backbone_rapcid_backbone_138_model_7.cif.gz	/scratch/a2149a01/RAPCID_2610_output/ligandmpnn_inputs/backbone/RAPCID_backbone_rapcid_backbone_138_model_7.pdb	A10 B19	A10:7.41A;B19:4.23A;
backbone	/scratch/a2149a01/RAPCID_2610_output/backbone_filtered/backbone/RAPCID_backbone_rapcid_backbone_139_model_5.cif.gz	/scratch/a2149a01/RAPCID_2610_output/ligandmpnn_inputs/backbone/RAPCID_backbone_rapcid_backbone_139_model_5.pdb	B9 A13	B9:4.09A;A13:7.46A;
backbone	/scratch/a2149a01/RAPCID_2610_output/backbone_filtered/backbone/RAPCID_backbone_rapcid_backbone_13_model_3.cif.gz	/scratch/a2149a01/RAPCID_2610_output/ligandmpnn_inputs/backbone/RAPCID_backbone_rapcid_backbone_13_model_3.pdb	B42 A7	B42:25.03A;A7:7.39A;
backbone	/scratch/a2149a01/RAPCID_2610_output/backbone_filtered/backbone/RAPCID_backbone_rapcid_backbone_13_model_6.cif.gz	/scratch/a2149a01/RAPCID_2610_output/ligandmpnn_inputs/backbone/RAPCID_backbone_rapcid_backbone_13_model_6.pdb	B42 A7	B42:24.18A;A7:7.39A;
backbone	/scratch/a2149a01/RAPCID_2610_output/backbone_filtered/backbone/RAPCID_backbone_rapcid_backbone_140_model_0.cif.gz	/scratch/a2149a01/RAPCID_2610_output/ligandmpnn_inputs/backbone/RAPCID_backbone_rapcid_backbone_140_model_0.pdb	A21 B32	A21:7.45A;B32:3.56A;
backbone	/scratch/a2149a01/RAPCID_2610_output/backbone_filtered/backbone/RAPCID_backbone_rapcid_backbone_140_model_4.cif.gz	/scratch/a2149a01/RAPCID_2610_output/ligandmpnn_inputs/backbone/RAPCID_backbone_rapcid_backbone_140_model_4.pdb	A21 B6	A21:7.45A;B6:3.35A;
backbone	/scratch/a2149a01/RAPCID_2610_output/backbone_filtered/backbone/RAPCID_backbone_rapcid_backbone_140_model_5.cif.gz	/scratch/a2149a01/RAPCID_2610_output/ligandmpnn_inputs/backbone/RAPCID_backbone_rapcid_backbone_140_model_5.pdb	A21 B24	A21:7.45A;B24:3.43A;
backbone	/scratch/a2149a01/RAPCID_2610_output/backbone_filtered/backbone/RAPCID_backbone_rapcid_backbone_141_model_1.cif.gz	/scratch/a2149a01/RAPCID_2610_output/ligandmpnn_inputs/backbone/RAPCID_backbone_rapcid_backbone_141_model_1.pdb	B19 A20	B19:6.37A;A20:7.48A;
backbone	/scratch/a2149a01/RAPCID_2610_output/backbone_filtered/backbone/RAPCID_backbone_rapcid_backbone_141_model_3.cif.gz	/scratch/a2149a01/RAPCID_2610_output/ligandmpnn_inputs/backbone/RAPCID_backbone_rapcid_backbone_141_model_3.pdb	B32 A20	B32:19.26A;A20:7.48A;
backbone	/scratch/a2149a01/RAPCID_2610_output/backbone_filtered/backbone/RAPCID_backbone_rapcid_backbone_142_model_0.cif.gz	/scratch/a2149a01/RAPCID_2610_output/ligandmpnn_inputs/backbone/RAPCID_backbone_rapcid_backbone_142_model_0.pdb	B13 A16	B13:3.34A;A16:7.45A;
backbone	/scratch/a2149a01/RAPCID_2610_output/backbone_filtered/backbone/RAPCID_backbone_rapcid_backbone_142_model_5.cif.gz	/scratch/a2149a01/RAPCID_2610_output/ligandmpnn_inputs/backbone/RAPCID_backbone_rapcid_backbone_142_model_5.pdb	B9 A16	B9:10.51A;A16:7.45A;
backbone	/scratch/a2149a01/RAPCID_2610_output/backbone_filtered/backbone/RAPCID_backbone_rapcid_backbone_142_model_6.cif.gz	/scratch/a2149a01/RAPCID_2610_output/ligandmpnn_inputs/backbone/RAPCID_backbone_rapcid_backbone_142_model_6.pdb	B20 A16	B20:4.19A;A16:7.45A;
backbone	/scratch/a2149a01/RAPCID_2610_output/backbone_filtered/backbone/RAPCID_backbone_rapcid_backbone_142_model_7.cif.gz	/scratch/a2149a01/RAPCID_2610_output/ligandmpnn_inputs/backbone/RAPCID_backbone_rapcid_backbone_142_model_7.pdb	B16 A16	B16:3.65A;A16:7.45A;
backbone	/scratch/a2149a01/RAPCID_2610_output/backbone_filtered/backbone/RAPCID_backbone_rapcid_backbone_143_model_2.cif.gz	/scratch/a2149a01/RAPCID_2610_output/ligandmpnn_inputs/backbone/RAPCID_backbone_rapcid_backbone_143_model_2.pdb	A20 B24	A20:7.40A;B24:19.24A;
backbone	/scratch/a2149a01/RAPCID_2610_output/backbone_filtered/backbone/RAPCID_backbone_rapcid_backbone_144_model_2.cif.gz	/scratch/a2149a01/RAPCID_2610_output/ligandmpnn_inputs/backbone/RAPCID_backbone_rapcid_backbone_144_model_2.pdb	A12 B18	A12:7.45A;B18:3.51A;
backbone	/scratch/a2149a01/RAPCID_2610_output/backbone_filtered/backbone/RAPCID_backbone_rapcid_backbone_144_model_4.cif.gz	/scratch/a2149a01/RAPCID_2610_output/ligandmpnn_inputs/backbone/RAPCID_backbone_rapcid_backbone_144_model_4.pdb	A12 B21	A12:7.45A;B21:4.21A;
backbone	/scratch/a2149a01/RAPCID_2610_output/backbone_filtered/backbone/RAPCID_backbone_rapcid_backbone_148_model_3.cif.gz	/scratch/a2149a01/RAPCID_2610_output/ligandmpnn_inputs/backbone/RAPCID_backbone_rapcid_backbone_148_model_3.pdb	B23 A8	B23:7.25A;A8:7.46A;
backbone	/scratch/a2149a01/RAPCID_2610_output/backbone_filtered/backbone/RAPCID_backbone_rapcid_backbone_149_model_4.cif.gz	/scratch/a2149a01/RAPCID_2610_output/ligandmpnn_inputs/backbone/RAPCID_backbone_rapcid_backbone_149_model_4.pdb	A19 B13	A19:7.39A;B13:3.27A;
backbone	/scratch/a2149a01/RAPCID_2610_output/backbone_filtered/backbone/RAPCID_backbone_rapcid_backbone_14_model_3.cif.gz	/scratch/a2149a01/RAPCID_2610_output/ligandmpnn_inputs/backbone/RAPCID_backbone_rapcid_backbone_14_model_3.pdb	B8 A11	B8:2.37A;A11:7.42A;
backbone	/scratch/a2149a01/RAPCID_2610_output/backbone_filtered/backbone/RAPCID_backbone_rapcid_backbone_150_model_1.cif.gz	/scratch/a2149a01/RAPCID_2610_output/ligandmpnn_inputs/backbone/RAPCID_backbone_rapcid_backbone_150_model_1.pdb	B12 A13	B12:21.00A;A13:7.39A;
backbone	/scratch/a2149a01/RAPCID_2610_output/backbone_filtered/backbone/RAPCID_backbone_rapcid_backbone_153_model_0.cif.gz	/scratch/a2149a01/RAPCID_2610_output/ligandmpnn_inputs/backbone/RAPCID_backbone_rapcid_backbone_153_model_0.pdb	B21 A10	B21:7.74A;A10:7.39A;
backbone	/scratch/a2149a01/RAPCID_2610_output/backbone_filtered/backbone/RAPCID_backbone_rapcid_backbone_153_model_1.cif.gz	/scratch/a2149a01/RAPCID_2610_output/ligandmpnn_inputs/backbone/RAPCID_backbone_rapcid_backbone_153_model_1.pdb	B36 A10	B36:10.20A;A10:7.39A;
backbone	/scratch/a2149a01/RAPCID_2610_output/backbone_filtered/backbone/RAPCID_backbone_rapcid_backbone_153_model_4.cif.gz	/scratch/a2149a01/RAPCID_2610_output/ligandmpnn_inputs/backbone/RAPCID_backbone_rapcid_backbone_153_model_4.pdb	B15 A10	B15:19.08A;A10:7.39A;
backbone	/scratch/a2149a01/RAPCID_2610_output/backbone_filtered/backbone/RAPCID_backbone_rapcid_backbone_154_model_0.cif.gz	/scratch/a2149a01/RAPCID_2610_output/ligandmpnn_inputs/backbone/RAPCID_backbone_rapcid_backbone_154_model_0.pdb	A14 B13	A14:2.96A;B13:4.28A;
backbone	/scratch/a2149a01/RAPCID_2610_output/backbone_filtered/backbone/RAPCID_backbone_rapcid_backbone_155_model_5.cif.gz	/scratch/a2149a01/RAPCID_2610_output/ligandmpnn_inputs/backbone/RAPCID_backbone_rapcid_backbone_155_model_5.pdb	A15 B19	A15:7.43A;B19:19.63A;
backbone	/scratch/a2149a01/RAPCID_2610_output/backbone_filtered/backbone/RAPCID_backbone_rapcid_backbone_156_model_0.cif.gz	/scratch/a2149a01/RAPCID_2610_output/ligandmpnn_inputs/backbone/RAPCID_backbone_rapcid_backbone_156_model_0.pdb	B1 A8	B1:24.99A;A8:7.44A;
backbone	/scratch/a2149a01/RAPCID_2610_output/backbone_filtered/backbone/RAPCID_backbone_rapcid_backbone_156_model_4.cif.gz	/scratch/a2149a01/RAPCID_2610_output/ligandmpnn_inputs/backbone/RAPCID_backbone_rapcid_backbone_156_model_4.pdb	B8 A8	B8:24.44A;A8:7.44A;
backbone	/scratch/a2149a01/RAPCID_2610_output/backbone_filtered/backbone/RAPCID_backbone_rapcid_backbone_156_model_6.cif.gz	/scratch/a2149a01/RAPCID_2610_output/ligandmpnn_inputs/backbone/RAPCID_backbone_rapcid_backbone_156_model_6.pdb	B19 A8	B19:6.54A;A8:7.44A;
backbone	/scratch/a2149a01/RAPCID_2610_output/backbone_filtered/backbone/RAPCID_backbone_rapcid_backbone_157_model_5.cif.gz	/scratch/a2149a01/RAPCID_2610_output/ligandmpnn_inputs/backbone/RAPCID_backbone_rapcid_backbone_157_model_5.pdb	B6 A10	B6:3.80A;A10:7.44A;
backbone	/scratch/a2149a01/RAPCID_2610_output/backbone_filtered/backbone/RAPCID_backbone_rapcid_backbone_158_model_0.cif.gz	/scratch/a2149a01/RAPCID_2610_output/ligandmpnn_inputs/backbone/RAPCID_backbone_rapcid_backbone_158_model_0.pdb	B20 A16	B20:3.83A;A16:7.37A;
backbone	/scratch/a2149a01/RAPCID_2610_output/backbone_filtered/backbone/RAPCID_backbone_rapcid_backbone_158_model_2.cif.gz	/scratch/a2149a01/RAPCID_2610_output/ligandmpnn_inputs/backbone/RAPCID_backbone_rapcid_backbone_158_model_2.pdb	B23 A16	B23:2.96A;A16:7.37A;
backbone	/scratch/a2149a01/RAPCID_2610_output/backbone_filtered/backbone/RAPCID_backbone_rapcid_backbone_159_model_3.cif.gz	/scratch/a2149a01/RAPCID_2610_output/ligandmpnn_inputs/backbone/RAPCID_backbone_rapcid_backbone_159_model_3.pdb	A23 B4	A23:7.45A;B4:6.67A;
backbone	/scratch/a2149a01/RAPCID_2610_output/backbone_filtered/backbone/RAPCID_backbone_rapcid_backbone_159_model_7.cif.gz	/scratch/a2149a01/RAPCID_2610_output/ligandmpnn_inputs/backbone/RAPCID_backbone_rapcid_backbone_159_model_7.pdb	A23 B4	A23:7.45A;B4:6.61A;
backbone	/scratch/a2149a01/RAPCID_2610_output/backbone_filtered/backbone/RAPCID_backbone_rapcid_backbone_161_model_1.cif.gz	/scratch/a2149a01/RAPCID_2610_output/ligandmpnn_inputs/backbone/RAPCID_backbone_rapcid_backbone_161_model_1.pdb	A16 B9	A16:7.45A;B9:3.46A;
backbone	/scratch/a2149a01/RAPCID_2610_output/backbone_filtered/backbone/RAPCID_backbone_rapcid_backbone_163_model_2.cif.gz	/scratch/a2149a01/RAPCID_2610_output/ligandmpnn_inputs/backbone/RAPCID_backbone_rapcid_backbone_163_model_2.pdb	A17 B4	A17:7.40A;B4:22.11A;
backbone	/scratch/a2149a01/RAPCID_2610_output/backbone_filtered/backbone/RAPCID_backbone_rapcid_backbone_164_model_7.cif.gz	/scratch/a2149a01/RAPCID_2610_output/ligandmpnn_inputs/backbone/RAPCID_backbone_rapcid_backbone_164_model_7.pdb	A26 B15	A26:7.45A;B15:4.41A;
backbone	/scratch/a2149a01/RAPCID_2610_output/backbone_filtered/backbone/RAPCID_backbone_rapcid_backbone_166_model_2.cif.gz	/scratch/a2149a01/RAPCID_2610_output/ligandmpnn_inputs/backbone/RAPCID_backbone_rapcid_backbone_166_model_2.pdb	B14 A7	B14:3.34A;A7:7.48A;
backbone	/scratch/a2149a01/RAPCID_2610_output/backbone_filtered/backbone/RAPCID_backbone_rapcid_backbone_167_model_3.cif.gz	/scratch/a2149a01/RAPCID_2610_output/ligandmpnn_inputs/backbone/RAPCID_backbone_rapcid_backbone_167_model_3.pdb	A21 B31	A21:3.22A;B31:3.28A;
backbone	/scratch/a2149a01/RAPCID_2610_output/backbone_filtered/backbone/RAPCID_backbone_rapcid_backbone_167_model_4.cif.gz	/scratch/a2149a01/RAPCID_2610_output/ligandmpnn_inputs/backbone/RAPCID_backbone_rapcid_backbone_167_model_4.pdb	A16 B11	A16:7.43A;B11:17.13A;
backbone	/scratch/a2149a01/RAPCID_2610_output/backbone_filtered/backbone/RAPCID_backbone_rapcid_backbone_168_model_6.cif.gz	/scratch/a2149a01/RAPCID_2610_output/ligandmpnn_inputs/backbone/RAPCID_backbone_rapcid_backbone_168_model_6.pdb	B12 A15	B12:25.60A;A15:7.48A;
backbone	/scratch/a2149a01/RAPCID_2610_output/backbone_filtered/backbone/RAPCID_backbone_rapcid_backbone_172_model_3.cif.gz	/scratch/a2149a01/RAPCID_2610_output/ligandmpnn_inputs/backbone/RAPCID_backbone_rapcid_backbone_172_model_3.pdb	A13 B17	A13:7.45A;B17:3.28A;
backbone	/scratch/a2149a01/RAPCID_2610_output/backbone_filtered/backbone/RAPCID_backbone_rapcid_backbone_173_model_1.cif.gz	/scratch/a2149a01/RAPCID_2610_output/ligandmpnn_inputs/backbone/RAPCID_backbone_rapcid_backbone_173_model_1.pdb	A23 B18	A23:7.47A;B18:3.99A;
backbone	/scratch/a2149a01/RAPCID_2610_output/backbone_filtered/backbone/RAPCID_backbone_rapcid_backbone_173_model_3.cif.gz	/scratch/a2149a01/RAPCID_2610_output/ligandmpnn_inputs/backbone/RAPCID_backbone_rapcid_backbone_173_model_3.pdb	A23 B17	A23:7.47A;B17:7.58A;
backbone	/scratch/a2149a01/RAPCID_2610_output/backbone_filtered/backbone/RAPCID_backbone_rapcid_backbone_174_model_2.cif.gz	/scratch/a2149a01/RAPCID_2610_output/ligandmpnn_inputs/backbone/RAPCID_backbone_rapcid_backbone_174_model_2.pdb	A20 B21	A20:7.46A;B21:4.39A;
backbone	/scratch/a2149a01/RAPCID_2610_output/backbone_filtered/backbone/RAPCID_backbone_rapcid_backbone_174_model_3.cif.gz	/scratch/a2149a01/RAPCID_2610_output/ligandmpnn_inputs/backbone/RAPCID_backbone_rapcid_backbone_174_model_3.pdb	A20 B9	A20:7.46A;B9:4.66A;
backbone	/scratch/a2149a01/RAPCID_2610_output/backbone_filtered/backbone/RAPCID_backbone_rapcid_backbone_174_model_5.cif.gz	/scratch/a2149a01/RAPCID_2610_output/ligandmpnn_inputs/backbone/RAPCID_backbone_rapcid_backbone_174_model_5.pdb	A9 B21	A9:7.07A;B21:4.22A;
backbone	/scratch/a2149a01/RAPCID_2610_output/backbone_filtered/backbone/RAPCID_backbone_rapcid_backbone_175_model_0.cif.gz	/scratch/a2149a01/RAPCID_2610_output/ligandmpnn_inputs/backbone/RAPCID_backbone_rapcid_backbone_175_model_0.pdb	B4 A18	B4:34.37A;A18:7.45A;
backbone	/scratch/a2149a01/RAPCID_2610_output/backbone_filtered/backbone/RAPCID_backbone_rapcid_backbone_178_model_1.cif.gz	/scratch/a2149a01/RAPCID_2610_output/ligandmpnn_inputs/backbone/RAPCID_backbone_rapcid_backbone_178_model_1.pdb	A13 B13	A13:5.07A;B13:3.13A;
backbone	/scratch/a2149a01/RAPCID_2610_output/backbone_filtered/backbone/RAPCID_backbone_rapcid_backbone_179_model_3.cif.gz	/scratch/a2149a01/RAPCID_2610_output/ligandmpnn_inputs/backbone/RAPCID_backbone_rapcid_backbone_179_model_3.pdb	A30 B16	A30:2.73A;B16:3.74A;
backbone	/scratch/a2149a01/RAPCID_2610_output/backbone_filtered/backbone/RAPCID_backbone_rapcid_backbone_179_model_7.cif.gz	/scratch/a2149a01/RAPCID_2610_output/ligandmpnn_inputs/backbone/RAPCID_backbone_rapcid_backbone_179_model_7.pdb	A24 B19	A24:7.47A;B19:4.46A;
backbone	/scratch/a2149a01/RAPCID_2610_output/backbone_filtered/backbone/RAPCID_backbone_rapcid_backbone_181_model_1.cif.gz	/scratch/a2149a01/RAPCID_2610_output/ligandmpnn_inputs/backbone/RAPCID_backbone_rapcid_backbone_181_model_1.pdb	A24 B21	A24:7.45A;B21:8.85A;
backbone	/scratch/a2149a01/RAPCID_2610_output/backbone_filtered/backbone/RAPCID_backbone_rapcid_backbone_181_model_7.cif.gz	/scratch/a2149a01/RAPCID_2610_output/ligandmpnn_inputs/backbone/RAPCID_backbone_rapcid_backbone_181_model_7.pdb	A26 B11	A26:3.27A;B11:3.45A;
backbone	/scratch/a2149a01/RAPCID_2610_output/backbone_filtered/backbone/RAPCID_backbone_rapcid_backbone_182_model_2.cif.gz	/scratch/a2149a01/RAPCID_2610_output/ligandmpnn_inputs/backbone/RAPCID_backbone_rapcid_backbone_182_model_2.pdb	B15 A15	B15:4.18A;A15:7.45A;
backbone	/scratch/a2149a01/RAPCID_2610_output/backbone_filtered/backbone/RAPCID_backbone_rapcid_backbone_182_model_4.cif.gz	/scratch/a2149a01/RAPCID_2610_output/ligandmpnn_inputs/backbone/RAPCID_backbone_rapcid_backbone_182_model_4.pdb	B27 A15	B27:3.06A;A15:7.45A;
backbone	/scratch/a2149a01/RAPCID_2610_output/backbone_filtered/backbone/RAPCID_backbone_rapcid_backbone_184_model_7.cif.gz	/scratch/a2149a01/RAPCID_2610_output/ligandmpnn_inputs/backbone/RAPCID_backbone_rapcid_backbone_184_model_7.pdb	B22 A26	B22:2.31A;A26:3.35A;
backbone	/scratch/a2149a01/RAPCID_2610_output/backbone_filtered/backbone/RAPCID_backbone_rapcid_backbone_185_model_0.cif.gz	/scratch/a2149a01/RAPCID_2610_output/ligandmpnn_inputs/backbone/RAPCID_backbone_rapcid_backbone_185_model_0.pdb	B18 A8	B18:5.94A;A8:7.46A;
backbone	/scratch/a2149a01/RAPCID_2610_output/backbone_filtered/backbone/RAPCID_backbone_rapcid_backbone_186_model_5.cif.gz	/scratch/a2149a01/RAPCID_2610_output/ligandmpnn_inputs/backbone/RAPCID_backbone_rapcid_backbone_186_model_5.pdb	A20 B28	A20:7.46A;B28:3.77A;
backbone	/scratch/a2149a01/RAPCID_2610_output/backbone_filtered/backbone/RAPCID_backbone_rapcid_backbone_187_model_1.cif.gz	/scratch/a2149a01/RAPCID_2610_output/ligandmpnn_inputs/backbone/RAPCID_backbone_rapcid_backbone_187_model_1.pdb	A13 B16	A13:7.41A;B16:4.08A;
backbone	/scratch/a2149a01/RAPCID_2610_output/backbone_filtered/backbone/RAPCID_backbone_rapcid_backbone_187_model_4.cif.gz	/scratch/a2149a01/RAPCID_2610_output/ligandmpnn_inputs/backbone/RAPCID_backbone_rapcid_backbone_187_model_4.pdb	A13 B16	A13:7.41A;B16:4.08A;
backbone	/scratch/a2149a01/RAPCID_2610_output/backbone_filtered/backbone/RAPCID_backbone_rapcid_backbone_188_model_0.cif.gz	/scratch/a2149a01/RAPCID_2610_output/ligandmpnn_inputs/backbone/RAPCID_backbone_rapcid_backbone_188_model_0.pdb	B17 A18	B17:4.42A;A18:7.39A;
backbone	/scratch/a2149a01/RAPCID_2610_output/backbone_filtered/backbone/RAPCID_backbone_rapcid_backbone_188_model_1.cif.gz	/scratch/a2149a01/RAPCID_2610_output/ligandmpnn_inputs/backbone/RAPCID_backbone_rapcid_backbone_188_model_1.pdb	B7 A18	B7:3.70A;A18:7.39A;
backbone	/scratch/a2149a01/RAPCID_2610_output/backbone_filtered/backbone/RAPCID_backbone_rapcid_backbone_188_model_2.cif.gz	/scratch/a2149a01/RAPCID_2610_output/ligandmpnn_inputs/backbone/RAPCID_backbone_rapcid_backbone_188_model_2.pdb	B36 A18	B36:30.60A;A18:7.39A;
backbone	/scratch/a2149a01/RAPCID_2610_output/backbone_filtered/backbone/RAPCID_backbone_rapcid_backbone_188_model_5.cif.gz	/scratch/a2149a01/RAPCID_2610_output/ligandmpnn_inputs/backbone/RAPCID_backbone_rapcid_backbone_188_model_5.pdb	B17 A18	B17:4.19A;A18:7.39A;
backbone	/scratch/a2149a01/RAPCID_2610_output/backbone_filtered/backbone/RAPCID_backbone_rapcid_backbone_188_model_7.cif.gz	/scratch/a2149a01/RAPCID_2610_output/ligandmpnn_inputs/backbone/RAPCID_backbone_rapcid_backbone_188_model_7.pdb	B14 A18	B14:3.71A;A18:7.39A;
backbone	/scratch/a2149a01/RAPCID_2610_output/backbone_filtered/backbone/RAPCID_backbone_rapcid_backbone_18_model_2.cif.gz	/scratch/a2149a01/RAPCID_2610_output/ligandmpnn_inputs/backbone/RAPCID_backbone_rapcid_backbone_18_model_2.pdb	B22 A7	B22:8.86A;A7:7.46A;
backbone	/scratch/a2149a01/RAPCID_2610_output/backbone_filtered/backbone/RAPCID_backbone_rapcid_backbone_191_model_1.cif.gz	/scratch/a2149a01/RAPCID_2610_output/ligandmpnn_inputs/backbone/RAPCID_backbone_rapcid_backbone_191_model_1.pdb	A21 B9	A21:7.46A;B9:4.33A;
backbone	/scratch/a2149a01/RAPCID_2610_output/backbone_filtered/backbone/RAPCID_backbone_rapcid_backbone_194_model_1.cif.gz	/scratch/a2149a01/RAPCID_2610_output/ligandmpnn_inputs/backbone/RAPCID_backbone_rapcid_backbone_194_model_1.pdb	B21 A7	B21:4.07A;A7:7.45A;
backbone	/scratch/a2149a01/RAPCID_2610_output/backbone_filtered/backbone/RAPCID_backbone_rapcid_backbone_194_model_3.cif.gz	/scratch/a2149a01/RAPCID_2610_output/ligandmpnn_inputs/backbone/RAPCID_backbone_rapcid_backbone_194_model_3.pdb	B29 A7	B29:23.17A;A7:7.45A;
backbone	/scratch/a2149a01/RAPCID_2610_output/backbone_filtered/backbone/RAPCID_backbone_rapcid_backbone_195_model_3.cif.gz	/scratch/a2149a01/RAPCID_2610_output/ligandmpnn_inputs/backbone/RAPCID_backbone_rapcid_backbone_195_model_3.pdb	A15 B9	A15:7.45A;B9:3.91A;
backbone	/scratch/a2149a01/RAPCID_2610_output/backbone_filtered/backbone/RAPCID_backbone_rapcid_backbone_195_model_6.cif.gz	/scratch/a2149a01/RAPCID_2610_output/ligandmpnn_inputs/backbone/RAPCID_backbone_rapcid_backbone_195_model_6.pdb	A15 B9	A15:7.45A;B9:4.24A;
backbone	/scratch/a2149a01/RAPCID_2610_output/backbone_filtered/backbone/RAPCID_backbone_rapcid_backbone_196_model_6.cif.gz	/scratch/a2149a01/RAPCID_2610_output/ligandmpnn_inputs/backbone/RAPCID_backbone_rapcid_backbone_196_model_6.pdb	B5 A9	B5:3.36A;A9:7.48A;
backbone	/scratch/a2149a01/RAPCID_2610_output/backbone_filtered/backbone/RAPCID_backbone_rapcid_backbone_197_model_3.cif.gz	/scratch/a2149a01/RAPCID_2610_output/ligandmpnn_inputs/backbone/RAPCID_backbone_rapcid_backbone_197_model_3.pdb	B22 A8	B22:10.00A;A8:7.46A;
backbone	/scratch/a2149a01/RAPCID_2610_output/backbone_filtered/backbone/RAPCID_backbone_rapcid_backbone_198_model_2.cif.gz	/scratch/a2149a01/RAPCID_2610_output/ligandmpnn_inputs/backbone/RAPCID_backbone_rapcid_backbone_198_model_2.pdb	B12 A12	B12:10.87A;A12:7.43A;
backbone	/scratch/a2149a01/RAPCID_2610_output/backbone_filtered/backbone/RAPCID_backbone_rapcid_backbone_198_model_7.cif.gz	/scratch/a2149a01/RAPCID_2610_output/ligandmpnn_inputs/backbone/RAPCID_backbone_rapcid_backbone_198_model_7.pdb	B15 A12	B15:2.91A;A12:7.43A;
backbone	/scratch/a2149a01/RAPCID_2610_output/backbone_filtered/backbone/RAPCID_backbone_rapcid_backbone_199_model_0.cif.gz	/scratch/a2149a01/RAPCID_2610_output/ligandmpnn_inputs/backbone/RAPCID_backbone_rapcid_backbone_199_model_0.pdb	B12 A10	B12:3.91A;A10:7.45A;
backbone	/scratch/a2149a01/RAPCID_2610_output/backbone_filtered/backbone/RAPCID_backbone_rapcid_backbone_19_model_1.cif.gz	/scratch/a2149a01/RAPCID_2610_output/ligandmpnn_inputs/backbone/RAPCID_backbone_rapcid_backbone_19_model_1.pdb	B11 A13	B11:4.30A;A13:7.39A;
backbone	/scratch/a2149a01/RAPCID_2610_output/backbone_filtered/backbone/RAPCID_backbone_rapcid_backbone_1_model_2.cif.gz	/scratch/a2149a01/RAPCID_2610_output/ligandmpnn_inputs/backbone/RAPCID_backbone_rapcid_backbone_1_model_2.pdb	B4 A6	B4:3.12A;A6:7.45A;
backbone	/scratch/a2149a01/RAPCID_2610_output/backbone_filtered/backbone/RAPCID_backbone_rapcid_backbone_200_model_0.cif.gz	/scratch/a2149a01/RAPCID_2610_output/ligandmpnn_inputs/backbone/RAPCID_backbone_rapcid_backbone_200_model_0.pdb	A20 B4	A20:7.46A;B4:3.53A;
backbone	/scratch/a2149a01/RAPCID_2610_output/backbone_filtered/backbone/RAPCID_backbone_rapcid_backbone_200_model_1.cif.gz	/scratch/a2149a01/RAPCID_2610_output/ligandmpnn_inputs/backbone/RAPCID_backbone_rapcid_backbone_200_model_1.pdb	A22 B13	A22:2.95A;B13:7.47A;
backbone	/scratch/a2149a01/RAPCID_2610_output/backbone_filtered/backbone/RAPCID_backbone_rapcid_backbone_200_model_4.cif.gz	/scratch/a2149a01/RAPCID_2610_output/ligandmpnn_inputs/backbone/RAPCID_backbone_rapcid_backbone_200_model_4.pdb	A20 B14	A20:7.46A;B14:4.38A;
backbone	/scratch/a2149a01/RAPCID_2610_output/backbone_filtered/backbone/RAPCID_backbone_rapcid_backbone_200_model_6.cif.gz	/scratch/a2149a01/RAPCID_2610_output/ligandmpnn_inputs/backbone/RAPCID_backbone_rapcid_backbone_200_model_6.pdb	A20 B14	A20:7.46A;B14:3.96A;
backbone	/scratch/a2149a01/RAPCID_2610_output/backbone_filtered/backbone/RAPCID_backbone_rapcid_backbone_202_model_1.cif.gz	/scratch/a2149a01/RAPCID_2610_output/ligandmpnn_inputs/backbone/RAPCID_backbone_rapcid_backbone_202_model_1.pdb	A20 B11	A20:7.46A;B11:4.03A;
backbone	/scratch/a2149a01/RAPCID_2610_output/backbone_filtered/backbone/RAPCID_backbone_rapcid_backbone_203_model_2.cif.gz	/scratch/a2149a01/RAPCID_2610_output/ligandmpnn_inputs/backbone/RAPCID_backbone_rapcid_backbone_203_model_2.pdb	A9 B8	A9:7.45A;B8:4.09A;
backbone	/scratch/a2149a01/RAPCID_2610_output/backbone_filtered/backbone/RAPCID_backbone_rapcid_backbone_203_model_3.cif.gz	/scratch/a2149a01/RAPCID_2610_output/ligandmpnn_inputs/backbone/RAPCID_backbone_rapcid_backbone_203_model_3.pdb	A9 B8	A9:7.45A;B8:4.03A;
backbone	/scratch/a2149a01/RAPCID_2610_output/backbone_filtered/backbone/RAPCID_backbone_rapcid_backbone_204_model_3.cif.gz	/scratch/a2149a01/RAPCID_2610_output/ligandmpnn_inputs/backbone/RAPCID_backbone_rapcid_backbone_204_model_3.pdb	A25 B8	A25:7.42A;B8:4.45A;
backbone	/scratch/a2149a01/RAPCID_2610_output/backbone_filtered/backbone/RAPCID_backbone_rapcid_backbone_205_model_2.cif.gz	/scratch/a2149a01/RAPCID_2610_output/ligandmpnn_inputs/backbone/RAPCID_backbone_rapcid_backbone_205_model_2.pdb	A26 B13	A26:7.46A;B13:3.25A;
backbone	/scratch/a2149a01/RAPCID_2610_output/backbone_filtered/backbone/RAPCID_backbone_rapcid_backbone_206_model_7.cif.gz	/scratch/a2149a01/RAPCID_2610_output/ligandmpnn_inputs/backbone/RAPCID_backbone_rapcid_backbone_206_model_7.pdb	B16 A16	B16:11.37A;A16:7.39A;
backbone	/scratch/a2149a01/RAPCID_2610_output/backbone_filtered/backbone/RAPCID_backbone_rapcid_backbone_208_model_3.cif.gz	/scratch/a2149a01/RAPCID_2610_output/ligandmpnn_inputs/backbone/RAPCID_backbone_rapcid_backbone_208_model_3.pdb	A11 B8	A11:7.45A;B8:4.20A;
backbone	/scratch/a2149a01/RAPCID_2610_output/backbone_filtered/backbone/RAPCID_backbone_rapcid_backbone_208_model_5.cif.gz	/scratch/a2149a01/RAPCID_2610_output/ligandmpnn_inputs/backbone/RAPCID_backbone_rapcid_backbone_208_model_5.pdb	A11 B8	A11:7.45A;B8:3.85A;
backbone	/scratch/a2149a01/RAPCID_2610_output/backbone_filtered/backbone/RAPCID_backbone_rapcid_backbone_20_model_5.cif.gz	/scratch/a2149a01/RAPCID_2610_output/ligandmpnn_inputs/backbone/RAPCID_backbone_rapcid_backbone_20_model_5.pdb	B15 A15	B15:3.27A;A15:7.41A;
backbone	/scratch/a2149a01/RAPCID_2610_output/backbone_filtered/backbone/RAPCID_backbone_rapcid_backbone_213_model_5.cif.gz	/scratch/a2149a01/RAPCID_2610_output/ligandmpnn_inputs/backbone/RAPCID_backbone_rapcid_backbone_213_model_5.pdb	B23 A8	B23:3.58A;A8:3.78A;
backbone	/scratch/a2149a01/RAPCID_2610_output/backbone_filtered/backbone/RAPCID_backbone_rapcid_backbone_213_model_7.cif.gz	/scratch/a2149a01/RAPCID_2610_output/ligandmpnn_inputs/backbone/RAPCID_backbone_rapcid_backbone_213_model_7.pdb	B11 A15	B11:14.06A;A15:3.52A;
backbone	/scratch/a2149a01/RAPCID_2610_output/backbone_filtered/backbone/RAPCID_backbone_rapcid_backbone_215_model_2.cif.gz	/scratch/a2149a01/RAPCID_2610_output/ligandmpnn_inputs/backbone/RAPCID_backbone_rapcid_backbone_215_model_2.pdb	A24 B28	A24:7.45A;B28:11.27A;
backbone	/scratch/a2149a01/RAPCID_2610_output/backbone_filtered/backbone/RAPCID_backbone_rapcid_backbone_215_model_5.cif.gz	/scratch/a2149a01/RAPCID_2610_output/ligandmpnn_inputs/backbone/RAPCID_backbone_rapcid_backbone_215_model_5.pdb	A24 B18	A24:7.45A;B18:2.42A;
backbone	/scratch/a2149a01/RAPCID_2610_output/backbone_filtered/backbone/RAPCID_backbone_rapcid_backbone_216_model_0.cif.gz	/scratch/a2149a01/RAPCID_2610_output/ligandmpnn_inputs/backbone/RAPCID_backbone_rapcid_backbone_216_model_0.pdb	A13 B33	A13:7.46A;B33:21.65A;
backbone	/scratch/a2149a01/RAPCID_2610_output/backbone_filtered/backbone/RAPCID_backbone_rapcid_backbone_216_model_1.cif.gz	/scratch/a2149a01/RAPCID_2610_output/ligandmpnn_inputs/backbone/RAPCID_backbone_rapcid_backbone_216_model_1.pdb	A13 B29	A13:7.46A;B29:16.72A;
backbone	/scratch/a2149a01/RAPCID_2610_output/backbone_filtered/backbone/RAPCID_backbone_rapcid_backbone_217_model_0.cif.gz	/scratch/a2149a01/RAPCID_2610_output/ligandmpnn_inputs/backbone/RAPCID_backbone_rapcid_backbone_217_model_0.pdb	B2 A10	B2:23.74A;A10:7.41A;
backbone	/scratch/a2149a01/RAPCID_2610_output/backbone_filtered/backbone/RAPCID_backbone_rapcid_backbone_217_model_7.cif.gz	/scratch/a2149a01/RAPCID_2610_output/ligandmpnn_inputs/backbone/RAPCID_backbone_rapcid_backbone_217_model_7.pdb	B3 A17	B3:24.51A;A17:6.86A;
backbone	/scratch/a2149a01/RAPCID_2610_output/backbone_filtered/backbone/RAPCID_backbone_rapcid_backbone_218_model_2.cif.gz	/scratch/a2149a01/RAPCID_2610_output/ligandmpnn_inputs/backbone/RAPCID_backbone_rapcid_backbone_218_model_2.pdb	B17 A26	B17:2.70A;A26:3.46A;
backbone	/scratch/a2149a01/RAPCID_2610_output/backbone_filtered/backbone/RAPCID_backbone_rapcid_backbone_218_model_4.cif.gz	/scratch/a2149a01/RAPCID_2610_output/ligandmpnn_inputs/backbone/RAPCID_backbone_rapcid_backbone_218_model_4.pdb	B18 A21	B18:6.54A;A21:7.44A;
backbone	/scratch/a2149a01/RAPCID_2610_output/backbone_filtered/backbone/RAPCID_backbone_rapcid_backbone_221_model_4.cif.gz	/scratch/a2149a01/RAPCID_2610_output/ligandmpnn_inputs/backbone/RAPCID_backbone_rapcid_backbone_221_model_4.pdb	B11 A6	B11:4.14A;A6:7.41A;
backbone	/scratch/a2149a01/RAPCID_2610_output/backbone_filtered/backbone/RAPCID_backbone_rapcid_backbone_222_model_0.cif.gz	/scratch/a2149a01/RAPCID_2610_output/ligandmpnn_inputs/backbone/RAPCID_backbone_rapcid_backbone_222_model_0.pdb	B8 A7	B8:31.94A;A7:7.41A;
backbone	/scratch/a2149a01/RAPCID_2610_output/backbone_filtered/backbone/RAPCID_backbone_rapcid_backbone_223_model_4.cif.gz	/scratch/a2149a01/RAPCID_2610_output/ligandmpnn_inputs/backbone/RAPCID_backbone_rapcid_backbone_223_model_4.pdb	B12 A12	B12:4.46A;A12:7.46A;
backbone	/scratch/a2149a01/RAPCID_2610_output/backbone_filtered/backbone/RAPCID_backbone_rapcid_backbone_223_model_6.cif.gz	/scratch/a2149a01/RAPCID_2610_output/ligandmpnn_inputs/backbone/RAPCID_backbone_rapcid_backbone_223_model_6.pdb	B20 A6	B20:2.39A;A6:2.42A;
backbone	/scratch/a2149a01/RAPCID_2610_output/backbone_filtered/backbone/RAPCID_backbone_rapcid_backbone_223_model_7.cif.gz	/scratch/a2149a01/RAPCID_2610_output/ligandmpnn_inputs/backbone/RAPCID_backbone_rapcid_backbone_223_model_7.pdb	B25 A12	B25:13.76A;A12:7.46A;
backbone	/scratch/a2149a01/RAPCID_2610_output/backbone_filtered/backbone/RAPCID_backbone_rapcid_backbone_226_model_4.cif.gz	/scratch/a2149a01/RAPCID_2610_output/ligandmpnn_inputs/backbone/RAPCID_backbone_rapcid_backbone_226_model_4.pdb	B26 A20	B26:3.57A;A20:7.46A;
backbone	/scratch/a2149a01/RAPCID_2610_output/backbone_filtered/backbone/RAPCID_backbone_rapcid_backbone_226_model_5.cif.gz	/scratch/a2149a01/RAPCID_2610_output/ligandmpnn_inputs/backbone/RAPCID_backbone_rapcid_backbone_226_model_5.pdb	B33 A20	B33:12.79A;A20:7.46A;
backbone	/scratch/a2149a01/RAPCID_2610_output/backbone_filtered/backbone/RAPCID_backbone_rapcid_backbone_227_model_6.cif.gz	/scratch/a2149a01/RAPCID_2610_output/ligandmpnn_inputs/backbone/RAPCID_backbone_rapcid_backbone_227_model_6.pdb	B27 A11	B27:4.40A;A11:7.37A;
backbone	/scratch/a2149a01/RAPCID_2610_output/backbone_filtered/backbone/RAPCID_backbone_rapcid_backbone_228_model_2.cif.gz	/scratch/a2149a01/RAPCID_2610_output/ligandmpnn_inputs/backbone/RAPCID_backbone_rapcid_backbone_228_model_2.pdb	A21 B27	A21:7.46A;B27:17.15A;
backbone	/scratch/a2149a01/RAPCID_2610_output/backbone_filtered/backbone/RAPCID_backbone_rapcid_backbone_228_model_3.cif.gz	/scratch/a2149a01/RAPCID_2610_output/ligandmpnn_inputs/backbone/RAPCID_backbone_rapcid_backbone_228_model_3.pdb	A21 B15	A21:7.46A;B15:4.50A;
backbone	/scratch/a2149a01/RAPCID_2610_output/backbone_filtered/backbone/RAPCID_backbone_rapcid_backbone_228_model_5.cif.gz	/scratch/a2149a01/RAPCID_2610_output/ligandmpnn_inputs/backbone/RAPCID_backbone_rapcid_backbone_228_model_5.pdb	A21 B20	A21:7.46A;B20:12.44A;
backbone	/scratch/a2149a01/RAPCID_2610_output/backbone_filtered/backbone/RAPCID_backbone_rapcid_backbone_22_model_3.cif.gz	/scratch/a2149a01/RAPCID_2610_output/ligandmpnn_inputs/backbone/RAPCID_backbone_rapcid_backbone_22_model_3.pdb	A21 B26	A21:7.46A;B26:24.06A;
backbone	/scratch/a2149a01/RAPCID_2610_output/backbone_filtered/backbone/RAPCID_backbone_rapcid_backbone_22_model_5.cif.gz	/scratch/a2149a01/RAPCID_2610_output/ligandmpnn_inputs/backbone/RAPCID_backbone_rapcid_backbone_22_model_5.pdb	A21 B2	A21:7.46A;B2:3.23A;
backbone	/scratch/a2149a01/RAPCID_2610_output/backbone_filtered/backbone/RAPCID_backbone_rapcid_backbone_230_model_3.cif.gz	/scratch/a2149a01/RAPCID_2610_output/ligandmpnn_inputs/backbone/RAPCID_backbone_rapcid_backbone_230_model_3.pdb	A19 B12	A19:7.44A;B12:3.25A;
backbone	/scratch/a2149a01/RAPCID_2610_output/backbone_filtered/backbone/RAPCID_backbone_rapcid_backbone_231_model_4.cif.gz	/scratch/a2149a01/RAPCID_2610_output/ligandmpnn_inputs/backbone/RAPCID_backbone_rapcid_backbone_231_model_4.pdb	A8 B8	A8:7.46A;B8:4.45A;
backbone	/scratch/a2149a01/RAPCID_2610_output/backbone_filtered/backbone/RAPCID_backbone_rapcid_backbone_234_model_5.cif.gz	/scratch/a2149a01/RAPCID_2610_output/ligandmpnn_inputs/backbone/RAPCID_backbone_rapcid_backbone_234_model_5.pdb	B40 A19	B40:23.77A;A19:7.46A;
backbone	/scratch/a2149a01/RAPCID_2610_output/backbone_filtered/backbone/RAPCID_backbone_rapcid_backbone_235_model_2.cif.gz	/scratch/a2149a01/RAPCID_2610_output/ligandmpnn_inputs/backbone/RAPCID_backbone_rapcid_backbone_235_model_2.pdb	B21 A11	B21:4.25A;A11:7.45A;
backbone	/scratch/a2149a01/RAPCID_2610_output/backbone_filtered/backbone/RAPCID_backbone_rapcid_backbone_235_model_3.cif.gz	/scratch/a2149a01/RAPCID_2610_output/ligandmpnn_inputs/backbone/RAPCID_backbone_rapcid_backbone_235_model_3.pdb	B16 A11	B16:2.23A;A11:7.45A;
backbone	/scratch/a2149a01/RAPCID_2610_output/backbone_filtered/backbone/RAPCID_backbone_rapcid_backbone_238_model_2.cif.gz	/scratch/a2149a01/RAPCID_2610_output/ligandmpnn_inputs/backbone/RAPCID_backbone_rapcid_backbone_238_model_2.pdb	B1 A9	B1:7.80A;A9:7.45A;
backbone	/scratch/a2149a01/RAPCID_2610_output/backbone_filtered/backbone/RAPCID_backbone_rapcid_backbone_239_model_0.cif.gz	/scratch/a2149a01/RAPCID_2610_output/ligandmpnn_inputs/backbone/RAPCID_backbone_rapcid_backbone_239_model_0.pdb	A14 B16	A14:7.48A;B16:4.20A;
backbone	/scratch/a2149a01/RAPCID_2610_output/backbone_filtered/backbone/RAPCID_backbone_rapcid_backbone_239_model_1.cif.gz	/scratch/a2149a01/RAPCID_2610_output/ligandmpnn_inputs/backbone/RAPCID_backbone_rapcid_backbone_239_model_1.pdb	A16 B5	A16:3.31A;B5:5.69A;
backbone	/scratch/a2149a01/RAPCID_2610_output/backbone_filtered/backbone/RAPCID_backbone_rapcid_backbone_239_model_7.cif.gz	/scratch/a2149a01/RAPCID_2610_output/ligandmpnn_inputs/backbone/RAPCID_backbone_rapcid_backbone_239_model_7.pdb	A14 B16	A14:7.48A;B16:4.33A;
backbone	/scratch/a2149a01/RAPCID_2610_output/backbone_filtered/backbone/RAPCID_backbone_rapcid_backbone_23_model_1.cif.gz	/scratch/a2149a01/RAPCID_2610_output/ligandmpnn_inputs/backbone/RAPCID_backbone_rapcid_backbone_23_model_1.pdb	B22 A8	B22:3.48A;A8:7.40A;
backbone	/scratch/a2149a01/RAPCID_2610_output/backbone_filtered/backbone/RAPCID_backbone_rapcid_backbone_23_model_4.cif.gz	/scratch/a2149a01/RAPCID_2610_output/ligandmpnn_inputs/backbone/RAPCID_backbone_rapcid_backbone_23_model_4.pdb	B26 A8	B26:2.64A;A8:7.40A;
backbone	/scratch/a2149a01/RAPCID_2610_output/backbone_filtered/backbone/RAPCID_backbone_rapcid_backbone_240_model_0.cif.gz	/scratch/a2149a01/RAPCID_2610_output/ligandmpnn_inputs/backbone/RAPCID_backbone_rapcid_backbone_240_model_0.pdb	B18 A21	B18:8.85A;A21:7.44A;
backbone	/scratch/a2149a01/RAPCID_2610_output/backbone_filtered/backbone/RAPCID_backbone_rapcid_backbone_240_model_5.cif.gz	/scratch/a2149a01/RAPCID_2610_output/ligandmpnn_inputs/backbone/RAPCID_backbone_rapcid_backbone_240_model_5.pdb	B34 A21	B34:29.70A;A21:7.44A;
backbone	/scratch/a2149a01/RAPCID_2610_output/backbone_filtered/backbone/RAPCID_backbone_rapcid_backbone_241_model_1.cif.gz	/scratch/a2149a01/RAPCID_2610_output/ligandmpnn_inputs/backbone/RAPCID_backbone_rapcid_backbone_241_model_1.pdb	B14 A6	B14:4.38A;A6:7.47A;
backbone	/scratch/a2149a01/RAPCID_2610_output/backbone_filtered/backbone/RAPCID_backbone_rapcid_backbone_241_model_3.cif.gz	/scratch/a2149a01/RAPCID_2610_output/ligandmpnn_inputs/backbone/RAPCID_backbone_rapcid_backbone_241_model_3.pdb	B14 A6	B14:4.09A;A6:7.47A;
backbone	/scratch/a2149a01/RAPCID_2610_output/backbone_filtered/backbone/RAPCID_backbone_rapcid_backbone_242_model_0.cif.gz	/scratch/a2149a01/RAPCID_2610_output/ligandmpnn_inputs/backbone/RAPCID_backbone_rapcid_backbone_242_model_0.pdb	A17 B14	A17:7.45A;B14:3.19A;
backbone	/scratch/a2149a01/RAPCID_2610_output/backbone_filtered/backbone/RAPCID_backbone_rapcid_backbone_242_model_5.cif.gz	/scratch/a2149a01/RAPCID_2610_output/ligandmpnn_inputs/backbone/RAPCID_backbone_rapcid_backbone_242_model_5.pdb	A17 B23	A17:7.45A;B23:4.29A;
backbone	/scratch/a2149a01/RAPCID_2610_output/backbone_filtered/backbone/RAPCID_backbone_rapcid_backbone_242_model_7.cif.gz	/scratch/a2149a01/RAPCID_2610_output/ligandmpnn_inputs/backbone/RAPCID_backbone_rapcid_backbone_242_model_7.pdb	A21 B14	A21:2.46A;B14:3.13A;
backbone	/scratch/a2149a01/RAPCID_2610_output/backbone_filtered/backbone/RAPCID_backbone_rapcid_backbone_244_model_4.cif.gz	/scratch/a2149a01/RAPCID_2610_output/ligandmpnn_inputs/backbone/RAPCID_backbone_rapcid_backbone_244_model_4.pdb	B2 A12	B2:25.75A;A12:7.45A;
backbone	/scratch/a2149a01/RAPCID_2610_output/backbone_filtered/backbone/RAPCID_backbone_rapcid_backbone_248_model_1.cif.gz	/scratch/a2149a01/RAPCID_2610_output/ligandmpnn_inputs/backbone/RAPCID_backbone_rapcid_backbone_248_model_1.pdb	A18 B10	A18:7.41A;B10:4.11A;
backbone	/scratch/a2149a01/RAPCID_2610_output/backbone_filtered/backbone/RAPCID_backbone_rapcid_backbone_248_model_3.cif.gz	/scratch/a2149a01/RAPCID_2610_output/ligandmpnn_inputs/backbone/RAPCID_backbone_rapcid_backbone_248_model_3.pdb	A18 B10	A18:7.41A;B10:4.46A;
backbone	/scratch/a2149a01/RAPCID_2610_output/backbone_filtered/backbone/RAPCID_backbone_rapcid_backbone_249_model_4.cif.gz	/scratch/a2149a01/RAPCID_2610_output/ligandmpnn_inputs/backbone/RAPCID_backbone_rapcid_backbone_249_model_4.pdb	A9 B11	A9:7.42A;B11:4.41A;
backbone	/scratch/a2149a01/RAPCID_2610_output/backbone_filtered/backbone/RAPCID_backbone_rapcid_backbone_24_model_3.cif.gz	/scratch/a2149a01/RAPCID_2610_output/ligandmpnn_inputs/backbone/RAPCID_backbone_rapcid_backbone_24_model_3.pdb	B13 A12	B13:3.70A;A12:7.37A;
backbone	/scratch/a2149a01/RAPCID_2610_output/backbone_filtered/backbone/RAPCID_backbone_rapcid_backbone_24_model_4.cif.gz	/scratch/a2149a01/RAPCID_2610_output/ligandmpnn_inputs/backbone/RAPCID_backbone_rapcid_backbone_24_model_4.pdb	B23 A12	B23:13.64A;A12:7.37A;
backbone	/scratch/a2149a01/RAPCID_2610_output/backbone_filtered/backbone/RAPCID_backbone_rapcid_backbone_25_model_7.cif.gz	/scratch/a2149a01/RAPCID_2610_output/ligandmpnn_inputs/backbone/RAPCID_backbone_rapcid_backbone_25_model_7.pdb	B18 A25	B18:4.44A;A25:7.47A;
backbone	/scratch/a2149a01/RAPCID_2610_output/backbone_filtered/backbone/RAPCID_backbone_rapcid_backbone_29_model_0.cif.gz	/scratch/a2149a01/RAPCID_2610_output/ligandmpnn_inputs/backbone/RAPCID_backbone_rapcid_backbone_29_model_0.pdb	A14 B3	A14:7.47A;B3:3.54A;
backbone	/scratch/a2149a01/RAPCID_2610_output/backbone_filtered/backbone/RAPCID_backbone_rapcid_backbone_29_model_3.cif.gz	/scratch/a2149a01/RAPCID_2610_output/ligandmpnn_inputs/backbone/RAPCID_backbone_rapcid_backbone_29_model_3.pdb	A14 B9	A14:7.47A;B9:3.81A;
backbone	/scratch/a2149a01/RAPCID_2610_output/backbone_filtered/backbone/RAPCID_backbone_rapcid_backbone_2_model_6.cif.gz	/scratch/a2149a01/RAPCID_2610_output/ligandmpnn_inputs/backbone/RAPCID_backbone_rapcid_backbone_2_model_6.pdb	A21 B15	A21:3.17A;B15:7.82A;
backbone	/scratch/a2149a01/RAPCID_2610_output/backbone_filtered/backbone/RAPCID_backbone_rapcid_backbone_30_model_3.cif.gz	/scratch/a2149a01/RAPCID_2610_output/ligandmpnn_inputs/backbone/RAPCID_backbone_rapcid_backbone_30_model_3.pdb	B18 A6	B18:2.91A;A6:7.48A;
backbone	/scratch/a2149a01/RAPCID_2610_output/backbone_filtered/backbone/RAPCID_backbone_rapcid_backbone_33_model_2.cif.gz	/scratch/a2149a01/RAPCID_2610_output/ligandmpnn_inputs/backbone/RAPCID_backbone_rapcid_backbone_33_model_2.pdb	A17 B9	A17:7.39A;B9:3.55A;
backbone	/scratch/a2149a01/RAPCID_2610_output/backbone_filtered/backbone/RAPCID_backbone_rapcid_backbone_34_model_3.cif.gz	/scratch/a2149a01/RAPCID_2610_output/ligandmpnn_inputs/backbone/RAPCID_backbone_rapcid_backbone_34_model_3.pdb	B4 A16	B4:22.72A;A16:7.41A;
backbone	/scratch/a2149a01/RAPCID_2610_output/backbone_filtered/backbone/RAPCID_backbone_rapcid_backbone_35_model_4.cif.gz	/scratch/a2149a01/RAPCID_2610_output/ligandmpnn_inputs/backbone/RAPCID_backbone_rapcid_backbone_35_model_4.pdb	A26 B25	A26:7.46A;B25:9.48A;
backbone	/scratch/a2149a01/RAPCID_2610_output/backbone_filtered/backbone/RAPCID_backbone_rapcid_backbone_37_model_2.cif.gz	/scratch/a2149a01/RAPCID_2610_output/ligandmpnn_inputs/backbone/RAPCID_backbone_rapcid_backbone_37_model_2.pdb	B22 A14	B22:7.29A;A14:7.46A;
backbone	/scratch/a2149a01/RAPCID_2610_output/backbone_filtered/backbone/RAPCID_backbone_rapcid_backbone_37_model_4.cif.gz	/scratch/a2149a01/RAPCID_2610_output/ligandmpnn_inputs/backbone/RAPCID_backbone_rapcid_backbone_37_model_4.pdb	B29 A14	B29:19.09A;A14:7.46A;
backbone	/scratch/a2149a01/RAPCID_2610_output/backbone_filtered/backbone/RAPCID_backbone_rapcid_backbone_37_model_7.cif.gz	/scratch/a2149a01/RAPCID_2610_output/ligandmpnn_inputs/backbone/RAPCID_backbone_rapcid_backbone_37_model_7.pdb	B25 A21	B25:4.66A;A21:3.20A;
backbone	/scratch/a2149a01/RAPCID_2610_output/backbone_filtered/backbone/RAPCID_backbone_rapcid_backbone_40_model_7.cif.gz	/scratch/a2149a01/RAPCID_2610_output/ligandmpnn_inputs/backbone/RAPCID_backbone_rapcid_backbone_40_model_7.pdb	B20 A25	B20:3.15A;A25:7.45A;
backbone	/scratch/a2149a01/RAPCID_2610_output/backbone_filtered/backbone/RAPCID_backbone_rapcid_backbone_42_model_1.cif.gz	/scratch/a2149a01/RAPCID_2610_output/ligandmpnn_inputs/backbone/RAPCID_backbone_rapcid_backbone_42_model_1.pdb	A17 B7	A17:7.45A;B7:10.75A;
backbone	/scratch/a2149a01/RAPCID_2610_output/backbone_filtered/backbone/RAPCID_backbone_rapcid_backbone_44_model_1.cif.gz	/scratch/a2149a01/RAPCID_2610_output/ligandmpnn_inputs/backbone/RAPCID_backbone_rapcid_backbone_44_model_1.pdb	A20 B8	A20:7.41A;B8:3.77A;
backbone	/scratch/a2149a01/RAPCID_2610_output/backbone_filtered/backbone/RAPCID_backbone_rapcid_backbone_44_model_2.cif.gz	/scratch/a2149a01/RAPCID_2610_output/ligandmpnn_inputs/backbone/RAPCID_backbone_rapcid_backbone_44_model_2.pdb	A20 B1	A20:7.41A;B1:5.25A;
backbone	/scratch/a2149a01/RAPCID_2610_output/backbone_filtered/backbone/RAPCID_backbone_rapcid_backbone_45_model_0.cif.gz	/scratch/a2149a01/RAPCID_2610_output/ligandmpnn_inputs/backbone/RAPCID_backbone_rapcid_backbone_45_model_0.pdb	B18 A23	B18:7.65A;A23:7.44A;
backbone	/scratch/a2149a01/RAPCID_2610_output/backbone_filtered/backbone/RAPCID_backbone_rapcid_backbone_46_model_4.cif.gz	/scratch/a2149a01/RAPCID_2610_output/ligandmpnn_inputs/backbone/RAPCID_backbone_rapcid_backbone_46_model_4.pdb	A24 B29	A24:7.43A;B29:33.16A;
backbone	/scratch/a2149a01/RAPCID_2610_output/backbone_filtered/backbone/RAPCID_backbone_rapcid_backbone_49_model_3.cif.gz	/scratch/a2149a01/RAPCID_2610_output/ligandmpnn_inputs/backbone/RAPCID_backbone_rapcid_backbone_49_model_3.pdb	A23 B15	A23:7.45A;B15:3.98A;
backbone	/scratch/a2149a01/RAPCID_2610_output/backbone_filtered/backbone/RAPCID_backbone_rapcid_backbone_50_model_5.cif.gz	/scratch/a2149a01/RAPCID_2610_output/ligandmpnn_inputs/backbone/RAPCID_backbone_rapcid_backbone_50_model_5.pdb	A14 B9	A14:7.43A;B9:3.64A;
backbone	/scratch/a2149a01/RAPCID_2610_output/backbone_filtered/backbone/RAPCID_backbone_rapcid_backbone_50_model_6.cif.gz	/scratch/a2149a01/RAPCID_2610_output/ligandmpnn_inputs/backbone/RAPCID_backbone_rapcid_backbone_50_model_6.pdb	A14 B12	A14:7.43A;B12:4.45A;
backbone	/scratch/a2149a01/RAPCID_2610_output/backbone_filtered/backbone/RAPCID_backbone_rapcid_backbone_53_model_2.cif.gz	/scratch/a2149a01/RAPCID_2610_output/ligandmpnn_inputs/backbone/RAPCID_backbone_rapcid_backbone_53_model_2.pdb	B21 A11	B21:3.51A;A11:7.39A;
backbone	/scratch/a2149a01/RAPCID_2610_output/backbone_filtered/backbone/RAPCID_backbone_rapcid_backbone_53_model_7.cif.gz	/scratch/a2149a01/RAPCID_2610_output/ligandmpnn_inputs/backbone/RAPCID_backbone_rapcid_backbone_53_model_7.pdb	B19 A11	B19:3.77A;A11:7.39A;
backbone	/scratch/a2149a01/RAPCID_2610_output/backbone_filtered/backbone/RAPCID_backbone_rapcid_backbone_54_model_1.cif.gz	/scratch/a2149a01/RAPCID_2610_output/ligandmpnn_inputs/backbone/RAPCID_backbone_rapcid_backbone_54_model_1.pdb	A12 B19	A12:7.46A;B19:9.01A;
backbone	/scratch/a2149a01/RAPCID_2610_output/backbone_filtered/backbone/RAPCID_backbone_rapcid_backbone_54_model_5.cif.gz	/scratch/a2149a01/RAPCID_2610_output/ligandmpnn_inputs/backbone/RAPCID_backbone_rapcid_backbone_54_model_5.pdb	A12 B15	A12:7.46A;B15:4.19A;
backbone	/scratch/a2149a01/RAPCID_2610_output/backbone_filtered/backbone/RAPCID_backbone_rapcid_backbone_55_model_5.cif.gz	/scratch/a2149a01/RAPCID_2610_output/ligandmpnn_inputs/backbone/RAPCID_backbone_rapcid_backbone_55_model_5.pdb	B10 A19	B10:2.69A;A19:7.41A;
backbone	/scratch/a2149a01/RAPCID_2610_output/backbone_filtered/backbone/RAPCID_backbone_rapcid_backbone_56_model_5.cif.gz	/scratch/a2149a01/RAPCID_2610_output/ligandmpnn_inputs/backbone/RAPCID_backbone_rapcid_backbone_56_model_5.pdb	B22 A23	B22:3.40A;A23:7.45A;
backbone	/scratch/a2149a01/RAPCID_2610_output/backbone_filtered/backbone/RAPCID_backbone_rapcid_backbone_56_model_6.cif.gz	/scratch/a2149a01/RAPCID_2610_output/ligandmpnn_inputs/backbone/RAPCID_backbone_rapcid_backbone_56_model_6.pdb	B22 A23	B22:3.99A;A23:7.45A;
backbone	/scratch/a2149a01/RAPCID_2610_output/backbone_filtered/backbone/RAPCID_backbone_rapcid_backbone_5_model_0.cif.gz	/scratch/a2149a01/RAPCID_2610_output/ligandmpnn_inputs/backbone/RAPCID_backbone_rapcid_backbone_5_model_0.pdb	A9 B9	A9:7.47A;B9:3.48A;
backbone	/scratch/a2149a01/RAPCID_2610_output/backbone_filtered/backbone/RAPCID_backbone_rapcid_backbone_60_model_0.cif.gz	/scratch/a2149a01/RAPCID_2610_output/ligandmpnn_inputs/backbone/RAPCID_backbone_rapcid_backbone_60_model_0.pdb	A10 B14	A10:7.46A;B14:7.50A;
backbone	/scratch/a2149a01/RAPCID_2610_output/backbone_filtered/backbone/RAPCID_backbone_rapcid_backbone_60_model_4.cif.gz	/scratch/a2149a01/RAPCID_2610_output/ligandmpnn_inputs/backbone/RAPCID_backbone_rapcid_backbone_60_model_4.pdb	A10 B12	A10:7.46A;B12:3.75A;
backbone	/scratch/a2149a01/RAPCID_2610_output/backbone_filtered/backbone/RAPCID_backbone_rapcid_backbone_61_model_2.cif.gz	/scratch/a2149a01/RAPCID_2610_output/ligandmpnn_inputs/backbone/RAPCID_backbone_rapcid_backbone_61_model_2.pdb	B32 A13	B32:23.83A;A13:7.41A;
backbone	/scratch/a2149a01/RAPCID_2610_output/backbone_filtered/backbone/RAPCID_backbone_rapcid_backbone_61_model_7.cif.gz	/scratch/a2149a01/RAPCID_2610_output/ligandmpnn_inputs/backbone/RAPCID_backbone_rapcid_backbone_61_model_7.pdb	B14 A13	B14:3.53A;A13:7.41A;
backbone	/scratch/a2149a01/RAPCID_2610_output/backbone_filtered/backbone/RAPCID_backbone_rapcid_backbone_63_model_7.cif.gz	/scratch/a2149a01/RAPCID_2610_output/ligandmpnn_inputs/backbone/RAPCID_backbone_rapcid_backbone_63_model_7.pdb	B17 A25	B17:6.64A;A25:7.47A;
backbone	/scratch/a2149a01/RAPCID_2610_output/backbone_filtered/backbone/RAPCID_backbone_rapcid_backbone_64_model_2.cif.gz	/scratch/a2149a01/RAPCID_2610_output/ligandmpnn_inputs/backbone/RAPCID_backbone_rapcid_backbone_64_model_2.pdb	A28 B10	A28:5.56A;B10:4.19A;
backbone	/scratch/a2149a01/RAPCID_2610_output/backbone_filtered/backbone/RAPCID_backbone_rapcid_backbone_64_model_7.cif.gz	/scratch/a2149a01/RAPCID_2610_output/ligandmpnn_inputs/backbone/RAPCID_backbone_rapcid_backbone_64_model_7.pdb	A25 B1	A25:7.43A;B1:5.65A;
backbone	/scratch/a2149a01/RAPCID_2610_output/backbone_filtered/backbone/RAPCID_backbone_rapcid_backbone_65_model_1.cif.gz	/scratch/a2149a01/RAPCID_2610_output/ligandmpnn_inputs/backbone/RAPCID_backbone_rapcid_backbone_65_model_1.pdb	A7 B5	A7:7.48A;B5:4.24A;
backbone	/scratch/a2149a01/RAPCID_2610_output/backbone_filtered/backbone/RAPCID_backbone_rapcid_backbone_65_model_7.cif.gz	/scratch/a2149a01/RAPCID_2610_output/ligandmpnn_inputs/backbone/RAPCID_backbone_rapcid_backbone_65_model_7.pdb	A7 B18	A7:7.48A;B18:7.51A;
backbone	/scratch/a2149a01/RAPCID_2610_output/backbone_filtered/backbone/RAPCID_backbone_rapcid_backbone_66_model_1.cif.gz	/scratch/a2149a01/RAPCID_2610_output/ligandmpnn_inputs/backbone/RAPCID_backbone_rapcid_backbone_66_model_1.pdb	A19 B19	A19:7.45A;B19:12.08A;
backbone	/scratch/a2149a01/RAPCID_2610_output/backbone_filtered/backbone/RAPCID_backbone_rapcid_backbone_68_model_5.cif.gz	/scratch/a2149a01/RAPCID_2610_output/ligandmpnn_inputs/backbone/RAPCID_backbone_rapcid_backbone_68_model_5.pdb	B15 A25	B15:2.82A;A25:7.45A;
backbone	/scratch/a2149a01/RAPCID_2610_output/backbone_filtered/backbone/RAPCID_backbone_rapcid_backbone_68_model_7.cif.gz	/scratch/a2149a01/RAPCID_2610_output/ligandmpnn_inputs/backbone/RAPCID_backbone_rapcid_backbone_68_model_7.pdb	B27 A25	B27:8.01A;A25:7.45A;
backbone	/scratch/a2149a01/RAPCID_2610_output/backbone_filtered/backbone/RAPCID_backbone_rapcid_backbone_69_model_6.cif.gz	/scratch/a2149a01/RAPCID_2610_output/ligandmpnn_inputs/backbone/RAPCID_backbone_rapcid_backbone_69_model_6.pdb	A26 B19	A26:2.11A;B19:4.05A;
backbone	/scratch/a2149a01/RAPCID_2610_output/backbone_filtered/backbone/RAPCID_backbone_rapcid_backbone_6_model_2.cif.gz	/scratch/a2149a01/RAPCID_2610_output/ligandmpnn_inputs/backbone/RAPCID_backbone_rapcid_backbone_6_model_2.pdb	A9 B18	A9:7.46A;B18:4.23A;
backbone	/scratch/a2149a01/RAPCID_2610_output/backbone_filtered/backbone/RAPCID_backbone_rapcid_backbone_6_model_4.cif.gz	/scratch/a2149a01/RAPCID_2610_output/ligandmpnn_inputs/backbone/RAPCID_backbone_rapcid_backbone_6_model_4.pdb	A12 B18	A12:4.64A;B18:4.36A;
backbone	/scratch/a2149a01/RAPCID_2610_output/backbone_filtered/backbone/RAPCID_backbone_rapcid_backbone_71_model_6.cif.gz	/scratch/a2149a01/RAPCID_2610_output/ligandmpnn_inputs/backbone/RAPCID_backbone_rapcid_backbone_71_model_6.pdb	B4 A13	B4:4.02A;A13:7.47A;
backbone	/scratch/a2149a01/RAPCID_2610_output/backbone_filtered/backbone/RAPCID_backbone_rapcid_backbone_72_model_2.cif.gz	/scratch/a2149a01/RAPCID_2610_output/ligandmpnn_inputs/backbone/RAPCID_backbone_rapcid_backbone_72_model_2.pdb	B42 A20	B42:26.21A;A20:7.47A;
backbone	/scratch/a2149a01/RAPCID_2610_output/backbone_filtered/backbone/RAPCID_backbone_rapcid_backbone_72_model_3.cif.gz	/scratch/a2149a01/RAPCID_2610_output/ligandmpnn_inputs/backbone/RAPCID_backbone_rapcid_backbone_72_model_3.pdb	B25 A20	B25:3.67A;A20:7.47A;
backbone	/scratch/a2149a01/RAPCID_2610_output/backbone_filtered/backbone/RAPCID_backbone_rapcid_backbone_73_model_4.cif.gz	/scratch/a2149a01/RAPCID_2610_output/ligandmpnn_inputs/backbone/RAPCID_backbone_rapcid_backbone_73_model_4.pdb	A23 B29	A23:7.46A;B29:14.56A;
backbone	/scratch/a2149a01/RAPCID_2610_output/backbone_filtered/backbone/RAPCID_backbone_rapcid_backbone_75_model_2.cif.gz	/scratch/a2149a01/RAPCID_2610_output/ligandmpnn_inputs/backbone/RAPCID_backbone_rapcid_backbone_75_model_2.pdb	A10 B7	A10:7.39A;B7:3.74A;
backbone	/scratch/a2149a01/RAPCID_2610_output/backbone_filtered/backbone/RAPCID_backbone_rapcid_backbone_76_model_1.cif.gz	/scratch/a2149a01/RAPCID_2610_output/ligandmpnn_inputs/backbone/RAPCID_backbone_rapcid_backbone_76_model_1.pdb	B9 A14	B9:4.24A;A14:7.41A;
backbone	/scratch/a2149a01/RAPCID_2610_output/backbone_filtered/backbone/RAPCID_backbone_rapcid_backbone_76_model_5.cif.gz	/scratch/a2149a01/RAPCID_2610_output/ligandmpnn_inputs/backbone/RAPCID_backbone_rapcid_backbone_76_model_5.pdb	B8 A14	B8:7.61A;A14:7.41A;
backbone	/scratch/a2149a01/RAPCID_2610_output/backbone_filtered/backbone/RAPCID_backbone_rapcid_backbone_77_model_6.cif.gz	/scratch/a2149a01/RAPCID_2610_output/ligandmpnn_inputs/backbone/RAPCID_backbone_rapcid_backbone_77_model_6.pdb	A29 B11	A29:3.16A;B11:4.33A;
backbone	/scratch/a2149a01/RAPCID_2610_output/backbone_filtered/backbone/RAPCID_backbone_rapcid_backbone_78_model_0.cif.gz	/scratch/a2149a01/RAPCID_2610_output/ligandmpnn_inputs/backbone/RAPCID_backbone_rapcid_backbone_78_model_0.pdb	B7 A9	B7:5.51A;A9:7.47A;
backbone	/scratch/a2149a01/RAPCID_2610_output/backbone_filtered/backbone/RAPCID_backbone_rapcid_backbone_78_model_2.cif.gz	/scratch/a2149a01/RAPCID_2610_output/ligandmpnn_inputs/backbone/RAPCID_backbone_rapcid_backbone_78_model_2.pdb	B26 A9	B26:25.59A;A9:7.47A;
backbone	/scratch/a2149a01/RAPCID_2610_output/backbone_filtered/backbone/RAPCID_backbone_rapcid_backbone_78_model_4.cif.gz	/scratch/a2149a01/RAPCID_2610_output/ligandmpnn_inputs/backbone/RAPCID_backbone_rapcid_backbone_78_model_4.pdb	B18 A9	B18:4.22A;A9:7.47A;
backbone	/scratch/a2149a01/RAPCID_2610_output/backbone_filtered/backbone/RAPCID_backbone_rapcid_backbone_79_model_4.cif.gz	/scratch/a2149a01/RAPCID_2610_output/ligandmpnn_inputs/backbone/RAPCID_backbone_rapcid_backbone_79_model_4.pdb	B8 A14	B8:3.94A;A14:7.44A;
backbone	/scratch/a2149a01/RAPCID_2610_output/backbone_filtered/backbone/RAPCID_backbone_rapcid_backbone_79_model_7.cif.gz	/scratch/a2149a01/RAPCID_2610_output/ligandmpnn_inputs/backbone/RAPCID_backbone_rapcid_backbone_79_model_7.pdb	B11 A14	B11:4.43A;A14:7.44A;
backbone	/scratch/a2149a01/RAPCID_2610_output/backbone_filtered/backbone/RAPCID_backbone_rapcid_backbone_7_model_3.cif.gz	/scratch/a2149a01/RAPCID_2610_output/ligandmpnn_inputs/backbone/RAPCID_backbone_rapcid_backbone_7_model_3.pdb	B21 A9	B21:9.80A;A9:7.39A;
backbone	/scratch/a2149a01/RAPCID_2610_output/backbone_filtered/backbone/RAPCID_backbone_rapcid_backbone_80_model_2.cif.gz	/scratch/a2149a01/RAPCID_2610_output/ligandmpnn_inputs/backbone/RAPCID_backbone_rapcid_backbone_80_model_2.pdb	A18 B8	A18:7.47A;B8:4.08A;
backbone	/scratch/a2149a01/RAPCID_2610_output/backbone_filtered/backbone/RAPCID_backbone_rapcid_backbone_81_model_0.cif.gz	/scratch/a2149a01/RAPCID_2610_output/ligandmpnn_inputs/backbone/RAPCID_backbone_rapcid_backbone_81_model_0.pdb	B11 A7	B11:3.81A;A7:7.43A;
backbone	/scratch/a2149a01/RAPCID_2610_output/backbone_filtered/backbone/RAPCID_backbone_rapcid_backbone_81_model_7.cif.gz	/scratch/a2149a01/RAPCID_2610_output/ligandmpnn_inputs/backbone/RAPCID_backbone_rapcid_backbone_81_model_7.pdb	B8 A7	B8:3.68A;A7:7.43A;
backbone	/scratch/a2149a01/RAPCID_2610_output/backbone_filtered/backbone/RAPCID_backbone_rapcid_backbone_83_model_2.cif.gz	/scratch/a2149a01/RAPCID_2610_output/ligandmpnn_inputs/backbone/RAPCID_backbone_rapcid_backbone_83_model_2.pdb	A14 B18	A14:4.56A;B18:4.30A;
backbone	/scratch/a2149a01/RAPCID_2610_output/backbone_filtered/backbone/RAPCID_backbone_rapcid_backbone_83_model_5.cif.gz	/scratch/a2149a01/RAPCID_2610_output/ligandmpnn_inputs/backbone/RAPCID_backbone_rapcid_backbone_83_model_5.pdb	A11 B13	A11:7.45A;B13:6.36A;
backbone	/scratch/a2149a01/RAPCID_2610_output/backbone_filtered/backbone/RAPCID_backbone_rapcid_backbone_84_model_6.cif.gz	/scratch/a2149a01/RAPCID_2610_output/ligandmpnn_inputs/backbone/RAPCID_backbone_rapcid_backbone_84_model_6.pdb	B32 A8	B32:22.92A;A8:7.42A;
backbone	/scratch/a2149a01/RAPCID_2610_output/backbone_filtered/backbone/RAPCID_backbone_rapcid_backbone_85_model_5.cif.gz	/scratch/a2149a01/RAPCID_2610_output/ligandmpnn_inputs/backbone/RAPCID_backbone_rapcid_backbone_85_model_5.pdb	A19 B16	A19:7.44A;B16:13.26A;
backbone	/scratch/a2149a01/RAPCID_2610_output/backbone_filtered/backbone/RAPCID_backbone_rapcid_backbone_86_model_1.cif.gz	/scratch/a2149a01/RAPCID_2610_output/ligandmpnn_inputs/backbone/RAPCID_backbone_rapcid_backbone_86_model_1.pdb	A19 B10	A19:7.40A;B10:10.77A;
backbone	/scratch/a2149a01/RAPCID_2610_output/backbone_filtered/backbone/RAPCID_backbone_rapcid_backbone_86_model_2.cif.gz	/scratch/a2149a01/RAPCID_2610_output/ligandmpnn_inputs/backbone/RAPCID_backbone_rapcid_backbone_86_model_2.pdb	A19 B6	A19:7.40A;B6:15.24A;
backbone	/scratch/a2149a01/RAPCID_2610_output/backbone_filtered/backbone/RAPCID_backbone_rapcid_backbone_87_model_3.cif.gz	/scratch/a2149a01/RAPCID_2610_output/ligandmpnn_inputs/backbone/RAPCID_backbone_rapcid_backbone_87_model_3.pdb	A19 B19	A19:7.47A;B19:4.11A;
backbone	/scratch/a2149a01/RAPCID_2610_output/backbone_filtered/backbone/RAPCID_backbone_rapcid_backbone_89_model_4.cif.gz	/scratch/a2149a01/RAPCID_2610_output/ligandmpnn_inputs/backbone/RAPCID_backbone_rapcid_backbone_89_model_4.pdb	A24 B17	A24:7.46A;B17:4.17A;
backbone	/scratch/a2149a01/RAPCID_2610_output/backbone_filtered/backbone/RAPCID_backbone_rapcid_backbone_89_model_6.cif.gz	/scratch/a2149a01/RAPCID_2610_output/ligandmpnn_inputs/backbone/RAPCID_backbone_rapcid_backbone_89_model_6.pdb	A18 B17	A18:6.00A;B17:4.14A;
backbone	/scratch/a2149a01/RAPCID_2610_output/backbone_filtered/backbone/RAPCID_backbone_rapcid_backbone_8_model_7.cif.gz	/scratch/a2149a01/RAPCID_2610_output/ligandmpnn_inputs/backbone/RAPCID_backbone_rapcid_backbone_8_model_7.pdb	A24 B22	A24:7.37A;B22:4.21A;
backbone	/scratch/a2149a01/RAPCID_2610_output/backbone_filtered/backbone/RAPCID_backbone_rapcid_backbone_90_model_2.cif.gz	/scratch/a2149a01/RAPCID_2610_output/ligandmpnn_inputs/backbone/RAPCID_backbone_rapcid_backbone_90_model_2.pdb	B18 A24	B18:5.00A;A24:7.48A;
backbone	/scratch/a2149a01/RAPCID_2610_output/backbone_filtered/backbone/RAPCID_backbone_rapcid_backbone_90_model_3.cif.gz	/scratch/a2149a01/RAPCID_2610_output/ligandmpnn_inputs/backbone/RAPCID_backbone_rapcid_backbone_90_model_3.pdb	B21 A24	B21:3.04A;A24:7.48A;
backbone	/scratch/a2149a01/RAPCID_2610_output/backbone_filtered/backbone/RAPCID_backbone_rapcid_backbone_91_model_5.cif.gz	/scratch/a2149a01/RAPCID_2610_output/ligandmpnn_inputs/backbone/RAPCID_backbone_rapcid_backbone_91_model_5.pdb	B26 A11	B26:9.11A;A11:7.45A;
backbone	/scratch/a2149a01/RAPCID_2610_output/backbone_filtered/backbone/RAPCID_backbone_rapcid_backbone_92_model_0.cif.gz	/scratch/a2149a01/RAPCID_2610_output/ligandmpnn_inputs/backbone/RAPCID_backbone_rapcid_backbone_92_model_0.pdb	A12 B7	A12:7.47A;B7:3.62A;
backbone	/scratch/a2149a01/RAPCID_2610_output/backbone_filtered/backbone/RAPCID_backbone_rapcid_backbone_92_model_7.cif.gz	/scratch/a2149a01/RAPCID_2610_output/ligandmpnn_inputs/backbone/RAPCID_backbone_rapcid_backbone_92_model_7.pdb	A12 B15	A12:7.47A;B15:11.90A;
backbone	/scratch/a2149a01/RAPCID_2610_output/backbone_filtered/backbone/RAPCID_backbone_rapcid_backbone_93_model_3.cif.gz	/scratch/a2149a01/RAPCID_2610_output/ligandmpnn_inputs/backbone/RAPCID_backbone_rapcid_backbone_93_model_3.pdb	A21 B11	A21:7.46A;B11:3.88A;
backbone	/scratch/a2149a01/RAPCID_2610_output/backbone_filtered/backbone/RAPCID_backbone_rapcid_backbone_93_model_4.cif.gz	/scratch/a2149a01/RAPCID_2610_output/ligandmpnn_inputs/backbone/RAPCID_backbone_rapcid_backbone_93_model_4.pdb	A21 B21	A21:7.46A;B21:19.27A;
backbone	/scratch/a2149a01/RAPCID_2610_output/backbone_filtered/backbone/RAPCID_backbone_rapcid_backbone_94_model_0.cif.gz	/scratch/a2149a01/RAPCID_2610_output/ligandmpnn_inputs/backbone/RAPCID_backbone_rapcid_backbone_94_model_0.pdb	A20 B12	A20:5.16A;B12:7.40A;
backbone	/scratch/a2149a01/RAPCID_2610_output/backbone_filtered/backbone/RAPCID_backbone_rapcid_backbone_96_model_3.cif.gz	/scratch/a2149a01/RAPCID_2610_output/ligandmpnn_inputs/backbone/RAPCID_backbone_rapcid_backbone_96_model_3.pdb	B17 A13	B17:3.83A;A13:7.46A;
backbone	/scratch/a2149a01/RAPCID_2610_output/backbone_filtered/backbone/RAPCID_backbone_rapcid_backbone_97_model_5.cif.gz	/scratch/a2149a01/RAPCID_2610_output/ligandmpnn_inputs/backbone/RAPCID_backbone_rapcid_backbone_97_model_5.pdb	A20 B19	A20:7.39A;B19:3.95A;
backbone	/scratch/a2149a01/RAPCID_2610_output/backbone_filtered/backbone/RAPCID_backbone_rapcid_backbone_99_model_0.cif.gz	/scratch/a2149a01/RAPCID_2610_output/ligandmpnn_inputs/backbone/RAPCID_backbone_rapcid_backbone_99_model_0.pdb	A15 B11	A15:7.46A;B11:3.30A;
backbone	/scratch/a2149a01/RAPCID_2610_output/backbone_filtered/backbone/RAPCID_backbone_rapcid_backbone_99_model_3.cif.gz	/scratch/a2149a01/RAPCID_2610_output/ligandmpnn_inputs/backbone/RAPCID_backbone_rapcid_backbone_99_model_3.pdb	A15 B21	A15:7.46A;B21:4.29A;
